solid JSCAD
facet normal -1 0 0
outer loop
vertex 0 0 0
vertex 0 0 3999.9700000000003
vertex 0 15000.050000000001 3999.9700000000003
endloop
endfacet
facet normal -1 0 0
outer loop
vertex 0 0 0
vertex 0 15000.050000000001 3999.9700000000003
vertex 0 15000.050000000001 0
endloop
endfacet
facet normal 1 0 0
outer loop
vertex 19999.98 0 0
vertex 19999.98 15000.050000000001 0
vertex 19999.98 15000.050000000001 3999.9700000000003
endloop
endfacet
facet normal 1 0 0
outer loop
vertex 19999.98 0 0
vertex 19999.98 15000.050000000001 3999.9700000000003
vertex 19999.98 0 3999.9700000000003
endloop
endfacet
facet normal 0 -1 0
outer loop
vertex 0 0 0
vertex 19999.98 0 0
vertex 19999.98 0 3999.9700000000003
endloop
endfacet
facet normal 0 -1 0
outer loop
vertex 0 0 0
vertex 19999.98 0 3999.9700000000003
vertex 0 0 3999.9700000000003
endloop
endfacet
facet normal 0 1 0
outer loop
vertex 0 15000.050000000001 0
vertex 0 15000.050000000001 3999.9700000000003
vertex 19999.98 15000.050000000001 3999.9700000000003
endloop
endfacet
facet normal 0 1 0
outer loop
vertex 0 15000.050000000001 0
vertex 19999.98 15000.050000000001 3999.9700000000003
vertex 19999.98 15000.050000000001 0
endloop
endfacet
facet normal 0 0 -1
outer loop
vertex 0 0 0
vertex 0 15000.050000000001 0
vertex 19999.98 15000.050000000001 0
endloop
endfacet
facet normal 0 0 -1
outer loop
vertex 0 0 0
vertex 19999.98 15000.050000000001 0
vertex 19999.98 0 0
endloop
endfacet
facet normal 0 0 1
outer loop
vertex 0 0 3999.9700000000003
vertex 19999.98 0 3999.9700000000003
vertex 19999.98 15000.050000000001 3999.9700000000003
endloop
endfacet
facet normal 0 0 1
outer loop
vertex 0 0 3999.9700000000003
vertex 19999.98 15000.050000000001 3999.9700000000003
vertex 0 15000.050000000001 3999.9700000000003
endloop
endfacet
facet normal 1 0 0
outer loop
vertex 2500.03 12411.1 488.8
vertex 2500.03 12900.03 199.94
vertex 2500.03 12900.03 599.95
endloop
endfacet
facet normal 1 0 0
outer loop
vertex 2500.03 12411.1 488.8
vertex 2500.03 12900.03 599.95
vertex 2500.03 12594.27 599.95
endloop
endfacet
facet normal 1 0 0
outer loop
vertex 2500.03 12411.1 488.8
vertex 2500.03 12594.27 599.95
vertex 2500.03 12500.02 599.95
endloop
endfacet
facet normal 1 0 0
outer loop
vertex 2500.03 12411.1 488.8
vertex 2500.03 12500.02 599.95
vertex 2500.03 12405.77 599.95
endloop
endfacet
facet normal 1 0 0
outer loop
vertex 2500.03 12411.1 488.8
vertex 2500.03 12405.77 599.95
vertex 2500.03 12100.140000000001 599.95
endloop
endfacet
facet normal 1 0 0
outer loop
vertex 2500.03 12411.1 488.8
vertex 2500.03 12100.140000000001 599.95
vertex 2500.03 12100.01 599.95
endloop
endfacet
facet normal 1 0 0
outer loop
vertex 2500.03 12411.1 488.8
vertex 2500.03 12100.01 599.95
vertex 2500.03 12100.01 400.01
endloop
endfacet
facet normal 1 0 0
outer loop
vertex 2500.03 12411.1 488.8
vertex 2500.03 12100.01 400.01
vertex 2500.03 12100.01 199.94
endloop
endfacet
facet normal 1 0 0
outer loop
vertex 2500.03 12411.1 488.8
vertex 2500.03 12100.01 199.94
vertex 2500.03 12900.03 199.94
endloop
endfacet
facet normal 0 -0.9999999999999999 0
outer loop
vertex 9999.99 12900.03 599.95
vertex 9999.99 12900.03 199.94
vertex 14499.94 12900.03 199.94
endloop
endfacet
facet normal 0 -0.9999999999999999 0
outer loop
vertex 9999.99 12900.03 599.95
vertex 14499.94 12900.03 199.94
vertex 14499.94 12900.03 599.95
endloop
endfacet
facet normal 0 -1 0
outer loop
vertex 5019.95 12900.03 400.01
vertex 2500.03 12900.03 599.95
vertex 2500.03 12900.03 199.94
endloop
endfacet
facet normal 0 -1 0
outer loop
vertex 5019.95 12900.03 400.01
vertex 2500.03 12900.03 199.94
vertex 6699.9400000000005 12900.03 199.94
endloop
endfacet
facet normal 0 -1 0
outer loop
vertex 5019.95 12900.03 400.01
vertex 6699.9400000000005 12900.03 199.94
vertex 6699.9400000000005 12900.03 400.01
endloop
endfacet
facet normal 0 -0.9999999999999999 0
outer loop
vertex 5019.95 12900.03 400.01
vertex 6699.9400000000005 12900.03 400.01
vertex 6699.9400000000005 12900.03 599.95
endloop
endfacet
facet normal 0 -1 0
outer loop
vertex 5019.95 12900.03 400.01
vertex 6699.9400000000005 12900.03 599.95
vertex 2500.03 12900.03 599.95
endloop
endfacet
facet normal 0 0 1
outer loop
vertex 10225.15 12665.25 199.94
vertex 9999.99 12900.03 199.94
vertex 9960.73 12898.08 199.94
endloop
endfacet
facet normal 0 0 1
outer loop
vertex 10225.15 12665.25 199.94
vertex 9960.73 12898.08 199.94
vertex 9921.99 12892.36 199.94
endloop
endfacet
facet normal 0 0 1
outer loop
vertex 10225.15 12665.25 199.94
vertex 9921.99 12892.36 199.94
vertex 9883.9 12882.74 199.94
endloop
endfacet
facet normal 0 0 1
outer loop
vertex 10225.15 12665.25 199.94
vertex 9883.9 12882.74 199.94
vertex 9846.98 12869.61 199.94
endloop
endfacet
facet normal 0 0 1
outer loop
vertex 10225.15 12665.25 199.94
vertex 9846.98 12869.61 199.94
vertex 9811.49 12852.710000000001 199.94
endloop
endfacet
facet normal 0 0 1
outer loop
vertex 10225.15 12665.25 199.94
vertex 9811.49 12852.710000000001 199.94
vertex 9777.82 12832.560000000001 199.94
endloop
endfacet
facet normal 0 0 0.9999999999999999
outer loop
vertex 10225.15 12665.25 199.94
vertex 9777.82 12832.560000000001 199.94
vertex 9746.23 12809.16 199.94
endloop
endfacet
facet normal 0 0 1
outer loop
vertex 10225.15 12665.25 199.94
vertex 9746.23 12809.16 199.94
vertex 9717.11 12782.9 199.94
endloop
endfacet
facet normal 0 0 1
outer loop
vertex 10225.15 12665.25 199.94
vertex 9717.11 12782.9 199.94
vertex 9690.85 12753.78 199.94
endloop
endfacet
facet normal 0 0 1
outer loop
vertex 10225.15 12665.25 199.94
vertex 9690.85 12753.78 199.94
vertex 9667.45 12722.19 199.94
endloop
endfacet
facet normal 0 0 1
outer loop
vertex 10225.15 12665.25 199.94
vertex 9667.45 12722.19 199.94
vertex 9647.17 12688.52 199.94
endloop
endfacet
facet normal 0 0 1
outer loop
vertex 10225.15 12665.25 199.94
vertex 9647.17 12688.52 199.94
vertex 9630.4 12653.03 199.94
endloop
endfacet
facet normal 0 0 1
outer loop
vertex 10225.15 12665.25 199.94
vertex 9630.4 12653.03 199.94
vertex 9617.27 12616.11 199.94
endloop
endfacet
facet normal 0 0 0.9999999999999999
outer loop
vertex 10225.15 12665.25 199.94
vertex 9617.27 12616.11 199.94
vertex 9607.65 12578.02 199.94
endloop
endfacet
facet normal 0 0 1
outer loop
vertex 10225.15 12665.25 199.94
vertex 9607.65 12578.02 199.94
vertex 9601.93 12539.15 199.94
endloop
endfacet
facet normal 0 0 1
outer loop
vertex 10225.15 12665.25 199.94
vertex 9601.93 12539.15 199.94
vertex 9599.98 12500.02 199.94
endloop
endfacet
facet normal 0 0 0.9999999999999999
outer loop
vertex 10225.15 12665.25 199.94
vertex 9599.98 12500.02 199.94
vertex 9599.98 12100.01 199.94
endloop
endfacet
facet normal 0 0 1
outer loop
vertex 10225.15 12665.25 199.94
vertex 9599.98 12100.01 199.94
vertex 10400 12100.01 199.94
endloop
endfacet
facet normal 0 0 1
outer loop
vertex 10225.15 12665.25 199.94
vertex 10400 12100.01 199.94
vertex 14499.94 12100.01 199.94
endloop
endfacet
facet normal 0 0 1
outer loop
vertex 10225.15 12665.25 199.94
vertex 14499.94 12100.01 199.94
vertex 14499.94 12900.03 199.94
endloop
endfacet
facet normal 0 0 1
outer loop
vertex 10225.15 12665.25 199.94
vertex 14499.94 12900.03 199.94
vertex 9999.99 12900.03 199.94
endloop
endfacet
facet normal 0 0 1
outer loop
vertex 2500.03 12900.03 199.94
vertex 2500.03 12100.01 199.94
vertex 6699.9400000000005 12100.01 199.94
endloop
endfacet
facet normal 0 0 1
outer loop
vertex 2500.03 12900.03 199.94
vertex 6699.9400000000005 12100.01 199.94
vertex 6699.9400000000005 12900.03 199.94
endloop
endfacet
facet normal 0 0 1
outer loop
vertex 9599.98 12100.01 199.94
vertex 9599.98 7499.96 199.94
vertex 10400 7499.96 199.94
endloop
endfacet
facet normal 0 0 1
outer loop
vertex 9599.98 12100.01 199.94
vertex 10400 7499.96 199.94
vertex 10400 12100.01 199.94
endloop
endfacet
facet normal 0 0 0.9999999999999999
outer loop
vertex 7099.95 11700 199.94
vertex 7099.95 7499.96 199.94
vertex 7899.97 7499.96 199.94
endloop
endfacet
facet normal 0 0 0.9999999999999999
outer loop
vertex 7099.95 11700 199.94
vertex 7899.97 7499.96 199.94
vertex 7899.97 11700 199.94
endloop
endfacet
facet normal -0.12329447060938915 -0.9923701292950886 0
outer loop
vertex 6870.24 12887.810000000001 400.01
vertex 6870.24 12887.810000000001 800.02
vertex 6827.34 12893.140000000001 800.02
endloop
endfacet
facet normal -0.12329447060938915 -0.9923701292950886 0
outer loop
vertex 6870.24 12887.810000000001 400.01
vertex 6827.34 12893.140000000001 800.02
vertex 6827.34 12893.140000000001 400.01
endloop
endfacet
facet normal 0 0 0.9999999999999999
outer loop
vertex 6703.1900000000005 12631.970000000001 400.01
vertex 6746.4800000000005 12631.970000000001 400.01
vertex 6752.9800000000005 12898.86 400.01
endloop
endfacet
facet normal 0 0 1
outer loop
vertex 6703.1900000000005 12631.970000000001 400.01
vertex 6752.9800000000005 12898.86 400.01
vertex 6709.820000000001 12899.9 400.01
endloop
endfacet
facet normal 0 0 1
outer loop
vertex 6699.9400000000005 12631.970000000001 400.01
vertex 6703.1900000000005 12631.970000000001 400.01
vertex 6699.9400000000005 12633.27 400.01
endloop
endfacet
facet normal 0 0 0.9999999999999999
outer loop
vertex 6719.18 12630.93 400.01
vertex 6703.1900000000005 12631.970000000001 400.01
vertex 6699.9400000000005 12631.970000000001 400.01
endloop
endfacet
facet normal 0 0 0.9999999999999999
outer loop
vertex 6719.18 12630.93 400.01
vertex 6699.9400000000005 12631.970000000001 400.01
vertex 6699.9400000000005 12629.37 400.01
endloop
endfacet
facet normal 0 0 1
outer loop
vertex 6719.18 12630.93 400.01
vertex 6699.9400000000005 12629.37 400.01
vertex 6746.35 12629.37 400.01
endloop
endfacet
facet normal 0 0 0.9999999999999999
outer loop
vertex 6719.18 12630.93 400.01
vertex 6746.35 12629.37 400.01
vertex 6746.4800000000005 12631.970000000001 400.01
endloop
endfacet
facet normal 0 0 1
outer loop
vertex 6719.18 12630.93 400.01
vertex 6746.4800000000005 12631.970000000001 400.01
vertex 6703.1900000000005 12631.970000000001 400.01
endloop
endfacet
facet normal 0 0 1
outer loop
vertex 6748.820000000001 12628.460000000001 400.01
vertex 6792.110000000001 12628.460000000001 400.01
vertex 6811.74 12894.83 400.01
endloop
endfacet
facet normal 0 0 1
outer loop
vertex 6748.820000000001 12628.460000000001 400.01
vertex 6811.74 12894.83 400.01
vertex 6768.71 12897.95 400.01
endloop
endfacet
facet normal 0 0 1
outer loop
vertex 6699.9400000000005 12629.37 400.01
vertex 6699.9400000000005 12628.460000000001 400.01
vertex 6748.820000000001 12628.460000000001 400.01
endloop
endfacet
facet normal 0 0 1
outer loop
vertex 6699.9400000000005 12629.37 400.01
vertex 6748.820000000001 12628.460000000001 400.01
vertex 6746.35 12629.37 400.01
endloop
endfacet
facet normal 0 0 1
outer loop
vertex 6746.4800000000005 12626.640000000001 400.01
vertex 6748.820000000001 12628.460000000001 400.01
vertex 6699.9400000000005 12628.460000000001 400.01
endloop
endfacet
facet normal 0 0 0.9999999999999999
outer loop
vertex 6746.4800000000005 12626.640000000001 400.01
vertex 6699.9400000000005 12628.460000000001 400.01
vertex 6699.9400000000005 12623.91 400.01
endloop
endfacet
facet normal 0 0 0.9999999999999999
outer loop
vertex 6746.4800000000005 12626.640000000001 400.01
vertex 6699.9400000000005 12623.91 400.01
vertex 6791.72 12623.91 400.01
endloop
endfacet
facet normal 0 0 1
outer loop
vertex 6746.4800000000005 12626.640000000001 400.01
vertex 6791.72 12623.91 400.01
vertex 6792.110000000001 12628.460000000001 400.01
endloop
endfacet
facet normal 0 0 1
outer loop
vertex 6746.4800000000005 12626.640000000001 400.01
vertex 6792.110000000001 12628.460000000001 400.01
vertex 6748.820000000001 12628.460000000001 400.01
endloop
endfacet
facet normal 0 0 1
outer loop
vertex 6794.06 12623 400.01
vertex 6837.610000000001 12623 400.01
vertex 6870.24 12887.810000000001 400.01
endloop
endfacet
facet normal 0 0 1
outer loop
vertex 6794.06 12623 400.01
vertex 6870.24 12887.810000000001 400.01
vertex 6827.34 12893.140000000001 400.01
endloop
endfacet
facet normal 0 0 1
outer loop
vertex 6699.9400000000005 12623.91 400.01
vertex 6699.9400000000005 12623 400.01
vertex 6794.06 12623 400.01
endloop
endfacet
facet normal 0 0 1
outer loop
vertex 6699.9400000000005 12623.91 400.01
vertex 6794.06 12623 400.01
vertex 6791.72 12623.91 400.01
endloop
endfacet
facet normal 0 0 1
outer loop
vertex 6773.650000000001 12620.4 400.01
vertex 6794.06 12623 400.01
vertex 6699.9400000000005 12623 400.01
endloop
endfacet
facet normal 0 0 1
outer loop
vertex 6773.650000000001 12620.4 400.01
vertex 6699.9400000000005 12623 400.01
vertex 6699.9400000000005 12616.630000000001 400.01
endloop
endfacet
facet normal 0 0 1
outer loop
vertex 6773.650000000001 12620.4 400.01
vertex 6699.9400000000005 12616.630000000001 400.01
vertex 6836.83 12616.630000000001 400.01
endloop
endfacet
facet normal 0 0 1
outer loop
vertex 6773.650000000001 12620.4 400.01
vertex 6836.83 12616.630000000001 400.01
vertex 6837.610000000001 12623 400.01
endloop
endfacet
facet normal 0 0 1
outer loop
vertex 6773.650000000001 12620.4 400.01
vertex 6837.610000000001 12623 400.01
vertex 6794.06 12623 400.01
endloop
endfacet
facet normal 0 0 1
outer loop
vertex 6838.91 12615.720000000001 400.01
vertex 6882.85 12615.720000000001 400.01
vertex 6928.35 12878.060000000001 400.01
endloop
endfacet
facet normal 0 0 1
outer loop
vertex 6838.91 12615.720000000001 400.01
vertex 6928.35 12878.060000000001 400.01
vertex 6885.71 12885.470000000001 400.01
endloop
endfacet
facet normal 0 0 0.9999999999999999
outer loop
vertex 6699.9400000000005 12616.630000000001 400.01
vertex 6699.9400000000005 12615.720000000001 400.01
vertex 6838.91 12615.720000000001 400.01
endloop
endfacet
facet normal 0 0 1
outer loop
vertex 6699.9400000000005 12616.630000000001 400.01
vertex 6838.91 12615.720000000001 400.01
vertex 6836.83 12616.630000000001 400.01
endloop
endfacet
facet normal 0 0 1
outer loop
vertex 6800.56 12612.470000000001 400.01
vertex 6838.91 12615.720000000001 400.01
vertex 6699.9400000000005 12615.720000000001 400.01
endloop
endfacet
facet normal 0 0 1
outer loop
vertex 6800.56 12612.470000000001 400.01
vertex 6699.9400000000005 12615.720000000001 400.01
vertex 6699.9400000000005 12607.53 400.01
endloop
endfacet
facet normal 0 0 1
outer loop
vertex 6800.56 12612.470000000001 400.01
vertex 6699.9400000000005 12607.53 400.01
vertex 6881.42 12607.53 400.01
endloop
endfacet
facet normal 0 0 1
outer loop
vertex 6800.56 12612.470000000001 400.01
vertex 6881.42 12607.53 400.01
vertex 6882.85 12615.720000000001 400.01
endloop
endfacet
facet normal 0 0 1
outer loop
vertex 6800.56 12612.470000000001 400.01
vertex 6882.85 12615.720000000001 400.01
vertex 6838.91 12615.720000000001 400.01
endloop
endfacet
facet normal 0 0 1
outer loop
vertex 6883.5 12606.62 400.01
vertex 6927.7 12606.62 400.01
vertex 6985.81 12865.45 400.01
endloop
endfacet
facet normal 0 0 1
outer loop
vertex 6883.5 12606.62 400.01
vertex 6985.81 12865.45 400.01
vertex 6943.6900000000005 12874.94 400.01
endloop
endfacet
facet normal 0 0 1
outer loop
vertex 6699.9400000000005 12607.53 400.01
vertex 6699.9400000000005 12606.62 400.01
vertex 6883.5 12606.62 400.01
endloop
endfacet
facet normal 0 0 1
outer loop
vertex 6699.9400000000005 12607.53 400.01
vertex 6883.5 12606.62 400.01
vertex 6881.42 12607.53 400.01
endloop
endfacet
facet normal 0 0 1
outer loop
vertex 6927.83 12597.130000000001 400.01
vertex 6972.68 12597.130000000001 400.01
vertex 7042.75 12849.98 400.01
endloop
endfacet
facet normal 0 0 1
outer loop
vertex 6927.83 12597.130000000001 400.01
vertex 7042.75 12849.98 400.01
vertex 7001.02 12861.550000000001 400.01
endloop
endfacet
facet normal 0 0 1
outer loop
vertex 6827.34 12602.59 400.01
vertex 6883.5 12606.62 400.01
vertex 6699.9400000000005 12606.62 400.01
endloop
endfacet
facet normal 0 0 1
outer loop
vertex 6827.34 12602.59 400.01
vertex 6699.9400000000005 12606.62 400.01
vertex 6699.9400000000005 12596.48 400.01
endloop
endfacet
facet normal 0 0 0.9999999999999999
outer loop
vertex 6827.34 12602.59 400.01
vertex 6699.9400000000005 12596.48 400.01
vertex 6925.490000000001 12596.48 400.01
endloop
endfacet
facet normal 0 0 0.9999999999999999
outer loop
vertex 6827.34 12602.59 400.01
vertex 6925.490000000001 12596.48 400.01
vertex 6927.7 12606.62 400.01
endloop
endfacet
facet normal 0 0 1
outer loop
vertex 6827.34 12602.59 400.01
vertex 6927.7 12606.62 400.01
vertex 6883.5 12606.62 400.01
endloop
endfacet
facet normal 0 0 1
outer loop
vertex 6927.83 12597.130000000001 400.01
vertex 6926.01 12596.220000000001 400.01
vertex 6972.42 12596.220000000001 400.01
endloop
endfacet
facet normal 0 0 1
outer loop
vertex 6927.83 12597.130000000001 400.01
vertex 6972.42 12596.220000000001 400.01
vertex 6972.68 12597.130000000001 400.01
endloop
endfacet
facet normal 0 0 0.9999999999999999
outer loop
vertex 6699.9400000000005 12596.48 400.01
vertex 6699.9400000000005 12596.220000000001 400.01
vertex 6926.01 12596.220000000001 400.01
endloop
endfacet
facet normal 0 0 1
outer loop
vertex 6699.9400000000005 12596.48 400.01
vertex 6926.01 12596.220000000001 400.01
vertex 6925.490000000001 12596.48 400.01
endloop
endfacet
facet normal 0 0 1
outer loop
vertex 6853.6 12592.32 400.01
vertex 6926.01 12596.220000000001 400.01
vertex 6699.9400000000005 12596.220000000001 400.01
endloop
endfacet
facet normal 0 0 1
outer loop
vertex 6853.6 12592.32 400.01
vertex 6699.9400000000005 12596.220000000001 400.01
vertex 6699.9400000000005 12586.470000000001 400.01
endloop
endfacet
facet normal 0 0 1
outer loop
vertex 6853.6 12592.32 400.01
vertex 6699.9400000000005 12586.470000000001 400.01
vertex 6969.820000000001 12586.470000000001 400.01
endloop
endfacet
facet normal 0 0 1
outer loop
vertex 6853.6 12592.32 400.01
vertex 6969.820000000001 12586.470000000001 400.01
vertex 6972.42 12596.220000000001 400.01
endloop
endfacet
facet normal 0 0 1
outer loop
vertex 6853.6 12592.32 400.01
vertex 6972.42 12596.220000000001 400.01
vertex 6926.01 12596.220000000001 400.01
endloop
endfacet
facet normal 0 0 1
outer loop
vertex 6971.900000000001 12585.560000000001 400.01
vertex 7017.400000000001 12585.560000000001 400.01
vertex 7098.650000000001 12831.78 400.01
endloop
endfacet
facet normal 0 0 1
outer loop
vertex 6971.900000000001 12585.560000000001 400.01
vertex 7098.650000000001 12831.78 400.01
vertex 7057.7 12845.300000000001 400.01
endloop
endfacet
facet normal 0 0 0.9999999999999999
outer loop
vertex 6699.9400000000005 12586.470000000001 400.01
vertex 6699.9400000000005 12585.560000000001 400.01
vertex 6971.900000000001 12585.560000000001 400.01
endloop
endfacet
facet normal 0 0 1
outer loop
vertex 6699.9400000000005 12586.470000000001 400.01
vertex 6971.900000000001 12585.560000000001 400.01
vertex 6969.820000000001 12586.470000000001 400.01
endloop
endfacet
facet normal 0 0 1
outer loop
vertex 6880.25 12579.32 400.01
vertex 6971.900000000001 12585.560000000001 400.01
vertex 6699.9400000000005 12585.560000000001 400.01
endloop
endfacet
facet normal 0 0 0.9999999999999999
outer loop
vertex 6880.25 12579.32 400.01
vertex 6699.9400000000005 12585.560000000001 400.01
vertex 6699.9400000000005 12569.960000000001 400.01
endloop
endfacet
facet normal 0 0 1
outer loop
vertex 6880.25 12579.32 400.01
vertex 6699.9400000000005 12569.960000000001 400.01
vertex 7012.2 12569.960000000001 400.01
endloop
endfacet
facet normal 0 0 1
outer loop
vertex 6880.25 12579.32 400.01
vertex 7012.2 12569.960000000001 400.01
vertex 7017.400000000001 12585.560000000001 400.01
endloop
endfacet
facet normal 0 0 1
outer loop
vertex 6880.25 12579.32 400.01
vertex 7017.400000000001 12585.560000000001 400.01
vertex 6971.900000000001 12585.560000000001 400.01
endloop
endfacet
facet normal 0 0 1
outer loop
vertex 7014.150000000001 12569.050000000001 400.01
vertex 7060.56 12569.050000000001 400.01
vertex 7153.77 12810.85 400.01
endloop
endfacet
facet normal 0 0 1
outer loop
vertex 7014.150000000001 12569.050000000001 400.01
vertex 7153.77 12810.85 400.01
vertex 7113.47 12826.45 400.01
endloop
endfacet
facet normal 0 0 1
outer loop
vertex 6699.9400000000005 12569.960000000001 400.01
vertex 6699.9400000000005 12569.050000000001 400.01
vertex 7014.150000000001 12569.050000000001 400.01
endloop
endfacet
facet normal 0 0 1
outer loop
vertex 6699.9400000000005 12569.960000000001 400.01
vertex 7014.150000000001 12569.050000000001 400.01
vertex 7012.2 12569.960000000001 400.01
endloop
endfacet
facet normal 0 0 1
outer loop
vertex 6905.7300000000005 12562.42 400.01
vertex 7014.150000000001 12569.050000000001 400.01
vertex 6699.9400000000005 12569.050000000001 400.01
endloop
endfacet
facet normal 0 0 1
outer loop
vertex 6905.7300000000005 12562.42 400.01
vertex 6699.9400000000005 12569.050000000001 400.01
vertex 6699.9400000000005 12552.54 400.01
endloop
endfacet
facet normal 0 0 1
outer loop
vertex 6905.7300000000005 12562.42 400.01
vertex 6699.9400000000005 12552.54 400.01
vertex 7054.06 12552.54 400.01
endloop
endfacet
facet normal 0 0 0.9999999999999999
outer loop
vertex 6905.7300000000005 12562.42 400.01
vertex 7054.06 12552.54 400.01
vertex 7060.56 12569.050000000001 400.01
endloop
endfacet
facet normal 0 0 1
outer loop
vertex 6905.7300000000005 12562.42 400.01
vertex 7060.56 12569.050000000001 400.01
vertex 7014.150000000001 12569.050000000001 400.01
endloop
endfacet
facet normal 0 0 1
outer loop
vertex 7056.14 12551.76 400.01
vertex 7103.33 12551.76 400.01
vertex 7207.72 12787.32 400.01
endloop
endfacet
facet normal 0 0 0.9999999999999999
outer loop
vertex 7056.14 12551.76 400.01
vertex 7207.72 12787.32 400.01
vertex 7168.2 12804.74 400.01
endloop
endfacet
facet normal 0 0 1
outer loop
vertex 6699.9400000000005 12552.54 400.01
vertex 6699.9400000000005 12551.76 400.01
vertex 7056.14 12551.76 400.01
endloop
endfacet
facet normal 0 0 1
outer loop
vertex 6699.9400000000005 12552.54 400.01
vertex 7056.14 12551.76 400.01
vertex 7054.06 12552.54 400.01
endloop
endfacet
facet normal 0 0 1
outer loop
vertex 6931.08 12545.130000000001 400.01
vertex 7056.14 12551.76 400.01
vertex 6699.9400000000005 12551.76 400.01
endloop
endfacet
facet normal 0 0 1
outer loop
vertex 6931.08 12545.130000000001 400.01
vertex 6699.9400000000005 12551.76 400.01
vertex 6699.9400000000005 12535.25 400.01
endloop
endfacet
facet normal 0 0 1
outer loop
vertex 6931.08 12545.130000000001 400.01
vertex 6699.9400000000005 12535.25 400.01
vertex 7096.05 12535.25 400.01
endloop
endfacet
facet normal 0 0 1
outer loop
vertex 6931.08 12545.130000000001 400.01
vertex 7096.05 12535.25 400.01
vertex 7103.33 12551.76 400.01
endloop
endfacet
facet normal 0 0 1
outer loop
vertex 6931.08 12545.130000000001 400.01
vertex 7103.33 12551.76 400.01
vertex 7056.14 12551.76 400.01
endloop
endfacet
facet normal 0 0 1
outer loop
vertex 7098 12534.34 400.01
vertex 7146.360000000001 12534.34 400.01
vertex 7260.5 12761.060000000001 400.01
endloop
endfacet
facet normal 0 0 0.9999999999999999
outer loop
vertex 7098 12534.34 400.01
vertex 7260.5 12761.060000000001 400.01
vertex 7221.89 12780.43 400.01
endloop
endfacet
facet normal 0 0 1
outer loop
vertex 6699.9400000000005 12535.25 400.01
vertex 6699.9400000000005 12534.34 400.01
vertex 7098 12534.34 400.01
endloop
endfacet
facet normal 0 0 1
outer loop
vertex 6699.9400000000005 12535.25 400.01
vertex 7098 12534.34 400.01
vertex 7096.05 12535.25 400.01
endloop
endfacet
facet normal 0 0 1
outer loop
vertex 6956.3 12526.93 400.01
vertex 7098 12534.34 400.01
vertex 6699.9400000000005 12534.34 400.01
endloop
endfacet
facet normal 0 0 1
outer loop
vertex 6956.3 12526.93 400.01
vertex 6699.9400000000005 12534.34 400.01
vertex 6699.9400000000005 12515.75 400.01
endloop
endfacet
facet normal 0 0 0.9999999999999999
outer loop
vertex 6956.3 12526.93 400.01
vertex 6699.9400000000005 12515.75 400.01
vertex 7137 12515.75 400.01
endloop
endfacet
facet normal 0 0 1
outer loop
vertex 6956.3 12526.93 400.01
vertex 7137 12515.75 400.01
vertex 7146.360000000001 12534.34 400.01
endloop
endfacet
facet normal 0 0 0.9999999999999999
outer loop
vertex 6956.3 12526.93 400.01
vertex 7146.360000000001 12534.34 400.01
vertex 7098 12534.34 400.01
endloop
endfacet
facet normal 0 0 1
outer loop
vertex 6699.9400000000005 12515.75 400.01
vertex 6699.9400000000005 12513.67 400.01
vertex 7137.91 12513.67 400.01
endloop
endfacet
facet normal 0 0 1
outer loop
vertex 6699.9400000000005 12515.75 400.01
vertex 7137.91 12513.67 400.01
vertex 7137 12515.75 400.01
endloop
endfacet
facet normal 0 0 1
outer loop
vertex 7138.3 12513.54 400.01
vertex 7187.96 12513.54 400.01
vertex 7311.85 12732.33 400.01
endloop
endfacet
facet normal 0 0 1
outer loop
vertex 7138.3 12513.54 400.01
vertex 7311.85 12732.33 400.01
vertex 7274.280000000001 12753.52 400.01
endloop
endfacet
facet normal 0 0 0.9999999999999999
outer loop
vertex 6699.9400000000005 12513.67 400.01
vertex 6699.9400000000005 12513.54 400.01
vertex 7138.3 12513.54 400.01
endloop
endfacet
facet normal 0 0 0.9999999999999999
outer loop
vertex 6699.9400000000005 12513.67 400.01
vertex 7138.3 12513.54 400.01
vertex 7137.91 12513.67 400.01
endloop
endfacet
facet normal 0 0 1
outer loop
vertex 6980.4800000000005 12505.220000000001 400.01
vertex 7138.3 12513.54 400.01
vertex 6699.9400000000005 12513.54 400.01
endloop
endfacet
facet normal 0 0 1
outer loop
vertex 6980.4800000000005 12505.220000000001 400.01
vertex 6699.9400000000005 12513.54 400.01
vertex 6699.9400000000005 12492.61 400.01
endloop
endfacet
facet normal 0 0 1
outer loop
vertex 6980.4800000000005 12505.220000000001 400.01
vertex 6699.9400000000005 12492.61 400.01
vertex 7176.13 12492.61 400.01
endloop
endfacet
facet normal 0 0 1
outer loop
vertex 6980.4800000000005 12505.220000000001 400.01
vertex 7176.13 12492.61 400.01
vertex 7187.96 12513.54 400.01
endloop
endfacet
facet normal 0 0 1
outer loop
vertex 6980.4800000000005 12505.220000000001 400.01
vertex 7187.96 12513.54 400.01
vertex 7138.3 12513.54 400.01
endloop
endfacet
facet normal 0 0 1
outer loop
vertex 7178.21 12491.83 400.01
vertex 7229.3 12491.83 400.01
vertex 7361.77 12701 400.01
endloop
endfacet
facet normal 0 0 1
outer loop
vertex 7178.21 12491.83 400.01
vertex 7361.77 12701 400.01
vertex 7325.240000000001 12724.140000000001 400.01
endloop
endfacet
facet normal 0 0 1
outer loop
vertex 6699.9400000000005 12492.61 400.01
vertex 6699.9400000000005 12491.83 400.01
vertex 7178.21 12491.83 400.01
endloop
endfacet
facet normal 0 0 1
outer loop
vertex 6699.9400000000005 12492.61 400.01
vertex 7178.21 12491.83 400.01
vertex 7176.13 12492.61 400.01
endloop
endfacet
facet normal 0 0 1
outer loop
vertex 7004.530000000001 12482.86 400.01
vertex 7178.21 12491.83 400.01
vertex 6699.9400000000005 12491.83 400.01
endloop
endfacet
facet normal 0 0 1
outer loop
vertex 7004.530000000001 12482.86 400.01
vertex 6699.9400000000005 12491.83 400.01
vertex 6699.9400000000005 12469.34 400.01
endloop
endfacet
facet normal 0 0 1
outer loop
vertex 7004.530000000001 12482.86 400.01
vertex 6699.9400000000005 12469.34 400.01
vertex 7215 12469.34 400.01
endloop
endfacet
facet normal 0 0 1
outer loop
vertex 7004.530000000001 12482.86 400.01
vertex 7215 12469.34 400.01
vertex 7229.3 12491.83 400.01
endloop
endfacet
facet normal 0 0 0.9999999999999999
outer loop
vertex 7004.530000000001 12482.86 400.01
vertex 7229.3 12491.83 400.01
vertex 7178.21 12491.83 400.01
endloop
endfacet
facet normal 0 0 0.9999999999999999
outer loop
vertex 7217.21 12468.43 400.01
vertex 7269.990000000001 12468.43 400.01
vertex 7410.13 12667.33 400.01
endloop
endfacet
facet normal 0 0 1
outer loop
vertex 7217.21 12468.43 400.01
vertex 7410.13 12667.33 400.01
vertex 7374.77 12692.16 400.01
endloop
endfacet
facet normal 0 0 1
outer loop
vertex 6699.9400000000005 12469.34 400.01
vertex 6699.9400000000005 12468.43 400.01
vertex 7217.21 12468.43 400.01
endloop
endfacet
facet normal 0 0 1
outer loop
vertex 6699.9400000000005 12469.34 400.01
vertex 7217.21 12468.43 400.01
vertex 7215 12469.34 400.01
endloop
endfacet
facet normal 0 0 1
outer loop
vertex 7028.06 12458.810000000001 400.01
vertex 7217.21 12468.43 400.01
vertex 6699.9400000000005 12468.43 400.01
endloop
endfacet
facet normal 0 0 1
outer loop
vertex 7028.06 12458.810000000001 400.01
vertex 6699.9400000000005 12468.43 400.01
vertex 6699.9400000000005 12444.25 400.01
endloop
endfacet
facet normal 0 0 1
outer loop
vertex 7028.06 12458.810000000001 400.01
vertex 6699.9400000000005 12444.25 400.01
vertex 7252.96 12444.25 400.01
endloop
endfacet
facet normal 0 0 1
outer loop
vertex 7028.06 12458.810000000001 400.01
vertex 7252.96 12444.25 400.01
vertex 7269.990000000001 12468.43 400.01
endloop
endfacet
facet normal 0 0 0.9999999999999999
outer loop
vertex 7028.06 12458.810000000001 400.01
vertex 7269.990000000001 12468.43 400.01
vertex 7217.21 12468.43 400.01
endloop
endfacet
facet normal 0 0 0.9999999999999999
outer loop
vertex 7255.17 12443.34 400.01
vertex 7310.030000000001 12443.34 400.01
vertex 7456.67 12631.32 400.01
endloop
endfacet
facet normal 0 0 1
outer loop
vertex 7255.17 12443.34 400.01
vertex 7456.67 12631.32 400.01
vertex 7422.610000000001 12657.84 400.01
endloop
endfacet
facet normal 0 0 1
outer loop
vertex 6699.9400000000005 12444.25 400.01
vertex 6699.9400000000005 12443.34 400.01
vertex 7255.17 12443.34 400.01
endloop
endfacet
facet normal 0 0 0.9999999999999999
outer loop
vertex 6699.9400000000005 12444.25 400.01
vertex 7255.17 12443.34 400.01
vertex 7252.96 12444.25 400.01
endloop
endfacet
facet normal 0 0 1
outer loop
vertex 7050.9400000000005 12433.07 400.01
vertex 7255.17 12443.34 400.01
vertex 6699.9400000000005 12443.34 400.01
endloop
endfacet
facet normal 0 0 1
outer loop
vertex 7050.9400000000005 12433.07 400.01
vertex 6699.9400000000005 12443.34 400.01
vertex 6699.9400000000005 12417.6 400.01
endloop
endfacet
facet normal 0 0 1
outer loop
vertex 7050.9400000000005 12433.07 400.01
vertex 6699.9400000000005 12417.6 400.01
vertex 7289.88 12417.6 400.01
endloop
endfacet
facet normal 0 0 1
outer loop
vertex 7050.9400000000005 12433.07 400.01
vertex 7289.88 12417.6 400.01
vertex 7310.030000000001 12443.34 400.01
endloop
endfacet
facet normal 0 0 1
outer loop
vertex 7050.9400000000005 12433.07 400.01
vertex 7310.030000000001 12443.34 400.01
vertex 7255.17 12443.34 400.01
endloop
endfacet
facet normal 0 0 0.9999999999999999
outer loop
vertex 7292.22 12416.69 400.01
vertex 7349.29 12416.69 400.01
vertex 7501.52 12593.1 400.01
endloop
endfacet
facet normal 0 0 1
outer loop
vertex 7292.22 12416.69 400.01
vertex 7501.52 12593.1 400.01
vertex 7468.76 12621.310000000001 400.01
endloop
endfacet
facet normal 0 0 1
outer loop
vertex 6699.9400000000005 12417.6 400.01
vertex 6699.9400000000005 12416.69 400.01
vertex 7292.22 12416.69 400.01
endloop
endfacet
facet normal 0 0 1
outer loop
vertex 6699.9400000000005 12417.6 400.01
vertex 7292.22 12416.69 400.01
vertex 7289.88 12417.6 400.01
endloop
endfacet
facet normal 0 0 1
outer loop
vertex 7073.43 12405.77 400.01
vertex 7292.22 12416.69 400.01
vertex 6699.9400000000005 12416.69 400.01
endloop
endfacet
facet normal 0 0 1
outer loop
vertex 7073.43 12405.77 400.01
vertex 6699.9400000000005 12416.69 400.01
vertex 6699.9400000000005 12389.390000000001 400.01
endloop
endfacet
facet normal 0 0 1
outer loop
vertex 7073.43 12405.77 400.01
vertex 6699.9400000000005 12389.390000000001 400.01
vertex 7325.76 12389.390000000001 400.01
endloop
endfacet
facet normal 0 0 1
outer loop
vertex 7073.43 12405.77 400.01
vertex 7325.76 12389.390000000001 400.01
vertex 7349.29 12416.69 400.01
endloop
endfacet
facet normal 0 0 1
outer loop
vertex 7073.43 12405.77 400.01
vertex 7349.29 12416.69 400.01
vertex 7292.22 12416.69 400.01
endloop
endfacet
facet normal 0 0 1
outer loop
vertex 7328.2300000000005 12388.35 400.01
vertex 7387.900000000001 12388.35 400.01
vertex 7544.29 12552.67 400.01
endloop
endfacet
facet normal 0 0 0.9999999999999999
outer loop
vertex 7328.2300000000005 12388.35 400.01
vertex 7544.29 12552.67 400.01
vertex 7513.09 12582.44 400.01
endloop
endfacet
facet normal 0 0 1
outer loop
vertex 6699.9400000000005 12389.390000000001 400.01
vertex 6699.9400000000005 12388.35 400.01
vertex 7328.2300000000005 12388.35 400.01
endloop
endfacet
facet normal 0 0 1
outer loop
vertex 6699.9400000000005 12389.390000000001 400.01
vertex 7328.2300000000005 12388.35 400.01
vertex 7325.76 12389.390000000001 400.01
endloop
endfacet
facet normal 0 0 1
outer loop
vertex 7095.27 12376.78 400.01
vertex 7328.2300000000005 12388.35 400.01
vertex 6699.9400000000005 12388.35 400.01
endloop
endfacet
facet normal 0 0 0.9999999999999999
outer loop
vertex 7095.27 12376.78 400.01
vertex 6699.9400000000005 12388.35 400.01
vertex 6699.9400000000005 12359.36 400.01
endloop
endfacet
facet normal 0 0 0.9999999999999999
outer loop
vertex 7095.27 12376.78 400.01
vertex 6699.9400000000005 12359.36 400.01
vertex 7360.21 12359.36 400.01
endloop
endfacet
facet normal 0 0 0.9999999999999999
outer loop
vertex 7095.27 12376.78 400.01
vertex 7360.21 12359.36 400.01
vertex 7387.900000000001 12388.35 400.01
endloop
endfacet
facet normal 0 0 1
outer loop
vertex 7095.27 12376.78 400.01
vertex 7387.900000000001 12388.35 400.01
vertex 7328.2300000000005 12388.35 400.01
endloop
endfacet
facet normal 0 0 1
outer loop
vertex 7361.25 12356.76 400.01
vertex 7423.91 12356.76 400.01
vertex 7585.110000000001 12510.16 400.01
endloop
endfacet
facet normal 0 0 1
outer loop
vertex 7361.25 12356.76 400.01
vertex 7585.110000000001 12510.16 400.01
vertex 7555.34 12541.49 400.01
endloop
endfacet
facet normal 0 0 1
outer loop
vertex 6699.9400000000005 12359.36 400.01
vertex 6699.9400000000005 12356.76 400.01
vertex 7361.25 12356.76 400.01
endloop
endfacet
facet normal 0 0 1
outer loop
vertex 6699.9400000000005 12359.36 400.01
vertex 7361.25 12356.76 400.01
vertex 7360.21 12359.36 400.01
endloop
endfacet
facet normal 0 0 1
outer loop
vertex 7115.030000000001 12343.76 400.01
vertex 7361.25 12356.76 400.01
vertex 6699.9400000000005 12356.76 400.01
endloop
endfacet
facet normal 0 0 1
outer loop
vertex 7115.030000000001 12343.76 400.01
vertex 6699.9400000000005 12356.76 400.01
vertex 6699.9400000000005 12324.390000000001 400.01
endloop
endfacet
facet normal 0 0 1
outer loop
vertex 7115.030000000001 12343.76 400.01
vertex 6699.9400000000005 12324.390000000001 400.01
vertex 7389.9800000000005 12324.390000000001 400.01
endloop
endfacet
facet normal 0 0 1
outer loop
vertex 7115.030000000001 12343.76 400.01
vertex 7389.9800000000005 12324.390000000001 400.01
vertex 7423.91 12356.76 400.01
endloop
endfacet
facet normal 0 0 0.9999999999999999
outer loop
vertex 7115.030000000001 12343.76 400.01
vertex 7423.91 12356.76 400.01
vertex 7361.25 12356.76 400.01
endloop
endfacet
facet normal 0 0 1
outer loop
vertex 7391.02 12321.92 400.01
vertex 7457.06 12321.92 400.01
vertex 7623.85 12465.83 400.01
endloop
endfacet
facet normal 0 0 1
outer loop
vertex 7391.02 12321.92 400.01
vertex 7623.85 12465.83 400.01
vertex 7595.64 12498.460000000001 400.01
endloop
endfacet
facet normal 0 0 1
outer loop
vertex 6699.9400000000005 12324.390000000001 400.01
vertex 6699.9400000000005 12321.92 400.01
vertex 7391.02 12321.92 400.01
endloop
endfacet
facet normal 0 0 1
outer loop
vertex 6699.9400000000005 12324.390000000001 400.01
vertex 7391.02 12321.92 400.01
vertex 7389.9800000000005 12324.390000000001 400.01
endloop
endfacet
facet normal 0 0 1
outer loop
vertex 7133.2300000000005 12308.53 400.01
vertex 7391.02 12321.92 400.01
vertex 6699.9400000000005 12321.92 400.01
endloop
endfacet
facet normal 0 0 1
outer loop
vertex 7133.2300000000005 12308.53 400.01
vertex 6699.9400000000005 12321.92 400.01
vertex 6699.9400000000005 12288.380000000001 400.01
endloop
endfacet
facet normal 0 0 1
outer loop
vertex 7133.2300000000005 12308.53 400.01
vertex 6699.9400000000005 12288.380000000001 400.01
vertex 7418.1900000000005 12288.380000000001 400.01
endloop
endfacet
facet normal 0 0 1
outer loop
vertex 7133.2300000000005 12308.53 400.01
vertex 7418.1900000000005 12288.380000000001 400.01
vertex 7457.06 12321.92 400.01
endloop
endfacet
facet normal 0 0 1
outer loop
vertex 7133.2300000000005 12308.53 400.01
vertex 7457.06 12321.92 400.01
vertex 7391.02 12321.92 400.01
endloop
endfacet
facet normal 0 0 1
outer loop
vertex 7419.2300000000005 12286.17 400.01
vertex 7489.43 12286.17 400.01
vertex 7660.38 12419.550000000001 400.01
endloop
endfacet
facet normal 0 0 1
outer loop
vertex 7419.2300000000005 12286.17 400.01
vertex 7660.38 12419.550000000001 400.01
vertex 7633.7300000000005 12453.61 400.01
endloop
endfacet
facet normal 0 0 1
outer loop
vertex 6699.9400000000005 12288.380000000001 400.01
vertex 6699.9400000000005 12286.17 400.01
vertex 7419.2300000000005 12286.17 400.01
endloop
endfacet
facet normal 0 0 1
outer loop
vertex 6699.9400000000005 12288.380000000001 400.01
vertex 7419.2300000000005 12286.17 400.01
vertex 7418.1900000000005 12288.380000000001 400.01
endloop
endfacet
facet normal 0 0 1
outer loop
vertex 7150.650000000001 12272.26 400.01
vertex 7419.2300000000005 12286.17 400.01
vertex 6699.9400000000005 12286.17 400.01
endloop
endfacet
facet normal 0 0 1
outer loop
vertex 7150.650000000001 12272.26 400.01
vertex 6699.9400000000005 12286.17 400.01
vertex 6699.9400000000005 12251.460000000001 400.01
endloop
endfacet
facet normal 0 0 1
outer loop
vertex 7150.650000000001 12272.26 400.01
vertex 6699.9400000000005 12251.460000000001 400.01
vertex 7444.84 12251.460000000001 400.01
endloop
endfacet
facet normal 0 0 0.9999999999999999
outer loop
vertex 7150.650000000001 12272.26 400.01
vertex 7444.84 12251.460000000001 400.01
vertex 7489.43 12286.17 400.01
endloop
endfacet
facet normal 0 0 1
outer loop
vertex 7150.650000000001 12272.26 400.01
vertex 7489.43 12286.17 400.01
vertex 7419.2300000000005 12286.17 400.01
endloop
endfacet
facet normal 0 0 1
outer loop
vertex 7445.75 12249.25 400.01
vertex 7520.76 12249.25 400.01
vertex 7694.4400000000005 12371.58 400.01
endloop
endfacet
facet normal 0 0 1
outer loop
vertex 7445.75 12249.25 400.01
vertex 7694.4400000000005 12371.58 400.01
vertex 7669.610000000001 12406.94 400.01
endloop
endfacet
facet normal 0 0 1
outer loop
vertex 6699.9400000000005 12251.460000000001 400.01
vertex 6699.9400000000005 12249.25 400.01
vertex 7445.75 12249.25 400.01
endloop
endfacet
facet normal 0 0 1
outer loop
vertex 6699.9400000000005 12251.460000000001 400.01
vertex 7445.75 12249.25 400.01
vertex 7444.84 12251.460000000001 400.01
endloop
endfacet
facet normal 0 0 1
outer loop
vertex 7167.29 12234.95 400.01
vertex 7445.75 12249.25 400.01
vertex 6699.9400000000005 12249.25 400.01
endloop
endfacet
facet normal 0 0 1
outer loop
vertex 7167.29 12234.95 400.01
vertex 6699.9400000000005 12249.25 400.01
vertex 6699.9400000000005 12213.37 400.01
endloop
endfacet
facet normal 0 0 1
outer loop
vertex 7167.29 12234.95 400.01
vertex 6699.9400000000005 12213.37 400.01
vertex 7469.93 12213.37 400.01
endloop
endfacet
facet normal 0 0 1
outer loop
vertex 7167.29 12234.95 400.01
vertex 7469.93 12213.37 400.01
vertex 7520.76 12249.25 400.01
endloop
endfacet
facet normal 0 0 1
outer loop
vertex 7167.29 12234.95 400.01
vertex 7520.76 12249.25 400.01
vertex 7445.75 12249.25 400.01
endloop
endfacet
facet normal 0 0 1
outer loop
vertex 7470.84 12211.29 400.01
vertex 7551.570000000001 12211.29 400.01
vertex 7726.29 12321.92 400.01
endloop
endfacet
facet normal 0 0 1
outer loop
vertex 7470.84 12211.29 400.01
vertex 7726.29 12321.92 400.01
vertex 7703.150000000001 12358.45 400.01
endloop
endfacet
facet normal 0 0 1
outer loop
vertex 6699.9400000000005 12213.37 400.01
vertex 6699.9400000000005 12211.29 400.01
vertex 7470.84 12211.29 400.01
endloop
endfacet
facet normal 0 0 1
outer loop
vertex 6699.9400000000005 12213.37 400.01
vertex 7470.84 12211.29 400.01
vertex 7469.93 12213.37 400.01
endloop
endfacet
facet normal 0 0 0.9999999999999999
outer loop
vertex 7183.150000000001 12196.6 400.01
vertex 7470.84 12211.29 400.01
vertex 6699.9400000000005 12211.29 400.01
endloop
endfacet
facet normal 0 0 1
outer loop
vertex 7183.150000000001 12196.6 400.01
vertex 6699.9400000000005 12211.29 400.01
vertex 6699.9400000000005 12174.5 400.01
endloop
endfacet
facet normal 0 0 1
outer loop
vertex 7183.150000000001 12196.6 400.01
vertex 6699.9400000000005 12174.5 400.01
vertex 7493.33 12174.5 400.01
endloop
endfacet
facet normal 0 0 1
outer loop
vertex 7183.150000000001 12196.6 400.01
vertex 7493.33 12174.5 400.01
vertex 7551.570000000001 12211.29 400.01
endloop
endfacet
facet normal 0 0 1
outer loop
vertex 7183.150000000001 12196.6 400.01
vertex 7551.570000000001 12211.29 400.01
vertex 7470.84 12211.29 400.01
endloop
endfacet
facet normal 0 0 1
outer loop
vertex 6699.9400000000005 12174.5 400.01
vertex 6699.9400000000005 12173.98 400.01
vertex 7493.59 12173.98 400.01
endloop
endfacet
facet normal 0 0 1
outer loop
vertex 6699.9400000000005 12174.5 400.01
vertex 7493.59 12173.98 400.01
vertex 7493.33 12174.5 400.01
endloop
endfacet
facet normal 0 0 0.9999999999999999
outer loop
vertex 7495.54 12173.2 400.01
vertex 7583.16 12173.2 400.01
vertex 7755.54 12270.83 400.01
endloop
endfacet
facet normal 0 0 0.9999999999999999
outer loop
vertex 7495.54 12173.2 400.01
vertex 7755.54 12270.83 400.01
vertex 7734.22 12308.4 400.01
endloop
endfacet
facet normal 0 0 1
outer loop
vertex 6699.9400000000005 12173.98 400.01
vertex 6699.9400000000005 12173.2 400.01
vertex 7495.54 12173.2 400.01
endloop
endfacet
facet normal 0 0 1
outer loop
vertex 6699.9400000000005 12173.98 400.01
vertex 7495.54 12173.2 400.01
vertex 7493.59 12173.98 400.01
endloop
endfacet
facet normal 0 0 1
outer loop
vertex 7199.27 12158.380000000001 400.01
vertex 7495.54 12173.2 400.01
vertex 6699.9400000000005 12173.2 400.01
endloop
endfacet
facet normal 0 0 1
outer loop
vertex 7199.27 12158.380000000001 400.01
vertex 6699.9400000000005 12173.2 400.01
vertex 6699.9400000000005 12136.02 400.01
endloop
endfacet
facet normal 0 0 1
outer loop
vertex 7199.27 12158.380000000001 400.01
vertex 6699.9400000000005 12136.02 400.01
vertex 7517.64 12136.02 400.01
endloop
endfacet
facet normal 0 0 1
outer loop
vertex 7199.27 12158.380000000001 400.01
vertex 7517.64 12136.02 400.01
vertex 7583.16 12173.2 400.01
endloop
endfacet
facet normal 0 0 1
outer loop
vertex 7199.27 12158.380000000001 400.01
vertex 7583.16 12173.2 400.01
vertex 7495.54 12173.2 400.01
endloop
endfacet
facet normal 0 0 1
outer loop
vertex 7518.42 12133.94 400.01
vertex 7614.490000000001 12133.94 400.01
vertex 7782.1900000000005 12218.44 400.01
endloop
endfacet
facet normal 0 0 0.9999999999999999
outer loop
vertex 7518.42 12133.94 400.01
vertex 7782.1900000000005 12218.44 400.01
vertex 7762.820000000001 12256.92 400.01
endloop
endfacet
facet normal 0 0 1
outer loop
vertex 6699.9400000000005 12136.02 400.01
vertex 6699.9400000000005 12133.94 400.01
vertex 7518.42 12133.94 400.01
endloop
endfacet
facet normal 0 0 0.9999999999999999
outer loop
vertex 6699.9400000000005 12136.02 400.01
vertex 7518.42 12133.94 400.01
vertex 7517.64 12136.02 400.01
endloop
endfacet
facet normal 0 0 1
outer loop
vertex 7215.91 12120.42 400.01
vertex 7518.42 12133.94 400.01
vertex 6699.9400000000005 12133.94 400.01
endloop
endfacet
facet normal 0 0 1
outer loop
vertex 7215.91 12120.42 400.01
vertex 6699.9400000000005 12133.94 400.01
vertex 6699.9400000000005 12100.01 400.01
endloop
endfacet
facet normal 0 0 1
outer loop
vertex 7215.91 12120.42 400.01
vertex 6699.9400000000005 12100.01 400.01
vertex 7547.02 12100.01 400.01
endloop
endfacet
facet normal 0 0 1
outer loop
vertex 7215.91 12120.42 400.01
vertex 7547.02 12100.01 400.01
vertex 7614.490000000001 12133.94 400.01
endloop
endfacet
facet normal 0 0 1
outer loop
vertex 7215.91 12120.42 400.01
vertex 7614.490000000001 12133.94 400.01
vertex 7518.42 12133.94 400.01
endloop
endfacet
facet normal 0 0 1
outer loop
vertex 7041.45 12099.75 400.01
vertex 6699.9400000000005 12100.01 400.01
vertex 6695.13 12100.01 400.01
endloop
endfacet
facet normal 0 0 1
outer loop
vertex 7041.45 12099.75 400.01
vertex 6695.13 12100.01 400.01
vertex 6719.570000000001 12099.36 400.01
endloop
endfacet
facet normal 0 0 0.9999999999999999
outer loop
vertex 7041.45 12099.75 400.01
vertex 6719.570000000001 12099.36 400.01
vertex 7545.85 12099.36 400.01
endloop
endfacet
facet normal 0 0 1
outer loop
vertex 7041.45 12099.75 400.01
vertex 7545.85 12099.36 400.01
vertex 7547.02 12100.01 400.01
endloop
endfacet
facet normal 0 0 1
outer loop
vertex 7041.45 12099.75 400.01
vertex 7547.02 12100.01 400.01
vertex 6699.9400000000005 12100.01 400.01
endloop
endfacet
facet normal 0 0 1
outer loop
vertex 6719.570000000001 12099.36 400.01
vertex 6739.2 12097.93 400.01
vertex 7542.990000000001 12097.93 400.01
endloop
endfacet
facet normal 0 0 1
outer loop
vertex 6719.570000000001 12099.36 400.01
vertex 7542.990000000001 12097.93 400.01
vertex 7545.85 12099.36 400.01
endloop
endfacet
facet normal 0 0 1
outer loop
vertex 6739.2 12097.93 400.01
vertex 6758.7 12095.59 400.01
vertex 7538.18 12095.59 400.01
endloop
endfacet
facet normal 0 0 1
outer loop
vertex 6739.2 12097.93 400.01
vertex 7538.18 12095.59 400.01
vertex 7542.990000000001 12097.93 400.01
endloop
endfacet
facet normal 0 0 1
outer loop
vertex 6758.7 12095.59 400.01
vertex 6765.46 12094.42 400.01
vertex 7535.84 12094.42 400.01
endloop
endfacet
facet normal 0 0 1
outer loop
vertex 6758.7 12095.59 400.01
vertex 7535.84 12094.42 400.01
vertex 7538.18 12095.59 400.01
endloop
endfacet
facet normal 0 0 0.9999999999999999
outer loop
vertex 7536.75 12092.34 400.01
vertex 7643.35 12092.34 400.01
vertex 7806.37 12164.62 400.01
endloop
endfacet
facet normal 0 0 1
outer loop
vertex 7536.75 12092.34 400.01
vertex 7806.37 12164.62 400.01
vertex 7788.820000000001 12204.140000000001 400.01
endloop
endfacet
facet normal 0 0 1
outer loop
vertex 6765.46 12094.42 400.01
vertex 6777.030000000001 12092.34 400.01
vertex 7536.75 12092.34 400.01
endloop
endfacet
facet normal 0 0 1
outer loop
vertex 6765.46 12094.42 400.01
vertex 7536.75 12092.34 400.01
vertex 7535.84 12094.42 400.01
endloop
endfacet
facet normal 0 0 0
outer loop
vertex 7275.58 12092.34 400.01
vertex 7536.75 12092.34 400.01
vertex 6777.030000000001 12092.34 400.01
endloop
endfacet
facet normal 0 0 1
outer loop
vertex 7275.58 12092.34 400.01
vertex 6777.030000000001 12092.34 400.01
vertex 6778.070000000001 12092.210000000001 400.01
endloop
endfacet
facet normal 0 0 1
outer loop
vertex 7275.58 12092.34 400.01
vertex 6778.070000000001 12092.210000000001 400.01
vertex 7642.96 12092.210000000001 400.01
endloop
endfacet
facet normal 0 0 1
outer loop
vertex 7275.58 12092.34 400.01
vertex 7642.96 12092.210000000001 400.01
vertex 7643.35 12092.34 400.01
endloop
endfacet
facet normal 0 0 0
outer loop
vertex 7275.58 12092.34 400.01
vertex 7643.35 12092.34 400.01
vertex 7536.75 12092.34 400.01
endloop
endfacet
facet normal 0 0 1
outer loop
vertex 6778.070000000001 12092.210000000001 400.01
vertex 6797.18 12087.92 400.01
vertex 7633.21 12087.92 400.01
endloop
endfacet
facet normal 0 0 0.9999999999999999
outer loop
vertex 6778.070000000001 12092.210000000001 400.01
vertex 7633.21 12087.92 400.01
vertex 7642.96 12092.210000000001 400.01
endloop
endfacet
facet normal 0 0 1
outer loop
vertex 6797.18 12087.92 400.01
vertex 6816.030000000001 12082.720000000001 400.01
vertex 7621.38 12082.720000000001 400.01
endloop
endfacet
facet normal 0 0 1
outer loop
vertex 6797.18 12087.92 400.01
vertex 7621.38 12082.720000000001 400.01
vertex 7633.21 12087.92 400.01
endloop
endfacet
facet normal 0 0 0.9999999999999999
outer loop
vertex 6816.030000000001 12082.720000000001 400.01
vertex 6834.75 12076.48 400.01
vertex 7607.47 12076.48 400.01
endloop
endfacet
facet normal 0 0 1
outer loop
vertex 6816.030000000001 12082.720000000001 400.01
vertex 7607.47 12076.48 400.01
vertex 7621.38 12082.720000000001 400.01
endloop
endfacet
facet normal 0 0 0.9999999999999999
outer loop
vertex 6834.75 12076.48 400.01
vertex 6853.08 12069.460000000001 400.01
vertex 7591.610000000001 12069.460000000001 400.01
endloop
endfacet
facet normal 0 0 1
outer loop
vertex 6834.75 12076.48 400.01
vertex 7591.610000000001 12069.460000000001 400.01
vertex 7607.47 12076.48 400.01
endloop
endfacet
facet normal 0 0 1
outer loop
vertex 6853.08 12069.460000000001 400.01
vertex 6871.02 12061.53 400.01
vertex 7573.67 12061.53 400.01
endloop
endfacet
facet normal 0 0 1
outer loop
vertex 6853.08 12069.460000000001 400.01
vertex 7573.67 12061.53 400.01
vertex 7591.610000000001 12069.460000000001 400.01
endloop
endfacet
facet normal 0 0 1
outer loop
vertex 6871.02 12061.53 400.01
vertex 6888.4400000000005 12052.69 400.01
vertex 7553.780000000001 12052.69 400.01
endloop
endfacet
facet normal 0 0 1
outer loop
vertex 6871.02 12061.53 400.01
vertex 7553.780000000001 12052.69 400.01
vertex 7573.67 12061.53 400.01
endloop
endfacet
facet normal 0 0 1
outer loop
vertex 6888.4400000000005 12052.69 400.01
vertex 6888.83 12052.43 400.01
vertex 7553.26 12052.43 400.01
endloop
endfacet
facet normal 0 0 1
outer loop
vertex 6888.4400000000005 12052.69 400.01
vertex 7553.26 12052.43 400.01
vertex 7553.780000000001 12052.69 400.01
endloop
endfacet
facet normal 0 0 1
outer loop
vertex 7554.04 12050.48 400.01
vertex 7674.030000000001 12050.48 400.01
vertex 7827.820000000001 12109.76 400.01
endloop
endfacet
facet normal 0 0 0.9999999999999999
outer loop
vertex 7554.04 12050.48 400.01
vertex 7827.820000000001 12109.76 400.01
vertex 7812.35 12150.060000000001 400.01
endloop
endfacet
facet normal 0 0 1
outer loop
vertex 6888.83 12052.43 400.01
vertex 6892.34 12050.48 400.01
vertex 7554.04 12050.48 400.01
endloop
endfacet
facet normal 0 0 1
outer loop
vertex 6888.83 12052.43 400.01
vertex 7554.04 12050.48 400.01
vertex 7553.26 12052.43 400.01
endloop
endfacet
facet normal 0 0 1
outer loop
vertex 7336.16 12047.49 400.01
vertex 7554.04 12050.48 400.01
vertex 6892.34 12050.48 400.01
endloop
endfacet
facet normal 0 0 1
outer loop
vertex 7336.16 12047.49 400.01
vertex 6892.34 12050.48 400.01
vertex 6905.6 12042.94 400.01
endloop
endfacet
facet normal 0 0 0.9999999999999999
outer loop
vertex 7336.16 12047.49 400.01
vertex 6905.6 12042.94 400.01
vertex 7654.66 12042.94 400.01
endloop
endfacet
facet normal 0 0 1
outer loop
vertex 7336.16 12047.49 400.01
vertex 7654.66 12042.94 400.01
vertex 7674.030000000001 12050.48 400.01
endloop
endfacet
facet normal 0 0 1
outer loop
vertex 7336.16 12047.49 400.01
vertex 7674.030000000001 12050.48 400.01
vertex 7554.04 12050.48 400.01
endloop
endfacet
facet normal 0 0 0.9999999999999999
outer loop
vertex 6905.6 12042.94 400.01
vertex 6922.110000000001 12032.54 400.01
vertex 7627.360000000001 12032.54 400.01
endloop
endfacet
facet normal 0 0 1
outer loop
vertex 6905.6 12042.94 400.01
vertex 7627.360000000001 12032.54 400.01
vertex 7654.66 12042.94 400.01
endloop
endfacet
facet normal 0 0 1
outer loop
vertex 6922.110000000001 12032.54 400.01
vertex 6938.2300000000005 12021.23 400.01
vertex 7598.110000000001 12021.23 400.01
endloop
endfacet
facet normal 0 0 1
outer loop
vertex 6922.110000000001 12032.54 400.01
vertex 7598.110000000001 12021.23 400.01
vertex 7627.360000000001 12032.54 400.01
endloop
endfacet
facet normal 0 0 1
outer loop
vertex 6938.2300000000005 12021.23 400.01
vertex 6951.75 12010.57 400.01
vertex 7570.55 12010.57 400.01
endloop
endfacet
facet normal 0 0 0.9999999999999999
outer loop
vertex 6938.2300000000005 12021.23 400.01
vertex 7570.55 12010.57 400.01
vertex 7598.110000000001 12021.23 400.01
endloop
endfacet
facet normal 0 0 1
outer loop
vertex 6951.75 12010.57 400.01
vertex 6953.7 12009.140000000001 400.01
vertex 7571.2 12009.140000000001 400.01
endloop
endfacet
facet normal 0 0 1
outer loop
vertex 6951.75 12010.57 400.01
vertex 7571.2 12009.140000000001 400.01
vertex 7570.55 12010.57 400.01
endloop
endfacet
facet normal 0 0 1
outer loop
vertex 7571.46 12008.62 400.01
vertex 7709.13 12008.62 400.01
vertex 7846.54 12053.99 400.01
endloop
endfacet
facet normal 0 0 1
outer loop
vertex 7571.46 12008.62 400.01
vertex 7846.54 12053.99 400.01
vertex 7833.02 12094.94 400.01
endloop
endfacet
facet normal 0 0 0.9999999999999999
outer loop
vertex 6953.7 12009.140000000001 400.01
vertex 6954.35 12008.62 400.01
vertex 7571.46 12008.62 400.01
endloop
endfacet
facet normal 0 0 1
outer loop
vertex 6953.7 12009.140000000001 400.01
vertex 7571.46 12008.62 400.01
vertex 7571.2 12009.140000000001 400.01
endloop
endfacet
facet normal 0 0 1
outer loop
vertex 7375.030000000001 12003.68 400.01
vertex 7571.46 12008.62 400.01
vertex 6954.35 12008.62 400.01
endloop
endfacet
facet normal 0 0 1
outer loop
vertex 7375.030000000001 12003.68 400.01
vertex 6954.35 12008.62 400.01
vertex 6968.52 11996.27 400.01
endloop
endfacet
facet normal 0 0 1
outer loop
vertex 7375.030000000001 12003.68 400.01
vertex 6968.52 11996.27 400.01
vertex 7671.95 11996.27 400.01
endloop
endfacet
facet normal 0 0 0.9999999999999999
outer loop
vertex 7375.030000000001 12003.68 400.01
vertex 7671.95 11996.27 400.01
vertex 7709.13 12008.62 400.01
endloop
endfacet
facet normal 0 0 1
outer loop
vertex 7375.030000000001 12003.68 400.01
vertex 7709.13 12008.62 400.01
vertex 7571.46 12008.62 400.01
endloop
endfacet
facet normal 0 0 1
outer loop
vertex 6968.52 11996.27 400.01
vertex 6982.820000000001 11982.75 400.01
vertex 7631 11982.75 400.01
endloop
endfacet
facet normal 0 0 1
outer loop
vertex 6968.52 11996.27 400.01
vertex 7631 11982.75 400.01
vertex 7671.95 11996.27 400.01
endloop
endfacet
facet normal 0 0 1
outer loop
vertex 6982.820000000001 11982.75 400.01
vertex 6996.34 11968.58 400.01
vertex 7587.97 11968.58 400.01
endloop
endfacet
facet normal 0 0 1
outer loop
vertex 6982.820000000001 11982.75 400.01
vertex 7587.97 11968.58 400.01
vertex 7631 11982.75 400.01
endloop
endfacet
facet normal 0 0 1
outer loop
vertex 6996.34 11968.58 400.01
vertex 6996.860000000001 11967.800000000001 400.01
vertex 7585.89 11967.800000000001 400.01
endloop
endfacet
facet normal 0 0 1
outer loop
vertex 6996.34 11968.58 400.01
vertex 7585.89 11967.800000000001 400.01
vertex 7587.97 11968.58 400.01
endloop
endfacet
facet normal 0 0 1
outer loop
vertex 6996.860000000001 11967.800000000001 400.01
vertex 6998.68 11965.720000000001 400.01
vertex 7584.9800000000005 11965.720000000001 400.01
endloop
endfacet
facet normal 0 0 1
outer loop
vertex 6996.860000000001 11967.800000000001 400.01
vertex 7584.9800000000005 11965.720000000001 400.01
vertex 7585.89 11967.800000000001 400.01
endloop
endfacet
facet normal 0 0 1
outer loop
vertex 7585.110000000001 11965.33 400.01
vertex 7747.09 11965.33 400.01
vertex 7862.530000000001 11997.310000000001 400.01
endloop
endfacet
facet normal 0 0 1
outer loop
vertex 7585.110000000001 11965.33 400.01
vertex 7862.530000000001 11997.310000000001 400.01
vertex 7851.09 12038.91 400.01
endloop
endfacet
facet normal 0 0 1
outer loop
vertex 6998.68 11965.720000000001 400.01
vertex 6999.070000000001 11965.33 400.01
vertex 7585.110000000001 11965.33 400.01
endloop
endfacet
facet normal 0 0 1
outer loop
vertex 6998.68 11965.720000000001 400.01
vertex 7585.110000000001 11965.33 400.01
vertex 7584.9800000000005 11965.720000000001 400.01
endloop
endfacet
facet normal 0 0 1
outer loop
vertex 7409.09 11960.65 400.01
vertex 7585.110000000001 11965.33 400.01
vertex 6999.070000000001 11965.33 400.01
endloop
endfacet
facet normal 0 0 1
outer loop
vertex 7409.09 11960.65 400.01
vertex 6999.070000000001 11965.33 400.01
vertex 7009.08 11953.630000000001 400.01
endloop
endfacet
facet normal 0 0 1
outer loop
vertex 7409.09 11960.65 400.01
vertex 7009.08 11953.630000000001 400.01
vertex 7704.97 11953.630000000001 400.01
endloop
endfacet
facet normal 0 0 1
outer loop
vertex 7409.09 11960.65 400.01
vertex 7704.97 11953.630000000001 400.01
vertex 7747.09 11965.33 400.01
endloop
endfacet
facet normal 0 0 1
outer loop
vertex 7409.09 11960.65 400.01
vertex 7747.09 11965.33 400.01
vertex 7585.110000000001 11965.33 400.01
endloop
endfacet
facet normal 0 0 1
outer loop
vertex 7009.08 11953.630000000001 400.01
vertex 7021.17 11938.16 400.01
vertex 7649.070000000001 11938.16 400.01
endloop
endfacet
facet normal 0 0 1
outer loop
vertex 7009.08 11953.630000000001 400.01
vertex 7649.070000000001 11938.16 400.01
vertex 7704.97 11953.630000000001 400.01
endloop
endfacet
facet normal 0 0 1
outer loop
vertex 7021.17 11938.16 400.01
vertex 7031.31 11923.86 400.01
vertex 7597.2 11923.86 400.01
endloop
endfacet
facet normal 0 0 1
outer loop
vertex 7021.17 11938.16 400.01
vertex 7597.2 11923.86 400.01
vertex 7649.070000000001 11938.16 400.01
endloop
endfacet
facet normal 0 0 1
outer loop
vertex 7031.31 11923.86 400.01
vertex 7032.4800000000005 11922.17 400.01
vertex 7597.85 11922.17 400.01
endloop
endfacet
facet normal 0 0 1
outer loop
vertex 7031.31 11923.86 400.01
vertex 7597.85 11922.17 400.01
vertex 7597.2 11923.86 400.01
endloop
endfacet
facet normal 0 0 1
outer loop
vertex 7597.9800000000005 11921.78 400.01
vertex 7795.1900000000005 11921.78 400.01
vertex 7875.79 11939.85 400.01
endloop
endfacet
facet normal 0 0 0.9999999999999999
outer loop
vertex 7597.9800000000005 11921.78 400.01
vertex 7875.79 11939.85 400.01
vertex 7866.3 11981.970000000001 400.01
endloop
endfacet
facet normal 0 0 1
outer loop
vertex 7032.4800000000005 11922.17 400.01
vertex 7032.740000000001 11921.78 400.01
vertex 7597.9800000000005 11921.78 400.01
endloop
endfacet
facet normal 0 0 1
outer loop
vertex 7032.4800000000005 11922.17 400.01
vertex 7597.9800000000005 11921.78 400.01
vertex 7597.85 11922.17 400.01
endloop
endfacet
facet normal 0 0 1
outer loop
vertex 7438.34 11915.28 400.01
vertex 7597.9800000000005 11921.78 400.01
vertex 7032.740000000001 11921.78 400.01
endloop
endfacet
facet normal 0 0 0.9999999999999999
outer loop
vertex 7438.34 11915.28 400.01
vertex 7032.740000000001 11921.78 400.01
vertex 7043.01 11905.53 400.01
endloop
endfacet
facet normal 0 0 1
outer loop
vertex 7438.34 11915.28 400.01
vertex 7043.01 11905.53 400.01
vertex 7723.04 11905.53 400.01
endloop
endfacet
facet normal 0 0 1
outer loop
vertex 7438.34 11915.28 400.01
vertex 7723.04 11905.53 400.01
vertex 7795.1900000000005 11921.78 400.01
endloop
endfacet
facet normal 0 0 1
outer loop
vertex 7438.34 11915.28 400.01
vertex 7795.1900000000005 11921.78 400.01
vertex 7597.9800000000005 11921.78 400.01
endloop
endfacet
facet normal 0 0 1
outer loop
vertex 7043.01 11905.53 400.01
vertex 7052.63 11888.5 400.01
vertex 7646.990000000001 11888.5 400.01
endloop
endfacet
facet normal 0 0 1
outer loop
vertex 7043.01 11905.53 400.01
vertex 7646.990000000001 11888.5 400.01
vertex 7723.04 11905.53 400.01
endloop
endfacet
facet normal 0 0 1
outer loop
vertex 7052.63 11888.5 400.01
vertex 7057.05 11879.79 400.01
vertex 7608.12 11879.79 400.01
endloop
endfacet
facet normal 0 0 1
outer loop
vertex 7052.63 11888.5 400.01
vertex 7608.12 11879.79 400.01
vertex 7646.990000000001 11888.5 400.01
endloop
endfacet
facet normal 0 0 1
outer loop
vertex 7609.030000000001 11877.710000000001 400.01
vertex 7861.62 11877.710000000001 400.01
vertex 7886.06 11881.87 400.01
endloop
endfacet
facet normal 0 0 1
outer loop
vertex 7609.030000000001 11877.710000000001 400.01
vertex 7886.06 11881.87 400.01
vertex 7878.780000000001 11924.51 400.01
endloop
endfacet
facet normal 0 0 0.9999999999999999
outer loop
vertex 7057.05 11879.79 400.01
vertex 7058.09 11877.710000000001 400.01
vertex 7609.030000000001 11877.710000000001 400.01
endloop
endfacet
facet normal 0 0 1
outer loop
vertex 7057.05 11879.79 400.01
vertex 7609.030000000001 11877.710000000001 400.01
vertex 7608.12 11879.79 400.01
endloop
endfacet
facet normal 0 0 1
outer loop
vertex 7482.67 11874.98 400.01
vertex 7609.030000000001 11877.710000000001 400.01
vertex 7058.09 11877.710000000001 400.01
endloop
endfacet
facet normal 0 0 1
outer loop
vertex 7482.67 11874.98 400.01
vertex 7058.09 11877.710000000001 400.01
vertex 7061.47 11870.95 400.01
endloop
endfacet
facet normal 0 0 1
outer loop
vertex 7482.67 11874.98 400.01
vertex 7061.47 11870.95 400.01
vertex 7823.14 11870.95 400.01
endloop
endfacet
facet normal 0 0 1
outer loop
vertex 7482.67 11874.98 400.01
vertex 7823.14 11870.95 400.01
vertex 7861.62 11877.710000000001 400.01
endloop
endfacet
facet normal 0 0 1
outer loop
vertex 7482.67 11874.98 400.01
vertex 7861.62 11877.710000000001 400.01
vertex 7609.030000000001 11877.710000000001 400.01
endloop
endfacet
facet normal 0 0 1
outer loop
vertex 7061.47 11870.95 400.01
vertex 7069.400000000001 11853.01 400.01
vertex 7719.66 11853.01 400.01
endloop
endfacet
facet normal 0 0 1
outer loop
vertex 7061.47 11870.95 400.01
vertex 7719.66 11853.01 400.01
vertex 7823.14 11870.95 400.01
endloop
endfacet
facet normal 0 0 1
outer loop
vertex 7069.400000000001 11853.01 400.01
vertex 7076.29 11835.2 400.01
vertex 7617.22 11835.2 400.01
endloop
endfacet
facet normal 0 0 1
outer loop
vertex 7069.400000000001 11853.01 400.01
vertex 7617.22 11835.2 400.01
vertex 7719.66 11853.01 400.01
endloop
endfacet
facet normal 0 0 1
outer loop
vertex 7076.29 11835.2 400.01
vertex 7076.55 11834.68 400.01
vertex 7617.4800000000005 11834.68 400.01
endloop
endfacet
facet normal 0 0 1
outer loop
vertex 7076.29 11835.2 400.01
vertex 7617.4800000000005 11834.68 400.01
vertex 7617.22 11835.2 400.01
endloop
endfacet
facet normal 0 0 1
outer loop
vertex 7618.13 11832.99 400.01
vertex 7892.43 11832.99 400.01
vertex 7888.27 11866.4 400.01
endloop
endfacet
facet normal 0 0 1
outer loop
vertex 7076.55 11834.68 400.01
vertex 7077.070000000001 11832.99 400.01
vertex 7618.13 11832.99 400.01
endloop
endfacet
facet normal 0 0 1
outer loop
vertex 7076.55 11834.68 400.01
vertex 7618.13 11832.99 400.01
vertex 7617.4800000000005 11834.68 400.01
endloop
endfacet
facet normal 0 0 1
outer loop
vertex 7566.26 11825.84 400.01
vertex 7618.13 11832.99 400.01
vertex 7077.070000000001 11832.99 400.01
endloop
endfacet
facet normal 0 0 1
outer loop
vertex 7566.26 11825.84 400.01
vertex 7077.070000000001 11832.99 400.01
vertex 7082.66 11816.09 400.01
endloop
endfacet
facet normal 0 0 1
outer loop
vertex 7566.26 11825.84 400.01
vertex 7082.66 11816.09 400.01
vertex 7833.67 11816.09 400.01
endloop
endfacet
facet normal 0 0 1
outer loop
vertex 7566.26 11825.84 400.01
vertex 7833.67 11816.09 400.01
vertex 7893.6 11823.5 400.01
endloop
endfacet
facet normal 0 0 1
outer loop
vertex 7566.26 11825.84 400.01
vertex 7893.6 11823.5 400.01
vertex 7892.43 11832.99 400.01
endloop
endfacet
facet normal 0 0 1
outer loop
vertex 7566.26 11825.84 400.01
vertex 7892.43 11832.99 400.01
vertex 7618.13 11832.99 400.01
endloop
endfacet
facet normal 0 0 1
outer loop
vertex 7082.66 11816.09 400.01
vertex 7087.860000000001 11797.11 400.01
vertex 7680.27 11797.11 400.01
endloop
endfacet
facet normal 0 0 1
outer loop
vertex 7082.66 11816.09 400.01
vertex 7680.27 11797.11 400.01
vertex 7833.67 11816.09 400.01
endloop
endfacet
facet normal 0 0 1
outer loop
vertex 7087.860000000001 11797.11 400.01
vertex 7089.42 11790.35 400.01
vertex 7624.5 11790.35 400.01
endloop
endfacet
facet normal 0 0 0.9999999999999999
outer loop
vertex 7087.860000000001 11797.11 400.01
vertex 7624.5 11790.35 400.01
vertex 7680.27 11797.11 400.01
endloop
endfacet
facet normal 0 0 1
outer loop
vertex 7625.54 11788.01 400.01
vertex 7896.59 11788.01 400.01
vertex 7895.030000000001 11807.9 400.01
endloop
endfacet
facet normal 0 0 1
outer loop
vertex 7089.42 11790.35 400.01
vertex 7089.9400000000005 11788.01 400.01
vertex 7625.54 11788.01 400.01
endloop
endfacet
facet normal 0 0 1
outer loop
vertex 7089.42 11790.35 400.01
vertex 7625.54 11788.01 400.01
vertex 7624.5 11790.35 400.01
endloop
endfacet
facet normal 0 0 1
outer loop
vertex 7520.240000000001 11783.98 400.01
vertex 7625.54 11788.01 400.01
vertex 7089.9400000000005 11788.01 400.01
endloop
endfacet
facet normal 0 0 1
outer loop
vertex 7520.240000000001 11783.98 400.01
vertex 7089.9400000000005 11788.01 400.01
vertex 7092.150000000001 11778 400.01
endloop
endfacet
facet normal 0 0 1
outer loop
vertex 7520.240000000001 11783.98 400.01
vertex 7092.150000000001 11778 400.01
vertex 7897.240000000001 11778 400.01
endloop
endfacet
facet normal 0 0 1
outer loop
vertex 7520.240000000001 11783.98 400.01
vertex 7897.240000000001 11778 400.01
vertex 7896.59 11788.01 400.01
endloop
endfacet
facet normal 0 0 1
outer loop
vertex 7520.240000000001 11783.98 400.01
vertex 7896.59 11788.01 400.01
vertex 7625.54 11788.01 400.01
endloop
endfacet
facet normal 0 0 1
outer loop
vertex 7559.76 11767.6 400.01
vertex 7092.150000000001 11778 400.01
vertex 7095.530000000001 11758.630000000001 400.01
endloop
endfacet
facet normal 0 0 1
outer loop
vertex 7559.76 11767.6 400.01
vertex 7095.530000000001 11758.630000000001 400.01
vertex 7815.7300000000005 11758.630000000001 400.01
endloop
endfacet
facet normal 0 0 1
outer loop
vertex 7559.76 11767.6 400.01
vertex 7815.7300000000005 11758.630000000001 400.01
vertex 7898.280000000001 11764.74 400.01
endloop
endfacet
facet normal 0 0 1
outer loop
vertex 7559.76 11767.6 400.01
vertex 7898.280000000001 11764.74 400.01
vertex 7897.240000000001 11778 400.01
endloop
endfacet
facet normal 0 0 1
outer loop
vertex 7559.76 11767.6 400.01
vertex 7897.240000000001 11778 400.01
vertex 7092.150000000001 11778 400.01
endloop
endfacet
facet normal 0 0 1
outer loop
vertex 7095.530000000001 11758.630000000001 400.01
vertex 7097.22 11744.98 400.01
vertex 7629.96 11744.98 400.01
endloop
endfacet
facet normal 0 0 1
outer loop
vertex 7095.530000000001 11758.630000000001 400.01
vertex 7629.96 11744.98 400.01
vertex 7815.7300000000005 11758.630000000001 400.01
endloop
endfacet
facet normal 0 0 1
outer loop
vertex 7631 11742.51 400.01
vertex 7899.06 11742.51 400.01
vertex 7898.93 11749.01 400.01
endloop
endfacet
facet normal 0 0 1
outer loop
vertex 7097.22 11744.98 400.01
vertex 7097.610000000001 11742.51 400.01
vertex 7631 11742.51 400.01
endloop
endfacet
facet normal 0 0 1
outer loop
vertex 7097.22 11744.98 400.01
vertex 7631 11742.51 400.01
vertex 7629.96 11744.98 400.01
endloop
endfacet
facet normal 0 0 1
outer loop
vertex 7524.92 11741.210000000001 400.01
vertex 7631 11742.51 400.01
vertex 7097.610000000001 11742.51 400.01
endloop
endfacet
facet normal 0 0 0.9999999999999999
outer loop
vertex 7524.92 11741.210000000001 400.01
vertex 7097.610000000001 11742.51 400.01
vertex 7098 11739.26 400.01
endloop
endfacet
facet normal 0 0 1
outer loop
vertex 7524.92 11741.210000000001 400.01
vertex 7098 11739.26 400.01
vertex 7899.1900000000005 11739.26 400.01
endloop
endfacet
facet normal 0 0 1
outer loop
vertex 7524.92 11741.210000000001 400.01
vertex 7899.1900000000005 11739.26 400.01
vertex 7899.06 11742.51 400.01
endloop
endfacet
facet normal 0 0 1
outer loop
vertex 7524.92 11741.210000000001 400.01
vertex 7899.06 11742.51 400.01
vertex 7631 11742.51 400.01
endloop
endfacet
facet normal 0 0 1
outer loop
vertex 7098 11739.26 400.01
vertex 7099.43 11719.630000000001 400.01
vertex 7899.58 11719.630000000001 400.01
endloop
endfacet
facet normal 0 0 0.9999999999999999
outer loop
vertex 7098 11739.26 400.01
vertex 7899.58 11719.630000000001 400.01
vertex 7899.1900000000005 11739.26 400.01
endloop
endfacet
facet normal 0 0 1
outer loop
vertex 7459.79 11707.54 400.01
vertex 7099.43 11719.630000000001 400.01
vertex 7099.820000000001 11700 400.01
endloop
endfacet
facet normal 0 0 0.9999999999999999
outer loop
vertex 7459.79 11707.54 400.01
vertex 7099.820000000001 11700 400.01
vertex 7099.95 11700 400.01
endloop
endfacet
facet normal 0 0 1
outer loop
vertex 7459.79 11707.54 400.01
vertex 7099.95 11700 400.01
vertex 7659.990000000001 11700 400.01
endloop
endfacet
facet normal 0 0 1
outer loop
vertex 7459.79 11707.54 400.01
vertex 7659.990000000001 11700 400.01
vertex 7899.97 11705.85 400.01
endloop
endfacet
facet normal 0 0 1
outer loop
vertex 7459.79 11707.54 400.01
vertex 7899.97 11705.85 400.01
vertex 7899.58 11719.630000000001 400.01
endloop
endfacet
facet normal 0 0 1
outer loop
vertex 7459.79 11707.54 400.01
vertex 7899.58 11719.630000000001 400.01
vertex 7099.43 11719.630000000001 400.01
endloop
endfacet
facet normal 0 0 1
outer loop
vertex 7099.820000000001 11700 400.01
vertex 7099.95 11695.06 400.01
vertex 7099.95 11700 400.01
endloop
endfacet
facet normal 0 0 -1
outer loop
vertex 6703.1900000000005 12631.970000000001 800.02
vertex 6696.820000000001 12631.970000000001 800.02
vertex 6699.9400000000005 12633.27 800.02
endloop
endfacet
facet normal 0 0 -0.9999999999999999
outer loop
vertex 6752.9800000000005 12898.86 800.02
vertex 6746.4800000000005 12631.970000000001 800.02
vertex 6703.1900000000005 12631.970000000001 800.02
endloop
endfacet
facet normal 0 0 -1
outer loop
vertex 6752.9800000000005 12898.86 800.02
vertex 6703.1900000000005 12631.970000000001 800.02
vertex 6709.820000000001 12899.9 800.02
endloop
endfacet
facet normal 0 0 -1
outer loop
vertex 6716.71 12630.93 800.02
vertex 6703.1900000000005 12631.970000000001 800.02
vertex 6746.4800000000005 12631.970000000001 800.02
endloop
endfacet
facet normal 0 0 -1
outer loop
vertex 6716.71 12630.93 800.02
vertex 6746.4800000000005 12631.970000000001 800.02
vertex 6746.35 12629.37 800.02
endloop
endfacet
facet normal 0 0 -1
outer loop
vertex 6716.71 12630.93 800.02
vertex 6746.35 12629.37 800.02
vertex 6690.58 12629.37 800.02
endloop
endfacet
facet normal 0 0 -1
outer loop
vertex 6716.71 12630.93 800.02
vertex 6690.58 12629.37 800.02
vertex 6696.820000000001 12631.970000000001 800.02
endloop
endfacet
facet normal 0 0 -1
outer loop
vertex 6716.71 12630.93 800.02
vertex 6696.820000000001 12631.970000000001 800.02
vertex 6703.1900000000005 12631.970000000001 800.02
endloop
endfacet
facet normal 0 0 -1
outer loop
vertex 6746.35 12629.37 800.02
vertex 6748.820000000001 12628.460000000001 800.02
vertex 6688.110000000001 12628.460000000001 800.02
endloop
endfacet
facet normal 0 0 -0.9999999999999999
outer loop
vertex 6746.35 12629.37 800.02
vertex 6688.110000000001 12628.460000000001 800.02
vertex 6690.58 12629.37 800.02
endloop
endfacet
facet normal 0 0 -1
outer loop
vertex 6811.74 12894.83 800.02
vertex 6792.110000000001 12628.460000000001 800.02
vertex 6748.820000000001 12628.460000000001 800.02
endloop
endfacet
facet normal 0 0 -1
outer loop
vertex 6811.74 12894.83 800.02
vertex 6748.820000000001 12628.460000000001 800.02
vertex 6768.71 12897.95 800.02
endloop
endfacet
facet normal 0 0 -1
outer loop
vertex 6739.59 12626.640000000001 800.02
vertex 6748.820000000001 12628.460000000001 800.02
vertex 6792.110000000001 12628.460000000001 800.02
endloop
endfacet
facet normal 0 0 -1
outer loop
vertex 6739.59 12626.640000000001 800.02
vertex 6792.110000000001 12628.460000000001 800.02
vertex 6791.72 12623.91 800.02
endloop
endfacet
facet normal 0 0 -1
outer loop
vertex 6739.59 12626.640000000001 800.02
vertex 6791.72 12623.91 800.02
vertex 6677.320000000001 12623.91 800.02
endloop
endfacet
facet normal 0 0 -0.9999999999999999
outer loop
vertex 6739.59 12626.640000000001 800.02
vertex 6677.320000000001 12623.91 800.02
vertex 6688.110000000001 12628.460000000001 800.02
endloop
endfacet
facet normal 0 0 -1
outer loop
vertex 6739.59 12626.640000000001 800.02
vertex 6688.110000000001 12628.460000000001 800.02
vertex 6748.820000000001 12628.460000000001 800.02
endloop
endfacet
facet normal 0 0 -1
outer loop
vertex 6791.72 12623.91 800.02
vertex 6794.06 12623 800.02
vertex 6675.110000000001 12623 800.02
endloop
endfacet
facet normal 0 0 -1
outer loop
vertex 6791.72 12623.91 800.02
vertex 6675.110000000001 12623 800.02
vertex 6677.320000000001 12623.91 800.02
endloop
endfacet
facet normal 0 0 -1
outer loop
vertex 6870.24 12887.810000000001 800.02
vertex 6837.610000000001 12623 800.02
vertex 6794.06 12623 800.02
endloop
endfacet
facet normal 0 0 -1
outer loop
vertex 6870.24 12887.810000000001 800.02
vertex 6794.06 12623 800.02
vertex 6827.34 12893.140000000001 800.02
endloop
endfacet
facet normal 0 0 -1
outer loop
vertex 6760.650000000001 12620.4 800.02
vertex 6794.06 12623 800.02
vertex 6837.610000000001 12623 800.02
endloop
endfacet
facet normal 0 0 -1
outer loop
vertex 6760.650000000001 12620.4 800.02
vertex 6837.610000000001 12623 800.02
vertex 6836.83 12616.630000000001 800.02
endloop
endfacet
facet normal 0 0 -1
outer loop
vertex 6760.650000000001 12620.4 800.02
vertex 6836.83 12616.630000000001 800.02
vertex 6659.64 12616.630000000001 800.02
endloop
endfacet
facet normal 0 0 -0.9999999999999999
outer loop
vertex 6760.650000000001 12620.4 800.02
vertex 6659.64 12616.630000000001 800.02
vertex 6675.110000000001 12623 800.02
endloop
endfacet
facet normal 0 0 -1
outer loop
vertex 6760.650000000001 12620.4 800.02
vertex 6675.110000000001 12623 800.02
vertex 6794.06 12623 800.02
endloop
endfacet
facet normal 0 0 -1
outer loop
vertex 6836.83 12616.630000000001 800.02
vertex 6838.91 12615.720000000001 800.02
vertex 6657.56 12615.720000000001 800.02
endloop
endfacet
facet normal 0 0 -1
outer loop
vertex 6836.83 12616.630000000001 800.02
vertex 6657.56 12615.720000000001 800.02
vertex 6659.64 12616.630000000001 800.02
endloop
endfacet
facet normal 0 0 -1
outer loop
vertex 6928.35 12878.060000000001 800.02
vertex 6882.85 12615.720000000001 800.02
vertex 6838.91 12615.720000000001 800.02
endloop
endfacet
facet normal 0 0 -1
outer loop
vertex 6928.35 12878.060000000001 800.02
vertex 6838.91 12615.720000000001 800.02
vertex 6885.71 12885.470000000001 800.02
endloop
endfacet
facet normal 0 0 -1
outer loop
vertex 6779.63 12612.470000000001 800.02
vertex 6838.91 12615.720000000001 800.02
vertex 6882.85 12615.720000000001 800.02
endloop
endfacet
facet normal 0 0 -0.9999999999999999
outer loop
vertex 6779.63 12612.470000000001 800.02
vertex 6882.85 12615.720000000001 800.02
vertex 6881.42 12607.53 800.02
endloop
endfacet
facet normal 0 0 -0.9999999999999999
outer loop
vertex 6779.63 12612.470000000001 800.02
vertex 6881.42 12607.53 800.02
vertex 6637.54 12607.53 800.02
endloop
endfacet
facet normal 0 0 -1
outer loop
vertex 6779.63 12612.470000000001 800.02
vertex 6637.54 12607.53 800.02
vertex 6657.56 12615.720000000001 800.02
endloop
endfacet
facet normal 0 0 -1
outer loop
vertex 6779.63 12612.470000000001 800.02
vertex 6657.56 12615.720000000001 800.02
vertex 6838.91 12615.720000000001 800.02
endloop
endfacet
facet normal 0 0 -1
outer loop
vertex 6881.42 12607.53 800.02
vertex 6883.5 12606.62 800.02
vertex 6635.46 12606.62 800.02
endloop
endfacet
facet normal 0 0 -1
outer loop
vertex 6881.42 12607.53 800.02
vertex 6635.46 12606.62 800.02
vertex 6637.54 12607.53 800.02
endloop
endfacet
facet normal 0 0 -1
outer loop
vertex 6985.81 12865.45 800.02
vertex 6927.7 12606.62 800.02
vertex 6883.5 12606.62 800.02
endloop
endfacet
facet normal 0 0 -1
outer loop
vertex 6985.81 12865.45 800.02
vertex 6883.5 12606.62 800.02
vertex 6943.6900000000005 12874.94 800.02
endloop
endfacet
facet normal 0 0 -1
outer loop
vertex 7042.75 12849.98 800.02
vertex 6972.68 12597.130000000001 800.02
vertex 6927.83 12597.130000000001 800.02
endloop
endfacet
facet normal 0 0 -1
outer loop
vertex 7042.75 12849.98 800.02
vertex 6927.83 12597.130000000001 800.02
vertex 7001.02 12861.550000000001 800.02
endloop
endfacet
facet normal 0 0 -1
outer loop
vertex 6796.66 12602.59 800.02
vertex 6883.5 12606.62 800.02
vertex 6927.7 12606.62 800.02
endloop
endfacet
facet normal 0 0 -1
outer loop
vertex 6796.66 12602.59 800.02
vertex 6927.7 12606.62 800.02
vertex 6925.490000000001 12596.48 800.02
endloop
endfacet
facet normal 0 0 -1
outer loop
vertex 6796.66 12602.59 800.02
vertex 6925.490000000001 12596.48 800.02
vertex 6611.02 12596.48 800.02
endloop
endfacet
facet normal 0 0 -1
outer loop
vertex 6796.66 12602.59 800.02
vertex 6611.02 12596.48 800.02
vertex 6635.46 12606.62 800.02
endloop
endfacet
facet normal 0 0 -1
outer loop
vertex 6796.66 12602.59 800.02
vertex 6635.46 12606.62 800.02
vertex 6883.5 12606.62 800.02
endloop
endfacet
facet normal 0 0 -1
outer loop
vertex 6925.490000000001 12596.48 800.02
vertex 6926.01 12596.220000000001 800.02
vertex 6610.5 12596.220000000001 800.02
endloop
endfacet
facet normal 0 0 -1
outer loop
vertex 6925.490000000001 12596.48 800.02
vertex 6610.5 12596.220000000001 800.02
vertex 6611.02 12596.48 800.02
endloop
endfacet
facet normal 0 0 -1
outer loop
vertex 6972.68 12597.130000000001 800.02
vertex 6972.42 12596.220000000001 800.02
vertex 6926.01 12596.220000000001 800.02
endloop
endfacet
facet normal 0 0 -1
outer loop
vertex 6972.68 12597.130000000001 800.02
vertex 6926.01 12596.220000000001 800.02
vertex 6927.83 12597.130000000001 800.02
endloop
endfacet
facet normal 0 0 -1
outer loop
vertex 6781.1900000000005 12592.710000000001 800.02
vertex 6926.01 12596.220000000001 800.02
vertex 6972.42 12596.220000000001 800.02
endloop
endfacet
facet normal 0 0 -1
outer loop
vertex 6781.1900000000005 12592.710000000001 800.02
vertex 6972.42 12596.220000000001 800.02
vertex 6969.820000000001 12586.470000000001 800.02
endloop
endfacet
facet normal 0 0 -1
outer loop
vertex 6781.1900000000005 12592.710000000001 800.02
vertex 6969.820000000001 12586.470000000001 800.02
vertex 6602.4400000000005 12586.470000000001 800.02
endloop
endfacet
facet normal 0 0 -1
outer loop
vertex 6781.1900000000005 12592.710000000001 800.02
vertex 6602.4400000000005 12586.470000000001 800.02
vertex 6605.6900000000005 12594.27 800.02
endloop
endfacet
facet normal 0 0 -1
outer loop
vertex 6781.1900000000005 12592.710000000001 800.02
vertex 6605.6900000000005 12594.27 800.02
vertex 6610.5 12596.220000000001 800.02
endloop
endfacet
facet normal 0 0 -1
outer loop
vertex 6781.1900000000005 12592.710000000001 800.02
vertex 6610.5 12596.220000000001 800.02
vertex 6926.01 12596.220000000001 800.02
endloop
endfacet
facet normal 0 0 -0.9999999999999999
outer loop
vertex 6969.820000000001 12586.470000000001 800.02
vertex 6971.900000000001 12585.560000000001 800.02
vertex 6602.18 12585.560000000001 800.02
endloop
endfacet
facet normal 0 0 -1
outer loop
vertex 6969.820000000001 12586.470000000001 800.02
vertex 6602.18 12585.560000000001 800.02
vertex 6602.4400000000005 12586.470000000001 800.02
endloop
endfacet
facet normal 0 0 -1
outer loop
vertex 7098.650000000001 12831.78 800.02
vertex 7017.400000000001 12585.560000000001 800.02
vertex 6971.900000000001 12585.560000000001 800.02
endloop
endfacet
facet normal 0 0 -1
outer loop
vertex 7098.650000000001 12831.78 800.02
vertex 6971.900000000001 12585.560000000001 800.02
vertex 7057.7 12845.300000000001 800.02
endloop
endfacet
facet normal 0 0 -1
outer loop
vertex 6839.820000000001 12579.32 800.02
vertex 6971.900000000001 12585.560000000001 800.02
vertex 7017.400000000001 12585.560000000001 800.02
endloop
endfacet
facet normal 0 0 -1
outer loop
vertex 6839.820000000001 12579.32 800.02
vertex 7017.400000000001 12585.560000000001 800.02
vertex 7012.2 12569.960000000001 800.02
endloop
endfacet
facet normal 0 0 -0.9999999999999999
outer loop
vertex 6839.820000000001 12579.32 800.02
vertex 7012.2 12569.960000000001 800.02
vertex 6595.68 12569.960000000001 800.02
endloop
endfacet
facet normal 0 0 -1
outer loop
vertex 6839.820000000001 12579.32 800.02
vertex 6595.68 12569.960000000001 800.02
vertex 6602.18 12585.560000000001 800.02
endloop
endfacet
facet normal 0 0 -1
outer loop
vertex 6839.820000000001 12579.32 800.02
vertex 6602.18 12585.560000000001 800.02
vertex 6971.900000000001 12585.560000000001 800.02
endloop
endfacet
facet normal 0 0 -1
outer loop
vertex 7012.2 12569.960000000001 800.02
vertex 7014.150000000001 12569.050000000001 800.02
vertex 6595.29 12569.050000000001 800.02
endloop
endfacet
facet normal 0 0 -1
outer loop
vertex 7012.2 12569.960000000001 800.02
vertex 6595.29 12569.050000000001 800.02
vertex 6595.68 12569.960000000001 800.02
endloop
endfacet
facet normal 0 0 -1
outer loop
vertex 7153.77 12810.85 800.02
vertex 7060.56 12569.050000000001 800.02
vertex 7014.150000000001 12569.050000000001 800.02
endloop
endfacet
facet normal 0 0 -1
outer loop
vertex 7153.77 12810.85 800.02
vertex 7014.150000000001 12569.050000000001 800.02
vertex 7113.47 12826.45 800.02
endloop
endfacet
facet normal 0 0 -1
outer loop
vertex 6862.4400000000005 12562.42 800.02
vertex 7014.150000000001 12569.050000000001 800.02
vertex 7060.56 12569.050000000001 800.02
endloop
endfacet
facet normal 0 0 -1
outer loop
vertex 6862.4400000000005 12562.42 800.02
vertex 7060.56 12569.050000000001 800.02
vertex 7054.06 12552.54 800.02
endloop
endfacet
facet normal 0 0 -1
outer loop
vertex 6862.4400000000005 12562.42 800.02
vertex 7054.06 12552.54 800.02
vertex 6588.400000000001 12552.54 800.02
endloop
endfacet
facet normal 0 0 -1
outer loop
vertex 6862.4400000000005 12562.42 800.02
vertex 6588.400000000001 12552.54 800.02
vertex 6595.29 12569.050000000001 800.02
endloop
endfacet
facet normal 0 0 -1
outer loop
vertex 6862.4400000000005 12562.42 800.02
vertex 6595.29 12569.050000000001 800.02
vertex 7014.150000000001 12569.050000000001 800.02
endloop
endfacet
facet normal 0 0 -1
outer loop
vertex 7054.06 12552.54 800.02
vertex 7056.14 12551.76 800.02
vertex 6588.14 12551.76 800.02
endloop
endfacet
facet normal 0 0 -1
outer loop
vertex 7054.06 12552.54 800.02
vertex 6588.14 12551.76 800.02
vertex 6588.400000000001 12552.54 800.02
endloop
endfacet
facet normal 0 0 -1
outer loop
vertex 7207.72 12787.32 800.02
vertex 7103.33 12551.76 800.02
vertex 7056.14 12551.76 800.02
endloop
endfacet
facet normal 0 0 -0.9999999999999999
outer loop
vertex 7207.72 12787.32 800.02
vertex 7056.14 12551.76 800.02
vertex 7168.2 12804.74 800.02
endloop
endfacet
facet normal 0 0 -1
outer loop
vertex 6884.93 12545.130000000001 800.02
vertex 7056.14 12551.76 800.02
vertex 7103.33 12551.76 800.02
endloop
endfacet
facet normal 0 0 -0.9999999999999999
outer loop
vertex 6884.93 12545.130000000001 800.02
vertex 7103.33 12551.76 800.02
vertex 7096.05 12535.25 800.02
endloop
endfacet
facet normal 0 0 -1
outer loop
vertex 6884.93 12545.130000000001 800.02
vertex 7096.05 12535.25 800.02
vertex 6581.25 12535.25 800.02
endloop
endfacet
facet normal 0 0 -1
outer loop
vertex 6884.93 12545.130000000001 800.02
vertex 6581.25 12535.25 800.02
vertex 6588.14 12551.76 800.02
endloop
endfacet
facet normal 0 0 -0.9999999999999999
outer loop
vertex 6884.93 12545.130000000001 800.02
vertex 6588.14 12551.76 800.02
vertex 7056.14 12551.76 800.02
endloop
endfacet
facet normal 0 0 -1
outer loop
vertex 7096.05 12535.25 800.02
vertex 7098 12534.34 800.02
vertex 6580.860000000001 12534.34 800.02
endloop
endfacet
facet normal 0 0 -0.9999999999999999
outer loop
vertex 7096.05 12535.25 800.02
vertex 6580.860000000001 12534.34 800.02
vertex 6581.25 12535.25 800.02
endloop
endfacet
facet normal 0 0 -1
outer loop
vertex 7260.5 12761.060000000001 800.02
vertex 7146.360000000001 12534.34 800.02
vertex 7098 12534.34 800.02
endloop
endfacet
facet normal 0 0 -1
outer loop
vertex 7260.5 12761.060000000001 800.02
vertex 7098 12534.34 800.02
vertex 7221.89 12780.43 800.02
endloop
endfacet
facet normal 0 0 -0.9999999999999999
outer loop
vertex 6907.030000000001 12526.93 800.02
vertex 7098 12534.34 800.02
vertex 7146.360000000001 12534.34 800.02
endloop
endfacet
facet normal 0 0 -1
outer loop
vertex 6907.030000000001 12526.93 800.02
vertex 7146.360000000001 12534.34 800.02
vertex 7137 12515.75 800.02
endloop
endfacet
facet normal 0 0 -1
outer loop
vertex 6907.030000000001 12526.93 800.02
vertex 7137 12515.75 800.02
vertex 6573.1900000000005 12515.75 800.02
endloop
endfacet
facet normal 0 0 -1
outer loop
vertex 6907.030000000001 12526.93 800.02
vertex 6573.1900000000005 12515.75 800.02
vertex 6580.860000000001 12534.34 800.02
endloop
endfacet
facet normal 0 0 -1
outer loop
vertex 6907.030000000001 12526.93 800.02
vertex 6580.860000000001 12534.34 800.02
vertex 7098 12534.34 800.02
endloop
endfacet
facet normal 0 0 -1
outer loop
vertex 7137 12515.75 800.02
vertex 7137.91 12513.67 800.02
vertex 6572.280000000001 12513.67 800.02
endloop
endfacet
facet normal 0 0 -1
outer loop
vertex 7137 12515.75 800.02
vertex 6572.280000000001 12513.67 800.02
vertex 6573.1900000000005 12515.75 800.02
endloop
endfacet
facet normal 0 0 -1
outer loop
vertex 7137.91 12513.67 800.02
vertex 7138.3 12513.54 800.02
vertex 6572.280000000001 12513.54 800.02
endloop
endfacet
facet normal 0 0 -1
outer loop
vertex 7137.91 12513.67 800.02
vertex 6572.280000000001 12513.54 800.02
vertex 6572.280000000001 12513.67 800.02
endloop
endfacet
facet normal 0 0 -1
outer loop
vertex 7311.85 12732.33 800.02
vertex 7187.96 12513.54 800.02
vertex 7138.3 12513.54 800.02
endloop
endfacet
facet normal 0 0 -0.9999999999999999
outer loop
vertex 7311.85 12732.33 800.02
vertex 7138.3 12513.54 800.02
vertex 7274.280000000001 12753.52 800.02
endloop
endfacet
facet normal 0 0 -1
outer loop
vertex 6868.55 12504.310000000001 800.02
vertex 7138.3 12513.54 800.02
vertex 7187.96 12513.54 800.02
endloop
endfacet
facet normal 0 0 -1
outer loop
vertex 6868.55 12504.310000000001 800.02
vertex 7187.96 12513.54 800.02
vertex 7176.13 12492.61 800.02
endloop
endfacet
facet normal 0 0 -1
outer loop
vertex 6868.55 12504.310000000001 800.02
vertex 7176.13 12492.61 800.02
vertex 6569.68 12492.61 800.02
endloop
endfacet
facet normal 0 0 -1
outer loop
vertex 6868.55 12504.310000000001 800.02
vertex 6569.68 12492.61 800.02
vertex 6566.6900000000005 12500.02 800.02
endloop
endfacet
facet normal 0 0 -1
outer loop
vertex 6868.55 12504.310000000001 800.02
vertex 6566.6900000000005 12500.02 800.02
vertex 6572.280000000001 12513.54 800.02
endloop
endfacet
facet normal 0 0 -1
outer loop
vertex 6868.55 12504.310000000001 800.02
vertex 6572.280000000001 12513.54 800.02
vertex 7138.3 12513.54 800.02
endloop
endfacet
facet normal 0 0 -1
outer loop
vertex 7176.13 12492.61 800.02
vertex 7178.21 12491.83 800.02
vertex 6570.070000000001 12491.83 800.02
endloop
endfacet
facet normal 0 0 -1
outer loop
vertex 7176.13 12492.61 800.02
vertex 6570.070000000001 12491.83 800.02
vertex 6569.68 12492.61 800.02
endloop
endfacet
facet normal 0 0 -1
outer loop
vertex 7361.77 12701 800.02
vertex 7229.3 12491.83 800.02
vertex 7178.21 12491.83 800.02
endloop
endfacet
facet normal 0 0 -1
outer loop
vertex 7361.77 12701 800.02
vertex 7178.21 12491.83 800.02
vertex 7325.240000000001 12724.140000000001 800.02
endloop
endfacet
facet normal 0 0 -0.9999999999999999
outer loop
vertex 6954.35 12482.86 800.02
vertex 7178.21 12491.83 800.02
vertex 7229.3 12491.83 800.02
endloop
endfacet
facet normal 0 0 -1
outer loop
vertex 6954.35 12482.86 800.02
vertex 7229.3 12491.83 800.02
vertex 7215 12469.34 800.02
endloop
endfacet
facet normal 0 0 -1
outer loop
vertex 6954.35 12482.86 800.02
vertex 7215 12469.34 800.02
vertex 6579.43 12469.34 800.02
endloop
endfacet
facet normal 0 0 -1
outer loop
vertex 6954.35 12482.86 800.02
vertex 6579.43 12469.34 800.02
vertex 6570.070000000001 12491.83 800.02
endloop
endfacet
facet normal 0 0 -1
outer loop
vertex 6954.35 12482.86 800.02
vertex 6570.070000000001 12491.83 800.02
vertex 7178.21 12491.83 800.02
endloop
endfacet
facet normal 0 0 -1
outer loop
vertex 7215 12469.34 800.02
vertex 7217.21 12468.43 800.02
vertex 6579.820000000001 12468.43 800.02
endloop
endfacet
facet normal 0 0 -0.9999999999999999
outer loop
vertex 7215 12469.34 800.02
vertex 6579.820000000001 12468.43 800.02
vertex 6579.43 12469.34 800.02
endloop
endfacet
facet normal 0 0 -1
outer loop
vertex 7410.13 12667.33 800.02
vertex 7269.990000000001 12468.43 800.02
vertex 7217.21 12468.43 800.02
endloop
endfacet
facet normal 0 0 -1
outer loop
vertex 7410.13 12667.33 800.02
vertex 7217.21 12468.43 800.02
vertex 7374.77 12692.16 800.02
endloop
endfacet
facet normal 0 0 -0.9999999999999999
outer loop
vertex 6981.91 12458.810000000001 800.02
vertex 7217.21 12468.43 800.02
vertex 7269.990000000001 12468.43 800.02
endloop
endfacet
facet normal 0 0 -1
outer loop
vertex 6981.91 12458.810000000001 800.02
vertex 7269.990000000001 12468.43 800.02
vertex 7252.96 12444.25 800.02
endloop
endfacet
facet normal 0 0 -1
outer loop
vertex 6981.91 12458.810000000001 800.02
vertex 7252.96 12444.25 800.02
vertex 6589.7 12444.25 800.02
endloop
endfacet
facet normal 0 0 -1
outer loop
vertex 6981.91 12458.810000000001 800.02
vertex 6589.7 12444.25 800.02
vertex 6579.820000000001 12468.43 800.02
endloop
endfacet
facet normal 0 0 -0.9999999999999999
outer loop
vertex 6981.91 12458.810000000001 800.02
vertex 6579.820000000001 12468.43 800.02
vertex 7217.21 12468.43 800.02
endloop
endfacet
facet normal 0 0 -1
outer loop
vertex 7252.96 12444.25 800.02
vertex 7255.17 12443.34 800.02
vertex 6590.09 12443.34 800.02
endloop
endfacet
facet normal 0 0 -1
outer loop
vertex 7252.96 12444.25 800.02
vertex 6590.09 12443.34 800.02
vertex 6589.7 12444.25 800.02
endloop
endfacet
facet normal 0 0 -1
outer loop
vertex 7456.67 12631.32 800.02
vertex 7310.030000000001 12443.34 800.02
vertex 7255.17 12443.34 800.02
endloop
endfacet
facet normal 0 0 -1
outer loop
vertex 7456.67 12631.32 800.02
vertex 7255.17 12443.34 800.02
vertex 7422.610000000001 12657.84 800.02
endloop
endfacet
facet normal 0 0 -1
outer loop
vertex 7009.21 12433.07 800.02
vertex 7255.17 12443.34 800.02
vertex 7310.030000000001 12443.34 800.02
endloop
endfacet
facet normal 0 0 -1
outer loop
vertex 7009.21 12433.07 800.02
vertex 7310.030000000001 12443.34 800.02
vertex 7289.88 12417.6 800.02
endloop
endfacet
facet normal 0 0 -1
outer loop
vertex 7009.21 12433.07 800.02
vertex 7289.88 12417.6 800.02
vertex 6600.75 12417.6 800.02
endloop
endfacet
facet normal 0 0 -1
outer loop
vertex 7009.21 12433.07 800.02
vertex 6600.75 12417.6 800.02
vertex 6590.09 12443.34 800.02
endloop
endfacet
facet normal 0 0 -1
outer loop
vertex 7009.21 12433.07 800.02
vertex 6590.09 12443.34 800.02
vertex 7255.17 12443.34 800.02
endloop
endfacet
facet normal 0 0 -1
outer loop
vertex 7289.88 12417.6 800.02
vertex 7292.22 12416.69 800.02
vertex 6601.14 12416.69 800.02
endloop
endfacet
facet normal 0 0 -0.9999999999999999
outer loop
vertex 7289.88 12417.6 800.02
vertex 6601.14 12416.69 800.02
vertex 6600.75 12417.6 800.02
endloop
endfacet
facet normal 0 0 -1
outer loop
vertex 7501.52 12593.1 800.02
vertex 7349.29 12416.69 800.02
vertex 7292.22 12416.69 800.02
endloop
endfacet
facet normal 0 0 -1
outer loop
vertex 7501.52 12593.1 800.02
vertex 7292.22 12416.69 800.02
vertex 7468.76 12621.310000000001 800.02
endloop
endfacet
facet normal 0 0 -1
outer loop
vertex 6969.820000000001 12405.77 800.02
vertex 7292.22 12416.69 800.02
vertex 7349.29 12416.69 800.02
endloop
endfacet
facet normal 0 0 -1
outer loop
vertex 6969.820000000001 12405.77 800.02
vertex 7349.29 12416.69 800.02
vertex 7325.76 12389.390000000001 800.02
endloop
endfacet
facet normal 0 0 -1
outer loop
vertex 6969.820000000001 12405.77 800.02
vertex 7325.76 12389.390000000001 800.02
vertex 6645.08 12389.390000000001 800.02
endloop
endfacet
facet normal 0 0 -1
outer loop
vertex 6969.820000000001 12405.77 800.02
vertex 6645.08 12389.390000000001 800.02
vertex 6605.6900000000005 12405.77 800.02
endloop
endfacet
facet normal 0 0 -0.9999999999999999
outer loop
vertex 6969.820000000001 12405.77 800.02
vertex 6605.6900000000005 12405.77 800.02
vertex 6601.14 12416.69 800.02
endloop
endfacet
facet normal 0 0 -0.9999999999999999
outer loop
vertex 6969.820000000001 12405.77 800.02
vertex 6601.14 12416.69 800.02
vertex 7292.22 12416.69 800.02
endloop
endfacet
facet normal 0 0 -0.9999999999999999
outer loop
vertex 7325.76 12389.390000000001 800.02
vertex 7328.2300000000005 12388.35 800.02
vertex 6647.55 12388.35 800.02
endloop
endfacet
facet normal 0 0 -0.9999999999999999
outer loop
vertex 7325.76 12389.390000000001 800.02
vertex 6647.55 12388.35 800.02
vertex 6645.08 12389.390000000001 800.02
endloop
endfacet
facet normal 0 0 -1
outer loop
vertex 7544.29 12552.67 800.02
vertex 7387.900000000001 12388.35 800.02
vertex 7328.2300000000005 12388.35 800.02
endloop
endfacet
facet normal 0 0 -0.9999999999999999
outer loop
vertex 7544.29 12552.67 800.02
vertex 7328.2300000000005 12388.35 800.02
vertex 7513.09 12582.44 800.02
endloop
endfacet
facet normal 0 0 -1
outer loop
vertex 7085.780000000001 12380.29 800.02
vertex 7328.2300000000005 12388.35 800.02
vertex 7387.900000000001 12388.35 800.02
endloop
endfacet
facet normal 0 0 -1
outer loop
vertex 7085.780000000001 12380.29 800.02
vertex 7387.900000000001 12388.35 800.02
vertex 7368.530000000001 12368.07 800.02
endloop
endfacet
facet normal 0 0 -1
outer loop
vertex 7085.780000000001 12380.29 800.02
vertex 7368.530000000001 12368.07 800.02
vertex 6696.820000000001 12368.07 800.02
endloop
endfacet
facet normal 0 0 -1
outer loop
vertex 7085.780000000001 12380.29 800.02
vertex 6696.820000000001 12368.07 800.02
vertex 6647.55 12388.35 800.02
endloop
endfacet
facet normal 0 0 -1
outer loop
vertex 7085.780000000001 12380.29 800.02
vertex 6647.55 12388.35 800.02
vertex 7328.2300000000005 12388.35 800.02
endloop
endfacet
facet normal 0 0 -1
outer loop
vertex 7368.530000000001 12368.07 800.02
vertex 7360.21 12359.36 800.02
vertex 6696.56 12359.36 800.02
endloop
endfacet
facet normal 0 0 -1
outer loop
vertex 7368.530000000001 12368.07 800.02
vertex 6696.56 12359.36 800.02
vertex 6696.820000000001 12368.07 800.02
endloop
endfacet
facet normal 0 0 -1
outer loop
vertex 7360.21 12359.36 800.02
vertex 7361.25 12356.76 800.02
vertex 6696.43 12356.76 800.02
endloop
endfacet
facet normal 0 0 -1
outer loop
vertex 7360.21 12359.36 800.02
vertex 6696.43 12356.76 800.02
vertex 6696.56 12359.36 800.02
endloop
endfacet
facet normal 0 0 -1
outer loop
vertex 7585.110000000001 12510.16 800.02
vertex 7423.91 12356.76 800.02
vertex 7361.25 12356.76 800.02
endloop
endfacet
facet normal 0 0 -1
outer loop
vertex 7585.110000000001 12510.16 800.02
vertex 7361.25 12356.76 800.02
vertex 7555.34 12541.49 800.02
endloop
endfacet
facet normal 0 0 -0.9999999999999999
outer loop
vertex 7113.47 12343.76 800.02
vertex 7361.25 12356.76 800.02
vertex 7423.91 12356.76 800.02
endloop
endfacet
facet normal 0 0 -1
outer loop
vertex 7113.47 12343.76 800.02
vertex 7423.91 12356.76 800.02
vertex 7389.9800000000005 12324.390000000001 800.02
endloop
endfacet
facet normal 0 0 -1
outer loop
vertex 7113.47 12343.76 800.02
vertex 7389.9800000000005 12324.390000000001 800.02
vertex 6695.650000000001 12324.390000000001 800.02
endloop
endfacet
facet normal 0 0 -0.9999999999999999
outer loop
vertex 7113.47 12343.76 800.02
vertex 6695.650000000001 12324.390000000001 800.02
vertex 6696.43 12356.76 800.02
endloop
endfacet
facet normal 0 0 -1
outer loop
vertex 7113.47 12343.76 800.02
vertex 6696.43 12356.76 800.02
vertex 7361.25 12356.76 800.02
endloop
endfacet
facet normal 0 0 -1
outer loop
vertex 7389.9800000000005 12324.390000000001 800.02
vertex 7391.02 12321.92 800.02
vertex 6695.650000000001 12321.92 800.02
endloop
endfacet
facet normal 0 0 -1
outer loop
vertex 7389.9800000000005 12324.390000000001 800.02
vertex 6695.650000000001 12321.92 800.02
vertex 6695.650000000001 12324.390000000001 800.02
endloop
endfacet
facet normal 0 0 -1
outer loop
vertex 7623.85 12465.83 800.02
vertex 7457.06 12321.92 800.02
vertex 7391.02 12321.92 800.02
endloop
endfacet
facet normal 0 0 -1
outer loop
vertex 7623.85 12465.83 800.02
vertex 7391.02 12321.92 800.02
vertex 7595.64 12498.460000000001 800.02
endloop
endfacet
facet normal 0 0 -1
outer loop
vertex 7131.41 12308.53 800.02
vertex 7391.02 12321.92 800.02
vertex 7457.06 12321.92 800.02
endloop
endfacet
facet normal 0 0 -1
outer loop
vertex 7131.41 12308.53 800.02
vertex 7457.06 12321.92 800.02
vertex 7418.1900000000005 12288.380000000001 800.02
endloop
endfacet
facet normal 0 0 -1
outer loop
vertex 7131.41 12308.53 800.02
vertex 7418.1900000000005 12288.380000000001 800.02
vertex 6694.87 12288.380000000001 800.02
endloop
endfacet
facet normal 0 0 -1
outer loop
vertex 7131.41 12308.53 800.02
vertex 6694.87 12288.380000000001 800.02
vertex 6695.650000000001 12321.92 800.02
endloop
endfacet
facet normal 0 0 -0.9999999999999999
outer loop
vertex 7131.41 12308.53 800.02
vertex 6695.650000000001 12321.92 800.02
vertex 7391.02 12321.92 800.02
endloop
endfacet
facet normal 0 0 -0.9999999999999999
outer loop
vertex 7418.1900000000005 12288.380000000001 800.02
vertex 7419.2300000000005 12286.17 800.02
vertex 6694.74 12286.17 800.02
endloop
endfacet
facet normal 0 0 -1
outer loop
vertex 7418.1900000000005 12288.380000000001 800.02
vertex 6694.74 12286.17 800.02
vertex 6694.87 12288.380000000001 800.02
endloop
endfacet
facet normal 0 0 -1
outer loop
vertex 7660.38 12419.550000000001 800.02
vertex 7489.43 12286.17 800.02
vertex 7419.2300000000005 12286.17 800.02
endloop
endfacet
facet normal 0 0 -1
outer loop
vertex 7660.38 12419.550000000001 800.02
vertex 7419.2300000000005 12286.17 800.02
vertex 7633.7300000000005 12453.61 800.02
endloop
endfacet
facet normal 0 0 -1
outer loop
vertex 7148.4400000000005 12272.26 800.02
vertex 7419.2300000000005 12286.17 800.02
vertex 7489.43 12286.17 800.02
endloop
endfacet
facet normal 0 0 -1
outer loop
vertex 7148.4400000000005 12272.26 800.02
vertex 7489.43 12286.17 800.02
vertex 7444.84 12251.460000000001 800.02
endloop
endfacet
facet normal 0 0 -0.9999999999999999
outer loop
vertex 7148.4400000000005 12272.26 800.02
vertex 7444.84 12251.460000000001 800.02
vertex 6693.96 12251.460000000001 800.02
endloop
endfacet
facet normal 0 0 -1
outer loop
vertex 7148.4400000000005 12272.26 800.02
vertex 6693.96 12251.460000000001 800.02
vertex 6694.74 12286.17 800.02
endloop
endfacet
facet normal 0 0 -1
outer loop
vertex 7148.4400000000005 12272.26 800.02
vertex 6694.74 12286.17 800.02
vertex 7419.2300000000005 12286.17 800.02
endloop
endfacet
facet normal 0 0 -0.9999999999999999
outer loop
vertex 7444.84 12251.460000000001 800.02
vertex 7445.75 12249.25 800.02
vertex 6693.83 12249.25 800.02
endloop
endfacet
facet normal 0 0 -1
outer loop
vertex 7444.84 12251.460000000001 800.02
vertex 6693.83 12249.25 800.02
vertex 6693.96 12251.460000000001 800.02
endloop
endfacet
facet normal 0 0 -0.9999999999999999
outer loop
vertex 7694.4400000000005 12371.58 800.02
vertex 7520.76 12249.25 800.02
vertex 7445.75 12249.25 800.02
endloop
endfacet
facet normal 0 0 -1
outer loop
vertex 7694.4400000000005 12371.58 800.02
vertex 7445.75 12249.25 800.02
vertex 7669.610000000001 12406.94 800.02
endloop
endfacet
facet normal 0 0 -1
outer loop
vertex 7164.6900000000005 12234.95 800.02
vertex 7445.75 12249.25 800.02
vertex 7520.76 12249.25 800.02
endloop
endfacet
facet normal 0 0 -1
outer loop
vertex 7164.6900000000005 12234.95 800.02
vertex 7520.76 12249.25 800.02
vertex 7469.93 12213.37 800.02
endloop
endfacet
facet normal 0 0 -1
outer loop
vertex 7164.6900000000005 12234.95 800.02
vertex 7469.93 12213.37 800.02
vertex 6692.92 12213.37 800.02
endloop
endfacet
facet normal 0 0 -1
outer loop
vertex 7164.6900000000005 12234.95 800.02
vertex 6692.92 12213.37 800.02
vertex 6693.83 12249.25 800.02
endloop
endfacet
facet normal 0 0 -1
outer loop
vertex 7164.6900000000005 12234.95 800.02
vertex 6693.83 12249.25 800.02
vertex 7445.75 12249.25 800.02
endloop
endfacet
facet normal 0 0 -1
outer loop
vertex 7469.93 12213.37 800.02
vertex 7470.84 12211.29 800.02
vertex 6692.92 12211.29 800.02
endloop
endfacet
facet normal 0 0 -1
outer loop
vertex 7469.93 12213.37 800.02
vertex 6692.92 12211.29 800.02
vertex 6692.92 12213.37 800.02
endloop
endfacet
facet normal 0 0 -1
outer loop
vertex 7726.29 12321.92 800.02
vertex 7551.570000000001 12211.29 800.02
vertex 7470.84 12211.29 800.02
endloop
endfacet
facet normal 0 0 -1
outer loop
vertex 7726.29 12321.92 800.02
vertex 7470.84 12211.29 800.02
vertex 7703.150000000001 12358.45 800.02
endloop
endfacet
facet normal 0 0 -1
outer loop
vertex 7180.16 12196.6 800.02
vertex 7470.84 12211.29 800.02
vertex 7551.570000000001 12211.29 800.02
endloop
endfacet
facet normal 0 0 -0.9999999999999999
outer loop
vertex 7180.16 12196.6 800.02
vertex 7551.570000000001 12211.29 800.02
vertex 7493.33 12174.5 800.02
endloop
endfacet
facet normal 0 0 -1
outer loop
vertex 7180.16 12196.6 800.02
vertex 7493.33 12174.5 800.02
vertex 6692.01 12174.5 800.02
endloop
endfacet
facet normal 0 0 -1
outer loop
vertex 7180.16 12196.6 800.02
vertex 6692.01 12174.5 800.02
vertex 6692.92 12211.29 800.02
endloop
endfacet
facet normal 0 0 -1
outer loop
vertex 7180.16 12196.6 800.02
vertex 6692.92 12211.29 800.02
vertex 7470.84 12211.29 800.02
endloop
endfacet
facet normal 0 0 -1
outer loop
vertex 7493.33 12174.5 800.02
vertex 7493.59 12173.98 800.02
vertex 6692.01 12173.98 800.02
endloop
endfacet
facet normal 0 0 -1
outer loop
vertex 7493.33 12174.5 800.02
vertex 6692.01 12173.98 800.02
vertex 6692.01 12174.5 800.02
endloop
endfacet
facet normal 0 0 -1
outer loop
vertex 7493.59 12173.98 800.02
vertex 7495.54 12173.2 800.02
vertex 6692.01 12173.2 800.02
endloop
endfacet
facet normal 0 0 -1
outer loop
vertex 7493.59 12173.98 800.02
vertex 6692.01 12173.2 800.02
vertex 6692.01 12173.98 800.02
endloop
endfacet
facet normal 0 0 -0.9999999999999999
outer loop
vertex 7755.54 12270.83 800.02
vertex 7583.16 12173.2 800.02
vertex 7495.54 12173.2 800.02
endloop
endfacet
facet normal 0 0 -0.9999999999999999
outer loop
vertex 7755.54 12270.83 800.02
vertex 7495.54 12173.2 800.02
vertex 7734.22 12308.4 800.02
endloop
endfacet
facet normal 0 0 -1
outer loop
vertex 7195.89 12158.380000000001 800.02
vertex 7495.54 12173.2 800.02
vertex 7583.16 12173.2 800.02
endloop
endfacet
facet normal 0 0 -1
outer loop
vertex 7195.89 12158.380000000001 800.02
vertex 7583.16 12173.2 800.02
vertex 7517.64 12136.02 800.02
endloop
endfacet
facet normal 0 0 -1
outer loop
vertex 7195.89 12158.380000000001 800.02
vertex 7517.64 12136.02 800.02
vertex 6691.1 12136.02 800.02
endloop
endfacet
facet normal 0 0 -1
outer loop
vertex 7195.89 12158.380000000001 800.02
vertex 6691.1 12136.02 800.02
vertex 6692.01 12173.2 800.02
endloop
endfacet
facet normal 0 0 -1
outer loop
vertex 7195.89 12158.380000000001 800.02
vertex 6692.01 12173.2 800.02
vertex 7495.54 12173.2 800.02
endloop
endfacet
facet normal 0 0 -1
outer loop
vertex 7517.64 12136.02 800.02
vertex 7518.42 12133.94 800.02
vertex 6690.97 12133.94 800.02
endloop
endfacet
facet normal 0 0 -0.9999999999999999
outer loop
vertex 7517.64 12136.02 800.02
vertex 6690.97 12133.94 800.02
vertex 6691.1 12136.02 800.02
endloop
endfacet
facet normal 0 0 -1
outer loop
vertex 7782.1900000000005 12218.44 800.02
vertex 7614.490000000001 12133.94 800.02
vertex 7518.42 12133.94 800.02
endloop
endfacet
facet normal 0 0 -0.9999999999999999
outer loop
vertex 7782.1900000000005 12218.44 800.02
vertex 7518.42 12133.94 800.02
vertex 7762.820000000001 12256.92 800.02
endloop
endfacet
facet normal 0 0 -1
outer loop
vertex 7129.9800000000005 12116.78 800.02
vertex 7518.42 12133.94 800.02
vertex 7614.490000000001 12133.94 800.02
endloop
endfacet
facet normal 0 0 -1
outer loop
vertex 7129.9800000000005 12116.78 800.02
vertex 7614.490000000001 12133.94 800.02
vertex 7545.85 12099.36 800.02
endloop
endfacet
facet normal 0 0 -0.9999999999999999
outer loop
vertex 7129.9800000000005 12116.78 800.02
vertex 7545.85 12099.36 800.02
vertex 6719.570000000001 12099.36 800.02
endloop
endfacet
facet normal 0 0 -1
outer loop
vertex 7129.9800000000005 12116.78 800.02
vertex 6719.570000000001 12099.36 800.02
vertex 6690.1900000000005 12100.140000000001 800.02
endloop
endfacet
facet normal 0 0 -0.9999999999999999
outer loop
vertex 7129.9800000000005 12116.78 800.02
vertex 6690.1900000000005 12100.140000000001 800.02
vertex 6690.97 12133.94 800.02
endloop
endfacet
facet normal 0 0 -0.9999999999999999
outer loop
vertex 7129.9800000000005 12116.78 800.02
vertex 6690.97 12133.94 800.02
vertex 7518.42 12133.94 800.02
endloop
endfacet
facet normal 0 0 -1
outer loop
vertex 7545.85 12099.36 800.02
vertex 7542.990000000001 12097.93 800.02
vertex 6739.2 12097.93 800.02
endloop
endfacet
facet normal 0 0 -1
outer loop
vertex 7545.85 12099.36 800.02
vertex 6739.2 12097.93 800.02
vertex 6719.570000000001 12099.36 800.02
endloop
endfacet
facet normal 0 0 -1
outer loop
vertex 7542.990000000001 12097.93 800.02
vertex 7538.18 12095.59 800.02
vertex 6758.7 12095.59 800.02
endloop
endfacet
facet normal 0 0 -1
outer loop
vertex 7542.990000000001 12097.93 800.02
vertex 6758.7 12095.59 800.02
vertex 6739.2 12097.93 800.02
endloop
endfacet
facet normal 0 0 -1
outer loop
vertex 7538.18 12095.59 800.02
vertex 7535.84 12094.42 800.02
vertex 6765.46 12094.42 800.02
endloop
endfacet
facet normal 0 0 -1
outer loop
vertex 7538.18 12095.59 800.02
vertex 6765.46 12094.42 800.02
vertex 6758.7 12095.59 800.02
endloop
endfacet
facet normal 0 0 -1
outer loop
vertex 7535.84 12094.42 800.02
vertex 7536.75 12092.34 800.02
vertex 6777.030000000001 12092.34 800.02
endloop
endfacet
facet normal 0 0 -1
outer loop
vertex 7535.84 12094.42 800.02
vertex 6777.030000000001 12092.34 800.02
vertex 6765.46 12094.42 800.02
endloop
endfacet
facet normal 0 0 -1
outer loop
vertex 7806.37 12164.62 800.02
vertex 7643.35 12092.34 800.02
vertex 7536.75 12092.34 800.02
endloop
endfacet
facet normal 0 0 -1
outer loop
vertex 7806.37 12164.62 800.02
vertex 7536.75 12092.34 800.02
vertex 7788.820000000001 12204.140000000001 800.02
endloop
endfacet
facet normal 0 0 0
outer loop
vertex 7275.58 12092.34 800.02
vertex 7536.75 12092.34 800.02
vertex 7643.35 12092.34 800.02
endloop
endfacet
facet normal 0 0 -1
outer loop
vertex 7275.58 12092.34 800.02
vertex 7643.35 12092.34 800.02
vertex 7642.96 12092.210000000001 800.02
endloop
endfacet
facet normal 0 0 -1
outer loop
vertex 7275.58 12092.34 800.02
vertex 7642.96 12092.210000000001 800.02
vertex 6778.070000000001 12092.210000000001 800.02
endloop
endfacet
facet normal 0 0 -1
outer loop
vertex 7275.58 12092.34 800.02
vertex 6778.070000000001 12092.210000000001 800.02
vertex 6777.030000000001 12092.34 800.02
endloop
endfacet
facet normal 0 0 0
outer loop
vertex 7275.58 12092.34 800.02
vertex 6777.030000000001 12092.34 800.02
vertex 7536.75 12092.34 800.02
endloop
endfacet
facet normal 0 0 -1
outer loop
vertex 7642.96 12092.210000000001 800.02
vertex 7633.21 12087.92 800.02
vertex 6797.18 12087.92 800.02
endloop
endfacet
facet normal 0 0 -0.9999999999999999
outer loop
vertex 7642.96 12092.210000000001 800.02
vertex 6797.18 12087.92 800.02
vertex 6778.070000000001 12092.210000000001 800.02
endloop
endfacet
facet normal 0 0 -1
outer loop
vertex 7633.21 12087.92 800.02
vertex 7621.38 12082.720000000001 800.02
vertex 6816.030000000001 12082.720000000001 800.02
endloop
endfacet
facet normal 0 0 -1
outer loop
vertex 7633.21 12087.92 800.02
vertex 6816.030000000001 12082.720000000001 800.02
vertex 6797.18 12087.92 800.02
endloop
endfacet
facet normal 0 0 -0.9999999999999999
outer loop
vertex 7621.38 12082.720000000001 800.02
vertex 7607.47 12076.48 800.02
vertex 6834.75 12076.48 800.02
endloop
endfacet
facet normal 0 0 -1
outer loop
vertex 7621.38 12082.720000000001 800.02
vertex 6834.75 12076.48 800.02
vertex 6816.030000000001 12082.720000000001 800.02
endloop
endfacet
facet normal 0 0 -1
outer loop
vertex 7607.47 12076.48 800.02
vertex 7591.610000000001 12069.460000000001 800.02
vertex 6853.08 12069.460000000001 800.02
endloop
endfacet
facet normal 0 0 -1
outer loop
vertex 7607.47 12076.48 800.02
vertex 6853.08 12069.460000000001 800.02
vertex 6834.75 12076.48 800.02
endloop
endfacet
facet normal 0 0 -1
outer loop
vertex 7591.610000000001 12069.460000000001 800.02
vertex 7573.67 12061.53 800.02
vertex 6871.02 12061.53 800.02
endloop
endfacet
facet normal 0 0 -1
outer loop
vertex 7591.610000000001 12069.460000000001 800.02
vertex 6871.02 12061.53 800.02
vertex 6853.08 12069.460000000001 800.02
endloop
endfacet
facet normal 0 0 -1
outer loop
vertex 7573.67 12061.53 800.02
vertex 7553.780000000001 12052.69 800.02
vertex 6888.4400000000005 12052.69 800.02
endloop
endfacet
facet normal 0 0 -1
outer loop
vertex 7573.67 12061.53 800.02
vertex 6888.4400000000005 12052.69 800.02
vertex 6871.02 12061.53 800.02
endloop
endfacet
facet normal 0 0 -1
outer loop
vertex 7553.780000000001 12052.69 800.02
vertex 7553.26 12052.43 800.02
vertex 6888.83 12052.43 800.02
endloop
endfacet
facet normal 0 0 -1
outer loop
vertex 7553.780000000001 12052.69 800.02
vertex 6888.83 12052.43 800.02
vertex 6888.4400000000005 12052.69 800.02
endloop
endfacet
facet normal 0 0 -1
outer loop
vertex 7553.26 12052.43 800.02
vertex 7554.04 12050.48 800.02
vertex 6892.34 12050.48 800.02
endloop
endfacet
facet normal 0 0 -1
outer loop
vertex 7553.26 12052.43 800.02
vertex 6892.34 12050.48 800.02
vertex 6888.83 12052.43 800.02
endloop
endfacet
facet normal 0 0 -0.9999999999999999
outer loop
vertex 7827.820000000001 12109.76 800.02
vertex 7674.030000000001 12050.48 800.02
vertex 7554.04 12050.48 800.02
endloop
endfacet
facet normal 0 0 -0.9999999999999999
outer loop
vertex 7827.820000000001 12109.76 800.02
vertex 7554.04 12050.48 800.02
vertex 7812.35 12150.060000000001 800.02
endloop
endfacet
facet normal 0 0 -1
outer loop
vertex 7336.16 12047.49 800.02
vertex 7554.04 12050.48 800.02
vertex 7674.030000000001 12050.48 800.02
endloop
endfacet
facet normal 0 0 -1
outer loop
vertex 7336.16 12047.49 800.02
vertex 7674.030000000001 12050.48 800.02
vertex 7654.66 12042.94 800.02
endloop
endfacet
facet normal 0 0 -0.9999999999999999
outer loop
vertex 7336.16 12047.49 800.02
vertex 7654.66 12042.94 800.02
vertex 6905.6 12042.94 800.02
endloop
endfacet
facet normal 0 0 -1
outer loop
vertex 7336.16 12047.49 800.02
vertex 6905.6 12042.94 800.02
vertex 6892.34 12050.48 800.02
endloop
endfacet
facet normal 0 0 -1
outer loop
vertex 7336.16 12047.49 800.02
vertex 6892.34 12050.48 800.02
vertex 7554.04 12050.48 800.02
endloop
endfacet
facet normal 0 0 -1
outer loop
vertex 7654.66 12042.94 800.02
vertex 7627.360000000001 12032.54 800.02
vertex 6922.110000000001 12032.54 800.02
endloop
endfacet
facet normal 0 0 -1
outer loop
vertex 7654.66 12042.94 800.02
vertex 6922.110000000001 12032.54 800.02
vertex 6905.6 12042.94 800.02
endloop
endfacet
facet normal 0 0 -1
outer loop
vertex 7627.360000000001 12032.54 800.02
vertex 7598.110000000001 12021.23 800.02
vertex 6938.2300000000005 12021.23 800.02
endloop
endfacet
facet normal 0 0 -1
outer loop
vertex 7627.360000000001 12032.54 800.02
vertex 6938.2300000000005 12021.23 800.02
vertex 6922.110000000001 12032.54 800.02
endloop
endfacet
facet normal 0 0 -1
outer loop
vertex 7598.110000000001 12021.23 800.02
vertex 7570.55 12010.57 800.02
vertex 6951.75 12010.57 800.02
endloop
endfacet
facet normal 0 0 -0.9999999999999999
outer loop
vertex 7598.110000000001 12021.23 800.02
vertex 6951.75 12010.57 800.02
vertex 6938.2300000000005 12021.23 800.02
endloop
endfacet
facet normal 0 0 -1
outer loop
vertex 7570.55 12010.57 800.02
vertex 7571.2 12009.140000000001 800.02
vertex 6953.7 12009.140000000001 800.02
endloop
endfacet
facet normal 0 0 -1
outer loop
vertex 7570.55 12010.57 800.02
vertex 6953.7 12009.140000000001 800.02
vertex 6951.75 12010.57 800.02
endloop
endfacet
facet normal 0 0 -0.9999999999999999
outer loop
vertex 7571.2 12009.140000000001 800.02
vertex 7571.46 12008.62 800.02
vertex 6954.35 12008.62 800.02
endloop
endfacet
facet normal 0 0 -1
outer loop
vertex 7571.2 12009.140000000001 800.02
vertex 6954.35 12008.62 800.02
vertex 6953.7 12009.140000000001 800.02
endloop
endfacet
facet normal 0 0 -1
outer loop
vertex 7846.54 12053.99 800.02
vertex 7709.13 12008.62 800.02
vertex 7571.46 12008.62 800.02
endloop
endfacet
facet normal 0 0 -1
outer loop
vertex 7846.54 12053.99 800.02
vertex 7571.46 12008.62 800.02
vertex 7833.02 12094.94 800.02
endloop
endfacet
facet normal 0 0 -1
outer loop
vertex 7375.030000000001 12003.68 800.02
vertex 7571.46 12008.62 800.02
vertex 7709.13 12008.62 800.02
endloop
endfacet
facet normal 0 0 -0.9999999999999999
outer loop
vertex 7375.030000000001 12003.68 800.02
vertex 7709.13 12008.62 800.02
vertex 7671.95 11996.27 800.02
endloop
endfacet
facet normal 0 0 -1
outer loop
vertex 7375.030000000001 12003.68 800.02
vertex 7671.95 11996.27 800.02
vertex 6968.52 11996.27 800.02
endloop
endfacet
facet normal 0 0 -1
outer loop
vertex 7375.030000000001 12003.68 800.02
vertex 6968.52 11996.27 800.02
vertex 6954.35 12008.62 800.02
endloop
endfacet
facet normal 0 0 -1
outer loop
vertex 7375.030000000001 12003.68 800.02
vertex 6954.35 12008.62 800.02
vertex 7571.46 12008.62 800.02
endloop
endfacet
facet normal 0 0 -1
outer loop
vertex 7671.95 11996.27 800.02
vertex 7631 11982.75 800.02
vertex 6982.820000000001 11982.75 800.02
endloop
endfacet
facet normal 0 0 -1
outer loop
vertex 7671.95 11996.27 800.02
vertex 6982.820000000001 11982.75 800.02
vertex 6968.52 11996.27 800.02
endloop
endfacet
facet normal 0 0 -1
outer loop
vertex 7631 11982.75 800.02
vertex 7587.97 11968.58 800.02
vertex 6996.34 11968.58 800.02
endloop
endfacet
facet normal 0 0 -1
outer loop
vertex 7631 11982.75 800.02
vertex 6996.34 11968.58 800.02
vertex 6982.820000000001 11982.75 800.02
endloop
endfacet
facet normal 0 0 -1
outer loop
vertex 7587.97 11968.58 800.02
vertex 7585.89 11967.800000000001 800.02
vertex 6996.860000000001 11967.800000000001 800.02
endloop
endfacet
facet normal 0 0 -1
outer loop
vertex 7587.97 11968.58 800.02
vertex 6996.860000000001 11967.800000000001 800.02
vertex 6996.34 11968.58 800.02
endloop
endfacet
facet normal 0 0 -1
outer loop
vertex 7585.89 11967.800000000001 800.02
vertex 7584.9800000000005 11965.720000000001 800.02
vertex 6998.68 11965.720000000001 800.02
endloop
endfacet
facet normal 0 0 -1
outer loop
vertex 7585.89 11967.800000000001 800.02
vertex 6998.68 11965.720000000001 800.02
vertex 6996.860000000001 11967.800000000001 800.02
endloop
endfacet
facet normal 0 0 -1
outer loop
vertex 7584.9800000000005 11965.720000000001 800.02
vertex 7585.110000000001 11965.33 800.02
vertex 6999.070000000001 11965.33 800.02
endloop
endfacet
facet normal 0 0 -1
outer loop
vertex 7584.9800000000005 11965.720000000001 800.02
vertex 6999.070000000001 11965.33 800.02
vertex 6998.68 11965.720000000001 800.02
endloop
endfacet
facet normal 0 0 -1
outer loop
vertex 7862.530000000001 11997.310000000001 800.02
vertex 7747.09 11965.33 800.02
vertex 7585.110000000001 11965.33 800.02
endloop
endfacet
facet normal 0 0 -1
outer loop
vertex 7862.530000000001 11997.310000000001 800.02
vertex 7585.110000000001 11965.33 800.02
vertex 7851.09 12038.91 800.02
endloop
endfacet
facet normal 0 0 -1
outer loop
vertex 7409.09 11960.65 800.02
vertex 7585.110000000001 11965.33 800.02
vertex 7747.09 11965.33 800.02
endloop
endfacet
facet normal 0 0 -1
outer loop
vertex 7409.09 11960.65 800.02
vertex 7747.09 11965.33 800.02
vertex 7704.97 11953.630000000001 800.02
endloop
endfacet
facet normal 0 0 -1
outer loop
vertex 7409.09 11960.65 800.02
vertex 7704.97 11953.630000000001 800.02
vertex 7009.08 11953.630000000001 800.02
endloop
endfacet
facet normal 0 0 -1
outer loop
vertex 7409.09 11960.65 800.02
vertex 7009.08 11953.630000000001 800.02
vertex 6999.070000000001 11965.33 800.02
endloop
endfacet
facet normal 0 0 -1
outer loop
vertex 7409.09 11960.65 800.02
vertex 6999.070000000001 11965.33 800.02
vertex 7585.110000000001 11965.33 800.02
endloop
endfacet
facet normal 0 0 -1
outer loop
vertex 7704.97 11953.630000000001 800.02
vertex 7649.070000000001 11938.16 800.02
vertex 7021.17 11938.16 800.02
endloop
endfacet
facet normal 0 0 -1
outer loop
vertex 7704.97 11953.630000000001 800.02
vertex 7021.17 11938.16 800.02
vertex 7009.08 11953.630000000001 800.02
endloop
endfacet
facet normal 0 0 -1
outer loop
vertex 7649.070000000001 11938.16 800.02
vertex 7597.2 11923.86 800.02
vertex 7031.31 11923.86 800.02
endloop
endfacet
facet normal 0 0 -1
outer loop
vertex 7649.070000000001 11938.16 800.02
vertex 7031.31 11923.86 800.02
vertex 7021.17 11938.16 800.02
endloop
endfacet
facet normal 0 0 -1
outer loop
vertex 7597.2 11923.86 800.02
vertex 7597.85 11922.17 800.02
vertex 7032.4800000000005 11922.17 800.02
endloop
endfacet
facet normal 0 0 -1
outer loop
vertex 7597.2 11923.86 800.02
vertex 7032.4800000000005 11922.17 800.02
vertex 7031.31 11923.86 800.02
endloop
endfacet
facet normal 0 0 -1
outer loop
vertex 7597.85 11922.17 800.02
vertex 7597.9800000000005 11921.78 800.02
vertex 7032.740000000001 11921.78 800.02
endloop
endfacet
facet normal 0 0 -1
outer loop
vertex 7597.85 11922.17 800.02
vertex 7032.740000000001 11921.78 800.02
vertex 7032.4800000000005 11922.17 800.02
endloop
endfacet
facet normal 0 0 -1
outer loop
vertex 7875.79 11939.85 800.02
vertex 7795.1900000000005 11921.78 800.02
vertex 7597.9800000000005 11921.78 800.02
endloop
endfacet
facet normal 0 0 -0.9999999999999999
outer loop
vertex 7875.79 11939.85 800.02
vertex 7597.9800000000005 11921.78 800.02
vertex 7866.3 11981.970000000001 800.02
endloop
endfacet
facet normal 0 0 -1
outer loop
vertex 7438.34 11915.28 800.02
vertex 7597.9800000000005 11921.78 800.02
vertex 7795.1900000000005 11921.78 800.02
endloop
endfacet
facet normal 0 0 -1
outer loop
vertex 7438.34 11915.28 800.02
vertex 7795.1900000000005 11921.78 800.02
vertex 7723.04 11905.53 800.02
endloop
endfacet
facet normal 0 0 -1
outer loop
vertex 7438.34 11915.28 800.02
vertex 7723.04 11905.53 800.02
vertex 7043.01 11905.53 800.02
endloop
endfacet
facet normal 0 0 -0.9999999999999999
outer loop
vertex 7438.34 11915.28 800.02
vertex 7043.01 11905.53 800.02
vertex 7032.740000000001 11921.78 800.02
endloop
endfacet
facet normal 0 0 -1
outer loop
vertex 7438.34 11915.28 800.02
vertex 7032.740000000001 11921.78 800.02
vertex 7597.9800000000005 11921.78 800.02
endloop
endfacet
facet normal 0 0 -1
outer loop
vertex 7723.04 11905.53 800.02
vertex 7646.990000000001 11888.5 800.02
vertex 7052.63 11888.5 800.02
endloop
endfacet
facet normal 0 0 -1
outer loop
vertex 7723.04 11905.53 800.02
vertex 7052.63 11888.5 800.02
vertex 7043.01 11905.53 800.02
endloop
endfacet
facet normal 0 0 -1
outer loop
vertex 7646.990000000001 11888.5 800.02
vertex 7608.12 11879.79 800.02
vertex 7057.05 11879.79 800.02
endloop
endfacet
facet normal 0 0 -1
outer loop
vertex 7646.990000000001 11888.5 800.02
vertex 7057.05 11879.79 800.02
vertex 7052.63 11888.5 800.02
endloop
endfacet
facet normal 0 0 -1
outer loop
vertex 7608.12 11879.79 800.02
vertex 7609.030000000001 11877.710000000001 800.02
vertex 7058.09 11877.710000000001 800.02
endloop
endfacet
facet normal 0 0 -1
outer loop
vertex 7608.12 11879.79 800.02
vertex 7058.09 11877.710000000001 800.02
vertex 7057.05 11879.79 800.02
endloop
endfacet
facet normal 0 0 -1
outer loop
vertex 7886.06 11881.87 800.02
vertex 7861.62 11877.710000000001 800.02
vertex 7609.030000000001 11877.710000000001 800.02
endloop
endfacet
facet normal 0 0 -1
outer loop
vertex 7886.06 11881.87 800.02
vertex 7609.030000000001 11877.710000000001 800.02
vertex 7878.780000000001 11924.51 800.02
endloop
endfacet
facet normal 0 0 -1
outer loop
vertex 7482.67 11874.98 800.02
vertex 7609.030000000001 11877.710000000001 800.02
vertex 7861.62 11877.710000000001 800.02
endloop
endfacet
facet normal 0 0 -1
outer loop
vertex 7482.67 11874.98 800.02
vertex 7861.62 11877.710000000001 800.02
vertex 7823.14 11870.95 800.02
endloop
endfacet
facet normal 0 0 -1
outer loop
vertex 7482.67 11874.98 800.02
vertex 7823.14 11870.95 800.02
vertex 7061.47 11870.95 800.02
endloop
endfacet
facet normal 0 0 -1
outer loop
vertex 7482.67 11874.98 800.02
vertex 7061.47 11870.95 800.02
vertex 7058.09 11877.710000000001 800.02
endloop
endfacet
facet normal 0 0 -1
outer loop
vertex 7482.67 11874.98 800.02
vertex 7058.09 11877.710000000001 800.02
vertex 7609.030000000001 11877.710000000001 800.02
endloop
endfacet
facet normal 0 0 -1
outer loop
vertex 7823.14 11870.95 800.02
vertex 7719.66 11853.01 800.02
vertex 7069.400000000001 11853.01 800.02
endloop
endfacet
facet normal 0 0 -1
outer loop
vertex 7823.14 11870.95 800.02
vertex 7069.400000000001 11853.01 800.02
vertex 7061.47 11870.95 800.02
endloop
endfacet
facet normal 0 0 -1
outer loop
vertex 7719.66 11853.01 800.02
vertex 7617.22 11835.2 800.02
vertex 7076.29 11835.2 800.02
endloop
endfacet
facet normal 0 0 -1
outer loop
vertex 7719.66 11853.01 800.02
vertex 7076.29 11835.2 800.02
vertex 7069.400000000001 11853.01 800.02
endloop
endfacet
facet normal 0 0 -1
outer loop
vertex 7617.22 11835.2 800.02
vertex 7617.4800000000005 11834.68 800.02
vertex 7076.55 11834.68 800.02
endloop
endfacet
facet normal 0 0 -1
outer loop
vertex 7617.22 11835.2 800.02
vertex 7076.55 11834.68 800.02
vertex 7076.29 11835.2 800.02
endloop
endfacet
facet normal 0 0 -1
outer loop
vertex 7617.4800000000005 11834.68 800.02
vertex 7618.13 11832.99 800.02
vertex 7077.070000000001 11832.99 800.02
endloop
endfacet
facet normal 0 0 -1
outer loop
vertex 7617.4800000000005 11834.68 800.02
vertex 7077.070000000001 11832.99 800.02
vertex 7076.55 11834.68 800.02
endloop
endfacet
facet normal 0 0 -1
outer loop
vertex 7892.43 11832.99 800.02
vertex 7618.13 11832.99 800.02
vertex 7888.27 11866.4 800.02
endloop
endfacet
facet normal 0 0 -1
outer loop
vertex 7566.26 11825.84 800.02
vertex 7618.13 11832.99 800.02
vertex 7892.43 11832.99 800.02
endloop
endfacet
facet normal 0 0 -1
outer loop
vertex 7566.26 11825.84 800.02
vertex 7892.43 11832.99 800.02
vertex 7893.6 11823.5 800.02
endloop
endfacet
facet normal 0 0 -1
outer loop
vertex 7566.26 11825.84 800.02
vertex 7893.6 11823.5 800.02
vertex 7833.67 11816.09 800.02
endloop
endfacet
facet normal 0 0 -1
outer loop
vertex 7566.26 11825.84 800.02
vertex 7833.67 11816.09 800.02
vertex 7082.66 11816.09 800.02
endloop
endfacet
facet normal 0 0 -1
outer loop
vertex 7566.26 11825.84 800.02
vertex 7082.66 11816.09 800.02
vertex 7077.070000000001 11832.99 800.02
endloop
endfacet
facet normal 0 0 -1
outer loop
vertex 7566.26 11825.84 800.02
vertex 7077.070000000001 11832.99 800.02
vertex 7618.13 11832.99 800.02
endloop
endfacet
facet normal 0 0 -1
outer loop
vertex 7833.67 11816.09 800.02
vertex 7680.27 11797.11 800.02
vertex 7087.860000000001 11797.11 800.02
endloop
endfacet
facet normal 0 0 -1
outer loop
vertex 7833.67 11816.09 800.02
vertex 7087.860000000001 11797.11 800.02
vertex 7082.66 11816.09 800.02
endloop
endfacet
facet normal 0 0 -1
outer loop
vertex 7680.27 11797.11 800.02
vertex 7624.5 11790.35 800.02
vertex 7089.42 11790.35 800.02
endloop
endfacet
facet normal 0 0 -0.9999999999999999
outer loop
vertex 7680.27 11797.11 800.02
vertex 7089.42 11790.35 800.02
vertex 7087.860000000001 11797.11 800.02
endloop
endfacet
facet normal 0 0 -1
outer loop
vertex 7624.5 11790.35 800.02
vertex 7625.54 11788.01 800.02
vertex 7089.9400000000005 11788.01 800.02
endloop
endfacet
facet normal 0 0 -1
outer loop
vertex 7624.5 11790.35 800.02
vertex 7089.9400000000005 11788.01 800.02
vertex 7089.42 11790.35 800.02
endloop
endfacet
facet normal 0 0 -1
outer loop
vertex 7896.59 11788.01 800.02
vertex 7625.54 11788.01 800.02
vertex 7895.030000000001 11807.9 800.02
endloop
endfacet
facet normal 0 0 -1
outer loop
vertex 7520.240000000001 11783.98 800.02
vertex 7625.54 11788.01 800.02
vertex 7896.59 11788.01 800.02
endloop
endfacet
facet normal 0 0 -1
outer loop
vertex 7520.240000000001 11783.98 800.02
vertex 7896.59 11788.01 800.02
vertex 7897.240000000001 11778 800.02
endloop
endfacet
facet normal 0 0 -1
outer loop
vertex 7520.240000000001 11783.98 800.02
vertex 7897.240000000001 11778 800.02
vertex 7092.150000000001 11778 800.02
endloop
endfacet
facet normal 0 0 -1
outer loop
vertex 7520.240000000001 11783.98 800.02
vertex 7092.150000000001 11778 800.02
vertex 7089.9400000000005 11788.01 800.02
endloop
endfacet
facet normal 0 0 -1
outer loop
vertex 7520.240000000001 11783.98 800.02
vertex 7089.9400000000005 11788.01 800.02
vertex 7625.54 11788.01 800.02
endloop
endfacet
facet normal 0 0 -1
outer loop
vertex 7559.76 11767.6 800.02
vertex 7897.240000000001 11778 800.02
vertex 7898.280000000001 11764.74 800.02
endloop
endfacet
facet normal 0 0 -1
outer loop
vertex 7559.76 11767.6 800.02
vertex 7898.280000000001 11764.74 800.02
vertex 7815.7300000000005 11758.630000000001 800.02
endloop
endfacet
facet normal 0 0 -1
outer loop
vertex 7559.76 11767.6 800.02
vertex 7815.7300000000005 11758.630000000001 800.02
vertex 7095.530000000001 11758.630000000001 800.02
endloop
endfacet
facet normal 0 0 -1
outer loop
vertex 7559.76 11767.6 800.02
vertex 7095.530000000001 11758.630000000001 800.02
vertex 7092.150000000001 11778 800.02
endloop
endfacet
facet normal 0 0 -1
outer loop
vertex 7559.76 11767.6 800.02
vertex 7092.150000000001 11778 800.02
vertex 7897.240000000001 11778 800.02
endloop
endfacet
facet normal 0 0 -1
outer loop
vertex 7815.7300000000005 11758.630000000001 800.02
vertex 7629.96 11744.98 800.02
vertex 7097.22 11744.98 800.02
endloop
endfacet
facet normal 0 0 -1
outer loop
vertex 7815.7300000000005 11758.630000000001 800.02
vertex 7097.22 11744.98 800.02
vertex 7095.530000000001 11758.630000000001 800.02
endloop
endfacet
facet normal 0 0 -1
outer loop
vertex 7629.96 11744.98 800.02
vertex 7631 11742.51 800.02
vertex 7097.610000000001 11742.51 800.02
endloop
endfacet
facet normal 0 0 -1
outer loop
vertex 7629.96 11744.98 800.02
vertex 7097.610000000001 11742.51 800.02
vertex 7097.22 11744.98 800.02
endloop
endfacet
facet normal 0 0 -1
outer loop
vertex 7899.06 11742.51 800.02
vertex 7631 11742.51 800.02
vertex 7898.93 11749.01 800.02
endloop
endfacet
facet normal 0 0 -1
outer loop
vertex 7524.92 11741.210000000001 800.02
vertex 7631 11742.51 800.02
vertex 7899.06 11742.51 800.02
endloop
endfacet
facet normal 0 0 -1
outer loop
vertex 7524.92 11741.210000000001 800.02
vertex 7899.06 11742.51 800.02
vertex 7899.1900000000005 11739.26 800.02
endloop
endfacet
facet normal 0 0 -1
outer loop
vertex 7524.92 11741.210000000001 800.02
vertex 7899.1900000000005 11739.26 800.02
vertex 7098 11739.26 800.02
endloop
endfacet
facet normal 0 0 -0.9999999999999999
outer loop
vertex 7524.92 11741.210000000001 800.02
vertex 7098 11739.26 800.02
vertex 7097.610000000001 11742.51 800.02
endloop
endfacet
facet normal 0 0 -1
outer loop
vertex 7524.92 11741.210000000001 800.02
vertex 7097.610000000001 11742.51 800.02
vertex 7631 11742.51 800.02
endloop
endfacet
facet normal 0 0 -1
outer loop
vertex 7899.1900000000005 11739.26 800.02
vertex 7899.58 11719.630000000001 800.02
vertex 7099.43 11719.630000000001 800.02
endloop
endfacet
facet normal 0 0 -0.9999999999999999
outer loop
vertex 7899.1900000000005 11739.26 800.02
vertex 7099.43 11719.630000000001 800.02
vertex 7098 11739.26 800.02
endloop
endfacet
facet normal 0 0 -1
outer loop
vertex 7526.35 11708.710000000001 800.02
vertex 7899.58 11719.630000000001 800.02
vertex 7899.97 11705.85 800.02
endloop
endfacet
facet normal 0 0 -1
outer loop
vertex 7526.35 11708.710000000001 800.02
vertex 7899.97 11705.85 800.02
vertex 7633.08 11699.35 800.02
endloop
endfacet
facet normal 0 0 -1
outer loop
vertex 7526.35 11708.710000000001 800.02
vertex 7633.08 11699.35 800.02
vertex 7099.95 11699.35 800.02
endloop
endfacet
facet normal 0 0 -1
outer loop
vertex 7526.35 11708.710000000001 800.02
vertex 7099.95 11699.35 800.02
vertex 7099.43 11719.630000000001 800.02
endloop
endfacet
facet normal 0 0 -1
outer loop
vertex 7526.35 11708.710000000001 800.02
vertex 7099.43 11719.630000000001 800.02
vertex 7899.58 11719.630000000001 800.02
endloop
endfacet
facet normal 0 0 -1
outer loop
vertex 7366.58 11695.45 800.02
vertex 7633.08 11699.35 800.02
vertex 7630.35 11692.85 800.02
endloop
endfacet
facet normal 0 0 -1
outer loop
vertex 7366.58 11695.45 800.02
vertex 7630.35 11692.85 800.02
vertex 7369.570000000001 11692.85 800.02
endloop
endfacet
facet normal 0 0 -1
outer loop
vertex 7366.58 11695.45 800.02
vertex 7369.570000000001 11692.85 800.02
vertex 7100.08 11692.85 800.02
endloop
endfacet
facet normal 0 0 -1
outer loop
vertex 7366.58 11695.45 800.02
vertex 7100.08 11692.85 800.02
vertex 7099.95 11699.35 800.02
endloop
endfacet
facet normal 0 0 -1
outer loop
vertex 7366.58 11695.45 800.02
vertex 7099.95 11699.35 800.02
vertex 7633.08 11699.35 800.02
endloop
endfacet
facet normal 0 0 -0.9999999999999999
outer loop
vertex 7369.570000000001 11692.85 800.02
vertex 7100.21 11686.220000000001 800.02
vertex 7100.08 11692.85 800.02
endloop
endfacet
facet normal 0 0 -1
outer loop
vertex 7499.96 11632.79 800.02
vertex 7630.35 11692.85 800.02
vertex 7594.34 11605.75 800.02
endloop
endfacet
facet normal 0 0 -0.9999999999999999
outer loop
vertex 7499.96 11632.79 800.02
vertex 7594.34 11605.75 800.02
vertex 7499.96 11566.62 800.02
endloop
endfacet
facet normal 0 0 -1
outer loop
vertex 7499.96 11632.79 800.02
vertex 7499.96 11566.62 800.02
vertex 7405.71 11605.75 800.02
endloop
endfacet
facet normal 0 0 -1
outer loop
vertex 7499.96 11632.79 800.02
vertex 7405.71 11605.75 800.02
vertex 7369.570000000001 11692.85 800.02
endloop
endfacet
facet normal 0 0 -1
outer loop
vertex 7499.96 11632.79 800.02
vertex 7369.570000000001 11692.85 800.02
vertex 7630.35 11692.85 800.02
endloop
endfacet
facet normal -0.17121440908350738 -0.9852337926209115 0
outer loop
vertex 6928.35 12878.060000000001 400.01
vertex 6928.35 12878.060000000001 800.02
vertex 6885.71 12885.470000000001 800.02
endloop
endfacet
facet normal -0.17121440908350738 -0.9852337926209115 0
outer loop
vertex 6928.35 12878.060000000001 400.01
vertex 6885.71 12885.470000000001 800.02
vertex 6885.71 12885.470000000001 400.01
endloop
endfacet
facet normal 0.17189918272172663 0.9851145471363227 0
outer loop
vertex 6758.7 12095.59 800.02
vertex 6778.070000000001 12092.210000000001 800.02
vertex 6778.070000000001 12092.210000000001 400.01
endloop
endfacet
facet normal 0.17189918272172663 0.9851145471363227 0
outer loop
vertex 6758.7 12095.59 800.02
vertex 6778.070000000001 12092.210000000001 400.01
vertex 6758.7 12095.59 400.01
endloop
endfacet
facet normal -0.21979877145244653 -0.9755452321999196 0
outer loop
vertex 6985.81 12865.45 400.01
vertex 6985.81 12865.45 800.02
vertex 6943.6900000000005 12874.94 800.02
endloop
endfacet
facet normal -0.21979877145244653 -0.9755452321999196 0
outer loop
vertex 6985.81 12865.45 400.01
vertex 6943.6900000000005 12874.94 800.02
vertex 6943.6900000000005 12874.94 400.01
endloop
endfacet
facet normal -0.2671793375234525 -0.9636468241013038 0
outer loop
vertex 7042.75 12849.98 400.01
vertex 7042.75 12849.98 800.02
vertex 7001.02 12861.550000000001 800.02
endloop
endfacet
facet normal -0.2671793375234525 -0.9636468241013038 0
outer loop
vertex 7042.75 12849.98 400.01
vertex 7001.02 12861.550000000001 800.02
vertex 7001.02 12861.550000000001 400.01
endloop
endfacet
facet normal 0.2190383423067659 0.9757162520935602 0
outer loop
vertex 6797.18 12087.92 800.02
vertex 6797.18 12087.92 400.01
vertex 6778.070000000001 12092.210000000001 400.01
endloop
endfacet
facet normal 0.2190383423067659 0.9757162520935602 0
outer loop
vertex 6797.18 12087.92 800.02
vertex 6778.070000000001 12092.210000000001 400.01
vertex 6778.070000000001 12092.210000000001 800.02
endloop
endfacet
facet normal 0.2659289981257568 0.9639926182060894 0
outer loop
vertex 6797.18 12087.92 800.02
vertex 6816.030000000001 12082.720000000001 800.02
vertex 6816.030000000001 12082.720000000001 400.01
endloop
endfacet
facet normal 0.2659289981257568 0.9639926182060894 0
outer loop
vertex 6797.18 12087.92 800.02
vertex 6816.030000000001 12082.720000000001 400.01
vertex 6797.18 12087.92 400.01
endloop
endfacet
facet normal -0.3135133763113858 -0.9495837840200491 0
outer loop
vertex 7098.650000000001 12831.78 400.01
vertex 7098.650000000001 12831.78 800.02
vertex 7057.7 12845.300000000001 800.02
endloop
endfacet
facet normal -0.3135133763113858 -0.9495837840200491 0
outer loop
vertex 7098.650000000001 12831.78 400.01
vertex 7057.7 12845.300000000001 800.02
vertex 7057.7 12845.300000000001 400.01
endloop
endfacet
facet normal -0.360994102557718 -0.9325680982740873 0
outer loop
vertex 7153.77 12810.85 400.01
vertex 7153.77 12810.85 800.02
vertex 7113.47 12826.45 800.02
endloop
endfacet
facet normal -0.360994102557718 -0.9325680982740873 0
outer loop
vertex 7153.77 12810.85 400.01
vertex 7113.47 12826.45 800.02
vertex 7113.47 12826.45 400.01
endloop
endfacet
facet normal 0.35764726660698154 0.9338567516961874 0
outer loop
vertex 6834.75 12076.48 800.02
vertex 6853.08 12069.460000000001 800.02
vertex 6853.08 12069.460000000001 400.01
endloop
endfacet
facet normal 0.35764726660698154 0.9338567516961874 0
outer loop
vertex 6834.75 12076.48 800.02
vertex 6853.08 12069.460000000001 400.01
vertex 6834.75 12076.48 400.01
endloop
endfacet
facet normal -0.4033437597460429 -0.9150485295731186 0
outer loop
vertex 7207.72 12787.32 400.01
vertex 7207.72 12787.32 800.02
vertex 7168.2 12804.74 800.02
endloop
endfacet
facet normal -0.4033437597460429 -0.9150485295731186 0
outer loop
vertex 7207.72 12787.32 400.01
vertex 7168.2 12804.74 800.02
vertex 7168.2 12804.74 400.01
endloop
endfacet
facet normal -0.4484169944636523 -0.8938244788973866 0
outer loop
vertex 7260.5 12761.060000000001 400.01
vertex 7260.5 12761.060000000001 800.02
vertex 7221.89 12780.43 800.02
endloop
endfacet
facet normal -0.4484169944636523 -0.8938244788973866 0
outer loop
vertex 7260.5 12761.060000000001 400.01
vertex 7221.89 12780.43 800.02
vertex 7221.89 12780.43 400.01
endloop
endfacet
facet normal 0.40429280054210187 0.914629614341141 0
outer loop
vertex 6871.02 12061.53 800.02
vertex 6871.02 12061.53 400.01
vertex 6853.08 12069.460000000001 400.01
endloop
endfacet
facet normal 0.40429280054210187 0.914629614341141 0
outer loop
vertex 6871.02 12061.53 800.02
vertex 6853.08 12069.460000000001 400.01
vertex 6853.08 12069.460000000001 800.02
endloop
endfacet
facet normal 0.3162277660169209 0.9486832980504861 0
outer loop
vertex 6816.030000000001 12082.720000000001 800.02
vertex 6834.75 12076.48 800.02
vertex 6834.75 12076.48 400.01
endloop
endfacet
facet normal 0.3162277660169209 0.9486832980504861 0
outer loop
vertex 6816.030000000001 12082.720000000001 800.02
vertex 6834.75 12076.48 400.01
vertex 6816.030000000001 12082.720000000001 400.01
endloop
endfacet
facet normal 0.45252955019515234 0.8917494077374951 0
outer loop
vertex 6871.02 12061.53 800.02
vertex 6888.4400000000005 12052.69 800.02
vertex 6888.4400000000005 12052.69 400.01
endloop
endfacet
facet normal 0.45252955019515234 0.8917494077374951 0
outer loop
vertex 6871.02 12061.53 800.02
vertex 6888.4400000000005 12052.69 400.01
vertex 6871.02 12061.53 400.01
endloop
endfacet
facet normal -0.49126256170470256 -0.8710115357831566 0
outer loop
vertex 7311.85 12732.33 400.01
vertex 7311.85 12732.33 800.02
vertex 7274.280000000001 12753.52 800.02
endloop
endfacet
facet normal -0.49126256170470256 -0.8710115357831566 0
outer loop
vertex 7311.85 12732.33 400.01
vertex 7274.280000000001 12753.52 800.02
vertex 7274.280000000001 12753.52 400.01
endloop
endfacet
facet normal -0.5351236013692529 -0.84477377519523 0
outer loop
vertex 7361.77 12701 400.01
vertex 7361.77 12701 800.02
vertex 7325.240000000001 12724.140000000001 800.02
endloop
endfacet
facet normal -0.5351236013692529 -0.84477377519523 0
outer loop
vertex 7361.77 12701 400.01
vertex 7325.240000000001 12724.140000000001 800.02
vertex 7325.240000000001 12724.140000000001 400.01
endloop
endfacet
facet normal 0.5329899615200689 0.8461215639131503 0
outer loop
vertex 6905.6 12042.94 800.02
vertex 6922.110000000001 12032.54 800.02
vertex 6922.110000000001 12032.54 400.01
endloop
endfacet
facet normal 0.5329899615200689 0.8461215639131503 0
outer loop
vertex 6905.6 12042.94 800.02
vertex 6922.110000000001 12032.54 400.01
vertex 6905.6 12042.94 400.01
endloop
endfacet
facet normal -0.5746732987206986 -0.8183829175498903 0
outer loop
vertex 7410.13 12667.33 400.01
vertex 7410.13 12667.33 800.02
vertex 7374.77 12692.16 800.02
endloop
endfacet
facet normal -0.5746732987206986 -0.8183829175498903 0
outer loop
vertex 7410.13 12667.33 400.01
vertex 7374.77 12692.16 800.02
vertex 7374.77 12692.16 400.01
endloop
endfacet
facet normal -0.6143575125886346 -0.7890277857755745 0
outer loop
vertex 7456.67 12631.32 400.01
vertex 7456.67 12631.32 800.02
vertex 7422.610000000001 12657.84 800.02
endloop
endfacet
facet normal -0.6143575125886346 -0.7890277857755745 0
outer loop
vertex 7456.67 12631.32 400.01
vertex 7422.610000000001 12657.84 800.02
vertex 7422.610000000001 12657.84 400.01
endloop
endfacet
facet normal 0.574348143491821 0.8186111470457135 0
outer loop
vertex 6938.2300000000005 12021.23 800.02
vertex 6938.2300000000005 12021.23 400.01
vertex 6922.110000000001 12032.54 400.01
endloop
endfacet
facet normal 0.574348143491821 0.8186111470457135 0
outer loop
vertex 6938.2300000000005 12021.23 800.02
vertex 6922.110000000001 12032.54 400.01
vertex 6922.110000000001 12032.54 800.02
endloop
endfacet
facet normal 0.6157725230047502 0.7879239810491646 0
outer loop
vertex 6938.2300000000005 12021.23 800.02
vertex 6953.7 12009.140000000001 800.02
vertex 6953.7 12009.140000000001 400.01
endloop
endfacet
facet normal 0.6157725230047502 0.7879239810491646 0
outer loop
vertex 6938.2300000000005 12021.23 800.02
vertex 6953.7 12009.140000000001 400.01
vertex 6938.2300000000005 12021.23 400.01
endloop
endfacet
facet normal -0.6525231353598873 -0.7577688023533972 0
outer loop
vertex 7501.52 12593.1 400.01
vertex 7501.52 12593.1 800.02
vertex 7468.76 12621.310000000001 800.02
endloop
endfacet
facet normal -0.6525231353598873 -0.7577688023533972 0
outer loop
vertex 7501.52 12593.1 400.01
vertex 7468.76 12621.310000000001 800.02
vertex 7468.76 12621.310000000001 400.01
endloop
endfacet
facet normal -0.6903323382241076 -0.7234924068724123 0
outer loop
vertex 7544.29 12552.67 400.01
vertex 7544.29 12552.67 800.02
vertex 7513.09 12582.44 800.02
endloop
endfacet
facet normal -0.6903323382241076 -0.7234924068724123 0
outer loop
vertex 7544.29 12552.67 400.01
vertex 7513.09 12582.44 800.02
vertex 7513.09 12582.44 400.01
endloop
endfacet
facet normal 0.6870113824043678 0.726646654466144 0
outer loop
vertex 6968.52 11996.27 800.02
vertex 6982.820000000001 11982.75 800.02
vertex 6982.820000000001 11982.75 400.01
endloop
endfacet
facet normal 0.6870113824043678 0.726646654466144 0
outer loop
vertex 6968.52 11996.27 800.02
vertex 6982.820000000001 11982.75 400.01
vertex 6968.52 11996.27 400.01
endloop
endfacet
facet normal -0.7249243284821455 -0.6888285112963243 0
outer loop
vertex 7585.110000000001 12510.16 400.01
vertex 7585.110000000001 12510.16 800.02
vertex 7555.34 12541.49 800.02
endloop
endfacet
facet normal -0.7249243284821455 -0.6888285112963243 0
outer loop
vertex 7585.110000000001 12510.16 400.01
vertex 7555.34 12541.49 800.02
vertex 7555.34 12541.49 400.01
endloop
endfacet
facet normal -0.7564840674103004 -0.654012122024025 0
outer loop
vertex 7623.85 12465.83 400.01
vertex 7623.85 12465.83 800.02
vertex 7595.64 12498.460000000001 800.02
endloop
endfacet
facet normal -0.7564840674103004 -0.654012122024025 0
outer loop
vertex 7623.85 12465.83 400.01
vertex 7595.64 12498.460000000001 800.02
vertex 7595.64 12498.460000000001 400.01
endloop
endfacet
facet normal 0.7235062200047305 0.6903178612888895 0
outer loop
vertex 6996.34 11968.58 800.02
vertex 6996.34 11968.58 400.01
vertex 6982.820000000001 11982.75 400.01
endloop
endfacet
facet normal 0.7235062200047305 0.6903178612888895 0
outer loop
vertex 6996.34 11968.58 800.02
vertex 6982.820000000001 11982.75 400.01
vertex 6982.820000000001 11982.75 800.02
endloop
endfacet
facet normal 0.6556866554462508 0.7550331183926369 0
outer loop
vertex 6953.7 12009.140000000001 800.02
vertex 6968.52 11996.27 800.02
vertex 6968.52 11996.27 400.01
endloop
endfacet
facet normal 0.6556866554462508 0.7550331183926369 0
outer loop
vertex 6953.7 12009.140000000001 800.02
vertex 6968.52 11996.27 400.01
vertex 6953.7 12009.140000000001 400.01
endloop
endfacet
facet normal 0.4940094076095305 0.8694565573927663 0
outer loop
vertex 6888.4400000000005 12052.69 800.02
vertex 6905.6 12042.94 800.02
vertex 6905.6 12042.94 400.01
endloop
endfacet
facet normal 0.4940094076095305 0.8694565573927663 0
outer loop
vertex 6888.4400000000005 12052.69 800.02
vertex 6905.6 12042.94 400.01
vertex 6888.4400000000005 12052.69 400.01
endloop
endfacet
facet normal 0.992496750132992 -0.12227101445334114 0
outer loop
vertex 6794.06 12623 800.02
vertex 6794.06 12623 400.01
vertex 6827.34 12893.140000000001 400.01
endloop
endfacet
facet normal 0.992496750132992 -0.12227101445334114 0
outer loop
vertex 6794.06 12623 800.02
vertex 6827.34 12893.140000000001 400.01
vertex 6827.34 12893.140000000001 800.02
endloop
endfacet
facet normal 0.7611222121121731 0.6486084937999751 0
outer loop
vertex 6996.34 11968.58 800.02
vertex 7009.08 11953.630000000001 800.02
vertex 7009.08 11953.630000000001 400.01
endloop
endfacet
facet normal 0.7611222121121731 0.6486084937999751 0
outer loop
vertex 6996.34 11968.58 800.02
vertex 7009.08 11953.630000000001 400.01
vertex 6996.34 11968.58 400.01
endloop
endfacet
facet normal -0.7875684291397591 -0.6162272060063009 0
outer loop
vertex 7660.38 12419.550000000001 400.01
vertex 7660.38 12419.550000000001 800.02
vertex 7633.7300000000005 12453.61 800.02
endloop
endfacet
facet normal -0.7875684291397591 -0.6162272060063009 0
outer loop
vertex 7660.38 12419.550000000001 400.01
vertex 7633.7300000000005 12453.61 800.02
vertex 7633.7300000000005 12453.61 400.01
endloop
endfacet
facet normal -0.8183829175498973 -0.5746732987206887 0
outer loop
vertex 7694.4400000000005 12371.58 400.01
vertex 7694.4400000000005 12371.58 800.02
vertex 7669.610000000001 12406.94 800.02
endloop
endfacet
facet normal -0.8183829175498973 -0.5746732987206887 0
outer loop
vertex 7694.4400000000005 12371.58 400.01
vertex 7669.610000000001 12406.94 800.02
vertex 7669.610000000001 12406.94 400.01
endloop
endfacet
facet normal 0.8164156395068518 0.5774647206268259 0
outer loop
vertex 7021.17 11938.16 800.02
vertex 7032.4800000000005 11922.17 800.02
vertex 7032.4800000000005 11922.17 400.01
endloop
endfacet
facet normal 0.8164156395068518 0.5774647206268259 0
outer loop
vertex 7021.17 11938.16 800.02
vertex 7032.4800000000005 11922.17 400.01
vertex 7021.17 11938.16 400.01
endloop
endfacet
facet normal -0.8447737751952551 -0.5351236013692133 0
outer loop
vertex 7726.29 12321.92 400.01
vertex 7726.29 12321.92 800.02
vertex 7703.150000000001 12358.45 800.02
endloop
endfacet
facet normal -0.8447737751952551 -0.5351236013692133 0
outer loop
vertex 7726.29 12321.92 400.01
vertex 7703.150000000001 12358.45 800.02
vertex 7703.150000000001 12358.45 400.01
endloop
endfacet
facet normal -0.8697208289207855 -0.4935439998027958 0
outer loop
vertex 7755.54 12270.83 400.01
vertex 7755.54 12270.83 800.02
vertex 7734.22 12308.4 800.02
endloop
endfacet
facet normal -0.8697208289207855 -0.4935439998027958 0
outer loop
vertex 7755.54 12270.83 400.01
vertex 7734.22 12308.4 800.02
vertex 7734.22 12308.4 400.01
endloop
endfacet
facet normal 0.8450179582407681 0.5347379266992418 0
outer loop
vertex 7043.01 11905.53 800.02
vertex 7043.01 11905.53 400.01
vertex 7032.4800000000005 11922.17 400.01
endloop
endfacet
facet normal 0.8450179582407681 0.5347379266992418 0
outer loop
vertex 7043.01 11905.53 800.02
vertex 7032.4800000000005 11922.17 400.01
vertex 7032.4800000000005 11922.17 800.02
endloop
endfacet
facet normal 0.8706865991569605 0.4918382315848234 0
outer loop
vertex 7043.01 11905.53 800.02
vertex 7052.63 11888.5 800.02
vertex 7052.63 11888.5 400.01
endloop
endfacet
facet normal 0.8706865991569605 0.4918382315848234 0
outer loop
vertex 7043.01 11905.53 800.02
vertex 7052.63 11888.5 400.01
vertex 7043.01 11905.53 400.01
endloop
endfacet
facet normal -0.8932168832692813 -0.4496260662402827 0
outer loop
vertex 7782.1900000000005 12218.44 400.01
vertex 7782.1900000000005 12218.44 800.02
vertex 7762.820000000001 12256.92 800.02
endloop
endfacet
facet normal -0.8932168832692813 -0.4496260662402827 0
outer loop
vertex 7782.1900000000005 12218.44 400.01
vertex 7762.820000000001 12256.92 800.02
vertex 7762.820000000001 12256.92 400.01
endloop
endfacet
facet normal -0.9139354799317775 -0.4058595058907352 0
outer loop
vertex 7806.37 12164.62 400.01
vertex 7806.37 12164.62 800.02
vertex 7788.820000000001 12204.140000000001 800.02
endloop
endfacet
facet normal -0.9139354799317775 -0.4058595058907352 0
outer loop
vertex 7806.37 12164.62 400.01
vertex 7788.820000000001 12204.140000000001 800.02
vertex 7788.820000000001 12204.140000000001 400.01
endloop
endfacet
facet normal 0.914629614341141 0.40429280054210187 0
outer loop
vertex 7061.47 11870.95 800.02
vertex 7069.400000000001 11853.01 800.02
vertex 7069.400000000001 11853.01 400.01
endloop
endfacet
facet normal 0.914629614341141 0.40429280054210187 0
outer loop
vertex 7061.47 11870.95 800.02
vertex 7069.400000000001 11853.01 400.01
vertex 7061.47 11870.95 400.01
endloop
endfacet
facet normal -0.9335782610985432 -0.3583735905507273 0
outer loop
vertex 7827.820000000001 12109.76 400.01
vertex 7827.820000000001 12109.76 800.02
vertex 7812.35 12150.060000000001 800.02
endloop
endfacet
facet normal -0.9335782610985432 -0.3583735905507273 0
outer loop
vertex 7827.820000000001 12109.76 400.01
vertex 7812.35 12150.060000000001 800.02
vertex 7812.35 12150.060000000001 400.01
endloop
endfacet
facet normal -0.9495837840200553 -0.3135133763113668 0
outer loop
vertex 7846.54 12053.99 400.01
vertex 7846.54 12053.99 800.02
vertex 7833.02 12094.94 800.02
endloop
endfacet
facet normal -0.9495837840200553 -0.3135133763113668 0
outer loop
vertex 7846.54 12053.99 400.01
vertex 7833.02 12094.94 800.02
vertex 7833.02 12094.94 400.01
endloop
endfacet
facet normal 0.9316321867503109 0.3634026260373383 0
outer loop
vertex 7076.55 11834.68 800.02
vertex 7076.55 11834.68 400.01
vertex 7069.400000000001 11853.01 400.01
endloop
endfacet
facet normal 0.9316321867503109 0.3634026260373383 0
outer loop
vertex 7076.55 11834.68 800.02
vertex 7069.400000000001 11853.01 400.01
vertex 7069.400000000001 11853.01 800.02
endloop
endfacet
facet normal 0.8931001651220967 0.44985786095041547 0
outer loop
vertex 7052.63 11888.5 800.02
vertex 7061.47 11870.95 800.02
vertex 7061.47 11870.95 400.01
endloop
endfacet
facet normal 0.8931001651220967 0.44985786095041547 0
outer loop
vertex 7052.63 11888.5 800.02
vertex 7061.47 11870.95 400.01
vertex 7052.63 11888.5 400.01
endloop
endfacet
facet normal 0.9500036004410322 0.3122389455994809 0
outer loop
vertex 7076.55 11834.68 800.02
vertex 7082.66 11816.09 800.02
vertex 7082.66 11816.09 400.01
endloop
endfacet
facet normal 0.9500036004410322 0.3122389455994809 0
outer loop
vertex 7076.55 11834.68 800.02
vertex 7082.66 11816.09 400.01
vertex 7076.55 11834.68 400.01
endloop
endfacet
facet normal -0.964205392803785 -0.26515648302106193 0
outer loop
vertex 7862.530000000001 11997.310000000001 400.01
vertex 7862.530000000001 11997.310000000001 800.02
vertex 7851.09 12038.91 800.02
endloop
endfacet
facet normal -0.964205392803785 -0.26515648302106193 0
outer loop
vertex 7862.530000000001 11997.310000000001 400.01
vertex 7851.09 12038.91 800.02
vertex 7851.09 12038.91 400.01
endloop
endfacet
facet normal -0.9755452321999208 -0.21979877145244206 0
outer loop
vertex 7875.79 11939.85 400.01
vertex 7875.79 11939.85 800.02
vertex 7866.3 11981.970000000001 800.02
endloop
endfacet
facet normal -0.9755452321999208 -0.21979877145244206 0
outer loop
vertex 7875.79 11939.85 400.01
vertex 7866.3 11981.970000000001 800.02
vertex 7866.3 11981.970000000001 400.01
endloop
endfacet
facet normal 0.9757162520935724 0.2190383423067118 0
outer loop
vertex 7087.860000000001 11797.11 800.02
vertex 7092.150000000001 11778 800.02
vertex 7092.150000000001 11778 400.01
endloop
endfacet
facet normal 0.9757162520935724 0.2190383423067118 0
outer loop
vertex 7087.860000000001 11797.11 800.02
vertex 7092.150000000001 11778 400.01
vertex 7087.860000000001 11797.11 400.01
endloop
endfacet
facet normal -0.985736425510408 -0.16829646289201727 0
outer loop
vertex 7886.06 11881.87 400.01
vertex 7886.06 11881.87 800.02
vertex 7878.780000000001 11924.51 800.02
endloop
endfacet
facet normal -0.985736425510408 -0.16829646289201727 0
outer loop
vertex 7886.06 11881.87 400.01
vertex 7878.780000000001 11924.51 800.02
vertex 7878.780000000001 11924.51 400.01
endloop
endfacet
facet normal -0.9923701292950886 -0.12329447060938915 0
outer loop
vertex 7893.6 11823.5 400.01
vertex 7893.6 11823.5 800.02
vertex 7888.27 11866.4 800.02
endloop
endfacet
facet normal -0.9923701292950886 -0.12329447060938915 0
outer loop
vertex 7893.6 11823.5 400.01
vertex 7888.27 11866.4 800.02
vertex 7888.27 11866.4 400.01
endloop
endfacet
facet normal 0.9851145471363122 0.17189918272178717 0
outer loop
vertex 7095.530000000001 11758.630000000001 800.02
vertex 7095.530000000001 11758.630000000001 400.01
vertex 7092.150000000001 11778 400.01
endloop
endfacet
facet normal 0.9851145471363122 0.17189918272178717 0
outer loop
vertex 7095.530000000001 11758.630000000001 800.02
vertex 7092.150000000001 11778 400.01
vertex 7092.150000000001 11778 800.02
endloop
endfacet
facet normal 0.991967562686157 0.12649250799349804 0
outer loop
vertex 7095.530000000001 11758.630000000001 800.02
vertex 7098 11739.26 800.02
vertex 7098 11739.26 400.01
endloop
endfacet
facet normal 0.991967562686157 0.12649250799349804 0
outer loop
vertex 7095.530000000001 11758.630000000001 800.02
vertex 7098 11739.26 400.01
vertex 7095.530000000001 11758.630000000001 400.01
endloop
endfacet
facet normal -0.9971768645774566 -0.07508861932059187 0
outer loop
vertex 7898.280000000001 11764.74 400.01
vertex 7898.280000000001 11764.74 800.02
vertex 7895.030000000001 11807.9 800.02
endloop
endfacet
facet normal -0.9971768645774566 -0.07508861932059187 0
outer loop
vertex 7898.280000000001 11764.74 400.01
vertex 7895.030000000001 11807.9 800.02
vertex 7895.030000000001 11807.9 400.01
endloop
endfacet
facet normal -0.9997457016474143 -0.022550654924395563 0
outer loop
vertex 7899.58 11723.140000000001 599.95
vertex 7899.97 11705.85 400.01
vertex 7899.97 11705.85 599.95
endloop
endfacet
facet normal -0.9997457016474144 -0.02255065492439556 0
outer loop
vertex 7899.58 11723.140000000001 599.95
vertex 7899.97 11705.85 599.95
vertex 7899.97 11705.85 800.02
endloop
endfacet
facet normal -0.999709799619255 -0.024089392761909 -0.00013304732844299902
outer loop
vertex 7899.58 11723.140000000001 599.95
vertex 7899.97 11705.85 800.02
vertex 7898.93 11749.01 800.02
endloop
endfacet
facet normal -0.9996845007777407 -0.025117701024553282 0
outer loop
vertex 7899.58 11723.140000000001 599.95
vertex 7898.93 11749.01 800.02
vertex 7898.93 11749.01 400.01
endloop
endfacet
facet normal -0.9997097996077451 -0.024089392761631655 0.00013313383515696874
outer loop
vertex 7899.58 11723.140000000001 599.95
vertex 7898.93 11749.01 400.01
vertex 7899.97 11705.85 400.01
endloop
endfacet
facet normal 0.997357093049658 0.0726551524738339 0.0002403383861128304
outer loop
vertex 7098.91 11727.43 599.95
vertex 7098 11739.26 800.02
vertex 7099.43 11719.630000000001 800.02
endloop
endfacet
facet normal 0.9977851578566048 0.06651901052383571 0
outer loop
vertex 7098.91 11727.43 599.95
vertex 7099.43 11719.630000000001 800.02
vertex 7099.43 11719.630000000001 599.95
endloop
endfacet
facet normal 0.9977851578566049 0.06651901052383571 0
outer loop
vertex 7098.91 11727.43 599.95
vertex 7099.43 11719.630000000001 599.95
vertex 7099.43 11719.630000000001 400.01
endloop
endfacet
facet normal 0.9973570930121881 0.0726551524711043 -0.00024049465293481768
outer loop
vertex 7098.91 11727.43 599.95
vertex 7099.43 11719.630000000001 400.01
vertex 7098 11739.26 400.01
endloop
endfacet
facet normal 0.9970544855015824 0.07669649888472531 0
outer loop
vertex 7098.91 11727.43 599.95
vertex 7098 11739.26 400.01
vertex 7098 11739.26 800.02
endloop
endfacet
facet normal 0.96445828683688 0.2642351470786403 0
outer loop
vertex 7082.66 11816.09 800.02
vertex 7087.860000000001 11797.11 800.02
vertex 7087.860000000001 11797.11 400.01
endloop
endfacet
facet normal 0.96445828683688 0.2642351470786403 0
outer loop
vertex 7082.66 11816.09 800.02
vertex 7087.860000000001 11797.11 400.01
vertex 7082.66 11816.09 400.01
endloop
endfacet
facet normal 0.7879239810491547 0.6157725230047627 0
outer loop
vertex 7009.08 11953.630000000001 800.02
vertex 7021.17 11938.16 800.02
vertex 7021.17 11938.16 400.01
endloop
endfacet
facet normal 0.7879239810491547 0.6157725230047627 0
outer loop
vertex 7009.08 11953.630000000001 800.02
vertex 7021.17 11938.16 400.01
vertex 7009.08 11953.630000000001 400.01
endloop
endfacet
facet normal 0.11914522061843794 0.9928768384869211 0
outer loop
vertex 6739.2 12097.93 800.02
vertex 6758.7 12095.59 800.02
vertex 6758.7 12095.59 400.01
endloop
endfacet
facet normal 0.11914522061843794 0.9928768384869211 0
outer loop
vertex 6739.2 12097.93 800.02
vertex 6758.7 12095.59 400.01
vertex 6739.2 12097.93 400.01
endloop
endfacet
facet normal -0.9852846401806805 0.17092155459165162 0
outer loop
vertex 6881.42 12607.53 800.02
vertex 6928.35 12878.060000000001 800.02
vertex 6928.35 12878.060000000001 400.01
endloop
endfacet
facet normal -0.9852846401806805 0.17092155459165162 0
outer loop
vertex 6881.42 12607.53 800.02
vertex 6928.35 12878.060000000001 400.01
vertex 6881.42 12607.53 400.01
endloop
endfacet
facet normal 0.975751292661919 -0.2188821940418957 0
outer loop
vertex 6883.5 12606.62 400.01
vertex 6943.6900000000005 12874.94 400.01
vertex 6943.6900000000005 12874.94 800.02
endloop
endfacet
facet normal 0.975751292661919 -0.2188821940418957 0
outer loop
vertex 6883.5 12606.62 400.01
vertex 6943.6900000000005 12874.94 800.02
vertex 6883.5 12606.62 800.02
endloop
endfacet
facet normal -0.9329092944468318 0.3601114387723813 0
outer loop
vertex 7153.77 12810.85 800.02
vertex 7153.77 12810.85 400.01
vertex 7054.06 12552.54 400.01
endloop
endfacet
facet normal -0.9329092944468318 0.3601114387723813 0
outer loop
vertex 7153.77 12810.85 800.02
vertex 7054.06 12552.54 400.01
vertex 7054.06 12552.54 800.02
endloop
endfacet
facet normal -0.9142970076348969 0.40504441957626497 0
outer loop
vertex 7207.72 12787.32 800.02
vertex 7207.72 12787.32 400.01
vertex 7096.05 12535.25 400.01
endloop
endfacet
facet normal -0.9142970076348969 0.40504441957626497 0
outer loop
vertex 7207.72 12787.32 800.02
vertex 7096.05 12535.25 400.01
vertex 7096.05 12535.25 800.02
endloop
endfacet
facet normal 0.8931970363050706 -0.44966549159996516 0
outer loop
vertex 7098 12534.34 800.02
vertex 7098 12534.34 400.01
vertex 7221.89 12780.43 400.01
endloop
endfacet
facet normal 0.8931970363050706 -0.44966549159996516 0
outer loop
vertex 7098 12534.34 800.02
vertex 7221.89 12780.43 400.01
vertex 7221.89 12780.43 800.02
endloop
endfacet
facet normal 0.9143145949581324 -0.4050047178077636 0
outer loop
vertex 7056.14 12551.76 800.02
vertex 7056.14 12551.76 400.01
vertex 7168.2 12804.74 400.01
endloop
endfacet
facet normal 0.9143145949581324 -0.4050047178077636 0
outer loop
vertex 7056.14 12551.76 800.02
vertex 7168.2 12804.74 400.01
vertex 7168.2 12804.74 800.02
endloop
endfacet
facet normal -0.893193119535229 0.44967327162610654 0
outer loop
vertex 7260.5 12761.060000000001 800.02
vertex 7260.5 12761.060000000001 400.01
vertex 7137 12515.75 400.01
endloop
endfacet
facet normal -0.893193119535229 0.44967327162610654 0
outer loop
vertex 7260.5 12761.060000000001 800.02
vertex 7137 12515.75 400.01
vertex 7137 12515.75 800.02
endloop
endfacet
facet normal -0.8702110466830439 0.4926791392283634 0
outer loop
vertex 7311.85 12732.33 800.02
vertex 7311.85 12732.33 400.01
vertex 7176.13 12492.61 400.01
endloop
endfacet
facet normal -0.8702110466830439 0.4926791392283634 0
outer loop
vertex 7311.85 12732.33 800.02
vertex 7176.13 12492.61 400.01
vertex 7176.13 12492.61 800.02
endloop
endfacet
facet normal 0.8449829022606118 -0.5347933197855349 0
outer loop
vertex 7178.21 12491.83 800.02
vertex 7178.21 12491.83 400.01
vertex 7325.240000000001 12724.140000000001 400.01
endloop
endfacet
facet normal 0.8449829022606118 -0.5347933197855349 0
outer loop
vertex 7178.21 12491.83 800.02
vertex 7325.240000000001 12724.140000000001 400.01
vertex 7325.240000000001 12724.140000000001 800.02
endloop
endfacet
facet normal -0.8447333546736936 0.5351874059633017 0
outer loop
vertex 7361.77 12701 800.02
vertex 7361.77 12701 400.01
vertex 7215 12469.34 400.01
endloop
endfacet
facet normal -0.8447333546736936 0.5351874059633017 0
outer loop
vertex 7361.77 12701 800.02
vertex 7215 12469.34 400.01
vertex 7215 12469.34 800.02
endloop
endfacet
facet normal -0.8174824331309726 0.5759535324331857 0
outer loop
vertex 7410.13 12667.33 800.02
vertex 7410.13 12667.33 400.01
vertex 7252.96 12444.25 400.01
endloop
endfacet
facet normal -0.8174824331309726 0.5759535324331857 0
outer loop
vertex 7410.13 12667.33 800.02
vertex 7252.96 12444.25 400.01
vertex 7252.96 12444.25 800.02
endloop
endfacet
facet normal 0.7882705682797084 -0.6153287829965257 0
outer loop
vertex 7255.17 12443.34 800.02
vertex 7255.17 12443.34 400.01
vertex 7422.610000000001 12657.84 400.01
endloop
endfacet
facet normal 0.7882705682797084 -0.6153287829965257 0
outer loop
vertex 7255.17 12443.34 800.02
vertex 7422.610000000001 12657.84 400.01
vertex 7422.610000000001 12657.84 800.02
endloop
endfacet
facet normal 0.8175993394867533 -0.5757875650540091 0
outer loop
vertex 7217.21 12468.43 800.02
vertex 7217.21 12468.43 400.01
vertex 7374.77 12692.16 400.01
endloop
endfacet
facet normal 0.8175993394867533 -0.5757875650540091 0
outer loop
vertex 7217.21 12468.43 800.02
vertex 7374.77 12692.16 400.01
vertex 7374.77 12692.16 800.02
endloop
endfacet
facet normal -0.6895226253456612 0.7242641432077298 0
outer loop
vertex 7585.110000000001 12510.16 800.02
vertex 7585.110000000001 12510.16 400.01
vertex 7389.9800000000005 12324.390000000001 400.01
endloop
endfacet
facet normal -0.6895226253456612 0.7242641432077298 0
outer loop
vertex 7585.110000000001 12510.16 800.02
vertex 7389.9800000000005 12324.390000000001 400.01
vertex 7389.9800000000005 12324.390000000001 800.02
endloop
endfacet
facet normal 0.6532440709964125 -0.7571473989310364 0
outer loop
vertex 7391.02 12321.92 800.02
vertex 7391.02 12321.92 400.01
vertex 7595.64 12498.460000000001 400.01
endloop
endfacet
facet normal 0.6532440709964125 -0.7571473989310364 0
outer loop
vertex 7391.02 12321.92 800.02
vertex 7595.64 12498.460000000001 400.01
vertex 7595.64 12498.460000000001 800.02
endloop
endfacet
facet normal 0.8700356628087837 -0.4929887883521087 0
outer loop
vertex 7138.3 12513.54 800.02
vertex 7138.3 12513.54 400.01
vertex 7274.280000000001 12753.52 400.01
endloop
endfacet
facet normal 0.8700356628087837 -0.4929887883521087 0
outer loop
vertex 7138.3 12513.54 800.02
vertex 7274.280000000001 12753.52 400.01
vertex 7274.280000000001 12753.52 800.02
endloop
endfacet
facet normal -0.9924959165386442 0.12227778070490421 0
outer loop
vertex 6870.24 12887.810000000001 800.02
vertex 6870.24 12887.810000000001 400.01
vertex 6836.83 12616.630000000001 400.01
endloop
endfacet
facet normal -0.9924959165386442 0.12227778070490421 0
outer loop
vertex 6870.24 12887.810000000001 800.02
vertex 6836.83 12616.630000000001 400.01
vertex 6836.83 12616.630000000001 800.02
endloop
endfacet
facet normal 0.9852813737647592 -0.17094038291822397 0
outer loop
vertex 6838.91 12615.720000000001 800.02
vertex 6838.91 12615.720000000001 400.01
vertex 6885.71 12885.470000000001 400.01
endloop
endfacet
facet normal 0.9852813737647592 -0.17094038291822397 0
outer loop
vertex 6838.91 12615.720000000001 800.02
vertex 6885.71 12885.470000000001 400.01
vertex 6885.71 12885.470000000001 800.02
endloop
endfacet
facet normal -0.6532709139864935 0.757124238774094 0
outer loop
vertex 7623.85 12465.83 800.02
vertex 7623.85 12465.83 400.01
vertex 7418.1900000000005 12288.380000000001 400.01
endloop
endfacet
facet normal -0.6532709139864935 0.757124238774094 0
outer loop
vertex 7623.85 12465.83 800.02
vertex 7418.1900000000005 12288.380000000001 400.01
vertex 7418.1900000000005 12288.380000000001 800.02
endloop
endfacet
facet normal -0.5347379266992377 0.8450179582407705 0
outer loop
vertex 7726.29 12321.92 800.02
vertex 7726.29 12321.92 400.01
vertex 7493.33 12174.5 400.01
endloop
endfacet
facet normal -0.5347379266992377 0.8450179582407705 0
outer loop
vertex 7726.29 12321.92 800.02
vertex 7493.33 12174.5 400.01
vertex 7493.33 12174.5 800.02
endloop
endfacet
facet normal 0.4928690761871566 -0.8701034844996421 0
outer loop
vertex 7495.54 12173.2 800.02
vertex 7495.54 12173.2 400.01
vertex 7734.22 12308.4 400.01
endloop
endfacet
facet normal 0.4928690761871566 -0.8701034844996421 0
outer loop
vertex 7495.54 12173.2 800.02
vertex 7734.22 12308.4 400.01
vertex 7734.22 12308.4 800.02
endloop
endfacet
facet normal -0.4930125719808795 0.8700221858486129 0
outer loop
vertex 7755.54 12270.83 800.02
vertex 7755.54 12270.83 400.01
vertex 7517.64 12136.02 400.01
endloop
endfacet
facet normal -0.4930125719808795 0.8700221858486129 0
outer loop
vertex 7755.54 12270.83 800.02
vertex 7517.64 12136.02 400.01
vertex 7517.64 12136.02 800.02
endloop
endfacet
facet normal -0.4496629091834387 0.8931983363759063 0
outer loop
vertex 7782.1900000000005 12218.44 800.02
vertex 7782.1900000000005 12218.44 400.01
vertex 7535.84 12094.42 400.01
endloop
endfacet
facet normal -0.4496629091834387 0.8931983363759063 0
outer loop
vertex 7782.1900000000005 12218.44 800.02
vertex 7535.84 12094.42 400.01
vertex 7535.84 12094.42 800.02
endloop
endfacet
facet normal 0.4054384771148895 -0.9141223338671686 0
outer loop
vertex 7536.75 12092.34 800.02
vertex 7536.75 12092.34 400.01
vertex 7788.820000000001 12204.140000000001 400.01
endloop
endfacet
facet normal 0.4054384771148895 -0.9141223338671686 0
outer loop
vertex 7536.75 12092.34 800.02
vertex 7788.820000000001 12204.140000000001 400.01
vertex 7788.820000000001 12204.140000000001 800.02
endloop
endfacet
facet normal -0.4052233622424083 0.9142177129617199 0
outer loop
vertex 7806.37 12164.62 800.02
vertex 7806.37 12164.62 400.01
vertex 7553.26 12052.43 400.01
endloop
endfacet
facet normal -0.4052233622424083 0.9142177129617199 0
outer loop
vertex 7806.37 12164.62 800.02
vertex 7553.26 12052.43 400.01
vertex 7553.26 12052.43 800.02
endloop
endfacet
facet normal -0.3597372130686608 0.9330536627298522 0
outer loop
vertex 7827.820000000001 12109.76 800.02
vertex 7827.820000000001 12109.76 400.01
vertex 7570.55 12010.57 400.01
endloop
endfacet
facet normal -0.3597372130686608 0.9330536627298522 0
outer loop
vertex 7827.820000000001 12109.76 800.02
vertex 7570.55 12010.57 400.01
vertex 7570.55 12010.57 800.02
endloop
endfacet
facet normal 0.31339447930052994 -0.9496230306516105 0
outer loop
vertex 7571.46 12008.62 800.02
vertex 7571.46 12008.62 400.01
vertex 7833.02 12094.94 400.01
endloop
endfacet
facet normal 0.31339447930052994 -0.9496230306516105 0
outer loop
vertex 7571.46 12008.62 800.02
vertex 7833.02 12094.94 400.01
vertex 7833.02 12094.94 800.02
endloop
endfacet
facet normal 0.3597027144296743 -0.933066962887404 0
outer loop
vertex 7554.04 12050.48 800.02
vertex 7554.04 12050.48 400.01
vertex 7812.35 12150.060000000001 400.01
endloop
endfacet
facet normal 0.3597027144296743 -0.933066962887404 0
outer loop
vertex 7554.04 12050.48 800.02
vertex 7812.35 12150.060000000001 400.01
vertex 7812.35 12150.060000000001 800.02
endloop
endfacet
facet normal 0.44949286648045894 -0.8932839207011286 0
outer loop
vertex 7518.42 12133.94 800.02
vertex 7518.42 12133.94 400.01
vertex 7762.820000000001 12256.92 400.01
endloop
endfacet
facet normal 0.44949286648045894 -0.8932839207011286 0
outer loop
vertex 7518.42 12133.94 800.02
vertex 7762.820000000001 12256.92 400.01
vertex 7762.820000000001 12256.92 800.02
endloop
endfacet
facet normal -0.31395388904097626 0.9494382315643531 0
outer loop
vertex 7846.54 12053.99 800.02
vertex 7846.54 12053.99 400.01
vertex 7585.89 11967.800000000001 400.01
endloop
endfacet
facet normal -0.31395388904097626 0.9494382315643531 0
outer loop
vertex 7846.54 12053.99 800.02
vertex 7585.89 11967.800000000001 400.01
vertex 7585.89 11967.800000000001 800.02
endloop
endfacet
facet normal -0.26679136884882315 0.9637543076468043 0
outer loop
vertex 7862.530000000001 11997.310000000001 800.02
vertex 7862.530000000001 11997.310000000001 400.01
vertex 7597.2 11923.86 400.01
endloop
endfacet
facet normal -0.26679136884882315 0.9637543076468043 0
outer loop
vertex 7862.530000000001 11997.310000000001 800.02
vertex 7597.2 11923.86 400.01
vertex 7597.2 11923.86 800.02
endloop
endfacet
facet normal 0.2188821940418957 -0.975751292661919 0
outer loop
vertex 7597.9800000000005 11921.78 800.02
vertex 7597.9800000000005 11921.78 400.01
vertex 7866.3 11981.970000000001 400.01
endloop
endfacet
facet normal 0.2188821940418957 -0.975751292661919 0
outer loop
vertex 7597.9800000000005 11921.78 800.02
vertex 7866.3 11981.970000000001 400.01
vertex 7866.3 11981.970000000001 800.02
endloop
endfacet
facet normal -0.21893706175634936 0.9757389830223535 0
outer loop
vertex 7875.79 11939.85 800.02
vertex 7875.79 11939.85 400.01
vertex 7608.12 11879.79 400.01
endloop
endfacet
facet normal -0.21893706175634936 0.9757389830223535 0
outer loop
vertex 7875.79 11939.85 800.02
vertex 7608.12 11879.79 400.01
vertex 7608.12 11879.79 800.02
endloop
endfacet
facet normal -0.17103957130195854 0.9852641600346793 0
outer loop
vertex 7886.06 11881.87 800.02
vertex 7886.06 11881.87 400.01
vertex 7617.22 11835.2 400.01
endloop
endfacet
facet normal -0.17103957130195854 0.9852641600346793 0
outer loop
vertex 7886.06 11881.87 800.02
vertex 7617.22 11835.2 400.01
vertex 7617.22 11835.2 800.02
endloop
endfacet
facet normal 0.12274145380817035 -0.992438680985912 0
outer loop
vertex 7618.13 11832.99 800.02
vertex 7618.13 11832.99 400.01
vertex 7888.27 11866.4 400.01
endloop
endfacet
facet normal 0.12274145380817035 -0.992438680985912 0
outer loop
vertex 7618.13 11832.99 800.02
vertex 7888.27 11866.4 400.01
vertex 7888.27 11866.4 800.02
endloop
endfacet
facet normal 0.17094038291822072 -0.9852813737647598 0
outer loop
vertex 7609.030000000001 11877.710000000001 800.02
vertex 7609.030000000001 11877.710000000001 400.01
vertex 7878.780000000001 11924.51 400.01
endloop
endfacet
facet normal 0.17094038291822072 -0.9852813737647598 0
outer loop
vertex 7609.030000000001 11877.710000000001 800.02
vertex 7878.780000000001 11924.51 400.01
vertex 7878.780000000001 11924.51 800.02
endloop
endfacet
facet normal -0.1222641958850033 0.992497590125333 0
outer loop
vertex 7893.6 11823.5 800.02
vertex 7893.6 11823.5 400.01
vertex 7624.5 11790.35 400.01
endloop
endfacet
facet normal -0.1222641958850033 0.992497590125333 0
outer loop
vertex 7893.6 11823.5 800.02
vertex 7624.5 11790.35 400.01
vertex 7624.5 11790.35 800.02
endloop
endfacet
facet normal -0.07344452240127193 0.9972993041856838 0
outer loop
vertex 7898.280000000001 11764.74 800.02
vertex 7898.280000000001 11764.74 400.01
vertex 7629.96 11744.98 400.01
endloop
endfacet
facet normal -0.07344452240127193 0.9972993041856838 0
outer loop
vertex 7898.280000000001 11764.74 800.02
vertex 7629.96 11744.98 400.01
vertex 7629.96 11744.98 800.02
endloop
endfacet
facet normal 0.02425293193560022 -0.9997058543854422 0
outer loop
vertex 7631 11742.51 800.02
vertex 7631 11742.51 400.01
vertex 7898.93 11749.01 400.01
endloop
endfacet
facet normal 0.02425293193560022 -0.9997058543854422 0
outer loop
vertex 7631 11742.51 800.02
vertex 7898.93 11749.01 400.01
vertex 7898.93 11749.01 800.02
endloop
endfacet
facet normal -0.3713906763535064 -0.9284766908854982 0
outer loop
vertex 6701.24 12632.75 599.95
vertex 6703.1900000000005 12631.970000000001 400.01
vertex 6703.1900000000005 12631.970000000001 800.02
endloop
endfacet
facet normal -0.37139067635392464 -0.928476690885331 4.727412957072919e-15
outer loop
vertex 6701.24 12632.75 599.95
vertex 6703.1900000000005 12631.970000000001 800.02
vertex 6699.9400000000005 12633.27 800.02
endloop
endfacet
facet normal -0.3713906763545517 -0.9284766908850801 0
outer loop
vertex 6701.24 12632.75 599.95
vertex 6699.9400000000005 12633.27 800.02
vertex 6699.9400000000005 12633.27 599.95
endloop
endfacet
facet normal -0.3713906763545517 -0.9284766908850801 0
outer loop
vertex 6701.24 12632.75 599.95
vertex 6699.9400000000005 12633.27 599.95
vertex 6699.9400000000005 12633.27 400.01
endloop
endfacet
facet normal -0.3713906763539246 -0.928476690885331 -4.730486697617176e-15
outer loop
vertex 6701.24 12632.75 599.95
vertex 6699.9400000000005 12633.27 400.01
vertex 6703.1900000000005 12631.970000000001 400.01
endloop
endfacet
facet normal 0.07360587242189712 -0.9972874086967163 0
outer loop
vertex 7625.54 11788.01 800.02
vertex 7625.54 11788.01 400.01
vertex 7895.030000000001 11807.9 400.01
endloop
endfacet
facet normal 0.07360587242189712 -0.9972874086967163 0
outer loop
vertex 7625.54 11788.01 800.02
vertex 7895.030000000001 11807.9 400.01
vertex 7895.030000000001 11807.9 800.02
endloop
endfacet
facet normal 0.2666232958818694 -0.9638008186825167 0
outer loop
vertex 7585.110000000001 11965.33 800.02
vertex 7585.110000000001 11965.33 400.01
vertex 7851.09 12038.91 400.01
endloop
endfacet
facet normal 0.2666232958818694 -0.9638008186825167 0
outer loop
vertex 7585.110000000001 11965.33 800.02
vertex 7851.09 12038.91 400.01
vertex 7851.09 12038.91 800.02
endloop
endfacet
facet normal 0.6153287829965257 -0.7882705682797084 0
outer loop
vertex 7419.2300000000005 12286.17 800.02
vertex 7419.2300000000005 12286.17 400.01
vertex 7633.7300000000005 12453.61 400.01
endloop
endfacet
facet normal 0.6153287829965257 -0.7882705682797084 0
outer loop
vertex 7419.2300000000005 12286.17 800.02
vertex 7633.7300000000005 12453.61 400.01
vertex 7633.7300000000005 12453.61 800.02
endloop
endfacet
facet normal -0.9757635400510911 0.21882758945563174 0
outer loop
vertex 6925.490000000001 12596.48 800.02
vertex 6985.81 12865.45 800.02
vertex 6985.81 12865.45 400.01
endloop
endfacet
facet normal -0.9757635400510911 0.21882758945563174 0
outer loop
vertex 6925.490000000001 12596.48 800.02
vertex 6985.81 12865.45 400.01
vertex 6925.490000000001 12596.48 400.01
endloop
endfacet
facet normal -0.7883441465997715 0.6152345134352248 0
outer loop
vertex 7456.67 12631.32 800.02
vertex 7456.67 12631.32 400.01
vertex 7289.88 12417.6 400.01
endloop
endfacet
facet normal -0.7883441465997715 0.6152345134352248 0
outer loop
vertex 7456.67 12631.32 800.02
vertex 7289.88 12417.6 400.01
vertex 7289.88 12417.6 800.02
endloop
endfacet
facet normal -0.7241842561792784 0.6896065277403233 0
outer loop
vertex 7360.21 12359.36 800.02
vertex 7544.29 12552.67 800.02
vertex 7544.29 12552.67 400.01
endloop
endfacet
facet normal -0.7241842561792784 0.6896065277403233 0
outer loop
vertex 7360.21 12359.36 800.02
vertex 7544.29 12552.67 400.01
vertex 7360.21 12359.36 400.01
endloop
endfacet
facet normal 0.6894249563867196 -0.7243571146272877 0
outer loop
vertex 7361.25 12356.76 400.01
vertex 7555.34 12541.49 400.01
vertex 7555.34 12541.49 800.02
endloop
endfacet
facet normal 0.6894249563867196 -0.7243571146272877 0
outer loop
vertex 7361.25 12356.76 400.01
vertex 7555.34 12541.49 800.02
vertex 7361.25 12356.76 800.02
endloop
endfacet
facet normal 0.7571473989310394 -0.6532440709964088 0
outer loop
vertex 7292.22 12416.69 800.02
vertex 7292.22 12416.69 400.01
vertex 7468.76 12621.310000000001 400.01
endloop
endfacet
facet normal 0.7571473989310394 -0.6532440709964088 0
outer loop
vertex 7292.22 12416.69 800.02
vertex 7468.76 12621.310000000001 400.01
vertex 7468.76 12621.310000000001 800.02
endloop
endfacet
facet normal -0.6149608276245004 0.7885576583150973 0
outer loop
vertex 7660.38 12419.550000000001 800.02
vertex 7660.38 12419.550000000001 400.01
vertex 7444.84 12251.460000000001 400.01
endloop
endfacet
facet normal -0.6149608276245004 0.7885576583150973 0
outer loop
vertex 7660.38 12419.550000000001 800.02
vertex 7444.84 12251.460000000001 400.01
vertex 7444.84 12251.460000000001 800.02
endloop
endfacet
facet normal 0.5758814233549184 -0.8175332324956051 0
outer loop
vertex 7445.75 12249.25 800.02
vertex 7445.75 12249.25 400.01
vertex 7669.610000000001 12406.94 400.01
endloop
endfacet
facet normal 0.5758814233549184 -0.8175332324956051 0
outer loop
vertex 7445.75 12249.25 800.02
vertex 7669.610000000001 12406.94 400.01
vertex 7669.610000000001 12406.94 800.02
endloop
endfacet
facet normal -0.5760326073159755 0.8174267155585013 0
outer loop
vertex 7694.4400000000005 12371.58 800.02
vertex 7694.4400000000005 12371.58 400.01
vertex 7469.93 12213.37 400.01
endloop
endfacet
facet normal -0.5760326073159755 0.8174267155585013 0
outer loop
vertex 7694.4400000000005 12371.58 800.02
vertex 7469.93 12213.37 400.01
vertex 7469.93 12213.37 800.02
endloop
endfacet
facet normal 0.5351308047791424 -0.8447692121381009 0
outer loop
vertex 7470.84 12211.29 800.02
vertex 7470.84 12211.29 400.01
vertex 7703.150000000001 12358.45 400.01
endloop
endfacet
facet normal 0.5351308047791424 -0.8447692121381009 0
outer loop
vertex 7470.84 12211.29 800.02
vertex 7703.150000000001 12358.45 400.01
vertex 7703.150000000001 12358.45 800.02
endloop
endfacet
facet normal 0.9637618881028442 -0.26676398377674776 0
outer loop
vertex 6927.83 12597.130000000001 800.02
vertex 6927.83 12597.130000000001 400.01
vertex 7001.02 12861.550000000001 400.01
endloop
endfacet
facet normal 0.9637618881028442 -0.26676398377674776 0
outer loop
vertex 6927.83 12597.130000000001 800.02
vertex 7001.02 12861.550000000001 400.01
vertex 7001.02 12861.550000000001 800.02
endloop
endfacet
facet normal -0.9637695202495019 0.2667364089097036 0
outer loop
vertex 7042.75 12849.98 800.02
vertex 7042.75 12849.98 400.01
vertex 6969.820000000001 12586.470000000001 400.01
endloop
endfacet
facet normal -0.9637695202495019 0.2667364089097036 0
outer loop
vertex 7042.75 12849.98 800.02
vertex 6969.820000000001 12586.470000000001 400.01
vertex 6969.820000000001 12586.470000000001 800.02
endloop
endfacet
facet normal -0.9495753172040082 0.3135390198315151 0
outer loop
vertex 7098.650000000001 12831.78 800.02
vertex 7098.650000000001 12831.78 400.01
vertex 7012.2 12569.960000000001 400.01
endloop
endfacet
facet normal -0.9495753172040082 0.3135390198315151 0
outer loop
vertex 7098.650000000001 12831.78 800.02
vertex 7012.2 12569.960000000001 400.01
vertex 7012.2 12569.960000000001 800.02
endloop
endfacet
facet normal 0.9329564488960461 -0.3599892560386758 0
outer loop
vertex 7014.150000000001 12569.050000000001 800.02
vertex 7014.150000000001 12569.050000000001 400.01
vertex 7113.47 12826.45 400.01
endloop
endfacet
facet normal 0.9329564488960461 -0.3599892560386758 0
outer loop
vertex 7014.150000000001 12569.050000000001 800.02
vertex 7113.47 12826.45 400.01
vertex 7113.47 12826.45 800.02
endloop
endfacet
facet normal 0.949535264116066 -0.31366029745575513 0
outer loop
vertex 6971.900000000001 12585.560000000001 800.02
vertex 6971.900000000001 12585.560000000001 400.01
vertex 7057.7 12845.300000000001 400.01
endloop
endfacet
facet normal 0.949535264116066 -0.31366029745575513 0
outer loop
vertex 6971.900000000001 12585.560000000001 800.02
vertex 7057.7 12845.300000000001 400.01
vertex 7057.7 12845.300000000001 800.02
endloop
endfacet
facet normal -0.7571379854004422 0.6532549816601171 0
outer loop
vertex 7501.52 12593.1 800.02
vertex 7501.52 12593.1 400.01
vertex 7325.76 12389.390000000001 400.01
endloop
endfacet
facet normal -0.7571379854004422 0.6532549816601171 0
outer loop
vertex 7501.52 12593.1 800.02
vertex 7325.76 12389.390000000001 400.01
vertex 7325.76 12389.390000000001 800.02
endloop
endfacet
facet normal 0.7241148625387476 -0.6896793935231724 0
outer loop
vertex 7328.2300000000005 12388.35 800.02
vertex 7328.2300000000005 12388.35 400.01
vertex 7513.09 12582.44 400.01
endloop
endfacet
facet normal 0.7241148625387476 -0.6896793935231724 0
outer loop
vertex 7328.2300000000005 12388.35 800.02
vertex 7513.09 12582.44 400.01
vertex 7513.09 12582.44 800.02
endloop
endfacet
facet normal -0.38805700005837557 -0.9216353751379632 0
outer loop
vertex 7325.76 12389.390000000001 800.02
vertex 7325.76 12389.390000000001 400.01
vertex 7328.2300000000005 12388.35 400.01
endloop
endfacet
facet normal -0.38805700005837557 -0.9216353751379632 0
outer loop
vertex 7325.76 12389.390000000001 800.02
vertex 7328.2300000000005 12388.35 400.01
vertex 7328.2300000000005 12388.35 800.02
endloop
endfacet
facet normal -0.3457053588272763 -0.9383431168171397 0
outer loop
vertex 6746.35 12629.37 800.02
vertex 6746.35 12629.37 400.01
vertex 6748.820000000001 12628.460000000001 400.01
endloop
endfacet
facet normal -0.3457053588272763 -0.9383431168171397 0
outer loop
vertex 6746.35 12629.37 800.02
vertex 6748.820000000001 12628.460000000001 400.01
vertex 6748.820000000001 12628.460000000001 800.02
endloop
endfacet
facet normal -0.02408939297509824 -0.9997098084674828 0
outer loop
vertex 6752.9800000000005 12898.86 400.01
vertex 6752.9800000000005 12898.86 800.02
vertex 6709.820000000001 12899.9 800.02
endloop
endfacet
facet normal -0.02408939297509824 -0.9997098084674828 0
outer loop
vertex 6752.9800000000005 12898.86 400.01
vertex 6709.820000000001 12899.9 800.02
vertex 6709.820000000001 12899.9 400.01
endloop
endfacet
facet normal -0.07231770250631943 -0.9973816470660605 0
outer loop
vertex 6811.74 12894.83 400.01
vertex 6811.74 12894.83 800.02
vertex 6768.71 12897.95 800.02
endloop
endfacet
facet normal -0.07231770250631943 -0.9973816470660605 0
outer loop
vertex 6811.74 12894.83 400.01
vertex 6768.71 12897.95 800.02
vertex 6768.71 12897.95 400.01
endloop
endfacet
facet normal 0.9996939763570085 -0.024737696649300617 0
outer loop
vertex 6690.1900000000005 12100.140000000001 800.02
vertex 6690.1900000000005 12100.140000000001 599.95
vertex 6696.820000000001 12368.07 599.95
endloop
endfacet
facet normal 0.9996939763570085 -0.024737696649300617 0
outer loop
vertex 6690.1900000000005 12100.140000000001 800.02
vertex 6696.820000000001 12368.07 599.95
vertex 6696.820000000001 12368.07 800.02
endloop
endfacet
facet normal 0.9996939763570085 -0.02473769664930061 0
outer loop
vertex 6703.1900000000005 12631.970000000001 800.02
vertex 6703.1900000000005 12631.970000000001 400.01
vertex 6709.820000000001 12899.9 400.01
endloop
endfacet
facet normal 0.9996939763570085 -0.02473769664930061 0
outer loop
vertex 6703.1900000000005 12631.970000000001 800.02
vertex 6709.820000000001 12899.9 400.01
vertex 6709.820000000001 12899.9 800.02
endloop
endfacet
facet normal -0.9996975074651157 0.024594584119981562 0
outer loop
vertex 6752.9800000000005 12898.86 800.02
vertex 6752.9800000000005 12898.86 400.01
vertex 6746.35 12629.37 400.01
endloop
endfacet
facet normal -0.9996975074651157 0.024594584119981562 0
outer loop
vertex 6752.9800000000005 12898.86 800.02
vertex 6746.35 12629.37 400.01
vertex 6746.35 12629.37 800.02
endloop
endfacet
facet normal 0.9972874086967163 -0.07360587242189735 0
outer loop
vertex 6748.820000000001 12628.460000000001 800.02
vertex 6748.820000000001 12628.460000000001 400.01
vertex 6768.71 12897.95 400.01
endloop
endfacet
facet normal 0.9972874086967163 -0.07360587242189735 0
outer loop
vertex 6748.820000000001 12628.460000000001 800.02
vertex 6768.71 12897.95 400.01
vertex 6768.71 12897.95 800.02
endloop
endfacet
facet normal -0.9972807959494152 0.07369541390412969 0
outer loop
vertex 6811.74 12894.83 800.02
vertex 6811.74 12894.83 400.01
vertex 6791.72 12623.91 400.01
endloop
endfacet
facet normal -0.9972807959494152 0.07369541390412969 0
outer loop
vertex 6811.74 12894.83 800.02
vertex 6791.72 12623.91 400.01
vertex 6791.72 12623.91 800.02
endloop
endfacet
facet normal -0.3511234415886609 -0.9363291775689436 0
outer loop
vertex 7176.13 12492.61 800.02
vertex 7176.13 12492.61 400.01
vertex 7178.21 12491.83 400.01
endloop
endfacet
facet normal -0.3511234415886609 -0.9363291775689436 0
outer loop
vertex 7176.13 12492.61 800.02
vertex 7178.21 12491.83 400.01
vertex 7178.21 12491.83 800.02
endloop
endfacet
facet normal -0.4472135954980807 -0.8944271910008545 0
outer loop
vertex 6925.490000000001 12596.48 800.02
vertex 6925.490000000001 12596.48 400.01
vertex 6926.01 12596.220000000001 400.01
endloop
endfacet
facet normal -0.4472135954980807 -0.8944271910008545 0
outer loop
vertex 6925.490000000001 12596.48 800.02
vertex 6926.01 12596.220000000001 400.01
vertex 6926.01 12596.220000000001 800.02
endloop
endfacet
facet normal 0.44721359549995787 -0.8944271909999157 0
outer loop
vertex 6926.01 12596.220000000001 400.01
vertex 6927.83 12597.130000000001 400.01
vertex 6927.83 12597.130000000001 800.02
endloop
endfacet
facet normal 0.44721359549995787 -0.8944271909999157 0
outer loop
vertex 6926.01 12596.220000000001 400.01
vertex 6927.83 12597.130000000001 800.02
vertex 6926.01 12596.220000000001 800.02
endloop
endfacet
facet normal -0.9161573349022075 -0.4008188340196657 0
outer loop
vertex 7137 12515.75 400.01
vertex 7137.91 12513.67 400.01
vertex 7137.91 12513.67 800.02
endloop
endfacet
facet normal -0.9161573349022075 -0.4008188340196657 0
outer loop
vertex 7137 12515.75 400.01
vertex 7137.91 12513.67 800.02
vertex 7137 12515.75 800.02
endloop
endfacet
facet normal -0.31622776601484687 -0.9486832980511775 0
outer loop
vertex 7137.91 12513.67 400.01
vertex 7138.3 12513.54 400.01
vertex 7138.3 12513.54 800.02
endloop
endfacet
facet normal -0.31622776601484687 -0.9486832980511775 0
outer loop
vertex 7137.91 12513.67 400.01
vertex 7138.3 12513.54 800.02
vertex 7137.91 12513.67 800.02
endloop
endfacet
facet normal -0.36244626115487855 -0.9320046715413232 0
outer loop
vertex 7289.88 12417.6 800.02
vertex 7289.88 12417.6 400.01
vertex 7292.22 12416.69 400.01
endloop
endfacet
facet normal -0.36244626115487855 -0.9320046715413232 0
outer loop
vertex 7289.88 12417.6 800.02
vertex 7292.22 12416.69 400.01
vertex 7292.22 12416.69 800.02
endloop
endfacet
facet normal -0.36244626115487855 -0.9320046715413232 0
outer loop
vertex 6791.72 12623.91 800.02
vertex 6791.72 12623.91 400.01
vertex 6794.06 12623 400.01
endloop
endfacet
facet normal -0.36244626115487855 -0.9320046715413232 0
outer loop
vertex 6791.72 12623.91 800.02
vertex 6794.06 12623 400.01
vertex 6794.06 12623 800.02
endloop
endfacet
facet normal -0.9363291775689436 -0.3511234415886609 0
outer loop
vertex 7597.2 11923.86 800.02
vertex 7597.2 11923.86 400.01
vertex 7597.9800000000005 11921.78 400.01
endloop
endfacet
facet normal -0.9363291775689436 -0.3511234415886609 0
outer loop
vertex 7597.2 11923.86 800.02
vertex 7597.9800000000005 11921.78 400.01
vertex 7597.9800000000005 11921.78 800.02
endloop
endfacet
facet normal -0.894427190999916 -0.447213595499958 0
outer loop
vertex 7493.33 12174.5 800.02
vertex 7493.33 12174.5 400.01
vertex 7493.59 12173.98 400.01
endloop
endfacet
facet normal -0.894427190999916 -0.447213595499958 0
outer loop
vertex 7493.33 12174.5 800.02
vertex 7493.59 12173.98 400.01
vertex 7493.59 12173.98 800.02
endloop
endfacet
facet normal -0.3713906763536557 -0.9284766908854384 0
outer loop
vertex 7493.59 12173.98 400.01
vertex 7495.54 12173.2 400.01
vertex 7495.54 12173.2 800.02
endloop
endfacet
facet normal -0.3713906763536557 -0.9284766908854384 0
outer loop
vertex 7493.59 12173.98 400.01
vertex 7495.54 12173.2 800.02
vertex 7493.59 12173.98 800.02
endloop
endfacet
facet normal -0.9161573349022075 0.4008188340196657 0
outer loop
vertex 7585.89 11967.800000000001 400.01
vertex 7584.9800000000005 11965.720000000001 400.01
vertex 7584.9800000000005 11965.720000000001 800.02
endloop
endfacet
facet normal -0.9161573349022075 0.4008188340196657 0
outer loop
vertex 7585.89 11967.800000000001 400.01
vertex 7584.9800000000005 11965.720000000001 800.02
vertex 7585.89 11967.800000000001 800.02
endloop
endfacet
facet normal 0.07669649888472531 0.9970544855015824 0
outer loop
vertex 6727.37 12098.84 599.95
vertex 6739.2 12097.93 800.02
vertex 6739.2 12097.93 400.01
endloop
endfacet
facet normal 0.0726551524711043 0.9973570930121881 -0.00024049465293481768
outer loop
vertex 6727.37 12098.84 599.95
vertex 6739.2 12097.93 400.01
vertex 6719.570000000001 12099.36 400.01
endloop
endfacet
facet normal 0.06651901052383571 0.9977851578566049 0
outer loop
vertex 6727.37 12098.84 599.95
vertex 6719.570000000001 12099.36 400.01
vertex 6719.570000000001 12099.36 599.95
endloop
endfacet
facet normal 0.06651901052383571 0.9977851578566048 0
outer loop
vertex 6727.37 12098.84 599.95
vertex 6719.570000000001 12099.36 599.95
vertex 6719.570000000001 12099.36 800.02
endloop
endfacet
facet normal 0.0726551524738339 0.997357093049658 0.0002403383861128304
outer loop
vertex 6727.37 12098.84 599.95
vertex 6719.570000000001 12099.36 800.02
vertex 6739.2 12097.93 800.02
endloop
endfacet
facet normal -0.948683298050735 -0.3162277660161742 0
outer loop
vertex 7584.9800000000005 11965.720000000001 400.01
vertex 7585.110000000001 11965.33 400.01
vertex 7585.110000000001 11965.33 800.02
endloop
endfacet
facet normal -0.948683298050735 -0.3162277660161742 0
outer loop
vertex 7584.9800000000005 11965.720000000001 400.01
vertex 7585.110000000001 11965.33 800.02
vertex 7584.9800000000005 11965.720000000001 800.02
endloop
endfacet
facet normal -0.38074980525423735 -0.9246780984747396 0
outer loop
vertex 7252.96 12444.25 800.02
vertex 7252.96 12444.25 400.01
vertex 7255.17 12443.34 400.01
endloop
endfacet
facet normal -0.38074980525423735 -0.9246780984747396 0
outer loop
vertex 7252.96 12444.25 800.02
vertex 7255.17 12443.34 400.01
vertex 7255.17 12443.34 800.02
endloop
endfacet
facet normal -0.4008188340196657 -0.9161573349022075 0
outer loop
vertex 6836.83 12616.630000000001 800.02
vertex 6836.83 12616.630000000001 400.01
vertex 6838.91 12615.720000000001 400.01
endloop
endfacet
facet normal -0.4008188340196657 -0.9161573349022075 0
outer loop
vertex 6836.83 12616.630000000001 800.02
vertex 6838.91 12615.720000000001 400.01
vertex 6838.91 12615.720000000001 800.02
endloop
endfacet
facet normal -0.38074980525423735 -0.9246780984747396 0
outer loop
vertex 7215 12469.34 800.02
vertex 7215 12469.34 400.01
vertex 7217.21 12468.43 400.01
endloop
endfacet
facet normal -0.38074980525423735 -0.9246780984747396 0
outer loop
vertex 7215 12469.34 800.02
vertex 7217.21 12468.43 400.01
vertex 7217.21 12468.43 800.02
endloop
endfacet
facet normal -0.4008188340196657 -0.9161573349022075 0
outer loop
vertex 6881.42 12607.53 800.02
vertex 6881.42 12607.53 400.01
vertex 6883.5 12606.62 400.01
endloop
endfacet
facet normal -0.4008188340196657 -0.9161573349022075 0
outer loop
vertex 6881.42 12607.53 800.02
vertex 6883.5 12606.62 400.01
vertex 6883.5 12606.62 800.02
endloop
endfacet
facet normal -0.4008188340196657 -0.9161573349022075 0
outer loop
vertex 6969.820000000001 12586.470000000001 400.01
vertex 6971.900000000001 12585.560000000001 400.01
vertex 6971.900000000001 12585.560000000001 800.02
endloop
endfacet
facet normal -0.4008188340196657 -0.9161573349022075 0
outer loop
vertex 6969.820000000001 12586.470000000001 400.01
vertex 6971.900000000001 12585.560000000001 800.02
vertex 6969.820000000001 12586.470000000001 800.02
endloop
endfacet
facet normal -0.9284766908852818 -0.37139067635404777 0
outer loop
vertex 7360.21 12359.36 400.01
vertex 7361.25 12356.76 400.01
vertex 7361.25 12356.76 800.02
endloop
endfacet
facet normal -0.9284766908852818 -0.37139067635404777 0
outer loop
vertex 7360.21 12359.36 400.01
vertex 7361.25 12356.76 800.02
vertex 7360.21 12359.36 800.02
endloop
endfacet
facet normal -0.9216353751380334 -0.38805700005820865 0
outer loop
vertex 7629.96 11744.98 800.02
vertex 7629.96 11744.98 400.01
vertex 7631 11742.51 400.01
endloop
endfacet
facet normal -0.9216353751380334 -0.38805700005820865 0
outer loop
vertex 7629.96 11744.98 800.02
vertex 7631 11742.51 400.01
vertex 7631 11742.51 800.02
endloop
endfacet
facet normal -0.9216353751381356 -0.38805700005796595 0
outer loop
vertex 7389.9800000000005 12324.390000000001 800.02
vertex 7389.9800000000005 12324.390000000001 400.01
vertex 7391.02 12321.92 400.01
endloop
endfacet
facet normal -0.9216353751381356 -0.38805700005796595 0
outer loop
vertex 7389.9800000000005 12324.390000000001 800.02
vertex 7391.02 12321.92 400.01
vertex 7391.02 12321.92 800.02
endloop
endfacet
facet normal -0.9138115486202718 -0.4061384660534147 0
outer loop
vertex 7624.5 11790.35 800.02
vertex 7624.5 11790.35 400.01
vertex 7625.54 11788.01 400.01
endloop
endfacet
facet normal -0.9138115486202718 -0.4061384660534147 0
outer loop
vertex 7624.5 11790.35 800.02
vertex 7625.54 11788.01 400.01
vertex 7625.54 11788.01 800.02
endloop
endfacet
facet normal -0.90481870220107 -0.42579703632971816 0
outer loop
vertex 7418.1900000000005 12288.380000000001 800.02
vertex 7418.1900000000005 12288.380000000001 400.01
vertex 7419.2300000000005 12286.17 400.01
endloop
endfacet
facet normal -0.90481870220107 -0.42579703632971816 0
outer loop
vertex 7418.1900000000005 12288.380000000001 800.02
vertex 7419.2300000000005 12286.17 400.01
vertex 7419.2300000000005 12286.17 800.02
endloop
endfacet
facet normal -0.9246780984747949 -0.3807498052541034 0
outer loop
vertex 7617.22 11835.2 800.02
vertex 7617.22 11835.2 400.01
vertex 7618.13 11832.99 400.01
endloop
endfacet
facet normal -0.9246780984747949 -0.3807498052541034 0
outer loop
vertex 7617.22 11835.2 800.02
vertex 7618.13 11832.99 400.01
vertex 7618.13 11832.99 800.02
endloop
endfacet
facet normal -0.9246780984747949 -0.3807498052541034 0
outer loop
vertex 7444.84 12251.460000000001 800.02
vertex 7444.84 12251.460000000001 400.01
vertex 7445.75 12249.25 400.01
endloop
endfacet
facet normal -0.9246780984747949 -0.3807498052541034 0
outer loop
vertex 7444.84 12251.460000000001 800.02
vertex 7445.75 12249.25 400.01
vertex 7445.75 12249.25 800.02
endloop
endfacet
facet normal -0.9161573349020605 -0.40081883402000196 0
outer loop
vertex 7608.12 11879.79 800.02
vertex 7608.12 11879.79 400.01
vertex 7609.030000000001 11877.710000000001 400.01
endloop
endfacet
facet normal -0.9161573349020605 -0.40081883402000196 0
outer loop
vertex 7608.12 11879.79 800.02
vertex 7609.030000000001 11877.710000000001 400.01
vertex 7609.030000000001 11877.710000000001 800.02
endloop
endfacet
facet normal -0.9161573349022075 -0.4008188340196657 0
outer loop
vertex 7469.93 12213.37 800.02
vertex 7469.93 12213.37 400.01
vertex 7470.84 12211.29 400.01
endloop
endfacet
facet normal -0.9161573349022075 -0.4008188340196657 0
outer loop
vertex 7469.93 12213.37 800.02
vertex 7470.84 12211.29 400.01
vertex 7470.84 12211.29 800.02
endloop
endfacet
facet normal -0.9363291775690781 -0.3511234415883019 0
outer loop
vertex 7517.64 12136.02 400.01
vertex 7518.42 12133.94 400.01
vertex 7518.42 12133.94 800.02
endloop
endfacet
facet normal -0.9363291775690781 -0.3511234415883019 0
outer loop
vertex 7517.64 12136.02 400.01
vertex 7518.42 12133.94 800.02
vertex 7517.64 12136.02 800.02
endloop
endfacet
facet normal -0.9061831399952006 -0.42288546533126264 0
outer loop
vertex 7570.55 12010.57 800.02
vertex 7570.55 12010.57 400.01
vertex 7571.46 12008.62 400.01
endloop
endfacet
facet normal -0.9061831399952006 -0.42288546533126264 0
outer loop
vertex 7570.55 12010.57 800.02
vertex 7571.46 12008.62 400.01
vertex 7571.46 12008.62 800.02
endloop
endfacet
facet normal -0.928476690885349 -0.37139067635387973 0
outer loop
vertex 7553.26 12052.43 800.02
vertex 7553.26 12052.43 400.01
vertex 7554.04 12050.48 400.01
endloop
endfacet
facet normal -0.928476690885349 -0.37139067635387973 0
outer loop
vertex 7553.26 12052.43 800.02
vertex 7554.04 12050.48 400.01
vertex 7554.04 12050.48 800.02
endloop
endfacet
facet normal -0.9161573349022075 -0.4008188340196657 0
outer loop
vertex 7535.84 12094.42 800.02
vertex 7535.84 12094.42 400.01
vertex 7536.75 12092.34 400.01
endloop
endfacet
facet normal -0.9161573349022075 -0.4008188340196657 0
outer loop
vertex 7535.84 12094.42 800.02
vertex 7536.75 12092.34 400.01
vertex 7536.75 12092.34 800.02
endloop
endfacet
facet normal -0.4228854653311007 -0.9061831399952762 0
outer loop
vertex 7096.05 12535.25 800.02
vertex 7096.05 12535.25 400.01
vertex 7098 12534.34 400.01
endloop
endfacet
facet normal -0.4228854653311007 -0.9061831399952762 0
outer loop
vertex 7096.05 12535.25 800.02
vertex 7098 12534.34 400.01
vertex 7098 12534.34 800.02
endloop
endfacet
facet normal -0.3511234415886609 -0.9363291775689436 0
outer loop
vertex 7054.06 12552.54 800.02
vertex 7054.06 12552.54 400.01
vertex 7056.14 12551.76 400.01
endloop
endfacet
facet normal -0.3511234415886609 -0.9363291775689436 0
outer loop
vertex 7054.06 12552.54 800.02
vertex 7056.14 12551.76 400.01
vertex 7056.14 12551.76 800.02
endloop
endfacet
facet normal -0.4228854653309388 -0.9061831399953519 0
outer loop
vertex 7012.2 12569.960000000001 800.02
vertex 7012.2 12569.960000000001 400.01
vertex 7014.150000000001 12569.050000000001 400.01
endloop
endfacet
facet normal -0.4228854653309388 -0.9061831399953519 0
outer loop
vertex 7012.2 12569.960000000001 800.02
vertex 7014.150000000001 12569.050000000001 400.01
vertex 7014.150000000001 12569.050000000001 800.02
endloop
endfacet
facet normal 0.3823517927262997 -0.9240168324218909 0
outer loop
vertex 6699.9400000000005 12633.27 599.95
vertex 6699.9400000000005 12633.27 800.02
vertex 6605.6900000000005 12594.27 800.02
endloop
endfacet
facet normal 0.3823517927262997 -0.9240168324218909 0
outer loop
vertex 6699.9400000000005 12633.27 599.95
vertex 6605.6900000000005 12594.27 800.02
vertex 6605.6900000000005 12594.27 599.95
endloop
endfacet
facet normal 0.9240168324218909 -0.3823517927262997 0
outer loop
vertex 6605.6900000000005 12594.27 599.95
vertex 6605.6900000000005 12594.27 800.02
vertex 6566.6900000000005 12500.02 800.02
endloop
endfacet
facet normal 0.9240168324218909 -0.3823517927262997 0
outer loop
vertex 6605.6900000000005 12594.27 599.95
vertex 6566.6900000000005 12500.02 800.02
vertex 6566.6900000000005 12500.02 599.95
endloop
endfacet
facet normal 0.9240168324218909 0.3823517927262997 0
outer loop
vertex 6566.6900000000005 12500.02 599.95
vertex 6566.6900000000005 12500.02 800.02
vertex 6605.6900000000005 12405.77 800.02
endloop
endfacet
facet normal 0.9240168324218909 0.3823517927262997 0
outer loop
vertex 6566.6900000000005 12500.02 599.95
vertex 6605.6900000000005 12405.77 800.02
vertex 6605.6900000000005 12405.77 599.95
endloop
endfacet
facet normal 0.3822741722560389 0.9240489474188911 0
outer loop
vertex 6696.820000000001 12368.07 599.95
vertex 6605.6900000000005 12405.77 599.95
vertex 6605.6900000000005 12405.77 800.02
endloop
endfacet
facet normal 0.3822741722560389 0.9240489474188911 0
outer loop
vertex 6696.820000000001 12368.07 599.95
vertex 6605.6900000000005 12405.77 800.02
vertex 6696.820000000001 12368.07 800.02
endloop
endfacet
facet normal 0.026539321332199783 0.9996477701786896 0
outer loop
vertex 6719.570000000001 12099.36 800.02
vertex 6719.570000000001 12099.36 599.95
vertex 6690.1900000000005 12100.140000000001 599.95
endloop
endfacet
facet normal 0.026539321332199783 0.9996477701786896 0
outer loop
vertex 6719.570000000001 12099.36 800.02
vertex 6690.1900000000005 12100.140000000001 599.95
vertex 6690.1900000000005 12100.140000000001 800.02
endloop
endfacet
facet normal 0.026586343635416464 0.9996465206922394 0
outer loop
vertex 6719.570000000001 12099.36 599.95
vertex 6719.570000000001 12099.36 400.01
vertex 6695.13 12100.01 400.01
endloop
endfacet
facet normal 0.026586343635416464 0.9996465206922394 0
outer loop
vertex 6719.570000000001 12099.36 599.95
vertex 6695.13 12100.01 400.01
vertex 6695.13 12100.01 599.95
endloop
endfacet
facet normal 0 1 0
outer loop
vertex 6695.13 12100.01 599.95
vertex 6695.13 12100.01 400.01
vertex 2500.03 12100.01 400.01
endloop
endfacet
facet normal 0 1 0
outer loop
vertex 6695.13 12100.01 599.95
vertex 2500.03 12100.01 400.01
vertex 2500.03 12100.01 599.95
endloop
endfacet
facet normal 0 1 0
outer loop
vertex 5019.04 12100.01 319.93
vertex 6695.13 12100.01 400.01
vertex 6699.9400000000005 12100.01 400.01
endloop
endfacet
facet normal 0 0.9999999999999999 0
outer loop
vertex 5019.04 12100.01 319.93
vertex 6699.9400000000005 12100.01 400.01
vertex 6699.9400000000005 12100.01 199.94
endloop
endfacet
facet normal 0 1 0
outer loop
vertex 5019.04 12100.01 319.93
vertex 6699.9400000000005 12100.01 199.94
vertex 2500.03 12100.01 199.94
endloop
endfacet
facet normal 0 1 0
outer loop
vertex 5019.04 12100.01 319.93
vertex 2500.03 12100.01 199.94
vertex 2500.03 12100.01 400.01
endloop
endfacet
facet normal 0 1 0
outer loop
vertex 5019.04 12100.01 319.93
vertex 2500.03 12100.01 400.01
vertex 6695.13 12100.01 400.01
endloop
endfacet
facet normal 0 1 0
outer loop
vertex 14499.94 12100.01 599.95
vertex 14499.94 12100.01 199.94
vertex 10400 12100.01 199.94
endloop
endfacet
facet normal 0 1 0
outer loop
vertex 14499.94 12100.01 599.95
vertex 10400 12100.01 199.94
vertex 10400 12100.01 599.95
endloop
endfacet
facet normal -1 0 0
outer loop
vertex 6699.9400000000005 12900.03 599.95
vertex 6699.9400000000005 12900.03 400.01
vertex 6699.9400000000005 12633.27 400.01
endloop
endfacet
facet normal -1 0 0
outer loop
vertex 6699.9400000000005 12900.03 599.95
vertex 6699.9400000000005 12633.27 400.01
vertex 6699.9400000000005 12633.27 599.95
endloop
endfacet
facet normal -1 0 0
outer loop
vertex 6699.9400000000005 12452.18 392.34000000000003
vertex 6699.9400000000005 12133.94 400.01
vertex 6699.9400000000005 12136.02 400.01
endloop
endfacet
facet normal -1 0 0
outer loop
vertex 6699.9400000000005 12452.18 392.34000000000003
vertex 6699.9400000000005 12136.02 400.01
vertex 6699.9400000000005 12173.2 400.01
endloop
endfacet
facet normal -0.9999999999999999 0 0
outer loop
vertex 6699.9400000000005 12452.18 392.34000000000003
vertex 6699.9400000000005 12173.2 400.01
vertex 6699.9400000000005 12173.98 400.01
endloop
endfacet
facet normal -1 0 0
outer loop
vertex 6699.9400000000005 12452.18 392.34000000000003
vertex 6699.9400000000005 12173.98 400.01
vertex 6699.9400000000005 12174.5 400.01
endloop
endfacet
facet normal -1 0 0
outer loop
vertex 6699.9400000000005 12452.18 392.34000000000003
vertex 6699.9400000000005 12174.5 400.01
vertex 6699.9400000000005 12211.29 400.01
endloop
endfacet
facet normal -1 0 0
outer loop
vertex 6699.9400000000005 12452.18 392.34000000000003
vertex 6699.9400000000005 12211.29 400.01
vertex 6699.9400000000005 12213.37 400.01
endloop
endfacet
facet normal -1 0 0
outer loop
vertex 6699.9400000000005 12452.18 392.34000000000003
vertex 6699.9400000000005 12213.37 400.01
vertex 6699.9400000000005 12249.25 400.01
endloop
endfacet
facet normal -1 0 0
outer loop
vertex 6699.9400000000005 12452.18 392.34000000000003
vertex 6699.9400000000005 12249.25 400.01
vertex 6699.9400000000005 12251.460000000001 400.01
endloop
endfacet
facet normal -1 0 0
outer loop
vertex 6699.9400000000005 12452.18 392.34000000000003
vertex 6699.9400000000005 12251.460000000001 400.01
vertex 6699.9400000000005 12286.17 400.01
endloop
endfacet
facet normal -1 0 0
outer loop
vertex 6699.9400000000005 12452.18 392.34000000000003
vertex 6699.9400000000005 12286.17 400.01
vertex 6699.9400000000005 12288.380000000001 400.01
endloop
endfacet
facet normal -1 0 0
outer loop
vertex 6699.9400000000005 12452.18 392.34000000000003
vertex 6699.9400000000005 12288.380000000001 400.01
vertex 6699.9400000000005 12321.92 400.01
endloop
endfacet
facet normal -0.9999999999999999 0 0
outer loop
vertex 6699.9400000000005 12452.18 392.34000000000003
vertex 6699.9400000000005 12321.92 400.01
vertex 6699.9400000000005 12324.390000000001 400.01
endloop
endfacet
facet normal -1 0 0
outer loop
vertex 6699.9400000000005 12452.18 392.34000000000003
vertex 6699.9400000000005 12324.390000000001 400.01
vertex 6699.9400000000005 12356.76 400.01
endloop
endfacet
facet normal -1 0 0
outer loop
vertex 6699.9400000000005 12452.18 392.34000000000003
vertex 6699.9400000000005 12356.76 400.01
vertex 6699.9400000000005 12359.36 400.01
endloop
endfacet
facet normal -1 0 0
outer loop
vertex 6699.9400000000005 12452.18 392.34000000000003
vertex 6699.9400000000005 12359.36 400.01
vertex 6699.9400000000005 12388.35 400.01
endloop
endfacet
facet normal -0.9999999999999999 0 0
outer loop
vertex 6699.9400000000005 12452.18 392.34000000000003
vertex 6699.9400000000005 12388.35 400.01
vertex 6699.9400000000005 12389.390000000001 400.01
endloop
endfacet
facet normal -0.9999999999999999 0 0
outer loop
vertex 6699.9400000000005 12452.18 392.34000000000003
vertex 6699.9400000000005 12389.390000000001 400.01
vertex 6699.9400000000005 12416.69 400.01
endloop
endfacet
facet normal -0.9999999999999999 0 0
outer loop
vertex 6699.9400000000005 12452.18 392.34000000000003
vertex 6699.9400000000005 12416.69 400.01
vertex 6699.9400000000005 12417.6 400.01
endloop
endfacet
facet normal -1 0 0
outer loop
vertex 6699.9400000000005 12452.18 392.34000000000003
vertex 6699.9400000000005 12417.6 400.01
vertex 6699.9400000000005 12443.34 400.01
endloop
endfacet
facet normal -1 0 0
outer loop
vertex 6699.9400000000005 12452.18 392.34000000000003
vertex 6699.9400000000005 12443.34 400.01
vertex 6699.9400000000005 12444.25 400.01
endloop
endfacet
facet normal -1 0 0
outer loop
vertex 6699.9400000000005 12452.18 392.34000000000003
vertex 6699.9400000000005 12444.25 400.01
vertex 6699.9400000000005 12468.43 400.01
endloop
endfacet
facet normal -0.9999999999999999 0 0
outer loop
vertex 6699.9400000000005 12452.18 392.34000000000003
vertex 6699.9400000000005 12468.43 400.01
vertex 6699.9400000000005 12469.34 400.01
endloop
endfacet
facet normal -1 0 0
outer loop
vertex 6699.9400000000005 12452.18 392.34000000000003
vertex 6699.9400000000005 12469.34 400.01
vertex 6699.9400000000005 12491.83 400.01
endloop
endfacet
facet normal -1 0 0
outer loop
vertex 6699.9400000000005 12452.18 392.34000000000003
vertex 6699.9400000000005 12491.83 400.01
vertex 6699.9400000000005 12492.61 400.01
endloop
endfacet
facet normal -1 0 0
outer loop
vertex 6699.9400000000005 12452.18 392.34000000000003
vertex 6699.9400000000005 12492.61 400.01
vertex 6699.9400000000005 12513.54 400.01
endloop
endfacet
facet normal -0.9999999999999999 0 0
outer loop
vertex 6699.9400000000005 12452.18 392.34000000000003
vertex 6699.9400000000005 12513.54 400.01
vertex 6699.9400000000005 12513.67 400.01
endloop
endfacet
facet normal -1 0 0
outer loop
vertex 6699.9400000000005 12452.18 392.34000000000003
vertex 6699.9400000000005 12513.67 400.01
vertex 6699.9400000000005 12515.75 400.01
endloop
endfacet
facet normal -1 0 0
outer loop
vertex 6699.9400000000005 12452.18 392.34000000000003
vertex 6699.9400000000005 12515.75 400.01
vertex 6699.9400000000005 12534.34 400.01
endloop
endfacet
facet normal -0.9999999999999999 0 0
outer loop
vertex 6699.9400000000005 12452.18 392.34000000000003
vertex 6699.9400000000005 12534.34 400.01
vertex 6699.9400000000005 12535.25 400.01
endloop
endfacet
facet normal -1 0 0
outer loop
vertex 6699.9400000000005 12452.18 392.34000000000003
vertex 6699.9400000000005 12535.25 400.01
vertex 6699.9400000000005 12551.76 400.01
endloop
endfacet
facet normal -1 0 0
outer loop
vertex 6699.9400000000005 12452.18 392.34000000000003
vertex 6699.9400000000005 12551.76 400.01
vertex 6699.9400000000005 12552.54 400.01
endloop
endfacet
facet normal -1 0 0
outer loop
vertex 6699.9400000000005 12452.18 392.34000000000003
vertex 6699.9400000000005 12552.54 400.01
vertex 6699.9400000000005 12569.050000000001 400.01
endloop
endfacet
facet normal -0.9999999999999999 0 0
outer loop
vertex 6699.9400000000005 12452.18 392.34000000000003
vertex 6699.9400000000005 12569.050000000001 400.01
vertex 6699.9400000000005 12569.960000000001 400.01
endloop
endfacet
facet normal -1 0 0
outer loop
vertex 6699.9400000000005 12452.18 392.34000000000003
vertex 6699.9400000000005 12569.960000000001 400.01
vertex 6699.9400000000005 12585.560000000001 400.01
endloop
endfacet
facet normal -0.9999999999999999 0 0
outer loop
vertex 6699.9400000000005 12452.18 392.34000000000003
vertex 6699.9400000000005 12585.560000000001 400.01
vertex 6699.9400000000005 12586.470000000001 400.01
endloop
endfacet
facet normal -0.9999999999999999 0 0
outer loop
vertex 6699.9400000000005 12452.18 392.34000000000003
vertex 6699.9400000000005 12586.470000000001 400.01
vertex 6699.9400000000005 12596.220000000001 400.01
endloop
endfacet
facet normal -1 0 0
outer loop
vertex 6699.9400000000005 12452.18 392.34000000000003
vertex 6699.9400000000005 12596.220000000001 400.01
vertex 6699.9400000000005 12596.48 400.01
endloop
endfacet
facet normal -1 0 0
outer loop
vertex 6699.9400000000005 12452.18 392.34000000000003
vertex 6699.9400000000005 12596.48 400.01
vertex 6699.9400000000005 12606.62 400.01
endloop
endfacet
facet normal -0.9999999999999999 0 0
outer loop
vertex 6699.9400000000005 12452.18 392.34000000000003
vertex 6699.9400000000005 12606.62 400.01
vertex 6699.9400000000005 12607.53 400.01
endloop
endfacet
facet normal -1 0 0
outer loop
vertex 6699.9400000000005 12452.18 392.34000000000003
vertex 6699.9400000000005 12607.53 400.01
vertex 6699.9400000000005 12615.720000000001 400.01
endloop
endfacet
facet normal -1 0 0
outer loop
vertex 6699.9400000000005 12452.18 392.34000000000003
vertex 6699.9400000000005 12615.720000000001 400.01
vertex 6699.9400000000005 12616.630000000001 400.01
endloop
endfacet
facet normal -1 0 0
outer loop
vertex 6699.9400000000005 12452.18 392.34000000000003
vertex 6699.9400000000005 12616.630000000001 400.01
vertex 6699.9400000000005 12623 400.01
endloop
endfacet
facet normal -0.9999999999999999 0 0
outer loop
vertex 6699.9400000000005 12452.18 392.34000000000003
vertex 6699.9400000000005 12623 400.01
vertex 6699.9400000000005 12623.91 400.01
endloop
endfacet
facet normal -1 0 0
outer loop
vertex 6699.9400000000005 12452.18 392.34000000000003
vertex 6699.9400000000005 12623.91 400.01
vertex 6699.9400000000005 12628.460000000001 400.01
endloop
endfacet
facet normal -1 0 0
outer loop
vertex 6699.9400000000005 12452.18 392.34000000000003
vertex 6699.9400000000005 12628.460000000001 400.01
vertex 6699.9400000000005 12629.37 400.01
endloop
endfacet
facet normal -1 0 0
outer loop
vertex 6699.9400000000005 12452.18 392.34000000000003
vertex 6699.9400000000005 12629.37 400.01
vertex 6699.9400000000005 12631.970000000001 400.01
endloop
endfacet
facet normal -1 0 0
outer loop
vertex 6699.9400000000005 12452.18 392.34000000000003
vertex 6699.9400000000005 12631.970000000001 400.01
vertex 6699.9400000000005 12633.27 400.01
endloop
endfacet
facet normal -1 0 0
outer loop
vertex 6699.9400000000005 12452.18 392.34000000000003
vertex 6699.9400000000005 12633.27 400.01
vertex 6699.9400000000005 12900.03 400.01
endloop
endfacet
facet normal -1 0 0
outer loop
vertex 6699.9400000000005 12452.18 392.34000000000003
vertex 6699.9400000000005 12900.03 400.01
vertex 6699.9400000000005 12900.03 199.94
endloop
endfacet
facet normal -1 0 0
outer loop
vertex 6699.9400000000005 12452.18 392.34000000000003
vertex 6699.9400000000005 12900.03 199.94
vertex 6699.9400000000005 12100.01 199.94
endloop
endfacet
facet normal -1 0 0
outer loop
vertex 6699.9400000000005 12452.18 392.34000000000003
vertex 6699.9400000000005 12100.01 199.94
vertex 6699.9400000000005 12100.01 400.01
endloop
endfacet
facet normal -1 0 0
outer loop
vertex 6699.9400000000005 12452.18 392.34000000000003
vertex 6699.9400000000005 12100.01 400.01
vertex 6699.9400000000005 12133.94 400.01
endloop
endfacet
facet normal 0 0 -1
outer loop
vertex 5001.1 12724.4 599.95
vertex 6699.9400000000005 12900.03 599.95
vertex 6699.9400000000005 12633.27 599.95
endloop
endfacet
facet normal 0 0 -1
outer loop
vertex 5001.1 12724.4 599.95
vertex 6699.9400000000005 12633.27 599.95
vertex 6605.6900000000005 12594.27 599.95
endloop
endfacet
facet normal 0 0 -1
outer loop
vertex 5001.1 12724.4 599.95
vertex 6605.6900000000005 12594.27 599.95
vertex 2500.03 12594.27 599.95
endloop
endfacet
facet normal 0 0 -1
outer loop
vertex 5001.1 12724.4 599.95
vertex 2500.03 12594.27 599.95
vertex 2500.03 12900.03 599.95
endloop
endfacet
facet normal 0 0 -1
outer loop
vertex 5001.1 12724.4 599.95
vertex 2500.03 12900.03 599.95
vertex 6699.9400000000005 12900.03 599.95
endloop
endfacet
facet normal 0 0 -1
outer loop
vertex 6605.6900000000005 12594.27 599.95
vertex 6566.6900000000005 12500.02 599.95
vertex 2500.03 12500.02 599.95
endloop
endfacet
facet normal 0 0 -1
outer loop
vertex 6605.6900000000005 12594.27 599.95
vertex 2500.03 12500.02 599.95
vertex 2500.03 12594.27 599.95
endloop
endfacet
facet normal 0 0 -0.9999999999999999
outer loop
vertex 6566.6900000000005 12500.02 599.95
vertex 6605.6900000000005 12405.77 599.95
vertex 2500.03 12405.77 599.95
endloop
endfacet
facet normal 0 0 -1
outer loop
vertex 6566.6900000000005 12500.02 599.95
vertex 2500.03 12405.77 599.95
vertex 2500.03 12500.02 599.95
endloop
endfacet
facet normal 0 0 -0.9999999999999999
outer loop
vertex 4998.5 12276.03 599.95
vertex 6605.6900000000005 12405.77 599.95
vertex 6696.820000000001 12368.07 599.95
endloop
endfacet
facet normal 0 0 -1
outer loop
vertex 4998.5 12276.03 599.95
vertex 6696.820000000001 12368.07 599.95
vertex 6690.1900000000005 12100.140000000001 599.95
endloop
endfacet
facet normal 0 0 -1
outer loop
vertex 4998.5 12276.03 599.95
vertex 6690.1900000000005 12100.140000000001 599.95
vertex 2500.03 12100.140000000001 599.95
endloop
endfacet
facet normal 0 0 -1
outer loop
vertex 4998.5 12276.03 599.95
vertex 2500.03 12100.140000000001 599.95
vertex 2500.03 12405.77 599.95
endloop
endfacet
facet normal 0 0 -1
outer loop
vertex 4998.5 12276.03 599.95
vertex 2500.03 12405.77 599.95
vertex 6605.6900000000005 12405.77 599.95
endloop
endfacet
facet normal 0 0 -1
outer loop
vertex 6690.1900000000005 12100.140000000001 599.95
vertex 6695.13 12100.01 599.95
vertex 2500.03 12100.01 599.95
endloop
endfacet
facet normal 0 0 -1
outer loop
vertex 6690.1900000000005 12100.140000000001 599.95
vertex 2500.03 12100.01 599.95
vertex 2500.03 12100.140000000001 599.95
endloop
endfacet
facet normal 0 0 -1
outer loop
vertex 10225.15 12665.25 599.95
vertex 14499.94 12900.03 599.95
vertex 14499.94 12100.01 599.95
endloop
endfacet
facet normal 0 0 -1
outer loop
vertex 10225.15 12665.25 599.95
vertex 14499.94 12100.01 599.95
vertex 10400 12100.01 599.95
endloop
endfacet
facet normal 0 0 -1
outer loop
vertex 10225.15 12665.25 599.95
vertex 10400 12100.01 599.95
vertex 9599.98 12100.01 599.95
endloop
endfacet
facet normal 0 0 -0.9999999999999999
outer loop
vertex 10225.15 12665.25 599.95
vertex 9599.98 12100.01 599.95
vertex 9599.98 12500.02 599.95
endloop
endfacet
facet normal 0 0 -1
outer loop
vertex 10225.15 12665.25 599.95
vertex 9599.98 12500.02 599.95
vertex 9601.93 12539.15 599.95
endloop
endfacet
facet normal 0 0 -1
outer loop
vertex 10225.15 12665.25 599.95
vertex 9601.93 12539.15 599.95
vertex 9607.65 12578.02 599.95
endloop
endfacet
facet normal 0 0 -0.9999999999999999
outer loop
vertex 10225.15 12665.25 599.95
vertex 9607.65 12578.02 599.95
vertex 9617.27 12616.11 599.95
endloop
endfacet
facet normal 0 0 -1
outer loop
vertex 10225.15 12665.25 599.95
vertex 9617.27 12616.11 599.95
vertex 9630.4 12653.03 599.95
endloop
endfacet
facet normal 0 0 -1
outer loop
vertex 10225.15 12665.25 599.95
vertex 9630.4 12653.03 599.95
vertex 9647.17 12688.52 599.95
endloop
endfacet
facet normal 0 0 -1
outer loop
vertex 10225.15 12665.25 599.95
vertex 9647.17 12688.52 599.95
vertex 9667.45 12722.19 599.95
endloop
endfacet
facet normal 0 0 -1
outer loop
vertex 10225.15 12665.25 599.95
vertex 9667.45 12722.19 599.95
vertex 9690.85 12753.78 599.95
endloop
endfacet
facet normal 0 0 -1
outer loop
vertex 10225.15 12665.25 599.95
vertex 9690.85 12753.78 599.95
vertex 9717.11 12782.9 599.95
endloop
endfacet
facet normal 0 0 -1
outer loop
vertex 10225.15 12665.25 599.95
vertex 9717.11 12782.9 599.95
vertex 9746.23 12809.16 599.95
endloop
endfacet
facet normal 0 0 -0.9999999999999999
outer loop
vertex 10225.15 12665.25 599.95
vertex 9746.23 12809.16 599.95
vertex 9777.82 12832.560000000001 599.95
endloop
endfacet
facet normal 0 0 -1
outer loop
vertex 10225.15 12665.25 599.95
vertex 9777.82 12832.560000000001 599.95
vertex 9811.49 12852.710000000001 599.95
endloop
endfacet
facet normal 0 0 -1
outer loop
vertex 10225.15 12665.25 599.95
vertex 9811.49 12852.710000000001 599.95
vertex 9846.98 12869.61 599.95
endloop
endfacet
facet normal 0 0 -1
outer loop
vertex 10225.15 12665.25 599.95
vertex 9846.98 12869.61 599.95
vertex 9883.9 12882.74 599.95
endloop
endfacet
facet normal 0 0 -1
outer loop
vertex 10225.15 12665.25 599.95
vertex 9883.9 12882.74 599.95
vertex 9921.99 12892.36 599.95
endloop
endfacet
facet normal 0 0 -1
outer loop
vertex 10225.15 12665.25 599.95
vertex 9921.99 12892.36 599.95
vertex 9960.73 12898.08 599.95
endloop
endfacet
facet normal 0 0 -1
outer loop
vertex 10225.15 12665.25 599.95
vertex 9960.73 12898.08 599.95
vertex 9999.99 12900.03 599.95
endloop
endfacet
facet normal 0 0 -1
outer loop
vertex 10225.15 12665.25 599.95
vertex 9999.99 12900.03 599.95
vertex 14499.94 12900.03 599.95
endloop
endfacet
facet normal 0 0 -0.9999999999999999
outer loop
vertex 7100.21 11686.220000000001 599.95
vertex 7099.95 11686.220000000001 599.95
vertex 7099.95 11695.06 599.95
endloop
endfacet
facet normal 0 0 -1
outer loop
vertex 7372.3 11686.220000000001 599.95
vertex 7100.21 11686.220000000001 599.95
vertex 7369.570000000001 11692.85 599.95
endloop
endfacet
facet normal 0 0 -1
outer loop
vertex 7215.650000000001 11653.98 599.95
vertex 7100.21 11686.220000000001 599.95
vertex 7372.3 11686.220000000001 599.95
endloop
endfacet
facet normal 0 0 -1
outer loop
vertex 7215.650000000001 11653.98 599.95
vertex 7372.3 11686.220000000001 599.95
vertex 7405.71 11605.75 599.95
endloop
endfacet
facet normal 0 0 -1
outer loop
vertex 7215.650000000001 11653.98 599.95
vertex 7405.71 11605.75 599.95
vertex 7099.95 11605.75 599.95
endloop
endfacet
facet normal 0 0 -1
outer loop
vertex 7215.650000000001 11653.98 599.95
vertex 7099.95 11605.75 599.95
vertex 7099.95 11686.220000000001 599.95
endloop
endfacet
facet normal 0 0 -1
outer loop
vertex 7215.650000000001 11653.98 599.95
vertex 7099.95 11686.220000000001 599.95
vertex 7100.21 11686.220000000001 599.95
endloop
endfacet
facet normal 0 0 -0.9999999999999999
outer loop
vertex 7737.47 11662.17 599.95
vertex 7899.97 11700 599.95
vertex 7899.97 11605.75 599.95
endloop
endfacet
facet normal 0 0 -1
outer loop
vertex 7737.47 11662.17 599.95
vertex 7899.97 11605.75 599.95
vertex 7594.34 11605.75 599.95
endloop
endfacet
facet normal 0 0 -1
outer loop
vertex 7737.47 11662.17 599.95
vertex 7594.34 11605.75 599.95
vertex 7633.08 11699.35 599.95
endloop
endfacet
facet normal 0 0 -1
outer loop
vertex 7737.47 11662.17 599.95
vertex 7633.08 11699.35 599.95
vertex 7659.990000000001 11700 599.95
endloop
endfacet
facet normal 0 0 -1
outer loop
vertex 7737.47 11662.17 599.95
vertex 7659.990000000001 11700 599.95
vertex 7899.97 11700 599.95
endloop
endfacet
facet normal 0 0 -1
outer loop
vertex 7405.71 11605.75 599.95
vertex 7499.96 11566.62 599.95
vertex 7099.95 11566.62 599.95
endloop
endfacet
facet normal 0 0 -1
outer loop
vertex 7405.71 11605.75 599.95
vertex 7099.95 11566.62 599.95
vertex 7099.95 11605.75 599.95
endloop
endfacet
facet normal 0 0 -1
outer loop
vertex 7899.97 11605.75 599.95
vertex 7899.97 11566.62 599.95
vertex 7499.96 11566.62 599.95
endloop
endfacet
facet normal 0 0 -1
outer loop
vertex 7899.97 11605.75 599.95
vertex 7499.96 11566.62 599.95
vertex 7594.34 11605.75 599.95
endloop
endfacet
facet normal 0 0 -1
outer loop
vertex 7499.96 9939.93 599.95
vertex 7499.96 11566.62 599.95
vertex 7899.97 11566.62 599.95
endloop
endfacet
facet normal 0 0 -1
outer loop
vertex 7499.96 9939.93 599.95
vertex 7899.97 11566.62 599.95
vertex 7899.97 7499.96 599.95
endloop
endfacet
facet normal 0 0 -1
outer loop
vertex 7499.96 9939.93 599.95
vertex 7899.97 7499.96 599.95
vertex 7099.95 7499.96 599.95
endloop
endfacet
facet normal 0 0 -1
outer loop
vertex 7499.96 9939.93 599.95
vertex 7099.95 7499.96 599.95
vertex 7099.95 11566.62 599.95
endloop
endfacet
facet normal 0 0 -1
outer loop
vertex 7499.96 9939.93 599.95
vertex 7099.95 11566.62 599.95
vertex 7499.96 11566.62 599.95
endloop
endfacet
facet normal 0 0 -1
outer loop
vertex 10400 12100.01 599.95
vertex 10400 7499.96 599.95
vertex 9599.98 7499.96 599.95
endloop
endfacet
facet normal 0 0 -1
outer loop
vertex 10400 12100.01 599.95
vertex 9599.98 7499.96 599.95
vertex 9599.98 12100.01 599.95
endloop
endfacet
facet normal 0 1 0
outer loop
vertex 7420.01 7499.96 400.01
vertex 7899.97 7499.96 599.95
vertex 7899.97 7499.96 199.94
endloop
endfacet
facet normal 0 1 0
outer loop
vertex 7420.01 7499.96 400.01
vertex 7899.97 7499.96 199.94
vertex 7099.95 7499.96 199.94
endloop
endfacet
facet normal 0 0.9999999999999999 0
outer loop
vertex 7420.01 7499.96 400.01
vertex 7099.95 7499.96 199.94
vertex 7099.95 7499.96 400.01
endloop
endfacet
facet normal 0 1 0
outer loop
vertex 7420.01 7499.96 400.01
vertex 7099.95 7499.96 400.01
vertex 7099.95 7499.96 599.95
endloop
endfacet
facet normal 0 1 0
outer loop
vertex 7420.01 7499.96 400.01
vertex 7099.95 7499.96 599.95
vertex 7899.97 7499.96 599.95
endloop
endfacet
facet normal 0 1 0
outer loop
vertex 10400 7499.96 599.95
vertex 10400 7499.96 199.94
vertex 9599.98 7499.96 199.94
endloop
endfacet
facet normal 0 1 0
outer loop
vertex 10400 7499.96 599.95
vertex 9599.98 7499.96 199.94
vertex 9599.98 7499.96 599.95
endloop
endfacet
facet normal -1 0 0
outer loop
vertex 7899.97 10467.470000000001 457.08000000000004
vertex 7899.97 7499.96 199.94
vertex 7899.97 7499.96 599.95
endloop
endfacet
facet normal -1 0 0
outer loop
vertex 7899.97 10467.470000000001 457.08000000000004
vertex 7899.97 7499.96 599.95
vertex 7899.97 11566.62 599.95
endloop
endfacet
facet normal -1 0 0
outer loop
vertex 7899.97 10467.470000000001 457.08000000000004
vertex 7899.97 11566.62 599.95
vertex 7899.97 11605.75 599.95
endloop
endfacet
facet normal -1 0 0
outer loop
vertex 7899.97 10467.470000000001 457.08000000000004
vertex 7899.97 11605.75 599.95
vertex 7899.97 11700 599.95
endloop
endfacet
facet normal -1 0 0
outer loop
vertex 7899.97 10467.470000000001 457.08000000000004
vertex 7899.97 11700 599.95
vertex 7899.97 11700 400.01
endloop
endfacet
facet normal -1 0 0
outer loop
vertex 7899.97 10467.470000000001 457.08000000000004
vertex 7899.97 11700 400.01
vertex 7899.97 11700 199.94
endloop
endfacet
facet normal -1 0 0
outer loop
vertex 7899.97 10467.470000000001 457.08000000000004
vertex 7899.97 11700 199.94
vertex 7899.97 7499.96 199.94
endloop
endfacet
facet normal 1 0 0
outer loop
vertex 7099.95 10464.09 542.88
vertex 7099.95 11686.220000000001 599.95
vertex 7099.95 11605.75 599.95
endloop
endfacet
facet normal 1 0 0
outer loop
vertex 7099.95 10464.09 542.88
vertex 7099.95 11605.75 599.95
vertex 7099.95 11566.62 599.95
endloop
endfacet
facet normal 1 0 0
outer loop
vertex 7099.95 10464.09 542.88
vertex 7099.95 11566.62 599.95
vertex 7099.95 7499.96 599.95
endloop
endfacet
facet normal 1 0 0
outer loop
vertex 7099.95 10464.09 542.88
vertex 7099.95 7499.96 599.95
vertex 7099.95 7499.96 400.01
endloop
endfacet
facet normal 1 0 0
outer loop
vertex 7099.95 10464.09 542.88
vertex 7099.95 7499.96 400.01
vertex 7099.95 11695.06 400.01
endloop
endfacet
facet normal 0.9999999999999999 0 0
outer loop
vertex 7099.95 10464.09 542.88
vertex 7099.95 11695.06 400.01
vertex 7099.95 11695.06 599.95
endloop
endfacet
facet normal 1 0 0
outer loop
vertex 7099.95 10464.09 542.88
vertex 7099.95 11695.06 599.95
vertex 7099.95 11686.220000000001 599.95
endloop
endfacet
facet normal 1 0 0
outer loop
vertex 7099.95 10018.970000000001 319.93
vertex 7099.95 11695.06 400.01
vertex 7099.95 7499.96 400.01
endloop
endfacet
facet normal 0.9999999999999999 0 0
outer loop
vertex 7099.95 10018.970000000001 319.93
vertex 7099.95 7499.96 400.01
vertex 7099.95 7499.96 199.94
endloop
endfacet
facet normal 1 0 0
outer loop
vertex 7099.95 10018.970000000001 319.93
vertex 7099.95 7499.96 199.94
vertex 7099.95 11700 199.94
endloop
endfacet
facet normal 0.9999999999999999 0 0
outer loop
vertex 7099.95 10018.970000000001 319.93
vertex 7099.95 11700 199.94
vertex 7099.95 11700 400.01
endloop
endfacet
facet normal 1 0 0
outer loop
vertex 7099.95 10018.970000000001 319.93
vertex 7099.95 11700 400.01
vertex 7099.95 11695.06 400.01
endloop
endfacet
facet normal 0 -1 0
outer loop
vertex 7659.990000000001 11700 599.95
vertex 7659.990000000001 11700 400.01
vertex 7899.97 11700 400.01
endloop
endfacet
facet normal 0 -1 0
outer loop
vertex 7659.990000000001 11700 599.95
vertex 7899.97 11700 400.01
vertex 7899.97 11700 599.95
endloop
endfacet
facet normal 0 -1 0
outer loop
vertex 7531.9400000000005 11700 319.93
vertex 7659.990000000001 11700 400.01
vertex 7099.95 11700 400.01
endloop
endfacet
facet normal 0 -1 0
outer loop
vertex 7531.9400000000005 11700 319.93
vertex 7099.95 11700 400.01
vertex 7099.95 11700 199.94
endloop
endfacet
facet normal 0 -1 0
outer loop
vertex 7531.9400000000005 11700 319.93
vertex 7099.95 11700 199.94
vertex 7899.97 11700 199.94
endloop
endfacet
facet normal 0 -1 0
outer loop
vertex 7531.9400000000005 11700 319.93
vertex 7899.97 11700 199.94
vertex 7899.97 11700 400.01
endloop
endfacet
facet normal 0 -1 0
outer loop
vertex 7531.9400000000005 11700 319.93
vertex 7899.97 11700 400.01
vertex 7659.990000000001 11700 400.01
endloop
endfacet
facet normal 0.9997275864105882 0.02333994365160155 0
outer loop
vertex 7100.21 11686.220000000001 800.02
vertex 7100.21 11686.220000000001 599.95
vertex 7099.43 11719.630000000001 599.95
endloop
endfacet
facet normal 0.9997275864105882 0.02333994365160155 0
outer loop
vertex 7100.21 11686.220000000001 800.02
vertex 7099.43 11719.630000000001 599.95
vertex 7099.43 11719.630000000001 800.02
endloop
endfacet
facet normal 0.9997761173117218 0.021159282906047627 0
outer loop
vertex 7099.95 11695.06 599.95
vertex 7099.95 11695.06 400.01
vertex 7099.43 11719.630000000001 400.01
endloop
endfacet
facet normal 0.9997761173117218 0.021159282906047627 0
outer loop
vertex 7099.95 11695.06 599.95
vertex 7099.43 11719.630000000001 400.01
vertex 7099.43 11719.630000000001 599.95
endloop
endfacet
facet normal -0.024606446907743044 0.9996972155460756 0
outer loop
vertex 7369.570000000001 11692.85 800.02
vertex 7369.570000000001 11692.85 599.95
vertex 7100.21 11686.220000000001 599.95
endloop
endfacet
facet normal -0.024606446907743044 0.9996972155460756 0
outer loop
vertex 7369.570000000001 11692.85 800.02
vertex 7100.21 11686.220000000001 599.95
vertex 7100.21 11686.220000000001 800.02
endloop
endfacet
facet normal -0.02434738330551173 0.999703558524313 0
outer loop
vertex 7899.97 11705.85 800.02
vertex 7899.97 11705.85 599.95
vertex 7633.08 11699.35 599.95
endloop
endfacet
facet normal -0.02434738330551173 0.999703558524313 0
outer loop
vertex 7899.97 11705.85 800.02
vertex 7633.08 11699.35 599.95
vertex 7633.08 11699.35 800.02
endloop
endfacet
facet normal -0.024369791746261242 0.9997030125243416 0
outer loop
vertex 7899.97 11705.85 599.95
vertex 7899.97 11705.85 400.01
vertex 7659.990000000001 11700 400.01
endloop
endfacet
facet normal -0.024369791746261242 0.9997030125243416 0
outer loop
vertex 7899.97 11705.85 599.95
vertex 7659.990000000001 11700 400.01
vertex 7659.990000000001 11700 599.95
endloop
endfacet
facet normal 0.38343917932651866 0.9235661296070822 0
outer loop
vertex 7405.71 11605.75 599.95
vertex 7405.71 11605.75 800.02
vertex 7499.96 11566.62 800.02
endloop
endfacet
facet normal 0.38343917932651866 0.9235661296070822 0
outer loop
vertex 7405.71 11605.75 599.95
vertex 7499.96 11566.62 800.02
vertex 7499.96 11566.62 599.95
endloop
endfacet
facet normal 0.923646914223716 0.38324454052863854 0
outer loop
vertex 7369.570000000001 11692.85 599.95
vertex 7369.570000000001 11692.85 800.02
vertex 7405.71 11605.75 800.02
endloop
endfacet
facet normal 0.923646914223716 0.38324454052863854 0
outer loop
vertex 7369.570000000001 11692.85 599.95
vertex 7405.71 11605.75 800.02
vertex 7405.71 11605.75 599.95
endloop
endfacet
facet normal -0.9239855607851343 0.3824273571027325 0
outer loop
vertex 7633.08 11699.35 599.95
vertex 7594.34 11605.75 599.95
vertex 7594.34 11605.75 800.02
endloop
endfacet
facet normal -0.9239855607851343 0.3824273571027325 0
outer loop
vertex 7633.08 11699.35 599.95
vertex 7594.34 11605.75 800.02
vertex 7633.08 11699.35 800.02
endloop
endfacet
facet normal -0.38298854138852073 0.9237530931829638 0
outer loop
vertex 7594.34 11605.75 800.02
vertex 7594.34 11605.75 599.95
vertex 7499.96 11566.62 599.95
endloop
endfacet
facet normal -0.38298854138852073 0.9237530931829638 0
outer loop
vertex 7594.34 11605.75 800.02
vertex 7499.96 11566.62 599.95
vertex 7499.96 11566.62 800.02
endloop
endfacet
facet normal -1 0 0
outer loop
vertex 14499.94 12100.01 199.94
vertex 14499.94 12100.01 599.95
vertex 14499.94 12900.03 599.95
endloop
endfacet
facet normal -1 0 0
outer loop
vertex 14499.94 12100.01 199.94
vertex 14499.94 12900.03 599.95
vertex 14499.94 12900.03 199.94
endloop
endfacet
facet normal 0.049607720814519855 -0.9987687790652993 0
outer loop
vertex 9999.99 12900.03 199.94
vertex 9999.99 12900.03 599.95
vertex 9960.73 12898.08 599.95
endloop
endfacet
facet normal 0.049607720814519855 -0.9987687790652993 0
outer loop
vertex 9999.99 12900.03 199.94
vertex 9960.73 12898.08 599.95
vertex 9960.73 12898.08 199.94
endloop
endfacet
facet normal 0.1460673966801939 -0.9892746411523299 0
outer loop
vertex 9960.73 12898.08 199.94
vertex 9960.73 12898.08 599.95
vertex 9921.99 12892.36 599.95
endloop
endfacet
facet normal 0.1460673966801939 -0.9892746411523299 0
outer loop
vertex 9960.73 12898.08 199.94
vertex 9921.99 12892.36 599.95
vertex 9921.99 12892.36 199.94
endloop
endfacet
facet normal 0.24487073188796937 -0.9695557357185045 0
outer loop
vertex 9921.99 12892.36 199.94
vertex 9921.99 12892.36 599.95
vertex 9883.9 12882.74 599.95
endloop
endfacet
facet normal 0.24487073188796937 -0.9695557357185045 0
outer loop
vertex 9921.99 12892.36 199.94
vertex 9883.9 12882.74 599.95
vertex 9883.9 12882.74 199.94
endloop
endfacet
facet normal 0.33507511660258443 -0.9421914169815837 0
outer loop
vertex 9883.9 12882.74 199.94
vertex 9883.9 12882.74 599.95
vertex 9846.98 12869.61 599.95
endloop
endfacet
facet normal 0.33507511660258443 -0.9421914169815837 0
outer loop
vertex 9883.9 12882.74 199.94
vertex 9846.98 12869.61 599.95
vertex 9846.98 12869.61 199.94
endloop
endfacet
facet normal 0.42993358039234236 -0.9028605188239328 0
outer loop
vertex 9846.98 12869.61 199.94
vertex 9846.98 12869.61 599.95
vertex 9811.49 12852.710000000001 599.95
endloop
endfacet
facet normal 0.42993358039234236 -0.9028605188239328 0
outer loop
vertex 9846.98 12869.61 199.94
vertex 9811.49 12852.710000000001 599.95
vertex 9811.49 12852.710000000001 199.94
endloop
endfacet
facet normal 0.5135210000878441 -0.8580770259532535 0
outer loop
vertex 9811.49 12852.710000000001 199.94
vertex 9811.49 12852.710000000001 599.95
vertex 9777.82 12832.560000000001 599.95
endloop
endfacet
facet normal 0.5135210000878441 -0.8580770259532535 0
outer loop
vertex 9811.49 12852.710000000001 199.94
vertex 9777.82 12832.560000000001 599.95
vertex 9777.82 12832.560000000001 199.94
endloop
endfacet
facet normal 0.5952275506257596 -0.8035571933447293 0
outer loop
vertex 9777.82 12832.560000000001 199.94
vertex 9777.82 12832.560000000001 599.95
vertex 9746.23 12809.16 599.95
endloop
endfacet
facet normal 0.5952275506257596 -0.8035571933447293 0
outer loop
vertex 9777.82 12832.560000000001 199.94
vertex 9746.23 12809.16 599.95
vertex 9746.23 12809.16 199.94
endloop
endfacet
facet normal 0.6696970767025023 -0.7426343820859109 0
outer loop
vertex 9746.23 12809.16 199.94
vertex 9746.23 12809.16 599.95
vertex 9717.11 12782.9 599.95
endloop
endfacet
facet normal 0.6696970767025023 -0.7426343820859109 0
outer loop
vertex 9746.23 12809.16 199.94
vertex 9717.11 12782.9 599.95
vertex 9717.11 12782.9 199.94
endloop
endfacet
facet normal 0.7426343820859109 -0.6696970767025023 0
outer loop
vertex 9717.11 12782.9 199.94
vertex 9717.11 12782.9 599.95
vertex 9690.85 12753.78 599.95
endloop
endfacet
facet normal 0.7426343820859109 -0.6696970767025023 0
outer loop
vertex 9717.11 12782.9 199.94
vertex 9690.85 12753.78 599.95
vertex 9690.85 12753.78 199.94
endloop
endfacet
facet normal 0.8035571933447515 -0.5952275506257299 0
outer loop
vertex 9690.85 12753.78 199.94
vertex 9690.85 12753.78 599.95
vertex 9667.45 12722.19 599.95
endloop
endfacet
facet normal 0.8035571933447515 -0.5952275506257299 0
outer loop
vertex 9690.85 12753.78 199.94
vertex 9667.45 12722.19 599.95
vertex 9667.45 12722.19 199.94
endloop
endfacet
facet normal 0.8566161964161093 -0.5159541569147378 0
outer loop
vertex 9667.45 12722.19 199.94
vertex 9667.45 12722.19 599.95
vertex 9647.17 12688.52 599.95
endloop
endfacet
facet normal 0.8566161964161093 -0.5159541569147378 0
outer loop
vertex 9667.45 12722.19 199.94
vertex 9647.17 12688.52 599.95
vertex 9647.17 12688.52 199.94
endloop
endfacet
facet normal 0.9041420535027294 -0.4272319593474573 0
outer loop
vertex 9647.17 12688.52 199.94
vertex 9647.17 12688.52 599.95
vertex 9630.4 12653.03 599.95
endloop
endfacet
facet normal 0.9041420535027294 -0.4272319593474573 0
outer loop
vertex 9647.17 12688.52 199.94
vertex 9630.4 12653.03 599.95
vertex 9630.4 12653.03 199.94
endloop
endfacet
facet normal 0.9421914169815837 -0.33507511660258443 0
outer loop
vertex 9630.4 12653.03 199.94
vertex 9630.4 12653.03 599.95
vertex 9617.27 12616.11 599.95
endloop
endfacet
facet normal 0.9421914169815837 -0.33507511660258443 0
outer loop
vertex 9630.4 12653.03 199.94
vertex 9617.27 12616.11 599.95
vertex 9617.27 12616.11 199.94
endloop
endfacet
facet normal 0.9695557357185045 -0.24487073188796937 0
outer loop
vertex 9617.27 12616.11 199.94
vertex 9617.27 12616.11 599.95
vertex 9607.65 12578.02 599.95
endloop
endfacet
facet normal 0.9695557357185045 -0.24487073188796937 0
outer loop
vertex 9617.27 12616.11 199.94
vertex 9607.65 12578.02 599.95
vertex 9607.65 12578.02 199.94
endloop
endfacet
facet normal 0.9893451221143958 -0.14558924873922255 0
outer loop
vertex 9607.65 12578.02 199.94
vertex 9607.65 12578.02 599.95
vertex 9601.93 12539.15 599.95
endloop
endfacet
facet normal 0.9893451221143958 -0.14558924873922255 0
outer loop
vertex 9607.65 12578.02 199.94
vertex 9601.93 12539.15 599.95
vertex 9601.93 12539.15 199.94
endloop
endfacet
facet normal 0.9987605998338648 -0.04977212291532847 0
outer loop
vertex 9601.93 12539.15 199.94
vertex 9601.93 12539.15 599.95
vertex 9599.98 12500.02 599.95
endloop
endfacet
facet normal 0.9987605998338648 -0.04977212291532847 0
outer loop
vertex 9601.93 12539.15 199.94
vertex 9599.98 12500.02 599.95
vertex 9599.98 12500.02 199.94
endloop
endfacet
facet normal 1 0 0
outer loop
vertex 9599.98 10700.04 400.01
vertex 9599.98 12500.02 599.95
vertex 9599.98 12100.01 599.95
endloop
endfacet
facet normal 1 0 0
outer loop
vertex 9599.98 10700.04 400.01
vertex 9599.98 12100.01 599.95
vertex 9599.98 7499.96 599.95
endloop
endfacet
facet normal 0.9999999999999999 0 0
outer loop
vertex 9599.98 10700.04 400.01
vertex 9599.98 7499.96 599.95
vertex 9599.98 7499.96 199.94
endloop
endfacet
facet normal 0.9999999999999999 0 0
outer loop
vertex 9599.98 10700.04 400.01
vertex 9599.98 7499.96 199.94
vertex 9599.98 12100.01 199.94
endloop
endfacet
facet normal 1 0 0
outer loop
vertex 9599.98 10700.04 400.01
vertex 9599.98 12100.01 199.94
vertex 9599.98 12500.02 199.94
endloop
endfacet
facet normal 1 0 0
outer loop
vertex 9599.98 10700.04 400.01
vertex 9599.98 12500.02 199.94
vertex 9599.98 12500.02 599.95
endloop
endfacet
facet normal -0.9999999999999999 0 0
outer loop
vertex 10400 12100.01 599.95
vertex 10400 12100.01 199.94
vertex 10400 7499.96 199.94
endloop
endfacet
facet normal -0.9999999999999999 0 0
outer loop
vertex 10400 12100.01 599.95
vertex 10400 7499.96 199.94
vertex 10400 7499.96 599.95
endloop
endfacet
endsolid JSCAD
