solid JSCAD
facet normal -1 0 0
outer loop
vertex 0 10184.200000000003 3789.500000000001
vertex 0 0 0
vertex 0 0 3999.970000000001
endloop
endfacet
facet normal -0.9999999999999999 0 0
outer loop
vertex 0 10184.200000000003 3789.500000000001
vertex 0 0 3999.970000000001
vertex 0 9800.050000000003 3999.970000000001
endloop
endfacet
facet normal -1 0 0
outer loop
vertex 0 10184.200000000003 3789.500000000001
vertex 0 9800.050000000003 3999.970000000001
vertex 0 9803.820000000002 3999.970000000001
endloop
endfacet
facet normal -1 0 0
outer loop
vertex 0 10184.200000000003 3789.500000000001
vertex 0 9803.820000000002 3999.970000000001
vertex 0 9815.260000000002 3999.970000000001
endloop
endfacet
facet normal -1 0 0
outer loop
vertex 0 10184.200000000003 3789.500000000001
vertex 0 9815.260000000002 3999.970000000001
vertex 0 9833.720000000003 3999.970000000001
endloop
endfacet
facet normal -1 0 0
outer loop
vertex 0 10184.200000000003 3789.500000000001
vertex 0 9833.720000000003 3999.970000000001
vertex 0 9858.550000000003 3999.970000000001
endloop
endfacet
facet normal -1 0 0
outer loop
vertex 0 10184.200000000003 3789.500000000001
vertex 0 9858.550000000003 3999.970000000001
vertex 0 9888.840000000002 3999.970000000001
endloop
endfacet
facet normal -1 0 0
outer loop
vertex 0 10184.200000000003 3789.500000000001
vertex 0 9888.840000000002 3999.970000000001
vertex 0 9923.420000000002 3999.970000000001
endloop
endfacet
facet normal -0.9999999999999999 0 0
outer loop
vertex 0 10184.200000000003 3789.500000000001
vertex 0 9923.420000000002 3999.970000000001
vertex 0 9960.990000000002 3999.970000000001
endloop
endfacet
facet normal -1 0 0
outer loop
vertex 0 10184.200000000003 3789.500000000001
vertex 0 9960.990000000002 3999.970000000001
vertex 0 9999.990000000002 3999.970000000001
endloop
endfacet
facet normal -1 0 0
outer loop
vertex 0 10184.200000000003 3789.500000000001
vertex 0 9999.990000000002 3999.970000000001
vertex 0 10038.990000000002 3999.970000000001
endloop
endfacet
facet normal -1 0 0
outer loop
vertex 0 10184.200000000003 3789.500000000001
vertex 0 10038.990000000002 3999.970000000001
vertex 0 10076.560000000003 3999.970000000001
endloop
endfacet
facet normal -0.9999999999999999 0 0
outer loop
vertex 0 10184.200000000003 3789.500000000001
vertex 0 10076.560000000003 3999.970000000001
vertex 0 10111.140000000003 3999.970000000001
endloop
endfacet
facet normal -1 0 0
outer loop
vertex 0 10184.200000000003 3789.500000000001
vertex 0 10111.140000000003 3999.970000000001
vertex 0 10141.430000000002 3999.970000000001
endloop
endfacet
facet normal -1 0 0
outer loop
vertex 0 10184.200000000003 3789.500000000001
vertex 0 10141.430000000002 3999.970000000001
vertex 0 10166.260000000002 3999.970000000001
endloop
endfacet
facet normal -1 0 0
outer loop
vertex 0 10184.200000000003 3789.500000000001
vertex 0 10166.260000000002 3999.970000000001
vertex 0 10184.720000000003 3999.970000000001
endloop
endfacet
facet normal -1 0 0
outer loop
vertex 0 10184.200000000003 3789.500000000001
vertex 0 10184.720000000003 3999.970000000001
vertex 0 10196.160000000002 3999.970000000001
endloop
endfacet
facet normal -1 0 0
outer loop
vertex 0 10184.200000000003 3789.500000000001
vertex 0 10196.160000000002 3999.970000000001
vertex 0 10200.060000000003 3999.970000000001
endloop
endfacet
facet normal -1 0 0
outer loop
vertex 0 10184.200000000003 3789.500000000001
vertex 0 10200.060000000003 3999.970000000001
vertex 0 10599.940000000002 3999.970000000001
endloop
endfacet
facet normal -0.9999999999999999 0 0
outer loop
vertex 0 10184.200000000003 3789.500000000001
vertex 0 10599.940000000002 3999.970000000001
vertex 0 10607.740000000003 3999.970000000001
endloop
endfacet
facet normal -1 0 0
outer loop
vertex 0 10184.200000000003 3789.500000000001
vertex 0 10607.740000000003 3999.970000000001
vertex 0 10630.490000000003 3999.970000000001
endloop
endfacet
facet normal -1 0 0
outer loop
vertex 0 10184.200000000003 3789.500000000001
vertex 0 10630.490000000003 3999.970000000001
vertex 0 10667.410000000003 3999.970000000001
endloop
endfacet
facet normal -0.9999999999999999 0 0
outer loop
vertex 0 10184.200000000003 3789.500000000001
vertex 0 10667.410000000003 3999.970000000001
vertex 0 10717.200000000003 3999.970000000001
endloop
endfacet
facet normal -1 0 0
outer loop
vertex 0 10184.200000000003 3789.500000000001
vertex 0 10717.200000000003 3999.970000000001
vertex 0 10777.780000000002 3999.970000000001
endloop
endfacet
facet normal -1 0 0
outer loop
vertex 0 10184.200000000003 3789.500000000001
vertex 0 10777.780000000002 3999.970000000001
vertex 0 10846.940000000002 3999.970000000001
endloop
endfacet
facet normal -1 0 0
outer loop
vertex 0 10184.200000000003 3789.500000000001
vertex 0 10846.940000000002 3999.970000000001
vertex 0 10921.950000000003 3999.970000000001
endloop
endfacet
facet normal -1 0 0
outer loop
vertex 0 10184.200000000003 3789.500000000001
vertex 0 10921.950000000003 3999.970000000001
vertex 0 10999.950000000003 3999.970000000001
endloop
endfacet
facet normal -1 0 0
outer loop
vertex 0 10184.200000000003 3789.500000000001
vertex 0 10999.950000000003 3999.970000000001
vertex 0 11078.080000000004 3999.970000000001
endloop
endfacet
facet normal -1 0 0
outer loop
vertex 0 10184.200000000003 3789.500000000001
vertex 0 11078.080000000004 3999.970000000001
vertex 0 11153.090000000002 3999.970000000001
endloop
endfacet
facet normal -0.9999999999999999 0 0
outer loop
vertex 0 10184.200000000003 3789.500000000001
vertex 0 11153.090000000002 3999.970000000001
vertex 0 11222.250000000004 3999.970000000001
endloop
endfacet
facet normal -1 0 0
outer loop
vertex 0 10184.200000000003 3789.500000000001
vertex 0 11222.250000000004 3999.970000000001
vertex 0 11282.830000000004 3999.970000000001
endloop
endfacet
facet normal -0.9999999999999999 0 0
outer loop
vertex 0 10184.200000000003 3789.500000000001
vertex 0 11282.830000000004 3999.970000000001
vertex 0 11332.620000000003 3999.970000000001
endloop
endfacet
facet normal -1 0 0
outer loop
vertex 0 10184.200000000003 3789.500000000001
vertex 0 11332.620000000003 3999.970000000001
vertex 0 11369.540000000003 3999.970000000001
endloop
endfacet
facet normal -1 0 0
outer loop
vertex 0 10184.200000000003 3789.500000000001
vertex 0 11369.540000000003 3999.970000000001
vertex 0 11392.290000000003 3999.970000000001
endloop
endfacet
facet normal -1 0 0
outer loop
vertex 0 10184.200000000003 3789.500000000001
vertex 0 11392.290000000003 3999.970000000001
vertex 0 11399.960000000003 3999.970000000001
endloop
endfacet
facet normal -1 0 0
outer loop
vertex 0 10184.200000000003 3789.500000000001
vertex 0 11399.960000000003 3999.970000000001
vertex 0 15000.050000000003 3999.970000000001
endloop
endfacet
facet normal -1 0 0
outer loop
vertex 0 10184.200000000003 3789.500000000001
vertex 0 15000.050000000003 3999.970000000001
vertex 0 15000.050000000003 0
endloop
endfacet
facet normal -1 0 0
outer loop
vertex 0 10184.200000000003 3789.500000000001
vertex 0 15000.050000000003 0
vertex 0 0 0
endloop
endfacet
facet normal 1 0 0
outer loop
vertex 19999.980000000003 10184.200000000003 3789.500000000001
vertex 19999.980000000003 0 0
vertex 19999.980000000003 15000.050000000003 0
endloop
endfacet
facet normal 1 0 0
outer loop
vertex 19999.980000000003 10184.200000000003 3789.500000000001
vertex 19999.980000000003 15000.050000000003 0
vertex 19999.980000000003 15000.050000000003 3999.970000000001
endloop
endfacet
facet normal 1 0 0
outer loop
vertex 19999.980000000003 10184.200000000003 3789.500000000001
vertex 19999.980000000003 15000.050000000003 3999.970000000001
vertex 19999.980000000003 11399.960000000003 3999.970000000001
endloop
endfacet
facet normal 1 0 0
outer loop
vertex 19999.980000000003 10184.200000000003 3789.500000000001
vertex 19999.980000000003 11399.960000000003 3999.970000000001
vertex 19999.980000000003 11392.290000000003 3999.970000000001
endloop
endfacet
facet normal 1 0 0
outer loop
vertex 19999.980000000003 10184.200000000003 3789.500000000001
vertex 19999.980000000003 11392.290000000003 3999.970000000001
vertex 19999.980000000003 11369.540000000003 3999.970000000001
endloop
endfacet
facet normal 1 0 0
outer loop
vertex 19999.980000000003 10184.200000000003 3789.500000000001
vertex 19999.980000000003 11369.540000000003 3999.970000000001
vertex 19999.980000000003 11332.620000000003 3999.970000000001
endloop
endfacet
facet normal 0.9999999999999999 0 0
outer loop
vertex 19999.980000000003 10184.200000000003 3789.500000000001
vertex 19999.980000000003 11332.620000000003 3999.970000000001
vertex 19999.980000000003 11282.830000000004 3999.970000000001
endloop
endfacet
facet normal 1 0 0
outer loop
vertex 19999.980000000003 10184.200000000003 3789.500000000001
vertex 19999.980000000003 11282.830000000004 3999.970000000001
vertex 19999.980000000003 11222.250000000004 3999.970000000001
endloop
endfacet
facet normal 0.9999999999999999 0 0
outer loop
vertex 19999.980000000003 10184.200000000003 3789.500000000001
vertex 19999.980000000003 11222.250000000004 3999.970000000001
vertex 19999.980000000003 11153.090000000002 3999.970000000001
endloop
endfacet
facet normal 1 0 0
outer loop
vertex 19999.980000000003 10184.200000000003 3789.500000000001
vertex 19999.980000000003 11153.090000000002 3999.970000000001
vertex 19999.980000000003 11078.080000000004 3999.970000000001
endloop
endfacet
facet normal 1 0 0
outer loop
vertex 19999.980000000003 10184.200000000003 3789.500000000001
vertex 19999.980000000003 11078.080000000004 3999.970000000001
vertex 19999.980000000003 10999.950000000003 3999.970000000001
endloop
endfacet
facet normal 1 0 0
outer loop
vertex 19999.980000000003 10184.200000000003 3789.500000000001
vertex 19999.980000000003 10999.950000000003 3999.970000000001
vertex 19999.980000000003 10921.950000000003 3999.970000000001
endloop
endfacet
facet normal 1 0 0
outer loop
vertex 19999.980000000003 10184.200000000003 3789.500000000001
vertex 19999.980000000003 10921.950000000003 3999.970000000001
vertex 19999.980000000003 10846.940000000002 3999.970000000001
endloop
endfacet
facet normal 1 0 0
outer loop
vertex 19999.980000000003 10184.200000000003 3789.500000000001
vertex 19999.980000000003 10846.940000000002 3999.970000000001
vertex 19999.980000000003 10777.780000000002 3999.970000000001
endloop
endfacet
facet normal 1 0 0
outer loop
vertex 19999.980000000003 10184.200000000003 3789.500000000001
vertex 19999.980000000003 10777.780000000002 3999.970000000001
vertex 19999.980000000003 10717.200000000003 3999.970000000001
endloop
endfacet
facet normal 0.9999999999999999 0 0
outer loop
vertex 19999.980000000003 10184.200000000003 3789.500000000001
vertex 19999.980000000003 10717.200000000003 3999.970000000001
vertex 19999.980000000003 10667.410000000003 3999.970000000001
endloop
endfacet
facet normal 1 0 0
outer loop
vertex 19999.980000000003 10184.200000000003 3789.500000000001
vertex 19999.980000000003 10667.410000000003 3999.970000000001
vertex 19999.980000000003 10630.490000000003 3999.970000000001
endloop
endfacet
facet normal 1 0 0
outer loop
vertex 19999.980000000003 10184.200000000003 3789.500000000001
vertex 19999.980000000003 10630.490000000003 3999.970000000001
vertex 19999.980000000003 10607.740000000003 3999.970000000001
endloop
endfacet
facet normal 0.9999999999999999 0 0
outer loop
vertex 19999.980000000003 10184.200000000003 3789.500000000001
vertex 19999.980000000003 10607.740000000003 3999.970000000001
vertex 19999.980000000003 10599.940000000002 3999.970000000001
endloop
endfacet
facet normal 1 0 0
outer loop
vertex 19999.980000000003 10184.200000000003 3789.500000000001
vertex 19999.980000000003 10599.940000000002 3999.970000000001
vertex 19999.980000000003 10200.060000000003 3999.970000000001
endloop
endfacet
facet normal 1 0 0
outer loop
vertex 19999.980000000003 10184.200000000003 3789.500000000001
vertex 19999.980000000003 10200.060000000003 3999.970000000001
vertex 19999.980000000003 10196.160000000002 3999.970000000001
endloop
endfacet
facet normal 1 0 0
outer loop
vertex 19999.980000000003 10184.200000000003 3789.500000000001
vertex 19999.980000000003 10196.160000000002 3999.970000000001
vertex 19999.980000000003 10184.720000000003 3999.970000000001
endloop
endfacet
facet normal 1 0 0
outer loop
vertex 19999.980000000003 10184.200000000003 3789.500000000001
vertex 19999.980000000003 10184.720000000003 3999.970000000001
vertex 19999.980000000003 10166.260000000002 3999.970000000001
endloop
endfacet
facet normal 1 0 0
outer loop
vertex 19999.980000000003 10184.200000000003 3789.500000000001
vertex 19999.980000000003 10166.260000000002 3999.970000000001
vertex 19999.980000000003 10141.430000000002 3999.970000000001
endloop
endfacet
facet normal 1 0 0
outer loop
vertex 19999.980000000003 10184.200000000003 3789.500000000001
vertex 19999.980000000003 10141.430000000002 3999.970000000001
vertex 19999.980000000003 10111.140000000003 3999.970000000001
endloop
endfacet
facet normal 0.9999999999999999 0 0
outer loop
vertex 19999.980000000003 10184.200000000003 3789.500000000001
vertex 19999.980000000003 10111.140000000003 3999.970000000001
vertex 19999.980000000003 10076.560000000003 3999.970000000001
endloop
endfacet
facet normal 1 0 0
outer loop
vertex 19999.980000000003 10184.200000000003 3789.500000000001
vertex 19999.980000000003 10076.560000000003 3999.970000000001
vertex 19999.980000000003 10038.990000000002 3999.970000000001
endloop
endfacet
facet normal 1 0 0
outer loop
vertex 19999.980000000003 10184.200000000003 3789.500000000001
vertex 19999.980000000003 10038.990000000002 3999.970000000001
vertex 19999.980000000003 9999.990000000002 3999.970000000001
endloop
endfacet
facet normal 1 0 0
outer loop
vertex 19999.980000000003 10184.200000000003 3789.500000000001
vertex 19999.980000000003 9999.990000000002 3999.970000000001
vertex 19999.980000000003 9960.990000000002 3999.970000000001
endloop
endfacet
facet normal 0.9999999999999999 0 0
outer loop
vertex 19999.980000000003 10184.200000000003 3789.500000000001
vertex 19999.980000000003 9960.990000000002 3999.970000000001
vertex 19999.980000000003 9923.420000000002 3999.970000000001
endloop
endfacet
facet normal 1 0 0
outer loop
vertex 19999.980000000003 10184.200000000003 3789.500000000001
vertex 19999.980000000003 9923.420000000002 3999.970000000001
vertex 19999.980000000003 9888.840000000002 3999.970000000001
endloop
endfacet
facet normal 1 0 0
outer loop
vertex 19999.980000000003 10184.200000000003 3789.500000000001
vertex 19999.980000000003 9888.840000000002 3999.970000000001
vertex 19999.980000000003 9858.550000000003 3999.970000000001
endloop
endfacet
facet normal 1 0 0
outer loop
vertex 19999.980000000003 10184.200000000003 3789.500000000001
vertex 19999.980000000003 9858.550000000003 3999.970000000001
vertex 19999.980000000003 9833.720000000003 3999.970000000001
endloop
endfacet
facet normal 1 0 0
outer loop
vertex 19999.980000000003 10184.200000000003 3789.500000000001
vertex 19999.980000000003 9833.720000000003 3999.970000000001
vertex 19999.980000000003 9815.260000000002 3999.970000000001
endloop
endfacet
facet normal 1 0 0
outer loop
vertex 19999.980000000003 10184.200000000003 3789.500000000001
vertex 19999.980000000003 9815.260000000002 3999.970000000001
vertex 19999.980000000003 9803.820000000002 3999.970000000001
endloop
endfacet
facet normal 1 0 0
outer loop
vertex 19999.980000000003 10184.200000000003 3789.500000000001
vertex 19999.980000000003 9803.820000000002 3999.970000000001
vertex 19999.980000000003 9800.050000000003 3999.970000000001
endloop
endfacet
facet normal 0.9999999999999999 0 0
outer loop
vertex 19999.980000000003 10184.200000000003 3789.500000000001
vertex 19999.980000000003 9800.050000000003 3999.970000000001
vertex 19999.980000000003 0 3999.970000000001
endloop
endfacet
facet normal 1 0 0
outer loop
vertex 19999.980000000003 10184.200000000003 3789.500000000001
vertex 19999.980000000003 0 3999.970000000001
vertex 19999.980000000003 0 0
endloop
endfacet
facet normal 0 -0.9999999999999999 0
outer loop
vertex 0 0 0
vertex 19999.980000000003 0 0
vertex 19999.980000000003 0 3999.970000000001
endloop
endfacet
facet normal 0 -0.9999999999999999 0
outer loop
vertex 0 0 0
vertex 19999.980000000003 0 3999.970000000001
vertex 0 0 3999.970000000001
endloop
endfacet
facet normal 0 0.9999999999999999 0
outer loop
vertex 0 15000.050000000003 0
vertex 0 15000.050000000003 3999.970000000001
vertex 19999.980000000003 15000.050000000003 3999.970000000001
endloop
endfacet
facet normal 0 0.9999999999999999 0
outer loop
vertex 0 15000.050000000003 0
vertex 19999.980000000003 15000.050000000003 3999.970000000001
vertex 19999.980000000003 15000.050000000003 0
endloop
endfacet
facet normal 0 0 -1
outer loop
vertex 0 0 0
vertex 0 15000.050000000003 0
vertex 19999.980000000003 15000.050000000003 0
endloop
endfacet
facet normal 0 0 -1
outer loop
vertex 0 0 0
vertex 19999.980000000003 15000.050000000003 0
vertex 19999.980000000003 0 0
endloop
endfacet
facet normal -0.9486874089354187 -0.31621543309491007 0
outer loop
vertex 2500.0300000000007 12500.020000000002 800.0200000000002
vertex 2500.0300000000007 12500.020000000002 400.0100000000001
vertex 3499.9900000000007 9500.010000000002 400.0100000000001
endloop
endfacet
facet normal -0.9486874089354187 -0.31621543309491007 0
outer loop
vertex 2500.0300000000007 12500.020000000002 800.0200000000002
vertex 3499.9900000000007 9500.010000000002 400.0100000000001
vertex 3499.9900000000007 9500.010000000002 800.0200000000002
endloop
endfacet
facet normal 0.8320392008331314 -0.5547168361217856 0
outer loop
vertex 1499.9400000000003 10999.950000000003 800.0200000000002
vertex 1499.9400000000003 10999.950000000003 400.0100000000001
vertex 2500.0300000000007 12500.020000000002 400.0100000000001
endloop
endfacet
facet normal 0.8320392008331314 -0.5547168361217856 0
outer loop
vertex 1499.9400000000003 10999.950000000003 800.0200000000002
vertex 2500.0300000000007 12500.020000000002 400.0100000000001
vertex 2500.0300000000007 12500.020000000002 800.0200000000002
endloop
endfacet
facet normal 1 0 0
outer loop
vertex 1499.9400000000003 9000.030000000002 800.0200000000002
vertex 1499.9400000000003 9000.030000000002 400.0100000000001
vertex 1499.9400000000003 10999.950000000003 400.0100000000001
endloop
endfacet
facet normal 1 0 0
outer loop
vertex 1499.9400000000003 9000.030000000002 800.0200000000002
vertex 1499.9400000000003 10999.950000000003 400.0100000000001
vertex 1499.9400000000003 10999.950000000003 800.0200000000002
endloop
endfacet
facet normal -0.24252078784863698 0.9701462093217066 0
outer loop
vertex 3499.9900000000007 9500.010000000002 800.0200000000002
vertex 3499.9900000000007 9500.010000000002 400.0100000000001
vertex 1499.9400000000003 9000.030000000002 400.0100000000001
endloop
endfacet
facet normal -0.24252078784863698 0.9701462093217066 0
outer loop
vertex 3499.9900000000007 9500.010000000002 800.0200000000002
vertex 1499.9400000000003 9000.030000000002 400.0100000000001
vertex 1499.9400000000003 9000.030000000002 800.0200000000002
endloop
endfacet
facet normal 0 0 -0.9999999999999999
outer loop
vertex 3499.9900000000007 9500.010000000002 800.0200000000002
vertex 1499.9400000000003 9000.030000000002 800.0200000000002
vertex 1499.9400000000003 10999.950000000003 800.0200000000002
endloop
endfacet
facet normal 0 0 -1
outer loop
vertex 3499.9900000000007 9500.010000000002 800.0200000000002
vertex 1499.9400000000003 10999.950000000003 800.0200000000002
vertex 2500.0300000000007 12500.020000000002 800.0200000000002
endloop
endfacet
facet normal 0 0 -1
outer loop
vertex 5200.000000000001 9999.990000000002 800.0200000000002
vertex 5200.000000000001 6999.980000000001 800.0200000000002
vertex 4799.990000000002 6999.980000000001 800.0200000000002
endloop
endfacet
facet normal 0 0 -1
outer loop
vertex 5200.000000000001 9999.990000000002 800.0200000000002
vertex 4799.990000000002 6999.980000000001 800.0200000000002
vertex 4799.990000000002 9999.990000000002 800.0200000000002
endloop
endfacet
facet normal 0 0 -1
outer loop
vertex 2000.0500000000004 6999.980000000001 800.0200000000002
vertex 2195.0500000000006 7980.830000000002 800.0200000000002
vertex 2382.640000000001 7923.890000000002 800.0200000000002
endloop
endfacet
facet normal 0 0 -0.9999999999999999
outer loop
vertex 2000.0500000000004 6999.980000000001 800.0200000000002
vertex 2382.640000000001 7923.890000000002 800.0200000000002
vertex 2555.5400000000004 7831.460000000002 800.0200000000002
endloop
endfacet
facet normal 0 0 -1
outer loop
vertex 2000.0500000000004 6999.980000000001 800.0200000000002
vertex 2555.5400000000004 7831.460000000002 800.0200000000002
vertex 2707.120000000001 7707.050000000002 800.0200000000002
endloop
endfacet
facet normal 0 0 -1
outer loop
vertex 2000.0500000000004 6999.980000000001 800.0200000000002
vertex 2707.120000000001 7707.050000000002 800.0200000000002
vertex 2831.5300000000007 7555.600000000002 800.0200000000002
endloop
endfacet
facet normal 0 0 -1
outer loop
vertex 2000.0500000000004 6999.980000000001 800.0200000000002
vertex 2831.5300000000007 7555.600000000002 800.0200000000002
vertex 2923.830000000001 7382.700000000002 800.0200000000002
endloop
endfacet
facet normal 0 0 -1
outer loop
vertex 2000.0500000000004 6999.980000000001 800.0200000000002
vertex 2923.830000000001 7382.700000000002 800.0200000000002
vertex 2980.770000000001 7195.1100000000015 800.0200000000002
endloop
endfacet
facet normal 0 0 -1
outer loop
vertex 2000.0500000000004 6999.980000000001 800.0200000000002
vertex 2980.770000000001 7195.1100000000015 800.0200000000002
vertex 3000.0100000000007 6999.980000000001 800.0200000000002
endloop
endfacet
facet normal 0 0 -1
outer loop
vertex 2000.0500000000004 6999.980000000001 800.0200000000002
vertex 3000.0100000000007 6999.980000000001 800.0200000000002
vertex 2980.770000000001 6804.850000000001 800.0200000000002
endloop
endfacet
facet normal 0 0 -1
outer loop
vertex 2000.0500000000004 6999.980000000001 800.0200000000002
vertex 2980.770000000001 6804.850000000001 800.0200000000002
vertex 2923.830000000001 6617.260000000002 800.0200000000002
endloop
endfacet
facet normal 0 0 -1
outer loop
vertex 2000.0500000000004 6999.980000000001 800.0200000000002
vertex 2923.830000000001 6617.260000000002 800.0200000000002
vertex 2831.5300000000007 6444.490000000002 800.0200000000002
endloop
endfacet
facet normal 0 0 -1
outer loop
vertex 2000.0500000000004 6999.980000000001 800.0200000000002
vertex 2831.5300000000007 6444.490000000002 800.0200000000002
vertex 2707.120000000001 6292.910000000002 800.0200000000002
endloop
endfacet
facet normal 0 0 -1
outer loop
vertex 2000.0500000000004 6999.980000000001 800.0200000000002
vertex 2707.120000000001 6292.910000000002 800.0200000000002
vertex 2555.5400000000004 6168.500000000002 800.0200000000002
endloop
endfacet
facet normal 0 0 -1
outer loop
vertex 2000.0500000000004 6999.980000000001 800.0200000000002
vertex 2555.5400000000004 6168.500000000002 800.0200000000002
vertex 2382.640000000001 6076.0700000000015 800.0200000000002
endloop
endfacet
facet normal 0 0 -1
outer loop
vertex 2000.0500000000004 6999.980000000001 800.0200000000002
vertex 2382.640000000001 6076.0700000000015 800.0200000000002
vertex 2195.0500000000006 6019.260000000001 800.0200000000002
endloop
endfacet
facet normal 0 0 -1
outer loop
vertex 2000.0500000000004 6999.980000000001 800.0200000000002
vertex 2195.0500000000006 6019.260000000001 800.0200000000002
vertex 2000.0500000000004 6000.020000000001 800.0200000000002
endloop
endfacet
facet normal 0 0 -1
outer loop
vertex 2000.0500000000004 6999.980000000001 800.0200000000002
vertex 2000.0500000000004 6000.020000000001 800.0200000000002
vertex 1804.9200000000005 6019.260000000001 800.0200000000002
endloop
endfacet
facet normal 0 0 -1
outer loop
vertex 2000.0500000000004 6999.980000000001 800.0200000000002
vertex 1804.9200000000005 6019.260000000001 800.0200000000002
vertex 1617.3300000000004 6076.0700000000015 800.0200000000002
endloop
endfacet
facet normal 0 0 -1
outer loop
vertex 2000.0500000000004 6999.980000000001 800.0200000000002
vertex 1617.3300000000004 6076.0700000000015 800.0200000000002
vertex 1444.4300000000003 6168.500000000002 800.0200000000002
endloop
endfacet
facet normal 0 0 -1
outer loop
vertex 2000.0500000000004 6999.980000000001 800.0200000000002
vertex 1444.4300000000003 6168.500000000002 800.0200000000002
vertex 1292.8500000000004 6292.910000000002 800.0200000000002
endloop
endfacet
facet normal 0 0 -1
outer loop
vertex 2000.0500000000004 6999.980000000001 800.0200000000002
vertex 1292.8500000000004 6292.910000000002 800.0200000000002
vertex 1168.5700000000004 6444.490000000002 800.0200000000002
endloop
endfacet
facet normal 0 0 -1
outer loop
vertex 2000.0500000000004 6999.980000000001 800.0200000000002
vertex 1168.5700000000004 6444.490000000002 800.0200000000002
vertex 1076.1400000000003 6617.260000000002 800.0200000000002
endloop
endfacet
facet normal 0 0 -1
outer loop
vertex 2000.0500000000004 6999.980000000001 800.0200000000002
vertex 1076.1400000000003 6617.260000000002 800.0200000000002
vertex 1019.2000000000003 6804.850000000001 800.0200000000002
endloop
endfacet
facet normal 0 0 -1
outer loop
vertex 2000.0500000000004 6999.980000000001 800.0200000000002
vertex 1019.2000000000003 6804.850000000001 800.0200000000002
vertex 999.9600000000003 6999.980000000001 800.0200000000002
endloop
endfacet
facet normal 0 0 -1
outer loop
vertex 2000.0500000000004 6999.980000000001 800.0200000000002
vertex 999.9600000000003 6999.980000000001 800.0200000000002
vertex 1019.2000000000003 7195.1100000000015 800.0200000000002
endloop
endfacet
facet normal 0 0 -1
outer loop
vertex 2000.0500000000004 6999.980000000001 800.0200000000002
vertex 1019.2000000000003 7195.1100000000015 800.0200000000002
vertex 1076.1400000000003 7382.700000000002 800.0200000000002
endloop
endfacet
facet normal 0 0 -1
outer loop
vertex 2000.0500000000004 6999.980000000001 800.0200000000002
vertex 1076.1400000000003 7382.700000000002 800.0200000000002
vertex 1168.5700000000004 7555.600000000002 800.0200000000002
endloop
endfacet
facet normal 0 0 -1
outer loop
vertex 2000.0500000000004 6999.980000000001 800.0200000000002
vertex 1168.5700000000004 7555.600000000002 800.0200000000002
vertex 1292.8500000000004 7707.050000000002 800.0200000000002
endloop
endfacet
facet normal 0 0 -1
outer loop
vertex 2000.0500000000004 6999.980000000001 800.0200000000002
vertex 1292.8500000000004 7707.050000000002 800.0200000000002
vertex 1444.4300000000003 7831.460000000002 800.0200000000002
endloop
endfacet
facet normal 0 0 -1
outer loop
vertex 2000.0500000000004 6999.980000000001 800.0200000000002
vertex 1444.4300000000003 7831.460000000002 800.0200000000002
vertex 1617.3300000000004 7923.890000000002 800.0200000000002
endloop
endfacet
facet normal 0 0 -1
outer loop
vertex 2000.0500000000004 6999.980000000001 800.0200000000002
vertex 1617.3300000000004 7923.890000000002 800.0200000000002
vertex 1804.9200000000005 7980.830000000002 800.0200000000002
endloop
endfacet
facet normal 0 0 -1
outer loop
vertex 2000.0500000000004 6999.980000000001 800.0200000000002
vertex 1804.9200000000005 7980.830000000002 800.0200000000002
vertex 2000.0500000000004 7999.940000000002 800.0200000000002
endloop
endfacet
facet normal 0 0 -1
outer loop
vertex 2000.0500000000004 6999.980000000001 800.0200000000002
vertex 2000.0500000000004 7999.940000000002 800.0200000000002
vertex 2195.0500000000006 7980.830000000002 800.0200000000002
endloop
endfacet
facet normal 0 0 1
outer loop
vertex 9800.050000000003 11200.020000000002 400.0100000000001
vertex 9800.050000000003 10800.010000000002 400.0100000000001
vertex 10200.060000000003 10800.010000000002 400.0100000000001
endloop
endfacet
facet normal 0 0 1
outer loop
vertex 9800.050000000003 11200.020000000002 400.0100000000001
vertex 10200.060000000003 10800.010000000002 400.0100000000001
vertex 10200.060000000003 11200.020000000002 400.0100000000001
endloop
endfacet
facet normal 0 0 1
outer loop
vertex 7499.960000000002 10999.950000000003 400.0100000000001
vertex 7460.960000000002 11196.120000000003 400.0100000000001
vertex 7423.520000000002 11184.810000000003 400.0100000000001
endloop
endfacet
facet normal 0 0 0.9999999999999999
outer loop
vertex 7499.960000000002 10999.950000000003 400.0100000000001
vertex 7423.520000000002 11184.810000000003 400.0100000000001
vertex 7388.940000000001 11166.350000000002 400.0100000000001
endloop
endfacet
facet normal 0 0 1
outer loop
vertex 7499.960000000002 10999.950000000003 400.0100000000001
vertex 7388.940000000001 11166.350000000002 400.0100000000001
vertex 7358.520000000002 11141.390000000003 400.0100000000001
endloop
endfacet
facet normal 0 0 0.9999999999999999
outer loop
vertex 7499.960000000002 10999.950000000003 400.0100000000001
vertex 7358.520000000002 11141.390000000003 400.0100000000001
vertex 7333.690000000001 11111.100000000002 400.0100000000001
endloop
endfacet
facet normal 0 0 1
outer loop
vertex 7499.960000000002 10999.950000000003 400.0100000000001
vertex 7333.690000000001 11111.100000000002 400.0100000000001
vertex 7315.230000000001 11076.520000000002 400.0100000000001
endloop
endfacet
facet normal 0 0 1
outer loop
vertex 7499.960000000002 10999.950000000003 400.0100000000001
vertex 7315.230000000001 11076.520000000002 400.0100000000001
vertex 7303.790000000002 11039.080000000004 400.0100000000001
endloop
endfacet
facet normal 0 0 1
outer loop
vertex 7499.960000000002 10999.950000000003 400.0100000000001
vertex 7303.790000000002 11039.080000000004 400.0100000000001
vertex 7300.020000000002 10999.950000000003 400.0100000000001
endloop
endfacet
facet normal 0 0 0.9999999999999999
outer loop
vertex 7499.960000000002 10999.950000000003 400.0100000000001
vertex 7300.020000000002 10999.950000000003 400.0100000000001
vertex 7303.790000000002 10960.950000000003 400.0100000000001
endloop
endfacet
facet normal 0 0 1
outer loop
vertex 7499.960000000002 10999.950000000003 400.0100000000001
vertex 7303.790000000002 10960.950000000003 400.0100000000001
vertex 7315.230000000001 10923.510000000002 400.0100000000001
endloop
endfacet
facet normal 0 0 1
outer loop
vertex 7499.960000000002 10999.950000000003 400.0100000000001
vertex 7315.230000000001 10923.510000000002 400.0100000000001
vertex 7333.690000000001 10888.930000000002 400.0100000000001
endloop
endfacet
facet normal 0 0 1
outer loop
vertex 7499.960000000002 10999.950000000003 400.0100000000001
vertex 7333.690000000001 10888.930000000002 400.0100000000001
vertex 7358.520000000002 10858.640000000003 400.0100000000001
endloop
endfacet
facet normal 0 0 1
outer loop
vertex 7499.960000000002 10999.950000000003 400.0100000000001
vertex 7358.520000000002 10858.640000000003 400.0100000000001
vertex 7388.940000000001 10833.680000000002 400.0100000000001
endloop
endfacet
facet normal 0 0 0.9999999999999999
outer loop
vertex 7499.960000000002 10999.950000000003 400.0100000000001
vertex 7388.940000000001 10833.680000000002 400.0100000000001
vertex 7423.520000000002 10815.220000000003 400.0100000000001
endloop
endfacet
facet normal 0 0 1
outer loop
vertex 7499.960000000002 10999.950000000003 400.0100000000001
vertex 7423.520000000002 10815.220000000003 400.0100000000001
vertex 7460.960000000002 10803.780000000002 400.0100000000001
endloop
endfacet
facet normal 0 0 1
outer loop
vertex 7499.960000000002 10999.950000000003 400.0100000000001
vertex 7460.960000000002 10803.780000000002 400.0100000000001
vertex 7499.960000000002 10800.010000000002 400.0100000000001
endloop
endfacet
facet normal 0 0 1
outer loop
vertex 7499.960000000002 10999.950000000003 400.0100000000001
vertex 7499.960000000002 10800.010000000002 400.0100000000001
vertex 7538.960000000002 10803.780000000002 400.0100000000001
endloop
endfacet
facet normal 0 0 1
outer loop
vertex 7499.960000000002 10999.950000000003 400.0100000000001
vertex 7538.960000000002 10803.780000000002 400.0100000000001
vertex 7576.530000000002 10815.220000000003 400.0100000000001
endloop
endfacet
facet normal 0 0 0.9999999999999999
outer loop
vertex 7499.960000000002 10999.950000000003 400.0100000000001
vertex 7576.530000000002 10815.220000000003 400.0100000000001
vertex 7611.1100000000015 10833.680000000002 400.0100000000001
endloop
endfacet
facet normal 0 0 1
outer loop
vertex 7499.960000000002 10999.950000000003 400.0100000000001
vertex 7611.1100000000015 10833.680000000002 400.0100000000001
vertex 7641.4000000000015 10858.640000000003 400.0100000000001
endloop
endfacet
facet normal 0 0 1
outer loop
vertex 7499.960000000002 10999.950000000003 400.0100000000001
vertex 7641.4000000000015 10858.640000000003 400.0100000000001
vertex 7666.230000000002 10888.930000000002 400.0100000000001
endloop
endfacet
facet normal 0 0 1
outer loop
vertex 7499.960000000002 10999.950000000003 400.0100000000001
vertex 7666.230000000002 10888.930000000002 400.0100000000001
vertex 7684.8200000000015 10923.510000000002 400.0100000000001
endloop
endfacet
facet normal 0 0 1
outer loop
vertex 7499.960000000002 10999.950000000003 400.0100000000001
vertex 7684.8200000000015 10923.510000000002 400.0100000000001
vertex 7696.130000000002 10960.950000000003 400.0100000000001
endloop
endfacet
facet normal 0 0 1
outer loop
vertex 7499.960000000002 10999.950000000003 400.0100000000001
vertex 7696.130000000002 10960.950000000003 400.0100000000001
vertex 7700.030000000002 10999.950000000003 400.0100000000001
endloop
endfacet
facet normal 0 0 1
outer loop
vertex 7499.960000000002 10999.950000000003 400.0100000000001
vertex 7700.030000000002 10999.950000000003 400.0100000000001
vertex 7696.130000000002 11039.080000000004 400.0100000000001
endloop
endfacet
facet normal 0 0 1
outer loop
vertex 7499.960000000002 10999.950000000003 400.0100000000001
vertex 7696.130000000002 11039.080000000004 400.0100000000001
vertex 7684.8200000000015 11076.520000000002 400.0100000000001
endloop
endfacet
facet normal 0 0 1
outer loop
vertex 7499.960000000002 10999.950000000003 400.0100000000001
vertex 7684.8200000000015 11076.520000000002 400.0100000000001
vertex 7666.230000000002 11111.100000000002 400.0100000000001
endloop
endfacet
facet normal 0 0 0.9999999999999999
outer loop
vertex 7499.960000000002 10999.950000000003 400.0100000000001
vertex 7666.230000000002 11111.100000000002 400.0100000000001
vertex 7641.4000000000015 11141.390000000003 400.0100000000001
endloop
endfacet
facet normal 0 0 1
outer loop
vertex 7499.960000000002 10999.950000000003 400.0100000000001
vertex 7641.4000000000015 11141.390000000003 400.0100000000001
vertex 7611.1100000000015 11166.350000000002 400.0100000000001
endloop
endfacet
facet normal 0 0 1
outer loop
vertex 7499.960000000002 10999.950000000003 400.0100000000001
vertex 7611.1100000000015 11166.350000000002 400.0100000000001
vertex 7576.530000000002 11184.810000000003 400.0100000000001
endloop
endfacet
facet normal 0 0 1
outer loop
vertex 7499.960000000002 10999.950000000003 400.0100000000001
vertex 7576.530000000002 11184.810000000003 400.0100000000001
vertex 7538.960000000002 11196.120000000003 400.0100000000001
endloop
endfacet
facet normal 0 0 1
outer loop
vertex 7499.960000000002 10999.950000000003 400.0100000000001
vertex 7538.960000000002 11196.120000000003 400.0100000000001
vertex 7499.960000000002 11200.020000000002 400.0100000000001
endloop
endfacet
facet normal 0 0 1
outer loop
vertex 7499.960000000002 10999.950000000003 400.0100000000001
vertex 7499.960000000002 11200.020000000002 400.0100000000001
vertex 7460.960000000002 11196.120000000003 400.0100000000001
endloop
endfacet
facet normal 0 0 1
outer loop
vertex 9599.980000000003 10400.000000000002 400.0100000000001
vertex 9599.980000000003 9599.980000000003 400.0100000000001
vertex 10400.000000000002 9599.980000000003 400.0100000000001
endloop
endfacet
facet normal 0 0 1
outer loop
vertex 9599.980000000003 10400.000000000002 400.0100000000001
vertex 10400.000000000002 9599.980000000003 400.0100000000001
vertex 10400.000000000002 10400.000000000002 400.0100000000001
endloop
endfacet
facet normal 0 0 1
outer loop
vertex 7499.960000000002 9999.990000000002 400.0100000000001
vertex 7421.960000000002 10392.330000000002 400.0100000000001
vertex 7346.950000000002 10369.580000000002 400.0100000000001
endloop
endfacet
facet normal 0 0 1
outer loop
vertex 7499.960000000002 9999.990000000002 400.0100000000001
vertex 7346.950000000002 10369.580000000002 400.0100000000001
vertex 7277.790000000002 10332.530000000002 400.0100000000001
endloop
endfacet
facet normal 0 0 1
outer loop
vertex 7499.960000000002 9999.990000000002 400.0100000000001
vertex 7277.790000000002 10332.530000000002 400.0100000000001
vertex 7217.210000000002 10282.870000000003 400.0100000000001
endloop
endfacet
facet normal 0 0 1
outer loop
vertex 7499.960000000002 9999.990000000002 400.0100000000001
vertex 7217.210000000002 10282.870000000003 400.0100000000001
vertex 7167.420000000002 10222.290000000003 400.0100000000001
endloop
endfacet
facet normal 0 0 1
outer loop
vertex 7499.960000000002 9999.990000000002 400.0100000000001
vertex 7167.420000000002 10222.290000000003 400.0100000000001
vertex 7130.500000000002 10153.130000000003 400.0100000000001
endloop
endfacet
facet normal 0 0 0.9999999999999999
outer loop
vertex 7499.960000000002 9999.990000000002 400.0100000000001
vertex 7130.500000000002 10153.130000000003 400.0100000000001
vertex 7107.750000000002 10077.990000000002 400.0100000000001
endloop
endfacet
facet normal 0 0 1
outer loop
vertex 7499.960000000002 9999.990000000002 400.0100000000001
vertex 7107.750000000002 10077.990000000002 400.0100000000001
vertex 7099.950000000002 9999.990000000002 400.0100000000001
endloop
endfacet
facet normal 0 0 1
outer loop
vertex 7499.960000000002 9999.990000000002 400.0100000000001
vertex 7099.950000000002 9999.990000000002 400.0100000000001
vertex 7107.750000000002 9921.990000000002 400.0100000000001
endloop
endfacet
facet normal 0 0 1
outer loop
vertex 7499.960000000002 9999.990000000002 400.0100000000001
vertex 7107.750000000002 9921.990000000002 400.0100000000001
vertex 7130.500000000002 9846.980000000003 400.0100000000001
endloop
endfacet
facet normal 0 0 1
outer loop
vertex 7499.960000000002 9999.990000000002 400.0100000000001
vertex 7130.500000000002 9846.980000000003 400.0100000000001
vertex 7167.420000000002 9777.820000000002 400.0100000000001
endloop
endfacet
facet normal 0 0 1
outer loop
vertex 7499.960000000002 9999.990000000002 400.0100000000001
vertex 7167.420000000002 9777.820000000002 400.0100000000001
vertex 7217.210000000002 9717.110000000002 400.0100000000001
endloop
endfacet
facet normal 0 0 1
outer loop
vertex 7499.960000000002 9999.990000000002 400.0100000000001
vertex 7217.210000000002 9717.110000000002 400.0100000000001
vertex 7277.790000000002 9667.450000000003 400.0100000000001
endloop
endfacet
facet normal 0 0 1
outer loop
vertex 7499.960000000002 9999.990000000002 400.0100000000001
vertex 7277.790000000002 9667.450000000003 400.0100000000001
vertex 7346.950000000002 9630.400000000003 400.0100000000001
endloop
endfacet
facet normal 0 0 1
outer loop
vertex 7499.960000000002 9999.990000000002 400.0100000000001
vertex 7346.950000000002 9630.400000000003 400.0100000000001
vertex 7421.960000000002 9607.650000000003 400.0100000000001
endloop
endfacet
facet normal 0 0 1
outer loop
vertex 7499.960000000002 9999.990000000002 400.0100000000001
vertex 7421.960000000002 9607.650000000003 400.0100000000001
vertex 7499.960000000002 9599.980000000003 400.0100000000001
endloop
endfacet
facet normal 0 0 1
outer loop
vertex 7499.960000000002 9999.990000000002 400.0100000000001
vertex 7499.960000000002 9599.980000000003 400.0100000000001
vertex 7578.090000000002 9607.650000000003 400.0100000000001
endloop
endfacet
facet normal 0 0 1
outer loop
vertex 7499.960000000002 9999.990000000002 400.0100000000001
vertex 7578.090000000002 9607.650000000003 400.0100000000001
vertex 7653.100000000002 9630.400000000003 400.0100000000001
endloop
endfacet
facet normal 0 0 0.9999999999999999
outer loop
vertex 7499.960000000002 9999.990000000002 400.0100000000001
vertex 7653.100000000002 9630.400000000003 400.0100000000001
vertex 7722.260000000002 9667.450000000003 400.0100000000001
endloop
endfacet
facet normal 0 0 1
outer loop
vertex 7499.960000000002 9999.990000000002 400.0100000000001
vertex 7722.260000000002 9667.450000000003 400.0100000000001
vertex 7782.840000000002 9717.110000000002 400.0100000000001
endloop
endfacet
facet normal 0 0 0.9999999999999999
outer loop
vertex 7499.960000000002 9999.990000000002 400.0100000000001
vertex 7782.840000000002 9717.110000000002 400.0100000000001
vertex 7832.630000000002 9777.820000000002 400.0100000000001
endloop
endfacet
facet normal 0 0 1
outer loop
vertex 7499.960000000002 9999.990000000002 400.0100000000001
vertex 7832.630000000002 9777.820000000002 400.0100000000001
vertex 7869.550000000002 9846.980000000003 400.0100000000001
endloop
endfacet
facet normal 0 0 1
outer loop
vertex 7499.960000000002 9999.990000000002 400.0100000000001
vertex 7869.550000000002 9846.980000000003 400.0100000000001
vertex 7892.300000000002 9921.990000000002 400.0100000000001
endloop
endfacet
facet normal 0 0 1
outer loop
vertex 7499.960000000002 9999.990000000002 400.0100000000001
vertex 7892.300000000002 9921.990000000002 400.0100000000001
vertex 7899.970000000002 9999.990000000002 400.0100000000001
endloop
endfacet
facet normal 0 0 1
outer loop
vertex 7499.960000000002 9999.990000000002 400.0100000000001
vertex 7899.970000000002 9999.990000000002 400.0100000000001
vertex 7892.300000000002 10077.990000000002 400.0100000000001
endloop
endfacet
facet normal 0 0 1
outer loop
vertex 7499.960000000002 9999.990000000002 400.0100000000001
vertex 7892.300000000002 10077.990000000002 400.0100000000001
vertex 7869.550000000002 10153.130000000003 400.0100000000001
endloop
endfacet
facet normal 0 0 1
outer loop
vertex 7499.960000000002 9999.990000000002 400.0100000000001
vertex 7869.550000000002 10153.130000000003 400.0100000000001
vertex 7832.630000000002 10222.290000000003 400.0100000000001
endloop
endfacet
facet normal 0 0 1
outer loop
vertex 7499.960000000002 9999.990000000002 400.0100000000001
vertex 7832.630000000002 10222.290000000003 400.0100000000001
vertex 7782.840000000002 10282.870000000003 400.0100000000001
endloop
endfacet
facet normal 0 0 0.9999999999999999
outer loop
vertex 7499.960000000002 9999.990000000002 400.0100000000001
vertex 7782.840000000002 10282.870000000003 400.0100000000001
vertex 7722.260000000002 10332.530000000002 400.0100000000001
endloop
endfacet
facet normal 0 0 1
outer loop
vertex 7499.960000000002 9999.990000000002 400.0100000000001
vertex 7722.260000000002 10332.530000000002 400.0100000000001
vertex 7653.100000000002 10369.580000000002 400.0100000000001
endloop
endfacet
facet normal 0 0 1
outer loop
vertex 7499.960000000002 9999.990000000002 400.0100000000001
vertex 7653.100000000002 10369.580000000002 400.0100000000001
vertex 7578.090000000002 10392.330000000002 400.0100000000001
endloop
endfacet
facet normal 0 0 1
outer loop
vertex 7499.960000000002 9999.990000000002 400.0100000000001
vertex 7578.090000000002 10392.330000000002 400.0100000000001
vertex 7499.960000000002 10400.000000000002 400.0100000000001
endloop
endfacet
facet normal 0 0 1
outer loop
vertex 7499.960000000002 9999.990000000002 400.0100000000001
vertex 7499.960000000002 10400.000000000002 400.0100000000001
vertex 7421.960000000002 10392.330000000002 400.0100000000001
endloop
endfacet
facet normal 0 0 1
outer loop
vertex 1499.9400000000003 10999.950000000003 400.0100000000001
vertex 1499.9400000000003 9000.030000000002 400.0100000000001
vertex 3499.9900000000007 9500.010000000002 400.0100000000001
endloop
endfacet
facet normal 0 0 1
outer loop
vertex 1499.9400000000003 10999.950000000003 400.0100000000001
vertex 3499.9900000000007 9500.010000000002 400.0100000000001
vertex 2500.0300000000007 12500.020000000002 400.0100000000001
endloop
endfacet
facet normal 0 0 1
outer loop
vertex 4799.990000000002 9999.990000000002 400.0100000000001
vertex 4799.990000000002 6999.980000000001 400.0100000000001
vertex 5200.000000000001 6999.980000000001 400.0100000000001
endloop
endfacet
facet normal 0 0 1
outer loop
vertex 4799.990000000002 9999.990000000002 400.0100000000001
vertex 5200.000000000001 6999.980000000001 400.0100000000001
vertex 5200.000000000001 9999.990000000002 400.0100000000001
endloop
endfacet
facet normal 0 0 1
outer loop
vertex 2000.0500000000004 6999.980000000001 400.0100000000001
vertex 1804.9200000000005 7980.830000000002 400.0100000000001
vertex 1617.3300000000004 7923.890000000002 400.0100000000001
endloop
endfacet
facet normal 0 0 1
outer loop
vertex 2000.0500000000004 6999.980000000001 400.0100000000001
vertex 1617.3300000000004 7923.890000000002 400.0100000000001
vertex 1444.4300000000003 7831.460000000002 400.0100000000001
endloop
endfacet
facet normal 0 0 1
outer loop
vertex 2000.0500000000004 6999.980000000001 400.0100000000001
vertex 1444.4300000000003 7831.460000000002 400.0100000000001
vertex 1292.8500000000004 7707.050000000002 400.0100000000001
endloop
endfacet
facet normal 0 0 1
outer loop
vertex 2000.0500000000004 6999.980000000001 400.0100000000001
vertex 1292.8500000000004 7707.050000000002 400.0100000000001
vertex 1168.5700000000004 7555.600000000002 400.0100000000001
endloop
endfacet
facet normal 0 0 1
outer loop
vertex 2000.0500000000004 6999.980000000001 400.0100000000001
vertex 1168.5700000000004 7555.600000000002 400.0100000000001
vertex 1076.1400000000003 7382.700000000002 400.0100000000001
endloop
endfacet
facet normal 0 0 1
outer loop
vertex 2000.0500000000004 6999.980000000001 400.0100000000001
vertex 1076.1400000000003 7382.700000000002 400.0100000000001
vertex 1019.2000000000003 7195.1100000000015 400.0100000000001
endloop
endfacet
facet normal 0 0 1
outer loop
vertex 2000.0500000000004 6999.980000000001 400.0100000000001
vertex 1019.2000000000003 7195.1100000000015 400.0100000000001
vertex 999.9600000000003 6999.980000000001 400.0100000000001
endloop
endfacet
facet normal 0 0 1
outer loop
vertex 2000.0500000000004 6999.980000000001 400.0100000000001
vertex 999.9600000000003 6999.980000000001 400.0100000000001
vertex 1019.2000000000003 6804.850000000001 400.0100000000001
endloop
endfacet
facet normal 0 0 1
outer loop
vertex 2000.0500000000004 6999.980000000001 400.0100000000001
vertex 1019.2000000000003 6804.850000000001 400.0100000000001
vertex 1076.1400000000003 6617.260000000002 400.0100000000001
endloop
endfacet
facet normal 0 0 1
outer loop
vertex 2000.0500000000004 6999.980000000001 400.0100000000001
vertex 1076.1400000000003 6617.260000000002 400.0100000000001
vertex 1168.5700000000004 6444.490000000002 400.0100000000001
endloop
endfacet
facet normal 0 0 1
outer loop
vertex 2000.0500000000004 6999.980000000001 400.0100000000001
vertex 1168.5700000000004 6444.490000000002 400.0100000000001
vertex 1292.8500000000004 6292.910000000002 400.0100000000001
endloop
endfacet
facet normal 0 0 1
outer loop
vertex 2000.0500000000004 6999.980000000001 400.0100000000001
vertex 1292.8500000000004 6292.910000000002 400.0100000000001
vertex 1444.4300000000003 6168.500000000002 400.0100000000001
endloop
endfacet
facet normal 0 0 1
outer loop
vertex 2000.0500000000004 6999.980000000001 400.0100000000001
vertex 1444.4300000000003 6168.500000000002 400.0100000000001
vertex 1617.3300000000004 6076.0700000000015 400.0100000000001
endloop
endfacet
facet normal 0 0 1
outer loop
vertex 2000.0500000000004 6999.980000000001 400.0100000000001
vertex 1617.3300000000004 6076.0700000000015 400.0100000000001
vertex 1804.9200000000005 6019.260000000001 400.0100000000001
endloop
endfacet
facet normal 0 0 1
outer loop
vertex 2000.0500000000004 6999.980000000001 400.0100000000001
vertex 1804.9200000000005 6019.260000000001 400.0100000000001
vertex 2000.0500000000004 6000.020000000001 400.0100000000001
endloop
endfacet
facet normal 0 0 1
outer loop
vertex 2000.0500000000004 6999.980000000001 400.0100000000001
vertex 2000.0500000000004 6000.020000000001 400.0100000000001
vertex 2195.0500000000006 6019.260000000001 400.0100000000001
endloop
endfacet
facet normal 0 0 1
outer loop
vertex 2000.0500000000004 6999.980000000001 400.0100000000001
vertex 2195.0500000000006 6019.260000000001 400.0100000000001
vertex 2382.640000000001 6076.0700000000015 400.0100000000001
endloop
endfacet
facet normal 0 0 1
outer loop
vertex 2000.0500000000004 6999.980000000001 400.0100000000001
vertex 2382.640000000001 6076.0700000000015 400.0100000000001
vertex 2555.5400000000004 6168.500000000002 400.0100000000001
endloop
endfacet
facet normal 0 0 1
outer loop
vertex 2000.0500000000004 6999.980000000001 400.0100000000001
vertex 2555.5400000000004 6168.500000000002 400.0100000000001
vertex 2707.120000000001 6292.910000000002 400.0100000000001
endloop
endfacet
facet normal 0 0 1
outer loop
vertex 2000.0500000000004 6999.980000000001 400.0100000000001
vertex 2707.120000000001 6292.910000000002 400.0100000000001
vertex 2831.5300000000007 6444.490000000002 400.0100000000001
endloop
endfacet
facet normal 0 0 1
outer loop
vertex 2000.0500000000004 6999.980000000001 400.0100000000001
vertex 2831.5300000000007 6444.490000000002 400.0100000000001
vertex 2923.830000000001 6617.260000000002 400.0100000000001
endloop
endfacet
facet normal 0 0 1
outer loop
vertex 2000.0500000000004 6999.980000000001 400.0100000000001
vertex 2923.830000000001 6617.260000000002 400.0100000000001
vertex 2980.770000000001 6804.850000000001 400.0100000000001
endloop
endfacet
facet normal 0 0 1
outer loop
vertex 2000.0500000000004 6999.980000000001 400.0100000000001
vertex 2980.770000000001 6804.850000000001 400.0100000000001
vertex 3000.0100000000007 6999.980000000001 400.0100000000001
endloop
endfacet
facet normal 0 0 1
outer loop
vertex 2000.0500000000004 6999.980000000001 400.0100000000001
vertex 3000.0100000000007 6999.980000000001 400.0100000000001
vertex 2980.770000000001 7195.1100000000015 400.0100000000001
endloop
endfacet
facet normal 0 0 1
outer loop
vertex 2000.0500000000004 6999.980000000001 400.0100000000001
vertex 2980.770000000001 7195.1100000000015 400.0100000000001
vertex 2923.830000000001 7382.700000000002 400.0100000000001
endloop
endfacet
facet normal 0 0 1
outer loop
vertex 2000.0500000000004 6999.980000000001 400.0100000000001
vertex 2923.830000000001 7382.700000000002 400.0100000000001
vertex 2831.5300000000007 7555.600000000002 400.0100000000001
endloop
endfacet
facet normal 0 0 1
outer loop
vertex 2000.0500000000004 6999.980000000001 400.0100000000001
vertex 2831.5300000000007 7555.600000000002 400.0100000000001
vertex 2707.120000000001 7707.050000000002 400.0100000000001
endloop
endfacet
facet normal 0 0 1
outer loop
vertex 2000.0500000000004 6999.980000000001 400.0100000000001
vertex 2707.120000000001 7707.050000000002 400.0100000000001
vertex 2555.5400000000004 7831.460000000002 400.0100000000001
endloop
endfacet
facet normal 0 0 0.9999999999999999
outer loop
vertex 2000.0500000000004 6999.980000000001 400.0100000000001
vertex 2555.5400000000004 7831.460000000002 400.0100000000001
vertex 2382.640000000001 7923.890000000002 400.0100000000001
endloop
endfacet
facet normal 0 0 1
outer loop
vertex 2000.0500000000004 6999.980000000001 400.0100000000001
vertex 2382.640000000001 7923.890000000002 400.0100000000001
vertex 2195.0500000000006 7980.830000000002 400.0100000000001
endloop
endfacet
facet normal 0 0 1
outer loop
vertex 2000.0500000000004 6999.980000000001 400.0100000000001
vertex 2195.0500000000006 7980.830000000002 400.0100000000001
vertex 2000.0500000000004 7999.940000000002 400.0100000000001
endloop
endfacet
facet normal 0 0 1
outer loop
vertex 2000.0500000000004 6999.980000000001 400.0100000000001
vertex 2000.0500000000004 7999.940000000002 400.0100000000001
vertex 1804.9200000000005 7980.830000000002 400.0100000000001
endloop
endfacet
facet normal -0.9951740883188329 -0.09812509331857795 0
outer loop
vertex 3000.0100000000007 6999.980000000001 400.0100000000001
vertex 3000.0100000000007 6999.980000000001 800.0200000000002
vertex 2980.770000000001 7195.1100000000015 800.0200000000002
endloop
endfacet
facet normal -0.9951740883188329 -0.09812509331857795 0
outer loop
vertex 3000.0100000000007 6999.980000000001 400.0100000000001
vertex 2980.770000000001 7195.1100000000015 800.0200000000002
vertex 2980.770000000001 7195.1100000000015 400.0100000000001
endloop
endfacet
facet normal -0.9568904503710995 -0.29044907641201784 0
outer loop
vertex 2980.770000000001 7195.1100000000015 400.0100000000001
vertex 2980.770000000001 7195.1100000000015 800.0200000000002
vertex 2923.830000000001 7382.700000000002 800.0200000000002
endloop
endfacet
facet normal -0.9568904503710995 -0.29044907641201784 0
outer loop
vertex 2980.770000000001 7195.1100000000015 400.0100000000001
vertex 2923.830000000001 7382.700000000002 800.0200000000002
vertex 2923.830000000001 7382.700000000002 400.0100000000001
endloop
endfacet
facet normal -0.8821692656664061 -0.4709324651301861 0
outer loop
vertex 2923.830000000001 7382.700000000002 400.0100000000001
vertex 2923.830000000001 7382.700000000002 800.0200000000002
vertex 2831.5300000000007 7555.600000000002 800.0200000000002
endloop
endfacet
facet normal -0.8821692656664061 -0.4709324651301861 0
outer loop
vertex 2923.830000000001 7382.700000000002 400.0100000000001
vertex 2831.5300000000007 7555.600000000002 800.0200000000002
vertex 2831.5300000000007 7555.600000000002 400.0100000000001
endloop
endfacet
facet normal -0.7727146357282969 -0.6347535677184378 0
outer loop
vertex 2831.5300000000007 7555.600000000002 400.0100000000001
vertex 2831.5300000000007 7555.600000000002 800.0200000000002
vertex 2707.120000000001 7707.050000000002 800.0200000000002
endloop
endfacet
facet normal -0.7727146357282969 -0.6347535677184378 0
outer loop
vertex 2831.5300000000007 7555.600000000002 400.0100000000001
vertex 2707.120000000001 7707.050000000002 800.0200000000002
vertex 2707.120000000001 7707.050000000002 400.0100000000001
endloop
endfacet
facet normal -0.6344283531520069 -0.772981671656471 0
outer loop
vertex 2707.120000000001 7707.050000000002 400.0100000000001
vertex 2707.120000000001 7707.050000000002 800.0200000000002
vertex 2555.5400000000004 7831.460000000002 800.0200000000002
endloop
endfacet
facet normal -0.6344283531520069 -0.772981671656471 0
outer loop
vertex 2707.120000000001 7707.050000000002 400.0100000000001
vertex 2555.5400000000004 7831.460000000002 800.0200000000002
vertex 2555.5400000000004 7831.460000000002 400.0100000000001
endloop
endfacet
facet normal -0.47144840680029154 -0.881893644225576 0
outer loop
vertex 2555.5400000000004 7831.460000000002 400.0100000000001
vertex 2555.5400000000004 7831.460000000002 800.0200000000002
vertex 2382.640000000001 7923.890000000002 800.0200000000002
endloop
endfacet
facet normal -0.47144840680029154 -0.881893644225576 0
outer loop
vertex 2555.5400000000004 7831.460000000002 400.0100000000001
vertex 2382.640000000001 7923.890000000002 800.0200000000002
vertex 2382.640000000001 7923.890000000002 400.0100000000001
endloop
endfacet
facet normal -0.29044907641201567 -0.9568904503711001 0
outer loop
vertex 2382.640000000001 7923.890000000002 400.0100000000001
vertex 2382.640000000001 7923.890000000002 800.0200000000002
vertex 2195.0500000000006 7980.830000000002 800.0200000000002
endloop
endfacet
facet normal -0.29044907641201567 -0.9568904503711001 0
outer loop
vertex 2382.640000000001 7923.890000000002 400.0100000000001
vertex 2195.0500000000006 7980.830000000002 800.0200000000002
vertex 2195.0500000000006 7980.830000000002 400.0100000000001
endloop
endfacet
facet normal -0.09753276680009247 -0.9952323142866287 0
outer loop
vertex 2195.0500000000006 7980.830000000002 400.0100000000001
vertex 2195.0500000000006 7980.830000000002 800.0200000000002
vertex 2000.0500000000004 7999.940000000002 800.0200000000002
endloop
endfacet
facet normal -0.09753276680009247 -0.9952323142866287 0
outer loop
vertex 2195.0500000000006 7980.830000000002 400.0100000000001
vertex 2000.0500000000004 7999.940000000002 800.0200000000002
vertex 2000.0500000000004 7999.940000000002 400.0100000000001
endloop
endfacet
facet normal 0.09746840578023604 -0.9952386195655085 0
outer loop
vertex 2000.0500000000004 7999.940000000002 400.0100000000001
vertex 2000.0500000000004 7999.940000000002 800.0200000000002
vertex 1804.9200000000005 7980.830000000002 800.0200000000002
endloop
endfacet
facet normal 0.09746840578023604 -0.9952386195655085 0
outer loop
vertex 2000.0500000000004 7999.940000000002 400.0100000000001
vertex 1804.9200000000005 7980.830000000002 800.0200000000002
vertex 1804.9200000000005 7980.830000000002 400.0100000000001
endloop
endfacet
facet normal 0.29044907641201567 -0.9568904503711001 0
outer loop
vertex 1804.9200000000005 7980.830000000002 400.0100000000001
vertex 1804.9200000000005 7980.830000000002 800.0200000000002
vertex 1617.3300000000004 7923.890000000002 800.0200000000002
endloop
endfacet
facet normal 0.29044907641201567 -0.9568904503711001 0
outer loop
vertex 1804.9200000000005 7980.830000000002 400.0100000000001
vertex 1617.3300000000004 7923.890000000002 800.0200000000002
vertex 1617.3300000000004 7923.890000000002 400.0100000000001
endloop
endfacet
facet normal 0.4714484068002906 -0.8818936442255765 0
outer loop
vertex 1617.3300000000004 7923.890000000002 400.0100000000001
vertex 1617.3300000000004 7923.890000000002 800.0200000000002
vertex 1444.4300000000003 7831.460000000002 800.0200000000002
endloop
endfacet
facet normal 0.4714484068002906 -0.8818936442255765 0
outer loop
vertex 1617.3300000000004 7923.890000000002 400.0100000000001
vertex 1444.4300000000003 7831.460000000002 800.0200000000002
vertex 1444.4300000000003 7831.460000000002 400.0100000000001
endloop
endfacet
facet normal 0.6344283531520081 -0.7729816716564701 0
outer loop
vertex 1444.4300000000003 7831.460000000002 400.0100000000001
vertex 1444.4300000000003 7831.460000000002 800.0200000000002
vertex 1292.8500000000004 7707.050000000002 800.0200000000002
endloop
endfacet
facet normal 0.6344283531520081 -0.7729816716564701 0
outer loop
vertex 1444.4300000000003 7831.460000000002 400.0100000000001
vertex 1292.8500000000004 7707.050000000002 800.0200000000002
vertex 1292.8500000000004 7707.050000000002 400.0100000000001
endloop
endfacet
facet normal 0.7730399961841113 -0.6343572844223271 0
outer loop
vertex 1292.8500000000004 7707.050000000002 400.0100000000001
vertex 1292.8500000000004 7707.050000000002 800.0200000000002
vertex 1168.5700000000004 7555.600000000002 800.0200000000002
endloop
endfacet
facet normal 0.7730399961841113 -0.6343572844223271 0
outer loop
vertex 1292.8500000000004 7707.050000000002 400.0100000000001
vertex 1168.5700000000004 7555.600000000002 800.0200000000002
vertex 1168.5700000000004 7555.600000000002 400.0100000000001
endloop
endfacet
facet normal 0.8818936442255774 -0.47144840680028866 0
outer loop
vertex 1168.5700000000004 7555.600000000002 400.0100000000001
vertex 1168.5700000000004 7555.600000000002 800.0200000000002
vertex 1076.1400000000003 7382.700000000002 800.0200000000002
endloop
endfacet
facet normal 0.8818936442255774 -0.47144840680028866 0
outer loop
vertex 1168.5700000000004 7555.600000000002 400.0100000000001
vertex 1076.1400000000003 7382.700000000002 800.0200000000002
vertex 1076.1400000000003 7382.700000000002 400.0100000000001
endloop
endfacet
facet normal 0.9568904503710995 -0.29044907641201784 0
outer loop
vertex 1076.1400000000003 7382.700000000002 400.0100000000001
vertex 1076.1400000000003 7382.700000000002 800.0200000000002
vertex 1019.2000000000003 7195.1100000000015 800.0200000000002
endloop
endfacet
facet normal 0.9568904503710995 -0.29044907641201784 0
outer loop
vertex 1076.1400000000003 7382.700000000002 400.0100000000001
vertex 1019.2000000000003 7195.1100000000015 800.0200000000002
vertex 1019.2000000000003 7195.1100000000015 400.0100000000001
endloop
endfacet
facet normal 0.9951740883188329 -0.09812509331857912 0
outer loop
vertex 1019.2000000000003 7195.1100000000015 400.0100000000001
vertex 1019.2000000000003 7195.1100000000015 800.0200000000002
vertex 999.9600000000003 6999.980000000001 800.0200000000002
endloop
endfacet
facet normal 0.9951740883188329 -0.09812509331857912 0
outer loop
vertex 1019.2000000000003 7195.1100000000015 400.0100000000001
vertex 999.9600000000003 6999.980000000001 800.0200000000002
vertex 999.9600000000003 6999.980000000001 400.0100000000001
endloop
endfacet
facet normal 0.9951740883188329 0.09812509331857912 0
outer loop
vertex 999.9600000000003 6999.980000000001 400.0100000000001
vertex 999.9600000000003 6999.980000000001 800.0200000000002
vertex 1019.2000000000003 6804.850000000001 800.0200000000002
endloop
endfacet
facet normal 0.9951740883188329 0.09812509331857912 0
outer loop
vertex 999.9600000000003 6999.980000000001 400.0100000000001
vertex 1019.2000000000003 6804.850000000001 800.0200000000002
vertex 1019.2000000000003 6804.850000000001 400.0100000000001
endloop
endfacet
facet normal 0.9568904503710991 0.2904490764120191 0
outer loop
vertex 1019.2000000000003 6804.850000000001 400.0100000000001
vertex 1019.2000000000003 6804.850000000001 800.0200000000002
vertex 1076.1400000000003 6617.260000000002 800.0200000000002
endloop
endfacet
facet normal 0.9568904503710991 0.2904490764120191 0
outer loop
vertex 1019.2000000000003 6804.850000000001 400.0100000000001
vertex 1076.1400000000003 6617.260000000002 800.0200000000002
vertex 1076.1400000000003 6617.260000000002 400.0100000000001
endloop
endfacet
facet normal 0.881746136772245 0.4717242311851505 0
outer loop
vertex 1076.1400000000003 6617.260000000002 400.0100000000001
vertex 1076.1400000000003 6617.260000000002 800.0200000000002
vertex 1168.5700000000004 6444.490000000002 800.0200000000002
endloop
endfacet
facet normal 0.881746136772245 0.4717242311851505 0
outer loop
vertex 1076.1400000000003 6617.260000000002 400.0100000000001
vertex 1168.5700000000004 6444.490000000002 800.0200000000002
vertex 1168.5700000000004 6444.490000000002 400.0100000000001
endloop
endfacet
facet normal 0.7733068109152778 0.6340319993439156 0
outer loop
vertex 1168.5700000000004 6444.490000000002 400.0100000000001
vertex 1168.5700000000004 6444.490000000002 800.0200000000002
vertex 1292.8500000000004 6292.910000000002 800.0200000000002
endloop
endfacet
facet normal 0.7733068109152778 0.6340319993439156 0
outer loop
vertex 1168.5700000000004 6444.490000000002 400.0100000000001
vertex 1292.8500000000004 6292.910000000002 800.0200000000002
vertex 1292.8500000000004 6292.910000000002 400.0100000000001
endloop
endfacet
facet normal 0.6344283531520081 0.7729816716564701 0
outer loop
vertex 1292.8500000000004 6292.910000000002 400.0100000000001
vertex 1292.8500000000004 6292.910000000002 800.0200000000002
vertex 1444.4300000000003 6168.500000000002 800.0200000000002
endloop
endfacet
facet normal 0.6344283531520081 0.7729816716564701 0
outer loop
vertex 1292.8500000000004 6292.910000000002 400.0100000000001
vertex 1444.4300000000003 6168.500000000002 800.0200000000002
vertex 1444.4300000000003 6168.500000000002 400.0100000000001
endloop
endfacet
facet normal 0.4714484068002906 0.8818936442255765 0
outer loop
vertex 1444.4300000000003 6168.500000000002 400.0100000000001
vertex 1444.4300000000003 6168.500000000002 800.0200000000002
vertex 1617.3300000000004 6076.0700000000015 800.0200000000002
endloop
endfacet
facet normal 0.4714484068002906 0.8818936442255765 0
outer loop
vertex 1444.4300000000003 6168.500000000002 400.0100000000001
vertex 1617.3300000000004 6076.0700000000015 800.0200000000002
vertex 1617.3300000000004 6076.0700000000015 400.0100000000001
endloop
endfacet
facet normal 0.2898417170542132 0.9570745943002905 0
outer loop
vertex 1617.3300000000004 6076.0700000000015 400.0100000000001
vertex 1617.3300000000004 6076.0700000000015 800.0200000000002
vertex 1804.9200000000005 6019.260000000001 800.0200000000002
endloop
endfacet
facet normal 0.2898417170542132 0.9570745943002905 0
outer loop
vertex 1617.3300000000004 6076.0700000000015 400.0100000000001
vertex 1804.9200000000005 6019.260000000001 800.0200000000002
vertex 1804.9200000000005 6019.260000000001 400.0100000000001
endloop
endfacet
facet normal 0.09812509331857808 0.9951740883188329 0
outer loop
vertex 1804.9200000000005 6019.260000000001 400.0100000000001
vertex 1804.9200000000005 6019.260000000001 800.0200000000002
vertex 2000.0500000000004 6000.020000000001 800.0200000000002
endloop
endfacet
facet normal 0.09812509331857808 0.9951740883188329 0
outer loop
vertex 1804.9200000000005 6019.260000000001 400.0100000000001
vertex 2000.0500000000004 6000.020000000001 800.0200000000002
vertex 2000.0500000000004 6000.020000000001 400.0100000000001
endloop
endfacet
facet normal -0.09818987955632834 0.995167698206043 0
outer loop
vertex 2000.0500000000004 6000.020000000001 400.0100000000001
vertex 2000.0500000000004 6000.020000000001 800.0200000000002
vertex 2195.0500000000006 6019.260000000001 800.0200000000002
endloop
endfacet
facet normal -0.09818987955632834 0.995167698206043 0
outer loop
vertex 2000.0500000000004 6000.020000000001 400.0100000000001
vertex 2195.0500000000006 6019.260000000001 800.0200000000002
vertex 2195.0500000000006 6019.260000000001 400.0100000000001
endloop
endfacet
facet normal -0.2898417170542132 0.9570745943002905 0
outer loop
vertex 2195.0500000000006 6019.260000000001 400.0100000000001
vertex 2195.0500000000006 6019.260000000001 800.0200000000002
vertex 2382.640000000001 6076.0700000000015 800.0200000000002
endloop
endfacet
facet normal -0.2898417170542132 0.9570745943002905 0
outer loop
vertex 2195.0500000000006 6019.260000000001 400.0100000000001
vertex 2382.640000000001 6076.0700000000015 800.0200000000002
vertex 2382.640000000001 6076.0700000000015 400.0100000000001
endloop
endfacet
facet normal -0.47144840680029154 0.881893644225576 0
outer loop
vertex 2382.640000000001 6076.0700000000015 400.0100000000001
vertex 2382.640000000001 6076.0700000000015 800.0200000000002
vertex 2555.5400000000004 6168.500000000002 800.0200000000002
endloop
endfacet
facet normal -0.47144840680029154 0.881893644225576 0
outer loop
vertex 2382.640000000001 6076.0700000000015 400.0100000000001
vertex 2555.5400000000004 6168.500000000002 800.0200000000002
vertex 2555.5400000000004 6168.500000000002 400.0100000000001
endloop
endfacet
facet normal -0.6344283531520069 0.772981671656471 0
outer loop
vertex 2555.5400000000004 6168.500000000002 400.0100000000001
vertex 2555.5400000000004 6168.500000000002 800.0200000000002
vertex 2707.120000000001 6292.910000000002 800.0200000000002
endloop
endfacet
facet normal -0.6344283531520069 0.772981671656471 0
outer loop
vertex 2555.5400000000004 6168.500000000002 400.0100000000001
vertex 2707.120000000001 6292.910000000002 800.0200000000002
vertex 2707.120000000001 6292.910000000002 400.0100000000001
endloop
endfacet
facet normal -0.7729816716564701 0.6344283531520081 0
outer loop
vertex 2707.120000000001 6292.910000000002 400.0100000000001
vertex 2707.120000000001 6292.910000000002 800.0200000000002
vertex 2831.5300000000007 6444.490000000002 800.0200000000002
endloop
endfacet
facet normal -0.7729816716564701 0.6344283531520081 0
outer loop
vertex 2707.120000000001 6292.910000000002 400.0100000000001
vertex 2831.5300000000007 6444.490000000002 800.0200000000002
vertex 2831.5300000000007 6444.490000000002 400.0100000000001
endloop
endfacet
facet normal -0.8820220348125521 0.4712081600578718 0
outer loop
vertex 2831.5300000000007 6444.490000000002 400.0100000000001
vertex 2831.5300000000007 6444.490000000002 800.0200000000002
vertex 2923.830000000001 6617.260000000002 800.0200000000002
endloop
endfacet
facet normal -0.8820220348125521 0.4712081600578718 0
outer loop
vertex 2831.5300000000007 6444.490000000002 400.0100000000001
vertex 2923.830000000001 6617.260000000002 800.0200000000002
vertex 2923.830000000001 6617.260000000002 400.0100000000001
endloop
endfacet
facet normal -0.9568904503710991 0.2904490764120191 0
outer loop
vertex 2923.830000000001 6617.260000000002 400.0100000000001
vertex 2923.830000000001 6617.260000000002 800.0200000000002
vertex 2980.770000000001 6804.850000000001 800.0200000000002
endloop
endfacet
facet normal -0.9568904503710991 0.2904490764120191 0
outer loop
vertex 2923.830000000001 6617.260000000002 400.0100000000001
vertex 2980.770000000001 6804.850000000001 800.0200000000002
vertex 2980.770000000001 6804.850000000001 400.0100000000001
endloop
endfacet
facet normal -0.9951740883188329 0.09812509331857795 0
outer loop
vertex 2980.770000000001 6804.850000000001 400.0100000000001
vertex 2980.770000000001 6804.850000000001 800.0200000000002
vertex 3000.0100000000007 6999.980000000001 800.0200000000002
endloop
endfacet
facet normal -0.9951740883188329 0.09812509331857795 0
outer loop
vertex 2980.770000000001 6804.850000000001 400.0100000000001
vertex 3000.0100000000007 6999.980000000001 800.0200000000002
vertex 3000.0100000000007 6999.980000000001 400.0100000000001
endloop
endfacet
facet normal 0 -1 0
outer loop
vertex 5200.000000000001 9999.990000000002 400.0100000000001
vertex 5200.000000000001 9999.990000000002 800.0200000000002
vertex 4799.990000000002 9999.990000000002 800.0200000000002
endloop
endfacet
facet normal 0 -1 0
outer loop
vertex 5200.000000000001 9999.990000000002 400.0100000000001
vertex 4799.990000000002 9999.990000000002 800.0200000000002
vertex 4799.990000000002 9999.990000000002 400.0100000000001
endloop
endfacet
facet normal 0 1 0
outer loop
vertex 4799.990000000002 6999.980000000001 800.0200000000002
vertex 5200.000000000001 6999.980000000001 800.0200000000002
vertex 5200.000000000001 6999.980000000001 400.0100000000001
endloop
endfacet
facet normal 0 1 0
outer loop
vertex 4799.990000000002 6999.980000000001 800.0200000000002
vertex 5200.000000000001 6999.980000000001 400.0100000000001
vertex 4799.990000000002 6999.980000000001 400.0100000000001
endloop
endfacet
facet normal 1 0 0
outer loop
vertex 4799.990000000002 9999.990000000002 800.0200000000002
vertex 4799.990000000002 6999.980000000001 800.0200000000002
vertex 4799.990000000002 6999.980000000001 400.0100000000001
endloop
endfacet
facet normal 1 0 0
outer loop
vertex 4799.990000000002 9999.990000000002 800.0200000000002
vertex 4799.990000000002 6999.980000000001 400.0100000000001
vertex 4799.990000000002 9999.990000000002 400.0100000000001
endloop
endfacet
facet normal -1 0 0
outer loop
vertex 5200.000000000001 6999.980000000001 400.0100000000001
vertex 5200.000000000001 6999.980000000001 800.0200000000002
vertex 5200.000000000001 9999.990000000002 800.0200000000002
endloop
endfacet
facet normal -1 0 0
outer loop
vertex 5200.000000000001 6999.980000000001 400.0100000000001
vertex 5200.000000000001 9999.990000000002 800.0200000000002
vertex 5200.000000000001 9999.990000000002 400.0100000000001
endloop
endfacet
facet normal -0.9952000594324646 -0.09786133917752662 0
outer loop
vertex 7899.970000000002 9999.990000000002 400.0100000000001
vertex 7899.970000000002 9999.990000000002 3000.0100000000007
vertex 7892.300000000002 10077.990000000002 3000.0100000000007
endloop
endfacet
facet normal -0.9952000594324646 -0.09786133917752662 0
outer loop
vertex 7899.970000000002 9999.990000000002 400.0100000000001
vertex 7892.300000000002 10077.990000000002 3000.0100000000007
vertex 7892.300000000002 10077.990000000002 400.0100000000001
endloop
endfacet
facet normal -0.9570940098148921 -0.28977759812734144 0
outer loop
vertex 7892.300000000002 10077.990000000002 400.0100000000001
vertex 7892.300000000002 10077.990000000002 3000.0100000000007
vertex 7869.550000000002 10153.130000000003 3000.0100000000007
endloop
endfacet
facet normal -0.9570940098148921 -0.28977759812734144 0
outer loop
vertex 7892.300000000002 10077.990000000002 400.0100000000001
vertex 7869.550000000002 10153.130000000003 3000.0100000000007
vertex 7869.550000000002 10153.130000000003 400.0100000000001
endloop
endfacet
facet normal -0.882169265666405 -0.47093246513018805 0
outer loop
vertex 7869.550000000002 10153.130000000003 400.0100000000001
vertex 7869.550000000002 10153.130000000003 3000.0100000000007
vertex 7832.630000000002 10222.290000000003 3000.0100000000007
endloop
endfacet
facet normal -0.882169265666405 -0.47093246513018805 0
outer loop
vertex 7869.550000000002 10153.130000000003 400.0100000000001
vertex 7832.630000000002 10222.290000000003 3000.0100000000007
vertex 7832.630000000002 10222.290000000003 400.0100000000001
endloop
endfacet
facet normal -0.7725519820832893 -0.6349515217551502 0
outer loop
vertex 7832.630000000002 10222.290000000003 400.0100000000001
vertex 7832.630000000002 10222.290000000003 3000.0100000000007
vertex 7782.840000000002 10282.870000000003 3000.0100000000007
endloop
endfacet
facet normal -0.7725519820832893 -0.6349515217551502 0
outer loop
vertex 7832.630000000002 10222.290000000003 400.0100000000001
vertex 7782.840000000002 10282.870000000003 3000.0100000000007
vertex 7782.840000000002 10282.870000000003 400.0100000000001
endloop
endfacet
facet normal -0.6339605003874911 -0.7733654271742705 0
outer loop
vertex 7782.840000000002 10282.870000000003 400.0100000000001
vertex 7782.840000000002 10282.870000000003 3000.0100000000007
vertex 7722.260000000002 10332.530000000002 3000.0100000000007
endloop
endfacet
facet normal -0.6339605003874911 -0.7733654271742705 0
outer loop
vertex 7782.840000000002 10282.870000000003 400.0100000000001
vertex 7722.260000000002 10332.530000000002 3000.0100000000007
vertex 7722.260000000002 10332.530000000002 400.0100000000001
endloop
endfacet
facet normal -0.47222141251541255 -0.8814799700287855 0
outer loop
vertex 7722.260000000002 10332.530000000002 400.0100000000001
vertex 7722.260000000002 10332.530000000002 3000.0100000000007
vertex 7653.100000000002 10369.580000000002 3000.0100000000007
endloop
endfacet
facet normal -0.47222141251541255 -0.8814799700287855 0
outer loop
vertex 7722.260000000002 10332.530000000002 400.0100000000001
vertex 7653.100000000002 10369.580000000002 3000.0100000000007
vertex 7653.100000000002 10369.580000000002 400.0100000000001
endloop
endfacet
facet normal -0.2902375404189898 -0.9569546332671864 0
outer loop
vertex 7653.100000000002 10369.580000000002 400.0100000000001
vertex 7653.100000000002 10369.580000000002 3000.0100000000007
vertex 7578.090000000002 10392.330000000002 3000.0100000000007
endloop
endfacet
facet normal -0.2902375404189898 -0.9569546332671864 0
outer loop
vertex 7653.100000000002 10369.580000000002 400.0100000000001
vertex 7578.090000000002 10392.330000000002 3000.0100000000007
vertex 7578.090000000002 10392.330000000002 400.0100000000001
endloop
endfacet
facet normal -0.09770006388284051 -0.9952159049760453 0
outer loop
vertex 7578.090000000002 10392.330000000002 400.0100000000001
vertex 7578.090000000002 10392.330000000002 3000.0100000000007
vertex 7499.960000000002 10400.000000000002 3000.0100000000007
endloop
endfacet
facet normal -0.09770006388284051 -0.9952159049760453 0
outer loop
vertex 7578.090000000002 10392.330000000002 400.0100000000001
vertex 7499.960000000002 10400.000000000002 3000.0100000000007
vertex 7499.960000000002 10400.000000000002 400.0100000000001
endloop
endfacet
facet normal 0.09786133917752662 -0.9952000594324646 0
outer loop
vertex 7499.960000000002 10400.000000000002 400.0100000000001
vertex 7499.960000000002 10400.000000000002 3000.0100000000007
vertex 7421.960000000002 10392.330000000002 3000.0100000000007
endloop
endfacet
facet normal 0.09786133917752662 -0.9952000594324646 0
outer loop
vertex 7499.960000000002 10400.000000000002 400.0100000000001
vertex 7421.960000000002 10392.330000000002 3000.0100000000007
vertex 7421.960000000002 10392.330000000002 400.0100000000001
endloop
endfacet
facet normal 0.2902375404189898 -0.9569546332671864 0
outer loop
vertex 7421.960000000002 10392.330000000002 400.0100000000001
vertex 7421.960000000002 10392.330000000002 3000.0100000000007
vertex 7346.950000000002 10369.580000000002 3000.0100000000007
endloop
endfacet
facet normal 0.2902375404189898 -0.9569546332671864 0
outer loop
vertex 7421.960000000002 10392.330000000002 400.0100000000001
vertex 7346.950000000002 10369.580000000002 3000.0100000000007
vertex 7346.950000000002 10369.580000000002 400.0100000000001
endloop
endfacet
facet normal 0.47222141251541255 -0.8814799700287855 0
outer loop
vertex 7346.950000000002 10369.580000000002 400.0100000000001
vertex 7346.950000000002 10369.580000000002 3000.0100000000007
vertex 7277.790000000002 10332.530000000002 3000.0100000000007
endloop
endfacet
facet normal 0.47222141251541255 -0.8814799700287855 0
outer loop
vertex 7346.950000000002 10369.580000000002 400.0100000000001
vertex 7277.790000000002 10332.530000000002 3000.0100000000007
vertex 7277.790000000002 10332.530000000002 400.0100000000001
endloop
endfacet
facet normal 0.6339605003874911 -0.7733654271742705 0
outer loop
vertex 7277.790000000002 10332.530000000002 400.0100000000001
vertex 7277.790000000002 10332.530000000002 3000.0100000000007
vertex 7217.210000000002 10282.870000000003 3000.0100000000007
endloop
endfacet
facet normal 0.6339605003874911 -0.7733654271742705 0
outer loop
vertex 7277.790000000002 10332.530000000002 400.0100000000001
vertex 7217.210000000002 10282.870000000003 3000.0100000000007
vertex 7217.210000000002 10282.870000000003 400.0100000000001
endloop
endfacet
facet normal 0.7725519820832893 -0.6349515217551502 0
outer loop
vertex 7217.210000000002 10282.870000000003 400.0100000000001
vertex 7217.210000000002 10282.870000000003 3000.0100000000007
vertex 7167.420000000002 10222.290000000003 3000.0100000000007
endloop
endfacet
facet normal 0.7725519820832893 -0.6349515217551502 0
outer loop
vertex 7217.210000000002 10282.870000000003 400.0100000000001
vertex 7167.420000000002 10222.290000000003 3000.0100000000007
vertex 7167.420000000002 10222.290000000003 400.0100000000001
endloop
endfacet
facet normal 0.882169265666405 -0.47093246513018805 0
outer loop
vertex 7167.420000000002 10222.290000000003 400.0100000000001
vertex 7167.420000000002 10222.290000000003 3000.0100000000007
vertex 7130.500000000002 10153.130000000003 3000.0100000000007
endloop
endfacet
facet normal 0.882169265666405 -0.47093246513018805 0
outer loop
vertex 7167.420000000002 10222.290000000003 400.0100000000001
vertex 7130.500000000002 10153.130000000003 3000.0100000000007
vertex 7130.500000000002 10153.130000000003 400.0100000000001
endloop
endfacet
facet normal 0.9570940098148921 -0.28977759812734144 0
outer loop
vertex 7130.500000000002 10153.130000000003 400.0100000000001
vertex 7130.500000000002 10153.130000000003 3000.0100000000007
vertex 7107.750000000002 10077.990000000002 3000.0100000000007
endloop
endfacet
facet normal 0.9570940098148921 -0.28977759812734144 0
outer loop
vertex 7130.500000000002 10153.130000000003 400.0100000000001
vertex 7107.750000000002 10077.990000000002 3000.0100000000007
vertex 7107.750000000002 10077.990000000002 400.0100000000001
endloop
endfacet
facet normal 0.9950371902099888 -0.0995037190210012 0
outer loop
vertex 7107.750000000002 10077.990000000002 400.0100000000001
vertex 7107.750000000002 10077.990000000002 3000.0100000000007
vertex 7099.950000000002 9999.990000000002 3000.0100000000007
endloop
endfacet
facet normal 0.9950371902099888 -0.0995037190210012 0
outer loop
vertex 7107.750000000002 10077.990000000002 400.0100000000001
vertex 7099.950000000002 9999.990000000002 3000.0100000000007
vertex 7099.950000000002 9999.990000000002 400.0100000000001
endloop
endfacet
facet normal 0.9950371902099888 0.0995037190210012 0
outer loop
vertex 7099.950000000002 9999.990000000002 400.0100000000001
vertex 7099.950000000002 9999.990000000002 3000.0100000000007
vertex 7107.750000000002 9921.990000000002 3000.0100000000007
endloop
endfacet
facet normal 0.9950371902099888 0.0995037190210012 0
outer loop
vertex 7099.950000000002 9999.990000000002 400.0100000000001
vertex 7107.750000000002 9921.990000000002 3000.0100000000007
vertex 7107.750000000002 9921.990000000002 400.0100000000001
endloop
endfacet
facet normal 0.9569546332671846 0.2902375404189963 0
outer loop
vertex 7107.750000000002 9921.990000000002 400.0100000000001
vertex 7107.750000000002 9921.990000000002 3000.0100000000007
vertex 7130.500000000002 9846.980000000003 3000.0100000000007
endloop
endfacet
facet normal 0.9569546332671846 0.2902375404189963 0
outer loop
vertex 7107.750000000002 9921.990000000002 400.0100000000001
vertex 7130.500000000002 9846.980000000003 3000.0100000000007
vertex 7130.500000000002 9846.980000000003 400.0100000000001
endloop
endfacet
facet normal 0.8821692656664102 0.4709324651301784 0
outer loop
vertex 7130.500000000002 9846.980000000003 400.0100000000001
vertex 7130.500000000002 9846.980000000003 3000.0100000000007
vertex 7167.420000000002 9777.820000000002 3000.0100000000007
endloop
endfacet
facet normal 0.8821692656664102 0.4709324651301784 0
outer loop
vertex 7130.500000000002 9846.980000000003 400.0100000000001
vertex 7167.420000000002 9777.820000000002 3000.0100000000007
vertex 7167.420000000002 9777.820000000002 400.0100000000001
endloop
endfacet
facet normal 0.7732190790565271 0.6341389877487236 0
outer loop
vertex 7167.420000000002 9777.820000000002 400.0100000000001
vertex 7167.420000000002 9777.820000000002 3000.0100000000007
vertex 7217.210000000002 9717.110000000002 3000.0100000000007
endloop
endfacet
facet normal 0.7732190790565271 0.6341389877487236 0
outer loop
vertex 7167.420000000002 9777.820000000002 400.0100000000001
vertex 7217.210000000002 9717.110000000002 3000.0100000000007
vertex 7217.210000000002 9717.110000000002 400.0100000000001
endloop
endfacet
facet normal 0.6339605003874911 0.7733654271742705 0
outer loop
vertex 7217.210000000002 9717.110000000002 400.0100000000001
vertex 7217.210000000002 9717.110000000002 3000.0100000000007
vertex 7277.790000000002 9667.450000000003 3000.0100000000007
endloop
endfacet
facet normal 0.6339605003874911 0.7733654271742705 0
outer loop
vertex 7217.210000000002 9717.110000000002 400.0100000000001
vertex 7277.790000000002 9667.450000000003 3000.0100000000007
vertex 7277.790000000002 9667.450000000003 400.0100000000001
endloop
endfacet
facet normal 0.47222141251541255 0.8814799700287855 0
outer loop
vertex 7277.790000000002 9667.450000000003 400.0100000000001
vertex 7277.790000000002 9667.450000000003 3000.0100000000007
vertex 7346.950000000002 9630.400000000003 3000.0100000000007
endloop
endfacet
facet normal 0.47222141251541255 0.8814799700287855 0
outer loop
vertex 7277.790000000002 9667.450000000003 400.0100000000001
vertex 7346.950000000002 9630.400000000003 3000.0100000000007
vertex 7346.950000000002 9630.400000000003 400.0100000000001
endloop
endfacet
facet normal 0.2902375404189898 0.9569546332671864 0
outer loop
vertex 7346.950000000002 9630.400000000003 400.0100000000001
vertex 7346.950000000002 9630.400000000003 3000.0100000000007
vertex 7421.960000000002 9607.650000000003 3000.0100000000007
endloop
endfacet
facet normal 0.2902375404189898 0.9569546332671864 0
outer loop
vertex 7346.950000000002 9630.400000000003 400.0100000000001
vertex 7421.960000000002 9607.650000000003 3000.0100000000007
vertex 7421.960000000002 9607.650000000003 400.0100000000001
endloop
endfacet
facet normal 0.09786133917752662 0.9952000594324646 0
outer loop
vertex 7421.960000000002 9607.650000000003 400.0100000000001
vertex 7421.960000000002 9607.650000000003 3000.0100000000007
vertex 7499.960000000002 9599.980000000003 3000.0100000000007
endloop
endfacet
facet normal 0.09786133917752662 0.9952000594324646 0
outer loop
vertex 7421.960000000002 9607.650000000003 400.0100000000001
vertex 7499.960000000002 9599.980000000003 3000.0100000000007
vertex 7499.960000000002 9599.980000000003 400.0100000000001
endloop
endfacet
facet normal -0.09770006388284051 0.9952159049760453 0
outer loop
vertex 7499.960000000002 9599.980000000003 400.0100000000001
vertex 7499.960000000002 9599.980000000003 3000.0100000000007
vertex 7578.090000000002 9607.650000000003 3000.0100000000007
endloop
endfacet
facet normal -0.09770006388284051 0.9952159049760453 0
outer loop
vertex 7499.960000000002 9599.980000000003 400.0100000000001
vertex 7578.090000000002 9607.650000000003 3000.0100000000007
vertex 7578.090000000002 9607.650000000003 400.0100000000001
endloop
endfacet
facet normal -0.2902375404189898 0.9569546332671864 0
outer loop
vertex 7578.090000000002 9607.650000000003 400.0100000000001
vertex 7578.090000000002 9607.650000000003 3000.0100000000007
vertex 7653.100000000002 9630.400000000003 3000.0100000000007
endloop
endfacet
facet normal -0.2902375404189898 0.9569546332671864 0
outer loop
vertex 7578.090000000002 9607.650000000003 400.0100000000001
vertex 7653.100000000002 9630.400000000003 3000.0100000000007
vertex 7653.100000000002 9630.400000000003 400.0100000000001
endloop
endfacet
facet normal -0.47222141251541255 0.8814799700287855 0
outer loop
vertex 7653.100000000002 9630.400000000003 400.0100000000001
vertex 7653.100000000002 9630.400000000003 3000.0100000000007
vertex 7722.260000000002 9667.450000000003 3000.0100000000007
endloop
endfacet
facet normal -0.47222141251541255 0.8814799700287855 0
outer loop
vertex 7653.100000000002 9630.400000000003 400.0100000000001
vertex 7722.260000000002 9667.450000000003 3000.0100000000007
vertex 7722.260000000002 9667.450000000003 400.0100000000001
endloop
endfacet
facet normal -0.6339605003874911 0.7733654271742705 0
outer loop
vertex 7722.260000000002 9667.450000000003 400.0100000000001
vertex 7722.260000000002 9667.450000000003 3000.0100000000007
vertex 7782.840000000002 9717.110000000002 3000.0100000000007
endloop
endfacet
facet normal -0.6339605003874911 0.7733654271742705 0
outer loop
vertex 7722.260000000002 9667.450000000003 400.0100000000001
vertex 7782.840000000002 9717.110000000002 3000.0100000000007
vertex 7782.840000000002 9717.110000000002 400.0100000000001
endloop
endfacet
facet normal -0.7732190790565271 0.6341389877487236 0
outer loop
vertex 7782.840000000002 9717.110000000002 400.0100000000001
vertex 7782.840000000002 9717.110000000002 3000.0100000000007
vertex 7832.630000000002 9777.820000000002 3000.0100000000007
endloop
endfacet
facet normal -0.7732190790565271 0.6341389877487236 0
outer loop
vertex 7782.840000000002 9717.110000000002 400.0100000000001
vertex 7832.630000000002 9777.820000000002 3000.0100000000007
vertex 7832.630000000002 9777.820000000002 400.0100000000001
endloop
endfacet
facet normal -0.8821692656664102 0.4709324651301784 0
outer loop
vertex 7832.630000000002 9777.820000000002 400.0100000000001
vertex 7832.630000000002 9777.820000000002 3000.0100000000007
vertex 7869.550000000002 9846.980000000003 3000.0100000000007
endloop
endfacet
facet normal -0.8821692656664102 0.4709324651301784 0
outer loop
vertex 7832.630000000002 9777.820000000002 400.0100000000001
vertex 7869.550000000002 9846.980000000003 3000.0100000000007
vertex 7869.550000000002 9846.980000000003 400.0100000000001
endloop
endfacet
facet normal -0.9569546332671846 0.2902375404189963 0
outer loop
vertex 7869.550000000002 9846.980000000003 400.0100000000001
vertex 7869.550000000002 9846.980000000003 3000.0100000000007
vertex 7892.300000000002 9921.990000000002 3000.0100000000007
endloop
endfacet
facet normal -0.9569546332671846 0.2902375404189963 0
outer loop
vertex 7869.550000000002 9846.980000000003 400.0100000000001
vertex 7892.300000000002 9921.990000000002 3000.0100000000007
vertex 7892.300000000002 9921.990000000002 400.0100000000001
endloop
endfacet
facet normal -0.9952000594324646 0.09786133917752662 0
outer loop
vertex 7892.300000000002 9921.990000000002 400.0100000000001
vertex 7892.300000000002 9921.990000000002 3000.0100000000007
vertex 7899.970000000002 9999.990000000002 3000.0100000000007
endloop
endfacet
facet normal -0.9952000594324646 0.09786133917752662 0
outer loop
vertex 7892.300000000002 9921.990000000002 400.0100000000001
vertex 7899.970000000002 9999.990000000002 3000.0100000000007
vertex 7899.970000000002 9999.990000000002 400.0100000000001
endloop
endfacet
facet normal -0.9759097382799556 -0.09759097382798634 -0.19513119831962752
outer loop
vertex 7899.970000000002 9999.990000000002 3000.0100000000007
vertex 7700.030000000002 9999.990000000002 3999.970000000001
vertex 7696.130000000002 10038.990000000002 3999.970000000001
endloop
endfacet
facet normal -0.9760513053060175 -0.09597837835509263 -0.19522295023573946
outer loop
vertex 7899.970000000002 9999.990000000002 3000.0100000000007
vertex 7696.130000000002 10038.990000000002 3999.970000000001
vertex 7892.300000000002 10077.990000000002 3000.0100000000007
endloop
endfacet
facet normal -0.93868793652597 -0.2842048250727369 -0.19517319289797813
outer loop
vertex 7684.8200000000015 10076.560000000003 3999.970000000001
vertex 7869.550000000002 10153.130000000003 3000.0100000000007
vertex 7892.300000000002 10077.990000000002 3000.0100000000007
endloop
endfacet
facet normal -0.9391206806910242 -0.2827110699658085 -0.19526084609366845
outer loop
vertex 7684.8200000000015 10076.560000000003 3999.970000000001
vertex 7892.300000000002 10077.990000000002 3000.0100000000007
vertex 7696.130000000002 10038.990000000002 3999.970000000001
endloop
endfacet
facet normal -0.865180085303043 -0.46186305305651343 -0.1953098569359347
outer loop
vertex 7666.230000000002 10111.140000000003 3999.970000000001
vertex 7832.630000000002 10222.290000000003 3000.0100000000007
vertex 7869.550000000002 10153.130000000003 3000.0100000000007
endloop
endfacet
facet normal -0.8638557641408946 -0.4644036626772297 -0.19514726965172918
outer loop
vertex 7666.230000000002 10111.140000000003 3999.970000000001
vertex 7869.550000000002 10153.130000000003 3000.0100000000007
vertex 7684.8200000000015 10076.560000000003 3999.970000000001
endloop
endfacet
facet normal -0.7576825367129862 -0.6227304969121757 -0.19525342961312805
outer loop
vertex 7641.4000000000015 10141.430000000002 3999.970000000001
vertex 7782.840000000002 10282.870000000003 3000.0100000000007
vertex 7832.630000000002 10222.290000000003 3000.0100000000007
endloop
endfacet
facet normal -0.7584693684310929 -0.6217495681130822 -0.1953245803859178
outer loop
vertex 7641.4000000000015 10141.430000000002 3999.970000000001
vertex 7832.630000000002 10222.290000000003 3000.0100000000007
vertex 7666.230000000002 10111.140000000003 3999.970000000001
endloop
endfacet
facet normal -0.6217615403160291 -0.7584839732651051 -0.19522973463030144
outer loop
vertex 7611.1100000000015 10166.260000000002 3999.970000000001
vertex 7722.260000000002 10332.530000000002 3000.0100000000007
vertex 7782.840000000002 10282.870000000003 3000.0100000000007
endloop
endfacet
facet normal -0.6217615403160293 -0.7584839732651051 -0.19522973463030147
outer loop
vertex 7611.1100000000015 10166.260000000002 3999.970000000001
vertex 7782.840000000002 10282.870000000003 3000.0100000000007
vertex 7641.4000000000015 10141.430000000002 3999.970000000001
endloop
endfacet
facet normal -0.46312972584151746 -0.864508821570848 -0.195282755173478
outer loop
vertex 7576.530000000002 10184.720000000003 3999.970000000001
vertex 7653.100000000002 10369.580000000002 3000.0100000000007
vertex 7722.260000000002 10332.530000000002 3000.0100000000007
endloop
endfacet
facet normal -0.4618731966972365 -0.8651990867708335 -0.19520166603692632
outer loop
vertex 7576.530000000002 10184.720000000003 3999.970000000001
vertex 7722.260000000002 10332.530000000002 3000.0100000000007
vertex 7611.1100000000015 10166.260000000002 3999.970000000001
endloop
endfacet
facet normal -0.28465098760970403 -0.9385349705759974 -0.19525860866740785
outer loop
vertex 7538.960000000002 10196.160000000002 3999.970000000001
vertex 7578.090000000002 10392.330000000002 3000.0100000000007
vertex 7653.100000000002 10369.580000000002 3000.0100000000007
endloop
endfacet
facet normal -0.28568290753125064 -0.9382086395061391 -0.19531980212085648
outer loop
vertex 7538.960000000002 10196.160000000002 3999.970000000001
vertex 7653.100000000002 10369.580000000002 3000.0100000000007
vertex 7576.530000000002 10184.720000000003 3999.970000000001
endloop
endfacet
facet normal -0.09759097382803157 -0.9759097382799515 -0.19513119831962492
outer loop
vertex 7538.960000000002 10196.160000000002 3999.970000000001
vertex 7499.960000000002 10200.060000000003 3999.970000000001
vertex 7499.960000000002 10400.000000000002 3000.0100000000007
endloop
endfacet
facet normal -0.09582003151363182 -0.976065066774446 -0.1952319312595219
outer loop
vertex 7538.960000000002 10196.160000000002 3999.970000000001
vertex 7499.960000000002 10400.000000000002 3000.0100000000007
vertex 7578.090000000002 10392.330000000002 3000.0100000000007
endloop
endfacet
facet normal 0.09758855707778272 -0.975885570777463 -0.19525323627489943
outer loop
vertex 7499.960000000002 10200.060000000003 3999.970000000001
vertex 7460.960000000002 10196.160000000002 3999.970000000001
vertex 7421.960000000002 10392.330000000002 3000.0100000000007
endloop
endfacet
facet normal 0.09597956698087302 -0.9760633930258193 -0.1951619212784321
outer loop
vertex 7499.960000000002 10200.060000000003 3999.970000000001
vertex 7421.960000000002 10392.330000000002 3000.0100000000007
vertex 7499.960000000002 10400.000000000002 3000.0100000000007
endloop
endfacet
facet normal 0.2846486249772095 -0.9385271806391443 -0.19529949180712833
outer loop
vertex 7423.520000000002 10184.720000000003 3999.970000000001
vertex 7346.950000000002 10369.580000000002 3000.0100000000007
vertex 7421.960000000002 10392.330000000002 3000.0100000000007
endloop
endfacet
facet normal 0.28659817497577394 -0.9379576635571757 -0.19518429105570853
outer loop
vertex 7423.520000000002 10184.720000000003 3999.970000000001
vertex 7421.960000000002 10392.330000000002 3000.0100000000007
vertex 7460.960000000002 10196.160000000002 3999.970000000001
endloop
endfacet
facet normal 0.46313480756892483 -0.8645183074620083 -0.1952287019910739
outer loop
vertex 7388.940000000001 10166.260000000002 3999.970000000001
vertex 7277.790000000002 10332.530000000002 3000.0100000000007
vertex 7346.950000000002 10369.580000000002 3000.0100000000007
endloop
endfacet
facet normal 0.4618630530565219 -0.8651800853030388 -0.19530985693593417
outer loop
vertex 7388.940000000001 10166.260000000002 3999.970000000001
vertex 7346.950000000002 10369.580000000002 3000.0100000000007
vertex 7423.520000000002 10184.720000000003 3999.970000000001
endloop
endfacet
facet normal 0.6217713504459762 -0.7584959405964015 -0.19515198144873436
outer loop
vertex 7358.520000000002 10141.430000000002 3999.970000000001
vertex 7217.210000000002 10282.870000000003 3000.0100000000007
vertex 7277.790000000002 10332.530000000002 3000.0100000000007
endloop
endfacet
facet normal 0.6201634482282199 -0.7597813973057586 -0.19526783091383168
outer loop
vertex 7358.520000000002 10141.430000000002 3999.970000000001
vertex 7277.790000000002 10332.530000000002 3000.0100000000007
vertex 7388.940000000001 10166.260000000002 3999.970000000001
endloop
endfacet
facet normal 0.7576898221472091 -0.6227364847261402 -0.1952060552479362
outer loop
vertex 7333.690000000001 10111.140000000003 3999.970000000001
vertex 7167.420000000002 10222.290000000003 3000.0100000000007
vertex 7217.210000000002 10282.870000000003 3000.0100000000007
endloop
endfacet
facet normal 0.7584985715673838 -0.6217735071647198 -0.19513488339690138
outer loop
vertex 7333.690000000001 10111.140000000003 3999.970000000001
vertex 7217.210000000002 10282.870000000003 3000.0100000000007
vertex 7358.520000000002 10141.430000000002 3999.970000000001
endloop
endfacet
facet normal 0.8651990867708431 -0.4618731966972188 -0.19520166603692476
outer loop
vertex 7315.230000000001 10076.560000000003 3999.970000000001
vertex 7130.500000000002 10153.130000000003 3000.0100000000007
vertex 7167.420000000002 10222.290000000003 3000.0100000000007
endloop
endfacet
facet normal 0.8651990867708431 -0.4618731966972189 -0.19520166603692476
outer loop
vertex 7315.230000000001 10076.560000000003 3999.970000000001
vertex 7167.420000000002 10222.290000000003 3000.0100000000007
vertex 7333.690000000001 10111.140000000003 3999.970000000001
endloop
endfacet
facet normal 0.9386991137314117 -0.2842082091747309 -0.19511449899368005
outer loop
vertex 7303.790000000002 10038.990000000002 3999.970000000001
vertex 7107.750000000002 10077.990000000002 3000.0100000000007
vertex 7130.500000000002 10153.130000000003 3000.0100000000007
endloop
endfacet
facet normal 0.9382309847833603 -0.2856897116295137 -0.19520247913766692
outer loop
vertex 7303.790000000002 10038.990000000002 3999.970000000001
vertex 7130.500000000002 10153.130000000003 3000.0100000000007
vertex 7315.230000000001 10076.560000000003 3999.970000000001
endloop
endfacet
facet normal 0.9761903459661664 -0.09436506677671759 -0.19531421508605487
outer loop
vertex 7303.790000000002 10038.990000000002 3999.970000000001
vertex 7300.020000000002 9999.990000000002 3999.970000000001
vertex 7099.950000000002 9999.990000000002 3000.0100000000007
endloop
endfacet
facet normal 0.9759097382799546 -0.09759097382799754 -0.1951311983196269
outer loop
vertex 7303.790000000002 10038.990000000002 3999.970000000001
vertex 7099.950000000002 9999.990000000002 3000.0100000000007
vertex 7107.750000000002 10077.990000000002 3000.0100000000007
endloop
endfacet
facet normal 0.9762387123458237 0.09436974219341779 -0.1950700599162151
outer loop
vertex 7300.020000000002 9999.990000000002 3999.970000000001
vertex 7303.790000000002 9960.990000000002 3999.970000000001
vertex 7107.750000000002 9921.990000000002 3000.0100000000007
endloop
endfacet
facet normal 0.9758855707774663 0.0975885570777487 -0.19525323627489918
outer loop
vertex 7300.020000000002 9999.990000000002 3999.970000000001
vertex 7107.750000000002 9921.990000000002 3000.0100000000007
vertex 7099.950000000002 9999.990000000002 3000.0100000000007
endloop
endfacet
facet normal 0.9385563173788287 0.2846574619433252 -0.1951465307615684
outer loop
vertex 7315.230000000001 9923.420000000002 3999.970000000001
vertex 7130.500000000002 9846.980000000003 3000.0100000000007
vertex 7107.750000000002 9921.990000000002 3000.0100000000007
endloop
endfacet
facet normal 0.9382533176973626 0.285696511963203 -0.1950851477738667
outer loop
vertex 7315.230000000001 9923.420000000002 3999.970000000001
vertex 7107.750000000002 9921.990000000002 3000.0100000000007
vertex 7303.790000000002 9960.990000000002 3999.970000000001
endloop
endfacet
facet normal 0.8652092264424543 0.461878609604608 -0.19514390707517312
outer loop
vertex 7333.690000000001 9888.840000000002 3999.970000000001
vertex 7167.420000000002 9777.820000000002 3000.0100000000007
vertex 7130.500000000002 9846.980000000003 3000.0100000000007
endloop
endfacet
facet normal 0.8652092264424494 0.4618786096046177 -0.19514390707517257
outer loop
vertex 7333.690000000001 9888.840000000002 3999.970000000001
vertex 7130.500000000002 9846.980000000003 3000.0100000000007
vertex 7315.230000000001 9923.420000000002 3999.970000000001
endloop
endfacet
facet normal 0.7583543742314468 0.6219480199799746 -0.19513919013621936
outer loop
vertex 7358.520000000002 9858.550000000003 3999.970000000001
vertex 7217.210000000002 9717.110000000002 3000.0100000000007
vertex 7167.420000000002 9777.820000000002 3000.0100000000007
endloop
endfacet
facet normal 0.7584959405963814 0.6217713504460011 -0.19515198144873316
outer loop
vertex 7358.520000000002 9858.550000000003 3999.970000000001
vertex 7167.420000000002 9777.820000000002 3000.0100000000007
vertex 7333.690000000001 9888.840000000002 3999.970000000001
endloop
endfacet
facet normal 0.6217615403160294 0.7584839732651053 -0.19522973463030097
outer loop
vertex 7388.940000000001 9833.720000000003 3999.970000000001
vertex 7277.790000000002 9667.450000000003 3000.0100000000007
vertex 7217.210000000002 9717.110000000002 3000.0100000000007
endloop
endfacet
facet normal 0.6201829680075639 0.7598053115903999 -0.19511272298941512
outer loop
vertex 7388.940000000001 9833.720000000003 3999.970000000001
vertex 7217.210000000002 9717.110000000002 3000.0100000000007
vertex 7358.520000000002 9858.550000000003 3999.970000000001
endloop
endfacet
facet normal 0.46312972584151746 0.864508821570848 -0.195282755173478
outer loop
vertex 7423.520000000002 9815.260000000002 3999.970000000001
vertex 7346.950000000002 9630.400000000003 3000.0100000000007
vertex 7277.790000000002 9667.450000000003 3000.0100000000007
endloop
endfacet
facet normal 0.4618731966972271 0.8651990867708386 -0.1952016660369257
outer loop
vertex 7423.520000000002 9815.260000000002 3999.970000000001
vertex 7277.790000000002 9667.450000000003 3000.0100000000007
vertex 7388.940000000001 9833.720000000003 3999.970000000001
endloop
endfacet
facet normal 0.2846530442571707 0.9385417516365032 -0.19522301306508338
outer loop
vertex 7460.960000000002 9803.820000000002 3999.970000000001
vertex 7421.960000000002 9607.650000000003 3000.0100000000007
vertex 7346.950000000002 9630.400000000003 3000.0100000000007
endloop
endfacet
facet normal 0.2865892662739335 0.9379285078055487 -0.19533741756823048
outer loop
vertex 7460.960000000002 9803.820000000002 3999.970000000001
vertex 7346.950000000002 9630.400000000003 3000.0100000000007
vertex 7423.520000000002 9815.260000000002 3999.970000000001
endloop
endfacet
facet normal 0.09597837835509267 0.9760513053060178 -0.19522295023573777
outer loop
vertex 7499.960000000002 9599.980000000003 3000.0100000000007
vertex 7421.960000000002 9607.650000000003 3000.0100000000007
vertex 7460.960000000002 9803.820000000002 3999.970000000001
endloop
endfacet
facet normal 0.09436506677669527 0.9761903459661686 -0.19531421508605443
outer loop
vertex 7499.960000000002 9599.980000000003 3000.0100000000007
vertex 7460.960000000002 9803.820000000002 3999.970000000001
vertex 7499.960000000002 9800.050000000003 3999.970000000001
endloop
endfacet
facet normal -0.09436506677669527 0.9761903459661686 -0.19531421508605443
outer loop
vertex 7499.960000000002 9599.980000000003 3000.0100000000007
vertex 7499.960000000002 9800.050000000003 3999.970000000001
vertex 7538.960000000002 9803.820000000002 3999.970000000001
endloop
endfacet
facet normal -0.09582003151363196 0.9760650667744465 -0.19523193125952018
outer loop
vertex 7499.960000000002 9599.980000000003 3000.0100000000007
vertex 7538.960000000002 9803.820000000002 3999.970000000001
vertex 7578.090000000002 9607.650000000003 3000.0100000000007
endloop
endfacet
facet normal -0.2846486249772095 0.9385271806391443 -0.19529949180712833
outer loop
vertex 7576.530000000002 9815.260000000002 3999.970000000001
vertex 7653.100000000002 9630.400000000003 3000.0100000000007
vertex 7578.090000000002 9607.650000000003 3000.0100000000007
endloop
endfacet
facet normal -0.2856876401919905 0.9382241819941017 -0.19523820467068065
outer loop
vertex 7576.530000000002 9815.260000000002 3999.970000000001
vertex 7578.090000000002 9607.650000000003 3000.0100000000007
vertex 7538.960000000002 9803.820000000002 3999.970000000001
endloop
endfacet
facet normal -0.46313480756892467 0.8645183074620081 -0.19522870199107425
outer loop
vertex 7611.1100000000015 9833.720000000003 3999.970000000001
vertex 7722.260000000002 9667.450000000003 3000.0100000000007
vertex 7653.100000000002 9630.400000000003 3000.0100000000007
endloop
endfacet
facet normal -0.46186305305653136 0.8651800853030337 -0.19530985693593397
outer loop
vertex 7611.1100000000015 9833.720000000003 3999.970000000001
vertex 7653.100000000002 9630.400000000003 3000.0100000000007
vertex 7576.530000000002 9815.260000000002 3999.970000000001
endloop
endfacet
facet normal -0.6217615403160294 0.758483973265105 -0.19522973463030147
outer loop
vertex 7641.4000000000015 9858.550000000003 3999.970000000001
vertex 7782.840000000002 9717.110000000002 3000.0100000000007
vertex 7722.260000000002 9667.450000000003 3000.0100000000007
endloop
endfacet
facet normal -0.6217615403160293 0.7584839732651051 -0.19522973463030147
outer loop
vertex 7641.4000000000015 9858.550000000003 3999.970000000001
vertex 7722.260000000002 9667.450000000003 3000.0100000000007
vertex 7611.1100000000015 9833.720000000003 3999.970000000001
endloop
endfacet
facet normal -0.7583384683986581 0.6219349751535121 -0.195242551785151
outer loop
vertex 7666.230000000002 9888.840000000002 3999.970000000001
vertex 7832.630000000002 9777.820000000002 3000.0100000000007
vertex 7782.840000000002 9717.110000000002 3000.0100000000007
endloop
endfacet
facet normal -0.7584839732650847 0.621761540316054 -0.19522973463030208
outer loop
vertex 7666.230000000002 9888.840000000002 3999.970000000001
vertex 7782.840000000002 9717.110000000002 3000.0100000000007
vertex 7641.4000000000015 9858.550000000003 3999.970000000001
endloop
endfacet
facet normal -0.8652092264424541 0.46187860960460836 -0.1951439070751735
outer loop
vertex 7684.8200000000015 9923.420000000002 3999.970000000001
vertex 7869.550000000002 9846.980000000003 3000.0100000000007
vertex 7832.630000000002 9777.820000000002 3000.0100000000007
endloop
endfacet
facet normal -0.8638280669664903 0.4643887728428695 -0.19530524411400368
outer loop
vertex 7684.8200000000015 9923.420000000002 3999.970000000001
vertex 7832.630000000002 9777.820000000002 3000.0100000000007
vertex 7666.230000000002 9888.840000000002 3999.970000000001
endloop
endfacet
facet normal -0.9385417516365008 0.2846530442571772 -0.19522301306508485
outer loop
vertex 7696.130000000002 9960.990000000002 3999.970000000001
vertex 7892.300000000002 9921.990000000002 3000.0100000000007
vertex 7869.550000000002 9846.980000000003 3000.0100000000007
endloop
endfacet
facet normal -0.9391497980656899 0.28271983540387036 -0.19510805073697618
outer loop
vertex 7696.130000000002 9960.990000000002 3999.970000000001
vertex 7869.550000000002 9846.980000000003 3000.0100000000007
vertex 7684.8200000000015 9923.420000000002 3999.970000000001
endloop
endfacet
facet normal -0.9760513053060175 0.09597837835509263 -0.19522295023573946
outer loop
vertex 7899.970000000002 9999.990000000002 3000.0100000000007
vertex 7892.300000000002 9921.990000000002 3000.0100000000007
vertex 7696.130000000002 9960.990000000002 3999.970000000001
endloop
endfacet
facet normal -0.9759097382799556 0.09759097382798634 -0.19513119831962752
outer loop
vertex 7899.970000000002 9999.990000000002 3000.0100000000007
vertex 7696.130000000002 9960.990000000002 3999.970000000001
vertex 7700.030000000002 9999.990000000002 3999.970000000001
endloop
endfacet
facet normal 0 0 1
outer loop
vertex 9583.340000000002 12599.990000000003 3999.970000000001
vertex 0 15000.050000000003 3999.970000000001
vertex 0 11399.960000000003 3999.970000000001
endloop
endfacet
facet normal 0 0 1
outer loop
vertex 9583.340000000002 12599.990000000003 3999.970000000001
vertex 0 11399.960000000003 3999.970000000001
vertex 7499.960000000002 11399.960000000003 3999.970000000001
endloop
endfacet
facet normal 0 0 1
outer loop
vertex 9583.340000000002 12599.990000000003 3999.970000000001
vertex 7499.960000000002 11399.960000000003 3999.970000000001
vertex 9999.990000000002 11399.960000000003 3999.970000000001
endloop
endfacet
facet normal 0 0 1
outer loop
vertex 9583.340000000002 12599.990000000003 3999.970000000001
vertex 9999.990000000002 11399.960000000003 3999.970000000001
vertex 19999.980000000003 11399.960000000003 3999.970000000001
endloop
endfacet
facet normal 0 0 1
outer loop
vertex 9583.340000000002 12599.990000000003 3999.970000000001
vertex 19999.980000000003 11399.960000000003 3999.970000000001
vertex 19999.980000000003 15000.050000000003 3999.970000000001
endloop
endfacet
facet normal 0 0 1
outer loop
vertex 9583.340000000002 12599.990000000003 3999.970000000001
vertex 19999.980000000003 15000.050000000003 3999.970000000001
vertex 0 15000.050000000003 3999.970000000001
endloop
endfacet
facet normal 0 0 1
outer loop
vertex 9999.990000000002 11399.960000000003 3999.970000000001
vertex 10077.990000000002 11392.290000000003 3999.970000000001
vertex 19999.980000000003 11392.290000000003 3999.970000000001
endloop
endfacet
facet normal 0 0 1
outer loop
vertex 9999.990000000002 11399.960000000003 3999.970000000001
vertex 19999.980000000003 11392.290000000003 3999.970000000001
vertex 19999.980000000003 11399.960000000003 3999.970000000001
endloop
endfacet
facet normal 0 0 1
outer loop
vertex 7499.960000000002 11399.960000000003 3999.970000000001
vertex 7578.090000000002 11392.290000000003 3999.970000000001
vertex 9921.990000000002 11392.290000000003 3999.970000000001
endloop
endfacet
facet normal 0 0 1
outer loop
vertex 7499.960000000002 11399.960000000003 3999.970000000001
vertex 9921.990000000002 11392.290000000003 3999.970000000001
vertex 9999.990000000002 11399.960000000003 3999.970000000001
endloop
endfacet
facet normal 0 0 0.9999999999999999
outer loop
vertex 0 11399.960000000003 3999.970000000001
vertex 0 11392.290000000003 3999.970000000001
vertex 7421.960000000002 11392.290000000003 3999.970000000001
endloop
endfacet
facet normal 0 0 1
outer loop
vertex 0 11399.960000000003 3999.970000000001
vertex 7421.960000000002 11392.290000000003 3999.970000000001
vertex 7499.960000000002 11399.960000000003 3999.970000000001
endloop
endfacet
facet normal 0 0 1
outer loop
vertex 10077.990000000002 11392.290000000003 3999.970000000001
vertex 10153.130000000003 11369.540000000003 3999.970000000001
vertex 19999.980000000003 11369.540000000003 3999.970000000001
endloop
endfacet
facet normal 0 0 1
outer loop
vertex 10077.990000000002 11392.290000000003 3999.970000000001
vertex 19999.980000000003 11369.540000000003 3999.970000000001
vertex 19999.980000000003 11392.290000000003 3999.970000000001
endloop
endfacet
facet normal 0 0 1
outer loop
vertex 7578.090000000002 11392.290000000003 3999.970000000001
vertex 7653.100000000002 11369.540000000003 3999.970000000001
vertex 9846.980000000003 11369.540000000003 3999.970000000001
endloop
endfacet
facet normal 0 0 1
outer loop
vertex 7578.090000000002 11392.290000000003 3999.970000000001
vertex 9846.980000000003 11369.540000000003 3999.970000000001
vertex 9921.990000000002 11392.290000000003 3999.970000000001
endloop
endfacet
facet normal 0 0 1
outer loop
vertex 0 11392.290000000003 3999.970000000001
vertex 0 11369.540000000003 3999.970000000001
vertex 7346.950000000002 11369.540000000003 3999.970000000001
endloop
endfacet
facet normal 0 0 1
outer loop
vertex 0 11392.290000000003 3999.970000000001
vertex 7346.950000000002 11369.540000000003 3999.970000000001
vertex 7421.960000000002 11392.290000000003 3999.970000000001
endloop
endfacet
facet normal 0 0 1
outer loop
vertex 10153.130000000003 11369.540000000003 3999.970000000001
vertex 10222.290000000003 11332.620000000003 3999.970000000001
vertex 19999.980000000003 11332.620000000003 3999.970000000001
endloop
endfacet
facet normal 0 0 1
outer loop
vertex 10153.130000000003 11369.540000000003 3999.970000000001
vertex 19999.980000000003 11332.620000000003 3999.970000000001
vertex 19999.980000000003 11369.540000000003 3999.970000000001
endloop
endfacet
facet normal 0 0 1
outer loop
vertex 7653.100000000002 11369.540000000003 3999.970000000001
vertex 7722.260000000002 11332.620000000003 3999.970000000001
vertex 9777.820000000002 11332.620000000003 3999.970000000001
endloop
endfacet
facet normal 0 0 1
outer loop
vertex 7653.100000000002 11369.540000000003 3999.970000000001
vertex 9777.820000000002 11332.620000000003 3999.970000000001
vertex 9846.980000000003 11369.540000000003 3999.970000000001
endloop
endfacet
facet normal 0 0 1
outer loop
vertex 0 11369.540000000003 3999.970000000001
vertex 0 11332.620000000003 3999.970000000001
vertex 7277.790000000002 11332.620000000003 3999.970000000001
endloop
endfacet
facet normal 0 0 1
outer loop
vertex 0 11369.540000000003 3999.970000000001
vertex 7277.790000000002 11332.620000000003 3999.970000000001
vertex 7346.950000000002 11369.540000000003 3999.970000000001
endloop
endfacet
facet normal 0 0 1
outer loop
vertex 10222.290000000003 11332.620000000003 3999.970000000001
vertex 10282.870000000003 11282.830000000004 3999.970000000001
vertex 19999.980000000003 11282.830000000004 3999.970000000001
endloop
endfacet
facet normal 0 0 1
outer loop
vertex 10222.290000000003 11332.620000000003 3999.970000000001
vertex 19999.980000000003 11282.830000000004 3999.970000000001
vertex 19999.980000000003 11332.620000000003 3999.970000000001
endloop
endfacet
facet normal 0 0 1
outer loop
vertex 7722.260000000002 11332.620000000003 3999.970000000001
vertex 7782.840000000002 11282.830000000004 3999.970000000001
vertex 9717.110000000002 11282.830000000004 3999.970000000001
endloop
endfacet
facet normal 0 0 1
outer loop
vertex 7722.260000000002 11332.620000000003 3999.970000000001
vertex 9717.110000000002 11282.830000000004 3999.970000000001
vertex 9777.820000000002 11332.620000000003 3999.970000000001
endloop
endfacet
facet normal 0 0 1
outer loop
vertex 0 11332.620000000003 3999.970000000001
vertex 0 11282.830000000004 3999.970000000001
vertex 7217.210000000002 11282.830000000004 3999.970000000001
endloop
endfacet
facet normal 0 0 1
outer loop
vertex 0 11332.620000000003 3999.970000000001
vertex 7217.210000000002 11282.830000000004 3999.970000000001
vertex 7277.790000000002 11332.620000000003 3999.970000000001
endloop
endfacet
facet normal 0 0 1
outer loop
vertex 10282.870000000003 11282.830000000004 3999.970000000001
vertex 10332.530000000002 11222.250000000004 3999.970000000001
vertex 19999.980000000003 11222.250000000004 3999.970000000001
endloop
endfacet
facet normal 0 0 1
outer loop
vertex 10282.870000000003 11282.830000000004 3999.970000000001
vertex 19999.980000000003 11222.250000000004 3999.970000000001
vertex 19999.980000000003 11282.830000000004 3999.970000000001
endloop
endfacet
facet normal 0 0 1
outer loop
vertex 7782.840000000002 11282.830000000004 3999.970000000001
vertex 7832.630000000002 11222.250000000004 3999.970000000001
vertex 9667.450000000003 11222.250000000004 3999.970000000001
endloop
endfacet
facet normal 0 0 1
outer loop
vertex 7782.840000000002 11282.830000000004 3999.970000000001
vertex 9667.450000000003 11222.250000000004 3999.970000000001
vertex 9717.110000000002 11282.830000000004 3999.970000000001
endloop
endfacet
facet normal 0 0 1
outer loop
vertex 0 11282.830000000004 3999.970000000001
vertex 0 11222.250000000004 3999.970000000001
vertex 7167.420000000002 11222.250000000004 3999.970000000001
endloop
endfacet
facet normal 0 0 1
outer loop
vertex 0 11282.830000000004 3999.970000000001
vertex 7167.420000000002 11222.250000000004 3999.970000000001
vertex 7217.210000000002 11282.830000000004 3999.970000000001
endloop
endfacet
facet normal 0 0 1
outer loop
vertex 10332.530000000002 11222.250000000004 3999.970000000001
vertex 10369.580000000002 11153.090000000002 3999.970000000001
vertex 19999.980000000003 11153.090000000002 3999.970000000001
endloop
endfacet
facet normal 0 0 1
outer loop
vertex 10332.530000000002 11222.250000000004 3999.970000000001
vertex 19999.980000000003 11153.090000000002 3999.970000000001
vertex 19999.980000000003 11222.250000000004 3999.970000000001
endloop
endfacet
facet normal 0 0 1
outer loop
vertex 7832.630000000002 11222.250000000004 3999.970000000001
vertex 7869.550000000002 11153.090000000002 3999.970000000001
vertex 9630.400000000003 11153.090000000002 3999.970000000001
endloop
endfacet
facet normal 0 0 1
outer loop
vertex 7832.630000000002 11222.250000000004 3999.970000000001
vertex 9630.400000000003 11153.090000000002 3999.970000000001
vertex 9667.450000000003 11222.250000000004 3999.970000000001
endloop
endfacet
facet normal 0 0 1
outer loop
vertex 0 11222.250000000004 3999.970000000001
vertex 0 11153.090000000002 3999.970000000001
vertex 7130.500000000002 11153.090000000002 3999.970000000001
endloop
endfacet
facet normal 0 0 1
outer loop
vertex 0 11222.250000000004 3999.970000000001
vertex 7130.500000000002 11153.090000000002 3999.970000000001
vertex 7167.420000000002 11222.250000000004 3999.970000000001
endloop
endfacet
facet normal 0 0 1
outer loop
vertex 10369.580000000002 11153.090000000002 3999.970000000001
vertex 10392.330000000002 11078.080000000004 3999.970000000001
vertex 19999.980000000003 11078.080000000004 3999.970000000001
endloop
endfacet
facet normal 0 0 1
outer loop
vertex 10369.580000000002 11153.090000000002 3999.970000000001
vertex 19999.980000000003 11078.080000000004 3999.970000000001
vertex 19999.980000000003 11153.090000000002 3999.970000000001
endloop
endfacet
facet normal 0 0 1
outer loop
vertex 7869.550000000002 11153.090000000002 3999.970000000001
vertex 7892.300000000002 11078.080000000004 3999.970000000001
vertex 9607.650000000003 11078.080000000004 3999.970000000001
endloop
endfacet
facet normal 0 0 1
outer loop
vertex 7869.550000000002 11153.090000000002 3999.970000000001
vertex 9607.650000000003 11078.080000000004 3999.970000000001
vertex 9630.400000000003 11153.090000000002 3999.970000000001
endloop
endfacet
facet normal 0 0 1
outer loop
vertex 0 11153.090000000002 3999.970000000001
vertex 0 11078.080000000004 3999.970000000001
vertex 7107.750000000002 11078.080000000004 3999.970000000001
endloop
endfacet
facet normal 0 0 1
outer loop
vertex 0 11153.090000000002 3999.970000000001
vertex 7107.750000000002 11078.080000000004 3999.970000000001
vertex 7130.500000000002 11153.090000000002 3999.970000000001
endloop
endfacet
facet normal 0 0 1
outer loop
vertex 10392.330000000002 11078.080000000004 3999.970000000001
vertex 10400.000000000002 10999.950000000003 3999.970000000001
vertex 19999.980000000003 10999.950000000003 3999.970000000001
endloop
endfacet
facet normal 0 0 1
outer loop
vertex 10392.330000000002 11078.080000000004 3999.970000000001
vertex 19999.980000000003 10999.950000000003 3999.970000000001
vertex 19999.980000000003 11078.080000000004 3999.970000000001
endloop
endfacet
facet normal 0 0 1
outer loop
vertex 7892.300000000002 11078.080000000004 3999.970000000001
vertex 7899.970000000002 10999.950000000003 3999.970000000001
vertex 9599.980000000003 10999.950000000003 3999.970000000001
endloop
endfacet
facet normal 0 0 1
outer loop
vertex 7892.300000000002 11078.080000000004 3999.970000000001
vertex 9599.980000000003 10999.950000000003 3999.970000000001
vertex 9607.650000000003 11078.080000000004 3999.970000000001
endloop
endfacet
facet normal 0 0 1
outer loop
vertex 0 11078.080000000004 3999.970000000001
vertex 0 10999.950000000003 3999.970000000001
vertex 7099.950000000002 10999.950000000003 3999.970000000001
endloop
endfacet
facet normal 0 0 1
outer loop
vertex 0 11078.080000000004 3999.970000000001
vertex 7099.950000000002 10999.950000000003 3999.970000000001
vertex 7107.750000000002 11078.080000000004 3999.970000000001
endloop
endfacet
facet normal 0 0 1
outer loop
vertex 10400.000000000002 10999.950000000003 3999.970000000001
vertex 10392.330000000002 10921.950000000003 3999.970000000001
vertex 19999.980000000003 10921.950000000003 3999.970000000001
endloop
endfacet
facet normal 0 0 1
outer loop
vertex 10400.000000000002 10999.950000000003 3999.970000000001
vertex 19999.980000000003 10921.950000000003 3999.970000000001
vertex 19999.980000000003 10999.950000000003 3999.970000000001
endloop
endfacet
facet normal 0 0 1
outer loop
vertex 7899.970000000002 10999.950000000003 3999.970000000001
vertex 7892.300000000002 10921.950000000003 3999.970000000001
vertex 9607.650000000003 10921.950000000003 3999.970000000001
endloop
endfacet
facet normal 0 0 1
outer loop
vertex 7899.970000000002 10999.950000000003 3999.970000000001
vertex 9607.650000000003 10921.950000000003 3999.970000000001
vertex 9599.980000000003 10999.950000000003 3999.970000000001
endloop
endfacet
facet normal 0 0 1
outer loop
vertex 0 10999.950000000003 3999.970000000001
vertex 0 10921.950000000003 3999.970000000001
vertex 7107.750000000002 10921.950000000003 3999.970000000001
endloop
endfacet
facet normal 0 0 1
outer loop
vertex 0 10999.950000000003 3999.970000000001
vertex 7107.750000000002 10921.950000000003 3999.970000000001
vertex 7099.950000000002 10999.950000000003 3999.970000000001
endloop
endfacet
facet normal 0 0 1
outer loop
vertex 10392.330000000002 10921.950000000003 3999.970000000001
vertex 10369.580000000002 10846.940000000002 3999.970000000001
vertex 19999.980000000003 10846.940000000002 3999.970000000001
endloop
endfacet
facet normal 0 0 0.9999999999999999
outer loop
vertex 10392.330000000002 10921.950000000003 3999.970000000001
vertex 19999.980000000003 10846.940000000002 3999.970000000001
vertex 19999.980000000003 10921.950000000003 3999.970000000001
endloop
endfacet
facet normal 0 0 1
outer loop
vertex 7892.300000000002 10921.950000000003 3999.970000000001
vertex 7869.550000000002 10846.940000000002 3999.970000000001
vertex 9630.400000000003 10846.940000000002 3999.970000000001
endloop
endfacet
facet normal 0 0 1
outer loop
vertex 7892.300000000002 10921.950000000003 3999.970000000001
vertex 9630.400000000003 10846.940000000002 3999.970000000001
vertex 9607.650000000003 10921.950000000003 3999.970000000001
endloop
endfacet
facet normal 0 0 1
outer loop
vertex 0 10921.950000000003 3999.970000000001
vertex 0 10846.940000000002 3999.970000000001
vertex 7130.500000000002 10846.940000000002 3999.970000000001
endloop
endfacet
facet normal 0 0 1
outer loop
vertex 0 10921.950000000003 3999.970000000001
vertex 7130.500000000002 10846.940000000002 3999.970000000001
vertex 7107.750000000002 10921.950000000003 3999.970000000001
endloop
endfacet
facet normal 0 0 1
outer loop
vertex 10369.580000000002 10846.940000000002 3999.970000000001
vertex 10332.530000000002 10777.780000000002 3999.970000000001
vertex 19999.980000000003 10777.780000000002 3999.970000000001
endloop
endfacet
facet normal 0 0 1
outer loop
vertex 10369.580000000002 10846.940000000002 3999.970000000001
vertex 19999.980000000003 10777.780000000002 3999.970000000001
vertex 19999.980000000003 10846.940000000002 3999.970000000001
endloop
endfacet
facet normal 0 0 1
outer loop
vertex 7869.550000000002 10846.940000000002 3999.970000000001
vertex 7832.630000000002 10777.780000000002 3999.970000000001
vertex 9667.450000000003 10777.780000000002 3999.970000000001
endloop
endfacet
facet normal 0 0 0.9999999999999999
outer loop
vertex 7869.550000000002 10846.940000000002 3999.970000000001
vertex 9667.450000000003 10777.780000000002 3999.970000000001
vertex 9630.400000000003 10846.940000000002 3999.970000000001
endloop
endfacet
facet normal 0 0 0.9999999999999999
outer loop
vertex 0 10846.940000000002 3999.970000000001
vertex 0 10777.780000000002 3999.970000000001
vertex 7167.420000000002 10777.780000000002 3999.970000000001
endloop
endfacet
facet normal 0 0 1
outer loop
vertex 0 10846.940000000002 3999.970000000001
vertex 7167.420000000002 10777.780000000002 3999.970000000001
vertex 7130.500000000002 10846.940000000002 3999.970000000001
endloop
endfacet
facet normal 0 0 1
outer loop
vertex 10332.530000000002 10777.780000000002 3999.970000000001
vertex 10282.870000000003 10717.200000000003 3999.970000000001
vertex 19999.980000000003 10717.200000000003 3999.970000000001
endloop
endfacet
facet normal 0 0 1
outer loop
vertex 10332.530000000002 10777.780000000002 3999.970000000001
vertex 19999.980000000003 10717.200000000003 3999.970000000001
vertex 19999.980000000003 10777.780000000002 3999.970000000001
endloop
endfacet
facet normal 0 0 0.9999999999999999
outer loop
vertex 7832.630000000002 10777.780000000002 3999.970000000001
vertex 7782.840000000002 10717.200000000003 3999.970000000001
vertex 9717.110000000002 10717.200000000003 3999.970000000001
endloop
endfacet
facet normal 0 0 1
outer loop
vertex 7832.630000000002 10777.780000000002 3999.970000000001
vertex 9717.110000000002 10717.200000000003 3999.970000000001
vertex 9667.450000000003 10777.780000000002 3999.970000000001
endloop
endfacet
facet normal 0 0 1
outer loop
vertex 0 10777.780000000002 3999.970000000001
vertex 0 10717.200000000003 3999.970000000001
vertex 7217.210000000002 10717.200000000003 3999.970000000001
endloop
endfacet
facet normal 0 0 1
outer loop
vertex 0 10777.780000000002 3999.970000000001
vertex 7217.210000000002 10717.200000000003 3999.970000000001
vertex 7167.420000000002 10777.780000000002 3999.970000000001
endloop
endfacet
facet normal 0 0 1
outer loop
vertex 10282.870000000003 10717.200000000003 3999.970000000001
vertex 10222.290000000003 10667.410000000003 3999.970000000001
vertex 19999.980000000003 10667.410000000003 3999.970000000001
endloop
endfacet
facet normal 0 0 1
outer loop
vertex 10282.870000000003 10717.200000000003 3999.970000000001
vertex 19999.980000000003 10667.410000000003 3999.970000000001
vertex 19999.980000000003 10717.200000000003 3999.970000000001
endloop
endfacet
facet normal 0 0 1
outer loop
vertex 7782.840000000002 10717.200000000003 3999.970000000001
vertex 7722.260000000002 10667.410000000003 3999.970000000001
vertex 9777.820000000002 10667.410000000003 3999.970000000001
endloop
endfacet
facet normal 0 0 1
outer loop
vertex 7782.840000000002 10717.200000000003 3999.970000000001
vertex 9777.820000000002 10667.410000000003 3999.970000000001
vertex 9717.110000000002 10717.200000000003 3999.970000000001
endloop
endfacet
facet normal 0 0 1
outer loop
vertex 0 10717.200000000003 3999.970000000001
vertex 0 10667.410000000003 3999.970000000001
vertex 7277.790000000002 10667.410000000003 3999.970000000001
endloop
endfacet
facet normal 0 0 1
outer loop
vertex 0 10717.200000000003 3999.970000000001
vertex 7277.790000000002 10667.410000000003 3999.970000000001
vertex 7217.210000000002 10717.200000000003 3999.970000000001
endloop
endfacet
facet normal 0 0 1
outer loop
vertex 10222.290000000003 10667.410000000003 3999.970000000001
vertex 10153.130000000003 10630.490000000003 3999.970000000001
vertex 19999.980000000003 10630.490000000003 3999.970000000001
endloop
endfacet
facet normal 0 0 1
outer loop
vertex 10222.290000000003 10667.410000000003 3999.970000000001
vertex 19999.980000000003 10630.490000000003 3999.970000000001
vertex 19999.980000000003 10667.410000000003 3999.970000000001
endloop
endfacet
facet normal 0 0 1
outer loop
vertex 7722.260000000002 10667.410000000003 3999.970000000001
vertex 7653.100000000002 10630.490000000003 3999.970000000001
vertex 9846.980000000003 10630.490000000003 3999.970000000001
endloop
endfacet
facet normal 0 0 1
outer loop
vertex 7722.260000000002 10667.410000000003 3999.970000000001
vertex 9846.980000000003 10630.490000000003 3999.970000000001
vertex 9777.820000000002 10667.410000000003 3999.970000000001
endloop
endfacet
facet normal 0 0 1
outer loop
vertex 0 10667.410000000003 3999.970000000001
vertex 0 10630.490000000003 3999.970000000001
vertex 7346.950000000002 10630.490000000003 3999.970000000001
endloop
endfacet
facet normal 0 0 1
outer loop
vertex 0 10667.410000000003 3999.970000000001
vertex 7346.950000000002 10630.490000000003 3999.970000000001
vertex 7277.790000000002 10667.410000000003 3999.970000000001
endloop
endfacet
facet normal 0 0 1
outer loop
vertex 10153.130000000003 10630.490000000003 3999.970000000001
vertex 10077.990000000002 10607.740000000003 3999.970000000001
vertex 19999.980000000003 10607.740000000003 3999.970000000001
endloop
endfacet
facet normal 0 0 1
outer loop
vertex 10153.130000000003 10630.490000000003 3999.970000000001
vertex 19999.980000000003 10607.740000000003 3999.970000000001
vertex 19999.980000000003 10630.490000000003 3999.970000000001
endloop
endfacet
facet normal 0 0 1
outer loop
vertex 7653.100000000002 10630.490000000003 3999.970000000001
vertex 7578.090000000002 10607.740000000003 3999.970000000001
vertex 9921.990000000002 10607.740000000003 3999.970000000001
endloop
endfacet
facet normal 0 0 1
outer loop
vertex 7653.100000000002 10630.490000000003 3999.970000000001
vertex 9921.990000000002 10607.740000000003 3999.970000000001
vertex 9846.980000000003 10630.490000000003 3999.970000000001
endloop
endfacet
facet normal 0 0 1
outer loop
vertex 0 10630.490000000003 3999.970000000001
vertex 0 10607.740000000003 3999.970000000001
vertex 7421.960000000002 10607.740000000003 3999.970000000001
endloop
endfacet
facet normal 0 0 1
outer loop
vertex 0 10630.490000000003 3999.970000000001
vertex 7421.960000000002 10607.740000000003 3999.970000000001
vertex 7346.950000000002 10630.490000000003 3999.970000000001
endloop
endfacet
facet normal 0 0 1
outer loop
vertex 10077.990000000002 10607.740000000003 3999.970000000001
vertex 9999.990000000002 10599.940000000002 3999.970000000001
vertex 19999.980000000003 10599.940000000002 3999.970000000001
endloop
endfacet
facet normal 0 0 1
outer loop
vertex 10077.990000000002 10607.740000000003 3999.970000000001
vertex 19999.980000000003 10599.940000000002 3999.970000000001
vertex 19999.980000000003 10607.740000000003 3999.970000000001
endloop
endfacet
facet normal 0 0 1
outer loop
vertex 7578.090000000002 10607.740000000003 3999.970000000001
vertex 7499.960000000002 10599.940000000002 3999.970000000001
vertex 9999.990000000002 10599.940000000002 3999.970000000001
endloop
endfacet
facet normal 0 0 1
outer loop
vertex 7578.090000000002 10607.740000000003 3999.970000000001
vertex 9999.990000000002 10599.940000000002 3999.970000000001
vertex 9921.990000000002 10607.740000000003 3999.970000000001
endloop
endfacet
facet normal 0 0 1
outer loop
vertex 0 10607.740000000003 3999.970000000001
vertex 0 10599.940000000002 3999.970000000001
vertex 7499.960000000002 10599.940000000002 3999.970000000001
endloop
endfacet
facet normal 0 0 1
outer loop
vertex 0 10607.740000000003 3999.970000000001
vertex 7499.960000000002 10599.940000000002 3999.970000000001
vertex 7421.960000000002 10607.740000000003 3999.970000000001
endloop
endfacet
facet normal 0 0 1
outer loop
vertex 9374.950000000003 10400.000000000002 3999.970000000001
vertex 9999.990000000002 10599.940000000002 3999.970000000001
vertex 7499.960000000002 10599.940000000002 3999.970000000001
endloop
endfacet
facet normal 0 0 0.9999999999999999
outer loop
vertex 9374.950000000003 10400.000000000002 3999.970000000001
vertex 7499.960000000002 10599.940000000002 3999.970000000001
vertex 0 10599.940000000002 3999.970000000001
endloop
endfacet
facet normal 0 0 1
outer loop
vertex 9374.950000000003 10400.000000000002 3999.970000000001
vertex 0 10599.940000000002 3999.970000000001
vertex 0 10200.060000000003 3999.970000000001
endloop
endfacet
facet normal 0 0 1
outer loop
vertex 9374.950000000003 10400.000000000002 3999.970000000001
vertex 0 10200.060000000003 3999.970000000001
vertex 7499.960000000002 10200.060000000003 3999.970000000001
endloop
endfacet
facet normal 0 0 1
outer loop
vertex 9374.950000000003 10400.000000000002 3999.970000000001
vertex 7499.960000000002 10200.060000000003 3999.970000000001
vertex 9999.990000000002 10200.060000000003 3999.970000000001
endloop
endfacet
facet normal 0 0 0.9999999999999999
outer loop
vertex 9374.950000000003 10400.000000000002 3999.970000000001
vertex 9999.990000000002 10200.060000000003 3999.970000000001
vertex 19999.980000000003 10200.060000000003 3999.970000000001
endloop
endfacet
facet normal 0 0 1
outer loop
vertex 9374.950000000003 10400.000000000002 3999.970000000001
vertex 19999.980000000003 10200.060000000003 3999.970000000001
vertex 19999.980000000003 10599.940000000002 3999.970000000001
endloop
endfacet
facet normal 0 0 1
outer loop
vertex 9374.950000000003 10400.000000000002 3999.970000000001
vertex 19999.980000000003 10599.940000000002 3999.970000000001
vertex 9999.990000000002 10599.940000000002 3999.970000000001
endloop
endfacet
facet normal 0 0 1
outer loop
vertex 9999.990000000002 10200.060000000003 3999.970000000001
vertex 10038.990000000002 10196.160000000002 3999.970000000001
vertex 19999.980000000003 10196.160000000002 3999.970000000001
endloop
endfacet
facet normal 0 0 1
outer loop
vertex 9999.990000000002 10200.060000000003 3999.970000000001
vertex 19999.980000000003 10196.160000000002 3999.970000000001
vertex 19999.980000000003 10200.060000000003 3999.970000000001
endloop
endfacet
facet normal 0 0 1
outer loop
vertex 7499.960000000002 10200.060000000003 3999.970000000001
vertex 7538.960000000002 10196.160000000002 3999.970000000001
vertex 9960.990000000002 10196.160000000002 3999.970000000001
endloop
endfacet
facet normal 0 0 1
outer loop
vertex 7499.960000000002 10200.060000000003 3999.970000000001
vertex 9960.990000000002 10196.160000000002 3999.970000000001
vertex 9999.990000000002 10200.060000000003 3999.970000000001
endloop
endfacet
facet normal 0 0 1
outer loop
vertex 0 10200.060000000003 3999.970000000001
vertex 0 10196.160000000002 3999.970000000001
vertex 7460.960000000002 10196.160000000002 3999.970000000001
endloop
endfacet
facet normal 0 0 1
outer loop
vertex 0 10200.060000000003 3999.970000000001
vertex 7460.960000000002 10196.160000000002 3999.970000000001
vertex 7499.960000000002 10200.060000000003 3999.970000000001
endloop
endfacet
facet normal 0 0 1
outer loop
vertex 10038.990000000002 10196.160000000002 3999.970000000001
vertex 10076.560000000003 10184.720000000003 3999.970000000001
vertex 19999.980000000003 10184.720000000003 3999.970000000001
endloop
endfacet
facet normal 0 0 1
outer loop
vertex 10038.990000000002 10196.160000000002 3999.970000000001
vertex 19999.980000000003 10184.720000000003 3999.970000000001
vertex 19999.980000000003 10196.160000000002 3999.970000000001
endloop
endfacet
facet normal 0 0 1
outer loop
vertex 7538.960000000002 10196.160000000002 3999.970000000001
vertex 7576.530000000002 10184.720000000003 3999.970000000001
vertex 9923.420000000002 10184.720000000003 3999.970000000001
endloop
endfacet
facet normal 0 0 0.9999999999999999
outer loop
vertex 7538.960000000002 10196.160000000002 3999.970000000001
vertex 9923.420000000002 10184.720000000003 3999.970000000001
vertex 9960.990000000002 10196.160000000002 3999.970000000001
endloop
endfacet
facet normal 0 0 1
outer loop
vertex 0 10196.160000000002 3999.970000000001
vertex 0 10184.720000000003 3999.970000000001
vertex 7423.520000000002 10184.720000000003 3999.970000000001
endloop
endfacet
facet normal 0 0 1
outer loop
vertex 0 10196.160000000002 3999.970000000001
vertex 7423.520000000002 10184.720000000003 3999.970000000001
vertex 7460.960000000002 10196.160000000002 3999.970000000001
endloop
endfacet
facet normal 0 0 1
outer loop
vertex 10076.560000000003 10184.720000000003 3999.970000000001
vertex 10111.140000000003 10166.260000000002 3999.970000000001
vertex 19999.980000000003 10166.260000000002 3999.970000000001
endloop
endfacet
facet normal 0 0 1
outer loop
vertex 10076.560000000003 10184.720000000003 3999.970000000001
vertex 19999.980000000003 10166.260000000002 3999.970000000001
vertex 19999.980000000003 10184.720000000003 3999.970000000001
endloop
endfacet
facet normal 0 0 1
outer loop
vertex 7576.530000000002 10184.720000000003 3999.970000000001
vertex 7611.1100000000015 10166.260000000002 3999.970000000001
vertex 9888.840000000002 10166.260000000002 3999.970000000001
endloop
endfacet
facet normal 0 0 1
outer loop
vertex 7576.530000000002 10184.720000000003 3999.970000000001
vertex 9888.840000000002 10166.260000000002 3999.970000000001
vertex 9923.420000000002 10184.720000000003 3999.970000000001
endloop
endfacet
facet normal 0 0 1
outer loop
vertex 0 10184.720000000003 3999.970000000001
vertex 0 10166.260000000002 3999.970000000001
vertex 7388.940000000001 10166.260000000002 3999.970000000001
endloop
endfacet
facet normal 0 0 0.9999999999999999
outer loop
vertex 0 10184.720000000003 3999.970000000001
vertex 7388.940000000001 10166.260000000002 3999.970000000001
vertex 7423.520000000002 10184.720000000003 3999.970000000001
endloop
endfacet
facet normal 0 0 1
outer loop
vertex 10111.140000000003 10166.260000000002 3999.970000000001
vertex 10141.430000000002 10141.430000000002 3999.970000000001
vertex 19999.980000000003 10141.430000000002 3999.970000000001
endloop
endfacet
facet normal 0 0 0.9999999999999999
outer loop
vertex 10111.140000000003 10166.260000000002 3999.970000000001
vertex 19999.980000000003 10141.430000000002 3999.970000000001
vertex 19999.980000000003 10166.260000000002 3999.970000000001
endloop
endfacet
facet normal 0 0 1
outer loop
vertex 7611.1100000000015 10166.260000000002 3999.970000000001
vertex 7641.4000000000015 10141.430000000002 3999.970000000001
vertex 9858.550000000003 10141.430000000002 3999.970000000001
endloop
endfacet
facet normal 0 0 0.9999999999999999
outer loop
vertex 7611.1100000000015 10166.260000000002 3999.970000000001
vertex 9858.550000000003 10141.430000000002 3999.970000000001
vertex 9888.840000000002 10166.260000000002 3999.970000000001
endloop
endfacet
facet normal 0 0 1
outer loop
vertex 0 10166.260000000002 3999.970000000001
vertex 0 10141.430000000002 3999.970000000001
vertex 7358.520000000002 10141.430000000002 3999.970000000001
endloop
endfacet
facet normal 0 0 0.9999999999999999
outer loop
vertex 0 10166.260000000002 3999.970000000001
vertex 7358.520000000002 10141.430000000002 3999.970000000001
vertex 7388.940000000001 10166.260000000002 3999.970000000001
endloop
endfacet
facet normal 0 0 1
outer loop
vertex 10141.430000000002 10141.430000000002 3999.970000000001
vertex 10166.260000000002 10111.140000000003 3999.970000000001
vertex 19999.980000000003 10111.140000000003 3999.970000000001
endloop
endfacet
facet normal 0 0 1
outer loop
vertex 10141.430000000002 10141.430000000002 3999.970000000001
vertex 19999.980000000003 10111.140000000003 3999.970000000001
vertex 19999.980000000003 10141.430000000002 3999.970000000001
endloop
endfacet
facet normal 0 0 1
outer loop
vertex 7641.4000000000015 10141.430000000002 3999.970000000001
vertex 7666.230000000002 10111.140000000003 3999.970000000001
vertex 9833.720000000003 10111.140000000003 3999.970000000001
endloop
endfacet
facet normal 0 0 1
outer loop
vertex 7641.4000000000015 10141.430000000002 3999.970000000001
vertex 9833.720000000003 10111.140000000003 3999.970000000001
vertex 9858.550000000003 10141.430000000002 3999.970000000001
endloop
endfacet
facet normal 0 0 0.9999999999999999
outer loop
vertex 0 10141.430000000002 3999.970000000001
vertex 0 10111.140000000003 3999.970000000001
vertex 7333.690000000001 10111.140000000003 3999.970000000001
endloop
endfacet
facet normal 0 0 0.9999999999999999
outer loop
vertex 0 10141.430000000002 3999.970000000001
vertex 7333.690000000001 10111.140000000003 3999.970000000001
vertex 7358.520000000002 10141.430000000002 3999.970000000001
endloop
endfacet
facet normal 0 0 1
outer loop
vertex 10166.260000000002 10111.140000000003 3999.970000000001
vertex 10184.720000000003 10076.560000000003 3999.970000000001
vertex 19999.980000000003 10076.560000000003 3999.970000000001
endloop
endfacet
facet normal 0 0 1
outer loop
vertex 10166.260000000002 10111.140000000003 3999.970000000001
vertex 19999.980000000003 10076.560000000003 3999.970000000001
vertex 19999.980000000003 10111.140000000003 3999.970000000001
endloop
endfacet
facet normal 0 0 1
outer loop
vertex 7666.230000000002 10111.140000000003 3999.970000000001
vertex 7684.8200000000015 10076.560000000003 3999.970000000001
vertex 9815.260000000002 10076.560000000003 3999.970000000001
endloop
endfacet
facet normal 0 0 1
outer loop
vertex 7666.230000000002 10111.140000000003 3999.970000000001
vertex 9815.260000000002 10076.560000000003 3999.970000000001
vertex 9833.720000000003 10111.140000000003 3999.970000000001
endloop
endfacet
facet normal 0 0 1
outer loop
vertex 0 10111.140000000003 3999.970000000001
vertex 0 10076.560000000003 3999.970000000001
vertex 7315.230000000001 10076.560000000003 3999.970000000001
endloop
endfacet
facet normal 0 0 1
outer loop
vertex 0 10111.140000000003 3999.970000000001
vertex 7315.230000000001 10076.560000000003 3999.970000000001
vertex 7333.690000000001 10111.140000000003 3999.970000000001
endloop
endfacet
facet normal 0 0 0.9999999999999999
outer loop
vertex 10184.720000000003 10076.560000000003 3999.970000000001
vertex 10196.160000000002 10038.990000000002 3999.970000000001
vertex 19999.980000000003 10038.990000000002 3999.970000000001
endloop
endfacet
facet normal 0 0 1
outer loop
vertex 10184.720000000003 10076.560000000003 3999.970000000001
vertex 19999.980000000003 10038.990000000002 3999.970000000001
vertex 19999.980000000003 10076.560000000003 3999.970000000001
endloop
endfacet
facet normal 0 0 1
outer loop
vertex 7684.8200000000015 10076.560000000003 3999.970000000001
vertex 7696.130000000002 10038.990000000002 3999.970000000001
vertex 9803.820000000002 10038.990000000002 3999.970000000001
endloop
endfacet
facet normal 0 0 1
outer loop
vertex 7684.8200000000015 10076.560000000003 3999.970000000001
vertex 9803.820000000002 10038.990000000002 3999.970000000001
vertex 9815.260000000002 10076.560000000003 3999.970000000001
endloop
endfacet
facet normal 0 0 1
outer loop
vertex 0 10076.560000000003 3999.970000000001
vertex 0 10038.990000000002 3999.970000000001
vertex 7303.790000000002 10038.990000000002 3999.970000000001
endloop
endfacet
facet normal 0 0 1
outer loop
vertex 0 10076.560000000003 3999.970000000001
vertex 7303.790000000002 10038.990000000002 3999.970000000001
vertex 7315.230000000001 10076.560000000003 3999.970000000001
endloop
endfacet
facet normal 0 0 1
outer loop
vertex 10196.160000000002 10038.990000000002 3999.970000000001
vertex 10200.060000000003 9999.990000000002 3999.970000000001
vertex 19999.980000000003 9999.990000000002 3999.970000000001
endloop
endfacet
facet normal 0 0 1
outer loop
vertex 10196.160000000002 10038.990000000002 3999.970000000001
vertex 19999.980000000003 9999.990000000002 3999.970000000001
vertex 19999.980000000003 10038.990000000002 3999.970000000001
endloop
endfacet
facet normal 0 0 1
outer loop
vertex 7696.130000000002 10038.990000000002 3999.970000000001
vertex 7700.030000000002 9999.990000000002 3999.970000000001
vertex 9800.050000000003 9999.990000000002 3999.970000000001
endloop
endfacet
facet normal 0 0 1
outer loop
vertex 7696.130000000002 10038.990000000002 3999.970000000001
vertex 9800.050000000003 9999.990000000002 3999.970000000001
vertex 9803.820000000002 10038.990000000002 3999.970000000001
endloop
endfacet
facet normal 0 0 1
outer loop
vertex 0 10038.990000000002 3999.970000000001
vertex 0 9999.990000000002 3999.970000000001
vertex 7300.020000000002 9999.990000000002 3999.970000000001
endloop
endfacet
facet normal 0 0 1
outer loop
vertex 0 10038.990000000002 3999.970000000001
vertex 7300.020000000002 9999.990000000002 3999.970000000001
vertex 7303.790000000002 10038.990000000002 3999.970000000001
endloop
endfacet
facet normal 0 0 1
outer loop
vertex 10200.060000000003 9999.990000000002 3999.970000000001
vertex 10196.160000000002 9960.990000000002 3999.970000000001
vertex 19999.980000000003 9960.990000000002 3999.970000000001
endloop
endfacet
facet normal 0 0 1
outer loop
vertex 10200.060000000003 9999.990000000002 3999.970000000001
vertex 19999.980000000003 9960.990000000002 3999.970000000001
vertex 19999.980000000003 9999.990000000002 3999.970000000001
endloop
endfacet
facet normal 0 0 1
outer loop
vertex 7700.030000000002 9999.990000000002 3999.970000000001
vertex 7696.130000000002 9960.990000000002 3999.970000000001
vertex 9803.820000000002 9960.990000000002 3999.970000000001
endloop
endfacet
facet normal 0 0 1
outer loop
vertex 7700.030000000002 9999.990000000002 3999.970000000001
vertex 9803.820000000002 9960.990000000002 3999.970000000001
vertex 9800.050000000003 9999.990000000002 3999.970000000001
endloop
endfacet
facet normal 0 0 1
outer loop
vertex 0 9999.990000000002 3999.970000000001
vertex 0 9960.990000000002 3999.970000000001
vertex 7303.790000000002 9960.990000000002 3999.970000000001
endloop
endfacet
facet normal 0 0 1
outer loop
vertex 0 9999.990000000002 3999.970000000001
vertex 7303.790000000002 9960.990000000002 3999.970000000001
vertex 7300.020000000002 9999.990000000002 3999.970000000001
endloop
endfacet
facet normal 0 0 0.9999999999999999
outer loop
vertex 10196.160000000002 9960.990000000002 3999.970000000001
vertex 10184.720000000003 9923.420000000002 3999.970000000001
vertex 19999.980000000003 9923.420000000002 3999.970000000001
endloop
endfacet
facet normal 0 0 0.9999999999999999
outer loop
vertex 10196.160000000002 9960.990000000002 3999.970000000001
vertex 19999.980000000003 9923.420000000002 3999.970000000001
vertex 19999.980000000003 9960.990000000002 3999.970000000001
endloop
endfacet
facet normal 0 0 1
outer loop
vertex 7696.130000000002 9960.990000000002 3999.970000000001
vertex 7684.8200000000015 9923.420000000002 3999.970000000001
vertex 9815.260000000002 9923.420000000002 3999.970000000001
endloop
endfacet
facet normal 0 0 1
outer loop
vertex 7696.130000000002 9960.990000000002 3999.970000000001
vertex 9815.260000000002 9923.420000000002 3999.970000000001
vertex 9803.820000000002 9960.990000000002 3999.970000000001
endloop
endfacet
facet normal 0 0 1
outer loop
vertex 0 9960.990000000002 3999.970000000001
vertex 0 9923.420000000002 3999.970000000001
vertex 7315.230000000001 9923.420000000002 3999.970000000001
endloop
endfacet
facet normal 0 0 1
outer loop
vertex 0 9960.990000000002 3999.970000000001
vertex 7315.230000000001 9923.420000000002 3999.970000000001
vertex 7303.790000000002 9960.990000000002 3999.970000000001
endloop
endfacet
facet normal 0 0 1
outer loop
vertex 10184.720000000003 9923.420000000002 3999.970000000001
vertex 10166.260000000002 9888.840000000002 3999.970000000001
vertex 19999.980000000003 9888.840000000002 3999.970000000001
endloop
endfacet
facet normal 0 0 1
outer loop
vertex 10184.720000000003 9923.420000000002 3999.970000000001
vertex 19999.980000000003 9888.840000000002 3999.970000000001
vertex 19999.980000000003 9923.420000000002 3999.970000000001
endloop
endfacet
facet normal 0 0 1
outer loop
vertex 7684.8200000000015 9923.420000000002 3999.970000000001
vertex 7666.230000000002 9888.840000000002 3999.970000000001
vertex 9833.720000000003 9888.840000000002 3999.970000000001
endloop
endfacet
facet normal 0 0 1
outer loop
vertex 7684.8200000000015 9923.420000000002 3999.970000000001
vertex 9833.720000000003 9888.840000000002 3999.970000000001
vertex 9815.260000000002 9923.420000000002 3999.970000000001
endloop
endfacet
facet normal 0 0 1
outer loop
vertex 0 9923.420000000002 3999.970000000001
vertex 0 9888.840000000002 3999.970000000001
vertex 7333.690000000001 9888.840000000002 3999.970000000001
endloop
endfacet
facet normal 0 0 1
outer loop
vertex 0 9923.420000000002 3999.970000000001
vertex 7333.690000000001 9888.840000000002 3999.970000000001
vertex 7315.230000000001 9923.420000000002 3999.970000000001
endloop
endfacet
facet normal 0 0 1
outer loop
vertex 10166.260000000002 9888.840000000002 3999.970000000001
vertex 10141.430000000002 9858.550000000003 3999.970000000001
vertex 19999.980000000003 9858.550000000003 3999.970000000001
endloop
endfacet
facet normal 0 0 1
outer loop
vertex 10166.260000000002 9888.840000000002 3999.970000000001
vertex 19999.980000000003 9858.550000000003 3999.970000000001
vertex 19999.980000000003 9888.840000000002 3999.970000000001
endloop
endfacet
facet normal 0 0 1
outer loop
vertex 7666.230000000002 9888.840000000002 3999.970000000001
vertex 7641.4000000000015 9858.550000000003 3999.970000000001
vertex 9858.550000000003 9858.550000000003 3999.970000000001
endloop
endfacet
facet normal 0 0 1
outer loop
vertex 7666.230000000002 9888.840000000002 3999.970000000001
vertex 9858.550000000003 9858.550000000003 3999.970000000001
vertex 9833.720000000003 9888.840000000002 3999.970000000001
endloop
endfacet
facet normal 0 0 0.9999999999999999
outer loop
vertex 0 9888.840000000002 3999.970000000001
vertex 0 9858.550000000003 3999.970000000001
vertex 7358.520000000002 9858.550000000003 3999.970000000001
endloop
endfacet
facet normal 0 0 0.9999999999999999
outer loop
vertex 0 9888.840000000002 3999.970000000001
vertex 7358.520000000002 9858.550000000003 3999.970000000001
vertex 7333.690000000001 9888.840000000002 3999.970000000001
endloop
endfacet
facet normal 0 0 0.9999999999999999
outer loop
vertex 10141.430000000002 9858.550000000003 3999.970000000001
vertex 10111.140000000003 9833.720000000003 3999.970000000001
vertex 19999.980000000003 9833.720000000003 3999.970000000001
endloop
endfacet
facet normal 0 0 1
outer loop
vertex 10141.430000000002 9858.550000000003 3999.970000000001
vertex 19999.980000000003 9833.720000000003 3999.970000000001
vertex 19999.980000000003 9858.550000000003 3999.970000000001
endloop
endfacet
facet normal 0 0 0.9999999999999999
outer loop
vertex 7641.4000000000015 9858.550000000003 3999.970000000001
vertex 7611.1100000000015 9833.720000000003 3999.970000000001
vertex 9888.840000000002 9833.720000000003 3999.970000000001
endloop
endfacet
facet normal 0 0 1
outer loop
vertex 7641.4000000000015 9858.550000000003 3999.970000000001
vertex 9888.840000000002 9833.720000000003 3999.970000000001
vertex 9858.550000000003 9858.550000000003 3999.970000000001
endloop
endfacet
facet normal 0 0 0.9999999999999999
outer loop
vertex 0 9858.550000000003 3999.970000000001
vertex 0 9833.720000000003 3999.970000000001
vertex 7388.940000000001 9833.720000000003 3999.970000000001
endloop
endfacet
facet normal 0 0 1
outer loop
vertex 0 9858.550000000003 3999.970000000001
vertex 7388.940000000001 9833.720000000003 3999.970000000001
vertex 7358.520000000002 9858.550000000003 3999.970000000001
endloop
endfacet
facet normal 0 0 1
outer loop
vertex 10111.140000000003 9833.720000000003 3999.970000000001
vertex 10076.560000000003 9815.260000000002 3999.970000000001
vertex 19999.980000000003 9815.260000000002 3999.970000000001
endloop
endfacet
facet normal 0 0 1
outer loop
vertex 10111.140000000003 9833.720000000003 3999.970000000001
vertex 19999.980000000003 9815.260000000002 3999.970000000001
vertex 19999.980000000003 9833.720000000003 3999.970000000001
endloop
endfacet
facet normal 0 0 1
outer loop
vertex 7611.1100000000015 9833.720000000003 3999.970000000001
vertex 7576.530000000002 9815.260000000002 3999.970000000001
vertex 9923.420000000002 9815.260000000002 3999.970000000001
endloop
endfacet
facet normal 0 0 1
outer loop
vertex 7611.1100000000015 9833.720000000003 3999.970000000001
vertex 9923.420000000002 9815.260000000002 3999.970000000001
vertex 9888.840000000002 9833.720000000003 3999.970000000001
endloop
endfacet
facet normal 0 0 0.9999999999999999
outer loop
vertex 0 9833.720000000003 3999.970000000001
vertex 0 9815.260000000002 3999.970000000001
vertex 7423.520000000002 9815.260000000002 3999.970000000001
endloop
endfacet
facet normal 0 0 1
outer loop
vertex 0 9833.720000000003 3999.970000000001
vertex 7423.520000000002 9815.260000000002 3999.970000000001
vertex 7388.940000000001 9833.720000000003 3999.970000000001
endloop
endfacet
facet normal 0 0 1
outer loop
vertex 10076.560000000003 9815.260000000002 3999.970000000001
vertex 10038.990000000002 9803.820000000002 3999.970000000001
vertex 19999.980000000003 9803.820000000002 3999.970000000001
endloop
endfacet
facet normal 0 0 1
outer loop
vertex 10076.560000000003 9815.260000000002 3999.970000000001
vertex 19999.980000000003 9803.820000000002 3999.970000000001
vertex 19999.980000000003 9815.260000000002 3999.970000000001
endloop
endfacet
facet normal 0 0 0.9999999999999999
outer loop
vertex 7576.530000000002 9815.260000000002 3999.970000000001
vertex 7538.960000000002 9803.820000000002 3999.970000000001
vertex 9960.990000000002 9803.820000000002 3999.970000000001
endloop
endfacet
facet normal 0 0 0.9999999999999999
outer loop
vertex 7576.530000000002 9815.260000000002 3999.970000000001
vertex 9960.990000000002 9803.820000000002 3999.970000000001
vertex 9923.420000000002 9815.260000000002 3999.970000000001
endloop
endfacet
facet normal 0 0 1
outer loop
vertex 0 9815.260000000002 3999.970000000001
vertex 0 9803.820000000002 3999.970000000001
vertex 7460.960000000002 9803.820000000002 3999.970000000001
endloop
endfacet
facet normal 0 0 1
outer loop
vertex 0 9815.260000000002 3999.970000000001
vertex 7460.960000000002 9803.820000000002 3999.970000000001
vertex 7423.520000000002 9815.260000000002 3999.970000000001
endloop
endfacet
facet normal 0 0 1
outer loop
vertex 10038.990000000002 9803.820000000002 3999.970000000001
vertex 9999.990000000002 9800.050000000003 3999.970000000001
vertex 19999.980000000003 9800.050000000003 3999.970000000001
endloop
endfacet
facet normal 0 0 1
outer loop
vertex 10038.990000000002 9803.820000000002 3999.970000000001
vertex 19999.980000000003 9800.050000000003 3999.970000000001
vertex 19999.980000000003 9803.820000000002 3999.970000000001
endloop
endfacet
facet normal 0 0 1
outer loop
vertex 7538.960000000002 9803.820000000002 3999.970000000001
vertex 7499.960000000002 9800.050000000003 3999.970000000001
vertex 9999.990000000002 9800.050000000003 3999.970000000001
endloop
endfacet
facet normal 0 0 1
outer loop
vertex 7538.960000000002 9803.820000000002 3999.970000000001
vertex 9999.990000000002 9800.050000000003 3999.970000000001
vertex 9960.990000000002 9803.820000000002 3999.970000000001
endloop
endfacet
facet normal 0 0 1
outer loop
vertex 0 9803.820000000002 3999.970000000001
vertex 0 9800.050000000003 3999.970000000001
vertex 7499.960000000002 9800.050000000003 3999.970000000001
endloop
endfacet
facet normal 0 0 0.9999999999999999
outer loop
vertex 0 9803.820000000002 3999.970000000001
vertex 7499.960000000002 9800.050000000003 3999.970000000001
vertex 7460.960000000002 9803.820000000002 3999.970000000001
endloop
endfacet
facet normal 0 0 1
outer loop
vertex 9583.340000000002 6533.410000000002 3999.970000000001
vertex 9999.990000000002 9800.050000000003 3999.970000000001
vertex 7499.960000000002 9800.050000000003 3999.970000000001
endloop
endfacet
facet normal 0 0 1
outer loop
vertex 9583.340000000002 6533.410000000002 3999.970000000001
vertex 7499.960000000002 9800.050000000003 3999.970000000001
vertex 0 9800.050000000003 3999.970000000001
endloop
endfacet
facet normal 0 0 1
outer loop
vertex 9583.340000000002 6533.410000000002 3999.970000000001
vertex 0 9800.050000000003 3999.970000000001
vertex 0 0 3999.970000000001
endloop
endfacet
facet normal 0 0 0.9999999999999999
outer loop
vertex 9583.340000000002 6533.410000000002 3999.970000000001
vertex 0 0 3999.970000000001
vertex 19999.980000000003 0 3999.970000000001
endloop
endfacet
facet normal 0 0 1
outer loop
vertex 9583.340000000002 6533.410000000002 3999.970000000001
vertex 19999.980000000003 0 3999.970000000001
vertex 19999.980000000003 9800.050000000003 3999.970000000001
endloop
endfacet
facet normal 0 0 1
outer loop
vertex 9583.340000000002 6533.410000000002 3999.970000000001
vertex 19999.980000000003 9800.050000000003 3999.970000000001
vertex 9999.990000000002 9800.050000000003 3999.970000000001
endloop
endfacet
facet normal 1 0 0
outer loop
vertex 9599.980000000003 9599.980000000003 3499.9900000000007
vertex 9599.980000000003 9599.980000000003 400.0100000000001
vertex 9599.980000000003 10400.000000000002 400.0100000000001
endloop
endfacet
facet normal 1 0 0
outer loop
vertex 9599.980000000003 9599.980000000003 3499.9900000000007
vertex 9599.980000000003 10400.000000000002 400.0100000000001
vertex 9599.980000000003 10400.000000000002 3499.9900000000007
endloop
endfacet
facet normal 0 1 0
outer loop
vertex 10400.000000000002 9599.980000000003 3499.9900000000007
vertex 10400.000000000002 9599.980000000003 400.0100000000001
vertex 9599.980000000003 9599.980000000003 400.0100000000001
endloop
endfacet
facet normal 0 1 0
outer loop
vertex 10400.000000000002 9599.980000000003 3499.9900000000007
vertex 9599.980000000003 9599.980000000003 400.0100000000001
vertex 9599.980000000003 9599.980000000003 3499.9900000000007
endloop
endfacet
facet normal -1 0 0
outer loop
vertex 10400.000000000002 10400.000000000002 3499.9900000000007
vertex 10400.000000000002 10400.000000000002 400.0100000000001
vertex 10400.000000000002 9599.980000000003 400.0100000000001
endloop
endfacet
facet normal -1 0 0
outer loop
vertex 10400.000000000002 10400.000000000002 3499.9900000000007
vertex 10400.000000000002 9599.980000000003 400.0100000000001
vertex 10400.000000000002 9599.980000000003 3499.9900000000007
endloop
endfacet
facet normal 0 -1 0
outer loop
vertex 9599.980000000003 10400.000000000002 3499.9900000000007
vertex 9599.980000000003 10400.000000000002 400.0100000000001
vertex 10400.000000000002 10400.000000000002 400.0100000000001
endloop
endfacet
facet normal 0 -1 0
outer loop
vertex 9599.980000000003 10400.000000000002 3499.9900000000007
vertex 10400.000000000002 10400.000000000002 400.0100000000001
vertex 10400.000000000002 10400.000000000002 3499.9900000000007
endloop
endfacet
facet normal -0.804528531490491 -0.08045285314907868 -0.5884396149461104
outer loop
vertex 10565.750000000002 9999.990000000002 3499.9900000000007
vertex 10200.060000000003 9999.990000000002 3999.970000000001
vertex 10196.160000000002 10038.990000000002 3999.970000000001
endloop
endfacet
facet normal -0.8045519464195097 -0.07960231271995144 -0.5885232682929483
outer loop
vertex 10565.750000000002 9999.990000000002 3499.9900000000007
vertex 10196.160000000002 10038.990000000002 3999.970000000001
vertex 10554.830000000002 10110.360000000002 3499.9900000000007
endloop
endfacet
facet normal -0.7734554983840664 -0.23551586109960984 -0.5884716400897879
outer loop
vertex 10554.830000000002 10110.360000000002 3499.9900000000007
vertex 10196.160000000002 10038.990000000002 3999.970000000001
vertex 10184.720000000003 10076.560000000003 3999.970000000001
endloop
endfacet
facet normal -0.7735504169553769 -0.23509865613349543 -0.5885136993413043
outer loop
vertex 10554.830000000002 10110.360000000002 3499.9900000000007
vertex 10184.720000000003 10076.560000000003 3999.970000000001
vertex 10522.590000000002 10216.440000000002 3499.9900000000007
endloop
endfacet
facet normal -0.7132311994943036 -0.38074748243682904 -0.5885003064450632
outer loop
vertex 10522.590000000002 10216.440000000002 3499.9900000000007
vertex 10184.720000000003 10076.560000000003 3999.970000000001
vertex 10166.260000000002 10111.140000000003 3999.970000000001
endloop
endfacet
facet normal -0.7132235088433994 -0.38076474177297404 -0.5884984603681388
outer loop
vertex 10522.590000000002 10216.440000000002 3499.9900000000007
vertex 10166.260000000002 10111.140000000003 3999.970000000001
vertex 10470.330000000002 10314.330000000002 3499.9900000000007
endloop
endfacet
facet normal -0.6252403597677422 -0.5125360889083346 -0.5885416298649163
outer loop
vertex 10470.330000000002 10314.330000000002 3499.9900000000007
vertex 10166.260000000002 10111.140000000003 3999.970000000001
vertex 10141.430000000002 10141.430000000002 3999.970000000001
endloop
endfacet
facet normal -0.6249049885018895 -0.513010013322491 -0.5884849034395964
outer loop
vertex 10470.330000000002 10314.330000000002 3499.9900000000007
vertex 10141.430000000002 10141.430000000002 3999.970000000001
vertex 10400.000000000002 10400.000000000002 3499.9900000000007
endloop
endfacet
facet normal -0.5125360889083352 -0.6252403597677421 -0.5885416298649162
outer loop
vertex 10141.430000000002 10141.430000000002 3999.970000000001
vertex 10111.140000000003 10166.260000000002 3999.970000000001
vertex 10314.330000000002 10470.330000000002 3499.9900000000007
endloop
endfacet
facet normal -0.5130100133224909 -0.6249049885018896 -0.5884849034395965
outer loop
vertex 10141.430000000002 10141.430000000002 3999.970000000001
vertex 10314.330000000002 10470.330000000002 3499.9900000000007
vertex 10400.000000000002 10400.000000000002 3499.9900000000007
endloop
endfacet
facet normal -0.38074748243682904 -0.7132311994943037 -0.5885003064450633
outer loop
vertex 10111.140000000003 10166.260000000002 3999.970000000001
vertex 10076.560000000003 10184.720000000003 3999.970000000001
vertex 10216.440000000002 10522.590000000002 3499.9900000000007
endloop
endfacet
facet normal -0.38076474177297387 -0.7132235088433994 -0.5884984603681388
outer loop
vertex 10111.140000000003 10166.260000000002 3999.970000000001
vertex 10216.440000000002 10522.590000000002 3499.9900000000007
vertex 10314.330000000002 10470.330000000002 3499.9900000000007
endloop
endfacet
facet normal -0.23551586109960995 -0.7734554983840662 -0.5884716400897879
outer loop
vertex 10076.560000000003 10184.720000000003 3999.970000000001
vertex 10038.990000000002 10196.160000000002 3999.970000000001
vertex 10110.360000000002 10554.830000000002 3499.9900000000007
endloop
endfacet
facet normal -0.23509865613349545 -0.773550416955377 -0.5885136993413044
outer loop
vertex 10076.560000000003 10184.720000000003 3999.970000000001
vertex 10110.360000000002 10554.830000000002 3499.9900000000007
vertex 10216.440000000002 10522.590000000002 3499.9900000000007
endloop
endfacet
facet normal -0.08045285314907911 -0.804528531490491 -0.5884396149461104
outer loop
vertex 10038.990000000002 10196.160000000002 3999.970000000001
vertex 9999.990000000002 10200.060000000003 3999.970000000001
vertex 9999.990000000002 10565.750000000002 3499.9900000000007
endloop
endfacet
facet normal -0.07960231271995151 -0.8045519464195097 -0.5885232682929483
outer loop
vertex 10038.990000000002 10196.160000000002 3999.970000000001
vertex 9999.990000000002 10565.750000000002 3499.9900000000007
vertex 10110.360000000002 10554.830000000002 3499.9900000000007
endloop
endfacet
facet normal 0.0804439403251206 -0.8044394032509059 -0.588562672076895
outer loop
vertex 9999.990000000002 10200.060000000003 3999.970000000001
vertex 9960.990000000002 10196.160000000002 3999.970000000001
vertex 9889.620000000003 10554.830000000002 3499.9900000000007
endloop
endfacet
facet normal 0.07960542939242896 -0.804583447073465 -0.5884797807118166
outer loop
vertex 9999.990000000002 10200.060000000003 3999.970000000001
vertex 9889.620000000003 10554.830000000002 3499.9900000000007
vertex 9999.990000000002 10565.750000000002 3499.9900000000007
endloop
endfacet
facet normal 0.23509865613349545 -0.773550416955377 -0.5885136993413044
outer loop
vertex 9923.420000000002 10184.720000000003 3999.970000000001
vertex 9783.540000000003 10522.590000000002 3499.9900000000007
vertex 9889.620000000003 10554.830000000002 3499.9900000000007
endloop
endfacet
facet normal 0.2355158610996206 -0.7734554983840638 -0.5884716400897868
outer loop
vertex 9923.420000000002 10184.720000000003 3999.970000000001
vertex 9889.620000000003 10554.830000000002 3499.9900000000007
vertex 9960.990000000002 10196.160000000002 3999.970000000001
endloop
endfacet
facet normal 0.38117362975779073 -0.7130412178553687 -0.5884546589301537
outer loop
vertex 9888.840000000002 10166.260000000002 3999.970000000001
vertex 9685.780000000002 10470.330000000002 3499.9900000000007
vertex 9783.540000000003 10522.590000000002 3499.9900000000007
endloop
endfacet
facet normal 0.38074748243682904 -0.7132311994943037 -0.5885003064450633
outer loop
vertex 9888.840000000002 10166.260000000002 3999.970000000001
vertex 9783.540000000003 10522.590000000002 3499.9900000000007
vertex 9923.420000000002 10184.720000000003 3999.970000000001
endloop
endfacet
facet normal 0.5125582696669955 -0.6253021404440197 -0.5884566707516392
outer loop
vertex 9858.550000000003 10141.430000000002 3999.970000000001
vertex 9599.980000000003 10400.000000000002 3499.9900000000007
vertex 9685.780000000002 10470.330000000002 3499.9900000000007
endloop
endfacet
facet normal 0.5125762882303532 -0.6252893987312508 -0.5884545153011445
outer loop
vertex 9858.550000000003 10141.430000000002 3999.970000000001
vertex 9685.780000000002 10470.330000000002 3499.9900000000007
vertex 9888.840000000002 10166.260000000002 3999.970000000001
endloop
endfacet
facet normal 0.625240359767741 -0.5125360889083344 -0.5885416298649175
outer loop
vertex 9858.550000000003 10141.430000000002 3999.970000000001
vertex 9833.720000000003 10111.140000000003 3999.970000000001
vertex 9529.650000000001 10314.330000000002 3499.9900000000007
endloop
endfacet
facet normal 0.6249049885018827 -0.5130100133224987 -0.5884849034395969
outer loop
vertex 9858.550000000003 10141.430000000002 3999.970000000001
vertex 9529.650000000001 10314.330000000002 3499.9900000000007
vertex 9599.980000000003 10400.000000000002 3499.9900000000007
endloop
endfacet
facet normal 0.7132311994943037 -0.38074748243682904 -0.5885003064450633
outer loop
vertex 9833.720000000003 10111.140000000003 3999.970000000001
vertex 9815.260000000002 10076.560000000003 3999.970000000001
vertex 9477.390000000003 10216.440000000002 3499.9900000000007
endloop
endfacet
facet normal 0.713223508843404 -0.3807647417729632 -0.5884984603681399
outer loop
vertex 9833.720000000003 10111.140000000003 3999.970000000001
vertex 9477.390000000003 10216.440000000002 3499.9900000000007
vertex 9529.650000000001 10314.330000000002 3499.9900000000007
endloop
endfacet
facet normal 0.773455498384057 -0.2355158610996446 -0.5884716400897864
outer loop
vertex 9815.260000000002 10076.560000000003 3999.970000000001
vertex 9803.820000000002 10038.990000000002 3999.970000000001
vertex 9445.150000000001 10110.360000000002 3499.9900000000007
endloop
endfacet
facet normal 0.7735504169553727 -0.23509865613350736 -0.5885136993413049
outer loop
vertex 9815.260000000002 10076.560000000003 3999.970000000001
vertex 9445.150000000001 10110.360000000002 3499.9900000000007
vertex 9477.390000000003 10216.440000000002 3499.9900000000007
endloop
endfacet
facet normal 0.804699274170552 -0.07778759650312483 -0.5885644977227674
outer loop
vertex 9803.820000000002 10038.990000000002 3999.970000000001
vertex 9800.050000000003 9999.990000000002 3999.970000000001
vertex 9434.360000000002 9999.990000000002 3499.9900000000007
endloop
endfacet
facet normal 0.8046763490996952 -0.07866682800384962 -0.5884789744514226
outer loop
vertex 9803.820000000002 10038.990000000002 3999.970000000001
vertex 9434.360000000002 9999.990000000002 3499.9900000000007
vertex 9445.150000000001 10110.360000000002 3499.9900000000007
endloop
endfacet
facet normal 0.804791433170887 0.07779650520649053 -0.5884372973158705
outer loop
vertex 9800.050000000003 9999.990000000002 3999.970000000001
vertex 9803.820000000002 9960.990000000002 3999.970000000001
vertex 9445.150000000001 9889.620000000003 3499.9900000000007
endloop
endfacet
facet normal 0.8046437909535198 0.07866364505198689 -0.588523916784257
outer loop
vertex 9800.050000000003 9999.990000000002 3999.970000000001
vertex 9445.150000000001 9889.620000000003 3499.9900000000007
vertex 9434.360000000002 9999.990000000002 3499.9900000000007
endloop
endfacet
facet normal 0.7735504169553727 0.23509865613350736 -0.5885136993413049
outer loop
vertex 9815.260000000002 9923.420000000002 3999.970000000001
vertex 9477.390000000003 9783.540000000003 3499.9900000000007
vertex 9445.150000000001 9889.620000000003 3499.9900000000007
endloop
endfacet
facet normal 0.7734554983840545 0.23551586109965522 -0.5884716400897851
outer loop
vertex 9815.260000000002 9923.420000000002 3999.970000000001
vertex 9445.150000000001 9889.620000000003 3499.9900000000007
vertex 9803.820000000002 9960.990000000002 3999.970000000001
endloop
endfacet
facet normal 0.7130412178553733 0.3811736297577801 -0.5884546589301548
outer loop
vertex 9833.720000000003 9888.840000000002 3999.970000000001
vertex 9529.650000000001 9685.780000000002 3499.9900000000007
vertex 9477.390000000003 9783.540000000003 3499.9900000000007
endloop
endfacet
facet normal 0.7132311994943037 0.38074748243682904 -0.5885003064450633
outer loop
vertex 9833.720000000003 9888.840000000002 3999.970000000001
vertex 9477.390000000003 9783.540000000003 3499.9900000000007
vertex 9815.260000000002 9923.420000000002 3999.970000000001
endloop
endfacet
facet normal 0.6253021404440128 0.5125582696670035 -0.5884566707516398
outer loop
vertex 9858.550000000003 9858.550000000003 3999.970000000001
vertex 9599.980000000003 9599.980000000003 3499.9900000000007
vertex 9529.650000000001 9685.780000000002 3499.9900000000007
endloop
endfacet
facet normal 0.62528939873125 0.5125762882303525 -0.588454515301146
outer loop
vertex 9858.550000000003 9858.550000000003 3999.970000000001
vertex 9529.650000000001 9685.780000000002 3499.9900000000007
vertex 9833.720000000003 9888.840000000002 3999.970000000001
endloop
endfacet
facet normal 0.5125582696670034 0.6253021404440128 -0.5884566707516398
outer loop
vertex 9685.780000000002 9529.650000000001 3499.9900000000007
vertex 9599.980000000003 9599.980000000003 3499.9900000000007
vertex 9858.550000000003 9858.550000000003 3999.970000000001
endloop
endfacet
facet normal 0.5125762882303527 0.6252893987312499 -0.5884545153011457
outer loop
vertex 9685.780000000002 9529.650000000001 3499.9900000000007
vertex 9858.550000000003 9858.550000000003 3999.970000000001
vertex 9888.840000000002 9833.720000000003 3999.970000000001
endloop
endfacet
facet normal 0.38117362975778013 0.7130412178553733 -0.5884546589301549
outer loop
vertex 9783.540000000003 9477.390000000003 3499.9900000000007
vertex 9685.780000000002 9529.650000000001 3499.9900000000007
vertex 9888.840000000002 9833.720000000003 3999.970000000001
endloop
endfacet
facet normal 0.38074748243682904 0.7132311994943036 -0.5885003064450632
outer loop
vertex 9783.540000000003 9477.390000000003 3499.9900000000007
vertex 9888.840000000002 9833.720000000003 3999.970000000001
vertex 9923.420000000002 9815.260000000002 3999.970000000001
endloop
endfacet
facet normal 0.2350986561335075 0.7735504169553729 -0.5885136993413048
outer loop
vertex 9889.620000000003 9445.150000000001 3499.9900000000007
vertex 9783.540000000003 9477.390000000003 3499.9900000000007
vertex 9923.420000000002 9815.260000000002 3999.970000000001
endloop
endfacet
facet normal 0.2355158610996548 0.7734554983840547 -0.5884716400897851
outer loop
vertex 9889.620000000003 9445.150000000001 3499.9900000000007
vertex 9923.420000000002 9815.260000000002 3999.970000000001
vertex 9960.990000000002 9803.820000000002 3999.970000000001
endloop
endfacet
facet normal 0.07866682800385096 0.8046763490996951 -0.5884789744514224
outer loop
vertex 9999.990000000002 9434.360000000002 3499.9900000000007
vertex 9889.620000000003 9445.150000000001 3499.9900000000007
vertex 9960.990000000002 9803.820000000002 3999.970000000001
endloop
endfacet
facet normal 0.0777875965031244 0.8046992741705521 -0.5885644977227675
outer loop
vertex 9999.990000000002 9434.360000000002 3499.9900000000007
vertex 9960.990000000002 9803.820000000002 3999.970000000001
vertex 9999.990000000002 9800.050000000003 3999.970000000001
endloop
endfacet
facet normal -0.0777875965031244 0.8046992741705521 -0.5885644977227675
outer loop
vertex 9999.990000000002 9434.360000000002 3499.9900000000007
vertex 9999.990000000002 9800.050000000003 3999.970000000001
vertex 10038.990000000002 9803.820000000002 3999.970000000001
endloop
endfacet
facet normal -0.07866682800384966 0.8046763490996952 -0.5884789744514227
outer loop
vertex 9999.990000000002 9434.360000000002 3499.9900000000007
vertex 10038.990000000002 9803.820000000002 3999.970000000001
vertex 10110.360000000002 9445.150000000001 3499.9900000000007
endloop
endfacet
facet normal -0.23551586109964417 0.7734554983840572 -0.5884716400897864
outer loop
vertex 10110.360000000002 9445.150000000001 3499.9900000000007
vertex 10038.990000000002 9803.820000000002 3999.970000000001
vertex 10076.560000000003 9815.260000000002 3999.970000000001
endloop
endfacet
facet normal -0.2350986561335075 0.7735504169553729 -0.5885136993413048
outer loop
vertex 10110.360000000002 9445.150000000001 3499.9900000000007
vertex 10076.560000000003 9815.260000000002 3999.970000000001
vertex 10216.440000000002 9477.390000000003 3499.9900000000007
endloop
endfacet
facet normal -0.38074748243682904 0.7132311994943036 -0.5885003064450632
outer loop
vertex 10216.440000000002 9477.390000000003 3499.9900000000007
vertex 10076.560000000003 9815.260000000002 3999.970000000001
vertex 10111.140000000003 9833.720000000003 3999.970000000001
endloop
endfacet
facet normal -0.3807647417729634 0.7132235088434042 -0.5884984603681399
outer loop
vertex 10216.440000000002 9477.390000000003 3499.9900000000007
vertex 10111.140000000003 9833.720000000003 3999.970000000001
vertex 10314.330000000002 9529.650000000001 3499.9900000000007
endloop
endfacet
facet normal -0.5125360889083347 0.625240359767741 -0.5885416298649172
outer loop
vertex 10314.330000000002 9529.650000000001 3499.9900000000007
vertex 10111.140000000003 9833.720000000003 3999.970000000001
vertex 10141.430000000002 9858.550000000003 3999.970000000001
endloop
endfacet
facet normal -0.5130100133224986 0.6249049885018827 -0.5884849034395969
outer loop
vertex 10314.330000000002 9529.650000000001 3499.9900000000007
vertex 10141.430000000002 9858.550000000003 3999.970000000001
vertex 10400.000000000002 9599.980000000003 3499.9900000000007
endloop
endfacet
facet normal -0.6253021404440195 0.5125582696669956 -0.5884566707516392
outer loop
vertex 10470.330000000002 9685.780000000002 3499.9900000000007
vertex 10400.000000000002 9599.980000000003 3499.9900000000007
vertex 10141.430000000002 9858.550000000003 3999.970000000001
endloop
endfacet
facet normal -0.625289398731251 0.5125762882303525 -0.5884545153011447
outer loop
vertex 10470.330000000002 9685.780000000002 3499.9900000000007
vertex 10141.430000000002 9858.550000000003 3999.970000000001
vertex 10166.260000000002 9888.840000000002 3999.970000000001
endloop
endfacet
facet normal -0.7130412178553684 0.3811736297577908 -0.5884546589301537
outer loop
vertex 10522.590000000002 9783.540000000003 3499.9900000000007
vertex 10470.330000000002 9685.780000000002 3499.9900000000007
vertex 10166.260000000002 9888.840000000002 3999.970000000001
endloop
endfacet
facet normal -0.7132311994943036 0.38074748243682904 -0.5885003064450632
outer loop
vertex 10522.590000000002 9783.540000000003 3499.9900000000007
vertex 10166.260000000002 9888.840000000002 3999.970000000001
vertex 10184.720000000003 9923.420000000002 3999.970000000001
endloop
endfacet
facet normal -0.7735504169553769 0.23509865613349543 -0.5885136993413043
outer loop
vertex 10554.830000000002 9889.620000000003 3499.9900000000007
vertex 10522.590000000002 9783.540000000003 3499.9900000000007
vertex 10184.720000000003 9923.420000000002 3999.970000000001
endloop
endfacet
facet normal -0.7734554983840638 0.23551586109962044 -0.5884716400897867
outer loop
vertex 10554.830000000002 9889.620000000003 3499.9900000000007
vertex 10184.720000000003 9923.420000000002 3999.970000000001
vertex 10196.160000000002 9960.990000000002 3999.970000000001
endloop
endfacet
facet normal -0.8045519464195096 0.07960231271995273 -0.5885232682929481
outer loop
vertex 10565.750000000002 9999.990000000002 3499.9900000000007
vertex 10554.830000000002 9889.620000000003 3499.9900000000007
vertex 10196.160000000002 9960.990000000002 3999.970000000001
endloop
endfacet
facet normal -0.804528531490491 0.08045285314907868 -0.5884396149461104
outer loop
vertex 10565.750000000002 9999.990000000002 3499.9900000000007
vertex 10196.160000000002 9960.990000000002 3999.970000000001
vertex 10200.060000000003 9999.990000000002 3999.970000000001
endloop
endfacet
facet normal 0 0 1
outer loop
vertex 9999.990000000002 10495.680000000002 3499.9900000000007
vertex 9889.620000000003 10554.830000000002 3499.9900000000007
vertex 9783.540000000003 10522.590000000002 3499.9900000000007
endloop
endfacet
facet normal 0 0 1
outer loop
vertex 9999.990000000002 10495.680000000002 3499.9900000000007
vertex 9783.540000000003 10522.590000000002 3499.9900000000007
vertex 9685.780000000002 10470.330000000002 3499.9900000000007
endloop
endfacet
facet normal 0 0 0.9999999999999999
outer loop
vertex 9999.990000000002 10495.680000000002 3499.9900000000007
vertex 9685.780000000002 10470.330000000002 3499.9900000000007
vertex 9599.980000000003 10400.000000000002 3499.9900000000007
endloop
endfacet
facet normal 0 0 1
outer loop
vertex 9999.990000000002 10495.680000000002 3499.9900000000007
vertex 9599.980000000003 10400.000000000002 3499.9900000000007
vertex 10400.000000000002 10400.000000000002 3499.9900000000007
endloop
endfacet
facet normal 0 0 1
outer loop
vertex 9999.990000000002 10495.680000000002 3499.9900000000007
vertex 10400.000000000002 10400.000000000002 3499.9900000000007
vertex 10314.330000000002 10470.330000000002 3499.9900000000007
endloop
endfacet
facet normal 0 0 1
outer loop
vertex 9999.990000000002 10495.680000000002 3499.9900000000007
vertex 10314.330000000002 10470.330000000002 3499.9900000000007
vertex 10216.440000000002 10522.590000000002 3499.9900000000007
endloop
endfacet
facet normal 0 0 1
outer loop
vertex 9999.990000000002 10495.680000000002 3499.9900000000007
vertex 10216.440000000002 10522.590000000002 3499.9900000000007
vertex 10110.360000000002 10554.830000000002 3499.9900000000007
endloop
endfacet
facet normal 0 0 1
outer loop
vertex 9999.990000000002 10495.680000000002 3499.9900000000007
vertex 10110.360000000002 10554.830000000002 3499.9900000000007
vertex 9999.990000000002 10565.750000000002 3499.9900000000007
endloop
endfacet
facet normal 0 0 1
outer loop
vertex 9999.990000000002 10495.680000000002 3499.9900000000007
vertex 9999.990000000002 10565.750000000002 3499.9900000000007
vertex 9889.620000000003 10554.830000000002 3499.9900000000007
endloop
endfacet
facet normal 0 0 0.9999999999999999
outer loop
vertex 10495.680000000002 9999.990000000002 3499.9900000000007
vertex 10400.000000000002 9599.980000000003 3499.9900000000007
vertex 10470.330000000002 9685.780000000002 3499.9900000000007
endloop
endfacet
facet normal 0 0 1
outer loop
vertex 10495.680000000002 9999.990000000002 3499.9900000000007
vertex 10470.330000000002 9685.780000000002 3499.9900000000007
vertex 10522.590000000002 9783.540000000003 3499.9900000000007
endloop
endfacet
facet normal 0 0 1
outer loop
vertex 10495.680000000002 9999.990000000002 3499.9900000000007
vertex 10522.590000000002 9783.540000000003 3499.9900000000007
vertex 10554.830000000002 9889.620000000003 3499.9900000000007
endloop
endfacet
facet normal 0 0 1
outer loop
vertex 10495.680000000002 9999.990000000002 3499.9900000000007
vertex 10554.830000000002 9889.620000000003 3499.9900000000007
vertex 10565.750000000002 9999.990000000002 3499.9900000000007
endloop
endfacet
facet normal 0 0 1
outer loop
vertex 10495.680000000002 9999.990000000002 3499.9900000000007
vertex 10565.750000000002 9999.990000000002 3499.9900000000007
vertex 10554.830000000002 10110.360000000002 3499.9900000000007
endloop
endfacet
facet normal 0 0 1
outer loop
vertex 10495.680000000002 9999.990000000002 3499.9900000000007
vertex 10554.830000000002 10110.360000000002 3499.9900000000007
vertex 10522.590000000002 10216.440000000002 3499.9900000000007
endloop
endfacet
facet normal 0 0 1
outer loop
vertex 10495.680000000002 9999.990000000002 3499.9900000000007
vertex 10522.590000000002 10216.440000000002 3499.9900000000007
vertex 10470.330000000002 10314.330000000002 3499.9900000000007
endloop
endfacet
facet normal 0 0 1
outer loop
vertex 10495.680000000002 9999.990000000002 3499.9900000000007
vertex 10470.330000000002 10314.330000000002 3499.9900000000007
vertex 10400.000000000002 10400.000000000002 3499.9900000000007
endloop
endfacet
facet normal 0 0 1
outer loop
vertex 10495.680000000002 9999.990000000002 3499.9900000000007
vertex 10400.000000000002 10400.000000000002 3499.9900000000007
vertex 10400.000000000002 9599.980000000003 3499.9900000000007
endloop
endfacet
facet normal 0 0 1
outer loop
vertex 9504.300000000003 9999.990000000002 3499.9900000000007
vertex 9529.650000000001 10314.330000000002 3499.9900000000007
vertex 9477.390000000003 10216.440000000002 3499.9900000000007
endloop
endfacet
facet normal 0 0 1
outer loop
vertex 9504.300000000003 9999.990000000002 3499.9900000000007
vertex 9477.390000000003 10216.440000000002 3499.9900000000007
vertex 9445.150000000001 10110.360000000002 3499.9900000000007
endloop
endfacet
facet normal 0 0 0.9999999999999999
outer loop
vertex 9504.300000000003 9999.990000000002 3499.9900000000007
vertex 9445.150000000001 10110.360000000002 3499.9900000000007
vertex 9434.360000000002 9999.990000000002 3499.9900000000007
endloop
endfacet
facet normal 0 0 0.9999999999999999
outer loop
vertex 9504.300000000003 9999.990000000002 3499.9900000000007
vertex 9434.360000000002 9999.990000000002 3499.9900000000007
vertex 9445.150000000001 9889.620000000003 3499.9900000000007
endloop
endfacet
facet normal 0 0 1
outer loop
vertex 9504.300000000003 9999.990000000002 3499.9900000000007
vertex 9445.150000000001 9889.620000000003 3499.9900000000007
vertex 9477.390000000003 9783.540000000003 3499.9900000000007
endloop
endfacet
facet normal 0 0 1
outer loop
vertex 9504.300000000003 9999.990000000002 3499.9900000000007
vertex 9477.390000000003 9783.540000000003 3499.9900000000007
vertex 9529.650000000001 9685.780000000002 3499.9900000000007
endloop
endfacet
facet normal 0 0 1
outer loop
vertex 9504.300000000003 9999.990000000002 3499.9900000000007
vertex 9529.650000000001 9685.780000000002 3499.9900000000007
vertex 9599.980000000003 9599.980000000003 3499.9900000000007
endloop
endfacet
facet normal 0 0 1
outer loop
vertex 9504.300000000003 9999.990000000002 3499.9900000000007
vertex 9599.980000000003 9599.980000000003 3499.9900000000007
vertex 9599.980000000003 10400.000000000002 3499.9900000000007
endloop
endfacet
facet normal 0 0 1
outer loop
vertex 9504.300000000003 9999.990000000002 3499.9900000000007
vertex 9599.980000000003 10400.000000000002 3499.9900000000007
vertex 9529.650000000001 10314.330000000002 3499.9900000000007
endloop
endfacet
facet normal 0 0 1
outer loop
vertex 9999.990000000002 9504.300000000003 3499.9900000000007
vertex 9599.980000000003 9599.980000000003 3499.9900000000007
vertex 9685.780000000002 9529.650000000001 3499.9900000000007
endloop
endfacet
facet normal 0 0 1
outer loop
vertex 9999.990000000002 9504.300000000003 3499.9900000000007
vertex 9685.780000000002 9529.650000000001 3499.9900000000007
vertex 9783.540000000003 9477.390000000003 3499.9900000000007
endloop
endfacet
facet normal 0 0 1
outer loop
vertex 9999.990000000002 9504.300000000003 3499.9900000000007
vertex 9783.540000000003 9477.390000000003 3499.9900000000007
vertex 9889.620000000003 9445.150000000001 3499.9900000000007
endloop
endfacet
facet normal 0 0 0.9999999999999999
outer loop
vertex 9999.990000000002 9504.300000000003 3499.9900000000007
vertex 9889.620000000003 9445.150000000001 3499.9900000000007
vertex 9999.990000000002 9434.360000000002 3499.9900000000007
endloop
endfacet
facet normal 0 0 0.9999999999999999
outer loop
vertex 9999.990000000002 9504.300000000003 3499.9900000000007
vertex 9999.990000000002 9434.360000000002 3499.9900000000007
vertex 10110.360000000002 9445.150000000001 3499.9900000000007
endloop
endfacet
facet normal 0 0 1
outer loop
vertex 9999.990000000002 9504.300000000003 3499.9900000000007
vertex 10110.360000000002 9445.150000000001 3499.9900000000007
vertex 10216.440000000002 9477.390000000003 3499.9900000000007
endloop
endfacet
facet normal 0 0 1
outer loop
vertex 9999.990000000002 9504.300000000003 3499.9900000000007
vertex 10216.440000000002 9477.390000000003 3499.9900000000007
vertex 10314.330000000002 9529.650000000001 3499.9900000000007
endloop
endfacet
facet normal 0 0 1
outer loop
vertex 9999.990000000002 9504.300000000003 3499.9900000000007
vertex 10314.330000000002 9529.650000000001 3499.9900000000007
vertex 10400.000000000002 9599.980000000003 3499.9900000000007
endloop
endfacet
facet normal 0 0 1
outer loop
vertex 9999.990000000002 9504.300000000003 3499.9900000000007
vertex 10400.000000000002 9599.980000000003 3499.9900000000007
vertex 9599.980000000003 9599.980000000003 3499.9900000000007
endloop
endfacet
facet normal -0.995069867860062 -0.09917639879002757 0
outer loop
vertex 7700.030000000002 10999.950000000003 400.0100000000001
vertex 7700.030000000002 10999.950000000003 3499.9900000000007
vertex 7696.130000000002 11039.080000000004 3499.9900000000007
endloop
endfacet
facet normal -0.995069867860062 -0.09917639879002757 0
outer loop
vertex 7700.030000000002 10999.950000000003 400.0100000000001
vertex 7696.130000000002 11039.080000000004 3499.9900000000007
vertex 7696.130000000002 11039.080000000004 400.0100000000001
endloop
endfacet
facet normal -0.9572756411177753 -0.2891770165876817 0
outer loop
vertex 7696.130000000002 11039.080000000004 400.0100000000001
vertex 7696.130000000002 11039.080000000004 3499.9900000000007
vertex 7684.8200000000015 11076.520000000002 3499.9900000000007
endloop
endfacet
facet normal -0.9572756411177753 -0.2891770165876817 0
outer loop
vertex 7696.130000000002 11039.080000000004 400.0100000000001
vertex 7684.8200000000015 11076.520000000002 3499.9900000000007
vertex 7684.8200000000015 11076.520000000002 400.0100000000001
endloop
endfacet
facet normal -0.8807898733199334 -0.4735073379125773 0
outer loop
vertex 7684.8200000000015 11076.520000000002 400.0100000000001
vertex 7684.8200000000015 11076.520000000002 3499.9900000000007
vertex 7666.230000000002 11111.100000000002 3499.9900000000007
endloop
endfacet
facet normal -0.8807898733199334 -0.4735073379125773 0
outer loop
vertex 7684.8200000000015 11076.520000000002 400.0100000000001
vertex 7666.230000000002 11111.100000000002 3499.9900000000007
vertex 7666.230000000002 11111.100000000002 400.0100000000001
endloop
endfacet
facet normal -0.7733654271742684 -0.6339605003874935 0
outer loop
vertex 7666.230000000002 11111.100000000002 400.0100000000001
vertex 7666.230000000002 11111.100000000002 3499.9900000000007
vertex 7641.4000000000015 11141.390000000003 3499.9900000000007
endloop
endfacet
facet normal -0.7733654271742684 -0.6339605003874935 0
outer loop
vertex 7666.230000000002 11111.100000000002 400.0100000000001
vertex 7641.4000000000015 11141.390000000003 3499.9900000000007
vertex 7641.4000000000015 11141.390000000003 400.0100000000001
endloop
endfacet
facet normal -0.6359394184773446 -0.7717389817980537 0
outer loop
vertex 7641.4000000000015 11141.390000000003 400.0100000000001
vertex 7641.4000000000015 11141.390000000003 3499.9900000000007
vertex 7611.1100000000015 11166.350000000002 3499.9900000000007
endloop
endfacet
facet normal -0.6359394184773446 -0.7717389817980537 0
outer loop
vertex 7641.4000000000015 11141.390000000003 400.0100000000001
vertex 7611.1100000000015 11166.350000000002 3499.9900000000007
vertex 7611.1100000000015 11166.350000000002 400.0100000000001
endloop
endfacet
facet normal -0.47093246513020603 -0.8821692656663953 0
outer loop
vertex 7611.1100000000015 11166.350000000002 400.0100000000001
vertex 7611.1100000000015 11166.350000000002 3499.9900000000007
vertex 7576.530000000002 11184.810000000003 3499.9900000000007
endloop
endfacet
facet normal -0.47093246513020603 -0.8821692656663953 0
outer loop
vertex 7611.1100000000015 11166.350000000002 400.0100000000001
vertex 7576.530000000002 11184.810000000003 3499.9900000000007
vertex 7576.530000000002 11184.810000000003 400.0100000000001
endloop
endfacet
facet normal -0.2882596809287288 -0.957552273429951 0
outer loop
vertex 7576.530000000002 11184.810000000003 400.0100000000001
vertex 7576.530000000002 11184.810000000003 3499.9900000000007
vertex 7538.960000000002 11196.120000000003 3499.9900000000007
endloop
endfacet
facet normal -0.2882596809287288 -0.957552273429951 0
outer loop
vertex 7576.530000000002 11184.810000000003 400.0100000000001
vertex 7538.960000000002 11196.120000000003 3499.9900000000007
vertex 7538.960000000002 11196.120000000003 400.0100000000001
endloop
endfacet
facet normal -0.09950371902098973 -0.99503719020999 0
outer loop
vertex 7538.960000000002 11196.120000000003 400.0100000000001
vertex 7538.960000000002 11196.120000000003 3499.9900000000007
vertex 7499.960000000002 11200.020000000002 3499.9900000000007
endloop
endfacet
facet normal -0.09950371902098973 -0.99503719020999 0
outer loop
vertex 7538.960000000002 11196.120000000003 400.0100000000001
vertex 7499.960000000002 11200.020000000002 3499.9900000000007
vertex 7499.960000000002 11200.020000000002 400.0100000000001
endloop
endfacet
facet normal 0.09950371902098973 -0.99503719020999 0
outer loop
vertex 7499.960000000002 11200.020000000002 400.0100000000001
vertex 7499.960000000002 11200.020000000002 3499.9900000000007
vertex 7460.960000000002 11196.120000000003 3499.9900000000007
endloop
endfacet
facet normal 0.09950371902098973 -0.99503719020999 0
outer loop
vertex 7499.960000000002 11200.020000000002 400.0100000000001
vertex 7460.960000000002 11196.120000000003 3499.9900000000007
vertex 7460.960000000002 11196.120000000003 400.0100000000001
endloop
endfacet
facet normal 0.2891770165876539 -0.9572756411177836 0
outer loop
vertex 7460.960000000002 11196.120000000003 400.0100000000001
vertex 7460.960000000002 11196.120000000003 3499.9900000000007
vertex 7423.520000000002 11184.810000000003 3499.9900000000007
endloop
endfacet
facet normal 0.2891770165876539 -0.9572756411177836 0
outer loop
vertex 7460.960000000002 11196.120000000003 400.0100000000001
vertex 7423.520000000002 11184.810000000003 3499.9900000000007
vertex 7423.520000000002 11184.810000000003 400.0100000000001
endloop
endfacet
facet normal 0.47093246513019643 -0.8821692656664005 0
outer loop
vertex 7423.520000000002 11184.810000000003 400.0100000000001
vertex 7423.520000000002 11184.810000000003 3499.9900000000007
vertex 7388.940000000001 11166.350000000002 3499.9900000000007
endloop
endfacet
facet normal 0.47093246513019643 -0.8821692656664005 0
outer loop
vertex 7423.520000000002 11184.810000000003 400.0100000000001
vertex 7388.940000000001 11166.350000000002 3499.9900000000007
vertex 7388.940000000001 11166.350000000002 400.0100000000001
endloop
endfacet
facet normal 0.63431661167802 -0.7730733704825927 0
outer loop
vertex 7388.940000000001 11166.350000000002 400.0100000000001
vertex 7388.940000000001 11166.350000000002 3499.9900000000007
vertex 7358.520000000002 11141.390000000003 3499.9900000000007
endloop
endfacet
facet normal 0.63431661167802 -0.7730733704825927 0
outer loop
vertex 7388.940000000001 11166.350000000002 400.0100000000001
vertex 7358.520000000002 11141.390000000003 3499.9900000000007
vertex 7358.520000000002 11141.390000000003 400.0100000000001
endloop
endfacet
facet normal 0.7733654271742684 -0.6339605003874935 0
outer loop
vertex 7358.520000000002 11141.390000000003 400.0100000000001
vertex 7358.520000000002 11141.390000000003 3499.9900000000007
vertex 7333.690000000001 11111.100000000002 3499.9900000000007
endloop
endfacet
facet normal 0.7733654271742684 -0.6339605003874935 0
outer loop
vertex 7358.520000000002 11141.390000000003 400.0100000000001
vertex 7333.690000000001 11111.100000000002 3499.9900000000007
vertex 7333.690000000001 11111.100000000002 400.0100000000001
endloop
endfacet
facet normal 0.882169265666405 -0.470932465130188 0
outer loop
vertex 7333.690000000001 11111.100000000002 400.0100000000001
vertex 7333.690000000001 11111.100000000002 3499.9900000000007
vertex 7315.230000000001 11076.520000000002 3499.9900000000007
endloop
endfacet
facet normal 0.882169265666405 -0.470932465130188 0
outer loop
vertex 7333.690000000001 11111.100000000002 400.0100000000001
vertex 7315.230000000001 11076.520000000002 3499.9900000000007
vertex 7315.230000000001 11076.520000000002 400.0100000000001
endloop
endfacet
facet normal 0.956351571051339 -0.2922185355990202 0
outer loop
vertex 7315.230000000001 11076.520000000002 400.0100000000001
vertex 7315.230000000001 11076.520000000002 3499.9900000000007
vertex 7303.790000000002 11039.080000000004 3499.9900000000007
endloop
endfacet
facet normal 0.956351571051339 -0.2922185355990202 0
outer loop
vertex 7315.230000000001 11076.520000000002 400.0100000000001
vertex 7303.790000000002 11039.080000000004 3499.9900000000007
vertex 7303.790000000002 11039.080000000004 400.0100000000001
endloop
endfacet
facet normal 0.9953908344575555 -0.0959014425224742 0
outer loop
vertex 7303.790000000002 11039.080000000004 400.0100000000001
vertex 7303.790000000002 11039.080000000004 3499.9900000000007
vertex 7300.020000000002 10999.950000000003 3499.9900000000007
endloop
endfacet
facet normal 0.9953908344575555 -0.0959014425224742 0
outer loop
vertex 7303.790000000002 11039.080000000004 400.0100000000001
vertex 7300.020000000002 10999.950000000003 3499.9900000000007
vertex 7300.020000000002 10999.950000000003 400.0100000000001
endloop
endfacet
facet normal 0.9953602693534095 0.09621815937081753 0
outer loop
vertex 7300.020000000002 10999.950000000003 400.0100000000001
vertex 7300.020000000002 10999.950000000003 3499.9900000000007
vertex 7303.790000000002 10960.950000000003 3499.9900000000007
endloop
endfacet
facet normal 0.9953602693534095 0.09621815937081753 0
outer loop
vertex 7300.020000000002 10999.950000000003 400.0100000000001
vertex 7303.790000000002 10960.950000000003 3499.9900000000007
vertex 7303.790000000002 10960.950000000003 400.0100000000001
endloop
endfacet
facet normal 0.9563515710513429 0.2922185355990073 0
outer loop
vertex 7303.790000000002 10960.950000000003 400.0100000000001
vertex 7303.790000000002 10960.950000000003 3499.9900000000007
vertex 7315.230000000001 10923.510000000002 3499.9900000000007
endloop
endfacet
facet normal 0.9563515710513429 0.2922185355990073 0
outer loop
vertex 7303.790000000002 10960.950000000003 400.0100000000001
vertex 7315.230000000001 10923.510000000002 3499.9900000000007
vertex 7315.230000000001 10923.510000000002 400.0100000000001
endloop
endfacet
facet normal 0.882169265666405 0.470932465130188 0
outer loop
vertex 7315.230000000001 10923.510000000002 400.0100000000001
vertex 7315.230000000001 10923.510000000002 3499.9900000000007
vertex 7333.690000000001 10888.930000000002 3499.9900000000007
endloop
endfacet
facet normal 0.882169265666405 0.470932465130188 0
outer loop
vertex 7315.230000000001 10923.510000000002 400.0100000000001
vertex 7333.690000000001 10888.930000000002 3499.9900000000007
vertex 7333.690000000001 10888.930000000002 400.0100000000001
endloop
endfacet
facet normal 0.7733654271742497 0.6339605003875162 0
outer loop
vertex 7333.690000000001 10888.930000000002 400.0100000000001
vertex 7333.690000000001 10888.930000000002 3499.9900000000007
vertex 7358.520000000002 10858.640000000003 3499.9900000000007
endloop
endfacet
facet normal 0.7733654271742497 0.6339605003875162 0
outer loop
vertex 7333.690000000001 10888.930000000002 400.0100000000001
vertex 7358.520000000002 10858.640000000003 3499.9900000000007
vertex 7358.520000000002 10858.640000000003 400.0100000000001
endloop
endfacet
facet normal 0.6343166116780476 0.77307337048257 0
outer loop
vertex 7358.520000000002 10858.640000000003 400.0100000000001
vertex 7358.520000000002 10858.640000000003 3499.9900000000007
vertex 7388.940000000001 10833.680000000002 3499.9900000000007
endloop
endfacet
facet normal 0.6343166116780476 0.77307337048257 0
outer loop
vertex 7358.520000000002 10858.640000000003 400.0100000000001
vertex 7388.940000000001 10833.680000000002 3499.9900000000007
vertex 7388.940000000001 10833.680000000002 400.0100000000001
endloop
endfacet
facet normal 0.47093246513016035 0.8821692656664198 0
outer loop
vertex 7388.940000000001 10833.680000000002 400.0100000000001
vertex 7388.940000000001 10833.680000000002 3499.9900000000007
vertex 7423.520000000002 10815.220000000003 3499.9900000000007
endloop
endfacet
facet normal 0.47093246513016035 0.8821692656664198 0
outer loop
vertex 7388.940000000001 10833.680000000002 400.0100000000001
vertex 7423.520000000002 10815.220000000003 3499.9900000000007
vertex 7423.520000000002 10815.220000000003 400.0100000000001
endloop
endfacet
facet normal 0.292218535599035 0.9563515710513344 0
outer loop
vertex 7423.520000000002 10815.220000000003 400.0100000000001
vertex 7423.520000000002 10815.220000000003 3499.9900000000007
vertex 7460.960000000002 10803.780000000002 3499.9900000000007
endloop
endfacet
facet normal 0.292218535599035 0.9563515710513344 0
outer loop
vertex 7423.520000000002 10815.220000000003 400.0100000000001
vertex 7460.960000000002 10803.780000000002 3499.9900000000007
vertex 7460.960000000002 10803.780000000002 400.0100000000001
endloop
endfacet
facet normal 0.09621815937084051 0.9953602693534073 0
outer loop
vertex 7460.960000000002 10803.780000000002 400.0100000000001
vertex 7460.960000000002 10803.780000000002 3499.9900000000007
vertex 7499.960000000002 10800.010000000002 3499.9900000000007
endloop
endfacet
facet normal 0.09621815937084051 0.9953602693534073 0
outer loop
vertex 7460.960000000002 10803.780000000002 400.0100000000001
vertex 7499.960000000002 10800.010000000002 3499.9900000000007
vertex 7499.960000000002 10800.010000000002 400.0100000000001
endloop
endfacet
facet normal -0.09621815937084051 0.9953602693534073 0
outer loop
vertex 7499.960000000002 10800.010000000002 400.0100000000001
vertex 7499.960000000002 10800.010000000002 3499.9900000000007
vertex 7538.960000000002 10803.780000000002 3499.9900000000007
endloop
endfacet
facet normal -0.09621815937084051 0.9953602693534073 0
outer loop
vertex 7499.960000000002 10800.010000000002 400.0100000000001
vertex 7538.960000000002 10803.780000000002 3499.9900000000007
vertex 7538.960000000002 10803.780000000002 400.0100000000001
endloop
endfacet
facet normal -0.2912933318541943 0.956633783021111 0
outer loop
vertex 7538.960000000002 10803.780000000002 400.0100000000001
vertex 7538.960000000002 10803.780000000002 3499.9900000000007
vertex 7576.530000000002 10815.220000000003 3499.9900000000007
endloop
endfacet
facet normal -0.2912933318541943 0.956633783021111 0
outer loop
vertex 7538.960000000002 10803.780000000002 400.0100000000001
vertex 7576.530000000002 10815.220000000003 3499.9900000000007
vertex 7576.530000000002 10815.220000000003 400.0100000000001
endloop
endfacet
facet normal -0.47093246513016995 0.8821692656664145 0
outer loop
vertex 7576.530000000002 10815.220000000003 400.0100000000001
vertex 7576.530000000002 10815.220000000003 3499.9900000000007
vertex 7611.1100000000015 10833.680000000002 3499.9900000000007
endloop
endfacet
facet normal -0.47093246513016995 0.8821692656664145 0
outer loop
vertex 7576.530000000002 10815.220000000003 400.0100000000001
vertex 7611.1100000000015 10833.680000000002 3499.9900000000007
vertex 7611.1100000000015 10833.680000000002 400.0100000000001
endloop
endfacet
facet normal -0.6359394184773722 0.7717389817980309 0
outer loop
vertex 7611.1100000000015 10833.680000000002 400.0100000000001
vertex 7611.1100000000015 10833.680000000002 3499.9900000000007
vertex 7641.4000000000015 10858.640000000003 3499.9900000000007
endloop
endfacet
facet normal -0.6359394184773722 0.7717389817980309 0
outer loop
vertex 7611.1100000000015 10833.680000000002 400.0100000000001
vertex 7641.4000000000015 10858.640000000003 3499.9900000000007
vertex 7641.4000000000015 10858.640000000003 400.0100000000001
endloop
endfacet
facet normal -0.7733654271742497 0.6339605003875162 0
outer loop
vertex 7641.4000000000015 10858.640000000003 400.0100000000001
vertex 7641.4000000000015 10858.640000000003 3499.9900000000007
vertex 7666.230000000002 10888.930000000002 3499.9900000000007
endloop
endfacet
facet normal -0.7733654271742497 0.6339605003875162 0
outer loop
vertex 7641.4000000000015 10858.640000000003 400.0100000000001
vertex 7666.230000000002 10888.930000000002 3499.9900000000007
vertex 7666.230000000002 10888.930000000002 400.0100000000001
endloop
endfacet
facet normal -0.8807898733199334 0.4735073379125773 0
outer loop
vertex 7666.230000000002 10888.930000000002 400.0100000000001
vertex 7666.230000000002 10888.930000000002 3499.9900000000007
vertex 7684.8200000000015 10923.510000000002 3499.9900000000007
endloop
endfacet
facet normal -0.8807898733199334 0.4735073379125773 0
outer loop
vertex 7666.230000000002 10888.930000000002 400.0100000000001
vertex 7684.8200000000015 10923.510000000002 3499.9900000000007
vertex 7684.8200000000015 10923.510000000002 400.0100000000001
endloop
endfacet
facet normal -0.9572756411177792 0.28917701658766876 0
outer loop
vertex 7684.8200000000015 10923.510000000002 400.0100000000001
vertex 7684.8200000000015 10923.510000000002 3499.9900000000007
vertex 7696.130000000002 10960.950000000003 3499.9900000000007
endloop
endfacet
facet normal -0.9572756411177792 0.28917701658766876 0
outer loop
vertex 7684.8200000000015 10923.510000000002 400.0100000000001
vertex 7696.130000000002 10960.950000000003 3499.9900000000007
vertex 7696.130000000002 10960.950000000003 400.0100000000001
endloop
endfacet
facet normal -0.99503719020999 0.09950371902098973 0
outer loop
vertex 7696.130000000002 10960.950000000003 400.0100000000001
vertex 7696.130000000002 10960.950000000003 3499.9900000000007
vertex 7700.030000000002 10999.950000000003 3499.9900000000007
endloop
endfacet
facet normal -0.99503719020999 0.09950371902098973 0
outer loop
vertex 7696.130000000002 10960.950000000003 400.0100000000001
vertex 7700.030000000002 10999.950000000003 3499.9900000000007
vertex 7700.030000000002 10999.950000000003 400.0100000000001
endloop
endfacet
facet normal -0.9245594087975308 -0.09214877828545719 0.36972760549417694
outer loop
vertex 7696.130000000002 11039.080000000004 3499.9900000000007
vertex 7700.030000000002 10999.950000000003 3499.9900000000007
vertex 7899.970000000002 10999.950000000003 3999.970000000001
endloop
endfacet
facet normal -0.924639474292098 -0.0907715956459792 0.36986803052536893
outer loop
vertex 7696.130000000002 11039.080000000004 3499.9900000000007
vertex 7899.970000000002 10999.950000000003 3999.970000000001
vertex 7892.300000000002 11078.080000000004 3999.970000000001
endloop
endfacet
facet normal -0.8893745739569688 -0.26866523588285324 0.36990790506134197
outer loop
vertex 7684.8200000000015 11076.520000000002 3499.9900000000007
vertex 7696.130000000002 11039.080000000004 3499.9900000000007
vertex 7892.300000000002 11078.080000000004 3999.970000000001
endloop
endfacet
facet normal -0.8891160231934668 -0.269662572025754 0.3698037243580569
outer loop
vertex 7684.8200000000015 11076.520000000002 3499.9900000000007
vertex 7892.300000000002 11078.080000000004 3999.970000000001
vertex 7869.550000000002 11153.090000000002 3999.970000000001
endloop
endfacet
facet normal -0.8182425518003847 -0.43988227408815983 0.370111755239176
outer loop
vertex 7832.630000000002 11222.250000000004 3999.970000000001
vertex 7666.230000000002 11111.100000000002 3499.9900000000007
vertex 7684.8200000000015 11076.520000000002 3499.9900000000007
endloop
endfacet
facet normal -0.8196205327751114 -0.43754178817317 0.3698369449577304
outer loop
vertex 7832.630000000002 11222.250000000004 3999.970000000001
vertex 7684.8200000000015 11076.520000000002 3499.9900000000007
vertex 7869.550000000002 11153.090000000002 3999.970000000001
endloop
endfacet
facet normal -0.718516555473067 -0.5889985497654777 0.3698846683566147
outer loop
vertex 7782.840000000002 11282.830000000004 3999.970000000001
vertex 7641.4000000000015 11141.390000000003 3499.9900000000007
vertex 7666.230000000002 11111.100000000002 3499.9900000000007
endloop
endfacet
facet normal -0.7177236333048974 -0.5898887372441541 0.370005491672913
outer loop
vertex 7782.840000000002 11282.830000000004 3999.970000000001
vertex 7666.230000000002 11111.100000000002 3499.9900000000007
vertex 7832.630000000002 11222.250000000004 3999.970000000001
endloop
endfacet
facet normal -0.5908576136933626 -0.7170303332841572 0.36980370670261725
outer loop
vertex 7722.260000000002 11332.620000000003 3999.970000000001
vertex 7611.1100000000015 11166.350000000002 3499.9900000000007
vertex 7641.4000000000015 11141.390000000003 3499.9900000000007
endloop
endfacet
facet normal -0.5899091012855164 -0.7177484104413983 0.3699249539154672
outer loop
vertex 7722.260000000002 11332.620000000003 3999.970000000001
vertex 7641.4000000000015 11141.390000000003 3499.9900000000007
vertex 7782.840000000002 11282.830000000004 3999.970000000001
endloop
endfacet
facet normal -0.4375417881731961 -0.8196205327750983 0.36983694495772895
outer loop
vertex 7653.100000000002 11369.540000000003 3999.970000000001
vertex 7576.530000000002 11184.810000000003 3499.9900000000007
vertex 7611.1100000000015 11166.350000000002 3499.9900000000007
endloop
endfacet
facet normal -0.437541788173179 -0.8196205327751067 0.36983694495773084
outer loop
vertex 7653.100000000002 11369.540000000003 3999.970000000001
vertex 7611.1100000000015 11166.350000000002 3499.9900000000007
vertex 7722.260000000002 11332.620000000003 3999.970000000001
endloop
endfacet
facet normal -0.26780266513842155 -0.8895973589081235 0.36999766427431685
outer loop
vertex 7578.090000000002 11392.290000000003 3999.970000000001
vertex 7538.960000000002 11196.120000000003 3499.9900000000007
vertex 7576.530000000002 11184.810000000003 3499.9900000000007
endloop
endfacet
facet normal -0.2696625720257481 -0.8891160231934692 0.3698037243580557
outer loop
vertex 7578.090000000002 11392.290000000003 3999.970000000001
vertex 7576.530000000002 11184.810000000003 3499.9900000000007
vertex 7653.100000000002 11369.540000000003 3999.970000000001
endloop
endfacet
facet normal -0.09245331969589252 -0.9245331969590129 0.3697171234849101
outer loop
vertex 7499.960000000002 11399.960000000003 3999.970000000001
vertex 7499.960000000002 11200.020000000002 3499.9900000000007
vertex 7538.960000000002 11196.120000000003 3499.9900000000007
endloop
endfacet
facet normal -0.0907708032438695 -0.9246314025350022 0.3698884030685705
outer loop
vertex 7499.960000000002 11399.960000000003 3999.970000000001
vertex 7538.960000000002 11196.120000000003 3499.9900000000007
vertex 7578.090000000002 11392.290000000003 3999.970000000001
endloop
endfacet
facet normal 0.09092123518686174 -0.9246227307138395 0.3698731334381803
outer loop
vertex 7499.960000000002 11399.960000000003 3999.970000000001
vertex 7421.960000000002 11392.290000000003 3999.970000000001
vertex 7460.960000000002 11196.120000000003 3499.9900000000007
endloop
endfacet
facet normal 0.09245331969589252 -0.9245331969590129 0.3697171234849101
outer loop
vertex 7499.960000000002 11399.960000000003 3999.970000000001
vertex 7460.960000000002 11196.120000000003 3499.9900000000007
vertex 7499.960000000002 11200.020000000002 3499.9900000000007
endloop
endfacet
facet normal 0.2696625720257481 -0.8891160231934692 0.3698037243580557
outer loop
vertex 7421.960000000002 11392.290000000003 3999.970000000001
vertex 7346.950000000002 11369.540000000003 3999.970000000001
vertex 7423.520000000002 11184.810000000003 3499.9900000000007
endloop
endfacet
facet normal 0.2686652358828273 -0.8893745739569765 0.36990790506134297
outer loop
vertex 7421.960000000002 11392.290000000003 3999.970000000001
vertex 7423.520000000002 11184.810000000003 3499.9900000000007
vertex 7460.960000000002 11196.120000000003 3499.9900000000007
endloop
endfacet
facet normal 0.4375417881731874 -0.8196205327751023 0.36983694495773023
outer loop
vertex 7277.790000000002 11332.620000000003 3999.970000000001
vertex 7388.940000000001 11166.350000000002 3499.9900000000007
vertex 7423.520000000002 11184.810000000003 3499.9900000000007
endloop
endfacet
facet normal 0.4375417881731792 -0.819620532775107 0.3698369449577295
outer loop
vertex 7277.790000000002 11332.620000000003 3999.970000000001
vertex 7423.520000000002 11184.810000000003 3499.9900000000007
vertex 7346.950000000002 11369.540000000003 3999.970000000001
endloop
endfacet
facet normal 0.5893591338116609 -0.7182814443329673 0.36976692404772415
outer loop
vertex 7217.210000000002 11282.830000000004 3999.970000000001
vertex 7358.520000000002 11141.390000000003 3499.9900000000007
vertex 7388.940000000001 11166.350000000002 3499.9900000000007
endloop
endfacet
facet normal 0.5899294622992034 -0.7177731838940826 0.3698444078175637
outer loop
vertex 7217.210000000002 11282.830000000004 3999.970000000001
vertex 7388.940000000001 11166.350000000002 3499.9900000000007
vertex 7277.790000000002 11332.620000000003 3999.970000000001
endloop
endfacet
facet normal 0.7185165554730667 -0.5889985497654784 0.3698846683566143
outer loop
vertex 7167.420000000002 11222.250000000004 3999.970000000001
vertex 7333.690000000001 11111.100000000002 3499.9900000000007
vertex 7358.520000000002 11141.390000000003 3499.9900000000007
endloop
endfacet
facet normal 0.7177979536614515 -0.5899498202839829 0.36976385337986856
outer loop
vertex 7167.420000000002 11222.250000000004 3999.970000000001
vertex 7358.520000000002 11141.390000000003 3499.9900000000007
vertex 7217.210000000002 11282.830000000004 3999.970000000001
endloop
endfacet
facet normal 0.8196205327751072 -0.43754178817317935 0.3698369449577288
outer loop
vertex 7130.500000000002 11153.090000000002 3999.970000000001
vertex 7315.230000000001 11076.520000000002 3499.9900000000007
vertex 7333.690000000001 11111.100000000002 3499.9900000000007
endloop
endfacet
facet normal 0.8196205327751116 -0.43754178817317013 0.3698369449577298
outer loop
vertex 7130.500000000002 11153.090000000002 3999.970000000001
vertex 7333.690000000001 11111.100000000002 3499.9900000000007
vertex 7167.420000000002 11222.250000000004 3999.970000000001
endloop
endfacet
facet normal 0.8886302143209456 -0.2715258988202886 0.36960793885649273
outer loop
vertex 7107.750000000002 11078.080000000004 3999.970000000001
vertex 7303.790000000002 11039.080000000004 3499.9900000000007
vertex 7315.230000000001 11076.520000000002 3499.9900000000007
endloop
endfacet
facet normal 0.8891160231934673 -0.26966257202575405 0.3698037243580555
outer loop
vertex 7107.750000000002 11078.080000000004 3999.970000000001
vertex 7315.230000000001 11076.520000000002 3499.9900000000007
vertex 7130.500000000002 11153.090000000002 3999.970000000001
endloop
endfacet
facet normal 0.9247345881993573 -0.0890940300922834 0.3700380996460775
outer loop
vertex 7099.950000000002 10999.950000000003 3999.970000000001
vertex 7300.020000000002 10999.950000000003 3499.9900000000007
vertex 7303.790000000002 11039.080000000004 3499.9900000000007
endloop
endfacet
facet normal 0.9245504370339566 -0.09230120835613638 0.3697120180847753
outer loop
vertex 7099.950000000002 10999.950000000003 3999.970000000001
vertex 7303.790000000002 11039.080000000004 3499.9900000000007
vertex 7107.750000000002 11078.080000000004 3999.970000000001
endloop
endfacet
facet normal 0.9245331969590123 0.09245331969590338 0.3697171234849089
outer loop
vertex 7099.950000000002 10999.950000000003 3999.970000000001
vertex 7107.750000000002 10921.950000000003 3999.970000000001
vertex 7303.790000000002 10960.950000000003 3499.9900000000007
endloop
endfacet
facet normal 0.9247100806992816 0.08938864113425268 0.37002829282272426
outer loop
vertex 7099.950000000002 10999.950000000003 3999.970000000001
vertex 7303.790000000002 10960.950000000003 3499.9900000000007
vertex 7300.020000000002 10999.950000000003 3499.9900000000007
endloop
endfacet
facet normal 0.8891160231934693 0.2696625720257481 0.3698037243580553
outer loop
vertex 7107.750000000002 10921.950000000003 3999.970000000001
vertex 7130.500000000002 10846.940000000002 3999.970000000001
vertex 7315.230000000001 10923.510000000002 3499.9900000000007
endloop
endfacet
facet normal 0.888630214320949 0.2715258988202765 0.3696079388564931
outer loop
vertex 7107.750000000002 10921.950000000003 3999.970000000001
vertex 7315.230000000001 10923.510000000002 3499.9900000000007
vertex 7303.790000000002 10960.950000000003 3499.9900000000007
endloop
endfacet
facet normal 0.8196205327751072 0.43754178817317935 0.3698369449577286
outer loop
vertex 7167.420000000002 10777.780000000002 3999.970000000001
vertex 7333.690000000001 10888.930000000002 3499.9900000000007
vertex 7315.230000000001 10923.510000000002 3499.9900000000007
endloop
endfacet
facet normal 0.8196205327751072 0.43754178817317924 0.3698369449577288
outer loop
vertex 7167.420000000002 10777.780000000002 3999.970000000001
vertex 7315.230000000001 10923.510000000002 3499.9900000000007
vertex 7130.500000000002 10846.940000000002 3999.970000000001
endloop
endfacet
facet normal 0.718566199376895 0.5890392449828148 0.3697233898242305
outer loop
vertex 7217.210000000002 10717.200000000003 3999.970000000001
vertex 7358.520000000002 10858.640000000003 3499.9900000000007
vertex 7333.690000000001 10888.930000000002 3499.9900000000007
endloop
endfacet
facet normal 0.7177731838940777 0.5899294622992101 0.3698444078175622
outer loop
vertex 7217.210000000002 10717.200000000003 3999.970000000001
vertex 7333.690000000001 10888.930000000002 3499.9900000000007
vertex 7167.420000000002 10777.780000000002 3999.970000000001
endloop
endfacet
facet normal 0.5893330416352786 0.7182496444929485 0.36987026674587453
outer loop
vertex 7277.790000000002 10667.410000000003 3999.970000000001
vertex 7388.940000000001 10833.680000000002 3499.9900000000007
vertex 7358.520000000002 10858.640000000003 3499.9900000000007
endloop
endfacet
facet normal 0.5899425686453694 0.7177891305189218 0.36979254969373554
outer loop
vertex 7277.790000000002 10667.410000000003 3999.970000000001
vertex 7358.520000000002 10858.640000000003 3499.9900000000007
vertex 7217.210000000002 10717.200000000003 3999.970000000001
endloop
endfacet
facet normal 0.43754178817315353 0.8196205327751203 0.36983694495773045
outer loop
vertex 7346.950000000002 10630.490000000003 3999.970000000001
vertex 7423.520000000002 10815.220000000003 3499.9900000000007
vertex 7388.940000000001 10833.680000000002 3499.9900000000007
endloop
endfacet
facet normal 0.4375417881731795 0.8196205327751076 0.36983694495772745
outer loop
vertex 7346.950000000002 10630.490000000003 3999.970000000001
vertex 7388.940000000001 10833.680000000002 3499.9900000000007
vertex 7277.790000000002 10667.410000000003 3999.970000000001
endloop
endfacet
facet normal 0.26966257202574817 0.8891160231934692 0.3698037243580557
outer loop
vertex 7423.520000000002 10815.220000000003 3499.9900000000007
vertex 7346.950000000002 10630.490000000003 3999.970000000001
vertex 7421.960000000002 10607.740000000003 3999.970000000001
endloop
endfacet
facet normal 0.2715258988203028 0.8886302143209419 0.3696079388564908
outer loop
vertex 7423.520000000002 10815.220000000003 3499.9900000000007
vertex 7421.960000000002 10607.740000000003 3999.970000000001
vertex 7460.960000000002 10803.780000000002 3499.9900000000007
endloop
endfacet
facet normal 0.08940454040295874 0.9248745558925695 0.3696131545519694
outer loop
vertex 7499.960000000002 10800.010000000002 3499.9900000000007
vertex 7460.960000000002 10803.780000000002 3499.9900000000007
vertex 7421.960000000002 10607.740000000003 3999.970000000001
endloop
endfacet
facet normal 0.09244510127161876 0.9244510127160581 0.3699246252132111
outer loop
vertex 7499.960000000002 10800.010000000002 3499.9900000000007
vertex 7421.960000000002 10607.740000000003 3999.970000000001
vertex 7499.960000000002 10599.940000000002 3999.970000000001
endloop
endfacet
facet normal -0.08938864113427412 0.9247100806992804 0.3700282928227221
outer loop
vertex 7538.960000000002 10803.780000000002 3499.9900000000007
vertex 7499.960000000002 10800.010000000002 3499.9900000000007
vertex 7499.960000000002 10599.940000000002 3999.970000000001
endloop
endfacet
facet normal -0.09230038936845288 0.9245422335072082 0.369732736694947
outer loop
vertex 7538.960000000002 10803.780000000002 3499.9900000000007
vertex 7499.960000000002 10599.940000000002 3999.970000000001
vertex 7578.090000000002 10607.740000000003 3999.970000000001
endloop
endfacet
facet normal -0.270655591989127 0.8888575691460636 0.3696995703226687
outer loop
vertex 7576.530000000002 10815.220000000003 3499.9900000000007
vertex 7538.960000000002 10803.780000000002 3499.9900000000007
vertex 7578.090000000002 10607.740000000003 3999.970000000001
endloop
endfacet
facet normal -0.26966257202574817 0.8891160231934692 0.3698037243580557
outer loop
vertex 7576.530000000002 10815.220000000003 3499.9900000000007
vertex 7578.090000000002 10607.740000000003 3999.970000000001
vertex 7653.100000000002 10630.490000000003 3999.970000000001
endloop
endfacet
facet normal -0.43754178817316297 0.8196205327751165 0.36983694495772734
outer loop
vertex 7722.260000000002 10667.410000000003 3999.970000000001
vertex 7611.1100000000015 10833.680000000002 3499.9900000000007
vertex 7576.530000000002 10815.220000000003 3499.9900000000007
endloop
endfacet
facet normal -0.4375417881731792 0.819620532775107 0.3698369449577295
outer loop
vertex 7722.260000000002 10667.410000000003 3999.970000000001
vertex 7576.530000000002 10815.220000000003 3499.9900000000007
vertex 7653.100000000002 10630.490000000003 3999.970000000001
endloop
endfacet
facet normal -0.5908168712675987 0.7169808906528393 0.3699646294772335
outer loop
vertex 7782.840000000002 10717.200000000003 3999.970000000001
vertex 7641.4000000000015 10858.640000000003 3499.9900000000007
vertex 7611.1100000000015 10833.680000000002 3499.9900000000007
endloop
endfacet
facet normal -0.5899294622992036 0.717773183894083 0.36984440781756234
outer loop
vertex 7782.840000000002 10717.200000000003 3999.970000000001
vertex 7611.1100000000015 10833.680000000002 3499.9900000000007
vertex 7722.260000000002 10667.410000000003 3999.970000000001
endloop
endfacet
facet normal -0.7184668967843574 0.5889578424284166 0.37004591345820825
outer loop
vertex 7832.630000000002 10777.780000000002 3999.970000000001
vertex 7666.230000000002 10888.930000000002 3499.9900000000007
vertex 7641.4000000000015 10858.640000000003 3499.9900000000007
endloop
endfacet
facet normal -0.7177484104413928 0.5899091012855227 0.3699249539154675
outer loop
vertex 7832.630000000002 10777.780000000002 3999.970000000001
vertex 7641.4000000000015 10858.640000000003 3499.9900000000007
vertex 7782.840000000002 10717.200000000003 3999.970000000001
endloop
endfacet
facet normal -0.8183713680189242 0.4399515249124121 0.36974445193143596
outer loop
vertex 7869.550000000002 10846.940000000002 3999.970000000001
vertex 7684.8200000000015 10923.510000000002 3499.9900000000007
vertex 7666.230000000002 10888.930000000002 3499.9900000000007
endloop
endfacet
facet normal -0.8195559226733212 0.43750729706621083 0.37002088403886024
outer loop
vertex 7869.550000000002 10846.940000000002 3999.970000000001
vertex 7666.230000000002 10888.930000000002 3499.9900000000007
vertex 7832.630000000002 10777.780000000002 3999.970000000001
endloop
endfacet
facet normal -0.8891160231934686 0.269662572025748 0.36980372435805664
outer loop
vertex 7684.8200000000015 10923.510000000002 3499.9900000000007
vertex 7869.550000000002 10846.940000000002 3999.970000000001
vertex 7892.300000000002 10921.950000000003 3999.970000000001
endloop
endfacet
facet normal -0.8893745739569723 0.26866523588284125 0.3699079050613424
outer loop
vertex 7684.8200000000015 10923.510000000002 3499.9900000000007
vertex 7892.300000000002 10921.950000000003 3999.970000000001
vertex 7696.130000000002 10960.950000000003 3499.9900000000007
endloop
endfacet
facet normal -0.9244510127160599 0.09244510127159737 0.36992462521321184
outer loop
vertex 7700.030000000002 10999.950000000003 3499.9900000000007
vertex 7696.130000000002 10960.950000000003 3499.9900000000007
vertex 7892.300000000002 10921.950000000003 3999.970000000001
endloop
endfacet
facet normal -0.9246638363170705 0.09092527723784596 0.36976936564109636
outer loop
vertex 7700.030000000002 10999.950000000003 3499.9900000000007
vertex 7892.300000000002 10921.950000000003 3999.970000000001
vertex 7899.970000000002 10999.950000000003 3999.970000000001
endloop
endfacet
facet normal 1 0 0
outer loop
vertex 9800.050000000003 10800.010000000002 3800.030000000001
vertex 9800.050000000003 10800.010000000002 400.0100000000001
vertex 9800.050000000003 11200.020000000002 400.0100000000001
endloop
endfacet
facet normal 1 0 0
outer loop
vertex 9800.050000000003 10800.010000000002 3800.030000000001
vertex 9800.050000000003 11200.020000000002 400.0100000000001
vertex 9800.050000000003 11200.020000000002 3800.030000000001
endloop
endfacet
facet normal 0 1 0
outer loop
vertex 10200.060000000003 10800.010000000002 3800.030000000001
vertex 10200.060000000003 10800.010000000002 400.0100000000001
vertex 9800.050000000003 10800.010000000002 400.0100000000001
endloop
endfacet
facet normal 0 1 0
outer loop
vertex 10200.060000000003 10800.010000000002 3800.030000000001
vertex 9800.050000000003 10800.010000000002 400.0100000000001
vertex 9800.050000000003 10800.010000000002 3800.030000000001
endloop
endfacet
facet normal -1 0 0
outer loop
vertex 10200.060000000003 11200.020000000002 3800.030000000001
vertex 10200.060000000003 11200.020000000002 400.0100000000001
vertex 10200.060000000003 10800.010000000002 400.0100000000001
endloop
endfacet
facet normal -1 0 0
outer loop
vertex 10200.060000000003 11200.020000000002 3800.030000000001
vertex 10200.060000000003 10800.010000000002 400.0100000000001
vertex 10200.060000000003 10800.010000000002 3800.030000000001
endloop
endfacet
facet normal 0 -1 0
outer loop
vertex 9800.050000000003 11200.020000000002 3800.030000000001
vertex 9800.050000000003 11200.020000000002 400.0100000000001
vertex 10200.060000000003 11200.020000000002 400.0100000000001
endloop
endfacet
facet normal 0 -1 0
outer loop
vertex 9800.050000000003 11200.020000000002 3800.030000000001
vertex 10200.060000000003 11200.020000000002 400.0100000000001
vertex 10200.060000000003 11200.020000000002 3800.030000000001
endloop
endfacet
facet normal -0.8597216412444851 -0.08496072689946972 0.5036470733168242
outer loop
vertex 10277.410000000002 11055.200000000003 3800.030000000001
vertex 10282.870000000003 10999.950000000003 3800.030000000001
vertex 10400.000000000002 10999.950000000003 3999.970000000001
endloop
endfacet
facet normal -0.8596952977663195 -0.08439604420667675 0.5037869616422642
outer loop
vertex 10277.410000000002 11055.200000000003 3800.030000000001
vertex 10400.000000000002 10999.950000000003 3999.970000000001
vertex 10392.330000000002 11078.080000000004 3999.970000000001
endloop
endfacet
facet normal -0.8264967093936054 -0.25119017638431107 0.5037923030868583
outer loop
vertex 10261.290000000003 11108.240000000003 3800.030000000001
vertex 10277.410000000002 11055.200000000003 3800.030000000001
vertex 10392.330000000002 11078.080000000004 3999.970000000001
endloop
endfacet
facet normal -0.8265718424375575 -0.25069336642387446 0.5039164864542998
outer loop
vertex 10261.290000000003 11108.240000000003 3800.030000000001
vertex 10392.330000000002 11078.080000000004 3999.970000000001
vertex 10369.580000000002 11153.090000000002 3999.970000000001
endloop
endfacet
facet normal -0.7617430928280952 -0.4072084086661053 0.5039134572923273
outer loop
vertex 10235.160000000002 11157.120000000003 3800.030000000001
vertex 10261.290000000003 11108.240000000003 3800.030000000001
vertex 10369.580000000002 11153.090000000002 3999.970000000001
endloop
endfacet
facet normal -0.7614803388546791 -0.4079358958149888 0.5037221440867827
outer loop
vertex 10235.160000000002 11157.120000000003 3800.030000000001
vertex 10369.580000000002 11153.090000000002 3999.970000000001
vertex 10332.530000000002 11222.250000000004 3999.970000000001
endloop
endfacet
facet normal -0.6686761758236176 -0.5470986893102144 0.5035426457023756
outer loop
vertex 10282.870000000003 11282.830000000004 3999.970000000001
vertex 10200.060000000003 11200.020000000002 3800.030000000001
vertex 10235.160000000002 11157.120000000003 3800.030000000001
endloop
endfacet
facet normal -0.6680737793074182 -0.5476484628657367 0.5037445647574762
outer loop
vertex 10282.870000000003 11282.830000000004 3999.970000000001
vertex 10235.160000000002 11157.120000000003 3800.030000000001
vertex 10332.530000000002 11222.250000000004 3999.970000000001
endloop
endfacet
facet normal -0.5468917706533298 -0.6684232752429742 0.5041028826590072
outer loop
vertex 10222.290000000003 11332.620000000003 3999.970000000001
vertex 10157.160000000002 11235.120000000003 3800.030000000001
vertex 10200.060000000003 11200.020000000002 3800.030000000001
endloop
endfacet
facet normal -0.5485488163271076 -0.6674249305703307 0.5036250174081095
outer loop
vertex 10222.290000000003 11332.620000000003 3999.970000000001
vertex 10200.060000000003 11200.020000000002 3800.030000000001
vertex 10282.870000000003 11282.830000000004 3999.970000000001
endloop
endfacet
facet normal -0.40720840866610447 -0.7617430928280938 0.5039134572923301
outer loop
vertex 10153.130000000003 11369.540000000003 3999.970000000001
vertex 10108.280000000002 11261.250000000004 3800.030000000001
vertex 10157.160000000002 11235.120000000003 3800.030000000001
endloop
endfacet
facet normal -0.406735773064542 -0.7619134903885051 0.504037542325564
outer loop
vertex 10153.130000000003 11369.540000000003 3999.970000000001
vertex 10157.160000000002 11235.120000000003 3800.030000000001
vertex 10222.290000000003 11332.620000000003 3999.970000000001
endloop
endfacet
facet normal -0.25121084368170926 -0.8265647114689157 0.5036704178041749
outer loop
vertex 10077.990000000002 11392.290000000003 3999.970000000001
vertex 10055.240000000002 11277.370000000003 3800.030000000001
vertex 10108.280000000002 11261.250000000004 3800.030000000001
endloop
endfacet
facet normal -0.2502991062549459 -0.8267021909449206 0.5038986454584328
outer loop
vertex 10077.990000000002 11392.290000000003 3999.970000000001
vertex 10108.280000000002 11261.250000000004 3800.030000000001
vertex 10153.130000000003 11369.540000000003 3999.970000000001
endloop
endfacet
facet normal -0.08496072689946967 -0.8597216412444851 0.5036470733168242
outer loop
vertex 9999.990000000002 11399.960000000003 3999.970000000001
vertex 9999.990000000002 11282.830000000004 3800.030000000001
vertex 10055.240000000002 11277.370000000003 3800.030000000001
endloop
endfacet
facet normal -0.08453735521175884 -0.8597019174077087 0.503751971489254
outer loop
vertex 9999.990000000002 11399.960000000003 3999.970000000001
vertex 10055.240000000002 11277.370000000003 3800.030000000001
vertex 10077.990000000002 11392.290000000003 3999.970000000001
endloop
endfacet
facet normal 0.08453501441670508 -0.8596781127122467 0.5037929871098616
outer loop
vertex 9999.990000000002 11399.960000000003 3999.970000000001
vertex 9921.990000000002 11392.290000000003 3999.970000000001
vertex 9944.870000000003 11277.370000000003 3800.030000000001
endloop
endfacet
facet normal 0.08515965448715401 -0.8597069881558668 0.5036384891602279
outer loop
vertex 9999.990000000002 11399.960000000003 3999.970000000001
vertex 9944.870000000003 11277.370000000003 3800.030000000001
vertex 9999.990000000002 11282.830000000004 3800.030000000001
endloop
endfacet
facet normal 0.25071395712688604 -0.8266397329269153 0.5037948626656449
outer loop
vertex 9921.990000000002 11392.290000000003 3999.970000000001
vertex 9846.980000000003 11369.540000000003 3999.970000000001
vertex 9891.700000000003 11261.250000000004 3800.030000000001
endloop
endfacet
facet normal 0.25062351361144647 -0.8266533634442599 0.503817497841575
outer loop
vertex 9921.990000000002 11392.290000000003 3999.970000000001
vertex 9891.700000000003 11261.250000000004 3800.030000000001
vertex 9944.870000000003 11277.370000000003 3800.030000000001
endloop
endfacet
facet normal 0.40678998615522566 -0.7620150444879747 0.5038402317578671
outer loop
vertex 9846.980000000003 11369.540000000003 3999.970000000001
vertex 9777.820000000002 11332.620000000003 3999.970000000001
vertex 9842.820000000003 11235.120000000003 3800.030000000001
endloop
endfacet
facet normal 0.4072627344360567 -0.7618447171539746 0.5037158842882032
outer loop
vertex 9846.980000000003 11369.540000000003 3999.970000000001
vertex 9842.820000000003 11235.120000000003 3800.030000000001
vertex 9891.700000000003 11261.250000000004 3800.030000000001
endloop
endfacet
facet normal 0.547974083595443 -0.667716568529262 0.5038640568836419
outer loop
vertex 9717.110000000002 11282.830000000004 3999.970000000001
vertex 9800.050000000003 11200.020000000002 3800.030000000001
vertex 9842.820000000003 11235.120000000003 3800.030000000001
endloop
endfacet
facet normal 0.547784222378084 -0.6679248873382934 0.5037943931682506
outer loop
vertex 9717.110000000002 11282.830000000004 3999.970000000001
vertex 9842.820000000003 11235.120000000003 3800.030000000001
vertex 9777.820000000002 11332.620000000003 3999.970000000001
endloop
endfacet
facet normal 0.6676070597319775 -0.548247009658711 0.503712249400692
outer loop
vertex 9667.450000000003 11222.250000000004 3999.970000000001
vertex 9764.820000000002 11157.120000000003 3800.030000000001
vertex 9800.050000000003 11200.020000000002 3800.030000000001
endloop
endfacet
facet normal 0.6680028791702722 -0.5475903430108231 0.5039017460393601
outer loop
vertex 9667.450000000003 11222.250000000004 3999.970000000001
vertex 9800.050000000003 11200.020000000002 3800.030000000001
vertex 9717.110000000002 11282.830000000004 3999.970000000001
endloop
endfacet
facet normal 0.7617430928281066 -0.4072084086660829 0.5039134572923284
outer loop
vertex 9630.400000000003 11153.090000000002 3999.970000000001
vertex 9738.690000000002 11108.240000000003 3800.030000000001
vertex 9764.820000000002 11157.120000000003 3800.030000000001
endloop
endfacet
facet normal 0.7614803388546818 -0.40793589581499023 0.5037221440867776
outer loop
vertex 9630.400000000003 11153.090000000002 3999.970000000001
vertex 9764.820000000002 11157.120000000003 3800.030000000001
vertex 9667.450000000003 11222.250000000004 3999.970000000001
endloop
endfacet
facet normal 0.8264967093936013 -0.25119017638433816 0.5037923030868516
outer loop
vertex 9607.650000000003 11078.080000000004 3999.970000000001
vertex 9722.570000000002 11055.200000000003 3800.030000000001
vertex 9738.690000000002 11108.240000000003 3800.030000000001
endloop
endfacet
facet normal 0.8265718424375575 -0.25069336642387463 0.5039164864542998
outer loop
vertex 9607.650000000003 11078.080000000004 3999.970000000001
vertex 9738.690000000002 11108.240000000003 3800.030000000001
vertex 9630.400000000003 11153.090000000002 3999.970000000001
endloop
endfacet
facet normal 0.8597216412444871 -0.08496072689944155 0.5036470733168253
outer loop
vertex 9599.980000000003 10999.950000000003 3999.970000000001
vertex 9717.110000000002 10999.950000000003 3800.030000000001
vertex 9722.570000000002 11055.200000000003 3800.030000000001
endloop
endfacet
facet normal 0.8596952977663227 -0.08439604420667697 0.5037869616422583
outer loop
vertex 9599.980000000003 10999.950000000003 3999.970000000001
vertex 9722.570000000002 11055.200000000003 3800.030000000001
vertex 9607.650000000003 11078.080000000004 3999.970000000001
endloop
endfacet
facet normal 0.85967811271225 0.0845350144167054 0.5037929871098558
outer loop
vertex 9599.980000000003 10999.950000000003 3999.970000000001
vertex 9607.650000000003 10921.950000000003 3999.970000000001
vertex 9722.570000000002 10944.830000000004 3800.030000000001
endloop
endfacet
facet normal 0.8597069881558689 0.08515965448712584 0.5036384891602291
outer loop
vertex 9599.980000000003 10999.950000000003 3999.970000000001
vertex 9722.570000000002 10944.830000000004 3800.030000000001
vertex 9717.110000000002 10999.950000000003 3800.030000000001
endloop
endfacet
facet normal 0.8265718424375583 0.2506933664238688 0.5039164864543013
outer loop
vertex 9607.650000000003 10921.950000000003 3999.970000000001
vertex 9630.400000000003 10846.940000000002 3999.970000000001
vertex 9738.690000000002 10891.790000000003 3800.030000000001
endloop
endfacet
facet normal 0.8264967093936013 0.25119017638433816 0.5037923030868516
outer loop
vertex 9607.650000000003 10921.950000000003 3999.970000000001
vertex 9738.690000000002 10891.790000000003 3800.030000000001
vertex 9722.570000000002 10944.830000000004 3800.030000000001
endloop
endfacet
facet normal 0.7614803388546771 0.40793589581499845 0.5037221440867778
outer loop
vertex 9630.400000000003 10846.940000000002 3999.970000000001
vertex 9667.450000000003 10777.780000000002 3999.970000000001
vertex 9764.820000000002 10842.910000000003 3800.030000000001
endloop
endfacet
facet normal 0.7617430928281052 0.4072084086660821 0.5039134572923312
outer loop
vertex 9630.400000000003 10846.940000000002 3999.970000000001
vertex 9764.820000000002 10842.910000000003 3800.030000000001
vertex 9738.690000000002 10891.790000000003 3800.030000000001
endloop
endfacet
facet normal 0.6675070843461754 0.5481649086600439 0.5039340485236073
outer loop
vertex 9717.110000000002 10717.200000000003 3999.970000000001
vertex 9800.050000000003 10800.010000000002 3800.030000000001
vertex 9764.820000000002 10842.910000000003 3800.030000000001
endloop
endfacet
facet normal 0.6680737793074201 0.5476484628657383 0.5037445647574716
outer loop
vertex 9717.110000000002 10717.200000000003 3999.970000000001
vertex 9764.820000000002 10842.910000000003 3800.030000000001
vertex 9667.450000000003 10777.780000000002 3999.970000000001
endloop
endfacet
facet normal 0.5493597554875798 0.6669349061085527 0.5033901966314032
outer loop
vertex 9777.820000000002 10667.410000000003 3999.970000000001
vertex 9842.820000000003 10764.780000000002 3800.030000000001
vertex 9800.050000000003 10800.010000000002 3800.030000000001
endloop
endfacet
facet normal 0.5477629212165404 0.6678989143815287 0.5038519845235278
outer loop
vertex 9777.820000000002 10667.410000000003 3999.970000000001
vertex 9800.050000000003 10800.010000000002 3800.030000000001
vertex 9717.110000000002 10717.200000000003 3999.970000000001
endloop
endfacet
facet normal 0.4068915219791523 0.762205245397584 0.5034704094878842
outer loop
vertex 9842.820000000003 10764.780000000002 3800.030000000001
vertex 9777.820000000002 10667.410000000003 3999.970000000001
vertex 9846.980000000003 10630.490000000003 3999.970000000001
endloop
endfacet
facet normal 0.40736434043569886 0.7620347860886815 0.503346082662978
outer loop
vertex 9842.820000000003 10764.780000000002 3800.030000000001
vertex 9846.980000000003 10630.490000000003 3999.970000000001
vertex 9891.700000000003 10738.650000000003 3800.030000000001
endloop
endfacet
facet normal 0.25078183634103596 0.826863540392998 0.5033936393421901
outer loop
vertex 9891.700000000003 10738.650000000003 3800.030000000001
vertex 9846.980000000003 10630.490000000003 3999.970000000001
vertex 9921.990000000002 10607.740000000003 3999.970000000001
endloop
endfacet
facet normal 0.25069137250891843 0.8268771883559893 0.5034162801559844
outer loop
vertex 9891.700000000003 10738.650000000003 3800.030000000001
vertex 9921.990000000002 10607.740000000003 3999.970000000001
vertex 9944.870000000003 10722.530000000002 3800.030000000001
endloop
endfacet
facet normal 0.08316920159904789 0.8600912555608814 0.5033149272702764
outer loop
vertex 9999.990000000002 10717.200000000003 3800.030000000001
vertex 9944.870000000003 10722.530000000002 3800.030000000001
vertex 9921.990000000002 10607.740000000003 3999.970000000001
endloop
endfacet
facet normal 0.0859405324662964 0.8594053246628424 0.5040205480142296
outer loop
vertex 9999.990000000002 10717.200000000003 3800.030000000001
vertex 9921.990000000002 10607.740000000003 3999.970000000001
vertex 9999.990000000002 10599.940000000002 3999.970000000001
endloop
endfacet
facet normal -0.08292857579772255 0.8596254808300625 0.5041496643099594
outer loop
vertex 10055.240000000002 10722.530000000002 3800.030000000001
vertex 9999.990000000002 10717.200000000003 3800.030000000001
vertex 9999.990000000002 10599.940000000002 3999.970000000001
endloop
endfacet
facet normal -0.08597683133326338 0.859768313332514 0.503394906473293
outer loop
vertex 10055.240000000002 10722.530000000002 3800.030000000001
vertex 9999.990000000002 10599.940000000002 3999.970000000001
vertex 10077.990000000002 10607.740000000003 3999.970000000001
endloop
endfacet
facet normal -0.2512788344383148 0.8267884229905567 0.5032691635418468
outer loop
vertex 10108.280000000002 10738.650000000003 3800.030000000001
vertex 10055.240000000002 10722.530000000002 3800.030000000001
vertex 10077.990000000002 10607.740000000003 3999.970000000001
endloop
endfacet
facet normal -0.25036689224473235 0.8269260783854723 0.5034974480111477
outer loop
vertex 10108.280000000002 10738.650000000003 3800.030000000001
vertex 10077.990000000002 10607.740000000003 3999.970000000001
vertex 10153.130000000003 10630.490000000003 3999.970000000001
endloop
endfacet
facet normal -0.4073100274391228 0.7619331856572755 0.5035438035977573
outer loop
vertex 10157.160000000002 10764.780000000002 3800.030000000001
vertex 10108.280000000002 10738.650000000003 3800.030000000001
vertex 10153.130000000003 10630.490000000003 3999.970000000001
endloop
endfacet
facet normal -0.40683732161504765 0.762103715138044 0.5036678678592529
outer loop
vertex 10157.160000000002 10764.780000000002 3800.030000000001
vertex 10153.130000000003 10630.490000000003 3999.970000000001
vertex 10222.290000000003 10667.410000000003 3999.970000000001
endloop
endfacet
facet normal -0.5482847867640009 0.6676530613731687 0.5036101490659116
outer loop
vertex 10282.870000000003 10717.200000000003 3999.970000000001
vertex 10200.060000000003 10800.010000000002 3800.030000000001
vertex 10157.160000000002 10764.780000000002 3800.030000000001
endloop
endfacet
facet normal -0.5485220600262978 0.6673923759066822 0.5036972962466053
outer loop
vertex 10282.870000000003 10717.200000000003 3999.970000000001
vertex 10157.160000000002 10764.780000000002 3800.030000000001
vertex 10222.290000000003 10667.410000000003 3999.970000000001
endloop
endfacet
facet normal -0.6685697023262327 0.547011574630513 0.5037786124396901
outer loop
vertex 10332.530000000002 10777.780000000002 3999.970000000001
vertex 10235.160000000002 10842.910000000003 3800.030000000001
vertex 10200.060000000003 10800.010000000002 3800.030000000001
endloop
endfacet
facet normal -0.6681490637389693 0.5477101767130598 0.5035775917866954
outer loop
vertex 10332.530000000002 10777.780000000002 3999.970000000001
vertex 10200.060000000003 10800.010000000002 3800.030000000001
vertex 10282.870000000003 10717.200000000003 3999.970000000001
endloop
endfacet
facet normal -0.7614803388546746 0.40793589581499706 0.5037221440867832
outer loop
vertex 10235.160000000002 10842.910000000003 3800.030000000001
vertex 10332.530000000002 10777.780000000002 3999.970000000001
vertex 10369.580000000002 10846.940000000002 3999.970000000001
endloop
endfacet
facet normal -0.7617430928280937 0.4072084086661045 0.5039134572923301
outer loop
vertex 10235.160000000002 10842.910000000003 3800.030000000001
vertex 10369.580000000002 10846.940000000002 3999.970000000001
vertex 10261.290000000003 10891.790000000003 3800.030000000001
endloop
endfacet
facet normal -0.8265718424375585 0.2506933664238687 0.5039164864543013
outer loop
vertex 10261.290000000003 10891.790000000003 3800.030000000001
vertex 10369.580000000002 10846.940000000002 3999.970000000001
vertex 10392.330000000002 10921.950000000003 3999.970000000001
endloop
endfacet
facet normal -0.8264967093936054 0.25119017638431107 0.5037923030868583
outer loop
vertex 10261.290000000003 10891.790000000003 3800.030000000001
vertex 10392.330000000002 10921.950000000003 3999.970000000001
vertex 10277.410000000002 10944.830000000004 3800.030000000001
endloop
endfacet
facet normal -0.8596019516090073 0.08514924992355007 0.5038195014362212
outer loop
vertex 10282.870000000003 10999.950000000003 3800.030000000001
vertex 10277.410000000002 10944.830000000004 3800.030000000001
vertex 10392.330000000002 10921.950000000003 3999.970000000001
endloop
endfacet
facet normal -0.8597523490358299 0.08454231432185752 0.5036650627316497
outer loop
vertex 10282.870000000003 10999.950000000003 3800.030000000001
vertex 10392.330000000002 10921.950000000003 3999.970000000001
vertex 10400.000000000002 10999.950000000003 3999.970000000001
endloop
endfacet
facet normal 0 0 1
outer loop
vertex 9999.990000000002 11247.860000000002 3800.030000000001
vertex 9944.870000000003 11277.370000000003 3800.030000000001
vertex 9891.700000000003 11261.250000000004 3800.030000000001
endloop
endfacet
facet normal 0 0 1
outer loop
vertex 9999.990000000002 11247.860000000002 3800.030000000001
vertex 9891.700000000003 11261.250000000004 3800.030000000001
vertex 9842.820000000003 11235.120000000003 3800.030000000001
endloop
endfacet
facet normal 0 0 1
outer loop
vertex 9999.990000000002 11247.860000000002 3800.030000000001
vertex 9842.820000000003 11235.120000000003 3800.030000000001
vertex 9800.050000000003 11200.020000000002 3800.030000000001
endloop
endfacet
facet normal 0 0 1
outer loop
vertex 9999.990000000002 11247.860000000002 3800.030000000001
vertex 9800.050000000003 11200.020000000002 3800.030000000001
vertex 10200.060000000003 11200.020000000002 3800.030000000001
endloop
endfacet
facet normal 0 0 1
outer loop
vertex 9999.990000000002 11247.860000000002 3800.030000000001
vertex 10200.060000000003 11200.020000000002 3800.030000000001
vertex 10157.160000000002 11235.120000000003 3800.030000000001
endloop
endfacet
facet normal 0 0 1
outer loop
vertex 9999.990000000002 11247.860000000002 3800.030000000001
vertex 10157.160000000002 11235.120000000003 3800.030000000001
vertex 10108.280000000002 11261.250000000004 3800.030000000001
endloop
endfacet
facet normal 0 0 1
outer loop
vertex 9999.990000000002 11247.860000000002 3800.030000000001
vertex 10108.280000000002 11261.250000000004 3800.030000000001
vertex 10055.240000000002 11277.370000000003 3800.030000000001
endloop
endfacet
facet normal 0 0 1
outer loop
vertex 9999.990000000002 11247.860000000002 3800.030000000001
vertex 10055.240000000002 11277.370000000003 3800.030000000001
vertex 9999.990000000002 11282.830000000004 3800.030000000001
endloop
endfacet
facet normal 0 0 1
outer loop
vertex 9999.990000000002 11247.860000000002 3800.030000000001
vertex 9999.990000000002 11282.830000000004 3800.030000000001
vertex 9944.870000000003 11277.370000000003 3800.030000000001
endloop
endfacet
facet normal 0 0 1
outer loop
vertex 10247.900000000003 10999.950000000003 3800.030000000001
vertex 10200.060000000003 10800.010000000002 3800.030000000001
vertex 10235.160000000002 10842.910000000003 3800.030000000001
endloop
endfacet
facet normal 0 0 0.9999999999999999
outer loop
vertex 10247.900000000003 10999.950000000003 3800.030000000001
vertex 10235.160000000002 10842.910000000003 3800.030000000001
vertex 10261.290000000003 10891.790000000003 3800.030000000001
endloop
endfacet
facet normal 0 0 1
outer loop
vertex 10247.900000000003 10999.950000000003 3800.030000000001
vertex 10261.290000000003 10891.790000000003 3800.030000000001
vertex 10277.410000000002 10944.830000000004 3800.030000000001
endloop
endfacet
facet normal 0 0 1
outer loop
vertex 10247.900000000003 10999.950000000003 3800.030000000001
vertex 10277.410000000002 10944.830000000004 3800.030000000001
vertex 10282.870000000003 10999.950000000003 3800.030000000001
endloop
endfacet
facet normal 0 0 1
outer loop
vertex 10247.900000000003 10999.950000000003 3800.030000000001
vertex 10282.870000000003 10999.950000000003 3800.030000000001
vertex 10277.410000000002 11055.200000000003 3800.030000000001
endloop
endfacet
facet normal 0 0 0.9999999999999999
outer loop
vertex 10247.900000000003 10999.950000000003 3800.030000000001
vertex 10277.410000000002 11055.200000000003 3800.030000000001
vertex 10261.290000000003 11108.240000000003 3800.030000000001
endloop
endfacet
facet normal 0 0 1
outer loop
vertex 10247.900000000003 10999.950000000003 3800.030000000001
vertex 10261.290000000003 11108.240000000003 3800.030000000001
vertex 10235.160000000002 11157.120000000003 3800.030000000001
endloop
endfacet
facet normal 0 0 1
outer loop
vertex 10247.900000000003 10999.950000000003 3800.030000000001
vertex 10235.160000000002 11157.120000000003 3800.030000000001
vertex 10200.060000000003 11200.020000000002 3800.030000000001
endloop
endfacet
facet normal 0 0 1
outer loop
vertex 10247.900000000003 10999.950000000003 3800.030000000001
vertex 10200.060000000003 11200.020000000002 3800.030000000001
vertex 10200.060000000003 10800.010000000002 3800.030000000001
endloop
endfacet
facet normal 0 0 1
outer loop
vertex 9752.210000000003 10999.950000000003 3800.030000000001
vertex 9764.820000000002 11157.120000000003 3800.030000000001
vertex 9738.690000000002 11108.240000000003 3800.030000000001
endloop
endfacet
facet normal 0 0 1
outer loop
vertex 9752.210000000003 10999.950000000003 3800.030000000001
vertex 9738.690000000002 11108.240000000003 3800.030000000001
vertex 9722.570000000002 11055.200000000003 3800.030000000001
endloop
endfacet
facet normal 0 0 1
outer loop
vertex 9752.210000000003 10999.950000000003 3800.030000000001
vertex 9722.570000000002 11055.200000000003 3800.030000000001
vertex 9717.110000000002 10999.950000000003 3800.030000000001
endloop
endfacet
facet normal 0 0 0.9999999999999999
outer loop
vertex 9752.210000000003 10999.950000000003 3800.030000000001
vertex 9717.110000000002 10999.950000000003 3800.030000000001
vertex 9722.570000000002 10944.830000000004 3800.030000000001
endloop
endfacet
facet normal 0 0 1
outer loop
vertex 9752.210000000003 10999.950000000003 3800.030000000001
vertex 9722.570000000002 10944.830000000004 3800.030000000001
vertex 9738.690000000002 10891.790000000003 3800.030000000001
endloop
endfacet
facet normal 0 0 1
outer loop
vertex 9752.210000000003 10999.950000000003 3800.030000000001
vertex 9738.690000000002 10891.790000000003 3800.030000000001
vertex 9764.820000000002 10842.910000000003 3800.030000000001
endloop
endfacet
facet normal 0 0 1
outer loop
vertex 9752.210000000003 10999.950000000003 3800.030000000001
vertex 9764.820000000002 10842.910000000003 3800.030000000001
vertex 9800.050000000003 10800.010000000002 3800.030000000001
endloop
endfacet
facet normal 0 0 1
outer loop
vertex 9752.210000000003 10999.950000000003 3800.030000000001
vertex 9800.050000000003 10800.010000000002 3800.030000000001
vertex 9800.050000000003 11200.020000000002 3800.030000000001
endloop
endfacet
facet normal 0 0 1
outer loop
vertex 9752.210000000003 10999.950000000003 3800.030000000001
vertex 9800.050000000003 11200.020000000002 3800.030000000001
vertex 9764.820000000002 11157.120000000003 3800.030000000001
endloop
endfacet
facet normal 0 0 1
outer loop
vertex 9999.990000000002 10752.170000000002 3800.030000000001
vertex 9800.050000000003 10800.010000000002 3800.030000000001
vertex 9842.820000000003 10764.780000000002 3800.030000000001
endloop
endfacet
facet normal 0 0 1
outer loop
vertex 9999.990000000002 10752.170000000002 3800.030000000001
vertex 9842.820000000003 10764.780000000002 3800.030000000001
vertex 9891.700000000003 10738.650000000003 3800.030000000001
endloop
endfacet
facet normal 0 0 1
outer loop
vertex 9999.990000000002 10752.170000000002 3800.030000000001
vertex 9891.700000000003 10738.650000000003 3800.030000000001
vertex 9944.870000000003 10722.530000000002 3800.030000000001
endloop
endfacet
facet normal 0 0 1
outer loop
vertex 9999.990000000002 10752.170000000002 3800.030000000001
vertex 9944.870000000003 10722.530000000002 3800.030000000001
vertex 9999.990000000002 10717.200000000003 3800.030000000001
endloop
endfacet
facet normal 0 0 1
outer loop
vertex 9999.990000000002 10752.170000000002 3800.030000000001
vertex 9999.990000000002 10717.200000000003 3800.030000000001
vertex 10055.240000000002 10722.530000000002 3800.030000000001
endloop
endfacet
facet normal 0 0 1
outer loop
vertex 9999.990000000002 10752.170000000002 3800.030000000001
vertex 10055.240000000002 10722.530000000002 3800.030000000001
vertex 10108.280000000002 10738.650000000003 3800.030000000001
endloop
endfacet
facet normal 0 0 1
outer loop
vertex 9999.990000000002 10752.170000000002 3800.030000000001
vertex 10108.280000000002 10738.650000000003 3800.030000000001
vertex 10157.160000000002 10764.780000000002 3800.030000000001
endloop
endfacet
facet normal 0 0 1
outer loop
vertex 9999.990000000002 10752.170000000002 3800.030000000001
vertex 10157.160000000002 10764.780000000002 3800.030000000001
vertex 10200.060000000003 10800.010000000002 3800.030000000001
endloop
endfacet
facet normal 0 0 1
outer loop
vertex 9999.990000000002 10752.170000000002 3800.030000000001
vertex 10200.060000000003 10800.010000000002 3800.030000000001
vertex 9800.050000000003 10800.010000000002 3800.030000000001
endloop
endfacet
endsolid JSCAD
