solid JSCAD
facet normal -1 0 0
outer loop
vertex 0 0 0
vertex 0 0 3999.9700000000003
vertex 0 15000.050000000001 3999.9700000000003
endloop
endfacet
facet normal -1 0 0
outer loop
vertex 0 0 0
vertex 0 15000.050000000001 3999.9700000000003
vertex 0 15000.050000000001 0
endloop
endfacet
facet normal 1 0 0
outer loop
vertex 19999.98 0 0
vertex 19999.98 15000.050000000001 0
vertex 19999.98 15000.050000000001 3999.9700000000003
endloop
endfacet
facet normal 1 0 0
outer loop
vertex 19999.98 0 0
vertex 19999.98 15000.050000000001 3999.9700000000003
vertex 19999.98 0 3999.9700000000003
endloop
endfacet
facet normal 0 -1 0
outer loop
vertex 0 0 0
vertex 19999.98 0 0
vertex 19999.98 0 3999.9700000000003
endloop
endfacet
facet normal 0 -1 0
outer loop
vertex 0 0 0
vertex 19999.98 0 3999.9700000000003
vertex 0 0 3999.9700000000003
endloop
endfacet
facet normal 0 1 0
outer loop
vertex 0 15000.050000000001 0
vertex 0 15000.050000000001 3999.9700000000003
vertex 19999.98 15000.050000000001 3999.9700000000003
endloop
endfacet
facet normal 0 1 0
outer loop
vertex 0 15000.050000000001 0
vertex 19999.98 15000.050000000001 3999.9700000000003
vertex 19999.98 15000.050000000001 0
endloop
endfacet
facet normal 0 0 -1
outer loop
vertex 0 0 0
vertex 0 15000.050000000001 0
vertex 19999.98 15000.050000000001 0
endloop
endfacet
facet normal 0 0 -1
outer loop
vertex 0 0 0
vertex 19999.98 15000.050000000001 0
vertex 19999.98 0 0
endloop
endfacet
facet normal 0 0 1
outer loop
vertex 0 0 3999.9700000000003
vertex 19999.98 0 3999.9700000000003
vertex 19999.98 15000.050000000001 3999.9700000000003
endloop
endfacet
facet normal 0 0 1
outer loop
vertex 0 0 3999.9700000000003
vertex 19999.98 15000.050000000001 3999.9700000000003
vertex 0 15000.050000000001 3999.9700000000003
endloop
endfacet
facet normal 0 1 0
outer loop
vertex 10599.94 4300.01 599.95
vertex 10599.94 4300.01 199.94
vertex 10499.970000000001 4300.01 199.94
endloop
endfacet
facet normal 0 1 0
outer loop
vertex 10599.94 4300.01 599.95
vertex 10499.970000000001 4300.01 199.94
vertex 10499.970000000001 4300.01 599.95
endloop
endfacet
facet normal 0 1 0
outer loop
vertex 14700.01 4300.01 599.95
vertex 14700.01 4300.01 199.94
vertex 14600.04 4300.01 199.94
endloop
endfacet
facet normal 0 1 0
outer loop
vertex 14700.01 4300.01 599.95
vertex 14600.04 4300.01 199.94
vertex 14600.04 4300.01 599.95
endloop
endfacet
facet normal 0 -1 0
outer loop
vertex 14600.04 4700.02 599.95
vertex 14600.04 4700.02 199.94
vertex 14700.01 4700.02 199.94
endloop
endfacet
facet normal 0 -1 0
outer loop
vertex 14600.04 4700.02 599.95
vertex 14700.01 4700.02 199.94
vertex 14700.01 4700.02 599.95
endloop
endfacet
facet normal 0 -1 0
outer loop
vertex 10499.970000000001 4700.02 599.95
vertex 10499.970000000001 4700.02 199.94
vertex 10599.94 4700.02 199.94
endloop
endfacet
facet normal 0 -1 0
outer loop
vertex 10499.970000000001 4700.02 599.95
vertex 10599.94 4700.02 199.94
vertex 10599.94 4700.02 599.95
endloop
endfacet
facet normal 0 0 1
outer loop
vertex 6439.42 12757.42 199.94
vertex 7748.26 12430.210000000001 199.94
vertex 7869.55 12915.37 199.94
endloop
endfacet
facet normal 0 0 1
outer loop
vertex 6439.42 12757.42 199.94
vertex 7869.55 12915.37 199.94
vertex 6560.58 13242.58 199.94
endloop
endfacet
facet normal 0 0 1
outer loop
vertex 10749.31 11679.98 199.94
vertex 12439.310000000001 11257.48 199.94
vertex 12560.6 11742.51 199.94
endloop
endfacet
facet normal 0 0 0.9999999999999999
outer loop
vertex 10749.31 11679.98 199.94
vertex 12560.6 11742.51 199.94
vertex 10870.6 12165.01 199.94
endloop
endfacet
facet normal 0 0 1
outer loop
vertex 2858.57 10858.640000000001 199.94
vertex 3112.85 10604.36 199.94
vertex 3395.6 10887.24 199.94
endloop
endfacet
facet normal 0 0 0.9999999999999999
outer loop
vertex 2858.57 10858.640000000001 199.94
vertex 3395.6 10887.24 199.94
vertex 3141.4500000000003 11141.390000000001 199.94
endloop
endfacet
facet normal 0 0 1
outer loop
vertex 5431.53 8699.99 199.94
vertex 5582.85 8699.99 199.94
vertex 5507.1900000000005 8775.65 199.94
endloop
endfacet
facet normal 0 0 1
outer loop
vertex 5951.27 8690.630000000001 199.94
vertex 5582.85 8699.99 199.94
vertex 5431.53 8699.99 199.94
endloop
endfacet
facet normal 0 0 1
outer loop
vertex 5951.27 8690.630000000001 199.94
vertex 5431.53 8699.99 199.94
vertex 5408.13 8676.59 199.94
endloop
endfacet
facet normal 0 0 1
outer loop
vertex 5951.27 8690.630000000001 199.94
vertex 5408.13 8676.59 199.94
vertex 6666.92 8676.59 199.94
endloop
endfacet
facet normal 0 0 1
outer loop
vertex 5951.27 8690.630000000001 199.94
vertex 6666.92 8676.59 199.94
vertex 6666.92 8699.99 199.94
endloop
endfacet
facet normal 0 0 1
outer loop
vertex 5951.27 8690.630000000001 199.94
vertex 6666.92 8699.99 199.94
vertex 5582.85 8699.99 199.94
endloop
endfacet
facet normal 0 0 1
outer loop
vertex 5735.21 8636.550000000001 199.94
vertex 5408.13 8676.59 199.94
vertex 5388.89 8666.32 199.94
endloop
endfacet
facet normal 0 0 1
outer loop
vertex 5735.21 8636.550000000001 199.94
vertex 5388.89 8666.32 199.94
vertex 5358.6 8641.36 199.94
endloop
endfacet
facet normal 0 0 1
outer loop
vertex 5735.21 8636.550000000001 199.94
vertex 5358.6 8641.36 199.94
vertex 5333.77 8611.07 199.94
endloop
endfacet
facet normal 0 0 1
outer loop
vertex 5735.21 8636.550000000001 199.94
vertex 5333.77 8611.07 199.94
vertex 5323.37 8591.83 199.94
endloop
endfacet
facet normal 0 0 0.9999999999999999
outer loop
vertex 5735.21 8636.550000000001 199.94
vertex 5323.37 8591.83 199.94
vertex 6666.92 8591.83 199.94
endloop
endfacet
facet normal 0 0 1
outer loop
vertex 5735.21 8636.550000000001 199.94
vertex 6666.92 8591.83 199.94
vertex 6666.92 8676.59 199.94
endloop
endfacet
facet normal 0 0 1
outer loop
vertex 5735.21 8636.550000000001 199.94
vertex 6666.92 8676.59 199.94
vertex 5408.13 8676.59 199.94
endloop
endfacet
facet normal 0 0 1
outer loop
vertex 9653.15 8699.99 199.94
vertex 9653.15 8299.98 199.94
vertex 10499.970000000001 8299.98 199.94
endloop
endfacet
facet normal 0 0 1
outer loop
vertex 9653.15 8699.99 199.94
vertex 10499.970000000001 8299.98 199.94
vertex 10499.970000000001 8699.99 199.94
endloop
endfacet
facet normal 0 0 0.9999999999999999
outer loop
vertex 5668.13 8398.65 199.94
vertex 5323.37 8591.83 199.94
vertex 5224.31 8492.77 199.94
endloop
endfacet
facet normal 0 0 1
outer loop
vertex 5668.13 8398.65 199.94
vertex 5224.31 8492.77 199.94
vertex 5358.6 8358.61 199.94
endloop
endfacet
facet normal 0 0 1
outer loop
vertex 5668.13 8398.65 199.94
vertex 5358.6 8358.61 199.94
vertex 5388.89 8333.65 199.94
endloop
endfacet
facet normal 0 0 1
outer loop
vertex 5668.13 8398.65 199.94
vertex 5388.89 8333.65 199.94
vertex 5423.47 8315.19 199.94
endloop
endfacet
facet normal 0 0 1
outer loop
vertex 5668.13 8398.65 199.94
vertex 5423.47 8315.19 199.94
vertex 5461.04 8303.880000000001 199.94
endloop
endfacet
facet normal 0 0 1
outer loop
vertex 5668.13 8398.65 199.94
vertex 5461.04 8303.880000000001 199.94
vertex 5500.04 8299.98 199.94
endloop
endfacet
facet normal 0 0 0.9999999999999999
outer loop
vertex 5668.13 8398.65 199.94
vertex 5500.04 8299.98 199.94
vertex 6666.92 8299.98 199.94
endloop
endfacet
facet normal 0 0 1
outer loop
vertex 5668.13 8398.65 199.94
vertex 6666.92 8299.98 199.94
vertex 6666.92 8591.83 199.94
endloop
endfacet
facet normal 0 0 1
outer loop
vertex 5668.13 8398.65 199.94
vertex 6666.92 8591.83 199.94
vertex 5323.37 8591.83 199.94
endloop
endfacet
facet normal 0 0 1
outer loop
vertex 13000 6525.87 199.94
vertex 12906.140000000001 6692.66 199.94
vertex 12814.62 6670.6900000000005 199.94
endloop
endfacet
facet normal 0 0 1
outer loop
vertex 13000 6525.87 199.94
vertex 12814.62 6670.6900000000005 199.94
vertex 12727.65 6634.55 199.94
endloop
endfacet
facet normal 0 0 1
outer loop
vertex 13000 6525.87 199.94
vertex 12727.65 6634.55 199.94
vertex 12647.310000000001 6585.41 199.94
endloop
endfacet
facet normal 0 0 1
outer loop
vertex 13000 6525.87 199.94
vertex 12647.310000000001 6585.41 199.94
vertex 12575.68 6524.31 199.94
endloop
endfacet
facet normal 0 0 1
outer loop
vertex 13000 6525.87 199.94
vertex 12575.68 6524.31 199.94
vertex 12514.58 6452.68 199.94
endloop
endfacet
facet normal 0 0 1
outer loop
vertex 13000 6525.87 199.94
vertex 12514.58 6452.68 199.94
vertex 12465.44 6372.34 199.94
endloop
endfacet
facet normal 0 0 1
outer loop
vertex 13000 6525.87 199.94
vertex 12465.44 6372.34 199.94
vertex 12435.41 6300.06 199.94
endloop
endfacet
facet normal 0 0 0.9999999999999999
outer loop
vertex 13000 6525.87 199.94
vertex 12435.41 6300.06 199.94
vertex 13000 6300.06 199.94
endloop
endfacet
facet normal 0 0 0.9999999999999999
outer loop
vertex 13000 6525.87 199.94
vertex 13000 6300.06 199.94
vertex 13564.59 6300.06 199.94
endloop
endfacet
facet normal 0 0 1
outer loop
vertex 13000 6525.87 199.94
vertex 13564.59 6300.06 199.94
vertex 13534.560000000001 6372.34 199.94
endloop
endfacet
facet normal 0 0 1
outer loop
vertex 13000 6525.87 199.94
vertex 13534.560000000001 6372.34 199.94
vertex 13485.42 6452.68 199.94
endloop
endfacet
facet normal 0 0 1
outer loop
vertex 13000 6525.87 199.94
vertex 13485.42 6452.68 199.94
vertex 13424.32 6524.31 199.94
endloop
endfacet
facet normal 0 0 0.9999999999999999
outer loop
vertex 13000 6525.87 199.94
vertex 13424.32 6524.31 199.94
vertex 13352.69 6585.41 199.94
endloop
endfacet
facet normal 0 0 1
outer loop
vertex 13000 6525.87 199.94
vertex 13352.69 6585.41 199.94
vertex 13272.35 6634.55 199.94
endloop
endfacet
facet normal 0 0 1
outer loop
vertex 13000 6525.87 199.94
vertex 13272.35 6634.55 199.94
vertex 13185.380000000001 6670.6900000000005 199.94
endloop
endfacet
facet normal 0 0 1
outer loop
vertex 13000 6525.87 199.94
vertex 13185.380000000001 6670.6900000000005 199.94
vertex 13093.86 6692.66 199.94
endloop
endfacet
facet normal 0 0 1
outer loop
vertex 13000 6525.87 199.94
vertex 13093.86 6692.66 199.94
vertex 13000 6699.9400000000005 199.94
endloop
endfacet
facet normal 0 0 0.9999999999999999
outer loop
vertex 13000 6525.87 199.94
vertex 13000 6699.9400000000005 199.94
vertex 12906.140000000001 6692.66 199.94
endloop
endfacet
facet normal 0 0 1
outer loop
vertex 11399.960000000001 6525.87 199.94
vertex 11306.1 6692.66 199.94
vertex 11214.58 6670.6900000000005 199.94
endloop
endfacet
facet normal 0 0 1
outer loop
vertex 11399.960000000001 6525.87 199.94
vertex 11214.58 6670.6900000000005 199.94
vertex 11127.61 6634.55 199.94
endloop
endfacet
facet normal 0 0 1
outer loop
vertex 11399.960000000001 6525.87 199.94
vertex 11127.61 6634.55 199.94
vertex 11047.27 6585.41 199.94
endloop
endfacet
facet normal 0 0 1
outer loop
vertex 11399.960000000001 6525.87 199.94
vertex 11047.27 6585.41 199.94
vertex 10975.77 6524.31 199.94
endloop
endfacet
facet normal 0 0 0.9999999999999999
outer loop
vertex 11399.960000000001 6525.87 199.94
vertex 10975.77 6524.31 199.94
vertex 10914.54 6452.68 199.94
endloop
endfacet
facet normal 0 0 1
outer loop
vertex 11399.960000000001 6525.87 199.94
vertex 10914.54 6452.68 199.94
vertex 10865.4 6372.34 199.94
endloop
endfacet
facet normal 0 0 1
outer loop
vertex 11399.960000000001 6525.87 199.94
vertex 10865.4 6372.34 199.94
vertex 10835.37 6300.06 199.94
endloop
endfacet
facet normal 0 0 0.9999999999999999
outer loop
vertex 11399.960000000001 6525.87 199.94
vertex 10835.37 6300.06 199.94
vertex 11399.960000000001 6300.06 199.94
endloop
endfacet
facet normal 0 0 0.9999999999999999
outer loop
vertex 11399.960000000001 6525.87 199.94
vertex 11399.960000000001 6300.06 199.94
vertex 11964.550000000001 6300.06 199.94
endloop
endfacet
facet normal 0 0 1
outer loop
vertex 11399.960000000001 6525.87 199.94
vertex 11964.550000000001 6300.06 199.94
vertex 11934.65 6372.34 199.94
endloop
endfacet
facet normal 0 0 1
outer loop
vertex 11399.960000000001 6525.87 199.94
vertex 11934.65 6372.34 199.94
vertex 11885.380000000001 6452.68 199.94
endloop
endfacet
facet normal 0 0 1
outer loop
vertex 11399.960000000001 6525.87 199.94
vertex 11885.380000000001 6452.68 199.94
vertex 11824.28 6524.31 199.94
endloop
endfacet
facet normal 0 0 1
outer loop
vertex 11399.960000000001 6525.87 199.94
vertex 11824.28 6524.31 199.94
vertex 11752.65 6585.41 199.94
endloop
endfacet
facet normal 0 0 1
outer loop
vertex 11399.960000000001 6525.87 199.94
vertex 11752.65 6585.41 199.94
vertex 11672.44 6634.55 199.94
endloop
endfacet
facet normal 0 0 1
outer loop
vertex 11399.960000000001 6525.87 199.94
vertex 11672.44 6634.55 199.94
vertex 11585.470000000001 6670.6900000000005 199.94
endloop
endfacet
facet normal 0 0 1
outer loop
vertex 11399.960000000001 6525.87 199.94
vertex 11585.470000000001 6670.6900000000005 199.94
vertex 11493.82 6692.66 199.94
endloop
endfacet
facet normal 0 0 0.9999999999999999
outer loop
vertex 11399.960000000001 6525.87 199.94
vertex 11493.82 6692.66 199.94
vertex 11399.960000000001 6699.9400000000005 199.94
endloop
endfacet
facet normal 0 0 1
outer loop
vertex 11399.960000000001 6525.87 199.94
vertex 11399.960000000001 6699.9400000000005 199.94
vertex 11306.1 6692.66 199.94
endloop
endfacet
facet normal 0 0 1
outer loop
vertex 13000 6300.06 199.94
vertex 13031.33 6297.59 199.94
vertex 13565.630000000001 6297.59 199.94
endloop
endfacet
facet normal 0 0 1
outer loop
vertex 13000 6300.06 199.94
vertex 13565.630000000001 6297.59 199.94
vertex 13564.59 6300.06 199.94
endloop
endfacet
facet normal 0 0 1
outer loop
vertex 12435.41 6300.06 199.94
vertex 12434.37 6297.59 199.94
vertex 12968.67 6297.59 199.94
endloop
endfacet
facet normal 0 0 1
outer loop
vertex 12435.41 6300.06 199.94
vertex 12968.67 6297.59 199.94
vertex 13000 6300.06 199.94
endloop
endfacet
facet normal 0 0 1
outer loop
vertex 11399.960000000001 6300.06 199.94
vertex 11431.29 6297.59 199.94
vertex 11965.59 6297.59 199.94
endloop
endfacet
facet normal 0 0 1
outer loop
vertex 11399.960000000001 6300.06 199.94
vertex 11965.59 6297.59 199.94
vertex 11964.550000000001 6300.06 199.94
endloop
endfacet
facet normal 0 0 1
outer loop
vertex 10835.37 6300.06 199.94
vertex 10834.33 6297.59 199.94
vertex 11368.76 6297.59 199.94
endloop
endfacet
facet normal 0 0 1
outer loop
vertex 10835.37 6300.06 199.94
vertex 11368.76 6297.59 199.94
vertex 11399.960000000001 6300.06 199.94
endloop
endfacet
facet normal 0 0 1
outer loop
vertex 13031.33 6297.59 199.94
vertex 13061.75 6290.18 199.94
vertex 13568.62 6290.18 199.94
endloop
endfacet
facet normal 0 0 0.9999999999999999
outer loop
vertex 13031.33 6297.59 199.94
vertex 13568.62 6290.18 199.94
vertex 13565.630000000001 6297.59 199.94
endloop
endfacet
facet normal 0 0 1
outer loop
vertex 12434.37 6297.59 199.94
vertex 12431.380000000001 6290.18 199.94
vertex 12938.25 6290.18 199.94
endloop
endfacet
facet normal 0 0 0.9999999999999999
outer loop
vertex 12434.37 6297.59 199.94
vertex 12938.25 6290.18 199.94
vertex 12968.67 6297.59 199.94
endloop
endfacet
facet normal 0 0 1
outer loop
vertex 11431.29 6297.59 199.94
vertex 11461.84 6290.18 199.94
vertex 11968.710000000001 6290.18 199.94
endloop
endfacet
facet normal 0 0 0.9999999999999999
outer loop
vertex 11431.29 6297.59 199.94
vertex 11968.710000000001 6290.18 199.94
vertex 11965.59 6297.59 199.94
endloop
endfacet
facet normal 0 0 1
outer loop
vertex 10834.33 6297.59 199.94
vertex 10831.34 6290.18 199.94
vertex 11338.210000000001 6290.18 199.94
endloop
endfacet
facet normal 0 0 1
outer loop
vertex 10834.33 6297.59 199.94
vertex 11338.210000000001 6290.18 199.94
vertex 11368.76 6297.59 199.94
endloop
endfacet
facet normal 0 0 1
outer loop
vertex 13372.84 6284.46 199.94
vertex 13061.75 6290.18 199.94
vertex 13090.74 6278.22 199.94
endloop
endfacet
facet normal 0 0 1
outer loop
vertex 13372.84 6284.46 199.94
vertex 13090.74 6278.22 199.94
vertex 13572.390000000001 6278.22 199.94
endloop
endfacet
facet normal 0 0 1
outer loop
vertex 13372.84 6284.46 199.94
vertex 13572.390000000001 6278.22 199.94
vertex 13570.57 6285.37 199.94
endloop
endfacet
facet normal 0 0 1
outer loop
vertex 13372.84 6284.46 199.94
vertex 13570.57 6285.37 199.94
vertex 13568.62 6290.18 199.94
endloop
endfacet
facet normal 0 0 1
outer loop
vertex 13372.84 6284.46 199.94
vertex 13568.62 6290.18 199.94
vertex 13061.75 6290.18 199.94
endloop
endfacet
facet normal 0 0 1
outer loop
vertex 12627.16 6284.46 199.94
vertex 12431.380000000001 6290.18 199.94
vertex 12429.43 6285.37 199.94
endloop
endfacet
facet normal 0 0 0.9999999999999999
outer loop
vertex 12627.16 6284.46 199.94
vertex 12429.43 6285.37 199.94
vertex 12427.61 6278.22 199.94
endloop
endfacet
facet normal 0 0 1
outer loop
vertex 12627.16 6284.46 199.94
vertex 12427.61 6278.22 199.94
vertex 12909.26 6278.22 199.94
endloop
endfacet
facet normal 0 0 1
outer loop
vertex 12627.16 6284.46 199.94
vertex 12909.26 6278.22 199.94
vertex 12938.25 6290.18 199.94
endloop
endfacet
facet normal 0 0 1
outer loop
vertex 12627.16 6284.46 199.94
vertex 12938.25 6290.18 199.94
vertex 12431.380000000001 6290.18 199.94
endloop
endfacet
facet normal 0 0 1
outer loop
vertex 11772.93 6284.46 199.94
vertex 11461.84 6290.18 199.94
vertex 11490.83 6278.22 199.94
endloop
endfacet
facet normal 0 0 1
outer loop
vertex 11772.93 6284.46 199.94
vertex 11490.83 6278.22 199.94
vertex 11972.35 6278.22 199.94
endloop
endfacet
facet normal 0 0 1
outer loop
vertex 11772.93 6284.46 199.94
vertex 11972.35 6278.22 199.94
vertex 11970.66 6285.37 199.94
endloop
endfacet
facet normal 0 0 1
outer loop
vertex 11772.93 6284.46 199.94
vertex 11970.66 6285.37 199.94
vertex 11968.710000000001 6290.18 199.94
endloop
endfacet
facet normal 0 0 1
outer loop
vertex 11772.93 6284.46 199.94
vertex 11968.710000000001 6290.18 199.94
vertex 11461.84 6290.18 199.94
endloop
endfacet
facet normal 0 0 1
outer loop
vertex 11027.12 6284.46 199.94
vertex 10831.34 6290.18 199.94
vertex 10829.390000000001 6285.37 199.94
endloop
endfacet
facet normal 0 0 1
outer loop
vertex 11027.12 6284.46 199.94
vertex 10829.390000000001 6285.37 199.94
vertex 10827.7 6278.22 199.94
endloop
endfacet
facet normal 0 0 1
outer loop
vertex 11027.12 6284.46 199.94
vertex 10827.7 6278.22 199.94
vertex 11309.220000000001 6278.22 199.94
endloop
endfacet
facet normal 0 0 1
outer loop
vertex 11027.12 6284.46 199.94
vertex 11309.220000000001 6278.22 199.94
vertex 11338.210000000001 6290.18 199.94
endloop
endfacet
facet normal 0 0 1
outer loop
vertex 11027.12 6284.46 199.94
vertex 11338.210000000001 6290.18 199.94
vertex 10831.34 6290.18 199.94
endloop
endfacet
facet normal 0 0 1
outer loop
vertex 13090.74 6278.22 199.94
vertex 13117.52 6261.84 199.94
vertex 13576.29 6261.84 199.94
endloop
endfacet
facet normal 0 0 1
outer loop
vertex 13090.74 6278.22 199.94
vertex 13576.29 6261.84 199.94
vertex 13572.390000000001 6278.22 199.94
endloop
endfacet
facet normal 0 0 1
outer loop
vertex 12427.61 6278.22 199.94
vertex 12423.710000000001 6261.84 199.94
vertex 12882.48 6261.84 199.94
endloop
endfacet
facet normal 0 0 0.9999999999999999
outer loop
vertex 12427.61 6278.22 199.94
vertex 12882.48 6261.84 199.94
vertex 12909.26 6278.22 199.94
endloop
endfacet
facet normal 0 0 0.9999999999999999
outer loop
vertex 11490.83 6278.22 199.94
vertex 11517.61 6261.84 199.94
vertex 11976.25 6261.84 199.94
endloop
endfacet
facet normal 0 0 0.9999999999999999
outer loop
vertex 11490.83 6278.22 199.94
vertex 11976.25 6261.84 199.94
vertex 11972.35 6278.22 199.94
endloop
endfacet
facet normal 0 0 1
outer loop
vertex 10827.7 6278.22 199.94
vertex 10823.67 6261.84 199.94
vertex 11282.44 6261.84 199.94
endloop
endfacet
facet normal 0 0 0.9999999999999999
outer loop
vertex 10827.7 6278.22 199.94
vertex 11282.44 6261.84 199.94
vertex 11309.220000000001 6278.22 199.94
endloop
endfacet
facet normal 0 0 1
outer loop
vertex 13117.52 6261.84 199.94
vertex 13141.44 6241.43 199.94
vertex 13581.23 6241.43 199.94
endloop
endfacet
facet normal 0 0 1
outer loop
vertex 13117.52 6261.84 199.94
vertex 13581.23 6241.43 199.94
vertex 13576.29 6261.84 199.94
endloop
endfacet
facet normal 0 0 1
outer loop
vertex 12423.710000000001 6261.84 199.94
vertex 12418.77 6241.43 199.94
vertex 12858.560000000001 6241.43 199.94
endloop
endfacet
facet normal 0 0 1
outer loop
vertex 12423.710000000001 6261.84 199.94
vertex 12858.560000000001 6241.43 199.94
vertex 12882.48 6261.84 199.94
endloop
endfacet
facet normal 0 0 1
outer loop
vertex 11517.61 6261.84 199.94
vertex 11541.4 6241.43 199.94
vertex 11981.19 6241.43 199.94
endloop
endfacet
facet normal 0 0 1
outer loop
vertex 11517.61 6261.84 199.94
vertex 11981.19 6241.43 199.94
vertex 11976.25 6261.84 199.94
endloop
endfacet
facet normal 0 0 1
outer loop
vertex 10823.67 6261.84 199.94
vertex 10818.86 6241.43 199.94
vertex 11258.52 6241.43 199.94
endloop
endfacet
facet normal 0 0 1
outer loop
vertex 10823.67 6261.84 199.94
vertex 11258.52 6241.43 199.94
vertex 11282.44 6261.84 199.94
endloop
endfacet
facet normal 0 0 1
outer loop
vertex 13141.44 6241.43 199.94
vertex 13161.85 6217.51 199.94
vertex 13586.95 6217.51 199.94
endloop
endfacet
facet normal 0 0 0.9999999999999999
outer loop
vertex 13141.44 6241.43 199.94
vertex 13586.95 6217.51 199.94
vertex 13581.23 6241.43 199.94
endloop
endfacet
facet normal 0 0 1
outer loop
vertex 12418.77 6241.43 199.94
vertex 12413.050000000001 6217.51 199.94
vertex 12838.15 6217.51 199.94
endloop
endfacet
facet normal 0 0 1
outer loop
vertex 12418.77 6241.43 199.94
vertex 12838.15 6217.51 199.94
vertex 12858.560000000001 6241.43 199.94
endloop
endfacet
facet normal 0 0 1
outer loop
vertex 11541.4 6241.43 199.94
vertex 11561.81 6217.51 199.94
vertex 11986.91 6217.51 199.94
endloop
endfacet
facet normal 0 0 1
outer loop
vertex 11541.4 6241.43 199.94
vertex 11986.91 6217.51 199.94
vertex 11981.19 6241.43 199.94
endloop
endfacet
facet normal 0 0 1
outer loop
vertex 10818.86 6241.43 199.94
vertex 10813.140000000001 6217.51 199.94
vertex 11238.24 6217.51 199.94
endloop
endfacet
facet normal 0 0 1
outer loop
vertex 10818.86 6241.43 199.94
vertex 11238.24 6217.51 199.94
vertex 11258.52 6241.43 199.94
endloop
endfacet
facet normal 0 0 1
outer loop
vertex 13422.5 6202.17 199.94
vertex 13161.85 6217.51 199.94
vertex 13178.23 6190.860000000001 199.94
endloop
endfacet
facet normal 0 0 1
outer loop
vertex 13422.5 6202.17 199.94
vertex 13178.23 6190.860000000001 199.94
vertex 13592.800000000001 6190.860000000001 199.94
endloop
endfacet
facet normal 0 0 1
outer loop
vertex 13422.5 6202.17 199.94
vertex 13592.800000000001 6190.860000000001 199.94
vertex 13592.67 6193.85 199.94
endloop
endfacet
facet normal 0 0 1
outer loop
vertex 13422.5 6202.17 199.94
vertex 13592.67 6193.85 199.94
vertex 13586.95 6217.51 199.94
endloop
endfacet
facet normal 0 0 1
outer loop
vertex 13422.5 6202.17 199.94
vertex 13586.95 6217.51 199.94
vertex 13161.85 6217.51 199.94
endloop
endfacet
facet normal 0 0 1
outer loop
vertex 12577.5 6202.17 199.94
vertex 12413.050000000001 6217.51 199.94
vertex 12407.33 6193.85 199.94
endloop
endfacet
facet normal 0 0 1
outer loop
vertex 12577.5 6202.17 199.94
vertex 12407.33 6193.85 199.94
vertex 12407.2 6190.860000000001 199.94
endloop
endfacet
facet normal 0 0 1
outer loop
vertex 12577.5 6202.17 199.94
vertex 12407.2 6190.860000000001 199.94
vertex 12821.77 6190.860000000001 199.94
endloop
endfacet
facet normal 0 0 1
outer loop
vertex 12577.5 6202.17 199.94
vertex 12821.77 6190.860000000001 199.94
vertex 12838.15 6217.51 199.94
endloop
endfacet
facet normal 0 0 1
outer loop
vertex 12577.5 6202.17 199.94
vertex 12838.15 6217.51 199.94
vertex 12413.050000000001 6217.51 199.94
endloop
endfacet
facet normal 0 0 0.9999999999999999
outer loop
vertex 11822.460000000001 6202.17 199.94
vertex 11561.81 6217.51 199.94
vertex 11578.19 6190.860000000001 199.94
endloop
endfacet
facet normal 0 0 0.9999999999999999
outer loop
vertex 11822.460000000001 6202.17 199.94
vertex 11578.19 6190.860000000001 199.94
vertex 11992.890000000001 6190.860000000001 199.94
endloop
endfacet
facet normal 0 0 0.9999999999999999
outer loop
vertex 11822.460000000001 6202.17 199.94
vertex 11992.890000000001 6190.860000000001 199.94
vertex 11992.630000000001 6193.85 199.94
endloop
endfacet
facet normal 0 0 1
outer loop
vertex 11822.460000000001 6202.17 199.94
vertex 11992.630000000001 6193.85 199.94
vertex 11986.91 6217.51 199.94
endloop
endfacet
facet normal 0 0 1
outer loop
vertex 11822.460000000001 6202.17 199.94
vertex 11986.91 6217.51 199.94
vertex 11561.81 6217.51 199.94
endloop
endfacet
facet normal 0 0 1
outer loop
vertex 10977.59 6202.17 199.94
vertex 10813.140000000001 6217.51 199.94
vertex 10807.42 6193.85 199.94
endloop
endfacet
facet normal 0 0 0.9999999999999999
outer loop
vertex 10977.59 6202.17 199.94
vertex 10807.42 6193.85 199.94
vertex 10807.16 6190.860000000001 199.94
endloop
endfacet
facet normal 0 0 0.9999999999999999
outer loop
vertex 10977.59 6202.17 199.94
vertex 10807.16 6190.860000000001 199.94
vertex 11221.86 6190.860000000001 199.94
endloop
endfacet
facet normal 0 0 1
outer loop
vertex 10977.59 6202.17 199.94
vertex 11221.86 6190.860000000001 199.94
vertex 11238.24 6217.51 199.94
endloop
endfacet
facet normal 0 0 1
outer loop
vertex 10977.59 6202.17 199.94
vertex 11238.24 6217.51 199.94
vertex 10813.140000000001 6217.51 199.94
endloop
endfacet
facet normal 0 0 1
outer loop
vertex 13178.23 6190.860000000001 199.94
vertex 13190.19 6161.74 199.94
vertex 13595.140000000001 6161.74 199.94
endloop
endfacet
facet normal 0 0 0.9999999999999999
outer loop
vertex 13178.23 6190.860000000001 199.94
vertex 13595.140000000001 6161.74 199.94
vertex 13592.800000000001 6190.860000000001 199.94
endloop
endfacet
facet normal 0 0 1
outer loop
vertex 12407.2 6190.860000000001 199.94
vertex 12404.86 6161.74 199.94
vertex 12809.810000000001 6161.74 199.94
endloop
endfacet
facet normal 0 0 1
outer loop
vertex 12407.2 6190.860000000001 199.94
vertex 12809.810000000001 6161.74 199.94
vertex 12821.77 6190.860000000001 199.94
endloop
endfacet
facet normal 0 0 1
outer loop
vertex 11578.19 6190.860000000001 199.94
vertex 11590.15 6161.74 199.94
vertex 11995.1 6161.74 199.94
endloop
endfacet
facet normal 0 0 1
outer loop
vertex 11578.19 6190.860000000001 199.94
vertex 11995.1 6161.74 199.94
vertex 11992.890000000001 6190.860000000001 199.94
endloop
endfacet
facet normal 0 0 1
outer loop
vertex 10807.16 6190.860000000001 199.94
vertex 10804.82 6161.74 199.94
vertex 11209.77 6161.74 199.94
endloop
endfacet
facet normal 0 0 1
outer loop
vertex 10807.16 6190.860000000001 199.94
vertex 11209.77 6161.74 199.94
vertex 11221.86 6190.860000000001 199.94
endloop
endfacet
facet normal 0 0 1
outer loop
vertex 13190.19 6161.74 199.94
vertex 13197.6 6131.320000000001 199.94
vertex 13597.48 6131.320000000001 199.94
endloop
endfacet
facet normal 0 0 1
outer loop
vertex 13190.19 6161.74 199.94
vertex 13597.48 6131.320000000001 199.94
vertex 13595.140000000001 6161.74 199.94
endloop
endfacet
facet normal 0 0 1
outer loop
vertex 12404.86 6161.74 199.94
vertex 12402.52 6131.320000000001 199.94
vertex 12802.4 6131.320000000001 199.94
endloop
endfacet
facet normal 0 0 1
outer loop
vertex 12404.86 6161.74 199.94
vertex 12802.4 6131.320000000001 199.94
vertex 12809.810000000001 6161.74 199.94
endloop
endfacet
facet normal 0 0 1
outer loop
vertex 11590.15 6161.74 199.94
vertex 11597.56 6131.320000000001 199.94
vertex 11997.57 6131.320000000001 199.94
endloop
endfacet
facet normal 0 0 1
outer loop
vertex 11590.15 6161.74 199.94
vertex 11997.57 6131.320000000001 199.94
vertex 11995.1 6161.74 199.94
endloop
endfacet
facet normal 0 0 1
outer loop
vertex 10804.82 6161.74 199.94
vertex 10802.48 6131.320000000001 199.94
vertex 11202.49 6131.320000000001 199.94
endloop
endfacet
facet normal 0 0 1
outer loop
vertex 10804.82 6161.74 199.94
vertex 11202.49 6131.320000000001 199.94
vertex 11209.77 6161.74 199.94
endloop
endfacet
facet normal 0 0 0.9999999999999999
outer loop
vertex 13197.6 6131.320000000001 199.94
vertex 13199.94 6099.99 199.94
vertex 13599.95 6099.99 199.94
endloop
endfacet
facet normal 0 0 1
outer loop
vertex 13197.6 6131.320000000001 199.94
vertex 13599.95 6099.99 199.94
vertex 13597.48 6131.320000000001 199.94
endloop
endfacet
facet normal 0 0 0.9999999999999999
outer loop
vertex 12402.52 6131.320000000001 199.94
vertex 12400.050000000001 6099.99 199.94
vertex 12800.060000000001 6099.99 199.94
endloop
endfacet
facet normal 0 0 1
outer loop
vertex 12402.52 6131.320000000001 199.94
vertex 12800.060000000001 6099.99 199.94
vertex 12802.4 6131.320000000001 199.94
endloop
endfacet
facet normal 0 0 0.9999999999999999
outer loop
vertex 11597.56 6131.320000000001 199.94
vertex 11600.03 6099.99 199.94
vertex 12000.04 6099.99 199.94
endloop
endfacet
facet normal 0 0 0.9999999999999999
outer loop
vertex 11597.56 6131.320000000001 199.94
vertex 12000.04 6099.99 199.94
vertex 11997.57 6131.320000000001 199.94
endloop
endfacet
facet normal 0 0 0.9999999999999999
outer loop
vertex 10802.48 6131.320000000001 199.94
vertex 10800.01 6099.99 199.94
vertex 11200.02 6099.99 199.94
endloop
endfacet
facet normal 0 0 0.9999999999999999
outer loop
vertex 10802.48 6131.320000000001 199.94
vertex 11200.02 6099.99 199.94
vertex 11202.49 6131.320000000001 199.94
endloop
endfacet
facet normal 0 0 1
outer loop
vertex 10800.01 6099.99 199.94
vertex 10800.01 4899.96 199.94
vertex 11200.02 4899.96 199.94
endloop
endfacet
facet normal 0 0 1
outer loop
vertex 10800.01 6099.99 199.94
vertex 11200.02 4899.96 199.94
vertex 11200.02 6099.99 199.94
endloop
endfacet
facet normal 0 0 1
outer loop
vertex 10800.01 4899.96 199.94
vertex 10797.54 4868.76 199.94
vertex 11197.550000000001 4868.76 199.94
endloop
endfacet
facet normal 0 0 0.9999999999999999
outer loop
vertex 10800.01 4899.96 199.94
vertex 11197.550000000001 4868.76 199.94
vertex 11200.02 4899.96 199.94
endloop
endfacet
facet normal 0 0 1
outer loop
vertex 10797.54 4868.76 199.94
vertex 10790.26 4838.21 199.94
vertex 11195.08 4838.21 199.94
endloop
endfacet
facet normal 0 0 1
outer loop
vertex 10797.54 4868.76 199.94
vertex 11195.08 4838.21 199.94
vertex 11197.550000000001 4868.76 199.94
endloop
endfacet
facet normal 0 0 1
outer loop
vertex 10790.26 4838.21 199.94
vertex 10778.17 4809.22 199.94
vertex 11192.87 4809.22 199.94
endloop
endfacet
facet normal 0 0 1
outer loop
vertex 10790.26 4838.21 199.94
vertex 11192.87 4809.22 199.94
vertex 11195.08 4838.21 199.94
endloop
endfacet
facet normal 0 0 1
outer loop
vertex 11022.44 4797.91 199.94
vertex 10778.17 4809.22 199.94
vertex 10761.79 4782.4400000000005 199.94
endloop
endfacet
facet normal 0 0 1
outer loop
vertex 11022.44 4797.91 199.94
vertex 10761.79 4782.4400000000005 199.94
vertex 11186.890000000001 4782.4400000000005 199.94
endloop
endfacet
facet normal 0 0 1
outer loop
vertex 11022.44 4797.91 199.94
vertex 11186.890000000001 4782.4400000000005 199.94
vertex 11192.61 4806.1 199.94
endloop
endfacet
facet normal 0 0 1
outer loop
vertex 11022.44 4797.91 199.94
vertex 11192.61 4806.1 199.94
vertex 11192.87 4809.22 199.94
endloop
endfacet
facet normal 0 0 1
outer loop
vertex 11022.44 4797.91 199.94
vertex 11192.87 4809.22 199.94
vertex 10778.17 4809.22 199.94
endloop
endfacet
facet normal 0 0 1
outer loop
vertex 10761.79 4782.4400000000005 199.94
vertex 10741.380000000001 4758.52 199.94
vertex 11181.17 4758.52 199.94
endloop
endfacet
facet normal 0 0 1
outer loop
vertex 10761.79 4782.4400000000005 199.94
vertex 11181.17 4758.52 199.94
vertex 11186.890000000001 4782.4400000000005 199.94
endloop
endfacet
facet normal 0 0 1
outer loop
vertex 10741.380000000001 4758.52 199.94
vertex 10717.59 4738.24 199.94
vertex 11176.36 4738.24 199.94
endloop
endfacet
facet normal 0 0 1
outer loop
vertex 10741.380000000001 4758.52 199.94
vertex 11176.36 4738.24 199.94
vertex 11181.17 4758.52 199.94
endloop
endfacet
facet normal 0 0 0.9999999999999999
outer loop
vertex 10717.59 4738.24 199.94
vertex 10690.81 4721.860000000001 199.94
vertex 11172.33 4721.860000000001 199.94
endloop
endfacet
facet normal 0 0 1
outer loop
vertex 10717.59 4738.24 199.94
vertex 11172.33 4721.860000000001 199.94
vertex 11176.36 4738.24 199.94
endloop
endfacet
facet normal 0 0 1
outer loop
vertex 10972.91 4715.62 199.94
vertex 10690.81 4721.860000000001 199.94
vertex 10661.82 4709.77 199.94
endloop
endfacet
facet normal 0 0 1
outer loop
vertex 10972.91 4715.62 199.94
vertex 10661.82 4709.77 199.94
vertex 11168.69 4709.77 199.94
endloop
endfacet
facet normal 0 0 1
outer loop
vertex 10972.91 4715.62 199.94
vertex 11168.69 4709.77 199.94
vertex 11170.640000000001 4714.58 199.94
endloop
endfacet
facet normal 0 0 1
outer loop
vertex 10972.91 4715.62 199.94
vertex 11170.640000000001 4714.58 199.94
vertex 11172.33 4721.860000000001 199.94
endloop
endfacet
facet normal 0 0 1
outer loop
vertex 10972.91 4715.62 199.94
vertex 11172.33 4721.860000000001 199.94
vertex 10690.81 4721.860000000001 199.94
endloop
endfacet
facet normal 0 0 1
outer loop
vertex 10661.82 4709.77 199.94
vertex 10631.27 4702.49 199.94
vertex 11165.57 4702.49 199.94
endloop
endfacet
facet normal 0 0 0.9999999999999999
outer loop
vertex 10661.82 4709.77 199.94
vertex 11165.57 4702.49 199.94
vertex 11168.69 4709.77 199.94
endloop
endfacet
facet normal 0 0 1
outer loop
vertex 10631.27 4702.49 199.94
vertex 10599.94 4700.02 199.94
vertex 11164.53 4700.02 199.94
endloop
endfacet
facet normal 0 0 1
outer loop
vertex 10631.27 4702.49 199.94
vertex 11164.53 4700.02 199.94
vertex 11165.57 4702.49 199.94
endloop
endfacet
facet normal 0 0 1
outer loop
vertex 14585.480000000001 4687.41 199.94
vertex 14600.04 4700.02 199.94
vertex 14506.18 4692.610000000001 199.94
endloop
endfacet
facet normal 0 0 1
outer loop
vertex 14585.480000000001 4687.41 199.94
vertex 14506.18 4692.610000000001 199.94
vertex 14421.29 4672.2 199.94
endloop
endfacet
facet normal 0 0 1
outer loop
vertex 14585.480000000001 4687.41 199.94
vertex 14421.29 4672.2 199.94
vertex 14700.01 4672.2 199.94
endloop
endfacet
facet normal 0 0 1
outer loop
vertex 14585.480000000001 4687.41 199.94
vertex 14700.01 4672.2 199.94
vertex 14700.01 4700.02 199.94
endloop
endfacet
facet normal 0 0 0.9999999999999999
outer loop
vertex 14585.480000000001 4687.41 199.94
vertex 14700.01 4700.02 199.94
vertex 14600.04 4700.02 199.94
endloop
endfacet
facet normal 0 0 1
outer loop
vertex 10783.5 4688.84 199.94
vertex 10599.94 4700.02 199.94
vertex 10499.970000000001 4700.02 199.94
endloop
endfacet
facet normal 0 0 1
outer loop
vertex 10783.5 4688.84 199.94
vertex 10499.970000000001 4700.02 199.94
vertex 10499.970000000001 4672.2 199.94
endloop
endfacet
facet normal 0 0 1
outer loop
vertex 10783.5 4688.84 199.94
vertex 10499.970000000001 4672.2 199.94
vertex 11153.09 4672.2 199.94
endloop
endfacet
facet normal 0 0 1
outer loop
vertex 10783.5 4688.84 199.94
vertex 11153.09 4672.2 199.94
vertex 11164.53 4700.02 199.94
endloop
endfacet
facet normal 0 0 1
outer loop
vertex 10783.5 4688.84 199.94
vertex 11164.53 4700.02 199.94
vertex 10599.94 4700.02 199.94
endloop
endfacet
facet normal 0 0 1
outer loop
vertex 14552.980000000001 4511.39 199.94
vertex 14421.29 4672.2 199.94
vertex 14414.53 4670.64 199.94
endloop
endfacet
facet normal 0 0 1
outer loop
vertex 14552.980000000001 4511.39 199.94
vertex 14414.53 4670.64 199.94
vertex 14327.560000000001 4634.63 199.94
endloop
endfacet
facet normal 0 0 1
outer loop
vertex 14552.980000000001 4511.39 199.94
vertex 14327.560000000001 4634.63 199.94
vertex 14247.35 4585.360000000001 199.94
endloop
endfacet
facet normal 0 0 1
outer loop
vertex 14552.980000000001 4511.39 199.94
vertex 14247.35 4585.360000000001 199.94
vertex 14175.720000000001 4524.26 199.94
endloop
endfacet
facet normal 0 0 0.9999999999999999
outer loop
vertex 14552.980000000001 4511.39 199.94
vertex 14175.720000000001 4524.26 199.94
vertex 14114.62 4452.63 199.94
endloop
endfacet
facet normal 0 0 1
outer loop
vertex 14552.980000000001 4511.39 199.94
vertex 14114.62 4452.63 199.94
vertex 14065.35 4372.42 199.94
endloop
endfacet
facet normal 0 0 1
outer loop
vertex 14552.980000000001 4511.39 199.94
vertex 14065.35 4372.42 199.94
vertex 14046.890000000001 4327.83 199.94
endloop
endfacet
facet normal 0 0 0.9999999999999999
outer loop
vertex 14552.980000000001 4511.39 199.94
vertex 14046.890000000001 4327.83 199.94
vertex 14700.01 4327.83 199.94
endloop
endfacet
facet normal 0 0 0.9999999999999999
outer loop
vertex 14552.980000000001 4511.39 199.94
vertex 14700.01 4327.83 199.94
vertex 14711.060000000001 4333.68 199.94
endloop
endfacet
facet normal 0 0 1
outer loop
vertex 14552.980000000001 4511.39 199.94
vertex 14711.060000000001 4333.68 199.94
vertex 14741.480000000001 4358.64 199.94
endloop
endfacet
facet normal 0 0 0.9999999999999999
outer loop
vertex 14552.980000000001 4511.39 199.94
vertex 14741.480000000001 4358.64 199.94
vertex 14766.310000000001 4388.93 199.94
endloop
endfacet
facet normal 0 0 1
outer loop
vertex 14552.980000000001 4511.39 199.94
vertex 14766.310000000001 4388.93 199.94
vertex 14784.77 4423.51 199.94
endloop
endfacet
facet normal 0 0 1
outer loop
vertex 14552.980000000001 4511.39 199.94
vertex 14784.77 4423.51 199.94
vertex 14796.210000000001 4460.95 199.94
endloop
endfacet
facet normal 0 0 1
outer loop
vertex 14552.980000000001 4511.39 199.94
vertex 14796.210000000001 4460.95 199.94
vertex 14799.980000000001 4499.95 199.94
endloop
endfacet
facet normal 0 0 1
outer loop
vertex 14552.980000000001 4511.39 199.94
vertex 14799.980000000001 4499.95 199.94
vertex 14796.210000000001 4539.08 199.94
endloop
endfacet
facet normal 0 0 1
outer loop
vertex 14552.980000000001 4511.39 199.94
vertex 14796.210000000001 4539.08 199.94
vertex 14784.77 4576.52 199.94
endloop
endfacet
facet normal 0 0 1
outer loop
vertex 14552.980000000001 4511.39 199.94
vertex 14784.77 4576.52 199.94
vertex 14766.310000000001 4611.1 199.94
endloop
endfacet
facet normal 0 0 1
outer loop
vertex 14552.980000000001 4511.39 199.94
vertex 14766.310000000001 4611.1 199.94
vertex 14741.480000000001 4641.39 199.94
endloop
endfacet
facet normal 0 0 1
outer loop
vertex 14552.980000000001 4511.39 199.94
vertex 14741.480000000001 4641.39 199.94
vertex 14711.060000000001 4666.35 199.94
endloop
endfacet
facet normal 0 0 0.9999999999999999
outer loop
vertex 14552.980000000001 4511.39 199.94
vertex 14711.060000000001 4666.35 199.94
vertex 14700.01 4672.2 199.94
endloop
endfacet
facet normal 0 0 1
outer loop
vertex 14552.980000000001 4511.39 199.94
vertex 14700.01 4672.2 199.94
vertex 14421.29 4672.2 199.94
endloop
endfacet
facet normal 0 0 1
outer loop
vertex 10647 4488.64 199.94
vertex 10499.970000000001 4672.2 199.94
vertex 10488.92 4666.35 199.94
endloop
endfacet
facet normal 0 0 1
outer loop
vertex 10647 4488.64 199.94
vertex 10488.92 4666.35 199.94
vertex 10458.630000000001 4641.39 199.94
endloop
endfacet
facet normal 0 0 1
outer loop
vertex 10647 4488.64 199.94
vertex 10458.630000000001 4641.39 199.94
vertex 10433.67 4611.1 199.94
endloop
endfacet
facet normal 0 0 1
outer loop
vertex 10647 4488.64 199.94
vertex 10433.67 4611.1 199.94
vertex 10415.210000000001 4576.52 199.94
endloop
endfacet
facet normal 0 0 1
outer loop
vertex 10647 4488.64 199.94
vertex 10415.210000000001 4576.52 199.94
vertex 10403.9 4539.08 199.94
endloop
endfacet
facet normal 0 0 1
outer loop
vertex 10647 4488.64 199.94
vertex 10403.9 4539.08 199.94
vertex 10400 4499.95 199.94
endloop
endfacet
facet normal 0 0 1
outer loop
vertex 10647 4488.64 199.94
vertex 10400 4499.95 199.94
vertex 10403.9 4460.95 199.94
endloop
endfacet
facet normal 0 0 1
outer loop
vertex 10647 4488.64 199.94
vertex 10403.9 4460.95 199.94
vertex 10415.210000000001 4423.51 199.94
endloop
endfacet
facet normal 0 0 1
outer loop
vertex 10647 4488.64 199.94
vertex 10415.210000000001 4423.51 199.94
vertex 10433.67 4388.93 199.94
endloop
endfacet
facet normal 0 0 1
outer loop
vertex 10647 4488.64 199.94
vertex 10433.67 4388.93 199.94
vertex 10458.630000000001 4358.64 199.94
endloop
endfacet
facet normal 0 0 1
outer loop
vertex 10647 4488.64 199.94
vertex 10458.630000000001 4358.64 199.94
vertex 10488.92 4333.68 199.94
endloop
endfacet
facet normal 0 0 1
outer loop
vertex 10647 4488.64 199.94
vertex 10488.92 4333.68 199.94
vertex 10499.970000000001 4327.83 199.94
endloop
endfacet
facet normal 0 0 1
outer loop
vertex 10647 4488.64 199.94
vertex 10499.970000000001 4327.83 199.94
vertex 10778.69 4327.83 199.94
endloop
endfacet
facet normal 0 0 1
outer loop
vertex 10647 4488.64 199.94
vertex 10778.69 4327.83 199.94
vertex 10785.45 4329.39 199.94
endloop
endfacet
facet normal 0 0 1
outer loop
vertex 10647 4488.64 199.94
vertex 10785.45 4329.39 199.94
vertex 10872.42 4365.400000000001 199.94
endloop
endfacet
facet normal 0 0 1
outer loop
vertex 10647 4488.64 199.94
vertex 10872.42 4365.400000000001 199.94
vertex 10952.630000000001 4414.54 199.94
endloop
endfacet
facet normal 0 0 1
outer loop
vertex 10647 4488.64 199.94
vertex 10952.630000000001 4414.54 199.94
vertex 11024.26 4475.77 199.94
endloop
endfacet
facet normal 0 0 1
outer loop
vertex 10647 4488.64 199.94
vertex 11024.26 4475.77 199.94
vertex 11085.36 4547.27 199.94
endloop
endfacet
facet normal 0 0 0.9999999999999999
outer loop
vertex 10647 4488.64 199.94
vertex 11085.36 4547.27 199.94
vertex 11134.630000000001 4627.610000000001 199.94
endloop
endfacet
facet normal 0 0 1
outer loop
vertex 10647 4488.64 199.94
vertex 11134.630000000001 4627.610000000001 199.94
vertex 11153.09 4672.2 199.94
endloop
endfacet
facet normal 0 0 1
outer loop
vertex 10647 4488.64 199.94
vertex 11153.09 4672.2 199.94
vertex 10499.970000000001 4672.2 199.94
endloop
endfacet
facet normal 0 0 1
outer loop
vertex 14416.480000000001 4311.1900000000005 199.94
vertex 14046.890000000001 4327.83 199.94
vertex 14035.45 4300.01 199.94
endloop
endfacet
facet normal 0 0 1
outer loop
vertex 14416.480000000001 4311.1900000000005 199.94
vertex 14035.45 4300.01 199.94
vertex 14600.04 4300.01 199.94
endloop
endfacet
facet normal 0 0 1
outer loop
vertex 14416.480000000001 4311.1900000000005 199.94
vertex 14600.04 4300.01 199.94
vertex 14700.01 4300.01 199.94
endloop
endfacet
facet normal 0 0 1
outer loop
vertex 14416.480000000001 4311.1900000000005 199.94
vertex 14700.01 4300.01 199.94
vertex 14700.01 4327.83 199.94
endloop
endfacet
facet normal 0 0 1
outer loop
vertex 14416.480000000001 4311.1900000000005 199.94
vertex 14700.01 4327.83 199.94
vertex 14046.890000000001 4327.83 199.94
endloop
endfacet
facet normal 0 0 1
outer loop
vertex 10614.5 4312.62 199.94
vertex 10499.970000000001 4327.83 199.94
vertex 10499.970000000001 4300.01 199.94
endloop
endfacet
facet normal 0 0 1
outer loop
vertex 10614.5 4312.62 199.94
vertex 10499.970000000001 4300.01 199.94
vertex 10599.94 4300.01 199.94
endloop
endfacet
facet normal 0 0 1
outer loop
vertex 10614.5 4312.62 199.94
vertex 10599.94 4300.01 199.94
vertex 10693.800000000001 4307.42 199.94
endloop
endfacet
facet normal 0 0 1
outer loop
vertex 10614.5 4312.62 199.94
vertex 10693.800000000001 4307.42 199.94
vertex 10778.69 4327.83 199.94
endloop
endfacet
facet normal 0 0 1
outer loop
vertex 10614.5 4312.62 199.94
vertex 10778.69 4327.83 199.94
vertex 10499.970000000001 4327.83 199.94
endloop
endfacet
facet normal 0 0 1
outer loop
vertex 14035.45 4300.01 199.94
vertex 14034.41 4297.54 199.94
vertex 14568.710000000001 4297.54 199.94
endloop
endfacet
facet normal 0 0 1
outer loop
vertex 14035.45 4300.01 199.94
vertex 14568.710000000001 4297.54 199.94
vertex 14600.04 4300.01 199.94
endloop
endfacet
facet normal 0 0 0.9999999999999999
outer loop
vertex 14034.41 4297.54 199.94
vertex 14031.29 4290.26 199.94
vertex 14538.16 4290.26 199.94
endloop
endfacet
facet normal 0 0 1
outer loop
vertex 14034.41 4297.54 199.94
vertex 14538.16 4290.26 199.94
vertex 14568.710000000001 4297.54 199.94
endloop
endfacet
facet normal 0 0 1
outer loop
vertex 14227.07 4284.41 199.94
vertex 14031.29 4290.26 199.94
vertex 14029.34 4285.45 199.94
endloop
endfacet
facet normal 0 0 1
outer loop
vertex 14227.07 4284.41 199.94
vertex 14029.34 4285.45 199.94
vertex 14027.65 4278.17 199.94
endloop
endfacet
facet normal 0 0 1
outer loop
vertex 14227.07 4284.41 199.94
vertex 14027.65 4278.17 199.94
vertex 14509.17 4278.17 199.94
endloop
endfacet
facet normal 0 0 1
outer loop
vertex 14227.07 4284.41 199.94
vertex 14509.17 4278.17 199.94
vertex 14538.16 4290.26 199.94
endloop
endfacet
facet normal 0 0 1
outer loop
vertex 14227.07 4284.41 199.94
vertex 14538.16 4290.26 199.94
vertex 14031.29 4290.26 199.94
endloop
endfacet
facet normal 0 0 0.9999999999999999
outer loop
vertex 14027.65 4278.17 199.94
vertex 14023.75 4261.79 199.94
vertex 14482.390000000001 4261.79 199.94
endloop
endfacet
facet normal 0 0 0.9999999999999999
outer loop
vertex 14027.65 4278.17 199.94
vertex 14482.390000000001 4261.79 199.94
vertex 14509.17 4278.17 199.94
endloop
endfacet
facet normal 0 0 1
outer loop
vertex 14023.75 4261.79 199.94
vertex 14018.810000000001 4241.38 199.94
vertex 14458.6 4241.38 199.94
endloop
endfacet
facet normal 0 0 1
outer loop
vertex 14023.75 4261.79 199.94
vertex 14458.6 4241.38 199.94
vertex 14482.390000000001 4261.79 199.94
endloop
endfacet
facet normal 0 0 1
outer loop
vertex 14018.810000000001 4241.38 199.94
vertex 14013.09 4217.59 199.94
vertex 14438.19 4217.59 199.94
endloop
endfacet
facet normal 0 0 1
outer loop
vertex 14018.810000000001 4241.38 199.94
vertex 14438.19 4217.59 199.94
vertex 14458.6 4241.38 199.94
endloop
endfacet
facet normal 0 0 1
outer loop
vertex 14177.54 4202.12 199.94
vertex 14013.09 4217.59 199.94
vertex 14007.37 4193.8 199.94
endloop
endfacet
facet normal 0 0 0.9999999999999999
outer loop
vertex 14177.54 4202.12 199.94
vertex 14007.37 4193.8 199.94
vertex 14007.11 4190.81 199.94
endloop
endfacet
facet normal 0 0 0.9999999999999999
outer loop
vertex 14177.54 4202.12 199.94
vertex 14007.11 4190.81 199.94
vertex 14421.810000000001 4190.81 199.94
endloop
endfacet
facet normal 0 0 1
outer loop
vertex 14177.54 4202.12 199.94
vertex 14421.810000000001 4190.81 199.94
vertex 14438.19 4217.59 199.94
endloop
endfacet
facet normal 0 0 1
outer loop
vertex 14177.54 4202.12 199.94
vertex 14438.19 4217.59 199.94
vertex 14013.09 4217.59 199.94
endloop
endfacet
facet normal 0 0 1
outer loop
vertex 14007.11 4190.81 199.94
vertex 14004.9 4161.82 199.94
vertex 14409.85 4161.82 199.94
endloop
endfacet
facet normal 0 0 1
outer loop
vertex 14007.11 4190.81 199.94
vertex 14409.85 4161.82 199.94
vertex 14421.810000000001 4190.81 199.94
endloop
endfacet
facet normal 0 0 1
outer loop
vertex 14004.9 4161.82 199.94
vertex 14002.43 4131.27 199.94
vertex 14402.44 4131.27 199.94
endloop
endfacet
facet normal 0 0 0.9999999999999999
outer loop
vertex 14004.9 4161.82 199.94
vertex 14402.44 4131.27 199.94
vertex 14409.85 4161.82 199.94
endloop
endfacet
facet normal 0 0 1
outer loop
vertex 14002.43 4131.27 199.94
vertex 13999.960000000001 4099.9400000000005 199.94
vertex 14399.970000000001 4099.9400000000005 199.94
endloop
endfacet
facet normal 0 0 1
outer loop
vertex 14002.43 4131.27 199.94
vertex 14399.970000000001 4099.9400000000005 199.94
vertex 14402.44 4131.27 199.94
endloop
endfacet
facet normal 0 0 1
outer loop
vertex 13999.960000000001 4099.9400000000005 199.94
vertex 13999.960000000001 2900.04 199.94
vertex 14399.970000000001 2900.04 199.94
endloop
endfacet
facet normal 0 0 1
outer loop
vertex 13999.960000000001 4099.9400000000005 199.94
vertex 14399.970000000001 2900.04 199.94
vertex 14399.970000000001 4099.9400000000005 199.94
endloop
endfacet
facet normal 0 0 1
outer loop
vertex 13199.94 6099.99 199.94
vertex 13199.94 2900.04 199.94
vertex 13599.95 2900.04 199.94
endloop
endfacet
facet normal 0 0 1
outer loop
vertex 13199.94 6099.99 199.94
vertex 13599.95 2900.04 199.94
vertex 13599.95 6099.99 199.94
endloop
endfacet
facet normal 0 0 1
outer loop
vertex 12400.050000000001 6099.99 199.94
vertex 12400.050000000001 2900.04 199.94
vertex 12800.060000000001 2900.04 199.94
endloop
endfacet
facet normal 0 0 1
outer loop
vertex 12400.050000000001 6099.99 199.94
vertex 12800.060000000001 2900.04 199.94
vertex 12800.060000000001 6099.99 199.94
endloop
endfacet
facet normal 0 0 1
outer loop
vertex 11600.03 6099.99 199.94
vertex 11600.03 2900.04 199.94
vertex 12000.04 2900.04 199.94
endloop
endfacet
facet normal 0 0 1
outer loop
vertex 11600.03 6099.99 199.94
vertex 12000.04 2900.04 199.94
vertex 12000.04 6099.99 199.94
endloop
endfacet
facet normal 0 0 1
outer loop
vertex 13999.960000000001 2900.04 199.94
vertex 13997.49 2868.71 199.94
vertex 14397.5 2868.71 199.94
endloop
endfacet
facet normal 0 0 1
outer loop
vertex 13999.960000000001 2900.04 199.94
vertex 14397.5 2868.71 199.94
vertex 14399.970000000001 2900.04 199.94
endloop
endfacet
facet normal 0 0 1
outer loop
vertex 13199.94 2900.04 199.94
vertex 13202.41 2868.71 199.94
vertex 13602.42 2868.71 199.94
endloop
endfacet
facet normal 0 0 1
outer loop
vertex 13199.94 2900.04 199.94
vertex 13602.42 2868.71 199.94
vertex 13599.95 2900.04 199.94
endloop
endfacet
facet normal 0 0 1
outer loop
vertex 12400.050000000001 2900.04 199.94
vertex 12397.58 2868.71 199.94
vertex 12797.59 2868.71 199.94
endloop
endfacet
facet normal 0 0 1
outer loop
vertex 12400.050000000001 2900.04 199.94
vertex 12797.59 2868.71 199.94
vertex 12800.060000000001 2900.04 199.94
endloop
endfacet
facet normal 0 0 1
outer loop
vertex 11600.03 2900.04 199.94
vertex 11602.5 2868.71 199.94
vertex 12002.51 2868.71 199.94
endloop
endfacet
facet normal 0 0 1
outer loop
vertex 11600.03 2900.04 199.94
vertex 12002.51 2868.71 199.94
vertex 12000.04 2900.04 199.94
endloop
endfacet
facet normal 0 0 1
outer loop
vertex 13997.49 2868.71 199.94
vertex 13990.210000000001 2838.1600000000003 199.94
vertex 14395.16 2838.1600000000003 199.94
endloop
endfacet
facet normal 0 0 1
outer loop
vertex 13997.49 2868.71 199.94
vertex 14395.16 2838.1600000000003 199.94
vertex 14397.5 2868.71 199.94
endloop
endfacet
facet normal 0 0 1
outer loop
vertex 13202.41 2868.71 199.94
vertex 13204.880000000001 2838.1600000000003 199.94
vertex 13609.83 2838.1600000000003 199.94
endloop
endfacet
facet normal 0 0 1
outer loop
vertex 13202.41 2868.71 199.94
vertex 13609.83 2838.1600000000003 199.94
vertex 13602.42 2868.71 199.94
endloop
endfacet
facet normal 0 0 1
outer loop
vertex 12397.58 2868.71 199.94
vertex 12390.17 2838.1600000000003 199.94
vertex 12795.12 2838.1600000000003 199.94
endloop
endfacet
facet normal 0 0 1
outer loop
vertex 12397.58 2868.71 199.94
vertex 12795.12 2838.1600000000003 199.94
vertex 12797.59 2868.71 199.94
endloop
endfacet
facet normal 0 0 1
outer loop
vertex 11602.5 2868.71 199.94
vertex 11604.84 2838.1600000000003 199.94
vertex 12009.79 2838.1600000000003 199.94
endloop
endfacet
facet normal 0 0 1
outer loop
vertex 11602.5 2868.71 199.94
vertex 12009.79 2838.1600000000003 199.94
vertex 12002.51 2868.71 199.94
endloop
endfacet
facet normal 0 0 0.9999999999999999
outer loop
vertex 13990.210000000001 2838.1600000000003 199.94
vertex 13978.25 2809.17 199.94
vertex 14392.82 2809.17 199.94
endloop
endfacet
facet normal 0 0 0.9999999999999999
outer loop
vertex 13990.210000000001 2838.1600000000003 199.94
vertex 14392.82 2809.17 199.94
vertex 14395.16 2838.1600000000003 199.94
endloop
endfacet
facet normal 0 0 1
outer loop
vertex 13204.880000000001 2838.1600000000003 199.94
vertex 13207.09 2809.17 199.94
vertex 13621.79 2809.17 199.94
endloop
endfacet
facet normal 0 0 0.9999999999999999
outer loop
vertex 13204.880000000001 2838.1600000000003 199.94
vertex 13621.79 2809.17 199.94
vertex 13609.83 2838.1600000000003 199.94
endloop
endfacet
facet normal 0 0 1
outer loop
vertex 12390.17 2838.1600000000003 199.94
vertex 12378.210000000001 2809.17 199.94
vertex 12792.91 2809.17 199.94
endloop
endfacet
facet normal 0 0 1
outer loop
vertex 12390.17 2838.1600000000003 199.94
vertex 12792.91 2809.17 199.94
vertex 12795.12 2838.1600000000003 199.94
endloop
endfacet
facet normal 0 0 0.9999999999999999
outer loop
vertex 11604.84 2838.1600000000003 199.94
vertex 11607.18 2809.17 199.94
vertex 12021.75 2809.17 199.94
endloop
endfacet
facet normal 0 0 1
outer loop
vertex 11604.84 2838.1600000000003 199.94
vertex 12021.75 2809.17 199.94
vertex 12009.79 2838.1600000000003 199.94
endloop
endfacet
facet normal 0 0 1
outer loop
vertex 14222.52 2797.86 199.94
vertex 13978.25 2809.17 199.94
vertex 13961.74 2782.39 199.94
endloop
endfacet
facet normal 0 0 1
outer loop
vertex 14222.52 2797.86 199.94
vertex 13961.74 2782.39 199.94
vertex 14386.970000000001 2782.39 199.94
endloop
endfacet
facet normal 0 0 1
outer loop
vertex 14222.52 2797.86 199.94
vertex 14386.970000000001 2782.39 199.94
vertex 14392.560000000001 2806.1800000000003 199.94
endloop
endfacet
facet normal 0 0 1
outer loop
vertex 14222.52 2797.86 199.94
vertex 14392.560000000001 2806.1800000000003 199.94
vertex 14392.82 2809.17 199.94
endloop
endfacet
facet normal 0 0 1
outer loop
vertex 14222.52 2797.86 199.94
vertex 14392.82 2809.17 199.94
vertex 13978.25 2809.17 199.94
endloop
endfacet
facet normal 0 0 0.9999999999999999
outer loop
vertex 13377.52 2797.86 199.94
vertex 13207.09 2809.17 199.94
vertex 13207.35 2806.1800000000003 199.94
endloop
endfacet
facet normal 0 0 1
outer loop
vertex 13377.52 2797.86 199.94
vertex 13207.35 2806.1800000000003 199.94
vertex 13213.07 2782.39 199.94
endloop
endfacet
facet normal 0 0 1
outer loop
vertex 13377.52 2797.86 199.94
vertex 13213.07 2782.39 199.94
vertex 13638.17 2782.39 199.94
endloop
endfacet
facet normal 0 0 1
outer loop
vertex 13377.52 2797.86 199.94
vertex 13638.17 2782.39 199.94
vertex 13621.79 2809.17 199.94
endloop
endfacet
facet normal 0 0 1
outer loop
vertex 13377.52 2797.86 199.94
vertex 13621.79 2809.17 199.94
vertex 13207.09 2809.17 199.94
endloop
endfacet
facet normal 0 0 1
outer loop
vertex 12622.48 2797.86 199.94
vertex 12378.210000000001 2809.17 199.94
vertex 12361.83 2782.39 199.94
endloop
endfacet
facet normal 0 0 1
outer loop
vertex 12622.48 2797.86 199.94
vertex 12361.83 2782.39 199.94
vertex 12786.93 2782.39 199.94
endloop
endfacet
facet normal 0 0 1
outer loop
vertex 12622.48 2797.86 199.94
vertex 12786.93 2782.39 199.94
vertex 12792.65 2806.1800000000003 199.94
endloop
endfacet
facet normal 0 0 0.9999999999999999
outer loop
vertex 12622.48 2797.86 199.94
vertex 12792.65 2806.1800000000003 199.94
vertex 12792.91 2809.17 199.94
endloop
endfacet
facet normal 0 0 1
outer loop
vertex 12622.48 2797.86 199.94
vertex 12792.91 2809.17 199.94
vertex 12378.210000000001 2809.17 199.94
endloop
endfacet
facet normal 0 0 1
outer loop
vertex 11777.48 2797.86 199.94
vertex 11607.18 2809.17 199.94
vertex 11607.44 2806.1800000000003 199.94
endloop
endfacet
facet normal 0 0 1
outer loop
vertex 11777.48 2797.86 199.94
vertex 11607.44 2806.1800000000003 199.94
vertex 11613.03 2782.39 199.94
endloop
endfacet
facet normal 0 0 1
outer loop
vertex 11777.48 2797.86 199.94
vertex 11613.03 2782.39 199.94
vertex 12038.26 2782.39 199.94
endloop
endfacet
facet normal 0 0 1
outer loop
vertex 11777.48 2797.86 199.94
vertex 12038.26 2782.39 199.94
vertex 12021.75 2809.17 199.94
endloop
endfacet
facet normal 0 0 1
outer loop
vertex 11777.48 2797.86 199.94
vertex 12021.75 2809.17 199.94
vertex 11607.18 2809.17 199.94
endloop
endfacet
facet normal 0 0 1
outer loop
vertex 13961.74 2782.39 199.94
vertex 13941.460000000001 2758.6 199.94
vertex 14381.25 2758.6 199.94
endloop
endfacet
facet normal 0 0 1
outer loop
vertex 13961.74 2782.39 199.94
vertex 14381.25 2758.6 199.94
vertex 14386.970000000001 2782.39 199.94
endloop
endfacet
facet normal 0 0 1
outer loop
vertex 13213.07 2782.39 199.94
vertex 13218.79 2758.6 199.94
vertex 13658.58 2758.6 199.94
endloop
endfacet
facet normal 0 0 1
outer loop
vertex 13213.07 2782.39 199.94
vertex 13658.58 2758.6 199.94
vertex 13638.17 2782.39 199.94
endloop
endfacet
facet normal 0 0 1
outer loop
vertex 12361.83 2782.39 199.94
vertex 12341.42 2758.6 199.94
vertex 12781.210000000001 2758.6 199.94
endloop
endfacet
facet normal 0 0 1
outer loop
vertex 12361.83 2782.39 199.94
vertex 12781.210000000001 2758.6 199.94
vertex 12786.93 2782.39 199.94
endloop
endfacet
facet normal 0 0 1
outer loop
vertex 11613.03 2782.39 199.94
vertex 11618.75 2758.6 199.94
vertex 12058.54 2758.6 199.94
endloop
endfacet
facet normal 0 0 1
outer loop
vertex 11613.03 2782.39 199.94
vertex 12058.54 2758.6 199.94
vertex 12038.26 2782.39 199.94
endloop
endfacet
facet normal 0 0 1
outer loop
vertex 13941.460000000001 2758.6 199.94
vertex 13917.54 2738.19 199.94
vertex 14376.310000000001 2738.19 199.94
endloop
endfacet
facet normal 0 0 1
outer loop
vertex 13941.460000000001 2758.6 199.94
vertex 14376.310000000001 2738.19 199.94
vertex 14381.25 2758.6 199.94
endloop
endfacet
facet normal 0 0 1
outer loop
vertex 13218.79 2758.6 199.94
vertex 13223.73 2738.19 199.94
vertex 13682.5 2738.19 199.94
endloop
endfacet
facet normal 0 0 1
outer loop
vertex 13218.79 2758.6 199.94
vertex 13682.5 2738.19 199.94
vertex 13658.58 2758.6 199.94
endloop
endfacet
facet normal 0 0 1
outer loop
vertex 12341.42 2758.6 199.94
vertex 12317.5 2738.19 199.94
vertex 12776.27 2738.19 199.94
endloop
endfacet
facet normal 0 0 1
outer loop
vertex 12341.42 2758.6 199.94
vertex 12776.27 2738.19 199.94
vertex 12781.210000000001 2758.6 199.94
endloop
endfacet
facet normal 0 0 1
outer loop
vertex 11618.75 2758.6 199.94
vertex 11623.69 2738.19 199.94
vertex 12082.460000000001 2738.19 199.94
endloop
endfacet
facet normal 0 0 1
outer loop
vertex 11618.75 2758.6 199.94
vertex 12082.460000000001 2738.19 199.94
vertex 12058.54 2758.6 199.94
endloop
endfacet
facet normal 0 0 1
outer loop
vertex 13917.54 2738.19 199.94
vertex 13890.76 2721.81 199.94
vertex 14372.41 2721.81 199.94
endloop
endfacet
facet normal 0 0 1
outer loop
vertex 13917.54 2738.19 199.94
vertex 14372.41 2721.81 199.94
vertex 14376.310000000001 2738.19 199.94
endloop
endfacet
facet normal 0 0 1
outer loop
vertex 13223.73 2738.19 199.94
vertex 13227.630000000001 2721.81 199.94
vertex 13709.15 2721.81 199.94
endloop
endfacet
facet normal 0 0 1
outer loop
vertex 13223.73 2738.19 199.94
vertex 13709.15 2721.81 199.94
vertex 13682.5 2738.19 199.94
endloop
endfacet
facet normal 0 0 0.9999999999999999
outer loop
vertex 12317.5 2738.19 199.94
vertex 12290.85 2721.81 199.94
vertex 12772.37 2721.81 199.94
endloop
endfacet
facet normal 0 0 1
outer loop
vertex 12317.5 2738.19 199.94
vertex 12772.37 2721.81 199.94
vertex 12776.27 2738.19 199.94
endloop
endfacet
facet normal 0 0 0.9999999999999999
outer loop
vertex 11623.69 2738.19 199.94
vertex 11627.59 2721.81 199.94
vertex 12109.24 2721.81 199.94
endloop
endfacet
facet normal 0 0 1
outer loop
vertex 11623.69 2738.19 199.94
vertex 12109.24 2721.81 199.94
vertex 12082.460000000001 2738.19 199.94
endloop
endfacet
facet normal 0 0 1
outer loop
vertex 14172.86 2715.57 199.94
vertex 13890.76 2721.81 199.94
vertex 13861.77 2709.85 199.94
endloop
endfacet
facet normal 0 0 1
outer loop
vertex 14172.86 2715.57 199.94
vertex 13861.77 2709.85 199.94
vertex 14368.640000000001 2709.85 199.94
endloop
endfacet
facet normal 0 0 1
outer loop
vertex 14172.86 2715.57 199.94
vertex 14368.640000000001 2709.85 199.94
vertex 14370.59 2714.53 199.94
endloop
endfacet
facet normal 0 0 1
outer loop
vertex 14172.86 2715.57 199.94
vertex 14370.59 2714.53 199.94
vertex 14372.41 2721.81 199.94
endloop
endfacet
facet normal 0 0 1
outer loop
vertex 14172.86 2715.57 199.94
vertex 14372.41 2721.81 199.94
vertex 13890.76 2721.81 199.94
endloop
endfacet
facet normal 0 0 1
outer loop
vertex 13427.18 2715.57 199.94
vertex 13227.630000000001 2721.81 199.94
vertex 13229.32 2714.53 199.94
endloop
endfacet
facet normal 0 0 0.9999999999999999
outer loop
vertex 13427.18 2715.57 199.94
vertex 13229.32 2714.53 199.94
vertex 13231.4 2709.85 199.94
endloop
endfacet
facet normal 0 0 0.9999999999999999
outer loop
vertex 13427.18 2715.57 199.94
vertex 13231.4 2709.85 199.94
vertex 13738.140000000001 2709.85 199.94
endloop
endfacet
facet normal 0 0 1
outer loop
vertex 13427.18 2715.57 199.94
vertex 13738.140000000001 2709.85 199.94
vertex 13709.15 2721.81 199.94
endloop
endfacet
facet normal 0 0 1
outer loop
vertex 13427.18 2715.57 199.94
vertex 13709.15 2721.81 199.94
vertex 13227.630000000001 2721.81 199.94
endloop
endfacet
facet normal 0 0 1
outer loop
vertex 12572.82 2715.57 199.94
vertex 12290.85 2721.81 199.94
vertex 12261.86 2709.85 199.94
endloop
endfacet
facet normal 0 0 0.9999999999999999
outer loop
vertex 12572.82 2715.57 199.94
vertex 12261.86 2709.85 199.94
vertex 12768.6 2709.85 199.94
endloop
endfacet
facet normal 0 0 0.9999999999999999
outer loop
vertex 12572.82 2715.57 199.94
vertex 12768.6 2709.85 199.94
vertex 12770.68 2714.53 199.94
endloop
endfacet
facet normal 0 0 1
outer loop
vertex 12572.82 2715.57 199.94
vertex 12770.68 2714.53 199.94
vertex 12772.37 2721.81 199.94
endloop
endfacet
facet normal 0 0 1
outer loop
vertex 12572.82 2715.57 199.94
vertex 12772.37 2721.81 199.94
vertex 12290.85 2721.81 199.94
endloop
endfacet
facet normal 0 0 1
outer loop
vertex 11827.140000000001 2715.57 199.94
vertex 11627.59 2721.81 199.94
vertex 11629.41 2714.53 199.94
endloop
endfacet
facet normal 0 0 1
outer loop
vertex 11827.140000000001 2715.57 199.94
vertex 11629.41 2714.53 199.94
vertex 11631.36 2709.85 199.94
endloop
endfacet
facet normal 0 0 1
outer loop
vertex 11827.140000000001 2715.57 199.94
vertex 11631.36 2709.85 199.94
vertex 12138.23 2709.85 199.94
endloop
endfacet
facet normal 0 0 0.9999999999999999
outer loop
vertex 11827.140000000001 2715.57 199.94
vertex 12138.23 2709.85 199.94
vertex 12109.24 2721.81 199.94
endloop
endfacet
facet normal 0 0 1
outer loop
vertex 11827.140000000001 2715.57 199.94
vertex 12109.24 2721.81 199.94
vertex 11627.59 2721.81 199.94
endloop
endfacet
facet normal 0 0 0.9999999999999999
outer loop
vertex 13861.77 2709.85 199.94
vertex 13831.35 2702.44 199.94
vertex 14365.65 2702.44 199.94
endloop
endfacet
facet normal 0 0 1
outer loop
vertex 13861.77 2709.85 199.94
vertex 14365.65 2702.44 199.94
vertex 14368.640000000001 2709.85 199.94
endloop
endfacet
facet normal 0 0 0.9999999999999999
outer loop
vertex 13231.4 2709.85 199.94
vertex 13234.390000000001 2702.44 199.94
vertex 13768.69 2702.44 199.94
endloop
endfacet
facet normal 0 0 1
outer loop
vertex 13231.4 2709.85 199.94
vertex 13768.69 2702.44 199.94
vertex 13738.140000000001 2709.85 199.94
endloop
endfacet
facet normal 0 0 0.9999999999999999
outer loop
vertex 12261.86 2709.85 199.94
vertex 12231.310000000001 2702.44 199.94
vertex 12765.61 2702.44 199.94
endloop
endfacet
facet normal 0 0 1
outer loop
vertex 12261.86 2709.85 199.94
vertex 12765.61 2702.44 199.94
vertex 12768.6 2709.85 199.94
endloop
endfacet
facet normal 0 0 0.9999999999999999
outer loop
vertex 11631.36 2709.85 199.94
vertex 11634.35 2702.44 199.94
vertex 12168.65 2702.44 199.94
endloop
endfacet
facet normal 0 0 1
outer loop
vertex 11631.36 2709.85 199.94
vertex 12168.65 2702.44 199.94
vertex 12138.23 2709.85 199.94
endloop
endfacet
facet normal 0 0 1
outer loop
vertex 13831.35 2702.44 199.94
vertex 13800.02 2699.9700000000003 199.94
vertex 14364.61 2699.9700000000003 199.94
endloop
endfacet
facet normal 0 0 1
outer loop
vertex 13831.35 2702.44 199.94
vertex 14364.61 2699.9700000000003 199.94
vertex 14365.65 2702.44 199.94
endloop
endfacet
facet normal 0 0 1
outer loop
vertex 13234.390000000001 2702.44 199.94
vertex 13235.43 2699.9700000000003 199.94
vertex 13800.02 2699.9700000000003 199.94
endloop
endfacet
facet normal 0 0 1
outer loop
vertex 13234.390000000001 2702.44 199.94
vertex 13800.02 2699.9700000000003 199.94
vertex 13768.69 2702.44 199.94
endloop
endfacet
facet normal 0 0 1
outer loop
vertex 12231.310000000001 2702.44 199.94
vertex 12199.98 2699.9700000000003 199.94
vertex 12764.57 2699.9700000000003 199.94
endloop
endfacet
facet normal 0 0 1
outer loop
vertex 12231.310000000001 2702.44 199.94
vertex 12764.57 2699.9700000000003 199.94
vertex 12765.61 2702.44 199.94
endloop
endfacet
facet normal 0 0 1
outer loop
vertex 11634.35 2702.44 199.94
vertex 11635.390000000001 2699.9700000000003 199.94
vertex 12199.98 2699.9700000000003 199.94
endloop
endfacet
facet normal 0 0 1
outer loop
vertex 11634.35 2702.44 199.94
vertex 12199.98 2699.9700000000003 199.94
vertex 12168.65 2702.44 199.94
endloop
endfacet
facet normal 0 0 1
outer loop
vertex 13800.02 2474.1600000000003 199.94
vertex 13800.02 2699.9700000000003 199.94
vertex 13235.43 2699.9700000000003 199.94
endloop
endfacet
facet normal 0 0 1
outer loop
vertex 13800.02 2474.1600000000003 199.94
vertex 13235.43 2699.9700000000003 199.94
vertex 13265.460000000001 2627.56 199.94
endloop
endfacet
facet normal 0 0 1
outer loop
vertex 13800.02 2474.1600000000003 199.94
vertex 13265.460000000001 2627.56 199.94
vertex 13314.6 2547.35 199.94
endloop
endfacet
facet normal 0 0 1
outer loop
vertex 13800.02 2474.1600000000003 199.94
vertex 13314.6 2547.35 199.94
vertex 13375.7 2475.7200000000003 199.94
endloop
endfacet
facet normal 0 0 0.9999999999999999
outer loop
vertex 13800.02 2474.1600000000003 199.94
vertex 13375.7 2475.7200000000003 199.94
vertex 13447.33 2414.62 199.94
endloop
endfacet
facet normal 0 0 1
outer loop
vertex 13800.02 2474.1600000000003 199.94
vertex 13447.33 2414.62 199.94
vertex 13527.67 2365.35 199.94
endloop
endfacet
facet normal 0 0 1
outer loop
vertex 13800.02 2474.1600000000003 199.94
vertex 13527.67 2365.35 199.94
vertex 13614.640000000001 2329.34 199.94
endloop
endfacet
facet normal 0 0 1
outer loop
vertex 13800.02 2474.1600000000003 199.94
vertex 13614.640000000001 2329.34 199.94
vertex 13706.16 2307.37 199.94
endloop
endfacet
facet normal 0 0 0.9999999999999999
outer loop
vertex 13800.02 2474.1600000000003 199.94
vertex 13706.16 2307.37 199.94
vertex 13800.02 2299.96 199.94
endloop
endfacet
facet normal 0 0 0.9999999999999999
outer loop
vertex 13800.02 2474.1600000000003 199.94
vertex 13800.02 2299.96 199.94
vertex 13893.880000000001 2307.37 199.94
endloop
endfacet
facet normal 0 0 1
outer loop
vertex 13800.02 2474.1600000000003 199.94
vertex 13893.880000000001 2307.37 199.94
vertex 13985.4 2329.34 199.94
endloop
endfacet
facet normal 0 0 1
outer loop
vertex 13800.02 2474.1600000000003 199.94
vertex 13985.4 2329.34 199.94
vertex 14072.37 2365.35 199.94
endloop
endfacet
facet normal 0 0 1
outer loop
vertex 13800.02 2474.1600000000003 199.94
vertex 14072.37 2365.35 199.94
vertex 14152.710000000001 2414.62 199.94
endloop
endfacet
facet normal 0 0 1
outer loop
vertex 13800.02 2474.1600000000003 199.94
vertex 14152.710000000001 2414.62 199.94
vertex 14224.210000000001 2475.7200000000003 199.94
endloop
endfacet
facet normal 0 0 1
outer loop
vertex 13800.02 2474.1600000000003 199.94
vertex 14224.210000000001 2475.7200000000003 199.94
vertex 14285.44 2547.35 199.94
endloop
endfacet
facet normal 0 0 1
outer loop
vertex 13800.02 2474.1600000000003 199.94
vertex 14285.44 2547.35 199.94
vertex 14334.58 2627.56 199.94
endloop
endfacet
facet normal 0 0 1
outer loop
vertex 13800.02 2474.1600000000003 199.94
vertex 14334.58 2627.56 199.94
vertex 14364.61 2699.9700000000003 199.94
endloop
endfacet
facet normal 0 0 1
outer loop
vertex 13800.02 2474.1600000000003 199.94
vertex 14364.61 2699.9700000000003 199.94
vertex 13800.02 2699.9700000000003 199.94
endloop
endfacet
facet normal 0 0 1
outer loop
vertex 12199.98 2474.1600000000003 199.94
vertex 12199.98 2699.9700000000003 199.94
vertex 11635.390000000001 2699.9700000000003 199.94
endloop
endfacet
facet normal 0 0 1
outer loop
vertex 12199.98 2474.1600000000003 199.94
vertex 11635.390000000001 2699.9700000000003 199.94
vertex 11665.42 2627.56 199.94
endloop
endfacet
facet normal 0 0 1
outer loop
vertex 12199.98 2474.1600000000003 199.94
vertex 11665.42 2627.56 199.94
vertex 11714.560000000001 2547.35 199.94
endloop
endfacet
facet normal 0 0 1
outer loop
vertex 12199.98 2474.1600000000003 199.94
vertex 11714.560000000001 2547.35 199.94
vertex 11775.79 2475.7200000000003 199.94
endloop
endfacet
facet normal 0 0 1
outer loop
vertex 12199.98 2474.1600000000003 199.94
vertex 11775.79 2475.7200000000003 199.94
vertex 11847.29 2414.62 199.94
endloop
endfacet
facet normal 0 0 1
outer loop
vertex 12199.98 2474.1600000000003 199.94
vertex 11847.29 2414.62 199.94
vertex 11927.630000000001 2365.35 199.94
endloop
endfacet
facet normal 0 0 1
outer loop
vertex 12199.98 2474.1600000000003 199.94
vertex 11927.630000000001 2365.35 199.94
vertex 12014.6 2329.34 199.94
endloop
endfacet
facet normal 0 0 1
outer loop
vertex 12199.98 2474.1600000000003 199.94
vertex 12014.6 2329.34 199.94
vertex 12106.12 2307.37 199.94
endloop
endfacet
facet normal 0 0 0.9999999999999999
outer loop
vertex 12199.98 2474.1600000000003 199.94
vertex 12106.12 2307.37 199.94
vertex 12199.98 2299.96 199.94
endloop
endfacet
facet normal 0 0 0.9999999999999999
outer loop
vertex 12199.98 2474.1600000000003 199.94
vertex 12199.98 2299.96 199.94
vertex 12293.84 2307.37 199.94
endloop
endfacet
facet normal 0 0 1
outer loop
vertex 12199.98 2474.1600000000003 199.94
vertex 12293.84 2307.37 199.94
vertex 12385.36 2329.34 199.94
endloop
endfacet
facet normal 0 0 1
outer loop
vertex 12199.98 2474.1600000000003 199.94
vertex 12385.36 2329.34 199.94
vertex 12472.33 2365.35 199.94
endloop
endfacet
facet normal 0 0 1
outer loop
vertex 12199.98 2474.1600000000003 199.94
vertex 12472.33 2365.35 199.94
vertex 12552.67 2414.62 199.94
endloop
endfacet
facet normal 0 0 1
outer loop
vertex 12199.98 2474.1600000000003 199.94
vertex 12552.67 2414.62 199.94
vertex 12624.300000000001 2475.7200000000003 199.94
endloop
endfacet
facet normal 0 0 1
outer loop
vertex 12199.98 2474.1600000000003 199.94
vertex 12624.300000000001 2475.7200000000003 199.94
vertex 12685.4 2547.35 199.94
endloop
endfacet
facet normal 0 0 1
outer loop
vertex 12199.98 2474.1600000000003 199.94
vertex 12685.4 2547.35 199.94
vertex 12734.54 2627.56 199.94
endloop
endfacet
facet normal 0 0 1
outer loop
vertex 12199.98 2474.1600000000003 199.94
vertex 12734.54 2627.56 199.94
vertex 12764.57 2699.9700000000003 199.94
endloop
endfacet
facet normal 0 0 1
outer loop
vertex 12199.98 2474.1600000000003 199.94
vertex 12764.57 2699.9700000000003 199.94
vertex 12199.98 2699.9700000000003 199.94
endloop
endfacet
facet normal 0 0 -1
outer loop
vertex 3395.6 10887.24 599.95
vertex 3112.85 10604.36 599.95
vertex 2858.57 10858.640000000001 599.95
endloop
endfacet
facet normal 0 0 -0.9999999999999999
outer loop
vertex 3395.6 10887.24 599.95
vertex 2858.57 10858.640000000001 599.95
vertex 3141.4500000000003 11141.390000000001 599.95
endloop
endfacet
facet normal 0 0 -1
outer loop
vertex 5582.85 8699.99 599.95
vertex 5431.53 8699.99 599.95
vertex 5507.1900000000005 8775.65 599.95
endloop
endfacet
facet normal 0 0 -1
outer loop
vertex 5670.47 8450.39 599.95
vertex 5582.85 8699.99 599.95
vertex 6666.92 8699.99 599.95
endloop
endfacet
facet normal 0 0 -1
outer loop
vertex 5670.47 8450.39 599.95
vertex 6666.92 8699.99 599.95
vertex 6666.92 8299.98 599.95
endloop
endfacet
facet normal 0 0 -1
outer loop
vertex 5670.47 8450.39 599.95
vertex 6666.92 8299.98 599.95
vertex 5500.04 8299.98 599.95
endloop
endfacet
facet normal 0 0 -1
outer loop
vertex 5670.47 8450.39 599.95
vertex 5500.04 8299.98 599.95
vertex 5461.04 8303.880000000001 599.95
endloop
endfacet
facet normal 0 0 -1
outer loop
vertex 5670.47 8450.39 599.95
vertex 5461.04 8303.880000000001 599.95
vertex 5423.47 8315.19 599.95
endloop
endfacet
facet normal 0 0 -1
outer loop
vertex 5670.47 8450.39 599.95
vertex 5423.47 8315.19 599.95
vertex 5388.89 8333.65 599.95
endloop
endfacet
facet normal 0 0 -1
outer loop
vertex 5670.47 8450.39 599.95
vertex 5388.89 8333.65 599.95
vertex 5358.6 8358.61 599.95
endloop
endfacet
facet normal 0 0 -1
outer loop
vertex 5670.47 8450.39 599.95
vertex 5358.6 8358.61 599.95
vertex 5224.31 8492.77 599.95
endloop
endfacet
facet normal 0 0 -1
outer loop
vertex 5670.47 8450.39 599.95
vertex 5224.31 8492.77 599.95
vertex 5431.53 8699.99 599.95
endloop
endfacet
facet normal 0 0 -1
outer loop
vertex 5670.47 8450.39 599.95
vertex 5431.53 8699.99 599.95
vertex 5582.85 8699.99 599.95
endloop
endfacet
facet normal 0 0 -1
outer loop
vertex 10499.970000000001 8699.99 599.95
vertex 10499.970000000001 8299.98 599.95
vertex 9653.15 8299.98 599.95
endloop
endfacet
facet normal 0 0 -1
outer loop
vertex 10499.970000000001 8699.99 599.95
vertex 9653.15 8299.98 599.95
vertex 9653.15 8699.99 599.95
endloop
endfacet
facet normal 0 0 -1
outer loop
vertex 11399.960000000001 6525.87 599.95
vertex 11493.82 6692.66 599.95
vertex 11585.470000000001 6670.6900000000005 599.95
endloop
endfacet
facet normal 0 0 -1
outer loop
vertex 11399.960000000001 6525.87 599.95
vertex 11585.470000000001 6670.6900000000005 599.95
vertex 11672.44 6634.55 599.95
endloop
endfacet
facet normal 0 0 -1
outer loop
vertex 11399.960000000001 6525.87 599.95
vertex 11672.44 6634.55 599.95
vertex 11752.65 6585.41 599.95
endloop
endfacet
facet normal 0 0 -1
outer loop
vertex 11399.960000000001 6525.87 599.95
vertex 11752.65 6585.41 599.95
vertex 11824.28 6524.31 599.95
endloop
endfacet
facet normal 0 0 -1
outer loop
vertex 11399.960000000001 6525.87 599.95
vertex 11824.28 6524.31 599.95
vertex 11885.380000000001 6452.68 599.95
endloop
endfacet
facet normal 0 0 -1
outer loop
vertex 11399.960000000001 6525.87 599.95
vertex 11885.380000000001 6452.68 599.95
vertex 11934.65 6372.34 599.95
endloop
endfacet
facet normal 0 0 -1
outer loop
vertex 11399.960000000001 6525.87 599.95
vertex 11934.65 6372.34 599.95
vertex 11964.550000000001 6300.06 599.95
endloop
endfacet
facet normal 0 0 -0.9999999999999999
outer loop
vertex 11399.960000000001 6525.87 599.95
vertex 11964.550000000001 6300.06 599.95
vertex 11399.960000000001 6300.06 599.95
endloop
endfacet
facet normal 0 0 -0.9999999999999999
outer loop
vertex 11399.960000000001 6525.87 599.95
vertex 11399.960000000001 6300.06 599.95
vertex 10835.37 6300.06 599.95
endloop
endfacet
facet normal 0 0 -1
outer loop
vertex 11399.960000000001 6525.87 599.95
vertex 10835.37 6300.06 599.95
vertex 10865.4 6372.34 599.95
endloop
endfacet
facet normal 0 0 -1
outer loop
vertex 11399.960000000001 6525.87 599.95
vertex 10865.4 6372.34 599.95
vertex 10914.54 6452.68 599.95
endloop
endfacet
facet normal 0 0 -0.9999999999999999
outer loop
vertex 11399.960000000001 6525.87 599.95
vertex 10914.54 6452.68 599.95
vertex 10975.77 6524.31 599.95
endloop
endfacet
facet normal 0 0 -1
outer loop
vertex 11399.960000000001 6525.87 599.95
vertex 10975.77 6524.31 599.95
vertex 11047.27 6585.41 599.95
endloop
endfacet
facet normal 0 0 -1
outer loop
vertex 11399.960000000001 6525.87 599.95
vertex 11047.27 6585.41 599.95
vertex 11127.61 6634.55 599.95
endloop
endfacet
facet normal 0 0 -1
outer loop
vertex 11399.960000000001 6525.87 599.95
vertex 11127.61 6634.55 599.95
vertex 11214.58 6670.6900000000005 599.95
endloop
endfacet
facet normal 0 0 -1
outer loop
vertex 11399.960000000001 6525.87 599.95
vertex 11214.58 6670.6900000000005 599.95
vertex 11306.1 6692.66 599.95
endloop
endfacet
facet normal 0 0 -1
outer loop
vertex 11399.960000000001 6525.87 599.95
vertex 11306.1 6692.66 599.95
vertex 11399.960000000001 6699.9400000000005 599.95
endloop
endfacet
facet normal 0 0 -0.9999999999999999
outer loop
vertex 11399.960000000001 6525.87 599.95
vertex 11399.960000000001 6699.9400000000005 599.95
vertex 11493.82 6692.66 599.95
endloop
endfacet
facet normal 0 0 -1
outer loop
vertex 13000 6525.87 599.95
vertex 13093.86 6692.66 599.95
vertex 13185.380000000001 6670.6900000000005 599.95
endloop
endfacet
facet normal 0 0 -1
outer loop
vertex 13000 6525.87 599.95
vertex 13185.380000000001 6670.6900000000005 599.95
vertex 13272.35 6634.55 599.95
endloop
endfacet
facet normal 0 0 -1
outer loop
vertex 13000 6525.87 599.95
vertex 13272.35 6634.55 599.95
vertex 13352.69 6585.41 599.95
endloop
endfacet
facet normal 0 0 -0.9999999999999999
outer loop
vertex 13000 6525.87 599.95
vertex 13352.69 6585.41 599.95
vertex 13424.32 6524.31 599.95
endloop
endfacet
facet normal 0 0 -1
outer loop
vertex 13000 6525.87 599.95
vertex 13424.32 6524.31 599.95
vertex 13485.42 6452.68 599.95
endloop
endfacet
facet normal 0 0 -1
outer loop
vertex 13000 6525.87 599.95
vertex 13485.42 6452.68 599.95
vertex 13534.560000000001 6372.34 599.95
endloop
endfacet
facet normal 0 0 -1
outer loop
vertex 13000 6525.87 599.95
vertex 13534.560000000001 6372.34 599.95
vertex 13564.59 6300.06 599.95
endloop
endfacet
facet normal 0 0 -0.9999999999999999
outer loop
vertex 13000 6525.87 599.95
vertex 13564.59 6300.06 599.95
vertex 13000 6300.06 599.95
endloop
endfacet
facet normal 0 0 -0.9999999999999999
outer loop
vertex 13000 6525.87 599.95
vertex 13000 6300.06 599.95
vertex 12435.41 6300.06 599.95
endloop
endfacet
facet normal 0 0 -1
outer loop
vertex 13000 6525.87 599.95
vertex 12435.41 6300.06 599.95
vertex 12465.44 6372.34 599.95
endloop
endfacet
facet normal 0 0 -1
outer loop
vertex 13000 6525.87 599.95
vertex 12465.44 6372.34 599.95
vertex 12514.58 6452.68 599.95
endloop
endfacet
facet normal 0 0 -1
outer loop
vertex 13000 6525.87 599.95
vertex 12514.58 6452.68 599.95
vertex 12575.68 6524.31 599.95
endloop
endfacet
facet normal 0 0 -1
outer loop
vertex 13000 6525.87 599.95
vertex 12575.68 6524.31 599.95
vertex 12647.310000000001 6585.41 599.95
endloop
endfacet
facet normal 0 0 -1
outer loop
vertex 13000 6525.87 599.95
vertex 12647.310000000001 6585.41 599.95
vertex 12727.65 6634.55 599.95
endloop
endfacet
facet normal 0 0 -1
outer loop
vertex 13000 6525.87 599.95
vertex 12727.65 6634.55 599.95
vertex 12814.62 6670.6900000000005 599.95
endloop
endfacet
facet normal 0 0 -1
outer loop
vertex 13000 6525.87 599.95
vertex 12814.62 6670.6900000000005 599.95
vertex 12906.140000000001 6692.66 599.95
endloop
endfacet
facet normal 0 0 -0.9999999999999999
outer loop
vertex 13000 6525.87 599.95
vertex 12906.140000000001 6692.66 599.95
vertex 13000 6699.9400000000005 599.95
endloop
endfacet
facet normal 0 0 -1
outer loop
vertex 13000 6525.87 599.95
vertex 13000 6699.9400000000005 599.95
vertex 13093.86 6692.66 599.95
endloop
endfacet
facet normal 0 0 -1
outer loop
vertex 11399.960000000001 6300.06 599.95
vertex 11368.76 6297.59 599.95
vertex 10834.33 6297.59 599.95
endloop
endfacet
facet normal 0 0 -1
outer loop
vertex 11399.960000000001 6300.06 599.95
vertex 10834.33 6297.59 599.95
vertex 10835.37 6300.06 599.95
endloop
endfacet
facet normal 0 0 -1
outer loop
vertex 11964.550000000001 6300.06 599.95
vertex 11965.59 6297.59 599.95
vertex 11431.29 6297.59 599.95
endloop
endfacet
facet normal 0 0 -1
outer loop
vertex 11964.550000000001 6300.06 599.95
vertex 11431.29 6297.59 599.95
vertex 11399.960000000001 6300.06 599.95
endloop
endfacet
facet normal 0 0 -1
outer loop
vertex 13000 6300.06 599.95
vertex 12968.67 6297.59 599.95
vertex 12434.37 6297.59 599.95
endloop
endfacet
facet normal 0 0 -1
outer loop
vertex 13000 6300.06 599.95
vertex 12434.37 6297.59 599.95
vertex 12435.41 6300.06 599.95
endloop
endfacet
facet normal 0 0 -1
outer loop
vertex 13564.59 6300.06 599.95
vertex 13565.630000000001 6297.59 599.95
vertex 13031.33 6297.59 599.95
endloop
endfacet
facet normal 0 0 -1
outer loop
vertex 13564.59 6300.06 599.95
vertex 13031.33 6297.59 599.95
vertex 13000 6300.06 599.95
endloop
endfacet
facet normal 0 0 -1
outer loop
vertex 11368.76 6297.59 599.95
vertex 11338.210000000001 6290.18 599.95
vertex 10831.34 6290.18 599.95
endloop
endfacet
facet normal 0 0 -1
outer loop
vertex 11368.76 6297.59 599.95
vertex 10831.34 6290.18 599.95
vertex 10834.33 6297.59 599.95
endloop
endfacet
facet normal 0 0 -1
outer loop
vertex 11965.59 6297.59 599.95
vertex 11968.710000000001 6290.18 599.95
vertex 11461.84 6290.18 599.95
endloop
endfacet
facet normal 0 0 -0.9999999999999999
outer loop
vertex 11965.59 6297.59 599.95
vertex 11461.84 6290.18 599.95
vertex 11431.29 6297.59 599.95
endloop
endfacet
facet normal 0 0 -1
outer loop
vertex 12968.67 6297.59 599.95
vertex 12938.25 6290.18 599.95
vertex 12431.380000000001 6290.18 599.95
endloop
endfacet
facet normal 0 0 -0.9999999999999999
outer loop
vertex 12968.67 6297.59 599.95
vertex 12431.380000000001 6290.18 599.95
vertex 12434.37 6297.59 599.95
endloop
endfacet
facet normal 0 0 -1
outer loop
vertex 13565.630000000001 6297.59 599.95
vertex 13568.62 6290.18 599.95
vertex 13061.75 6290.18 599.95
endloop
endfacet
facet normal 0 0 -0.9999999999999999
outer loop
vertex 13565.630000000001 6297.59 599.95
vertex 13061.75 6290.18 599.95
vertex 13031.33 6297.59 599.95
endloop
endfacet
facet normal 0 0 -1
outer loop
vertex 11027.12 6284.46 599.95
vertex 11338.210000000001 6290.18 599.95
vertex 11309.220000000001 6278.22 599.95
endloop
endfacet
facet normal 0 0 -1
outer loop
vertex 11027.12 6284.46 599.95
vertex 11309.220000000001 6278.22 599.95
vertex 10827.7 6278.22 599.95
endloop
endfacet
facet normal 0 0 -1
outer loop
vertex 11027.12 6284.46 599.95
vertex 10827.7 6278.22 599.95
vertex 10829.390000000001 6285.37 599.95
endloop
endfacet
facet normal 0 0 -1
outer loop
vertex 11027.12 6284.46 599.95
vertex 10829.390000000001 6285.37 599.95
vertex 10831.34 6290.18 599.95
endloop
endfacet
facet normal 0 0 -1
outer loop
vertex 11027.12 6284.46 599.95
vertex 10831.34 6290.18 599.95
vertex 11338.210000000001 6290.18 599.95
endloop
endfacet
facet normal 0 0 -1
outer loop
vertex 11772.93 6284.46 599.95
vertex 11968.710000000001 6290.18 599.95
vertex 11970.66 6285.37 599.95
endloop
endfacet
facet normal 0 0 -1
outer loop
vertex 11772.93 6284.46 599.95
vertex 11970.66 6285.37 599.95
vertex 11972.35 6278.22 599.95
endloop
endfacet
facet normal 0 0 -1
outer loop
vertex 11772.93 6284.46 599.95
vertex 11972.35 6278.22 599.95
vertex 11490.83 6278.22 599.95
endloop
endfacet
facet normal 0 0 -1
outer loop
vertex 11772.93 6284.46 599.95
vertex 11490.83 6278.22 599.95
vertex 11461.84 6290.18 599.95
endloop
endfacet
facet normal 0 0 -1
outer loop
vertex 11772.93 6284.46 599.95
vertex 11461.84 6290.18 599.95
vertex 11968.710000000001 6290.18 599.95
endloop
endfacet
facet normal 0 0 -1
outer loop
vertex 12627.16 6284.46 599.95
vertex 12938.25 6290.18 599.95
vertex 12909.26 6278.22 599.95
endloop
endfacet
facet normal 0 0 -1
outer loop
vertex 12627.16 6284.46 599.95
vertex 12909.26 6278.22 599.95
vertex 12427.61 6278.22 599.95
endloop
endfacet
facet normal 0 0 -0.9999999999999999
outer loop
vertex 12627.16 6284.46 599.95
vertex 12427.61 6278.22 599.95
vertex 12429.43 6285.37 599.95
endloop
endfacet
facet normal 0 0 -1
outer loop
vertex 12627.16 6284.46 599.95
vertex 12429.43 6285.37 599.95
vertex 12431.380000000001 6290.18 599.95
endloop
endfacet
facet normal 0 0 -1
outer loop
vertex 12627.16 6284.46 599.95
vertex 12431.380000000001 6290.18 599.95
vertex 12938.25 6290.18 599.95
endloop
endfacet
facet normal 0 0 -1
outer loop
vertex 13372.84 6284.46 599.95
vertex 13568.62 6290.18 599.95
vertex 13570.57 6285.37 599.95
endloop
endfacet
facet normal 0 0 -1
outer loop
vertex 13372.84 6284.46 599.95
vertex 13570.57 6285.37 599.95
vertex 13572.390000000001 6278.22 599.95
endloop
endfacet
facet normal 0 0 -1
outer loop
vertex 13372.84 6284.46 599.95
vertex 13572.390000000001 6278.22 599.95
vertex 13090.74 6278.22 599.95
endloop
endfacet
facet normal 0 0 -1
outer loop
vertex 13372.84 6284.46 599.95
vertex 13090.74 6278.22 599.95
vertex 13061.75 6290.18 599.95
endloop
endfacet
facet normal 0 0 -1
outer loop
vertex 13372.84 6284.46 599.95
vertex 13061.75 6290.18 599.95
vertex 13568.62 6290.18 599.95
endloop
endfacet
facet normal 0 0 -1
outer loop
vertex 11309.220000000001 6278.22 599.95
vertex 11282.44 6261.84 599.95
vertex 10823.67 6261.84 599.95
endloop
endfacet
facet normal 0 0 -0.9999999999999999
outer loop
vertex 11309.220000000001 6278.22 599.95
vertex 10823.67 6261.84 599.95
vertex 10827.7 6278.22 599.95
endloop
endfacet
facet normal 0 0 -0.9999999999999999
outer loop
vertex 11972.35 6278.22 599.95
vertex 11976.25 6261.84 599.95
vertex 11517.61 6261.84 599.95
endloop
endfacet
facet normal 0 0 -0.9999999999999999
outer loop
vertex 11972.35 6278.22 599.95
vertex 11517.61 6261.84 599.95
vertex 11490.83 6278.22 599.95
endloop
endfacet
facet normal 0 0 -1
outer loop
vertex 12909.26 6278.22 599.95
vertex 12882.48 6261.84 599.95
vertex 12423.710000000001 6261.84 599.95
endloop
endfacet
facet normal 0 0 -0.9999999999999999
outer loop
vertex 12909.26 6278.22 599.95
vertex 12423.710000000001 6261.84 599.95
vertex 12427.61 6278.22 599.95
endloop
endfacet
facet normal 0 0 -0.9999999999999999
outer loop
vertex 13572.390000000001 6278.22 599.95
vertex 13576.29 6261.84 599.95
vertex 13117.52 6261.84 599.95
endloop
endfacet
facet normal 0 0 -1
outer loop
vertex 13572.390000000001 6278.22 599.95
vertex 13117.52 6261.84 599.95
vertex 13090.74 6278.22 599.95
endloop
endfacet
facet normal 0 0 -1
outer loop
vertex 11282.44 6261.84 599.95
vertex 11258.52 6241.43 599.95
vertex 10818.86 6241.43 599.95
endloop
endfacet
facet normal 0 0 -1
outer loop
vertex 11282.44 6261.84 599.95
vertex 10818.86 6241.43 599.95
vertex 10823.67 6261.84 599.95
endloop
endfacet
facet normal 0 0 -1
outer loop
vertex 11976.25 6261.84 599.95
vertex 11981.19 6241.43 599.95
vertex 11541.4 6241.43 599.95
endloop
endfacet
facet normal 0 0 -1
outer loop
vertex 11976.25 6261.84 599.95
vertex 11541.4 6241.43 599.95
vertex 11517.61 6261.84 599.95
endloop
endfacet
facet normal 0 0 -1
outer loop
vertex 12882.48 6261.84 599.95
vertex 12858.560000000001 6241.43 599.95
vertex 12418.77 6241.43 599.95
endloop
endfacet
facet normal 0 0 -1
outer loop
vertex 12882.48 6261.84 599.95
vertex 12418.77 6241.43 599.95
vertex 12423.710000000001 6261.84 599.95
endloop
endfacet
facet normal 0 0 -1
outer loop
vertex 13576.29 6261.84 599.95
vertex 13581.23 6241.43 599.95
vertex 13141.44 6241.43 599.95
endloop
endfacet
facet normal 0 0 -1
outer loop
vertex 13576.29 6261.84 599.95
vertex 13141.44 6241.43 599.95
vertex 13117.52 6261.84 599.95
endloop
endfacet
facet normal 0 0 -1
outer loop
vertex 11258.52 6241.43 599.95
vertex 11238.24 6217.51 599.95
vertex 10813.140000000001 6217.51 599.95
endloop
endfacet
facet normal 0 0 -1
outer loop
vertex 11258.52 6241.43 599.95
vertex 10813.140000000001 6217.51 599.95
vertex 10818.86 6241.43 599.95
endloop
endfacet
facet normal 0 0 -1
outer loop
vertex 11981.19 6241.43 599.95
vertex 11986.91 6217.51 599.95
vertex 11561.81 6217.51 599.95
endloop
endfacet
facet normal 0 0 -1
outer loop
vertex 11981.19 6241.43 599.95
vertex 11561.81 6217.51 599.95
vertex 11541.4 6241.43 599.95
endloop
endfacet
facet normal 0 0 -1
outer loop
vertex 12858.560000000001 6241.43 599.95
vertex 12838.15 6217.51 599.95
vertex 12413.050000000001 6217.51 599.95
endloop
endfacet
facet normal 0 0 -1
outer loop
vertex 12858.560000000001 6241.43 599.95
vertex 12413.050000000001 6217.51 599.95
vertex 12418.77 6241.43 599.95
endloop
endfacet
facet normal 0 0 -1
outer loop
vertex 13581.23 6241.43 599.95
vertex 13586.95 6217.51 599.95
vertex 13161.85 6217.51 599.95
endloop
endfacet
facet normal 0 0 -0.9999999999999999
outer loop
vertex 13581.23 6241.43 599.95
vertex 13161.85 6217.51 599.95
vertex 13141.44 6241.43 599.95
endloop
endfacet
facet normal 0 0 -1
outer loop
vertex 10977.59 6202.17 599.95
vertex 11238.24 6217.51 599.95
vertex 11221.86 6190.860000000001 599.95
endloop
endfacet
facet normal 0 0 -0.9999999999999999
outer loop
vertex 10977.59 6202.17 599.95
vertex 11221.86 6190.860000000001 599.95
vertex 10807.16 6190.860000000001 599.95
endloop
endfacet
facet normal 0 0 -0.9999999999999999
outer loop
vertex 10977.59 6202.17 599.95
vertex 10807.16 6190.860000000001 599.95
vertex 10807.42 6193.85 599.95
endloop
endfacet
facet normal 0 0 -1
outer loop
vertex 10977.59 6202.17 599.95
vertex 10807.42 6193.85 599.95
vertex 10813.140000000001 6217.51 599.95
endloop
endfacet
facet normal 0 0 -1
outer loop
vertex 10977.59 6202.17 599.95
vertex 10813.140000000001 6217.51 599.95
vertex 11238.24 6217.51 599.95
endloop
endfacet
facet normal 0 0 -1
outer loop
vertex 11822.460000000001 6202.17 599.95
vertex 11986.91 6217.51 599.95
vertex 11992.630000000001 6193.85 599.95
endloop
endfacet
facet normal 0 0 -0.9999999999999999
outer loop
vertex 11822.460000000001 6202.17 599.95
vertex 11992.630000000001 6193.85 599.95
vertex 11992.890000000001 6190.860000000001 599.95
endloop
endfacet
facet normal 0 0 -0.9999999999999999
outer loop
vertex 11822.460000000001 6202.17 599.95
vertex 11992.890000000001 6190.860000000001 599.95
vertex 11578.19 6190.860000000001 599.95
endloop
endfacet
facet normal 0 0 -0.9999999999999999
outer loop
vertex 11822.460000000001 6202.17 599.95
vertex 11578.19 6190.860000000001 599.95
vertex 11561.81 6217.51 599.95
endloop
endfacet
facet normal 0 0 -1
outer loop
vertex 11822.460000000001 6202.17 599.95
vertex 11561.81 6217.51 599.95
vertex 11986.91 6217.51 599.95
endloop
endfacet
facet normal 0 0 -1
outer loop
vertex 12577.5 6202.17 599.95
vertex 12838.15 6217.51 599.95
vertex 12821.77 6190.860000000001 599.95
endloop
endfacet
facet normal 0 0 -1
outer loop
vertex 12577.5 6202.17 599.95
vertex 12821.77 6190.860000000001 599.95
vertex 12407.2 6190.860000000001 599.95
endloop
endfacet
facet normal 0 0 -1
outer loop
vertex 12577.5 6202.17 599.95
vertex 12407.2 6190.860000000001 599.95
vertex 12407.33 6193.85 599.95
endloop
endfacet
facet normal 0 0 -1
outer loop
vertex 12577.5 6202.17 599.95
vertex 12407.33 6193.85 599.95
vertex 12413.050000000001 6217.51 599.95
endloop
endfacet
facet normal 0 0 -1
outer loop
vertex 12577.5 6202.17 599.95
vertex 12413.050000000001 6217.51 599.95
vertex 12838.15 6217.51 599.95
endloop
endfacet
facet normal 0 0 -1
outer loop
vertex 13422.5 6202.17 599.95
vertex 13586.95 6217.51 599.95
vertex 13592.67 6193.85 599.95
endloop
endfacet
facet normal 0 0 -1
outer loop
vertex 13422.5 6202.17 599.95
vertex 13592.67 6193.85 599.95
vertex 13592.800000000001 6190.860000000001 599.95
endloop
endfacet
facet normal 0 0 -1
outer loop
vertex 13422.5 6202.17 599.95
vertex 13592.800000000001 6190.860000000001 599.95
vertex 13178.23 6190.860000000001 599.95
endloop
endfacet
facet normal 0 0 -1
outer loop
vertex 13422.5 6202.17 599.95
vertex 13178.23 6190.860000000001 599.95
vertex 13161.85 6217.51 599.95
endloop
endfacet
facet normal 0 0 -1
outer loop
vertex 13422.5 6202.17 599.95
vertex 13161.85 6217.51 599.95
vertex 13586.95 6217.51 599.95
endloop
endfacet
facet normal 0 0 -1
outer loop
vertex 11221.86 6190.860000000001 599.95
vertex 11209.77 6161.74 599.95
vertex 10804.82 6161.74 599.95
endloop
endfacet
facet normal 0 0 -1
outer loop
vertex 11221.86 6190.860000000001 599.95
vertex 10804.82 6161.74 599.95
vertex 10807.16 6190.860000000001 599.95
endloop
endfacet
facet normal 0 0 -1
outer loop
vertex 11992.890000000001 6190.860000000001 599.95
vertex 11995.1 6161.74 599.95
vertex 11590.15 6161.74 599.95
endloop
endfacet
facet normal 0 0 -1
outer loop
vertex 11992.890000000001 6190.860000000001 599.95
vertex 11590.15 6161.74 599.95
vertex 11578.19 6190.860000000001 599.95
endloop
endfacet
facet normal 0 0 -1
outer loop
vertex 12821.77 6190.860000000001 599.95
vertex 12809.810000000001 6161.74 599.95
vertex 12404.86 6161.74 599.95
endloop
endfacet
facet normal 0 0 -1
outer loop
vertex 12821.77 6190.860000000001 599.95
vertex 12404.86 6161.74 599.95
vertex 12407.2 6190.860000000001 599.95
endloop
endfacet
facet normal 0 0 -1
outer loop
vertex 13592.800000000001 6190.860000000001 599.95
vertex 13595.140000000001 6161.74 599.95
vertex 13190.19 6161.74 599.95
endloop
endfacet
facet normal 0 0 -0.9999999999999999
outer loop
vertex 13592.800000000001 6190.860000000001 599.95
vertex 13190.19 6161.74 599.95
vertex 13178.23 6190.860000000001 599.95
endloop
endfacet
facet normal 0 0 -1
outer loop
vertex 11209.77 6161.74 599.95
vertex 11202.49 6131.320000000001 599.95
vertex 10802.48 6131.320000000001 599.95
endloop
endfacet
facet normal 0 0 -1
outer loop
vertex 11209.77 6161.74 599.95
vertex 10802.48 6131.320000000001 599.95
vertex 10804.82 6161.74 599.95
endloop
endfacet
facet normal 0 0 -1
outer loop
vertex 11995.1 6161.74 599.95
vertex 11997.57 6131.320000000001 599.95
vertex 11597.56 6131.320000000001 599.95
endloop
endfacet
facet normal 0 0 -1
outer loop
vertex 11995.1 6161.74 599.95
vertex 11597.56 6131.320000000001 599.95
vertex 11590.15 6161.74 599.95
endloop
endfacet
facet normal 0 0 -1
outer loop
vertex 12809.810000000001 6161.74 599.95
vertex 12802.4 6131.320000000001 599.95
vertex 12402.52 6131.320000000001 599.95
endloop
endfacet
facet normal 0 0 -1
outer loop
vertex 12809.810000000001 6161.74 599.95
vertex 12402.52 6131.320000000001 599.95
vertex 12404.86 6161.74 599.95
endloop
endfacet
facet normal 0 0 -1
outer loop
vertex 13595.140000000001 6161.74 599.95
vertex 13597.48 6131.320000000001 599.95
vertex 13197.6 6131.320000000001 599.95
endloop
endfacet
facet normal 0 0 -1
outer loop
vertex 13595.140000000001 6161.74 599.95
vertex 13197.6 6131.320000000001 599.95
vertex 13190.19 6161.74 599.95
endloop
endfacet
facet normal 0 0 -0.9999999999999999
outer loop
vertex 11202.49 6131.320000000001 599.95
vertex 11200.02 6099.99 599.95
vertex 10800.01 6099.99 599.95
endloop
endfacet
facet normal 0 0 -0.9999999999999999
outer loop
vertex 11202.49 6131.320000000001 599.95
vertex 10800.01 6099.99 599.95
vertex 10802.48 6131.320000000001 599.95
endloop
endfacet
facet normal 0 0 -1
outer loop
vertex 11997.57 6131.320000000001 599.95
vertex 12000.04 6099.99 599.95
vertex 11600.03 6099.99 599.95
endloop
endfacet
facet normal 0 0 -0.9999999999999999
outer loop
vertex 11997.57 6131.320000000001 599.95
vertex 11600.03 6099.99 599.95
vertex 11597.56 6131.320000000001 599.95
endloop
endfacet
facet normal 0 0 -0.9999999999999999
outer loop
vertex 12802.4 6131.320000000001 599.95
vertex 12800.060000000001 6099.99 599.95
vertex 12400.050000000001 6099.99 599.95
endloop
endfacet
facet normal 0 0 -1
outer loop
vertex 12802.4 6131.320000000001 599.95
vertex 12400.050000000001 6099.99 599.95
vertex 12402.52 6131.320000000001 599.95
endloop
endfacet
facet normal 0 0 -1
outer loop
vertex 13597.48 6131.320000000001 599.95
vertex 13599.95 6099.99 599.95
vertex 13199.94 6099.99 599.95
endloop
endfacet
facet normal 0 0 -1
outer loop
vertex 13597.48 6131.320000000001 599.95
vertex 13199.94 6099.99 599.95
vertex 13197.6 6131.320000000001 599.95
endloop
endfacet
facet normal 0 0 -1
outer loop
vertex 11200.02 6099.99 599.95
vertex 11200.02 4899.96 599.95
vertex 10800.01 4899.96 599.95
endloop
endfacet
facet normal 0 0 -1
outer loop
vertex 11200.02 6099.99 599.95
vertex 10800.01 4899.96 599.95
vertex 10800.01 6099.99 599.95
endloop
endfacet
facet normal 0 0 -0.9999999999999999
outer loop
vertex 11200.02 4899.96 599.95
vertex 11197.550000000001 4868.76 599.95
vertex 10797.54 4868.76 599.95
endloop
endfacet
facet normal 0 0 -0.9999999999999999
outer loop
vertex 11200.02 4899.96 599.95
vertex 10797.54 4868.76 599.95
vertex 10800.01 4899.96 599.95
endloop
endfacet
facet normal 0 0 -0.9999999999999999
outer loop
vertex 11197.550000000001 4868.76 599.95
vertex 11195.08 4838.21 599.95
vertex 10790.26 4838.21 599.95
endloop
endfacet
facet normal 0 0 -1
outer loop
vertex 11197.550000000001 4868.76 599.95
vertex 10790.26 4838.21 599.95
vertex 10797.54 4868.76 599.95
endloop
endfacet
facet normal 0 0 -1
outer loop
vertex 11195.08 4838.21 599.95
vertex 11192.87 4809.22 599.95
vertex 10778.17 4809.22 599.95
endloop
endfacet
facet normal 0 0 -1
outer loop
vertex 11195.08 4838.21 599.95
vertex 10778.17 4809.22 599.95
vertex 10790.26 4838.21 599.95
endloop
endfacet
facet normal 0 0 -1
outer loop
vertex 11022.44 4797.91 599.95
vertex 11192.87 4809.22 599.95
vertex 11192.61 4806.1 599.95
endloop
endfacet
facet normal 0 0 -1
outer loop
vertex 11022.44 4797.91 599.95
vertex 11192.61 4806.1 599.95
vertex 11186.890000000001 4782.4400000000005 599.95
endloop
endfacet
facet normal 0 0 -1
outer loop
vertex 11022.44 4797.91 599.95
vertex 11186.890000000001 4782.4400000000005 599.95
vertex 10761.79 4782.4400000000005 599.95
endloop
endfacet
facet normal 0 0 -1
outer loop
vertex 11022.44 4797.91 599.95
vertex 10761.79 4782.4400000000005 599.95
vertex 10778.17 4809.22 599.95
endloop
endfacet
facet normal 0 0 -1
outer loop
vertex 11022.44 4797.91 599.95
vertex 10778.17 4809.22 599.95
vertex 11192.87 4809.22 599.95
endloop
endfacet
facet normal 0 0 -0.9999999999999999
outer loop
vertex 11186.890000000001 4782.4400000000005 599.95
vertex 11181.17 4758.52 599.95
vertex 10741.380000000001 4758.52 599.95
endloop
endfacet
facet normal 0 0 -1
outer loop
vertex 11186.890000000001 4782.4400000000005 599.95
vertex 10741.380000000001 4758.52 599.95
vertex 10761.79 4782.4400000000005 599.95
endloop
endfacet
facet normal 0 0 -1
outer loop
vertex 11181.17 4758.52 599.95
vertex 11176.36 4738.24 599.95
vertex 10717.59 4738.24 599.95
endloop
endfacet
facet normal 0 0 -1
outer loop
vertex 11181.17 4758.52 599.95
vertex 10717.59 4738.24 599.95
vertex 10741.380000000001 4758.52 599.95
endloop
endfacet
facet normal 0 0 -0.9999999999999999
outer loop
vertex 11176.36 4738.24 599.95
vertex 11172.33 4721.860000000001 599.95
vertex 10690.81 4721.860000000001 599.95
endloop
endfacet
facet normal 0 0 -1
outer loop
vertex 11176.36 4738.24 599.95
vertex 10690.81 4721.860000000001 599.95
vertex 10717.59 4738.24 599.95
endloop
endfacet
facet normal 0 0 -1
outer loop
vertex 10972.91 4715.62 599.95
vertex 11172.33 4721.860000000001 599.95
vertex 11170.640000000001 4714.58 599.95
endloop
endfacet
facet normal 0 0 -1
outer loop
vertex 10972.91 4715.62 599.95
vertex 11170.640000000001 4714.58 599.95
vertex 11168.69 4709.77 599.95
endloop
endfacet
facet normal 0 0 -1
outer loop
vertex 10972.91 4715.62 599.95
vertex 11168.69 4709.77 599.95
vertex 10661.82 4709.77 599.95
endloop
endfacet
facet normal 0 0 -1
outer loop
vertex 10972.91 4715.62 599.95
vertex 10661.82 4709.77 599.95
vertex 10690.81 4721.860000000001 599.95
endloop
endfacet
facet normal 0 0 -1
outer loop
vertex 10972.91 4715.62 599.95
vertex 10690.81 4721.860000000001 599.95
vertex 11172.33 4721.860000000001 599.95
endloop
endfacet
facet normal 0 0 -1
outer loop
vertex 11168.69 4709.77 599.95
vertex 11165.57 4702.49 599.95
vertex 10631.27 4702.49 599.95
endloop
endfacet
facet normal 0 0 -0.9999999999999999
outer loop
vertex 11168.69 4709.77 599.95
vertex 10631.27 4702.49 599.95
vertex 10661.82 4709.77 599.95
endloop
endfacet
facet normal 0 0 -1
outer loop
vertex 11165.57 4702.49 599.95
vertex 11164.53 4700.02 599.95
vertex 10599.94 4700.02 599.95
endloop
endfacet
facet normal 0 0 -1
outer loop
vertex 11165.57 4702.49 599.95
vertex 10599.94 4700.02 599.95
vertex 10631.27 4702.49 599.95
endloop
endfacet
facet normal 0 0 -1
outer loop
vertex 10783.5 4688.84 599.95
vertex 10599.94 4700.02 599.95
vertex 11164.53 4700.02 599.95
endloop
endfacet
facet normal 0 0 -1
outer loop
vertex 10783.5 4688.84 599.95
vertex 11164.53 4700.02 599.95
vertex 11153.09 4672.2 599.95
endloop
endfacet
facet normal 0 0 -1
outer loop
vertex 10783.5 4688.84 599.95
vertex 11153.09 4672.2 599.95
vertex 10499.970000000001 4672.2 599.95
endloop
endfacet
facet normal 0 0 -1
outer loop
vertex 10783.5 4688.84 599.95
vertex 10499.970000000001 4672.2 599.95
vertex 10499.970000000001 4700.02 599.95
endloop
endfacet
facet normal 0 0 -1
outer loop
vertex 10783.5 4688.84 599.95
vertex 10499.970000000001 4700.02 599.95
vertex 10599.94 4700.02 599.95
endloop
endfacet
facet normal 0 0 -1
outer loop
vertex 14585.480000000001 4687.41 599.95
vertex 14700.01 4700.02 599.95
vertex 14700.01 4672.2 599.95
endloop
endfacet
facet normal 0 0 -1
outer loop
vertex 14585.480000000001 4687.41 599.95
vertex 14700.01 4672.2 599.95
vertex 14421.29 4672.2 599.95
endloop
endfacet
facet normal 0 0 -1
outer loop
vertex 14585.480000000001 4687.41 599.95
vertex 14421.29 4672.2 599.95
vertex 14506.18 4692.610000000001 599.95
endloop
endfacet
facet normal 0 0 -1
outer loop
vertex 14585.480000000001 4687.41 599.95
vertex 14506.18 4692.610000000001 599.95
vertex 14600.04 4700.02 599.95
endloop
endfacet
facet normal 0 0 -0.9999999999999999
outer loop
vertex 14585.480000000001 4687.41 599.95
vertex 14600.04 4700.02 599.95
vertex 14700.01 4700.02 599.95
endloop
endfacet
facet normal 0 0 -1
outer loop
vertex 10647 4488.64 599.95
vertex 11153.09 4672.2 599.95
vertex 11134.630000000001 4627.610000000001 599.95
endloop
endfacet
facet normal 0 0 -0.9999999999999999
outer loop
vertex 10647 4488.64 599.95
vertex 11134.630000000001 4627.610000000001 599.95
vertex 11085.36 4547.27 599.95
endloop
endfacet
facet normal 0 0 -1
outer loop
vertex 10647 4488.64 599.95
vertex 11085.36 4547.27 599.95
vertex 11024.26 4475.77 599.95
endloop
endfacet
facet normal 0 0 -1
outer loop
vertex 10647 4488.64 599.95
vertex 11024.26 4475.77 599.95
vertex 10952.630000000001 4414.54 599.95
endloop
endfacet
facet normal 0 0 -1
outer loop
vertex 10647 4488.64 599.95
vertex 10952.630000000001 4414.54 599.95
vertex 10872.42 4365.400000000001 599.95
endloop
endfacet
facet normal 0 0 -1
outer loop
vertex 10647 4488.64 599.95
vertex 10872.42 4365.400000000001 599.95
vertex 10785.45 4329.39 599.95
endloop
endfacet
facet normal 0 0 -1
outer loop
vertex 10647 4488.64 599.95
vertex 10785.45 4329.39 599.95
vertex 10778.69 4327.83 599.95
endloop
endfacet
facet normal 0 0 -1
outer loop
vertex 10647 4488.64 599.95
vertex 10778.69 4327.83 599.95
vertex 10499.970000000001 4327.83 599.95
endloop
endfacet
facet normal 0 0 -1
outer loop
vertex 10647 4488.64 599.95
vertex 10499.970000000001 4327.83 599.95
vertex 10488.92 4333.68 599.95
endloop
endfacet
facet normal 0 0 -1
outer loop
vertex 10647 4488.64 599.95
vertex 10488.92 4333.68 599.95
vertex 10458.630000000001 4358.64 599.95
endloop
endfacet
facet normal 0 0 -1
outer loop
vertex 10647 4488.64 599.95
vertex 10458.630000000001 4358.64 599.95
vertex 10433.67 4388.93 599.95
endloop
endfacet
facet normal 0 0 -1
outer loop
vertex 10647 4488.64 599.95
vertex 10433.67 4388.93 599.95
vertex 10415.210000000001 4423.51 599.95
endloop
endfacet
facet normal 0 0 -1
outer loop
vertex 10647 4488.64 599.95
vertex 10415.210000000001 4423.51 599.95
vertex 10403.9 4460.95 599.95
endloop
endfacet
facet normal 0 0 -1
outer loop
vertex 10647 4488.64 599.95
vertex 10403.9 4460.95 599.95
vertex 10400 4499.95 599.95
endloop
endfacet
facet normal 0 0 -1
outer loop
vertex 10647 4488.64 599.95
vertex 10400 4499.95 599.95
vertex 10403.9 4539.08 599.95
endloop
endfacet
facet normal 0 0 -1
outer loop
vertex 10647 4488.64 599.95
vertex 10403.9 4539.08 599.95
vertex 10415.210000000001 4576.52 599.95
endloop
endfacet
facet normal 0 0 -1
outer loop
vertex 10647 4488.64 599.95
vertex 10415.210000000001 4576.52 599.95
vertex 10433.67 4611.1 599.95
endloop
endfacet
facet normal 0 0 -1
outer loop
vertex 10647 4488.64 599.95
vertex 10433.67 4611.1 599.95
vertex 10458.630000000001 4641.39 599.95
endloop
endfacet
facet normal 0 0 -1
outer loop
vertex 10647 4488.64 599.95
vertex 10458.630000000001 4641.39 599.95
vertex 10488.92 4666.35 599.95
endloop
endfacet
facet normal 0 0 -1
outer loop
vertex 10647 4488.64 599.95
vertex 10488.92 4666.35 599.95
vertex 10499.970000000001 4672.2 599.95
endloop
endfacet
facet normal 0 0 -1
outer loop
vertex 10647 4488.64 599.95
vertex 10499.970000000001 4672.2 599.95
vertex 11153.09 4672.2 599.95
endloop
endfacet
facet normal 0 0 -0.9999999999999999
outer loop
vertex 14552.980000000001 4511.39 599.95
vertex 14700.01 4672.2 599.95
vertex 14711.060000000001 4666.35 599.95
endloop
endfacet
facet normal 0 0 -1
outer loop
vertex 14552.980000000001 4511.39 599.95
vertex 14711.060000000001 4666.35 599.95
vertex 14741.480000000001 4641.39 599.95
endloop
endfacet
facet normal 0 0 -1
outer loop
vertex 14552.980000000001 4511.39 599.95
vertex 14741.480000000001 4641.39 599.95
vertex 14766.310000000001 4611.1 599.95
endloop
endfacet
facet normal 0 0 -1
outer loop
vertex 14552.980000000001 4511.39 599.95
vertex 14766.310000000001 4611.1 599.95
vertex 14784.77 4576.52 599.95
endloop
endfacet
facet normal 0 0 -1
outer loop
vertex 14552.980000000001 4511.39 599.95
vertex 14784.77 4576.52 599.95
vertex 14796.210000000001 4539.08 599.95
endloop
endfacet
facet normal 0 0 -1
outer loop
vertex 14552.980000000001 4511.39 599.95
vertex 14796.210000000001 4539.08 599.95
vertex 14799.980000000001 4499.95 599.95
endloop
endfacet
facet normal 0 0 -1
outer loop
vertex 14552.980000000001 4511.39 599.95
vertex 14799.980000000001 4499.95 599.95
vertex 14796.210000000001 4460.95 599.95
endloop
endfacet
facet normal 0 0 -1
outer loop
vertex 14552.980000000001 4511.39 599.95
vertex 14796.210000000001 4460.95 599.95
vertex 14784.77 4423.51 599.95
endloop
endfacet
facet normal 0 0 -1
outer loop
vertex 14552.980000000001 4511.39 599.95
vertex 14784.77 4423.51 599.95
vertex 14766.310000000001 4388.93 599.95
endloop
endfacet
facet normal 0 0 -0.9999999999999999
outer loop
vertex 14552.980000000001 4511.39 599.95
vertex 14766.310000000001 4388.93 599.95
vertex 14741.480000000001 4358.64 599.95
endloop
endfacet
facet normal 0 0 -1
outer loop
vertex 14552.980000000001 4511.39 599.95
vertex 14741.480000000001 4358.64 599.95
vertex 14711.060000000001 4333.68 599.95
endloop
endfacet
facet normal 0 0 -0.9999999999999999
outer loop
vertex 14552.980000000001 4511.39 599.95
vertex 14711.060000000001 4333.68 599.95
vertex 14700.01 4327.83 599.95
endloop
endfacet
facet normal 0 0 -0.9999999999999999
outer loop
vertex 14552.980000000001 4511.39 599.95
vertex 14700.01 4327.83 599.95
vertex 14046.890000000001 4327.83 599.95
endloop
endfacet
facet normal 0 0 -1
outer loop
vertex 14552.980000000001 4511.39 599.95
vertex 14046.890000000001 4327.83 599.95
vertex 14065.35 4372.42 599.95
endloop
endfacet
facet normal 0 0 -1
outer loop
vertex 14552.980000000001 4511.39 599.95
vertex 14065.35 4372.42 599.95
vertex 14114.62 4452.63 599.95
endloop
endfacet
facet normal 0 0 -0.9999999999999999
outer loop
vertex 14552.980000000001 4511.39 599.95
vertex 14114.62 4452.63 599.95
vertex 14175.720000000001 4524.26 599.95
endloop
endfacet
facet normal 0 0 -1
outer loop
vertex 14552.980000000001 4511.39 599.95
vertex 14175.720000000001 4524.26 599.95
vertex 14247.35 4585.360000000001 599.95
endloop
endfacet
facet normal 0 0 -1
outer loop
vertex 14552.980000000001 4511.39 599.95
vertex 14247.35 4585.360000000001 599.95
vertex 14327.560000000001 4634.63 599.95
endloop
endfacet
facet normal 0 0 -1
outer loop
vertex 14552.980000000001 4511.39 599.95
vertex 14327.560000000001 4634.63 599.95
vertex 14414.53 4670.64 599.95
endloop
endfacet
facet normal 0 0 -1
outer loop
vertex 14552.980000000001 4511.39 599.95
vertex 14414.53 4670.64 599.95
vertex 14421.29 4672.2 599.95
endloop
endfacet
facet normal 0 0 -1
outer loop
vertex 14552.980000000001 4511.39 599.95
vertex 14421.29 4672.2 599.95
vertex 14700.01 4672.2 599.95
endloop
endfacet
facet normal 0 0 -1
outer loop
vertex 10614.5 4312.62 599.95
vertex 10778.69 4327.83 599.95
vertex 10693.800000000001 4307.42 599.95
endloop
endfacet
facet normal 0 0 -1
outer loop
vertex 10614.5 4312.62 599.95
vertex 10693.800000000001 4307.42 599.95
vertex 10599.94 4300.01 599.95
endloop
endfacet
facet normal 0 0 -1
outer loop
vertex 10614.5 4312.62 599.95
vertex 10599.94 4300.01 599.95
vertex 10499.970000000001 4300.01 599.95
endloop
endfacet
facet normal 0 0 -1
outer loop
vertex 10614.5 4312.62 599.95
vertex 10499.970000000001 4300.01 599.95
vertex 10499.970000000001 4327.83 599.95
endloop
endfacet
facet normal 0 0 -1
outer loop
vertex 10614.5 4312.62 599.95
vertex 10499.970000000001 4327.83 599.95
vertex 10778.69 4327.83 599.95
endloop
endfacet
facet normal 0 0 -1
outer loop
vertex 14416.480000000001 4311.1900000000005 599.95
vertex 14700.01 4327.83 599.95
vertex 14700.01 4300.01 599.95
endloop
endfacet
facet normal 0 0 -1
outer loop
vertex 14416.480000000001 4311.1900000000005 599.95
vertex 14700.01 4300.01 599.95
vertex 14600.04 4300.01 599.95
endloop
endfacet
facet normal 0 0 -1
outer loop
vertex 14416.480000000001 4311.1900000000005 599.95
vertex 14600.04 4300.01 599.95
vertex 14035.45 4300.01 599.95
endloop
endfacet
facet normal 0 0 -1
outer loop
vertex 14416.480000000001 4311.1900000000005 599.95
vertex 14035.45 4300.01 599.95
vertex 14046.890000000001 4327.83 599.95
endloop
endfacet
facet normal 0 0 -1
outer loop
vertex 14416.480000000001 4311.1900000000005 599.95
vertex 14046.890000000001 4327.83 599.95
vertex 14700.01 4327.83 599.95
endloop
endfacet
facet normal 0 0 -1
outer loop
vertex 14600.04 4300.01 599.95
vertex 14568.710000000001 4297.54 599.95
vertex 14034.41 4297.54 599.95
endloop
endfacet
facet normal 0 0 -1
outer loop
vertex 14600.04 4300.01 599.95
vertex 14034.41 4297.54 599.95
vertex 14035.45 4300.01 599.95
endloop
endfacet
facet normal 0 0 -0.9999999999999999
outer loop
vertex 14568.710000000001 4297.54 599.95
vertex 14538.16 4290.26 599.95
vertex 14031.29 4290.26 599.95
endloop
endfacet
facet normal 0 0 -1
outer loop
vertex 14568.710000000001 4297.54 599.95
vertex 14031.29 4290.26 599.95
vertex 14034.41 4297.54 599.95
endloop
endfacet
facet normal 0 0 -1
outer loop
vertex 14227.07 4284.41 599.95
vertex 14538.16 4290.26 599.95
vertex 14509.17 4278.17 599.95
endloop
endfacet
facet normal 0 0 -1
outer loop
vertex 14227.07 4284.41 599.95
vertex 14509.17 4278.17 599.95
vertex 14027.65 4278.17 599.95
endloop
endfacet
facet normal 0 0 -1
outer loop
vertex 14227.07 4284.41 599.95
vertex 14027.65 4278.17 599.95
vertex 14029.34 4285.45 599.95
endloop
endfacet
facet normal 0 0 -1
outer loop
vertex 14227.07 4284.41 599.95
vertex 14029.34 4285.45 599.95
vertex 14031.29 4290.26 599.95
endloop
endfacet
facet normal 0 0 -1
outer loop
vertex 14227.07 4284.41 599.95
vertex 14031.29 4290.26 599.95
vertex 14538.16 4290.26 599.95
endloop
endfacet
facet normal 0 0 -1
outer loop
vertex 14509.17 4278.17 599.95
vertex 14482.390000000001 4261.79 599.95
vertex 14023.75 4261.79 599.95
endloop
endfacet
facet normal 0 0 -0.9999999999999999
outer loop
vertex 14509.17 4278.17 599.95
vertex 14023.75 4261.79 599.95
vertex 14027.65 4278.17 599.95
endloop
endfacet
facet normal 0 0 -1
outer loop
vertex 14482.390000000001 4261.79 599.95
vertex 14458.6 4241.38 599.95
vertex 14018.810000000001 4241.38 599.95
endloop
endfacet
facet normal 0 0 -1
outer loop
vertex 14482.390000000001 4261.79 599.95
vertex 14018.810000000001 4241.38 599.95
vertex 14023.75 4261.79 599.95
endloop
endfacet
facet normal 0 0 -1
outer loop
vertex 14458.6 4241.38 599.95
vertex 14438.19 4217.59 599.95
vertex 14013.09 4217.59 599.95
endloop
endfacet
facet normal 0 0 -1
outer loop
vertex 14458.6 4241.38 599.95
vertex 14013.09 4217.59 599.95
vertex 14018.810000000001 4241.38 599.95
endloop
endfacet
facet normal 0 0 -1
outer loop
vertex 14177.54 4202.12 599.95
vertex 14438.19 4217.59 599.95
vertex 14421.810000000001 4190.81 599.95
endloop
endfacet
facet normal 0 0 -0.9999999999999999
outer loop
vertex 14177.54 4202.12 599.95
vertex 14421.810000000001 4190.81 599.95
vertex 14007.11 4190.81 599.95
endloop
endfacet
facet normal 0 0 -0.9999999999999999
outer loop
vertex 14177.54 4202.12 599.95
vertex 14007.11 4190.81 599.95
vertex 14007.37 4193.8 599.95
endloop
endfacet
facet normal 0 0 -1
outer loop
vertex 14177.54 4202.12 599.95
vertex 14007.37 4193.8 599.95
vertex 14013.09 4217.59 599.95
endloop
endfacet
facet normal 0 0 -1
outer loop
vertex 14177.54 4202.12 599.95
vertex 14013.09 4217.59 599.95
vertex 14438.19 4217.59 599.95
endloop
endfacet
facet normal 0 0 -1
outer loop
vertex 14421.810000000001 4190.81 599.95
vertex 14409.85 4161.82 599.95
vertex 14004.9 4161.82 599.95
endloop
endfacet
facet normal 0 0 -1
outer loop
vertex 14421.810000000001 4190.81 599.95
vertex 14004.9 4161.82 599.95
vertex 14007.11 4190.81 599.95
endloop
endfacet
facet normal 0 0 -1
outer loop
vertex 14409.85 4161.82 599.95
vertex 14402.44 4131.27 599.95
vertex 14002.43 4131.27 599.95
endloop
endfacet
facet normal 0 0 -0.9999999999999999
outer loop
vertex 14409.85 4161.82 599.95
vertex 14002.43 4131.27 599.95
vertex 14004.9 4161.82 599.95
endloop
endfacet
facet normal 0 0 -1
outer loop
vertex 14402.44 4131.27 599.95
vertex 14399.970000000001 4099.9400000000005 599.95
vertex 13999.960000000001 4099.9400000000005 599.95
endloop
endfacet
facet normal 0 0 -1
outer loop
vertex 14402.44 4131.27 599.95
vertex 13999.960000000001 4099.9400000000005 599.95
vertex 14002.43 4131.27 599.95
endloop
endfacet
facet normal 0 0 -1
outer loop
vertex 12000.04 6099.99 599.95
vertex 12000.04 2900.04 599.95
vertex 11600.03 2900.04 599.95
endloop
endfacet
facet normal 0 0 -1
outer loop
vertex 12000.04 6099.99 599.95
vertex 11600.03 2900.04 599.95
vertex 11600.03 6099.99 599.95
endloop
endfacet
facet normal 0 0 -1
outer loop
vertex 12800.060000000001 6099.99 599.95
vertex 12800.060000000001 2900.04 599.95
vertex 12400.050000000001 2900.04 599.95
endloop
endfacet
facet normal 0 0 -1
outer loop
vertex 12800.060000000001 6099.99 599.95
vertex 12400.050000000001 2900.04 599.95
vertex 12400.050000000001 6099.99 599.95
endloop
endfacet
facet normal 0 0 -1
outer loop
vertex 13599.95 6099.99 599.95
vertex 13599.95 2900.04 599.95
vertex 13199.94 2900.04 599.95
endloop
endfacet
facet normal 0 0 -1
outer loop
vertex 13599.95 6099.99 599.95
vertex 13199.94 2900.04 599.95
vertex 13199.94 6099.99 599.95
endloop
endfacet
facet normal 0 0 -1
outer loop
vertex 14399.970000000001 4099.9400000000005 599.95
vertex 14399.970000000001 2900.04 599.95
vertex 13999.960000000001 2900.04 599.95
endloop
endfacet
facet normal 0 0 -1
outer loop
vertex 14399.970000000001 4099.9400000000005 599.95
vertex 13999.960000000001 2900.04 599.95
vertex 13999.960000000001 4099.9400000000005 599.95
endloop
endfacet
facet normal 0 0 -1
outer loop
vertex 12000.04 2900.04 599.95
vertex 12002.51 2868.71 599.95
vertex 11602.5 2868.71 599.95
endloop
endfacet
facet normal 0 0 -1
outer loop
vertex 12000.04 2900.04 599.95
vertex 11602.5 2868.71 599.95
vertex 11600.03 2900.04 599.95
endloop
endfacet
facet normal 0 0 -1
outer loop
vertex 12800.060000000001 2900.04 599.95
vertex 12797.59 2868.71 599.95
vertex 12397.58 2868.71 599.95
endloop
endfacet
facet normal 0 0 -1
outer loop
vertex 12800.060000000001 2900.04 599.95
vertex 12397.58 2868.71 599.95
vertex 12400.050000000001 2900.04 599.95
endloop
endfacet
facet normal 0 0 -1
outer loop
vertex 13599.95 2900.04 599.95
vertex 13602.42 2868.71 599.95
vertex 13202.41 2868.71 599.95
endloop
endfacet
facet normal 0 0 -1
outer loop
vertex 13599.95 2900.04 599.95
vertex 13202.41 2868.71 599.95
vertex 13199.94 2900.04 599.95
endloop
endfacet
facet normal 0 0 -1
outer loop
vertex 14399.970000000001 2900.04 599.95
vertex 14397.5 2868.71 599.95
vertex 13997.49 2868.71 599.95
endloop
endfacet
facet normal 0 0 -1
outer loop
vertex 14399.970000000001 2900.04 599.95
vertex 13997.49 2868.71 599.95
vertex 13999.960000000001 2900.04 599.95
endloop
endfacet
facet normal 0 0 -1
outer loop
vertex 12002.51 2868.71 599.95
vertex 12009.79 2838.1600000000003 599.95
vertex 11604.84 2838.1600000000003 599.95
endloop
endfacet
facet normal 0 0 -1
outer loop
vertex 12002.51 2868.71 599.95
vertex 11604.84 2838.1600000000003 599.95
vertex 11602.5 2868.71 599.95
endloop
endfacet
facet normal 0 0 -1
outer loop
vertex 12797.59 2868.71 599.95
vertex 12795.12 2838.1600000000003 599.95
vertex 12390.17 2838.1600000000003 599.95
endloop
endfacet
facet normal 0 0 -1
outer loop
vertex 12797.59 2868.71 599.95
vertex 12390.17 2838.1600000000003 599.95
vertex 12397.58 2868.71 599.95
endloop
endfacet
facet normal 0 0 -1
outer loop
vertex 13602.42 2868.71 599.95
vertex 13609.83 2838.1600000000003 599.95
vertex 13204.880000000001 2838.1600000000003 599.95
endloop
endfacet
facet normal 0 0 -1
outer loop
vertex 13602.42 2868.71 599.95
vertex 13204.880000000001 2838.1600000000003 599.95
vertex 13202.41 2868.71 599.95
endloop
endfacet
facet normal 0 0 -1
outer loop
vertex 14397.5 2868.71 599.95
vertex 14395.16 2838.1600000000003 599.95
vertex 13990.210000000001 2838.1600000000003 599.95
endloop
endfacet
facet normal 0 0 -1
outer loop
vertex 14397.5 2868.71 599.95
vertex 13990.210000000001 2838.1600000000003 599.95
vertex 13997.49 2868.71 599.95
endloop
endfacet
facet normal 0 0 -0.9999999999999999
outer loop
vertex 12009.79 2838.1600000000003 599.95
vertex 12021.75 2809.17 599.95
vertex 11607.18 2809.17 599.95
endloop
endfacet
facet normal 0 0 -1
outer loop
vertex 12009.79 2838.1600000000003 599.95
vertex 11607.18 2809.17 599.95
vertex 11604.84 2838.1600000000003 599.95
endloop
endfacet
facet normal 0 0 -1
outer loop
vertex 12795.12 2838.1600000000003 599.95
vertex 12792.91 2809.17 599.95
vertex 12378.210000000001 2809.17 599.95
endloop
endfacet
facet normal 0 0 -1
outer loop
vertex 12795.12 2838.1600000000003 599.95
vertex 12378.210000000001 2809.17 599.95
vertex 12390.17 2838.1600000000003 599.95
endloop
endfacet
facet normal 0 0 -1
outer loop
vertex 13609.83 2838.1600000000003 599.95
vertex 13621.79 2809.17 599.95
vertex 13207.09 2809.17 599.95
endloop
endfacet
facet normal 0 0 -0.9999999999999999
outer loop
vertex 13609.83 2838.1600000000003 599.95
vertex 13207.09 2809.17 599.95
vertex 13204.880000000001 2838.1600000000003 599.95
endloop
endfacet
facet normal 0 0 -0.9999999999999999
outer loop
vertex 14395.16 2838.1600000000003 599.95
vertex 14392.82 2809.17 599.95
vertex 13978.25 2809.17 599.95
endloop
endfacet
facet normal 0 0 -0.9999999999999999
outer loop
vertex 14395.16 2838.1600000000003 599.95
vertex 13978.25 2809.17 599.95
vertex 13990.210000000001 2838.1600000000003 599.95
endloop
endfacet
facet normal 0 0 -1
outer loop
vertex 11777.48 2797.86 599.95
vertex 12021.75 2809.17 599.95
vertex 12038.26 2782.39 599.95
endloop
endfacet
facet normal 0 0 -1
outer loop
vertex 11777.48 2797.86 599.95
vertex 12038.26 2782.39 599.95
vertex 11613.03 2782.39 599.95
endloop
endfacet
facet normal 0 0 -1
outer loop
vertex 11777.48 2797.86 599.95
vertex 11613.03 2782.39 599.95
vertex 11607.44 2806.1800000000003 599.95
endloop
endfacet
facet normal 0 0 -1
outer loop
vertex 11777.48 2797.86 599.95
vertex 11607.44 2806.1800000000003 599.95
vertex 11607.18 2809.17 599.95
endloop
endfacet
facet normal 0 0 -1
outer loop
vertex 11777.48 2797.86 599.95
vertex 11607.18 2809.17 599.95
vertex 12021.75 2809.17 599.95
endloop
endfacet
facet normal 0 0 -0.9999999999999999
outer loop
vertex 12622.48 2797.86 599.95
vertex 12792.91 2809.17 599.95
vertex 12792.65 2806.1800000000003 599.95
endloop
endfacet
facet normal 0 0 -1
outer loop
vertex 12622.48 2797.86 599.95
vertex 12792.65 2806.1800000000003 599.95
vertex 12786.93 2782.39 599.95
endloop
endfacet
facet normal 0 0 -1
outer loop
vertex 12622.48 2797.86 599.95
vertex 12786.93 2782.39 599.95
vertex 12361.83 2782.39 599.95
endloop
endfacet
facet normal 0 0 -1
outer loop
vertex 12622.48 2797.86 599.95
vertex 12361.83 2782.39 599.95
vertex 12378.210000000001 2809.17 599.95
endloop
endfacet
facet normal 0 0 -1
outer loop
vertex 12622.48 2797.86 599.95
vertex 12378.210000000001 2809.17 599.95
vertex 12792.91 2809.17 599.95
endloop
endfacet
facet normal 0 0 -1
outer loop
vertex 13377.52 2797.86 599.95
vertex 13621.79 2809.17 599.95
vertex 13638.17 2782.39 599.95
endloop
endfacet
facet normal 0 0 -1
outer loop
vertex 13377.52 2797.86 599.95
vertex 13638.17 2782.39 599.95
vertex 13213.07 2782.39 599.95
endloop
endfacet
facet normal 0 0 -1
outer loop
vertex 13377.52 2797.86 599.95
vertex 13213.07 2782.39 599.95
vertex 13207.35 2806.1800000000003 599.95
endloop
endfacet
facet normal 0 0 -0.9999999999999999
outer loop
vertex 13377.52 2797.86 599.95
vertex 13207.35 2806.1800000000003 599.95
vertex 13207.09 2809.17 599.95
endloop
endfacet
facet normal 0 0 -1
outer loop
vertex 13377.52 2797.86 599.95
vertex 13207.09 2809.17 599.95
vertex 13621.79 2809.17 599.95
endloop
endfacet
facet normal 0 0 -1
outer loop
vertex 14222.52 2797.86 599.95
vertex 14392.82 2809.17 599.95
vertex 14392.560000000001 2806.1800000000003 599.95
endloop
endfacet
facet normal 0 0 -1
outer loop
vertex 14222.52 2797.86 599.95
vertex 14392.560000000001 2806.1800000000003 599.95
vertex 14386.970000000001 2782.39 599.95
endloop
endfacet
facet normal 0 0 -1
outer loop
vertex 14222.52 2797.86 599.95
vertex 14386.970000000001 2782.39 599.95
vertex 13961.74 2782.39 599.95
endloop
endfacet
facet normal 0 0 -1
outer loop
vertex 14222.52 2797.86 599.95
vertex 13961.74 2782.39 599.95
vertex 13978.25 2809.17 599.95
endloop
endfacet
facet normal 0 0 -1
outer loop
vertex 14222.52 2797.86 599.95
vertex 13978.25 2809.17 599.95
vertex 14392.82 2809.17 599.95
endloop
endfacet
facet normal 0 0 -1
outer loop
vertex 12038.26 2782.39 599.95
vertex 12058.54 2758.6 599.95
vertex 11618.75 2758.6 599.95
endloop
endfacet
facet normal 0 0 -1
outer loop
vertex 12038.26 2782.39 599.95
vertex 11618.75 2758.6 599.95
vertex 11613.03 2782.39 599.95
endloop
endfacet
facet normal 0 0 -1
outer loop
vertex 12786.93 2782.39 599.95
vertex 12781.210000000001 2758.6 599.95
vertex 12341.42 2758.6 599.95
endloop
endfacet
facet normal 0 0 -1
outer loop
vertex 12786.93 2782.39 599.95
vertex 12341.42 2758.6 599.95
vertex 12361.83 2782.39 599.95
endloop
endfacet
facet normal 0 0 -1
outer loop
vertex 13638.17 2782.39 599.95
vertex 13658.58 2758.6 599.95
vertex 13218.79 2758.6 599.95
endloop
endfacet
facet normal 0 0 -1
outer loop
vertex 13638.17 2782.39 599.95
vertex 13218.79 2758.6 599.95
vertex 13213.07 2782.39 599.95
endloop
endfacet
facet normal 0 0 -1
outer loop
vertex 14386.970000000001 2782.39 599.95
vertex 14381.25 2758.6 599.95
vertex 13941.460000000001 2758.6 599.95
endloop
endfacet
facet normal 0 0 -1
outer loop
vertex 14386.970000000001 2782.39 599.95
vertex 13941.460000000001 2758.6 599.95
vertex 13961.74 2782.39 599.95
endloop
endfacet
facet normal 0 0 -1
outer loop
vertex 12058.54 2758.6 599.95
vertex 12082.460000000001 2738.19 599.95
vertex 11623.69 2738.19 599.95
endloop
endfacet
facet normal 0 0 -1
outer loop
vertex 12058.54 2758.6 599.95
vertex 11623.69 2738.19 599.95
vertex 11618.75 2758.6 599.95
endloop
endfacet
facet normal 0 0 -1
outer loop
vertex 12781.210000000001 2758.6 599.95
vertex 12776.27 2738.19 599.95
vertex 12317.5 2738.19 599.95
endloop
endfacet
facet normal 0 0 -1
outer loop
vertex 12781.210000000001 2758.6 599.95
vertex 12317.5 2738.19 599.95
vertex 12341.42 2758.6 599.95
endloop
endfacet
facet normal 0 0 -1
outer loop
vertex 13658.58 2758.6 599.95
vertex 13682.5 2738.19 599.95
vertex 13223.73 2738.19 599.95
endloop
endfacet
facet normal 0 0 -1
outer loop
vertex 13658.58 2758.6 599.95
vertex 13223.73 2738.19 599.95
vertex 13218.79 2758.6 599.95
endloop
endfacet
facet normal 0 0 -1
outer loop
vertex 14381.25 2758.6 599.95
vertex 14376.310000000001 2738.19 599.95
vertex 13917.54 2738.19 599.95
endloop
endfacet
facet normal 0 0 -1
outer loop
vertex 14381.25 2758.6 599.95
vertex 13917.54 2738.19 599.95
vertex 13941.460000000001 2758.6 599.95
endloop
endfacet
facet normal 0 0 -1
outer loop
vertex 12082.460000000001 2738.19 599.95
vertex 12109.24 2721.81 599.95
vertex 11627.59 2721.81 599.95
endloop
endfacet
facet normal 0 0 -1
outer loop
vertex 12082.460000000001 2738.19 599.95
vertex 11627.59 2721.81 599.95
vertex 11623.69 2738.19 599.95
endloop
endfacet
facet normal 0 0 -0.9999999999999999
outer loop
vertex 12776.27 2738.19 599.95
vertex 12772.37 2721.81 599.95
vertex 12290.85 2721.81 599.95
endloop
endfacet
facet normal 0 0 -1
outer loop
vertex 12776.27 2738.19 599.95
vertex 12290.85 2721.81 599.95
vertex 12317.5 2738.19 599.95
endloop
endfacet
facet normal 0 0 -1
outer loop
vertex 13682.5 2738.19 599.95
vertex 13709.15 2721.81 599.95
vertex 13227.630000000001 2721.81 599.95
endloop
endfacet
facet normal 0 0 -1
outer loop
vertex 13682.5 2738.19 599.95
vertex 13227.630000000001 2721.81 599.95
vertex 13223.73 2738.19 599.95
endloop
endfacet
facet normal 0 0 -0.9999999999999999
outer loop
vertex 14376.310000000001 2738.19 599.95
vertex 14372.41 2721.81 599.95
vertex 13890.76 2721.81 599.95
endloop
endfacet
facet normal 0 0 -1
outer loop
vertex 14376.310000000001 2738.19 599.95
vertex 13890.76 2721.81 599.95
vertex 13917.54 2738.19 599.95
endloop
endfacet
facet normal 0 0 -0.9999999999999999
outer loop
vertex 11827.140000000001 2715.57 599.95
vertex 12109.24 2721.81 599.95
vertex 12138.23 2709.85 599.95
endloop
endfacet
facet normal 0 0 -1
outer loop
vertex 11827.140000000001 2715.57 599.95
vertex 12138.23 2709.85 599.95
vertex 11631.36 2709.85 599.95
endloop
endfacet
facet normal 0 0 -1
outer loop
vertex 11827.140000000001 2715.57 599.95
vertex 11631.36 2709.85 599.95
vertex 11629.41 2714.53 599.95
endloop
endfacet
facet normal 0 0 -1
outer loop
vertex 11827.140000000001 2715.57 599.95
vertex 11629.41 2714.53 599.95
vertex 11627.59 2721.81 599.95
endloop
endfacet
facet normal 0 0 -1
outer loop
vertex 11827.140000000001 2715.57 599.95
vertex 11627.59 2721.81 599.95
vertex 12109.24 2721.81 599.95
endloop
endfacet
facet normal 0 0 -1
outer loop
vertex 12572.82 2715.57 599.95
vertex 12772.37 2721.81 599.95
vertex 12770.68 2714.53 599.95
endloop
endfacet
facet normal 0 0 -0.9999999999999999
outer loop
vertex 12572.82 2715.57 599.95
vertex 12770.68 2714.53 599.95
vertex 12768.6 2709.85 599.95
endloop
endfacet
facet normal 0 0 -0.9999999999999999
outer loop
vertex 12572.82 2715.57 599.95
vertex 12768.6 2709.85 599.95
vertex 12261.86 2709.85 599.95
endloop
endfacet
facet normal 0 0 -1
outer loop
vertex 12572.82 2715.57 599.95
vertex 12261.86 2709.85 599.95
vertex 12290.85 2721.81 599.95
endloop
endfacet
facet normal 0 0 -1
outer loop
vertex 12572.82 2715.57 599.95
vertex 12290.85 2721.81 599.95
vertex 12772.37 2721.81 599.95
endloop
endfacet
facet normal 0 0 -1
outer loop
vertex 13427.18 2715.57 599.95
vertex 13709.15 2721.81 599.95
vertex 13738.140000000001 2709.85 599.95
endloop
endfacet
facet normal 0 0 -0.9999999999999999
outer loop
vertex 13427.18 2715.57 599.95
vertex 13738.140000000001 2709.85 599.95
vertex 13231.4 2709.85 599.95
endloop
endfacet
facet normal 0 0 -0.9999999999999999
outer loop
vertex 13427.18 2715.57 599.95
vertex 13231.4 2709.85 599.95
vertex 13229.32 2714.53 599.95
endloop
endfacet
facet normal 0 0 -1
outer loop
vertex 13427.18 2715.57 599.95
vertex 13229.32 2714.53 599.95
vertex 13227.630000000001 2721.81 599.95
endloop
endfacet
facet normal 0 0 -1
outer loop
vertex 13427.18 2715.57 599.95
vertex 13227.630000000001 2721.81 599.95
vertex 13709.15 2721.81 599.95
endloop
endfacet
facet normal 0 0 -1
outer loop
vertex 14172.86 2715.57 599.95
vertex 14372.41 2721.81 599.95
vertex 14370.59 2714.53 599.95
endloop
endfacet
facet normal 0 0 -1
outer loop
vertex 14172.86 2715.57 599.95
vertex 14370.59 2714.53 599.95
vertex 14368.640000000001 2709.85 599.95
endloop
endfacet
facet normal 0 0 -1
outer loop
vertex 14172.86 2715.57 599.95
vertex 14368.640000000001 2709.85 599.95
vertex 13861.77 2709.85 599.95
endloop
endfacet
facet normal 0 0 -1
outer loop
vertex 14172.86 2715.57 599.95
vertex 13861.77 2709.85 599.95
vertex 13890.76 2721.81 599.95
endloop
endfacet
facet normal 0 0 -1
outer loop
vertex 14172.86 2715.57 599.95
vertex 13890.76 2721.81 599.95
vertex 14372.41 2721.81 599.95
endloop
endfacet
facet normal 0 0 -0.9999999999999999
outer loop
vertex 12138.23 2709.85 599.95
vertex 12168.65 2702.44 599.95
vertex 11634.35 2702.44 599.95
endloop
endfacet
facet normal 0 0 -1
outer loop
vertex 12138.23 2709.85 599.95
vertex 11634.35 2702.44 599.95
vertex 11631.36 2709.85 599.95
endloop
endfacet
facet normal 0 0 -0.9999999999999999
outer loop
vertex 12768.6 2709.85 599.95
vertex 12765.61 2702.44 599.95
vertex 12231.310000000001 2702.44 599.95
endloop
endfacet
facet normal 0 0 -1
outer loop
vertex 12768.6 2709.85 599.95
vertex 12231.310000000001 2702.44 599.95
vertex 12261.86 2709.85 599.95
endloop
endfacet
facet normal 0 0 -0.9999999999999999
outer loop
vertex 13738.140000000001 2709.85 599.95
vertex 13768.69 2702.44 599.95
vertex 13234.390000000001 2702.44 599.95
endloop
endfacet
facet normal 0 0 -1
outer loop
vertex 13738.140000000001 2709.85 599.95
vertex 13234.390000000001 2702.44 599.95
vertex 13231.4 2709.85 599.95
endloop
endfacet
facet normal 0 0 -0.9999999999999999
outer loop
vertex 14368.640000000001 2709.85 599.95
vertex 14365.65 2702.44 599.95
vertex 13831.35 2702.44 599.95
endloop
endfacet
facet normal 0 0 -1
outer loop
vertex 14368.640000000001 2709.85 599.95
vertex 13831.35 2702.44 599.95
vertex 13861.77 2709.85 599.95
endloop
endfacet
facet normal 0 0 -1
outer loop
vertex 12168.65 2702.44 599.95
vertex 12199.98 2699.9700000000003 599.95
vertex 11635.390000000001 2699.9700000000003 599.95
endloop
endfacet
facet normal 0 0 -1
outer loop
vertex 12168.65 2702.44 599.95
vertex 11635.390000000001 2699.9700000000003 599.95
vertex 11634.35 2702.44 599.95
endloop
endfacet
facet normal 0 0 -1
outer loop
vertex 12765.61 2702.44 599.95
vertex 12764.57 2699.9700000000003 599.95
vertex 12199.98 2699.9700000000003 599.95
endloop
endfacet
facet normal 0 0 -1
outer loop
vertex 12765.61 2702.44 599.95
vertex 12199.98 2699.9700000000003 599.95
vertex 12231.310000000001 2702.44 599.95
endloop
endfacet
facet normal 0 0 -1
outer loop
vertex 13768.69 2702.44 599.95
vertex 13800.02 2699.9700000000003 599.95
vertex 13235.43 2699.9700000000003 599.95
endloop
endfacet
facet normal 0 0 -1
outer loop
vertex 13768.69 2702.44 599.95
vertex 13235.43 2699.9700000000003 599.95
vertex 13234.390000000001 2702.44 599.95
endloop
endfacet
facet normal 0 0 -1
outer loop
vertex 14365.65 2702.44 599.95
vertex 14364.61 2699.9700000000003 599.95
vertex 13800.02 2699.9700000000003 599.95
endloop
endfacet
facet normal 0 0 -1
outer loop
vertex 14365.65 2702.44 599.95
vertex 13800.02 2699.9700000000003 599.95
vertex 13831.35 2702.44 599.95
endloop
endfacet
facet normal 0 0 -1
outer loop
vertex 12199.98 2474.1600000000003 599.95
vertex 12199.98 2699.9700000000003 599.95
vertex 12764.57 2699.9700000000003 599.95
endloop
endfacet
facet normal 0 0 -1
outer loop
vertex 12199.98 2474.1600000000003 599.95
vertex 12764.57 2699.9700000000003 599.95
vertex 12734.54 2627.56 599.95
endloop
endfacet
facet normal 0 0 -1
outer loop
vertex 12199.98 2474.1600000000003 599.95
vertex 12734.54 2627.56 599.95
vertex 12685.4 2547.35 599.95
endloop
endfacet
facet normal 0 0 -1
outer loop
vertex 12199.98 2474.1600000000003 599.95
vertex 12685.4 2547.35 599.95
vertex 12624.300000000001 2475.7200000000003 599.95
endloop
endfacet
facet normal 0 0 -1
outer loop
vertex 12199.98 2474.1600000000003 599.95
vertex 12624.300000000001 2475.7200000000003 599.95
vertex 12552.67 2414.62 599.95
endloop
endfacet
facet normal 0 0 -1
outer loop
vertex 12199.98 2474.1600000000003 599.95
vertex 12552.67 2414.62 599.95
vertex 12472.33 2365.35 599.95
endloop
endfacet
facet normal 0 0 -1
outer loop
vertex 12199.98 2474.1600000000003 599.95
vertex 12472.33 2365.35 599.95
vertex 12385.36 2329.34 599.95
endloop
endfacet
facet normal 0 0 -1
outer loop
vertex 12199.98 2474.1600000000003 599.95
vertex 12385.36 2329.34 599.95
vertex 12293.84 2307.37 599.95
endloop
endfacet
facet normal 0 0 -0.9999999999999999
outer loop
vertex 12199.98 2474.1600000000003 599.95
vertex 12293.84 2307.37 599.95
vertex 12199.98 2299.96 599.95
endloop
endfacet
facet normal 0 0 -0.9999999999999999
outer loop
vertex 12199.98 2474.1600000000003 599.95
vertex 12199.98 2299.96 599.95
vertex 12106.12 2307.37 599.95
endloop
endfacet
facet normal 0 0 -1
outer loop
vertex 12199.98 2474.1600000000003 599.95
vertex 12106.12 2307.37 599.95
vertex 12014.6 2329.34 599.95
endloop
endfacet
facet normal 0 0 -1
outer loop
vertex 12199.98 2474.1600000000003 599.95
vertex 12014.6 2329.34 599.95
vertex 11927.630000000001 2365.35 599.95
endloop
endfacet
facet normal 0 0 -1
outer loop
vertex 12199.98 2474.1600000000003 599.95
vertex 11927.630000000001 2365.35 599.95
vertex 11847.29 2414.62 599.95
endloop
endfacet
facet normal 0 0 -1
outer loop
vertex 12199.98 2474.1600000000003 599.95
vertex 11847.29 2414.62 599.95
vertex 11775.79 2475.7200000000003 599.95
endloop
endfacet
facet normal 0 0 -1
outer loop
vertex 12199.98 2474.1600000000003 599.95
vertex 11775.79 2475.7200000000003 599.95
vertex 11714.560000000001 2547.35 599.95
endloop
endfacet
facet normal 0 0 -1
outer loop
vertex 12199.98 2474.1600000000003 599.95
vertex 11714.560000000001 2547.35 599.95
vertex 11665.42 2627.56 599.95
endloop
endfacet
facet normal 0 0 -1
outer loop
vertex 12199.98 2474.1600000000003 599.95
vertex 11665.42 2627.56 599.95
vertex 11635.390000000001 2699.9700000000003 599.95
endloop
endfacet
facet normal 0 0 -1
outer loop
vertex 12199.98 2474.1600000000003 599.95
vertex 11635.390000000001 2699.9700000000003 599.95
vertex 12199.98 2699.9700000000003 599.95
endloop
endfacet
facet normal 0 0 -1
outer loop
vertex 13800.02 2474.1600000000003 599.95
vertex 13800.02 2699.9700000000003 599.95
vertex 14364.61 2699.9700000000003 599.95
endloop
endfacet
facet normal 0 0 -1
outer loop
vertex 13800.02 2474.1600000000003 599.95
vertex 14364.61 2699.9700000000003 599.95
vertex 14334.58 2627.56 599.95
endloop
endfacet
facet normal 0 0 -1
outer loop
vertex 13800.02 2474.1600000000003 599.95
vertex 14334.58 2627.56 599.95
vertex 14285.44 2547.35 599.95
endloop
endfacet
facet normal 0 0 -1
outer loop
vertex 13800.02 2474.1600000000003 599.95
vertex 14285.44 2547.35 599.95
vertex 14224.210000000001 2475.7200000000003 599.95
endloop
endfacet
facet normal 0 0 -1
outer loop
vertex 13800.02 2474.1600000000003 599.95
vertex 14224.210000000001 2475.7200000000003 599.95
vertex 14152.710000000001 2414.62 599.95
endloop
endfacet
facet normal 0 0 -1
outer loop
vertex 13800.02 2474.1600000000003 599.95
vertex 14152.710000000001 2414.62 599.95
vertex 14072.37 2365.35 599.95
endloop
endfacet
facet normal 0 0 -1
outer loop
vertex 13800.02 2474.1600000000003 599.95
vertex 14072.37 2365.35 599.95
vertex 13985.4 2329.34 599.95
endloop
endfacet
facet normal 0 0 -1
outer loop
vertex 13800.02 2474.1600000000003 599.95
vertex 13985.4 2329.34 599.95
vertex 13893.880000000001 2307.37 599.95
endloop
endfacet
facet normal 0 0 -0.9999999999999999
outer loop
vertex 13800.02 2474.1600000000003 599.95
vertex 13893.880000000001 2307.37 599.95
vertex 13800.02 2299.96 599.95
endloop
endfacet
facet normal 0 0 -0.9999999999999999
outer loop
vertex 13800.02 2474.1600000000003 599.95
vertex 13800.02 2299.96 599.95
vertex 13706.16 2307.37 599.95
endloop
endfacet
facet normal 0 0 -1
outer loop
vertex 13800.02 2474.1600000000003 599.95
vertex 13706.16 2307.37 599.95
vertex 13614.640000000001 2329.34 599.95
endloop
endfacet
facet normal 0 0 -1
outer loop
vertex 13800.02 2474.1600000000003 599.95
vertex 13614.640000000001 2329.34 599.95
vertex 13527.67 2365.35 599.95
endloop
endfacet
facet normal 0 0 -1
outer loop
vertex 13800.02 2474.1600000000003 599.95
vertex 13527.67 2365.35 599.95
vertex 13447.33 2414.62 599.95
endloop
endfacet
facet normal 0 0 -0.9999999999999999
outer loop
vertex 13800.02 2474.1600000000003 599.95
vertex 13447.33 2414.62 599.95
vertex 13375.7 2475.7200000000003 599.95
endloop
endfacet
facet normal 0 0 -1
outer loop
vertex 13800.02 2474.1600000000003 599.95
vertex 13375.7 2475.7200000000003 599.95
vertex 13314.6 2547.35 599.95
endloop
endfacet
facet normal 0 0 -1
outer loop
vertex 13800.02 2474.1600000000003 599.95
vertex 13314.6 2547.35 599.95
vertex 13265.460000000001 2627.56 599.95
endloop
endfacet
facet normal 0 0 -1
outer loop
vertex 13800.02 2474.1600000000003 599.95
vertex 13265.460000000001 2627.56 599.95
vertex 13235.43 2699.9700000000003 599.95
endloop
endfacet
facet normal 0 0 -1
outer loop
vertex 13800.02 2474.1600000000003 599.95
vertex 13235.43 2699.9700000000003 599.95
vertex 13800.02 2699.9700000000003 599.95
endloop
endfacet
facet normal 0.6359394184773698 -0.7717389817980329 0
outer loop
vertex 10488.92 4666.35 199.94
vertex 10488.92 4666.35 599.95
vertex 10458.630000000001 4641.39 599.95
endloop
endfacet
facet normal 0.6359394184773698 -0.7717389817980329 0
outer loop
vertex 10488.92 4666.35 199.94
vertex 10458.630000000001 4641.39 599.95
vertex 10458.630000000001 4641.39 199.94
endloop
endfacet
facet normal 0.7717389817980309 -0.6359394184773722 0
outer loop
vertex 10458.630000000001 4641.39 199.94
vertex 10458.630000000001 4641.39 599.95
vertex 10433.67 4611.1 599.95
endloop
endfacet
facet normal 0.7717389817980309 -0.6359394184773722 0
outer loop
vertex 10458.630000000001 4641.39 199.94
vertex 10433.67 4611.1 599.95
vertex 10433.67 4611.1 199.94
endloop
endfacet
facet normal 0.8821692656664146 -0.47093246513016995 0
outer loop
vertex 10433.67 4611.1 199.94
vertex 10433.67 4611.1 599.95
vertex 10415.210000000001 4576.52 599.95
endloop
endfacet
facet normal 0.8821692656664146 -0.47093246513016995 0
outer loop
vertex 10433.67 4611.1 199.94
vertex 10415.210000000001 4576.52 599.95
vertex 10415.210000000001 4576.52 199.94
endloop
endfacet
facet normal 0.9572756411177727 -0.28917701658769007 0
outer loop
vertex 10415.210000000001 4576.52 199.94
vertex 10415.210000000001 4576.52 599.95
vertex 10403.9 4539.08 599.95
endloop
endfacet
facet normal 0.9572756411177727 -0.28917701658769007 0
outer loop
vertex 10415.210000000001 4576.52 199.94
vertex 10403.9 4539.08 599.95
vertex 10403.9 4539.08 199.94
endloop
endfacet
facet normal 0.9950698678600619 -0.09917639879002987 0
outer loop
vertex 10403.9 4539.08 199.94
vertex 10403.9 4539.08 599.95
vertex 10400 4499.95 599.95
endloop
endfacet
facet normal 0.9950698678600619 -0.09917639879002987 0
outer loop
vertex 10403.9 4539.08 199.94
vertex 10400 4499.95 599.95
vertex 10400 4499.95 199.94
endloop
endfacet
facet normal 0.99503719020999 0.09950371902098973 0
outer loop
vertex 10400 4499.95 199.94
vertex 10400 4499.95 599.95
vertex 10403.9 4460.95 599.95
endloop
endfacet
facet normal 0.99503719020999 0.09950371902098973 0
outer loop
vertex 10400 4499.95 199.94
vertex 10403.9 4460.95 599.95
vertex 10403.9 4460.95 199.94
endloop
endfacet
facet normal 0.9572756411177706 0.28917701658769646 0
outer loop
vertex 10403.9 4460.95 199.94
vertex 10403.9 4460.95 599.95
vertex 10415.210000000001 4423.51 599.95
endloop
endfacet
facet normal 0.9572756411177706 0.28917701658769646 0
outer loop
vertex 10403.9 4460.95 199.94
vertex 10415.210000000001 4423.51 599.95
vertex 10415.210000000001 4423.51 199.94
endloop
endfacet
facet normal 0.8821692656664146 0.47093246513016995 0
outer loop
vertex 10415.210000000001 4423.51 199.94
vertex 10415.210000000001 4423.51 599.95
vertex 10433.67 4388.93 599.95
endloop
endfacet
facet normal 0.8821692656664146 0.47093246513016995 0
outer loop
vertex 10415.210000000001 4423.51 199.94
vertex 10433.67 4388.93 599.95
vertex 10433.67 4388.93 199.94
endloop
endfacet
facet normal 0.7717389817980309 0.6359394184773722 0
outer loop
vertex 10433.67 4388.93 199.94
vertex 10433.67 4388.93 599.95
vertex 10458.630000000001 4358.64 599.95
endloop
endfacet
facet normal 0.7717389817980309 0.6359394184773722 0
outer loop
vertex 10433.67 4388.93 199.94
vertex 10458.630000000001 4358.64 599.95
vertex 10458.630000000001 4358.64 199.94
endloop
endfacet
facet normal 0.6359394184773698 0.7717389817980329 0
outer loop
vertex 10458.630000000001 4358.64 199.94
vertex 10458.630000000001 4358.64 599.95
vertex 10488.92 4333.68 599.95
endloop
endfacet
facet normal 0.6359394184773698 0.7717389817980329 0
outer loop
vertex 10458.630000000001 4358.64 199.94
vertex 10488.92 4333.68 599.95
vertex 10488.92 4333.68 199.94
endloop
endfacet
facet normal 0.4678877204189625 -0.883787916347099 0
outer loop
vertex 10499.970000000001 4672.2 199.94
vertex 10499.970000000001 4672.2 599.95
vertex 10488.92 4666.35 599.95
endloop
endfacet
facet normal 0.4678877204189625 -0.883787916347099 0
outer loop
vertex 10499.970000000001 4672.2 199.94
vertex 10488.92 4666.35 599.95
vertex 10488.92 4666.35 199.94
endloop
endfacet
facet normal 0.4678877204190193 0.8837879163470689 0
outer loop
vertex 10499.970000000001 4327.83 199.94
vertex 10488.92 4333.68 199.94
vertex 10488.92 4333.68 599.95
endloop
endfacet
facet normal 0.4678877204190193 0.8837879163470689 0
outer loop
vertex 10499.970000000001 4327.83 199.94
vertex 10488.92 4333.68 599.95
vertex 10499.970000000001 4327.83 599.95
endloop
endfacet
facet normal 1 0 0
outer loop
vertex 10499.970000000001 4672.2 599.95
vertex 10499.970000000001 4672.2 199.94
vertex 10499.970000000001 4700.02 199.94
endloop
endfacet
facet normal 1 0 0
outer loop
vertex 10499.970000000001 4672.2 599.95
vertex 10499.970000000001 4700.02 199.94
vertex 10499.970000000001 4700.02 599.95
endloop
endfacet
facet normal 1 0 0
outer loop
vertex 10499.970000000001 4300.01 599.95
vertex 10499.970000000001 4300.01 199.94
vertex 10499.970000000001 4327.83 199.94
endloop
endfacet
facet normal 1 0 0
outer loop
vertex 10499.970000000001 4300.01 599.95
vertex 10499.970000000001 4327.83 199.94
vertex 10499.970000000001 4327.83 599.95
endloop
endfacet
facet normal -0.07870248542000866 0.9968981486534686 0
outer loop
vertex 10693.800000000001 4307.42 599.95
vertex 10693.800000000001 4307.42 199.94
vertex 10599.94 4300.01 199.94
endloop
endfacet
facet normal -0.07870248542000866 0.9968981486534686 0
outer loop
vertex 10693.800000000001 4307.42 599.95
vertex 10599.94 4300.01 199.94
vertex 10599.94 4300.01 599.95
endloop
endfacet
facet normal -0.2331120965901697 0.9724498703909294 0
outer loop
vertex 10785.45 4329.39 599.95
vertex 10785.45 4329.39 199.94
vertex 10693.800000000001 4307.42 199.94
endloop
endfacet
facet normal -0.2331120965901697 0.9724498703909294 0
outer loop
vertex 10785.45 4329.39 599.95
vertex 10693.800000000001 4307.42 199.94
vertex 10693.800000000001 4307.42 599.95
endloop
endfacet
facet normal -0.38255508750015543 0.9239326842512654 0
outer loop
vertex 10872.42 4365.400000000001 599.95
vertex 10872.42 4365.400000000001 199.94
vertex 10785.45 4329.39 199.94
endloop
endfacet
facet normal -0.38255508750015543 0.9239326842512654 0
outer loop
vertex 10872.42 4365.400000000001 599.95
vertex 10785.45 4329.39 199.94
vertex 10785.45 4329.39 599.95
endloop
endfacet
facet normal -0.5224000124518337 0.8527005494253678 0
outer loop
vertex 10952.630000000001 4414.54 599.95
vertex 10952.630000000001 4414.54 199.94
vertex 10872.42 4365.400000000001 199.94
endloop
endfacet
facet normal -0.5224000124518337 0.8527005494253678 0
outer loop
vertex 10952.630000000001 4414.54 599.95
vertex 10872.42 4365.400000000001 199.94
vertex 10872.42 4365.400000000001 599.95
endloop
endfacet
facet normal -0.6497682929360701 0.7601323341990824 0
outer loop
vertex 11024.26 4475.77 599.95
vertex 11024.26 4475.77 199.94
vertex 10952.630000000001 4414.54 199.94
endloop
endfacet
facet normal -0.6497682929360701 0.7601323341990824 0
outer loop
vertex 11024.26 4475.77 599.95
vertex 10952.630000000001 4414.54 199.94
vertex 10952.630000000001 4414.54 599.95
endloop
endfacet
facet normal -0.7602314471705947 0.6496523275821484 0
outer loop
vertex 11085.36 4547.27 599.95
vertex 11085.36 4547.27 199.94
vertex 11024.26 4475.77 199.94
endloop
endfacet
facet normal -0.7602314471705947 0.6496523275821484 0
outer loop
vertex 11085.36 4547.27 599.95
vertex 11024.26 4475.77 199.94
vertex 11024.26 4475.77 599.95
endloop
endfacet
facet normal -0.8524624487102314 0.5227884596459222 0
outer loop
vertex 11134.630000000001 4627.610000000001 599.95
vertex 11134.630000000001 4627.610000000001 199.94
vertex 11085.36 4547.27 199.94
endloop
endfacet
facet normal -0.8524624487102314 0.5227884596459222 0
outer loop
vertex 11134.630000000001 4627.610000000001 599.95
vertex 11085.36 4547.27 199.94
vertex 11085.36 4547.27 599.95
endloop
endfacet
facet normal -0.9239326842512654 0.38255508750015543 0
outer loop
vertex 11170.640000000001 4714.58 599.95
vertex 11170.640000000001 4714.58 199.94
vertex 11134.630000000001 4627.610000000001 199.94
endloop
endfacet
facet normal -0.9239326842512654 0.38255508750015543 0
outer loop
vertex 11170.640000000001 4714.58 599.95
vertex 11134.630000000001 4627.610000000001 199.94
vertex 11134.630000000001 4627.610000000001 599.95
endloop
endfacet
facet normal -0.9723747630812004 0.2334251917055642 0
outer loop
vertex 11192.61 4806.1 599.95
vertex 11192.61 4806.1 199.94
vertex 11170.640000000001 4714.58 199.94
endloop
endfacet
facet normal -0.9723747630812004 0.2334251917055642 0
outer loop
vertex 11192.61 4806.1 599.95
vertex 11170.640000000001 4714.58 199.94
vertex 11170.640000000001 4714.58 599.95
endloop
endfacet
facet normal -0.9968981486534686 0.07870248542000942 0
outer loop
vertex 11200.02 4899.96 599.95
vertex 11200.02 4899.96 199.94
vertex 11192.61 4806.1 199.94
endloop
endfacet
facet normal -0.9968981486534686 0.07870248542000942 0
outer loop
vertex 11200.02 4899.96 599.95
vertex 11192.61 4806.1 199.94
vertex 11192.61 4806.1 599.95
endloop
endfacet
facet normal 0.9968809728632083 -0.07891974368498353 0
outer loop
vertex 10797.54 4868.76 599.95
vertex 10797.54 4868.76 199.94
vertex 10800.01 4899.96 199.94
endloop
endfacet
facet normal 0.9968809728632083 -0.07891974368498353 0
outer loop
vertex 10797.54 4868.76 599.95
vertex 10800.01 4899.96 199.94
vertex 10800.01 4899.96 599.95
endloop
endfacet
facet normal 0.9727617825102798 -0.2318070630662989 0
outer loop
vertex 10790.26 4838.21 599.95
vertex 10790.26 4838.21 199.94
vertex 10797.54 4868.76 199.94
endloop
endfacet
facet normal 0.9727617825102798 -0.2318070630662989 0
outer loop
vertex 10790.26 4838.21 599.95
vertex 10797.54 4868.76 199.94
vertex 10797.54 4868.76 599.95
endloop
endfacet
facet normal 0.9229544263226742 -0.3849092450583425 0
outer loop
vertex 10778.17 4809.22 599.95
vertex 10778.17 4809.22 199.94
vertex 10790.26 4838.21 199.94
endloop
endfacet
facet normal 0.9229544263226742 -0.3849092450583425 0
outer loop
vertex 10778.17 4809.22 599.95
vertex 10790.26 4838.21 199.94
vertex 10790.26 4838.21 599.95
endloop
endfacet
facet normal 0.8530770368414166 -0.5217849836990983 0
outer loop
vertex 10761.79 4782.4400000000005 599.95
vertex 10761.79 4782.4400000000005 199.94
vertex 10778.17 4809.22 199.94
endloop
endfacet
facet normal 0.8530770368414166 -0.5217849836990983 0
outer loop
vertex 10761.79 4782.4400000000005 599.95
vertex 10778.17 4809.22 199.94
vertex 10778.17 4809.22 599.95
endloop
endfacet
facet normal 0.7607138637022841 -0.6490873728329205 0
outer loop
vertex 10741.380000000001 4758.52 599.95
vertex 10741.380000000001 4758.52 199.94
vertex 10761.79 4782.4400000000005 199.94
endloop
endfacet
facet normal 0.7607138637022841 -0.6490873728329205 0
outer loop
vertex 10741.380000000001 4758.52 599.95
vertex 10761.79 4782.4400000000005 199.94
vertex 10761.79 4782.4400000000005 599.95
endloop
endfacet
facet normal 0.6487341760138758 -0.761015091093204 0
outer loop
vertex 10717.59 4738.24 599.95
vertex 10717.59 4738.24 199.94
vertex 10741.380000000001 4758.52 199.94
endloop
endfacet
facet normal 0.6487341760138758 -0.761015091093204 0
outer loop
vertex 10717.59 4738.24 599.95
vertex 10741.380000000001 4758.52 199.94
vertex 10741.380000000001 4758.52 599.95
endloop
endfacet
facet normal 0.5217849836990854 -0.8530770368414244 0
outer loop
vertex 10690.81 4721.860000000001 599.95
vertex 10690.81 4721.860000000001 199.94
vertex 10717.59 4738.24 199.94
endloop
endfacet
facet normal 0.5217849836990854 -0.8530770368414244 0
outer loop
vertex 10690.81 4721.860000000001 599.95
vertex 10717.59 4738.24 199.94
vertex 10717.59 4738.24 599.95
endloop
endfacet
facet normal 0.3849092450583425 -0.9229544263226742 0
outer loop
vertex 10661.82 4709.77 599.95
vertex 10661.82 4709.77 199.94
vertex 10690.81 4721.860000000001 199.94
endloop
endfacet
facet normal 0.3849092450583425 -0.9229544263226742 0
outer loop
vertex 10661.82 4709.77 599.95
vertex 10690.81 4721.860000000001 199.94
vertex 10690.81 4721.860000000001 599.95
endloop
endfacet
facet normal 0.2318070630663054 -0.9727617825102782 0
outer loop
vertex 10631.27 4702.49 599.95
vertex 10631.27 4702.49 199.94
vertex 10661.82 4709.77 199.94
endloop
endfacet
facet normal 0.2318070630663054 -0.9727617825102782 0
outer loop
vertex 10631.27 4702.49 599.95
vertex 10661.82 4709.77 199.94
vertex 10661.82 4709.77 599.95
endloop
endfacet
facet normal 0.07859430284667165 -0.9969066834764655 0
outer loop
vertex 10599.94 4700.02 599.95
vertex 10599.94 4700.02 199.94
vertex 10631.27 4702.49 199.94
endloop
endfacet
facet normal 0.07859430284667165 -0.9969066834764655 0
outer loop
vertex 10599.94 4700.02 599.95
vertex 10631.27 4702.49 199.94
vertex 10631.27 4702.49 599.95
endloop
endfacet
facet normal -0.9999999999999999 0 0
outer loop
vertex 11200.02 4899.96 599.95
vertex 11200.02 6099.99 599.95
vertex 11200.02 6099.99 199.94
endloop
endfacet
facet normal -0.9999999999999999 0 0
outer loop
vertex 11200.02 4899.96 599.95
vertex 11200.02 6099.99 199.94
vertex 11200.02 4899.96 199.94
endloop
endfacet
facet normal 0.9999999999999999 0 0
outer loop
vertex 10800.01 6099.99 199.94
vertex 10800.01 6099.99 599.95
vertex 10800.01 4899.96 599.95
endloop
endfacet
facet normal 0.9999999999999999 0 0
outer loop
vertex 10800.01 6099.99 199.94
vertex 10800.01 4899.96 599.95
vertex 10800.01 4899.96 199.94
endloop
endfacet
facet normal -0.9969066834764656 0.07859430284666938 0
outer loop
vertex 11202.49 6131.320000000001 599.95
vertex 11202.49 6131.320000000001 199.94
vertex 11200.02 6099.99 199.94
endloop
endfacet
facet normal -0.9969066834764656 0.07859430284666938 0
outer loop
vertex 11202.49 6131.320000000001 599.95
vertex 11200.02 6099.99 199.94
vertex 11200.02 6099.99 599.95
endloop
endfacet
facet normal -0.972538002608099 0.2327441373763245 0
outer loop
vertex 11209.77 6161.74 599.95
vertex 11209.77 6161.74 199.94
vertex 11202.49 6131.320000000001 199.94
endloop
endfacet
facet normal -0.972538002608099 0.2327441373763245 0
outer loop
vertex 11209.77 6161.74 599.95
vertex 11202.49 6131.320000000001 199.94
vertex 11202.49 6131.320000000001 599.95
endloop
endfacet
facet normal -0.9235641156590647 0.3834440301620165 0
outer loop
vertex 11221.86 6190.860000000001 599.95
vertex 11221.86 6190.860000000001 199.94
vertex 11209.77 6161.74 199.94
endloop
endfacet
facet normal -0.9235641156590647 0.3834440301620165 0
outer loop
vertex 11221.86 6190.860000000001 599.95
vertex 11209.77 6161.74 199.94
vertex 11209.77 6161.74 599.95
endloop
endfacet
facet normal -0.851943568802604 0.5236336081420698 0
outer loop
vertex 11238.24 6217.51 599.95
vertex 11238.24 6217.51 199.94
vertex 11221.86 6190.860000000001 199.94
endloop
endfacet
facet normal -0.851943568802604 0.5236336081420698 0
outer loop
vertex 11238.24 6217.51 599.95
vertex 11221.86 6190.860000000001 199.94
vertex 11221.86 6190.860000000001 599.95
endloop
endfacet
facet normal -0.7627569634671028 0.6466852516351712 0
outer loop
vertex 11258.52 6241.43 599.95
vertex 11258.52 6241.43 199.94
vertex 11238.24 6217.51 199.94
endloop
endfacet
facet normal -0.7627569634671028 0.6466852516351712 0
outer loop
vertex 11258.52 6241.43 599.95
vertex 11238.24 6217.51 199.94
vertex 11238.24 6217.51 599.95
endloop
endfacet
facet normal -0.6490873728329205 0.7607138637022841 0
outer loop
vertex 11282.44 6261.84 599.95
vertex 11282.44 6261.84 199.94
vertex 11258.52 6241.43 199.94
endloop
endfacet
facet normal -0.6490873728329205 0.7607138637022841 0
outer loop
vertex 11282.44 6261.84 599.95
vertex 11258.52 6241.43 199.94
vertex 11258.52 6241.43 599.95
endloop
endfacet
facet normal -0.5217849836991065 0.8530770368414116 0
outer loop
vertex 11309.220000000001 6278.22 599.95
vertex 11309.220000000001 6278.22 199.94
vertex 11282.44 6261.84 199.94
endloop
endfacet
facet normal -0.5217849836991065 0.8530770368414116 0
outer loop
vertex 11309.220000000001 6278.22 599.95
vertex 11282.44 6261.84 199.94
vertex 11282.44 6261.84 599.95
endloop
endfacet
facet normal -0.38137520487792254 0.9244203335627806 0
outer loop
vertex 11338.210000000001 6290.18 599.95
vertex 11338.210000000001 6290.18 199.94
vertex 11309.220000000001 6278.22 199.94
endloop
endfacet
facet normal -0.38137520487792254 0.9244203335627806 0
outer loop
vertex 11338.210000000001 6290.18 599.95
vertex 11309.220000000001 6278.22 199.94
vertex 11309.220000000001 6278.22 599.95
endloop
endfacet
facet normal -0.2357183834039764 0.971821405262004 0
outer loop
vertex 11368.76 6297.59 599.95
vertex 11368.76 6297.59 199.94
vertex 11338.210000000001 6290.18 199.94
endloop
endfacet
facet normal -0.2357183834039764 0.971821405262004 0
outer loop
vertex 11368.76 6297.59 599.95
vertex 11338.210000000001 6290.18 199.94
vertex 11338.210000000001 6290.18 599.95
endloop
endfacet
facet normal -0.07891974368501012 0.9968809728632061 0
outer loop
vertex 11399.960000000001 6300.06 599.95
vertex 11399.960000000001 6300.06 199.94
vertex 11368.76 6297.59 199.94
endloop
endfacet
facet normal -0.07891974368501012 0.9968809728632061 0
outer loop
vertex 11399.960000000001 6300.06 599.95
vertex 11368.76 6297.59 199.94
vertex 11368.76 6297.59 599.95
endloop
endfacet
facet normal 0.0773300701083034 -0.9970055467533995 0
outer loop
vertex 11306.1 6692.66 599.95
vertex 11306.1 6692.66 199.94
vertex 11399.960000000001 6699.9400000000005 199.94
endloop
endfacet
facet normal 0.0773300701083034 -0.9970055467533995 0
outer loop
vertex 11306.1 6692.66 599.95
vertex 11399.960000000001 6699.9400000000005 199.94
vertex 11399.960000000001 6699.9400000000005 599.95
endloop
endfacet
facet normal 0.2334251917055642 -0.9723747630812004 0
outer loop
vertex 11214.58 6670.6900000000005 599.95
vertex 11214.58 6670.6900000000005 199.94
vertex 11306.1 6692.66 199.94
endloop
endfacet
facet normal 0.2334251917055642 -0.9723747630812004 0
outer loop
vertex 11214.58 6670.6900000000005 599.95
vertex 11306.1 6692.66 199.94
vertex 11306.1 6692.66 599.95
endloop
endfacet
facet normal 0.3837331014909912 -0.9234440463937729 0
outer loop
vertex 11127.61 6634.55 599.95
vertex 11127.61 6634.55 199.94
vertex 11214.58 6670.6900000000005 199.94
endloop
endfacet
facet normal 0.3837331014909912 -0.9234440463937729 0
outer loop
vertex 11127.61 6634.55 599.95
vertex 11214.58 6670.6900000000005 199.94
vertex 11214.58 6670.6900000000005 599.95
endloop
endfacet
facet normal 0.5217849836991151 -0.8530770368414062 0
outer loop
vertex 11047.27 6585.41 599.95
vertex 11047.27 6585.41 199.94
vertex 11127.61 6634.55 199.94
endloop
endfacet
facet normal 0.5217849836991151 -0.8530770368414062 0
outer loop
vertex 11047.27 6585.41 599.95
vertex 11127.61 6634.55 199.94
vertex 11127.61 6634.55 599.95
endloop
endfacet
facet normal 0.649652327582143 -0.7602314471705995 0
outer loop
vertex 10975.77 6524.31 599.95
vertex 10975.77 6524.31 199.94
vertex 11047.27 6585.41 199.94
endloop
endfacet
facet normal 0.649652327582143 -0.7602314471705995 0
outer loop
vertex 10975.77 6524.31 599.95
vertex 11047.27 6585.41 199.94
vertex 11047.27 6585.41 599.95
endloop
endfacet
facet normal 0.7601323341990912 -0.6497682929360598 0
outer loop
vertex 10914.54 6452.68 599.95
vertex 10914.54 6452.68 199.94
vertex 10975.77 6524.31 199.94
endloop
endfacet
facet normal 0.7601323341990912 -0.6497682929360598 0
outer loop
vertex 10914.54 6452.68 599.95
vertex 10975.77 6524.31 199.94
vertex 10975.77 6524.31 599.95
endloop
endfacet
facet normal 0.853077036841402 -0.5217849836991222 0
outer loop
vertex 10865.4 6372.34 599.95
vertex 10865.4 6372.34 199.94
vertex 10914.54 6452.68 199.94
endloop
endfacet
facet normal 0.853077036841402 -0.5217849836991222 0
outer loop
vertex 10865.4 6372.34 599.95
vertex 10914.54 6452.68 199.94
vertex 10914.54 6452.68 599.95
endloop
endfacet
facet normal 0.9239326842512736 -0.38255508750013556 0
outer loop
vertex 10829.390000000001 6285.37 599.95
vertex 10829.390000000001 6285.37 199.94
vertex 10865.4 6372.34 199.94
endloop
endfacet
facet normal 0.9239326842512736 -0.38255508750013556 0
outer loop
vertex 10829.390000000001 6285.37 599.95
vertex 10865.4 6372.34 199.94
vertex 10865.4 6372.34 599.95
endloop
endfacet
facet normal 0.9723747630811955 -0.23342519170558468 0
outer loop
vertex 10807.42 6193.85 599.95
vertex 10807.42 6193.85 199.94
vertex 10829.390000000001 6285.37 199.94
endloop
endfacet
facet normal 0.9723747630811955 -0.23342519170558468 0
outer loop
vertex 10807.42 6193.85 599.95
vertex 10829.390000000001 6285.37 199.94
vertex 10829.390000000001 6285.37 599.95
endloop
endfacet
facet normal 0.9968981486534686 -0.07870248542000866 0
outer loop
vertex 10800.01 6099.99 599.95
vertex 10800.01 6099.99 199.94
vertex 10807.42 6193.85 199.94
endloop
endfacet
facet normal 0.9968981486534686 -0.07870248542000866 0
outer loop
vertex 10800.01 6099.99 599.95
vertex 10807.42 6193.85 199.94
vertex 10807.42 6193.85 599.95
endloop
endfacet
facet normal 0.07859430284670041 0.9969066834764632 0
outer loop
vertex 11431.29 6297.59 599.95
vertex 11431.29 6297.59 199.94
vertex 11399.960000000001 6300.06 199.94
endloop
endfacet
facet normal 0.07859430284670041 0.9969066834764632 0
outer loop
vertex 11431.29 6297.59 599.95
vertex 11399.960000000001 6300.06 199.94
vertex 11399.960000000001 6300.06 599.95
endloop
endfacet
facet normal 0.2357183834039764 0.971821405262004 0
outer loop
vertex 11461.84 6290.18 599.95
vertex 11461.84 6290.18 199.94
vertex 11431.29 6297.59 199.94
endloop
endfacet
facet normal 0.2357183834039764 0.971821405262004 0
outer loop
vertex 11461.84 6290.18 599.95
vertex 11431.29 6297.59 199.94
vertex 11431.29 6297.59 599.95
endloop
endfacet
facet normal 0.38137520487792254 0.9244203335627806 0
outer loop
vertex 11490.83 6278.22 599.95
vertex 11490.83 6278.22 199.94
vertex 11461.84 6290.18 199.94
endloop
endfacet
facet normal 0.38137520487792254 0.9244203335627806 0
outer loop
vertex 11490.83 6278.22 599.95
vertex 11461.84 6290.18 199.94
vertex 11461.84 6290.18 599.95
endloop
endfacet
facet normal 0.5217849836991065 0.8530770368414116 0
outer loop
vertex 11517.61 6261.84 599.95
vertex 11517.61 6261.84 199.94
vertex 11490.83 6278.22 199.94
endloop
endfacet
facet normal 0.5217849836991065 0.8530770368414116 0
outer loop
vertex 11517.61 6261.84 599.95
vertex 11490.83 6278.22 199.94
vertex 11490.83 6278.22 599.95
endloop
endfacet
facet normal 0.6511328535048964 0.7589637719196952 0
outer loop
vertex 11541.4 6241.43 599.95
vertex 11541.4 6241.43 199.94
vertex 11517.61 6261.84 199.94
endloop
endfacet
facet normal 0.6511328535048964 0.7589637719196952 0
outer loop
vertex 11541.4 6241.43 599.95
vertex 11517.61 6261.84 199.94
vertex 11517.61 6261.84 599.95
endloop
endfacet
facet normal 0.7607138637022841 0.6490873728329205 0
outer loop
vertex 11561.81 6217.51 599.95
vertex 11561.81 6217.51 199.94
vertex 11541.4 6241.43 199.94
endloop
endfacet
facet normal 0.7607138637022841 0.6490873728329205 0
outer loop
vertex 11561.81 6217.51 599.95
vertex 11541.4 6241.43 199.94
vertex 11541.4 6241.43 599.95
endloop
endfacet
facet normal 0.8519435688025779 0.523633608142112 0
outer loop
vertex 11578.19 6190.860000000001 599.95
vertex 11578.19 6190.860000000001 199.94
vertex 11561.81 6217.51 199.94
endloop
endfacet
facet normal 0.8519435688025779 0.523633608142112 0
outer loop
vertex 11578.19 6190.860000000001 599.95
vertex 11561.81 6217.51 199.94
vertex 11561.81 6217.51 599.95
endloop
endfacet
facet normal 0.9250198183784663 0.3799188539768319 0
outer loop
vertex 11590.15 6161.74 599.95
vertex 11590.15 6161.74 199.94
vertex 11578.19 6190.860000000001 199.94
endloop
endfacet
facet normal 0.9250198183784663 0.3799188539768319 0
outer loop
vertex 11590.15 6161.74 599.95
vertex 11578.19 6190.860000000001 199.94
vertex 11578.19 6190.860000000001 599.95
endloop
endfacet
facet normal 0.9715902363017849 0.236669416535052 0
outer loop
vertex 11597.56 6131.320000000001 599.95
vertex 11597.56 6131.320000000001 199.94
vertex 11590.15 6161.74 199.94
endloop
endfacet
facet normal 0.9715902363017849 0.236669416535052 0
outer loop
vertex 11597.56 6131.320000000001 599.95
vertex 11590.15 6161.74 199.94
vertex 11590.15 6161.74 599.95
endloop
endfacet
facet normal 0.996906683476461 0.07859430284672689 0
outer loop
vertex 11600.03 6099.99 599.95
vertex 11600.03 6099.99 199.94
vertex 11597.56 6131.320000000001 199.94
endloop
endfacet
facet normal 0.996906683476461 0.07859430284672689 0
outer loop
vertex 11600.03 6099.99 599.95
vertex 11597.56 6131.320000000001 199.94
vertex 11597.56 6131.320000000001 599.95
endloop
endfacet
facet normal -0.9968981486534686 -0.07870248542000866 0
outer loop
vertex 11992.630000000001 6193.85 599.95
vertex 11992.630000000001 6193.85 199.94
vertex 12000.04 6099.99 199.94
endloop
endfacet
facet normal -0.9968981486534686 -0.07870248542000866 0
outer loop
vertex 11992.630000000001 6193.85 599.95
vertex 12000.04 6099.99 199.94
vertex 12000.04 6099.99 599.95
endloop
endfacet
facet normal -0.9723747630811955 -0.23342519170558468 0
outer loop
vertex 11970.66 6285.37 599.95
vertex 11970.66 6285.37 199.94
vertex 11992.630000000001 6193.85 199.94
endloop
endfacet
facet normal -0.9723747630811955 -0.23342519170558468 0
outer loop
vertex 11970.66 6285.37 599.95
vertex 11992.630000000001 6193.85 199.94
vertex 11992.630000000001 6193.85 599.95
endloop
endfacet
facet normal -0.9239326842512668 -0.3825550875001521 0
outer loop
vertex 11934.65 6372.34 599.95
vertex 11934.65 6372.34 199.94
vertex 11970.66 6285.37 199.94
endloop
endfacet
facet normal -0.9239326842512668 -0.3825550875001521 0
outer loop
vertex 11934.65 6372.34 599.95
vertex 11970.66 6285.37 199.94
vertex 11970.66 6285.37 599.95
endloop
endfacet
facet normal -0.85246244871024 -0.5227884596459083 0
outer loop
vertex 11885.380000000001 6452.68 599.95
vertex 11885.380000000001 6452.68 199.94
vertex 11934.65 6372.34 199.94
endloop
endfacet
facet normal -0.85246244871024 -0.5227884596459083 0
outer loop
vertex 11885.380000000001 6452.68 599.95
vertex 11934.65 6372.34 199.94
vertex 11934.65 6372.34 599.95
endloop
endfacet
facet normal -0.7608139001002258 -0.6489701144230631 0
outer loop
vertex 11824.28 6524.31 599.95
vertex 11824.28 6524.31 199.94
vertex 11885.380000000001 6452.68 199.94
endloop
endfacet
facet normal -0.7608139001002258 -0.6489701144230631 0
outer loop
vertex 11824.28 6524.31 599.95
vertex 11885.380000000001 6452.68 199.94
vertex 11885.380000000001 6452.68 599.95
endloop
endfacet
facet normal -0.6489701144230526 -0.7608139001002345 0
outer loop
vertex 11752.65 6585.41 599.95
vertex 11752.65 6585.41 199.94
vertex 11824.28 6524.31 199.94
endloop
endfacet
facet normal -0.6489701144230526 -0.7608139001002345 0
outer loop
vertex 11752.65 6585.41 599.95
vertex 11824.28 6524.31 199.94
vertex 11824.28 6524.31 599.95
endloop
endfacet
facet normal -0.5224000124518493 -0.8527005494253582 0
outer loop
vertex 11672.44 6634.55 599.95
vertex 11672.44 6634.55 199.94
vertex 11752.65 6585.41 199.94
endloop
endfacet
facet normal -0.5224000124518493 -0.8527005494253582 0
outer loop
vertex 11672.44 6634.55 599.95
vertex 11752.65 6585.41 199.94
vertex 11752.65 6585.41 599.95
endloop
endfacet
facet normal -0.3837331014909912 -0.9234440463937729 0
outer loop
vertex 11585.470000000001 6670.6900000000005 599.95
vertex 11585.470000000001 6670.6900000000005 199.94
vertex 11672.44 6634.55 199.94
endloop
endfacet
facet normal -0.3837331014909912 -0.9234440463937729 0
outer loop
vertex 11585.470000000001 6670.6900000000005 599.95
vertex 11672.44 6634.55 199.94
vertex 11672.44 6634.55 599.95
endloop
endfacet
facet normal -0.2331120965901562 -0.9724498703909327 0
outer loop
vertex 11493.82 6692.66 599.95
vertex 11493.82 6692.66 199.94
vertex 11585.470000000001 6670.6900000000005 199.94
endloop
endfacet
facet normal -0.2331120965901562 -0.9724498703909327 0
outer loop
vertex 11493.82 6692.66 599.95
vertex 11585.470000000001 6670.6900000000005 199.94
vertex 11585.470000000001 6670.6900000000005 599.95
endloop
endfacet
facet normal -0.0773300701083049 -0.9970055467533994 0
outer loop
vertex 11399.960000000001 6699.9400000000005 599.95
vertex 11399.960000000001 6699.9400000000005 199.94
vertex 11493.82 6692.66 199.94
endloop
endfacet
facet normal -0.0773300701083049 -0.9970055467533994 0
outer loop
vertex 11399.960000000001 6699.9400000000005 599.95
vertex 11493.82 6692.66 199.94
vertex 11493.82 6692.66 599.95
endloop
endfacet
facet normal 1 0 0
outer loop
vertex 11600.03 6099.99 599.95
vertex 11600.03 2900.04 599.95
vertex 11600.03 2900.04 199.94
endloop
endfacet
facet normal 1 0 0
outer loop
vertex 11600.03 6099.99 599.95
vertex 11600.03 2900.04 199.94
vertex 11600.03 6099.99 199.94
endloop
endfacet
facet normal -1 0 0
outer loop
vertex 12000.04 2900.04 199.94
vertex 12000.04 2900.04 599.95
vertex 12000.04 6099.99 599.95
endloop
endfacet
facet normal -1 0 0
outer loop
vertex 12000.04 2900.04 199.94
vertex 12000.04 6099.99 599.95
vertex 12000.04 6099.99 199.94
endloop
endfacet
facet normal 0.9968981486534686 0.07870248542000942 0
outer loop
vertex 11607.44 2806.1800000000003 599.95
vertex 11607.44 2806.1800000000003 199.94
vertex 11600.03 2900.04 199.94
endloop
endfacet
facet normal 0.9968981486534686 0.07870248542000942 0
outer loop
vertex 11607.44 2806.1800000000003 599.95
vertex 11600.03 2900.04 199.94
vertex 11600.03 2900.04 599.95
endloop
endfacet
facet normal 0.972449870390932 0.2331120965901595 0
outer loop
vertex 11629.41 2714.53 599.95
vertex 11629.41 2714.53 199.94
vertex 11607.44 2806.1800000000003 199.94
endloop
endfacet
facet normal 0.972449870390932 0.2331120965901595 0
outer loop
vertex 11629.41 2714.53 599.95
vertex 11607.44 2806.1800000000003 199.94
vertex 11607.44 2806.1800000000003 599.95
endloop
endfacet
facet normal 0.9239326842512668 0.3825550875001521 0
outer loop
vertex 11665.42 2627.56 599.95
vertex 11665.42 2627.56 199.94
vertex 11629.41 2714.53 199.94
endloop
endfacet
facet normal 0.9239326842512668 0.3825550875001521 0
outer loop
vertex 11665.42 2627.56 599.95
vertex 11629.41 2714.53 199.94
vertex 11629.41 2714.53 599.95
endloop
endfacet
facet normal 0.8527005494253564 0.5224000124518521 0
outer loop
vertex 11714.560000000001 2547.35 599.95
vertex 11714.560000000001 2547.35 199.94
vertex 11665.42 2627.56 199.94
endloop
endfacet
facet normal 0.8527005494253564 0.5224000124518521 0
outer loop
vertex 11714.560000000001 2547.35 599.95
vertex 11665.42 2627.56 199.94
vertex 11665.42 2627.56 599.95
endloop
endfacet
facet normal 0.7601323341990892 0.6497682929360621 0
outer loop
vertex 11775.79 2475.7200000000003 599.95
vertex 11775.79 2475.7200000000003 199.94
vertex 11714.560000000001 2547.35 199.94
endloop
endfacet
facet normal 0.7601323341990892 0.6497682929360621 0
outer loop
vertex 11775.79 2475.7200000000003 599.95
vertex 11714.560000000001 2547.35 199.94
vertex 11714.560000000001 2547.35 599.95
endloop
endfacet
facet normal 0.6496523275821484 0.7602314471705947 0
outer loop
vertex 11847.29 2414.62 599.95
vertex 11847.29 2414.62 199.94
vertex 11775.79 2475.7200000000003 199.94
endloop
endfacet
facet normal 0.6496523275821484 0.7602314471705947 0
outer loop
vertex 11847.29 2414.62 599.95
vertex 11775.79 2475.7200000000003 199.94
vertex 11775.79 2475.7200000000003 599.95
endloop
endfacet
facet normal 0.5227884596459188 0.8524624487102336 0
outer loop
vertex 11927.630000000001 2365.35 599.95
vertex 11927.630000000001 2365.35 199.94
vertex 11847.29 2414.62 199.94
endloop
endfacet
facet normal 0.5227884596459188 0.8524624487102336 0
outer loop
vertex 11927.630000000001 2365.35 599.95
vertex 11847.29 2414.62 199.94
vertex 11847.29 2414.62 599.95
endloop
endfacet
facet normal 0.38255508750015127 0.923932684251267 0
outer loop
vertex 12014.6 2329.34 599.95
vertex 12014.6 2329.34 199.94
vertex 11927.630000000001 2365.35 199.94
endloop
endfacet
facet normal 0.38255508750015127 0.923932684251267 0
outer loop
vertex 12014.6 2329.34 599.95
vertex 11927.630000000001 2365.35 199.94
vertex 11927.630000000001 2365.35 599.95
endloop
endfacet
facet normal 0.23342519170557335 0.9723747630811983 0
outer loop
vertex 12106.12 2307.37 599.95
vertex 12106.12 2307.37 199.94
vertex 12014.6 2329.34 199.94
endloop
endfacet
facet normal 0.23342519170557335 0.9723747630811983 0
outer loop
vertex 12106.12 2307.37 599.95
vertex 12014.6 2329.34 199.94
vertex 12014.6 2329.34 599.95
endloop
endfacet
facet normal 0.07870248542001018 0.9968981486534686 0
outer loop
vertex 12199.98 2299.96 599.95
vertex 12199.98 2299.96 199.94
vertex 12106.12 2307.37 199.94
endloop
endfacet
facet normal 0.07870248542001018 0.9968981486534686 0
outer loop
vertex 12199.98 2299.96 599.95
vertex 12106.12 2307.37 199.94
vertex 12106.12 2307.37 599.95
endloop
endfacet
facet normal -0.07859430284668603 -0.9969066834764644 0
outer loop
vertex 12168.65 2702.44 599.95
vertex 12168.65 2702.44 199.94
vertex 12199.98 2699.9700000000003 199.94
endloop
endfacet
facet normal -0.07859430284668603 -0.9969066834764644 0
outer loop
vertex 12168.65 2702.44 599.95
vertex 12199.98 2699.9700000000003 199.94
vertex 12199.98 2699.9700000000003 599.95
endloop
endfacet
facet normal -0.23666941653504533 -0.9715902363017865 0
outer loop
vertex 12138.23 2709.85 599.95
vertex 12138.23 2709.85 199.94
vertex 12168.65 2702.44 199.94
endloop
endfacet
facet normal -0.23666941653504533 -0.9715902363017865 0
outer loop
vertex 12138.23 2709.85 599.95
vertex 12168.65 2702.44 199.94
vertex 12168.65 2702.44 599.95
endloop
endfacet
facet normal -0.38137520487792254 -0.9244203335627806 0
outer loop
vertex 12109.24 2721.81 599.95
vertex 12109.24 2721.81 199.94
vertex 12138.23 2709.85 199.94
endloop
endfacet
facet normal -0.38137520487792254 -0.9244203335627806 0
outer loop
vertex 12109.24 2721.81 599.95
vertex 12138.23 2709.85 199.94
vertex 12138.23 2709.85 599.95
endloop
endfacet
facet normal -0.5217849836991323 -0.8530770368413957 0
outer loop
vertex 12082.460000000001 2738.19 599.95
vertex 12082.460000000001 2738.19 199.94
vertex 12109.24 2721.81 199.94
endloop
endfacet
facet normal -0.5217849836991323 -0.8530770368413957 0
outer loop
vertex 12082.460000000001 2738.19 599.95
vertex 12109.24 2721.81 199.94
vertex 12109.24 2721.81 599.95
endloop
endfacet
facet normal -0.6490873728329205 -0.7607138637022841 0
outer loop
vertex 12058.54 2758.6 599.95
vertex 12058.54 2758.6 199.94
vertex 12082.460000000001 2738.19 199.94
endloop
endfacet
facet normal -0.6490873728329205 -0.7607138637022841 0
outer loop
vertex 12058.54 2758.6 599.95
vertex 12082.460000000001 2738.19 199.94
vertex 12082.460000000001 2738.19 599.95
endloop
endfacet
facet normal -0.7610150910931915 -0.6487341760138902 0
outer loop
vertex 12038.26 2782.39 599.95
vertex 12038.26 2782.39 199.94
vertex 12058.54 2758.6 199.94
endloop
endfacet
facet normal -0.7610150910931915 -0.6487341760138902 0
outer loop
vertex 12038.26 2782.39 599.95
vertex 12058.54 2758.6 199.94
vertex 12058.54 2758.6 599.95
endloop
endfacet
facet normal -0.8512324019127081 -0.5247889079753134 0
outer loop
vertex 12021.75 2809.17 599.95
vertex 12021.75 2809.17 199.94
vertex 12038.26 2782.39 199.94
endloop
endfacet
facet normal -0.8512324019127081 -0.5247889079753134 0
outer loop
vertex 12021.75 2809.17 599.95
vertex 12038.26 2782.39 199.94
vertex 12038.26 2782.39 599.95
endloop
endfacet
facet normal -0.9244203335627931 -0.38137520487789267 0
outer loop
vertex 12009.79 2838.1600000000003 599.95
vertex 12009.79 2838.1600000000003 199.94
vertex 12021.75 2809.17 199.94
endloop
endfacet
facet normal -0.9244203335627931 -0.38137520487789267 0
outer loop
vertex 12009.79 2838.1600000000003 599.95
vertex 12021.75 2809.17 199.94
vertex 12021.75 2809.17 599.95
endloop
endfacet
facet normal -0.9727617825102791 -0.23180706306630217 0
outer loop
vertex 12002.51 2868.71 599.95
vertex 12002.51 2868.71 199.94
vertex 12009.79 2838.1600000000003 199.94
endloop
endfacet
facet normal -0.9727617825102791 -0.23180706306630217 0
outer loop
vertex 12002.51 2868.71 599.95
vertex 12009.79 2838.1600000000003 199.94
vertex 12009.79 2838.1600000000003 599.95
endloop
endfacet
facet normal -0.9969066834764655 -0.07859430284667165 0
outer loop
vertex 12000.04 2900.04 599.95
vertex 12000.04 2900.04 199.94
vertex 12002.51 2868.71 199.94
endloop
endfacet
facet normal -0.9969066834764655 -0.07859430284667165 0
outer loop
vertex 12000.04 2900.04 599.95
vertex 12002.51 2868.71 199.94
vertex 12002.51 2868.71 599.95
endloop
endfacet
facet normal -0.07870248542000866 0.9968981486534686 0
outer loop
vertex 12293.84 2307.37 599.95
vertex 12293.84 2307.37 199.94
vertex 12199.98 2299.96 199.94
endloop
endfacet
facet normal -0.07870248542000866 0.9968981486534686 0
outer loop
vertex 12293.84 2307.37 599.95
vertex 12199.98 2299.96 199.94
vertex 12199.98 2299.96 599.95
endloop
endfacet
facet normal -0.23342519170557335 0.9723747630811983 0
outer loop
vertex 12385.36 2329.34 599.95
vertex 12385.36 2329.34 199.94
vertex 12293.84 2307.37 199.94
endloop
endfacet
facet normal -0.23342519170557335 0.9723747630811983 0
outer loop
vertex 12385.36 2329.34 599.95
vertex 12293.84 2307.37 199.94
vertex 12293.84 2307.37 599.95
endloop
endfacet
facet normal -0.38255508750015127 0.923932684251267 0
outer loop
vertex 12472.33 2365.35 599.95
vertex 12472.33 2365.35 199.94
vertex 12385.36 2329.34 199.94
endloop
endfacet
facet normal -0.38255508750015127 0.923932684251267 0
outer loop
vertex 12472.33 2365.35 599.95
vertex 12385.36 2329.34 199.94
vertex 12385.36 2329.34 599.95
endloop
endfacet
facet normal -0.5227884596459188 0.8524624487102336 0
outer loop
vertex 12552.67 2414.62 599.95
vertex 12552.67 2414.62 199.94
vertex 12472.33 2365.35 199.94
endloop
endfacet
facet normal -0.5227884596459188 0.8524624487102336 0
outer loop
vertex 12552.67 2414.62 599.95
vertex 12472.33 2365.35 199.94
vertex 12472.33 2365.35 599.95
endloop
endfacet
facet normal -0.6489701144230583 0.7608139001002299 0
outer loop
vertex 12624.300000000001 2475.7200000000003 599.95
vertex 12624.300000000001 2475.7200000000003 199.94
vertex 12552.67 2414.62 199.94
endloop
endfacet
facet normal -0.6489701144230583 0.7608139001002299 0
outer loop
vertex 12624.300000000001 2475.7200000000003 599.95
vertex 12552.67 2414.62 199.94
vertex 12552.67 2414.62 599.95
endloop
endfacet
facet normal -0.7608139001002333 0.6489701144230542 0
outer loop
vertex 12685.4 2547.35 599.95
vertex 12685.4 2547.35 199.94
vertex 12624.300000000001 2475.7200000000003 199.94
endloop
endfacet
facet normal -0.7608139001002333 0.6489701144230542 0
outer loop
vertex 12685.4 2547.35 599.95
vertex 12624.300000000001 2475.7200000000003 199.94
vertex 12624.300000000001 2475.7200000000003 599.95
endloop
endfacet
facet normal -0.8527005494253564 0.5224000124518521 0
outer loop
vertex 12734.54 2627.56 599.95
vertex 12734.54 2627.56 199.94
vertex 12685.4 2547.35 199.94
endloop
endfacet
facet normal -0.8527005494253564 0.5224000124518521 0
outer loop
vertex 12734.54 2627.56 599.95
vertex 12685.4 2547.35 199.94
vertex 12685.4 2547.35 599.95
endloop
endfacet
facet normal -0.9234440463937779 0.3837331014909796 0
outer loop
vertex 12770.68 2714.53 599.95
vertex 12770.68 2714.53 199.94
vertex 12734.54 2627.56 199.94
endloop
endfacet
facet normal -0.9234440463937779 0.3837331014909796 0
outer loop
vertex 12770.68 2714.53 599.95
vertex 12734.54 2627.56 199.94
vertex 12734.54 2627.56 599.95
endloop
endfacet
facet normal -0.972449870390932 0.2331120965901595 0
outer loop
vertex 12792.65 2806.1800000000003 599.95
vertex 12792.65 2806.1800000000003 199.94
vertex 12770.68 2714.53 199.94
endloop
endfacet
facet normal -0.972449870390932 0.2331120965901595 0
outer loop
vertex 12792.65 2806.1800000000003 599.95
vertex 12770.68 2714.53 199.94
vertex 12770.68 2714.53 599.95
endloop
endfacet
facet normal -0.9968981486534672 0.07870248542002861 0
outer loop
vertex 12800.060000000001 2900.04 599.95
vertex 12800.060000000001 2900.04 199.94
vertex 12792.65 2806.1800000000003 199.94
endloop
endfacet
facet normal -0.9968981486534672 0.07870248542002861 0
outer loop
vertex 12800.060000000001 2900.04 599.95
vertex 12792.65 2806.1800000000003 199.94
vertex 12792.65 2806.1800000000003 599.95
endloop
endfacet
facet normal 0.9969066834764609 -0.07859430284672916 0
outer loop
vertex 12397.58 2868.71 599.95
vertex 12397.58 2868.71 199.94
vertex 12400.050000000001 2900.04 199.94
endloop
endfacet
facet normal 0.9969066834764609 -0.07859430284672916 0
outer loop
vertex 12397.58 2868.71 599.95
vertex 12400.050000000001 2900.04 199.94
vertex 12400.050000000001 2900.04 599.95
endloop
endfacet
facet normal 0.9718214052620048 -0.23571838340397308 0
outer loop
vertex 12390.17 2838.1600000000003 599.95
vertex 12390.17 2838.1600000000003 199.94
vertex 12397.58 2868.71 199.94
endloop
endfacet
facet normal 0.9718214052620048 -0.23571838340397308 0
outer loop
vertex 12390.17 2838.1600000000003 599.95
vertex 12397.58 2868.71 199.94
vertex 12397.58 2868.71 599.95
endloop
endfacet
facet normal 0.9244203335627931 -0.38137520487789267 0
outer loop
vertex 12378.210000000001 2809.17 599.95
vertex 12378.210000000001 2809.17 199.94
vertex 12390.17 2838.1600000000003 199.94
endloop
endfacet
facet normal 0.9244203335627931 -0.38137520487789267 0
outer loop
vertex 12378.210000000001 2809.17 599.95
vertex 12390.17 2838.1600000000003 199.94
vertex 12390.17 2838.1600000000003 599.95
endloop
endfacet
facet normal 0.8530770368413948 -0.5217849836991341 0
outer loop
vertex 12361.83 2782.39 599.95
vertex 12361.83 2782.39 199.94
vertex 12378.210000000001 2809.17 199.94
endloop
endfacet
facet normal 0.8530770368413948 -0.5217849836991341 0
outer loop
vertex 12361.83 2782.39 599.95
vertex 12378.210000000001 2809.17 199.94
vertex 12378.210000000001 2809.17 599.95
endloop
endfacet
facet normal 0.7589637719197075 -0.6511328535048819 0
outer loop
vertex 12341.42 2758.6 599.95
vertex 12341.42 2758.6 199.94
vertex 12361.83 2782.39 199.94
endloop
endfacet
facet normal 0.7589637719197075 -0.6511328535048819 0
outer loop
vertex 12341.42 2758.6 599.95
vertex 12361.83 2782.39 199.94
vertex 12361.83 2782.39 599.95
endloop
endfacet
facet normal 0.6490873728329205 -0.7607138637022841 0
outer loop
vertex 12317.5 2738.19 599.95
vertex 12317.5 2738.19 199.94
vertex 12341.42 2758.6 199.94
endloop
endfacet
facet normal 0.6490873728329205 -0.7607138637022841 0
outer loop
vertex 12317.5 2738.19 599.95
vertex 12341.42 2758.6 199.94
vertex 12341.42 2758.6 599.95
endloop
endfacet
facet normal 0.5236336081420909 -0.8519435688025909 0
outer loop
vertex 12290.85 2721.81 599.95
vertex 12290.85 2721.81 199.94
vertex 12317.5 2738.19 199.94
endloop
endfacet
facet normal 0.5236336081420909 -0.8519435688025909 0
outer loop
vertex 12290.85 2721.81 599.95
vertex 12317.5 2738.19 199.94
vertex 12317.5 2738.19 599.95
endloop
endfacet
facet normal 0.38137520487792254 -0.9244203335627806 0
outer loop
vertex 12261.86 2709.85 599.95
vertex 12261.86 2709.85 199.94
vertex 12290.85 2721.81 199.94
endloop
endfacet
facet normal 0.38137520487792254 -0.9244203335627806 0
outer loop
vertex 12261.86 2709.85 599.95
vertex 12290.85 2721.81 199.94
vertex 12290.85 2721.81 599.95
endloop
endfacet
facet normal 0.2357183834039764 -0.971821405262004 0
outer loop
vertex 12231.310000000001 2702.44 599.95
vertex 12231.310000000001 2702.44 199.94
vertex 12261.86 2709.85 199.94
endloop
endfacet
facet normal 0.2357183834039764 -0.971821405262004 0
outer loop
vertex 12231.310000000001 2702.44 599.95
vertex 12261.86 2709.85 199.94
vertex 12261.86 2709.85 599.95
endloop
endfacet
facet normal 0.07859430284668151 -0.9969066834764648 0
outer loop
vertex 12199.98 2699.9700000000003 599.95
vertex 12199.98 2699.9700000000003 199.94
vertex 12231.310000000001 2702.44 199.94
endloop
endfacet
facet normal 0.07859430284668151 -0.9969066834764648 0
outer loop
vertex 12199.98 2699.9700000000003 599.95
vertex 12231.310000000001 2702.44 199.94
vertex 12231.310000000001 2702.44 599.95
endloop
endfacet
facet normal -1 0 0
outer loop
vertex 12800.060000000001 2900.04 599.95
vertex 12800.060000000001 6099.99 599.95
vertex 12800.060000000001 6099.99 199.94
endloop
endfacet
facet normal -1 0 0
outer loop
vertex 12800.060000000001 2900.04 599.95
vertex 12800.060000000001 6099.99 199.94
vertex 12800.060000000001 2900.04 199.94
endloop
endfacet
facet normal 1 0 0
outer loop
vertex 12400.050000000001 6099.99 199.94
vertex 12400.050000000001 6099.99 599.95
vertex 12400.050000000001 2900.04 599.95
endloop
endfacet
facet normal 1 0 0
outer loop
vertex 12400.050000000001 6099.99 199.94
vertex 12400.050000000001 2900.04 599.95
vertex 12400.050000000001 2900.04 199.94
endloop
endfacet
facet normal -0.9972224073641616 0.07448134162880328 0
outer loop
vertex 12802.4 6131.320000000001 599.95
vertex 12802.4 6131.320000000001 199.94
vertex 12800.060000000001 6099.99 199.94
endloop
endfacet
facet normal -0.9972224073641616 0.07448134162880328 0
outer loop
vertex 12802.4 6131.320000000001 599.95
vertex 12800.060000000001 6099.99 199.94
vertex 12800.060000000001 6099.99 599.95
endloop
endfacet
facet normal -0.9715902363017713 0.2366694165351068 0
outer loop
vertex 12809.810000000001 6161.74 599.95
vertex 12809.810000000001 6161.74 199.94
vertex 12802.4 6131.320000000001 199.94
endloop
endfacet
facet normal -0.9715902363017713 0.2366694165351068 0
outer loop
vertex 12809.810000000001 6161.74 599.95
vertex 12802.4 6131.320000000001 199.94
vertex 12802.4 6131.320000000001 599.95
endloop
endfacet
facet normal -0.9250198183784663 0.3799188539768319 0
outer loop
vertex 12821.77 6190.860000000001 599.95
vertex 12821.77 6190.860000000001 199.94
vertex 12809.810000000001 6161.74 199.94
endloop
endfacet
facet normal -0.9250198183784663 0.3799188539768319 0
outer loop
vertex 12821.77 6190.860000000001 599.95
vertex 12809.810000000001 6161.74 199.94
vertex 12809.810000000001 6161.74 599.95
endloop
endfacet
facet normal -0.851943568802604 0.5236336081420698 0
outer loop
vertex 12838.15 6217.51 599.95
vertex 12838.15 6217.51 199.94
vertex 12821.77 6190.860000000001 199.94
endloop
endfacet
facet normal -0.851943568802604 0.5236336081420698 0
outer loop
vertex 12838.15 6217.51 599.95
vertex 12821.77 6190.860000000001 199.94
vertex 12821.77 6190.860000000001 599.95
endloop
endfacet
facet normal -0.7607138637022556 0.649087372832954 0
outer loop
vertex 12858.560000000001 6241.43 599.95
vertex 12858.560000000001 6241.43 199.94
vertex 12838.15 6217.51 199.94
endloop
endfacet
facet normal -0.7607138637022556 0.649087372832954 0
outer loop
vertex 12858.560000000001 6241.43 599.95
vertex 12838.15 6217.51 199.94
vertex 12838.15 6217.51 599.95
endloop
endfacet
facet normal -0.649087372832949 0.7607138637022597 0
outer loop
vertex 12882.48 6261.84 599.95
vertex 12882.48 6261.84 199.94
vertex 12858.560000000001 6241.43 199.94
endloop
endfacet
facet normal -0.649087372832949 0.7607138637022597 0
outer loop
vertex 12882.48 6261.84 599.95
vertex 12858.560000000001 6241.43 199.94
vertex 12858.560000000001 6241.43 599.95
endloop
endfacet
facet normal -0.5217849836991065 0.8530770368414116 0
outer loop
vertex 12909.26 6278.22 599.95
vertex 12909.26 6278.22 199.94
vertex 12882.48 6261.84 199.94
endloop
endfacet
facet normal -0.5217849836991065 0.8530770368414116 0
outer loop
vertex 12909.26 6278.22 599.95
vertex 12882.48 6261.84 199.94
vertex 12882.48 6261.84 599.95
endloop
endfacet
facet normal -0.38137520487792254 0.9244203335627806 0
outer loop
vertex 12938.25 6290.18 599.95
vertex 12938.25 6290.18 199.94
vertex 12909.26 6278.22 199.94
endloop
endfacet
facet normal -0.38137520487792254 0.9244203335627806 0
outer loop
vertex 12938.25 6290.18 599.95
vertex 12909.26 6278.22 199.94
vertex 12909.26 6278.22 599.95
endloop
endfacet
facet normal -0.23666941653504533 0.9715902363017865 0
outer loop
vertex 12968.67 6297.59 599.95
vertex 12968.67 6297.59 199.94
vertex 12938.25 6290.18 199.94
endloop
endfacet
facet normal -0.23666941653504533 0.9715902363017865 0
outer loop
vertex 12968.67 6297.59 599.95
vertex 12938.25 6290.18 199.94
vertex 12938.25 6290.18 599.95
endloop
endfacet
facet normal -0.07859430284670041 0.9969066834764632 0
outer loop
vertex 13000 6300.06 599.95
vertex 13000 6300.06 199.94
vertex 12968.67 6297.59 199.94
endloop
endfacet
facet normal -0.07859430284670041 0.9969066834764632 0
outer loop
vertex 13000 6300.06 599.95
vertex 12968.67 6297.59 199.94
vertex 12968.67 6297.59 599.95
endloop
endfacet
facet normal 0.0773300701083049 -0.9970055467533994 0
outer loop
vertex 12906.140000000001 6692.66 599.95
vertex 12906.140000000001 6692.66 199.94
vertex 13000 6699.9400000000005 199.94
endloop
endfacet
facet normal 0.0773300701083049 -0.9970055467533994 0
outer loop
vertex 12906.140000000001 6692.66 599.95
vertex 13000 6699.9400000000005 199.94
vertex 13000 6699.9400000000005 599.95
endloop
endfacet
facet normal 0.2334251917055642 -0.9723747630812004 0
outer loop
vertex 12814.62 6670.6900000000005 599.95
vertex 12814.62 6670.6900000000005 199.94
vertex 12906.140000000001 6692.66 199.94
endloop
endfacet
facet normal 0.2334251917055642 -0.9723747630812004 0
outer loop
vertex 12814.62 6670.6900000000005 599.95
vertex 12906.140000000001 6692.66 199.94
vertex 12906.140000000001 6692.66 599.95
endloop
endfacet
facet normal 0.3837331014909844 -0.9234440463937758 0
outer loop
vertex 12727.65 6634.55 599.95
vertex 12727.65 6634.55 199.94
vertex 12814.62 6670.6900000000005 199.94
endloop
endfacet
facet normal 0.3837331014909844 -0.9234440463937758 0
outer loop
vertex 12727.65 6634.55 599.95
vertex 12814.62 6670.6900000000005 199.94
vertex 12814.62 6670.6900000000005 599.95
endloop
endfacet
facet normal 0.5217849836991238 -0.8530770368414011 0
outer loop
vertex 12647.310000000001 6585.41 599.95
vertex 12647.310000000001 6585.41 199.94
vertex 12727.65 6634.55 199.94
endloop
endfacet
facet normal 0.5217849836991238 -0.8530770368414011 0
outer loop
vertex 12647.310000000001 6585.41 599.95
vertex 12727.65 6634.55 199.94
vertex 12727.65 6634.55 599.95
endloop
endfacet
facet normal 0.6489701144230526 -0.7608139001002345 0
outer loop
vertex 12575.68 6524.31 599.95
vertex 12575.68 6524.31 199.94
vertex 12647.310000000001 6585.41 199.94
endloop
endfacet
facet normal 0.6489701144230526 -0.7608139001002345 0
outer loop
vertex 12575.68 6524.31 599.95
vertex 12647.310000000001 6585.41 199.94
vertex 12647.310000000001 6585.41 599.95
endloop
endfacet
facet normal 0.7608139001002258 -0.6489701144230631 0
outer loop
vertex 12514.58 6452.68 599.95
vertex 12514.58 6452.68 199.94
vertex 12575.68 6524.31 199.94
endloop
endfacet
facet normal 0.7608139001002258 -0.6489701144230631 0
outer loop
vertex 12514.58 6452.68 599.95
vertex 12575.68 6524.31 199.94
vertex 12575.68 6524.31 599.95
endloop
endfacet
facet normal 0.8530770368414107 -0.5217849836991082 0
outer loop
vertex 12465.44 6372.34 599.95
vertex 12465.44 6372.34 199.94
vertex 12514.58 6452.68 199.94
endloop
endfacet
facet normal 0.8530770368414107 -0.5217849836991082 0
outer loop
vertex 12465.44 6372.34 599.95
vertex 12514.58 6452.68 199.94
vertex 12514.58 6452.68 599.95
endloop
endfacet
facet normal 0.9239326842512668 -0.3825550875001521 0
outer loop
vertex 12429.43 6285.37 599.95
vertex 12429.43 6285.37 199.94
vertex 12465.44 6372.34 199.94
endloop
endfacet
facet normal 0.9239326842512668 -0.3825550875001521 0
outer loop
vertex 12429.43 6285.37 599.95
vertex 12465.44 6372.34 199.94
vertex 12465.44 6372.34 599.95
endloop
endfacet
facet normal 0.9720604844667036 -0.2347305147149761 0
outer loop
vertex 12407.33 6193.85 599.95
vertex 12407.33 6193.85 199.94
vertex 12429.43 6285.37 199.94
endloop
endfacet
facet normal 0.9720604844667036 -0.2347305147149761 0
outer loop
vertex 12407.33 6193.85 599.95
vertex 12429.43 6285.37 199.94
vertex 12429.43 6285.37 599.95
endloop
endfacet
facet normal 0.9970055467534008 -0.07733007010828417 0
outer loop
vertex 12400.050000000001 6099.99 599.95
vertex 12400.050000000001 6099.99 199.94
vertex 12407.33 6193.85 199.94
endloop
endfacet
facet normal 0.9970055467534008 -0.07733007010828417 0
outer loop
vertex 12400.050000000001 6099.99 599.95
vertex 12407.33 6193.85 199.94
vertex 12407.33 6193.85 599.95
endloop
endfacet
facet normal 0.07859430284670041 0.9969066834764632 0
outer loop
vertex 13031.33 6297.59 599.95
vertex 13031.33 6297.59 199.94
vertex 13000 6300.06 199.94
endloop
endfacet
facet normal 0.07859430284670041 0.9969066834764632 0
outer loop
vertex 13031.33 6297.59 599.95
vertex 13000 6300.06 199.94
vertex 13000 6300.06 599.95
endloop
endfacet
facet normal 0.23666941653504533 0.9715902363017865 0
outer loop
vertex 13061.75 6290.18 599.95
vertex 13061.75 6290.18 199.94
vertex 13031.33 6297.59 199.94
endloop
endfacet
facet normal 0.23666941653504533 0.9715902363017865 0
outer loop
vertex 13061.75 6290.18 599.95
vertex 13031.33 6297.59 199.94
vertex 13031.33 6297.59 599.95
endloop
endfacet
facet normal 0.38137520487792254 0.9244203335627806 0
outer loop
vertex 13090.74 6278.22 599.95
vertex 13090.74 6278.22 199.94
vertex 13061.75 6290.18 199.94
endloop
endfacet
facet normal 0.38137520487792254 0.9244203335627806 0
outer loop
vertex 13090.74 6278.22 599.95
vertex 13061.75 6290.18 199.94
vertex 13061.75 6290.18 599.95
endloop
endfacet
facet normal 0.5217849836991065 0.8530770368414116 0
outer loop
vertex 13117.52 6261.84 599.95
vertex 13117.52 6261.84 199.94
vertex 13090.74 6278.22 199.94
endloop
endfacet
facet normal 0.5217849836991065 0.8530770368414116 0
outer loop
vertex 13117.52 6261.84 599.95
vertex 13090.74 6278.22 199.94
vertex 13090.74 6278.22 599.95
endloop
endfacet
facet normal 0.6490873728329205 0.7607138637022841 0
outer loop
vertex 13141.44 6241.43 599.95
vertex 13141.44 6241.43 199.94
vertex 13117.52 6261.84 199.94
endloop
endfacet
facet normal 0.6490873728329205 0.7607138637022841 0
outer loop
vertex 13141.44 6241.43 599.95
vertex 13117.52 6261.84 199.94
vertex 13117.52 6261.84 599.95
endloop
endfacet
facet normal 0.7607138637022841 0.6490873728329205 0
outer loop
vertex 13161.85 6217.51 599.95
vertex 13161.85 6217.51 199.94
vertex 13141.44 6241.43 199.94
endloop
endfacet
facet normal 0.7607138637022841 0.6490873728329205 0
outer loop
vertex 13161.85 6217.51 599.95
vertex 13141.44 6241.43 199.94
vertex 13141.44 6241.43 599.95
endloop
endfacet
facet normal 0.851943568802604 0.5236336081420698 0
outer loop
vertex 13178.23 6190.860000000001 599.95
vertex 13178.23 6190.860000000001 199.94
vertex 13161.85 6217.51 199.94
endloop
endfacet
facet normal 0.851943568802604 0.5236336081420698 0
outer loop
vertex 13178.23 6190.860000000001 599.95
vertex 13161.85 6217.51 199.94
vertex 13161.85 6217.51 599.95
endloop
endfacet
facet normal 0.9250198183784458 0.3799188539768813 0
outer loop
vertex 13190.19 6161.74 599.95
vertex 13190.19 6161.74 199.94
vertex 13178.23 6190.860000000001 199.94
endloop
endfacet
facet normal 0.9250198183784458 0.3799188539768813 0
outer loop
vertex 13190.19 6161.74 599.95
vertex 13178.23 6190.860000000001 199.94
vertex 13178.23 6190.860000000001 599.95
endloop
endfacet
facet normal 0.9715902363017849 0.236669416535052 0
outer loop
vertex 13197.6 6131.320000000001 599.95
vertex 13197.6 6131.320000000001 199.94
vertex 13190.19 6161.74 199.94
endloop
endfacet
facet normal 0.9715902363017849 0.236669416535052 0
outer loop
vertex 13197.6 6131.320000000001 599.95
vertex 13190.19 6161.74 199.94
vertex 13190.19 6161.74 599.95
endloop
endfacet
facet normal 0.9972224073641571 0.07448134162886086 0
outer loop
vertex 13199.94 6099.99 599.95
vertex 13199.94 6099.99 199.94
vertex 13197.6 6131.320000000001 199.94
endloop
endfacet
facet normal 0.9972224073641571 0.07448134162886086 0
outer loop
vertex 13199.94 6099.99 599.95
vertex 13197.6 6131.320000000001 199.94
vertex 13197.6 6131.320000000001 599.95
endloop
endfacet
facet normal -0.9970055467533995 -0.0773300701083034 0
outer loop
vertex 13592.67 6193.85 599.95
vertex 13592.67 6193.85 199.94
vertex 13599.95 6099.99 199.94
endloop
endfacet
facet normal -0.9970055467533995 -0.0773300701083034 0
outer loop
vertex 13592.67 6193.85 599.95
vertex 13599.95 6099.99 199.94
vertex 13599.95 6099.99 599.95
endloop
endfacet
facet normal -0.9720604844667036 -0.2347305147149761 0
outer loop
vertex 13570.57 6285.37 599.95
vertex 13570.57 6285.37 199.94
vertex 13592.67 6193.85 199.94
endloop
endfacet
facet normal -0.9720604844667036 -0.2347305147149761 0
outer loop
vertex 13570.57 6285.37 599.95
vertex 13592.67 6193.85 199.94
vertex 13592.67 6193.85 599.95
endloop
endfacet
facet normal -0.9239326842512736 -0.38255508750013556 0
outer loop
vertex 13534.560000000001 6372.34 599.95
vertex 13534.560000000001 6372.34 199.94
vertex 13570.57 6285.37 199.94
endloop
endfacet
facet normal -0.9239326842512736 -0.38255508750013556 0
outer loop
vertex 13534.560000000001 6372.34 599.95
vertex 13570.57 6285.37 199.94
vertex 13570.57 6285.37 599.95
endloop
endfacet
facet normal -0.853077036841402 -0.5217849836991222 0
outer loop
vertex 13485.42 6452.68 599.95
vertex 13485.42 6452.68 199.94
vertex 13534.560000000001 6372.34 199.94
endloop
endfacet
facet normal -0.853077036841402 -0.5217849836991222 0
outer loop
vertex 13485.42 6452.68 599.95
vertex 13534.560000000001 6372.34 199.94
vertex 13534.560000000001 6372.34 599.95
endloop
endfacet
facet normal -0.7608139001002258 -0.6489701144230631 0
outer loop
vertex 13424.32 6524.31 599.95
vertex 13424.32 6524.31 199.94
vertex 13485.42 6452.68 199.94
endloop
endfacet
facet normal -0.7608139001002258 -0.6489701144230631 0
outer loop
vertex 13424.32 6524.31 599.95
vertex 13485.42 6452.68 199.94
vertex 13485.42 6452.68 599.95
endloop
endfacet
facet normal -0.6489701144230623 -0.7608139001002266 0
outer loop
vertex 13352.69 6585.41 599.95
vertex 13352.69 6585.41 199.94
vertex 13424.32 6524.31 199.94
endloop
endfacet
facet normal -0.6489701144230623 -0.7608139001002266 0
outer loop
vertex 13352.69 6585.41 599.95
vertex 13424.32 6524.31 199.94
vertex 13424.32 6524.31 599.95
endloop
endfacet
facet normal -0.5217849836991151 -0.8530770368414062 0
outer loop
vertex 13272.35 6634.55 599.95
vertex 13272.35 6634.55 199.94
vertex 13352.69 6585.41 199.94
endloop
endfacet
facet normal -0.5217849836991151 -0.8530770368414062 0
outer loop
vertex 13272.35 6634.55 599.95
vertex 13352.69 6585.41 199.94
vertex 13352.69 6585.41 599.95
endloop
endfacet
facet normal -0.3837331014909912 -0.9234440463937729 0
outer loop
vertex 13185.380000000001 6670.6900000000005 599.95
vertex 13185.380000000001 6670.6900000000005 199.94
vertex 13272.35 6634.55 199.94
endloop
endfacet
facet normal -0.3837331014909912 -0.9234440463937729 0
outer loop
vertex 13185.380000000001 6670.6900000000005 599.95
vertex 13272.35 6634.55 199.94
vertex 13272.35 6634.55 599.95
endloop
endfacet
facet normal -0.2334251917055642 -0.9723747630812004 0
outer loop
vertex 13093.86 6692.66 599.95
vertex 13093.86 6692.66 199.94
vertex 13185.380000000001 6670.6900000000005 199.94
endloop
endfacet
facet normal -0.2334251917055642 -0.9723747630812004 0
outer loop
vertex 13093.86 6692.66 599.95
vertex 13185.380000000001 6670.6900000000005 199.94
vertex 13185.380000000001 6670.6900000000005 599.95
endloop
endfacet
facet normal -0.0773300701083034 -0.9970055467533995 0
outer loop
vertex 13000 6699.9400000000005 599.95
vertex 13000 6699.9400000000005 199.94
vertex 13093.86 6692.66 199.94
endloop
endfacet
facet normal -0.0773300701083034 -0.9970055467533995 0
outer loop
vertex 13000 6699.9400000000005 599.95
vertex 13093.86 6692.66 199.94
vertex 13093.86 6692.66 599.95
endloop
endfacet
facet normal 1 0 0
outer loop
vertex 13199.94 6099.99 599.95
vertex 13199.94 2900.04 599.95
vertex 13199.94 2900.04 199.94
endloop
endfacet
facet normal 1 0 0
outer loop
vertex 13199.94 6099.99 599.95
vertex 13199.94 2900.04 199.94
vertex 13199.94 6099.99 199.94
endloop
endfacet
facet normal -1 0 0
outer loop
vertex 13599.95 2900.04 199.94
vertex 13599.95 2900.04 599.95
vertex 13599.95 6099.99 599.95
endloop
endfacet
facet normal -1 0 0
outer loop
vertex 13599.95 2900.04 199.94
vertex 13599.95 6099.99 599.95
vertex 13599.95 6099.99 199.94
endloop
endfacet
facet normal 0.9968981486534686 0.07870248542000942 0
outer loop
vertex 13207.35 2806.1800000000003 599.95
vertex 13207.35 2806.1800000000003 199.94
vertex 13199.94 2900.04 199.94
endloop
endfacet
facet normal 0.9968981486534686 0.07870248542000942 0
outer loop
vertex 13207.35 2806.1800000000003 599.95
vertex 13199.94 2900.04 199.94
vertex 13199.94 2900.04 599.95
endloop
endfacet
facet normal 0.972449870390932 0.2331120965901595 0
outer loop
vertex 13229.32 2714.53 599.95
vertex 13229.32 2714.53 199.94
vertex 13207.35 2806.1800000000003 199.94
endloop
endfacet
facet normal 0.972449870390932 0.2331120965901595 0
outer loop
vertex 13229.32 2714.53 599.95
vertex 13207.35 2806.1800000000003 199.94
vertex 13207.35 2806.1800000000003 599.95
endloop
endfacet
facet normal 0.9234440463937709 0.38373310149099604 0
outer loop
vertex 13265.460000000001 2627.56 599.95
vertex 13265.460000000001 2627.56 199.94
vertex 13229.32 2714.53 199.94
endloop
endfacet
facet normal 0.9234440463937709 0.38373310149099604 0
outer loop
vertex 13265.460000000001 2627.56 599.95
vertex 13229.32 2714.53 199.94
vertex 13229.32 2714.53 599.95
endloop
endfacet
facet normal 0.852700549425365 0.522400012451838 0
outer loop
vertex 13314.6 2547.35 599.95
vertex 13314.6 2547.35 199.94
vertex 13265.460000000001 2627.56 199.94
endloop
endfacet
facet normal 0.852700549425365 0.522400012451838 0
outer loop
vertex 13314.6 2547.35 599.95
vertex 13265.460000000001 2627.56 199.94
vertex 13265.460000000001 2627.56 599.95
endloop
endfacet
facet normal 0.7608139001002238 0.6489701144230654 0
outer loop
vertex 13375.7 2475.7200000000003 599.95
vertex 13375.7 2475.7200000000003 199.94
vertex 13314.6 2547.35 199.94
endloop
endfacet
facet normal 0.7608139001002238 0.6489701144230654 0
outer loop
vertex 13375.7 2475.7200000000003 599.95
vertex 13314.6 2547.35 199.94
vertex 13314.6 2547.35 599.95
endloop
endfacet
facet normal 0.6489701144230678 0.7608139001002218 0
outer loop
vertex 13447.33 2414.62 599.95
vertex 13447.33 2414.62 199.94
vertex 13375.7 2475.7200000000003 199.94
endloop
endfacet
facet normal 0.6489701144230678 0.7608139001002218 0
outer loop
vertex 13447.33 2414.62 599.95
vertex 13375.7 2475.7200000000003 199.94
vertex 13375.7 2475.7200000000003 599.95
endloop
endfacet
facet normal 0.5227884596459188 0.8524624487102336 0
outer loop
vertex 13527.67 2365.35 599.95
vertex 13527.67 2365.35 199.94
vertex 13447.33 2414.62 199.94
endloop
endfacet
facet normal 0.5227884596459188 0.8524624487102336 0
outer loop
vertex 13527.67 2365.35 599.95
vertex 13447.33 2414.62 199.94
vertex 13447.33 2414.62 599.95
endloop
endfacet
facet normal 0.3825550875001445 0.92393268425127 0
outer loop
vertex 13614.640000000001 2329.34 599.95
vertex 13614.640000000001 2329.34 199.94
vertex 13527.67 2365.35 199.94
endloop
endfacet
facet normal 0.3825550875001445 0.92393268425127 0
outer loop
vertex 13614.640000000001 2329.34 599.95
vertex 13527.67 2365.35 199.94
vertex 13527.67 2365.35 599.95
endloop
endfacet
facet normal 0.23342519170557774 0.9723747630811972 0
outer loop
vertex 13706.16 2307.37 599.95
vertex 13706.16 2307.37 199.94
vertex 13614.640000000001 2329.34 199.94
endloop
endfacet
facet normal 0.23342519170557774 0.9723747630811972 0
outer loop
vertex 13706.16 2307.37 599.95
vertex 13614.640000000001 2329.34 199.94
vertex 13614.640000000001 2329.34 599.95
endloop
endfacet
facet normal 0.07870248542000866 0.9968981486534686 0
outer loop
vertex 13800.02 2299.96 599.95
vertex 13800.02 2299.96 199.94
vertex 13706.16 2307.37 199.94
endloop
endfacet
facet normal 0.07870248542000866 0.9968981486534686 0
outer loop
vertex 13800.02 2299.96 599.95
vertex 13706.16 2307.37 199.94
vertex 13706.16 2307.37 599.95
endloop
endfacet
facet normal -0.07859430284668603 -0.9969066834764644 0
outer loop
vertex 13768.69 2702.44 599.95
vertex 13768.69 2702.44 199.94
vertex 13800.02 2699.9700000000003 199.94
endloop
endfacet
facet normal -0.07859430284668603 -0.9969066834764644 0
outer loop
vertex 13768.69 2702.44 599.95
vertex 13800.02 2699.9700000000003 199.94
vertex 13800.02 2699.9700000000003 599.95
endloop
endfacet
facet normal -0.2357183834039764 -0.971821405262004 0
outer loop
vertex 13738.140000000001 2709.85 599.95
vertex 13738.140000000001 2709.85 199.94
vertex 13768.69 2702.44 199.94
endloop
endfacet
facet normal -0.2357183834039764 -0.971821405262004 0
outer loop
vertex 13738.140000000001 2709.85 599.95
vertex 13768.69 2702.44 199.94
vertex 13768.69 2702.44 599.95
endloop
endfacet
facet normal -0.3813752048779021 -0.9244203335627891 0
outer loop
vertex 13709.15 2721.81 599.95
vertex 13709.15 2721.81 199.94
vertex 13738.140000000001 2709.85 199.94
endloop
endfacet
facet normal -0.3813752048779021 -0.9244203335627891 0
outer loop
vertex 13709.15 2721.81 599.95
vertex 13738.140000000001 2709.85 199.94
vertex 13738.140000000001 2709.85 599.95
endloop
endfacet
facet normal -0.5236336081420909 -0.8519435688025909 0
outer loop
vertex 13682.5 2738.19 599.95
vertex 13682.5 2738.19 199.94
vertex 13709.15 2721.81 199.94
endloop
endfacet
facet normal -0.5236336081420909 -0.8519435688025909 0
outer loop
vertex 13682.5 2738.19 599.95
vertex 13709.15 2721.81 199.94
vertex 13709.15 2721.81 599.95
endloop
endfacet
facet normal -0.6490873728329205 -0.7607138637022841 0
outer loop
vertex 13658.58 2758.6 599.95
vertex 13658.58 2758.6 199.94
vertex 13682.5 2738.19 199.94
endloop
endfacet
facet normal -0.6490873728329205 -0.7607138637022841 0
outer loop
vertex 13658.58 2758.6 599.95
vertex 13682.5 2738.19 199.94
vertex 13682.5 2738.19 599.95
endloop
endfacet
facet normal -0.7589637719197075 -0.6511328535048819 0
outer loop
vertex 13638.17 2782.39 599.95
vertex 13638.17 2782.39 199.94
vertex 13658.58 2758.6 199.94
endloop
endfacet
facet normal -0.7589637719197075 -0.6511328535048819 0
outer loop
vertex 13638.17 2782.39 599.95
vertex 13658.58 2758.6 199.94
vertex 13658.58 2758.6 599.95
endloop
endfacet
facet normal -0.8530770368414206 -0.521784983699092 0
outer loop
vertex 13621.79 2809.17 599.95
vertex 13621.79 2809.17 199.94
vertex 13638.17 2782.39 199.94
endloop
endfacet
facet normal -0.8530770368414206 -0.521784983699092 0
outer loop
vertex 13621.79 2809.17 599.95
vertex 13638.17 2782.39 199.94
vertex 13638.17 2782.39 599.95
endloop
endfacet
facet normal -0.9244203335627725 -0.3813752048779422 0
outer loop
vertex 13609.83 2838.1600000000003 599.95
vertex 13609.83 2838.1600000000003 199.94
vertex 13621.79 2809.17 199.94
endloop
endfacet
facet normal -0.9244203335627725 -0.3813752048779422 0
outer loop
vertex 13609.83 2838.1600000000003 599.95
vertex 13621.79 2809.17 199.94
vertex 13621.79 2809.17 599.95
endloop
endfacet
facet normal -0.9718214052620048 -0.23571838340397308 0
outer loop
vertex 13602.42 2868.71 599.95
vertex 13602.42 2868.71 199.94
vertex 13609.83 2838.1600000000003 199.94
endloop
endfacet
facet normal -0.9718214052620048 -0.23571838340397308 0
outer loop
vertex 13602.42 2868.71 599.95
vertex 13609.83 2838.1600000000003 199.94
vertex 13609.83 2838.1600000000003 599.95
endloop
endfacet
facet normal -0.9969066834764655 -0.07859430284667165 0
outer loop
vertex 13599.95 2900.04 599.95
vertex 13599.95 2900.04 199.94
vertex 13602.42 2868.71 199.94
endloop
endfacet
facet normal -0.9969066834764655 -0.07859430284667165 0
outer loop
vertex 13599.95 2900.04 599.95
vertex 13602.42 2868.71 199.94
vertex 13602.42 2868.71 599.95
endloop
endfacet
facet normal -0.07870248542000866 0.9968981486534686 0
outer loop
vertex 13893.880000000001 2307.37 599.95
vertex 13893.880000000001 2307.37 199.94
vertex 13800.02 2299.96 199.94
endloop
endfacet
facet normal -0.07870248542000866 0.9968981486534686 0
outer loop
vertex 13893.880000000001 2307.37 599.95
vertex 13800.02 2299.96 199.94
vertex 13800.02 2299.96 599.95
endloop
endfacet
facet normal -0.23342519170557774 0.9723747630811972 0
outer loop
vertex 13985.4 2329.34 599.95
vertex 13985.4 2329.34 199.94
vertex 13893.880000000001 2307.37 199.94
endloop
endfacet
facet normal -0.23342519170557774 0.9723747630811972 0
outer loop
vertex 13985.4 2329.34 599.95
vertex 13893.880000000001 2307.37 199.94
vertex 13893.880000000001 2307.37 599.95
endloop
endfacet
facet normal -0.3825550875001445 0.92393268425127 0
outer loop
vertex 14072.37 2365.35 599.95
vertex 14072.37 2365.35 199.94
vertex 13985.4 2329.34 199.94
endloop
endfacet
facet normal -0.3825550875001445 0.92393268425127 0
outer loop
vertex 14072.37 2365.35 599.95
vertex 13985.4 2329.34 199.94
vertex 13985.4 2329.34 599.95
endloop
endfacet
facet normal -0.5227884596459188 0.8524624487102336 0
outer loop
vertex 14152.710000000001 2414.62 599.95
vertex 14152.710000000001 2414.62 199.94
vertex 14072.37 2365.35 199.94
endloop
endfacet
facet normal -0.5227884596459188 0.8524624487102336 0
outer loop
vertex 14152.710000000001 2414.62 599.95
vertex 14072.37 2365.35 199.94
vertex 14072.37 2365.35 599.95
endloop
endfacet
facet normal -0.6496523275821484 0.7602314471705947 0
outer loop
vertex 14224.210000000001 2475.7200000000003 599.95
vertex 14224.210000000001 2475.7200000000003 199.94
vertex 14152.710000000001 2414.62 199.94
endloop
endfacet
facet normal -0.6496523275821484 0.7602314471705947 0
outer loop
vertex 14224.210000000001 2475.7200000000003 599.95
vertex 14152.710000000001 2414.62 199.94
vertex 14152.710000000001 2414.62 599.95
endloop
endfacet
facet normal -0.7601323341990892 0.6497682929360621 0
outer loop
vertex 14285.44 2547.35 599.95
vertex 14285.44 2547.35 199.94
vertex 14224.210000000001 2475.7200000000003 199.94
endloop
endfacet
facet normal -0.7601323341990892 0.6497682929360621 0
outer loop
vertex 14285.44 2547.35 599.95
vertex 14224.210000000001 2475.7200000000003 199.94
vertex 14224.210000000001 2475.7200000000003 599.95
endloop
endfacet
facet normal -0.852700549425365 0.522400012451838 0
outer loop
vertex 14334.58 2627.56 599.95
vertex 14334.58 2627.56 199.94
vertex 14285.44 2547.35 199.94
endloop
endfacet
facet normal -0.852700549425365 0.522400012451838 0
outer loop
vertex 14334.58 2627.56 599.95
vertex 14285.44 2547.35 199.94
vertex 14285.44 2547.35 599.95
endloop
endfacet
facet normal -0.9239326842512668 0.3825550875001521 0
outer loop
vertex 14370.59 2714.53 599.95
vertex 14370.59 2714.53 199.94
vertex 14334.58 2627.56 199.94
endloop
endfacet
facet normal -0.9239326842512668 0.3825550875001521 0
outer loop
vertex 14370.59 2714.53 599.95
vertex 14334.58 2627.56 199.94
vertex 14334.58 2627.56 599.95
endloop
endfacet
facet normal -0.9724498703909276 0.23311209659017773 0
outer loop
vertex 14392.560000000001 2806.1800000000003 599.95
vertex 14392.560000000001 2806.1800000000003 199.94
vertex 14370.59 2714.53 199.94
endloop
endfacet
facet normal -0.9724498703909276 0.23311209659017773 0
outer loop
vertex 14392.560000000001 2806.1800000000003 599.95
vertex 14370.59 2714.53 199.94
vertex 14370.59 2714.53 599.95
endloop
endfacet
facet normal -0.9968981486534686 0.07870248542000942 0
outer loop
vertex 14399.970000000001 2900.04 599.95
vertex 14399.970000000001 2900.04 199.94
vertex 14392.560000000001 2806.1800000000003 199.94
endloop
endfacet
facet normal -0.9968981486534686 0.07870248542000942 0
outer loop
vertex 14399.970000000001 2900.04 599.95
vertex 14392.560000000001 2806.1800000000003 199.94
vertex 14392.560000000001 2806.1800000000003 599.95
endloop
endfacet
facet normal 0.9969066834764609 -0.07859430284672916 0
outer loop
vertex 13997.49 2868.71 599.95
vertex 13997.49 2868.71 199.94
vertex 13999.960000000001 2900.04 199.94
endloop
endfacet
facet normal 0.9969066834764609 -0.07859430284672916 0
outer loop
vertex 13997.49 2868.71 599.95
vertex 13999.960000000001 2900.04 199.94
vertex 13999.960000000001 2900.04 599.95
endloop
endfacet
facet normal 0.9727617825102921 -0.23180706306624738 0
outer loop
vertex 13990.210000000001 2838.1600000000003 599.95
vertex 13990.210000000001 2838.1600000000003 199.94
vertex 13997.49 2868.71 199.94
endloop
endfacet
facet normal 0.9727617825102921 -0.23180706306624738 0
outer loop
vertex 13990.210000000001 2838.1600000000003 599.95
vertex 13997.49 2868.71 199.94
vertex 13997.49 2868.71 599.95
endloop
endfacet
facet normal 0.9244203335627725 -0.3813752048779422 0
outer loop
vertex 13978.25 2809.17 599.95
vertex 13978.25 2809.17 199.94
vertex 13990.210000000001 2838.1600000000003 199.94
endloop
endfacet
facet normal 0.9244203335627725 -0.3813752048779422 0
outer loop
vertex 13978.25 2809.17 599.95
vertex 13990.210000000001 2838.1600000000003 199.94
vertex 13990.210000000001 2838.1600000000003 599.95
endloop
endfacet
facet normal 0.8512324019127081 -0.5247889079753134 0
outer loop
vertex 13961.74 2782.39 599.95
vertex 13961.74 2782.39 199.94
vertex 13978.25 2809.17 199.94
endloop
endfacet
facet normal 0.8512324019127081 -0.5247889079753134 0
outer loop
vertex 13961.74 2782.39 599.95
vertex 13978.25 2809.17 199.94
vertex 13978.25 2809.17 599.95
endloop
endfacet
facet normal 0.7610150910932205 -0.6487341760138565 0
outer loop
vertex 13941.460000000001 2758.6 599.95
vertex 13941.460000000001 2758.6 199.94
vertex 13961.74 2782.39 199.94
endloop
endfacet
facet normal 0.7610150910932205 -0.6487341760138565 0
outer loop
vertex 13941.460000000001 2758.6 599.95
vertex 13961.74 2782.39 199.94
vertex 13961.74 2782.39 599.95
endloop
endfacet
facet normal 0.6490873728329205 -0.7607138637022841 0
outer loop
vertex 13917.54 2738.19 599.95
vertex 13917.54 2738.19 199.94
vertex 13941.460000000001 2758.6 199.94
endloop
endfacet
facet normal 0.6490873728329205 -0.7607138637022841 0
outer loop
vertex 13917.54 2738.19 599.95
vertex 13941.460000000001 2758.6 199.94
vertex 13941.460000000001 2758.6 599.95
endloop
endfacet
facet normal 0.5217849836991065 -0.8530770368414116 0
outer loop
vertex 13890.76 2721.81 599.95
vertex 13890.76 2721.81 199.94
vertex 13917.54 2738.19 199.94
endloop
endfacet
facet normal 0.5217849836991065 -0.8530770368414116 0
outer loop
vertex 13890.76 2721.81 599.95
vertex 13917.54 2738.19 199.94
vertex 13917.54 2738.19 599.95
endloop
endfacet
facet normal 0.38137520487792254 -0.9244203335627806 0
outer loop
vertex 13861.77 2709.85 599.95
vertex 13861.77 2709.85 199.94
vertex 13890.76 2721.81 199.94
endloop
endfacet
facet normal 0.38137520487792254 -0.9244203335627806 0
outer loop
vertex 13861.77 2709.85 599.95
vertex 13890.76 2721.81 199.94
vertex 13890.76 2721.81 599.95
endloop
endfacet
facet normal 0.23666941653504533 -0.9715902363017865 0
outer loop
vertex 13831.35 2702.44 599.95
vertex 13831.35 2702.44 199.94
vertex 13861.77 2709.85 199.94
endloop
endfacet
facet normal 0.23666941653504533 -0.9715902363017865 0
outer loop
vertex 13831.35 2702.44 599.95
vertex 13861.77 2709.85 199.94
vertex 13861.77 2709.85 599.95
endloop
endfacet
facet normal 0.07859430284668603 -0.9969066834764644 0
outer loop
vertex 13800.02 2699.9700000000003 599.95
vertex 13800.02 2699.9700000000003 199.94
vertex 13831.35 2702.44 199.94
endloop
endfacet
facet normal 0.07859430284668603 -0.9969066834764644 0
outer loop
vertex 13800.02 2699.9700000000003 599.95
vertex 13831.35 2702.44 199.94
vertex 13831.35 2702.44 599.95
endloop
endfacet
facet normal -1 0 0
outer loop
vertex 14399.970000000001 2900.04 599.95
vertex 14399.970000000001 4099.9400000000005 599.95
vertex 14399.970000000001 4099.9400000000005 199.94
endloop
endfacet
facet normal -1 0 0
outer loop
vertex 14399.970000000001 2900.04 599.95
vertex 14399.970000000001 4099.9400000000005 199.94
vertex 14399.970000000001 2900.04 199.94
endloop
endfacet
facet normal 1 0 0
outer loop
vertex 13999.960000000001 4099.9400000000005 199.94
vertex 13999.960000000001 4099.9400000000005 599.95
vertex 13999.960000000001 2900.04 599.95
endloop
endfacet
facet normal 1 0 0
outer loop
vertex 13999.960000000001 4099.9400000000005 199.94
vertex 13999.960000000001 2900.04 599.95
vertex 13999.960000000001 2900.04 199.94
endloop
endfacet
facet normal -0.9969066834764655 0.07859430284667165 0
outer loop
vertex 14402.44 4131.27 599.95
vertex 14402.44 4131.27 199.94
vertex 14399.970000000001 4099.9400000000005 199.94
endloop
endfacet
facet normal -0.9969066834764655 0.07859430284667165 0
outer loop
vertex 14402.44 4131.27 599.95
vertex 14399.970000000001 4099.9400000000005 199.94
vertex 14399.970000000001 4099.9400000000005 599.95
endloop
endfacet
facet normal -0.971821405262004 0.2357183834039764 0
outer loop
vertex 14409.85 4161.82 599.95
vertex 14409.85 4161.82 199.94
vertex 14402.44 4131.27 199.94
endloop
endfacet
facet normal -0.971821405262004 0.2357183834039764 0
outer loop
vertex 14409.85 4161.82 599.95
vertex 14402.44 4131.27 199.94
vertex 14402.44 4131.27 599.95
endloop
endfacet
facet normal -0.9244203335627748 0.38137520487793714 0
outer loop
vertex 14421.810000000001 4190.81 599.95
vertex 14421.810000000001 4190.81 199.94
vertex 14409.85 4161.82 199.94
endloop
endfacet
facet normal -0.9244203335627748 0.38137520487793714 0
outer loop
vertex 14421.810000000001 4190.81 599.95
vertex 14409.85 4161.82 199.94
vertex 14409.85 4161.82 599.95
endloop
endfacet
facet normal -0.8530770368414166 0.5217849836990983 0
outer loop
vertex 14438.19 4217.59 599.95
vertex 14438.19 4217.59 199.94
vertex 14421.810000000001 4190.81 199.94
endloop
endfacet
facet normal -0.8530770368414166 0.5217849836990983 0
outer loop
vertex 14438.19 4217.59 599.95
vertex 14421.810000000001 4190.81 199.94
vertex 14421.810000000001 4190.81 599.95
endloop
endfacet
facet normal -0.7589637719197075 0.6511328535048819 0
outer loop
vertex 14458.6 4241.38 599.95
vertex 14458.6 4241.38 199.94
vertex 14438.19 4217.59 199.94
endloop
endfacet
facet normal -0.7589637719197075 0.6511328535048819 0
outer loop
vertex 14458.6 4241.38 599.95
vertex 14438.19 4217.59 199.94
vertex 14438.19 4217.59 599.95
endloop
endfacet
facet normal -0.6511328535048677 0.7589637719197199 0
outer loop
vertex 14482.390000000001 4261.79 599.95
vertex 14482.390000000001 4261.79 199.94
vertex 14458.6 4241.38 199.94
endloop
endfacet
facet normal -0.6511328535048677 0.7589637719197199 0
outer loop
vertex 14482.390000000001 4261.79 599.95
vertex 14458.6 4241.38 199.94
vertex 14458.6 4241.38 599.95
endloop
endfacet
facet normal -0.5217849836991323 0.8530770368413957 0
outer loop
vertex 14509.17 4278.17 599.95
vertex 14509.17 4278.17 199.94
vertex 14482.390000000001 4261.79 199.94
endloop
endfacet
facet normal -0.5217849836991323 0.8530770368413957 0
outer loop
vertex 14509.17 4278.17 599.95
vertex 14482.390000000001 4261.79 199.94
vertex 14482.390000000001 4261.79 599.95
endloop
endfacet
facet normal -0.3849092450583425 0.9229544263226742 0
outer loop
vertex 14538.16 4290.26 599.95
vertex 14538.16 4290.26 199.94
vertex 14509.17 4278.17 199.94
endloop
endfacet
facet normal -0.3849092450583425 0.9229544263226742 0
outer loop
vertex 14538.16 4290.26 599.95
vertex 14509.17 4278.17 199.94
vertex 14509.17 4278.17 599.95
endloop
endfacet
facet normal -0.23180706306626492 0.9727617825102878 0
outer loop
vertex 14568.710000000001 4297.54 599.95
vertex 14568.710000000001 4297.54 199.94
vertex 14538.16 4290.26 199.94
endloop
endfacet
facet normal -0.23180706306626492 0.9727617825102878 0
outer loop
vertex 14568.710000000001 4297.54 599.95
vertex 14538.16 4290.26 199.94
vertex 14538.16 4290.26 599.95
endloop
endfacet
facet normal -0.07859430284670041 0.9969066834764632 0
outer loop
vertex 14600.04 4300.01 599.95
vertex 14600.04 4300.01 199.94
vertex 14568.710000000001 4297.54 199.94
endloop
endfacet
facet normal -0.07859430284670041 0.9969066834764632 0
outer loop
vertex 14600.04 4300.01 599.95
vertex 14568.710000000001 4297.54 199.94
vertex 14568.710000000001 4297.54 599.95
endloop
endfacet
facet normal 0.07870248542000866 -0.9968981486534686 0
outer loop
vertex 14506.18 4692.610000000001 599.95
vertex 14506.18 4692.610000000001 199.94
vertex 14600.04 4700.02 199.94
endloop
endfacet
facet normal 0.07870248542000866 -0.9968981486534686 0
outer loop
vertex 14506.18 4692.610000000001 599.95
vertex 14600.04 4700.02 199.94
vertex 14600.04 4700.02 599.95
endloop
endfacet
facet normal 0.2331120965901697 -0.9724498703909294 0
outer loop
vertex 14414.53 4670.64 599.95
vertex 14414.53 4670.64 199.94
vertex 14506.18 4692.610000000001 199.94
endloop
endfacet
facet normal 0.2331120965901697 -0.9724498703909294 0
outer loop
vertex 14414.53 4670.64 599.95
vertex 14506.18 4692.610000000001 199.94
vertex 14506.18 4692.610000000001 599.95
endloop
endfacet
facet normal 0.38255508750015543 -0.9239326842512654 0
outer loop
vertex 14327.560000000001 4634.63 599.95
vertex 14327.560000000001 4634.63 199.94
vertex 14414.53 4670.64 199.94
endloop
endfacet
facet normal 0.38255508750015543 -0.9239326842512654 0
outer loop
vertex 14327.560000000001 4634.63 599.95
vertex 14414.53 4670.64 199.94
vertex 14414.53 4670.64 599.95
endloop
endfacet
facet normal 0.5234037820664711 -0.8520847850528221 0
outer loop
vertex 14247.35 4585.360000000001 599.95
vertex 14247.35 4585.360000000001 199.94
vertex 14327.560000000001 4634.63 199.94
endloop
endfacet
facet normal 0.5234037820664711 -0.8520847850528221 0
outer loop
vertex 14247.35 4585.360000000001 599.95
vertex 14327.560000000001 4634.63 199.94
vertex 14327.560000000001 4634.63 599.95
endloop
endfacet
facet normal 0.6489701144230678 -0.7608139001002218 0
outer loop
vertex 14175.720000000001 4524.26 599.95
vertex 14175.720000000001 4524.26 199.94
vertex 14247.35 4585.360000000001 199.94
endloop
endfacet
facet normal 0.6489701144230678 -0.7608139001002218 0
outer loop
vertex 14175.720000000001 4524.26 599.95
vertex 14247.35 4585.360000000001 199.94
vertex 14247.35 4585.360000000001 599.95
endloop
endfacet
facet normal 0.7608139001002258 -0.6489701144230631 0
outer loop
vertex 14114.62 4452.63 599.95
vertex 14114.62 4452.63 199.94
vertex 14175.720000000001 4524.26 199.94
endloop
endfacet
facet normal 0.7608139001002258 -0.6489701144230631 0
outer loop
vertex 14114.62 4452.63 599.95
vertex 14175.720000000001 4524.26 199.94
vertex 14175.720000000001 4524.26 599.95
endloop
endfacet
facet normal 0.8520847850528152 -0.5234037820664824 0
outer loop
vertex 14065.35 4372.42 599.95
vertex 14065.35 4372.42 199.94
vertex 14114.62 4452.63 199.94
endloop
endfacet
facet normal 0.8520847850528152 -0.5234037820664824 0
outer loop
vertex 14065.35 4372.42 599.95
vertex 14114.62 4452.63 199.94
vertex 14114.62 4452.63 599.95
endloop
endfacet
facet normal 0.9239326842512668 -0.3825550875001521 0
outer loop
vertex 14029.34 4285.45 599.95
vertex 14029.34 4285.45 199.94
vertex 14065.35 4372.42 199.94
endloop
endfacet
facet normal 0.9239326842512668 -0.3825550875001521 0
outer loop
vertex 14029.34 4285.45 599.95
vertex 14065.35 4372.42 199.94
vertex 14065.35 4372.42 599.95
endloop
endfacet
facet normal 0.9724498703909316 -0.23311209659016055 0
outer loop
vertex 14007.37 4193.8 599.95
vertex 14007.37 4193.8 199.94
vertex 14029.34 4285.45 199.94
endloop
endfacet
facet normal 0.9724498703909316 -0.23311209659016055 0
outer loop
vertex 14007.37 4193.8 599.95
vertex 14029.34 4285.45 199.94
vertex 14029.34 4285.45 599.95
endloop
endfacet
facet normal 0.9968981486534686 -0.07870248542000942 0
outer loop
vertex 13999.960000000001 4099.9400000000005 599.95
vertex 13999.960000000001 4099.9400000000005 199.94
vertex 14007.37 4193.8 199.94
endloop
endfacet
facet normal 0.9968981486534686 -0.07870248542000942 0
outer loop
vertex 13999.960000000001 4099.9400000000005 599.95
vertex 14007.37 4193.8 199.94
vertex 14007.37 4193.8 599.95
endloop
endfacet
facet normal -0.9953908344575532 -0.09590144252249934 0
outer loop
vertex 14799.980000000001 4499.95 199.94
vertex 14799.980000000001 4499.95 599.95
vertex 14796.210000000001 4539.08 599.95
endloop
endfacet
facet normal -0.9953908344575532 -0.09590144252249934 0
outer loop
vertex 14799.980000000001 4499.95 199.94
vertex 14796.210000000001 4539.08 599.95
vertex 14796.210000000001 4539.08 199.94
endloop
endfacet
facet normal -0.9563515710513365 -0.2922185355990285 0
outer loop
vertex 14796.210000000001 4539.08 199.94
vertex 14796.210000000001 4539.08 599.95
vertex 14784.77 4576.52 599.95
endloop
endfacet
facet normal -0.9563515710513365 -0.2922185355990285 0
outer loop
vertex 14796.210000000001 4539.08 199.94
vertex 14784.77 4576.52 599.95
vertex 14784.77 4576.52 199.94
endloop
endfacet
facet normal -0.8821692656664146 -0.47093246513016995 0
outer loop
vertex 14784.77 4576.52 199.94
vertex 14784.77 4576.52 599.95
vertex 14766.310000000001 4611.1 599.95
endloop
endfacet
facet normal -0.8821692656664146 -0.47093246513016995 0
outer loop
vertex 14784.77 4576.52 199.94
vertex 14766.310000000001 4611.1 599.95
vertex 14766.310000000001 4611.1 199.94
endloop
endfacet
facet normal -0.7733654271742705 -0.6339605003874911 0
outer loop
vertex 14766.310000000001 4611.1 199.94
vertex 14766.310000000001 4611.1 599.95
vertex 14741.480000000001 4641.39 599.95
endloop
endfacet
facet normal -0.7733654271742705 -0.6339605003874911 0
outer loop
vertex 14766.310000000001 4611.1 199.94
vertex 14741.480000000001 4641.39 599.95
vertex 14741.480000000001 4641.39 199.94
endloop
endfacet
facet normal -0.6343166116780226 -0.7730733704825907 0
outer loop
vertex 14741.480000000001 4641.39 199.94
vertex 14741.480000000001 4641.39 599.95
vertex 14711.060000000001 4666.35 599.95
endloop
endfacet
facet normal -0.6343166116780226 -0.7730733704825907 0
outer loop
vertex 14741.480000000001 4641.39 199.94
vertex 14711.060000000001 4666.35 599.95
vertex 14711.060000000001 4666.35 199.94
endloop
endfacet
facet normal -0.6343166116780226 0.7730733704825907 0
outer loop
vertex 14711.060000000001 4333.68 199.94
vertex 14711.060000000001 4333.68 599.95
vertex 14741.480000000001 4358.64 599.95
endloop
endfacet
facet normal -0.6343166116780226 0.7730733704825907 0
outer loop
vertex 14711.060000000001 4333.68 199.94
vertex 14741.480000000001 4358.64 599.95
vertex 14741.480000000001 4358.64 199.94
endloop
endfacet
facet normal -0.7733654271742705 0.6339605003874911 0
outer loop
vertex 14741.480000000001 4358.64 199.94
vertex 14741.480000000001 4358.64 599.95
vertex 14766.310000000001 4388.93 599.95
endloop
endfacet
facet normal -0.7733654271742705 0.6339605003874911 0
outer loop
vertex 14741.480000000001 4358.64 199.94
vertex 14766.310000000001 4388.93 599.95
vertex 14766.310000000001 4388.93 199.94
endloop
endfacet
facet normal -0.8821692656664146 0.47093246513016995 0
outer loop
vertex 14766.310000000001 4388.93 199.94
vertex 14766.310000000001 4388.93 599.95
vertex 14784.77 4423.51 599.95
endloop
endfacet
facet normal -0.8821692656664146 0.47093246513016995 0
outer loop
vertex 14766.310000000001 4388.93 199.94
vertex 14784.77 4423.51 599.95
vertex 14784.77 4423.51 199.94
endloop
endfacet
facet normal -0.9563515710513344 0.29221853559903493 0
outer loop
vertex 14784.77 4423.51 199.94
vertex 14784.77 4423.51 599.95
vertex 14796.210000000001 4460.95 599.95
endloop
endfacet
facet normal -0.9563515710513344 0.29221853559903493 0
outer loop
vertex 14784.77 4423.51 199.94
vertex 14796.210000000001 4460.95 599.95
vertex 14796.210000000001 4460.95 199.94
endloop
endfacet
facet normal -0.9953602693534073 0.09621815937084051 0
outer loop
vertex 14796.210000000001 4460.95 199.94
vertex 14796.210000000001 4460.95 599.95
vertex 14799.980000000001 4499.95 599.95
endloop
endfacet
facet normal -0.9953602693534073 0.09621815937084051 0
outer loop
vertex 14796.210000000001 4460.95 199.94
vertex 14799.980000000001 4499.95 599.95
vertex 14799.980000000001 4499.95 199.94
endloop
endfacet
facet normal -1 0 0
outer loop
vertex 14700.01 4327.83 599.95
vertex 14700.01 4327.83 199.94
vertex 14700.01 4300.01 199.94
endloop
endfacet
facet normal -1 0 0
outer loop
vertex 14700.01 4327.83 599.95
vertex 14700.01 4300.01 199.94
vertex 14700.01 4300.01 599.95
endloop
endfacet
facet normal -1 0 0
outer loop
vertex 14700.01 4700.02 599.95
vertex 14700.01 4700.02 199.94
vertex 14700.01 4672.2 199.94
endloop
endfacet
facet normal -1 0 0
outer loop
vertex 14700.01 4700.02 599.95
vertex 14700.01 4672.2 199.94
vertex 14700.01 4672.2 599.95
endloop
endfacet
facet normal -0.4678877204189625 -0.883787916347099 0
outer loop
vertex 14700.01 4672.2 199.94
vertex 14711.060000000001 4666.35 199.94
vertex 14711.060000000001 4666.35 599.95
endloop
endfacet
facet normal -0.4678877204189625 -0.883787916347099 0
outer loop
vertex 14700.01 4672.2 199.94
vertex 14711.060000000001 4666.35 599.95
vertex 14700.01 4672.2 599.95
endloop
endfacet
facet normal -0.4678877204190193 0.8837879163470689 0
outer loop
vertex 14700.01 4327.83 199.94
vertex 14700.01 4327.83 599.95
vertex 14711.060000000001 4333.68 599.95
endloop
endfacet
facet normal -0.4678877204190193 0.8837879163470689 0
outer loop
vertex 14700.01 4327.83 199.94
vertex 14711.060000000001 4333.68 599.95
vertex 14711.060000000001 4333.68 199.94
endloop
endfacet
facet normal 0.7069442465920934 -0.7072692784296073 0
outer loop
vertex 3141.4500000000003 11141.390000000001 199.94
vertex 3141.4500000000003 11141.390000000001 599.95
vertex 2858.57 10858.640000000001 599.95
endloop
endfacet
facet normal 0.7069442465920934 -0.7072692784296073 0
outer loop
vertex 3141.4500000000003 11141.390000000001 199.94
vertex 2858.57 10858.640000000001 599.95
vertex 2858.57 10858.640000000001 199.94
endloop
endfacet
facet normal 0.6963106238227729 0.6963106238227729 -0.17407765595584546
outer loop
vertex 3962.4 9754.68 1261.91
vertex 3961.4900000000002 9755.59 1261.91
vertex 3962.27 9754.94 1262.43
endloop
endfacet
facet normal 0.7072000822479693 0.7070122140815573 -0.0013314683471879868
outer loop
vertex 4141.28 9575.93 1298.18
vertex 4278.56 9438.65 1317.55
vertex 4373.46 9343.62 1261.91
endloop
endfacet
facet normal 0.7071045102002587 0.7071045102002594 -0.002534424767732155
outer loop
vertex 4141.28 9575.93 1298.18
vertex 4373.46 9343.62 1261.91
vertex 3962.4 9754.68 1261.91
endloop
endfacet
facet normal 0.7071746577694087 0.7070314728693563 -0.0032403365424358726
outer loop
vertex 4141.28 9575.93 1298.18
vertex 3962.4 9754.68 1261.91
vertex 4005.9500000000003 9711.26 1292.2
endloop
endfacet
facet normal 0.7071067811865491 0.7071067811865458 -1.9402060159869566e-14
outer loop
vertex 4141.28 9575.93 1298.18
vertex 4005.9500000000003 9711.26 1292.2
vertex 4058.6000000000004 9658.61 1317.55
endloop
endfacet
facet normal 0.7071067811865492 0.7071067811865458 -1.8529486767852516e-14
outer loop
vertex 4141.28 9575.93 1298.18
vertex 4058.6000000000004 9658.61 1317.55
vertex 4168.58 9548.630000000001 1337.96
endloop
endfacet
facet normal 0.7071067811865487 0.7071067811865462 -1.792864317901584e-14
outer loop
vertex 4141.28 9575.93 1298.18
vertex 4168.58 9548.630000000001 1337.96
vertex 4278.56 9438.65 1317.55
endloop
endfacet
facet normal 0.752809198081585 0.6444502983575793 0.1340228496585104
outer loop
vertex 4381 9336.08 1257.49
vertex 4374.76 9342.45 1261.91
vertex 4374.89 9342.19 1262.43
endloop
endfacet
facet normal 0.7071067811865476 0.7071067811865476 0
outer loop
vertex 4774.51 8942.7 936.26
vertex 4187.17 9530.04 936.26
vertex 4168.58 9548.630000000001 937.95
endloop
endfacet
facet normal 0.7071071524711019 0.7071063515999929 0.000287143095286215
outer loop
vertex 4774.51 8942.7 936.26
vertex 4168.58 9548.630000000001 937.95
vertex 4381 9336.08 1257.49
endloop
endfacet
facet normal 0.7020710304021301 0.7105297175153562 0.047368647834190085
outer loop
vertex 4149.99 9567.09 936.26
vertex 4131.79 9585.42 931.0600000000001
vertex 4120.87 9596.210000000001 931.0600000000001
endloop
endfacet
facet normal 0.7071067811865602 0.7071067811865348 -1.822139176188302e-14
outer loop
vertex 4149.99 9567.09 936.26
vertex 4120.87 9596.210000000001 931.0600000000001
vertex 4381 9336.08 1257.49
endloop
endfacet
facet normal 0.7071067811865469 0.7071067811865481 -1.397141608756133e-15
outer loop
vertex 4774.51 8942.7 936.26
vertex 4780.75 8936.460000000001 931.0600000000001
vertex 4205.37 9511.84 931.0600000000001
endloop
endfacet
facet normal 0.7071067811865475 0.7071067811865475 -1.3476348304651375e-13
outer loop
vertex 4774.51 8942.7 936.26
vertex 4205.37 9511.84 931.0600000000001
vertex 4187.17 9530.04 936.26
endloop
endfacet
facet normal 0.7027513252358484 0.711218208672372 0.01758506559901058
outer loop
vertex 4131.79 9585.42 931.0600000000001
vertex 4114.24 9602.970000000001 922.61
vertex 4120.87 9596.210000000001 931.0600000000001
endloop
endfacet
facet normal 0.7070258671320879 0.7071876579483654 -0.0001991271585715512
outer loop
vertex 4780.75 8936.460000000001 931.0600000000001
vertex 4791.150000000001 8926.06 922.61
vertex 4222.92 9494.16 922.61
endloop
endfacet
facet normal 0.7070649442619067 0.7070649442619079 -0.010877922219424999
outer loop
vertex 4780.75 8936.460000000001 931.0600000000001
vertex 4222.92 9494.16 922.61
vertex 4205.37 9511.84 931.0600000000001
endloop
endfacet
facet normal 0.7071067811865471 0.7071067811865479 4.987368503689382e-15
outer loop
vertex 4053.53 9663.550000000001 1146.47
vertex 3962.4 9754.68 1261.91
vertex 4373.46 9343.62 1261.91
endloop
endfacet
facet normal 0.7071067811865646 0.7071067811865307 -9.00829153270683e-14
outer loop
vertex 4053.53 9663.550000000001 1146.47
vertex 4373.46 9343.62 1261.91
vertex 4381 9336.08 1257.49
endloop
endfacet
facet normal 0.7071067811865496 0.7071067811865455 -3.3431353991118374e-15
outer loop
vertex 4053.53 9663.550000000001 1146.47
vertex 4381 9336.08 1257.49
vertex 4102.93 9614.15 917.6700000000001
endloop
endfacet
facet normal 0.7071884186589886 0.707025133408778 0.00003525476992761698
outer loop
vertex 4053.53 9663.550000000001 1146.47
vertex 4102.93 9614.15 917.6700000000001
vertex 3540.03 10177.18 917.6700000000001
endloop
endfacet
facet normal 0.7071728127221666 0.7070407356422542 0.00010530469885459277
outer loop
vertex 4053.53 9663.550000000001 1146.47
vertex 3540.03 10177.18 917.6700000000001
vertex 3961.4900000000002 9755.59 1261.91
endloop
endfacet
facet normal 0.7071067811865476 0.7071067811865476 0
outer loop
vertex 4053.53 9663.550000000001 1146.47
vertex 3961.4900000000002 9755.59 1261.91
vertex 3962.4 9754.68 1261.91
endloop
endfacet
facet normal 0.707106781186548 0.7071067811865469 1.3757750106616998e-15
outer loop
vertex 4791.150000000001 8926.06 922.61
vertex 4805.320000000001 8911.89 911.0400000000001
vertex 4239.6900000000005 9477.52 911.0400000000001
endloop
endfacet
facet normal 0.707004860070088 0.7071666460792576 0.007711193830358622
outer loop
vertex 4791.150000000001 8926.06 922.61
vertex 4239.6900000000005 9477.52 911.0400000000001
vertex 4222.92 9494.16 922.61
endloop
endfacet
facet normal 0.7071067811865511 0.7071067811865438 0
outer loop
vertex 3735.94 9981.140000000001 801.0600000000001
vertex 4102.93 9614.15 917.6700000000001
vertex 4103.58 9613.5 915.98
endloop
endfacet
facet normal 0.7070261114834527 0.7071872537952546 0.0005155095676282007
outer loop
vertex 3735.94 9981.140000000001 801.0600000000001
vertex 4103.58 9613.5 915.98
vertex 3749.59 9967.62 626.99
endloop
endfacet
facet normal 0.7070254339869562 0.7071879312137989 0.0005154038255365495
outer loop
vertex 3735.94 9981.140000000001 801.0600000000001
vertex 3749.59 9967.62 626.99
vertex 3183.83 10533.25 626.99
endloop
endfacet
facet normal 0.7071879111459873 0.7070254541523927 -0.0005152762149396334
outer loop
vertex 3735.94 9981.140000000001 801.0600000000001
vertex 3183.83 10533.25 626.99
vertex 3540.03 10177.18 917.6700000000001
endloop
endfacet
facet normal 0.7071883257223467 0.7070250404935945 -0.0005138842817836212
outer loop
vertex 3735.94 9981.140000000001 801.0600000000001
vertex 3540.03 10177.18 917.6700000000001
vertex 4102.93 9614.15 917.6700000000001
endloop
endfacet
facet normal 0.7070255138827787 0.707188011127984 -0.00019908701391744687
outer loop
vertex 4805.320000000001 8911.89 911.0400000000001
vertex 5153.33 8563.880000000001 626.99
vertex 4587.57 9129.51 626.99
endloop
endfacet
facet normal 0.7071067441592438 0.7071067441592428 -0.00032361864721362847
outer loop
vertex 4805.320000000001 8911.89 911.0400000000001
vertex 4587.57 9129.51 626.99
vertex 4239.6900000000005 9477.52 911.0400000000001
endloop
endfacet
facet normal 0.7071067811865476 0.7071067811865476 0
outer loop
vertex 5153.33 8563.880000000001 626.99
vertex 5161.52 8555.69 620.75
vertex 4595.24 9121.970000000001 620.75
endloop
endfacet
facet normal 0.706950871393294 0.70711335148325 0.014531813045450356
outer loop
vertex 5153.33 8563.880000000001 626.99
vertex 4595.24 9121.970000000001 620.75
vertex 4587.57 9129.51 626.99
endloop
endfacet
facet normal 0.7071067811865475 0.7071067811865475 -1.1776495740627279e-13
outer loop
vertex 5161.52 8555.69 620.75
vertex 5169.97 8547.24 615.2900000000001
vertex 4601.87 9115.34 615.2900000000001
endloop
endfacet
facet normal 0.7071067811865475 0.7071067811865475 -1.0649550332837452e-13
outer loop
vertex 5161.52 8555.69 620.75
vertex 4601.87 9115.34 615.2900000000001
vertex 4595.24 9121.970000000001 620.75
endloop
endfacet
facet normal 0.7070262729682475 0.7071872168045711 -0.0002995343619088108
outer loop
vertex 5169.97 8547.24 615.2900000000001
vertex 5178.68 8538.53 610.61
vertex 4607.46 9109.62 610.61
endloop
endfacet
facet normal 0.7069704188709073 0.7069704188709073 -0.019638067190735176
outer loop
vertex 5169.97 8547.24 615.2900000000001
vertex 4607.46 9109.62 610.61
vertex 4601.87 9115.34 615.2900000000001
endloop
endfacet
facet normal 0.7071067811865095 0.7071067811865857 2.637512841461249e-13
outer loop
vertex 3158.09 10559.12 606.84
vertex 3149.6400000000003 10567.57 606.84
vertex 3158.48 10558.73 610.61
endloop
endfacet
facet normal 0.7068966766562237 0.7068966766562224 -0.0243757474710928
outer loop
vertex 5178.68 8538.53 610.61
vertex 5187.52 8529.56 606.84
vertex 4612.14 9104.94 606.84
endloop
endfacet
facet normal 0.7070262905745639 0.7071872344148952 -0.0001997923535231674
outer loop
vertex 5178.68 8538.53 610.61
vertex 4612.14 9104.94 606.84
vertex 4607.46 9109.62 610.61
endloop
endfacet
facet normal 0.7067728464424524 0.7067728464424513 0.03072925419317916
outer loop
vertex 5187.52 8529.56 606.84
vertex 5196.62 8520.59 603.85
vertex 4615.91 9101.300000000001 603.85
endloop
endfacet
facet normal 0.7067728464424522 0.7067728464424511 0.03072925419318128
outer loop
vertex 5187.52 8529.56 606.84
vertex 4615.91 9101.300000000001 603.85
vertex 4612.14 9104.94 606.84
endloop
endfacet
facet normal 0.7071067811865476 0.7071067811865476 3.090084552668007e-13
outer loop
vertex 5196.62 8520.59 603.85
vertex 5205.85 8511.36 601.77
vertex 4618.51 9098.7 601.77
endloop
endfacet
facet normal 0.707106781186548 0.707106781186547 0
outer loop
vertex 5196.62 8520.59 603.85
vertex 4618.51 9098.7 601.77
vertex 4615.91 9101.300000000001 603.85
endloop
endfacet
facet normal 0.7003008438325544 0.710305141601564 0.07103051415972157
outer loop
vertex 3131.31 10585.9 600.47
vertex 3122.08 10595 600.47
vertex 3131.31 10585.77 601.77
endloop
endfacet
facet normal 0.7071067811865464 0.7071067811865486 -1.5796874196634127e-14
outer loop
vertex 5205.85 8511.36 601.77
vertex 5215.08 8502.130000000001 600.47
vertex 4620.07 9097.14 600.47
endloop
endfacet
facet normal 0.7071067811865475 0.7071067811865475 -1.024202471153527e-12
outer loop
vertex 5205.85 8511.36 601.77
vertex 4620.07 9097.14 600.47
vertex 4618.51 9098.7 601.77
endloop
endfacet
facet normal 0.7071067811865649 0.70710678118653 0
outer loop
vertex 3131.31 10585.9 600.47
vertex 3131.31 10585.9 599.95
vertex 3112.85 10604.36 599.95
endloop
endfacet
facet normal 0.6614009202623565 0.6708495048375076 0.3354247524190468
outer loop
vertex 3131.31 10585.9 600.47
vertex 3112.85 10604.36 599.95
vertex 3122.08 10595 600.47
endloop
endfacet
facet normal 0.6967081691010885 0.696558178106664 -0.17147720437578295
outer loop
vertex 5215.08 8502.130000000001 600.47
vertex 5224.31 8492.77 599.95
vertex 4620.59 9096.62 599.95
endloop
endfacet
facet normal 0.7071067811865465 0.7071067811865487 2.394473562437173e-12
outer loop
vertex 5215.08 8502.130000000001 600.47
vertex 4620.59 9096.62 599.95
vertex 4620.07 9097.14 600.47
endloop
endfacet
facet normal 0.7070270670258307 0.7071864828861726 -0.0000701137391137314
outer loop
vertex 3749.59 9967.62 626.99
vertex 3325.27 10391.81 280.54
vertex 3175.6400000000003 10541.44 620.75
endloop
endfacet
facet normal 0.7070255118141244 0.7071880090588543 0.00021327763380883517
outer loop
vertex 3749.59 9967.62 626.99
vertex 3175.6400000000003 10541.44 620.75
vertex 3183.83 10533.25 626.99
endloop
endfacet
facet normal 0.7069723630205887 0.7072411738050075 0
outer loop
vertex 5358.6 8358.61 599.95
vertex 5358.6 8358.61 276.64
vertex 5016.570000000001 8700.51 276.64
endloop
endfacet
facet normal 0.7071067526058111 0.7071067526058111 -0.00028432117113248793
outer loop
vertex 5358.6 8358.61 599.95
vertex 5016.570000000001 8700.51 276.64
vertex 4620.59 9096.62 599.95
endloop
endfacet
facet normal 0.7071067811865475 0.7071067811865475 0
outer loop
vertex 5018.52 8698.69 276.64
vertex 5018.26 8698.95 276.12
vertex 5017.35 8699.86 276.12
endloop
endfacet
facet normal 0.6782524637454324 0.7266990682987259 0.10900486024492115
outer loop
vertex 5018.52 8698.69 276.64
vertex 5017.35 8699.86 276.12
vertex 5016.570000000001 8700.51 276.64
endloop
endfacet
facet normal 0.652045005966292 0.7451942925315086 -0.13972392985055385
outer loop
vertex 5018.26 8698.95 276.12
vertex 5018.650000000001 8698.56 275.86
vertex 5017.610000000001 8699.470000000001 275.86
endloop
endfacet
facet normal 0.66666666666712 0.66666666666712 -0.33333333333151954
outer loop
vertex 5018.26 8698.95 276.12
vertex 5017.610000000001 8699.470000000001 275.86
vertex 5017.35 8699.86 276.12
endloop
endfacet
facet normal 0.6115766297251675 0.7644707871563756 0.20385887657523408
outer loop
vertex 3319.1600000000003 10398.050000000001 275.47
vertex 3319.03 10398.050000000001 275.86
vertex 3325.27 10391.81 280.54
endloop
endfacet
facet normal 0.598671094715489 0.798228126284061 0.066519010524777
outer loop
vertex 5018.13 8699.08 275.86
vertex 5018 8699.210000000001 275.47
vertex 5017.610000000001 8699.470000000001 275.86
endloop
endfacet
facet normal 0.6949338353331073 0.7181602335728643 -0.03623318125402254
outer loop
vertex 5018.650000000001 8698.56 275.86
vertex 5061.68 8655.4 245.70000000000002
vertex 5036.33 8680.75 261.95
endloop
endfacet
facet normal 0.7070913413310691 0.7070913413310691 -0.006608330292819337
outer loop
vertex 5018.650000000001 8698.56 275.86
vertex 5036.33 8680.75 261.95
vertex 5018.13 8699.08 275.86
endloop
endfacet
facet normal 0.707106781186565 0.7071067811865301 -1.915731965436716e-14
outer loop
vertex 3014.83 10702.380000000001 439.92
vertex 3112.85 10604.36 599.95
vertex 3131.31 10585.9 599.95
endloop
endfacet
facet normal 0.7071067811865508 0.7071067811865442 1.2968595611565228e-15
outer loop
vertex 3014.83 10702.380000000001 439.92
vertex 3131.31 10585.9 599.95
vertex 3112.85 10604.36 199.94
endloop
endfacet
facet normal 0.7071067811865488 0.7071067811865462 -3.161689220704258e-16
outer loop
vertex 3014.83 10702.380000000001 439.92
vertex 3112.85 10604.36 199.94
vertex 2858.57 10858.640000000001 199.94
endloop
endfacet
facet normal 0.7071067811865485 0.7071067811865465 0
outer loop
vertex 3014.83 10702.380000000001 439.92
vertex 2858.57 10858.640000000001 199.94
vertex 2858.57 10858.640000000001 599.95
endloop
endfacet
facet normal 0.7071067811865487 0.7071067811865462 4.741249635597124e-16
outer loop
vertex 3014.83 10702.380000000001 439.92
vertex 2858.57 10858.640000000001 599.95
vertex 3112.85 10604.36 599.95
endloop
endfacet
facet normal 0.7071067811865289 0.7071067811865662 3.3505693123850417e-15
outer loop
vertex 3158.09 10559.12 606.84
vertex 3112.85 10604.36 199.94
vertex 3140.54 10576.67 603.85
endloop
endfacet
facet normal 0.7071067811865094 0.7071067811865855 2.314729726348478e-13
outer loop
vertex 3158.09 10559.12 606.84
vertex 3140.54 10576.67 603.85
vertex 3149.6400000000003 10567.57 606.84
endloop
endfacet
facet normal 0.7068207926346909 0.7073926541174056 0
outer loop
vertex 5197.79 8519.29 227.24
vertex 5358.6 8358.61 276.64
vertex 5358.6 8358.61 199.94
endloop
endfacet
facet normal 0.7067641173168914 0.7074489662677805 -0.0006652818380065414
outer loop
vertex 5197.79 8519.29 227.24
vertex 5358.6 8358.61 199.94
vertex 5224.31 8492.77 199.94
endloop
endfacet
facet normal 0.7080171402429796 0.7061930254171772 0.0017719972593508752
outer loop
vertex 5197.79 8519.29 227.24
vertex 5224.31 8492.77 199.94
vertex 5168.93 8548.28 205.14000000000001
endloop
endfacet
facet normal 0.7074734757728316 0.7067326975111291 0.0031898819024339625
outer loop
vertex 5197.79 8519.29 227.24
vertex 5168.93 8548.28 205.14000000000001
vertex 5141.5 8575.710000000001 211.51000000000002
endloop
endfacet
facet normal 0.7067493310626213 0.707416148299909 0.008232628198728425
outer loop
vertex 5197.79 8519.29 227.24
vertex 5141.5 8575.710000000001 211.51000000000002
vertex 5114.33 8602.75 220.48000000000002
endloop
endfacet
facet normal 0.7071642837183848 0.707047811709163 -0.0014379813447182195
outer loop
vertex 5197.79 8519.29 227.24
vertex 5114.33 8602.75 220.48000000000002
vertex 5018.52 8698.69 276.64
endloop
endfacet
facet normal 0.7071055569743854 0.7071055569743854 -0.0018608040973025438
outer loop
vertex 5197.79 8519.29 227.24
vertex 5018.52 8698.69 276.64
vertex 5358.6 8358.61 276.64
endloop
endfacet
facet normal -0.7071067811865477 -0.7071067811865472 2.643914627578788e-14
outer loop
vertex 4395.82 9887.02 1294.28
vertex 4341.4800000000005 9941.36 1317.55
vertex 4288.83 9994.01 1292.2
endloop
endfacet
facet normal -0.7071067811865477 -0.7071067811865474 2.1640174484184172e-14
outer loop
vertex 4395.82 9887.02 1294.28
vertex 4288.83 9994.01 1292.2
vertex 4245.28 10037.56 1261.91
endloop
endfacet
facet normal -0.7071067811865467 -0.7071067811865482 1.2499560750947932e-14
outer loop
vertex 4395.82 9887.02 1294.28
vertex 4245.28 10037.56 1261.91
vertex 4652.18 9630.66 1261.91
endloop
endfacet
facet normal -0.7071067811865467 -0.7071067811865482 1.266541681938603e-14
outer loop
vertex 4395.82 9887.02 1294.28
vertex 4652.18 9630.66 1261.91
vertex 4451.46 9831.380000000001 1337.96
endloop
endfacet
facet normal -0.7071067811865493 -0.7071067811865458 1.9284632073060387e-14
outer loop
vertex 4395.82 9887.02 1294.28
vertex 4451.46 9831.380000000001 1337.96
vertex 4341.4800000000005 9941.36 1317.55
endloop
endfacet
facet normal -0.7071067811872542 -0.7071067811858407 5.30055516218367e-13
outer loop
vertex 4244.37 10038.470000000001 1261.91
vertex 4245.28 10037.56 1261.91
vertex 4245.02 10037.82 1262.43
endloop
endfacet
facet normal -0.7071067811865102 -0.7071067811865851 -3.747867286395027e-14
outer loop
vertex 4657.51 9625.33 1261.91
vertex 4663.88 9618.960000000001 1257.49
vertex 4657.77 9625.07 1262.43
endloop
endfacet
facet normal -0.707180769547531 -0.707032761851936 -0.00018124620168270312
outer loop
vertex 4434.17 9848.800000000001 937.95
vertex 5055.18 9227.66 937.95
vertex 4663.88 9618.960000000001 1257.49
endloop
endfacet
facet normal -0.7071067811865476 -0.7071067811865476 3.7967019742910327e-13
outer loop
vertex 4451.46 9831.380000000001 937.95
vertex 4469.92 9812.92 936.26
vertex 5057.26 9225.58 936.26
endloop
endfacet
facet normal -0.7071067811865481 -0.707106781186547 0
outer loop
vertex 4451.46 9831.380000000001 937.95
vertex 5057.26 9225.58 936.26
vertex 5055.18 9227.66 937.95
endloop
endfacet
facet normal -0.7085485477844596 -0.7032608720547204 0.058164433027129606
outer loop
vertex 4434.17 9848.800000000001 937.95
vertex 4432.87 9849.970000000001 936.26
vertex 4451.46 9831.380000000001 937.95
endloop
endfacet
facet normal -0.7071067811865469 -0.7071067811865481 3.8690075319400604e-15
outer loop
vertex 4469.92 9812.92 936.26
vertex 4488.25 9794.59 931.0600000000001
vertex 5063.63 9219.210000000001 931.0600000000001
endloop
endfacet
facet normal -0.7071067811865475 -0.7071067811865475 -1.3476348304651375e-13
outer loop
vertex 4469.92 9812.92 936.26
vertex 5063.63 9219.210000000001 931.0600000000001
vertex 5057.26 9225.58 936.26
endloop
endfacet
facet normal -0.7071067811865477 -0.7071067811865476 -7.609428017020556e-14
outer loop
vertex 4488.25 9794.59 931.0600000000001
vertex 4505.8 9777.04 922.61
vertex 5073.900000000001 9208.94 922.61
endloop
endfacet
facet normal -0.707106781186547 -0.7071067811865481 0
outer loop
vertex 4488.25 9794.59 931.0600000000001
vertex 5073.900000000001 9208.94 922.61
vertex 5063.63 9219.210000000001 931.0600000000001
endloop
endfacet
facet normal -0.7071067811872551 -0.7071067811858399 -1.0247891882915689e-12
outer loop
vertex 4349.41 9933.43 1117.0900000000001
vertex 4245.28 10037.56 1261.91
vertex 4244.37 10038.470000000001 1261.91
endloop
endfacet
facet normal -0.7071067811865488 -0.7071067811865465 2.792339273683253e-15
outer loop
vertex 4349.41 9933.43 1117.0900000000001
vertex 4244.37 10038.470000000001 1261.91
vertex 3828.8900000000003 10453.95 922.61
endloop
endfacet
facet normal -0.7071067811865481 -0.707106781186547 -2.794001776227718e-16
outer loop
vertex 4349.41 9933.43 1117.0900000000001
vertex 3828.8900000000003 10453.95 922.61
vertex 4396.99 9885.85 922.61
endloop
endfacet
facet normal -0.7071067811865476 -0.7071067811865476 0
outer loop
vertex 4349.41 9933.43 1117.0900000000001
vertex 4396.99 9885.85 922.61
vertex 4414.67 9868.17 931.0600000000001
endloop
endfacet
facet normal -0.7071067811865466 -0.7071067811865483 6.082912953875392e-16
outer loop
vertex 4349.41 9933.43 1117.0900000000001
vertex 4414.67 9868.17 931.0600000000001
vertex 4663.88 9618.960000000001 1257.49
endloop
endfacet
facet normal -0.7071067811865323 -0.7071067811865628 -6.446712053586559e-14
outer loop
vertex 4349.41 9933.43 1117.0900000000001
vertex 4663.88 9618.960000000001 1257.49
vertex 4652.18 9630.66 1261.91
endloop
endfacet
facet normal -0.7071067811865467 -0.7071067811865483 -3.3177413550681386e-15
outer loop
vertex 4349.41 9933.43 1117.0900000000001
vertex 4652.18 9630.66 1261.91
vertex 4245.28 10037.56 1261.91
endloop
endfacet
facet normal -0.7071067811865481 -0.7071067811865469 5.38393906762278e-14
outer loop
vertex 4505.8 9777.04 922.61
vertex 4522.4400000000005 9760.4 911.0400000000001
vertex 5088.2 9194.64 911.0400000000001
endloop
endfacet
facet normal -0.7071067811865476 -0.7071067811865476 1.127144267120006e-13
outer loop
vertex 4505.8 9777.04 922.61
vertex 5088.2 9194.64 911.0400000000001
vertex 5073.900000000001 9208.94 922.61
endloop
endfacet
facet normal -0.707106781186548 -0.7071067811865469 1.3757750106616998e-15
outer loop
vertex 3828.8900000000003 10453.95 922.61
vertex 3814.7200000000003 10468.12 911.0400000000001
vertex 4380.35 9902.49 911.0400000000001
endloop
endfacet
facet normal -0.707106781186548 -0.7071067811865469 0
outer loop
vertex 3828.8900000000003 10453.95 922.61
vertex 4380.35 9902.49 911.0400000000001
vertex 4396.99 9885.85 922.61
endloop
endfacet
facet normal -0.7071067811865469 -0.7071067811865481 3.586459707427465e-15
outer loop
vertex 4522.4400000000005 9760.4 911.0400000000001
vertex 4870.45 9412.39 626.99
vertex 5436.08 8846.76 626.99
endloop
endfacet
facet normal -0.7071067811865481 -0.7071067811865469 -3.585635612825573e-15
outer loop
vertex 4522.4400000000005 9760.4 911.0400000000001
vertex 5436.08 8846.76 626.99
vertex 5088.2 9194.64 911.0400000000001
endloop
endfacet
facet normal -0.7071067811865481 -0.7071067811865471 1.4089663136322163e-15
outer loop
vertex 3814.7200000000003 10468.12 911.0400000000001
vertex 3466.71 10816.130000000001 626.99
vertex 4032.34 10250.5 626.99
endloop
endfacet
facet normal -0.7071067811865481 -0.7071067811865471 1.4089663136322163e-15
outer loop
vertex 3814.7200000000003 10468.12 911.0400000000001
vertex 4032.34 10250.5 626.99
vertex 4380.35 9902.49 911.0400000000001
endloop
endfacet
facet normal -0.7071067811865476 -0.7071067811865476 -1.0301151957690755e-13
outer loop
vertex 4870.45 9412.39 626.99
vertex 4877.99 9404.85 620.75
vertex 5444.27 8838.57 620.75
endloop
endfacet
facet normal -0.707106781186547 -0.707106781186548 0
outer loop
vertex 4870.45 9412.39 626.99
vertex 5444.27 8838.57 620.75
vertex 5436.08 8846.76 626.99
endloop
endfacet
facet normal -0.7071067811865466 -0.7071067811865483 1.523332895510102e-13
outer loop
vertex 3466.71 10816.130000000001 626.99
vertex 3458.52 10824.32 620.75
vertex 4024.8 10258.04 620.75
endloop
endfacet
facet normal -0.7071067811865481 -0.7071067811865469 -1.0495197938476323e-13
outer loop
vertex 3466.71 10816.130000000001 626.99
vertex 4024.8 10258.04 620.75
vertex 4032.34 10250.5 626.99
endloop
endfacet
facet normal -0.7070850933541228 -0.7069233260026335 -0.017031791149657784
outer loop
vertex 4877.99 9404.85 620.75
vertex 4884.75 9398.220000000001 615.2900000000001
vertex 5452.85 8829.99 615.2900000000001
endloop
endfacet
facet normal -0.7071067811865475 -0.7071067811865475 0
outer loop
vertex 4877.99 9404.85 620.75
vertex 5452.85 8829.99 615.2900000000001
vertex 5444.27 8838.57 620.75
endloop
endfacet
facet normal -0.7071067811865478 -0.7071067811865471 -1.1693562672031316e-13
outer loop
vertex 3458.52 10824.32 620.75
vertex 3450.07 10832.77 615.2900000000001
vertex 4018.17 10264.67 615.2900000000001
endloop
endfacet
facet normal -0.7071067811865466 -0.7071067811865483 1.1980744124442157e-13
outer loop
vertex 3458.52 10824.32 620.75
vertex 4018.17 10264.67 615.2900000000001
vertex 4024.8 10258.04 620.75
endloop
endfacet
facet normal -0.7069704188709028 -0.7069704188709041 0.019638067191013454
outer loop
vertex 4884.75 9398.220000000001 615.2900000000001
vertex 4890.34 9392.5 610.61
vertex 5461.56 8821.28 610.61
endloop
endfacet
facet normal -0.7071876399094168 -0.7070258490972651 -0.0003011106783074459
outer loop
vertex 4884.75 9398.220000000001 615.2900000000001
vertex 5461.56 8821.28 610.61
vertex 5452.85 8829.99 615.2900000000001
endloop
endfacet
facet normal -0.7071067811865462 -0.7071067811865487 1.330637928046379e-13
outer loop
vertex 3450.07 10832.77 615.2900000000001
vertex 3441.36 10841.48 610.61
vertex 4012.4500000000003 10270.390000000001 610.61
endloop
endfacet
facet normal -0.7071067811865477 -0.7071067811865471 -2.0125091312620712e-13
outer loop
vertex 3450.07 10832.77 615.2900000000001
vertex 4012.4500000000003 10270.390000000001 610.61
vertex 4018.17 10264.67 615.2900000000001
endloop
endfacet
facet normal -0.707106781186547 -0.707106781186548 1.3341405282551822e-15
outer loop
vertex 4890.34 9392.5 610.61
vertex 4895.02 9387.82 606.84
vertex 5470.400000000001 8812.44 606.84
endloop
endfacet
facet normal -0.707106781186547 -0.7071067811865481 0
outer loop
vertex 4890.34 9392.5 610.61
vertex 5470.400000000001 8812.44 606.84
vertex 5461.56 8821.28 610.61
endloop
endfacet
facet normal -0.7071067811865486 -0.7071067811865468 -2.520043220037564e-13
outer loop
vertex 3441.36 10841.48 610.61
vertex 3432.3900000000003 10850.45 606.84
vertex 4007.77 10275.07 606.84
endloop
endfacet
facet normal -0.7071067811865465 -0.7071067811865487 3.4410560673405537e-13
outer loop
vertex 3441.36 10841.48 610.61
vertex 4007.77 10275.07 606.84
vertex 4012.4500000000003 10270.390000000001 610.61
endloop
endfacet
facet normal -0.7071067811865476 -0.7071067811865476 0
outer loop
vertex 4895.02 9387.82 606.84
vertex 4898.66 9384.18 603.85
vertex 5479.5 8803.34 603.85
endloop
endfacet
facet normal -0.707106781186547 -0.7071067811865481 2.153186800383999e-13
outer loop
vertex 4895.02 9387.82 606.84
vertex 5479.5 8803.34 603.85
vertex 5470.400000000001 8812.44 606.84
endloop
endfacet
facet normal -0.7071067811865469 -0.707106781186548 2.1186085045354825e-13
outer loop
vertex 3432.3900000000003 10850.45 606.84
vertex 3423.42 10859.42 603.85
vertex 4004.13 10278.710000000001 603.85
endloop
endfacet
facet normal -0.7071067811865483 -0.7071067811865467 -3.349401689486217e-13
outer loop
vertex 3432.3900000000003 10850.45 606.84
vertex 4004.13 10278.710000000001 603.85
vertex 4007.77 10275.07 606.84
endloop
endfacet
facet normal -0.7071067811865476 -0.7071067811865476 0
outer loop
vertex 4898.66 9384.18 603.85
vertex 4901.26 9381.58 601.77
vertex 5488.6 8794.24 601.77
endloop
endfacet
facet normal -0.7071067811865476 -0.7071067811865476 0
outer loop
vertex 4898.66 9384.18 603.85
vertex 5488.6 8794.24 601.77
vertex 5479.5 8803.34 603.85
endloop
endfacet
facet normal -0.7071067811865476 -0.7071067811865476 1.5476743756122557e-13
outer loop
vertex 3423.42 10859.42 603.85
vertex 3414.19 10868.65 601.77
vertex 4001.53 10281.31 601.77
endloop
endfacet
facet normal -0.707106781186547 -0.707106781186548 4.770572996226671e-13
outer loop
vertex 3423.42 10859.42 603.85
vertex 4001.53 10281.31 601.77
vertex 4004.13 10278.710000000001 603.85
endloop
endfacet
facet normal -0.7071067811865465 -0.7071067811865485 4.974976103900497e-13
outer loop
vertex 4901.26 9381.58 601.77
vertex 4902.95 9379.89 600.47
vertex 5497.96 8784.880000000001 600.47
endloop
endfacet
facet normal -0.7071067811865475 -0.7071067811865475 -4.851485389674602e-13
outer loop
vertex 4901.26 9381.58 601.77
vertex 5497.96 8784.880000000001 600.47
vertex 5488.6 8794.24 601.77
endloop
endfacet
facet normal -0.7071067811865474 -0.7071067811865474 -7.424530872418027e-13
outer loop
vertex 3414.19 10868.65 601.77
vertex 3404.96 10877.880000000001 600.47
vertex 3999.9700000000003 10282.87 600.47
endloop
endfacet
facet normal -0.7071067811865475 -0.7071067811865475 -7.546755050604936e-13
outer loop
vertex 3414.19 10868.65 601.77
vertex 3999.9700000000003 10282.87 600.47
vertex 4001.53 10281.31 601.77
endloop
endfacet
facet normal -0.707106781186548 -0.7071067811865469 -2.474518657063221e-12
outer loop
vertex 4902.95 9379.89 600.47
vertex 4903.47 9379.37 599.95
vertex 5507.1900000000005 8775.65 599.95
endloop
endfacet
facet normal -0.7071067811865465 -0.7071067811865487 1.330263090242874e-12
outer loop
vertex 4902.95 9379.89 600.47
vertex 5507.1900000000005 8775.65 599.95
vertex 5497.96 8784.880000000001 600.47
endloop
endfacet
facet normal -0.7071067811865465 -0.7071067811865487 1.81667140860634e-12
outer loop
vertex 3404.96 10877.880000000001 600.47
vertex 3395.6 10887.24 599.95
vertex 3999.4500000000003 10283.390000000001 599.95
endloop
endfacet
facet normal -0.7071067811865475 -0.7071067811865475 -6.651315451214359e-13
outer loop
vertex 3404.96 10877.880000000001 600.47
vertex 3999.4500000000003 10283.390000000001 599.95
vertex 3999.9700000000003 10282.87 600.47
endloop
endfacet
facet normal -0.7071067811865481 -0.707106781186547 9.470015933221044e-16
outer loop
vertex 5363.02 8919.82 437.97
vertex 5507.1900000000005 8775.65 599.95
vertex 4903.47 9379.37 599.95
endloop
endfacet
facet normal -0.7071067811865481 -0.7071067811865469 4.863624104096777e-16
outer loop
vertex 5363.02 8919.82 437.97
vertex 4903.47 9379.37 599.95
vertex 5300.49 8982.35 275.86
endloop
endfacet
facet normal -0.7071067811865476 -0.7071067811865476 0
outer loop
vertex 5363.02 8919.82 437.97
vertex 5300.49 8982.35 275.86
vertex 5301.01 8981.83 275.86
endloop
endfacet
facet normal -0.7071067811865476 -0.7071067811865476 0
outer loop
vertex 5363.02 8919.82 437.97
vertex 5301.01 8981.83 275.86
vertex 5582.85 8699.99 275.86
endloop
endfacet
facet normal -0.7071067811865475 -0.7071067811865475 0
outer loop
vertex 5363.02 8919.82 437.97
vertex 5582.85 8699.99 275.86
vertex 5582.85 8699.99 599.95
endloop
endfacet
facet normal -0.7071067811865476 -0.7071067811865476 0
outer loop
vertex 5363.02 8919.82 437.97
vertex 5582.85 8699.99 599.95
vertex 5507.1900000000005 8775.65 599.95
endloop
endfacet
facet normal -0.7071067811865476 -0.7071067811865476 -1.6489648300968517e-12
outer loop
vertex 5300.49 8982.35 275.86
vertex 5300.88 8981.960000000001 275.47
vertex 5301.01 8981.83 275.86
endloop
endfacet
facet normal -0.7071067811863002 -0.7071067811867949 -6.595988354953356e-13
outer loop
vertex 3601.9100000000003 10680.93 275.86
vertex 3602.04 10680.800000000001 275.47
vertex 3608.15 10674.69 280.54
endloop
endfacet
facet normal -0.7071067811865377 -0.7071067811865572 -2.7944600021486353e-14
outer loop
vertex 3505.58 10777.26 220.48000000000002
vertex 3558.23 10724.61 245.70000000000002
vertex 3608.15 10674.69 280.54
endloop
endfacet
facet normal -0.7071067811865603 -0.7071067811865346 -8.006428680595585e-14
outer loop
vertex 5434.52 8848.32 232.96
vertex 5301.01 8981.83 275.86
vertex 5319.21 8963.630000000001 261.95
endloop
endfacet
facet normal -0.707106781186552 -0.7071067811865429 -1.468170057362708e-14
outer loop
vertex 5434.52 8848.32 232.96
vertex 5319.21 8963.630000000001 261.95
vertex 5344.56 8938.28 245.70000000000002
endloop
endfacet
facet normal -0.7071067811865526 -0.7071067811865425 -2.1128053920092092e-14
outer loop
vertex 5434.52 8848.32 232.96
vertex 5344.56 8938.28 245.70000000000002
vertex 5397.21 8885.630000000001 220.48000000000002
endloop
endfacet
facet normal -0.7071067811865579 -0.7071067811865372 9.80744373749455e-15
outer loop
vertex 5434.52 8848.32 232.96
vertex 5397.21 8885.630000000001 220.48000000000002
vertex 5424.25 8858.59 211.51000000000002
endloop
endfacet
facet normal -0.7071067811865476 -0.7071067811865476 0
outer loop
vertex 5434.52 8848.32 232.96
vertex 5424.25 8858.59 211.51000000000002
vertex 5451.68 8831.16 205.14000000000001
endloop
endfacet
facet normal -0.7071067811865475 -0.7071067811865475 0
outer loop
vertex 5434.52 8848.32 232.96
vertex 5451.68 8831.16 205.14000000000001
vertex 5507.1900000000005 8775.65 199.94
endloop
endfacet
facet normal -0.7071067811865476 -0.7071067811865476 0
outer loop
vertex 5434.52 8848.32 232.96
vertex 5507.1900000000005 8775.65 199.94
vertex 5582.85 8699.99 199.94
endloop
endfacet
facet normal -0.7071067811865475 -0.7071067811865475 0
outer loop
vertex 5434.52 8848.32 232.96
vertex 5582.85 8699.99 199.94
vertex 5582.85 8699.99 275.86
endloop
endfacet
facet normal -0.7071067811865476 -0.7071067811865476 0
outer loop
vertex 5434.52 8848.32 232.96
vertex 5582.85 8699.99 275.86
vertex 5301.01 8981.83 275.86
endloop
endfacet
facet normal -0.707106781186549 -0.707106781186546 3.1687012392411774e-14
outer loop
vertex 3395.6 10887.24 199.94
vertex 3451.11 10831.73 205.14000000000001
vertex 3505.58 10777.26 220.48000000000002
endloop
endfacet
facet normal -0.70710678118655 -0.7071067811865451 -8.301397890679079e-15
outer loop
vertex 3446.9500000000003 10835.890000000001 413.40000000000003
vertex 3395.6 10887.24 599.95
vertex 3141.4500000000003 11141.390000000001 599.95
endloop
endfacet
facet normal -0.7071067811865476 -0.7071067811865476 0
outer loop
vertex 3446.9500000000003 10835.890000000001 413.40000000000003
vertex 3141.4500000000003 11141.390000000001 599.95
vertex 3141.4500000000003 11141.390000000001 199.94
endloop
endfacet
facet normal -0.7071067811865501 -0.707106781186545 7.254875744899194e-15
outer loop
vertex 3446.9500000000003 10835.890000000001 413.40000000000003
vertex 3141.4500000000003 11141.390000000001 199.94
vertex 3395.6 10887.24 199.94
endloop
endfacet
facet normal -0.7071067811865471 -0.7071067811865479 5.833392331427473e-15
outer loop
vertex 3446.9500000000003 10835.890000000001 413.40000000000003
vertex 3395.6 10887.24 199.94
vertex 3608.15 10674.69 280.54
endloop
endfacet
facet normal -0.707106781186548 -0.7071067811865468 3.480401374209105e-15
outer loop
vertex 3446.9500000000003 10835.890000000001 413.40000000000003
vertex 3608.15 10674.69 280.54
vertex 3999.4500000000003 10283.390000000001 599.95
endloop
endfacet
facet normal -0.7071067811865465 -0.7071067811865486 -6.3027477347244285e-15
outer loop
vertex 3446.9500000000003 10835.890000000001 413.40000000000003
vertex 3999.4500000000003 10283.390000000001 599.95
vertex 3395.6 10887.24 599.95
endloop
endfacet
facet normal -0.02340636982892019 0.023406369828920262 0.9994519916948806
outer loop
vertex 3112.85 10604.36 199.94
vertex 3140.54 10576.54 201.24
vertex 3423.42 10859.42 201.24
endloop
endfacet
facet normal -0.023357108743657373 0.023346374778242158 0.9994545473686389
outer loop
vertex 3112.85 10604.36 199.94
vertex 3423.42 10859.42 201.24
vertex 3395.6 10887.24 199.94
endloop
endfacet
facet normal -0.07007586314811645 0.07007586314811667 0.9950772567032637
outer loop
vertex 3140.54 10576.54 201.24
vertex 3168.23 10548.85 205.14000000000001
vertex 3451.11 10831.73 205.14000000000001
endloop
endfacet
facet normal -0.07007586314811645 0.07007586314811669 0.9950772567032637
outer loop
vertex 3140.54 10576.54 201.24
vertex 3451.11 10831.73 205.14000000000001
vertex 3423.42 10859.42 201.24
endloop
endfacet
facet normal -0.11457921681029291 0.11457921681029236 0.9867842753866115
outer loop
vertex 3168.23 10548.85 205.14000000000001
vertex 3195.6600000000003 10521.42 211.51000000000002
vertex 3478.54 10804.300000000001 211.51000000000002
endloop
endfacet
facet normal -0.11457921681029708 0.11457921681029745 0.9867842753866105
outer loop
vertex 3168.23 10548.85 205.14000000000001
vertex 3478.54 10804.300000000001 211.51000000000002
vertex 3451.11 10831.73 205.14000000000001
endloop
endfacet
facet normal -0.16115210296026403 0.16107804408941878 0.9736959810042413
outer loop
vertex 3195.6600000000003 10521.42 211.51000000000002
vertex 3222.83 10494.380000000001 220.48000000000002
vertex 3505.58 10777.26 220.48000000000002
endloop
endfacet
facet normal -0.16148227827542558 0.1614822782754248 0.9735743153996804
outer loop
vertex 3195.6600000000003 10521.42 211.51000000000002
vertex 3505.58 10777.26 220.48000000000002
vertex 3478.54 10804.300000000001 211.51000000000002
endloop
endfacet
facet normal -0.2058407730950754 0.20584077309507476 0.9566917749532728
outer loop
vertex 3222.83 10494.380000000001 220.48000000000002
vertex 3249.35 10467.73 231.92000000000002
vertex 3532.23 10750.61 231.92000000000002
endloop
endfacet
facet normal -0.2054283269777422 0.20533392057747726 0.9568893266911321
outer loop
vertex 3222.83 10494.380000000001 220.48000000000002
vertex 3532.23 10750.61 231.92000000000002
vertex 3505.58 10777.26 220.48000000000002
endloop
endfacet
facet normal -0.24766019151015486 0.24754637708390845 0.9366884331162548
outer loop
vertex 3249.35 10467.73 231.92000000000002
vertex 3275.48 10441.73 245.70000000000002
vertex 3558.23 10724.61 245.70000000000002
endloop
endfacet
facet normal -0.24814626866414063 0.24814626866413986 0.936401013826944
outer loop
vertex 3249.35 10467.73 231.92000000000002
vertex 3558.23 10724.61 245.70000000000002
vertex 3532.23 10750.61 231.92000000000002
endloop
endfacet
facet normal -0.2919909272863126 0.2918567402792885 0.9108023614023115
outer loop
vertex 3275.48 10441.73 245.70000000000002
vertex 3300.83 10416.380000000001 261.95
vertex 3583.58 10699.26 261.95
endloop
endfacet
facet normal -0.291990927286305 0.291856740279279 0.9108023614023172
outer loop
vertex 3275.48 10441.73 245.70000000000002
vertex 3583.58 10699.26 261.95
vertex 3558.23 10724.61 245.70000000000002
endloop
endfacet
facet normal 0.3353774465202539 -0.3353774465202528 -0.88036579711567
outer loop
vertex 3466.71 10816.130000000001 626.99
vertex 3183.83 10533.25 626.99
vertex 3175.6400000000003 10541.44 620.75
endloop
endfacet
facet normal 0.3353774465202748 -0.33537744652027535 -0.8803657971156534
outer loop
vertex 3466.71 10816.130000000001 626.99
vertex 3175.6400000000003 10541.44 620.75
vertex 3458.52 10824.32 620.75
endloop
endfacet
facet normal 0.2919977739392816 -0.2919977739392821 -0.9107549615725451
outer loop
vertex 3458.52 10824.32 620.75
vertex 3175.6400000000003 10541.44 620.75
vertex 3167.19 10550.02 615.2900000000001
endloop
endfacet
facet normal 0.29378968088006197 -0.29392475659540923 -0.9095580579977952
outer loop
vertex 3458.52 10824.32 620.75
vertex 3167.19 10550.02 615.2900000000001
vertex 3450.07 10832.77 615.2900000000001
endloop
endfacet
facet normal 0.2510833384385701 -0.2511987790539443 -0.9348028297776757
outer loop
vertex 3450.07 10832.77 615.2900000000001
vertex 3167.19 10550.02 615.2900000000001
vertex 3158.48 10558.73 610.61
endloop
endfacet
facet normal 0.2510833384385698 -0.25119877905394394 -0.9348028297776759
outer loop
vertex 3450.07 10832.77 615.2900000000001
vertex 3158.48 10558.73 610.61
vertex 3441.36 10841.48 610.61
endloop
endfacet
facet normal 0.20410756976629063 -0.20420141232710282 -0.9574141649086436
outer loop
vertex 3441.36 10841.48 610.61
vertex 3158.48 10558.73 610.61
vertex 3149.6400000000003 10567.57 606.84
endloop
endfacet
facet normal 0.2014837630550854 -0.20139116941397478 -0.9585644944954064
outer loop
vertex 3441.36 10841.48 610.61
vertex 3149.6400000000003 10567.57 606.84
vertex 3432.3900000000003 10850.45 606.84
endloop
endfacet
facet normal 0.16006025419973116 -0.15998669709761673 -0.974055938731094
outer loop
vertex 3432.3900000000003 10850.45 606.84
vertex 3149.6400000000003 10567.57 606.84
vertex 3140.54 10576.67 603.85
endloop
endfacet
facet normal 0.16218413719556637 -0.16225870461496666 -0.9733285254315743
outer loop
vertex 3432.3900000000003 10850.45 606.84
vertex 3140.54 10576.67 603.85
vertex 3423.42 10859.42 603.85
endloop
endfacet
facet normal 0.11201605835280083 -0.11206755998882514 -0.9873668338916662
outer loop
vertex 3423.42 10859.42 603.85
vertex 3140.54 10576.67 603.85
vertex 3131.31 10585.77 601.77
endloop
endfacet
facet normal 0.11127221183529135 -0.11127221183529172 -0.9875408800381705
outer loop
vertex 3423.42 10859.42 603.85
vertex 3131.31 10585.77 601.77
vertex 3414.19 10868.65 601.77
endloop
endfacet
facet normal 0.07007586314811605 -0.07007586314811629 -0.9950772567032637
outer loop
vertex 3414.19 10868.65 601.77
vertex 3131.31 10585.77 601.77
vertex 3122.08 10595 600.47
endloop
endfacet
facet normal 0.07007586314810957 -0.07007586314810932 -0.9950772567032645
outer loop
vertex 3414.19 10868.65 601.77
vertex 3122.08 10595 600.47
vertex 3404.96 10877.880000000001 600.47
endloop
endfacet
facet normal 0.02795016734994262 -0.02795016734994253 -0.9992184827605125
outer loop
vertex 3404.96 10877.880000000001 600.47
vertex 3122.08 10595 600.47
vertex 3112.85 10604.36 599.95
endloop
endfacet
facet normal 0.027762748389533434 -0.027749989773545678 -0.9992292869353998
outer loop
vertex 3404.96 10877.880000000001 600.47
vertex 3112.85 10604.36 599.95
vertex 3395.6 10887.24 599.95
endloop
endfacet
facet normal 0.7053138270746103 0.7086651457251635 0.01805869795138861
outer loop
vertex 4058.6000000000004 9658.61 1317.55
vertex 4113.07 9604.01 1332.76
vertex 4168.58 9548.630000000001 1337.96
endloop
endfacet
facet normal 0.7071067811865445 0.7071067811865505 -6.361601367968518e-14
outer loop
vertex 4224.09 9493.12 1332.76
vertex 4278.56 9438.65 1317.55
vertex 4168.58 9548.630000000001 1337.96
endloop
endfacet
facet normal 0.7050106816276935 0.7091447090797313 -0.008586057015770681
outer loop
vertex 4331.21 9386 1292.2
vertex 4381 9336.08 1257.49
vertex 4278.56 9438.65 1317.55
endloop
endfacet
facet normal 0.7044413989487748 0.7097518797173858 0.0038189900144970056
outer loop
vertex 4168.58 9548.630000000001 937.95
vertex 4149.99 9567.09 936.26
vertex 4381 9336.08 1257.49
endloop
endfacet
facet normal 0.6959218821412204 0.7178966428286437 0.017808542118432028
outer loop
vertex 4161.3 9555.78 985.9200000000001
vertex 4114.24 9602.970000000001 922.61
vertex 4104.62 9612.460000000001 915.98
endloop
endfacet
facet normal 0.7071067811862382 0.7071067811868571 4.995450456965957e-13
outer loop
vertex 4161.3 9555.78 985.9200000000001
vertex 4104.62 9612.460000000001 915.98
vertex 4103.58 9613.5 915.98
endloop
endfacet
facet normal 0.7071067811865441 0.7071067811865509 -4.497026533356755e-15
outer loop
vertex 4161.3 9555.78 985.9200000000001
vertex 4103.58 9613.5 915.98
vertex 4102.93 9614.15 917.6700000000001
endloop
endfacet
facet normal 0.7071067811864199 0.707106781186675 2.0861286722849294e-13
outer loop
vertex 4161.3 9555.78 985.9200000000001
vertex 4102.93 9614.15 917.6700000000001
vertex 4381 9336.08 1257.49
endloop
endfacet
facet normal 0.6956741743793847 0.7181277588899537 0.01816493912056736
outer loop
vertex 4161.3 9555.78 985.9200000000001
vertex 4381 9336.08 1257.49
vertex 4114.24 9602.970000000001 922.61
endloop
endfacet
facet normal 0.7071067811862383 0.7071067811868567 8.949429219892153e-13
outer loop
vertex 4104.62 9612.460000000001 915.98
vertex 4097.47 9619.61 911.0400000000001
vertex 4103.58 9613.5 915.98
endloop
endfacet
facet normal 0.7070065889393308 0.7070065889393308 0.01683349021279667
outer loop
vertex 3178.11 10539.1 615.2900000000001
vertex 3167.19 10550.02 615.2900000000001
vertex 3175.6400000000003 10541.44 620.75
endloop
endfacet
facet normal 0.7019941927343106 0.7121823260515424 0.0006984462171139074
outer loop
vertex 3112.85 10604.36 199.94
vertex 3131.31 10585.77 601.77
vertex 3140.54 10576.67 603.85
endloop
endfacet
facet normal 0.7074704984049589 0.7067428753264673 0.00004540832991085716
outer loop
vertex 3194.36 10522.85 354.90000000000003
vertex 3178.11 10539.1 615.2900000000001
vertex 3325.27 10391.81 280.54
endloop
endfacet
facet normal 0.7077131021873325 0.7064993645071762 0.0009016337052531437
outer loop
vertex 3194.36 10522.85 354.90000000000003
vertex 3325.27 10391.81 280.54
vertex 3275.48 10441.73 245.70000000000002
endloop
endfacet
facet normal 0.7071067811865555 0.7071067811865397 5.6925326895321216e-15
outer loop
vertex 3194.36 10522.85 354.90000000000003
vertex 3275.48 10441.73 245.70000000000002
vertex 3222.83 10494.380000000001 220.48000000000002
endloop
endfacet
facet normal 0.706310884679573 0.707901702681268 -0.00033693340654615767
outer loop
vertex 3194.36 10522.85 354.90000000000003
vertex 3222.83 10494.380000000001 220.48000000000002
vertex 3168.23 10548.85 205.14000000000001
endloop
endfacet
facet normal 0.707150951960532 0.7070623276683653 -0.0006292324743007558
outer loop
vertex 3194.36 10522.85 354.90000000000003
vertex 3168.23 10548.85 205.14000000000001
vertex 3140.54 10576.54 201.24
endloop
endfacet
facet normal 0.7088014248315371 0.7054058051480857 -0.0017861187428891904
outer loop
vertex 3194.36 10522.85 354.90000000000003
vertex 3140.54 10576.54 201.24
vertex 3112.85 10604.36 199.94
endloop
endfacet
facet normal 0.7071067811865457 0.7071067811865495 1.985141045040997e-15
outer loop
vertex 3194.36 10522.85 354.90000000000003
vertex 3112.85 10604.36 199.94
vertex 3158.48 10558.73 610.61
endloop
endfacet
facet normal 0.7071067811865126 0.7071067811865823 -7.28319188567784e-15
outer loop
vertex 3194.36 10522.85 354.90000000000003
vertex 3158.48 10558.73 610.61
vertex 3167.19 10550.02 615.2900000000001
endloop
endfacet
facet normal 0.7071067811865475 0.7071067811865475 0
outer loop
vertex 3194.36 10522.85 354.90000000000003
vertex 3167.19 10550.02 615.2900000000001
vertex 3178.11 10539.1 615.2900000000001
endloop
endfacet
facet normal 0.7220873310952292 0.6881684588837633 -0.07081001673008552
outer loop
vertex 3249.35 10467.73 231.92000000000002
vertex 3222.83 10494.380000000001 220.48000000000002
vertex 3275.48 10441.73 245.70000000000002
endloop
endfacet
facet normal 0.7047749670531546 0.7093661807405087 -0.00958475022359826
outer loop
vertex 5114.33 8602.75 220.48000000000002
vertex 5061.68 8655.4 245.70000000000002
vertex 5018.26 8698.95 276.12
endloop
endfacet
facet normal 0.7074774306563508 0.7067358400581752 -0.00037079529909776233
outer loop
vertex 5114.33 8602.75 220.48000000000002
vertex 5018.26 8698.95 276.12
vertex 5018.52 8698.69 276.64
endloop
endfacet
facet normal 0.7106655747845797 0.7026915392534159 -0.03433717340970387
outer loop
vertex 3195.6600000000003 10521.42 211.51000000000002
vertex 3168.23 10548.85 205.14000000000001
vertex 3222.83 10494.380000000001 220.48000000000002
endloop
endfacet
facet normal 0.6964555422087904 0.7168914442693985 0.0318800072144885
outer loop
vertex 3325.27 10391.81 280.54
vertex 3300.83 10416.380000000001 261.95
vertex 3275.48 10441.73 245.70000000000002
endloop
endfacet
facet normal -0.707106781186536 -0.707106781186559 -2.4615245199905453e-13
outer loop
vertex 3395.6 10887.24 199.94
vertex 3423.42 10859.42 201.24
vertex 3451.11 10831.73 205.14000000000001
endloop
endfacet
facet normal -0.7071067811865476 -0.7071067811865476 0
outer loop
vertex 4395.95 9886.890000000001 1332.76
vertex 4341.4800000000005 9941.36 1317.55
vertex 4451.46 9831.380000000001 1337.96
endloop
endfacet
facet normal -0.7071067811865519 -0.7071067811865431 -3.126342304079686e-14
outer loop
vertex 4559.49 9723.35 1307.54
vertex 4663.88 9618.960000000001 1257.49
vertex 4614.09 9668.75 1292.2
endloop
endfacet
facet normal -0.7071067811865476 -0.7071067811865476 0
outer loop
vertex 4559.49 9723.35 1307.54
vertex 4614.09 9668.75 1292.2
vertex 4561.4400000000005 9721.4 1317.55
endloop
endfacet
facet normal -0.7071067811865475 -0.7071067811865475 0
outer loop
vertex 4559.49 9723.35 1307.54
vertex 4561.4400000000005 9721.4 1317.55
vertex 4506.84 9776 1332.76
endloop
endfacet
facet normal -0.7071067811865547 -0.7071067811865404 -3.0354184604158246e-14
outer loop
vertex 4559.49 9723.35 1307.54
vertex 4506.84 9776 1332.76
vertex 4451.46 9831.380000000001 1337.96
endloop
endfacet
facet normal -0.7071067811865591 -0.707106781186536 -6.167792479459971e-14
outer loop
vertex 4559.49 9723.35 1307.54
vertex 4451.46 9831.380000000001 1337.96
vertex 4663.88 9618.960000000001 1257.49
endloop
endfacet
facet normal -0.7071067811865253 -0.7071067811865699 -3.1981505855108605e-14
outer loop
vertex 4414.67 9868.17 931.0600000000001
vertex 4432.87 9849.970000000001 936.26
vertex 4663.88 9618.960000000001 1257.49
endloop
endfacet
facet normal -0.7071067811865164 -0.7071067811865785 -1.197820583119558e-13
outer loop
vertex 3505.58 10777.26 220.48000000000002
vertex 3532.23 10750.61 231.92000000000002
vertex 3558.23 10724.61 245.70000000000002
endloop
endfacet
facet normal -0.7071067811864613 -0.707106781186634 -5.925488939129761e-13
outer loop
vertex 3451.11 10831.73 205.14000000000001
vertex 3478.54 10804.300000000001 211.51000000000002
vertex 3505.58 10777.26 220.48000000000002
endloop
endfacet
facet normal -0.7071067811865461 -0.7071067811865489 5.718297235096576e-16
outer loop
vertex 3395.6 10887.24 199.94
vertex 3505.58 10777.26 220.48000000000002
vertex 3608.15 10674.69 280.54
endloop
endfacet
facet normal -0.7071067811866257 -0.7071067811864694 2.233206486223954e-13
outer loop
vertex 3558.23 10724.61 245.70000000000002
vertex 3583.58 10699.26 261.95
vertex 3608.15 10674.69 280.54
endloop
endfacet
facet normal 0.6396021490673387 -0.6396021490673407 0.4264014327096953
outer loop
vertex 3602.04 10680.800000000001 275.47
vertex 3601.9100000000003 10680.93 275.86
vertex 3319.03 10398.050000000001 275.86
endloop
endfacet
facet normal 0.6880973256272285 -0.6884136922137228 0.22936577520921855
outer loop
vertex 3602.04 10680.800000000001 275.47
vertex 3319.03 10398.050000000001 275.86
vertex 3319.1600000000003 10398.050000000001 275.47
endloop
endfacet
facet normal 0.3536148403840663 -0.3534523335640385 -0.866041565144703
outer loop
vertex 3466.71 10816.130000000001 626.99
vertex 4245.02 10037.82 1262.43
vertex 3962.27 9754.94 1262.43
endloop
endfacet
facet normal 0.3535114458096289 -0.35351144580962773 -0.8660596488482605
outer loop
vertex 3466.71 10816.130000000001 626.99
vertex 3962.27 9754.94 1262.43
vertex 3183.83 10533.25 626.99
endloop
endfacet
facet normal -0.33526180093570296 0.335261800935704 0.8804538884386265
outer loop
vertex 3300.83 10416.380000000001 261.95
vertex 3319.03 10398.050000000001 275.86
vertex 3601.9100000000003 10680.93 275.86
endloop
endfacet
facet normal -0.3344159265179844 0.3342622427282253 0.8811553445207123
outer loop
vertex 3300.83 10416.380000000001 261.95
vertex 3601.9100000000003 10680.93 275.86
vertex 3583.58 10699.26 261.95
endloop
endfacet
facet normal -0.31100825706276747 0.31100825706276847 0.8980800232037001
outer loop
vertex 4380.35 9902.49 911.0400000000001
vertex 4097.47 9619.61 911.0400000000001
vertex 4114.24 9602.970000000001 922.61
endloop
endfacet
facet normal -0.3120587048848525 0.3119152955535644 0.8974008096192699
outer loop
vertex 4380.35 9902.49 911.0400000000001
vertex 4114.24 9602.970000000001 922.61
vertex 4396.99 9885.85 922.61
endloop
endfacet
facet normal -0.22784250692573324 0.22794726210133137 0.9466402895177789
outer loop
vertex 4114.24 9602.970000000001 922.61
vertex 4131.79 9585.42 931.0600000000001
vertex 4414.67 9868.17 931.0600000000001
endloop
endfacet
facet normal -0.2264435589268142 0.2263394947912786 0.947361466240942
outer loop
vertex 4114.24 9602.970000000001 922.61
vertex 4414.67 9868.17 931.0600000000001
vertex 4396.99 9885.85 922.61
endloop
endfacet
facet normal -0.1395169472333887 0.1395810929562547 0.980332667987665
outer loop
vertex 4414.67 9868.17 931.0600000000001
vertex 4131.79 9585.42 931.0600000000001
vertex 4149.99 9567.09 936.26
endloop
endfacet
facet normal -0.14002800840280416 0.1400280084028037 0.980196058819606
outer loop
vertex 4414.67 9868.17 931.0600000000001
vertex 4149.99 9567.09 936.26
vertex 4432.87 9849.970000000001 936.26
endloop
endfacet
facet normal -0.04551942386844842 0.045519423868448275 0.9979258309620858
outer loop
vertex 4432.87 9849.970000000001 936.26
vertex 4149.99 9567.09 936.26
vertex 4168.58 9548.630000000001 937.95
endloop
endfacet
facet normal -0.045350495756399004 0.045371346559045636 0.9979402654698666
outer loop
vertex 4432.87 9849.970000000001 936.26
vertex 4168.58 9548.630000000001 937.95
vertex 4451.46 9831.380000000001 937.95
endloop
endfacet
facet normal 0.04535049575639896 -0.0453713465590456 0.9979402654698666
outer loop
vertex 4451.46 9831.380000000001 937.95
vertex 4168.58 9548.630000000001 937.95
vertex 4187.17 9530.04 936.26
endloop
endfacet
facet normal 0.04568953433697204 -0.045668537308324667 0.9979112441255429
outer loop
vertex 4451.46 9831.380000000001 937.95
vertex 4187.17 9530.04 936.26
vertex 4469.92 9812.92 936.26
endloop
endfacet
facet normal 0.140060191206111 -0.1399958253094174 0.9801960578043776
outer loop
vertex 4469.92 9812.92 936.26
vertex 4187.17 9530.04 936.26
vertex 4205.37 9511.84 931.0600000000001
endloop
endfacet
facet normal 0.13904148630147942 -0.13910541342161808 0.9804678215239276
outer loop
vertex 4469.92 9812.92 936.26
vertex 4205.37 9511.84 931.0600000000001
vertex 4488.25 9794.59 931.0600000000001
endloop
endfacet
facet normal 0.22708848427315942 -0.2271928927716759 0.9470027506742295
outer loop
vertex 4488.25 9794.59 931.0600000000001
vertex 4205.37 9511.84 931.0600000000001
vertex 4222.92 9494.16 922.61
endloop
endfacet
facet normal 0.22789488513875278 -0.22789488513875203 0.9466402921147978
outer loop
vertex 4488.25 9794.59 931.0600000000001
vertex 4222.92 9494.16 922.61
vertex 4505.8 9777.04 922.61
endloop
endfacet
facet normal 0.3110795108147745 -0.31093655148076127 0.8980801739847577
outer loop
vertex 4222.92 9494.16 922.61
vertex 4239.6900000000005 9477.52 911.0400000000001
vertex 4522.4400000000005 9760.4 911.0400000000001
endloop
endfacet
facet normal 0.3119870018232882 -0.3119870018232872 0.8974008142333234
outer loop
vertex 4222.92 9494.16 922.61
vertex 4522.4400000000005 9760.4 911.0400000000001
vertex 4505.8 9777.04 922.61
endloop
endfacet
facet normal -0.22784250692574023 0.22794726210133837 -0.9466402895177756
outer loop
vertex 4614.09 9668.75 1292.2
vertex 4331.21 9386 1292.2
vertex 4278.56 9438.65 1317.55
endloop
endfacet
facet normal -0.22784250692574023 0.22794726210133837 -0.9466402895177756
outer loop
vertex 4614.09 9668.75 1292.2
vertex 4278.56 9438.65 1317.55
vertex 4561.4400000000005 9721.4 1317.55
endloop
endfacet
facet normal -0.13700509065530747 0.13694212875702874 -0.9810588455877784
outer loop
vertex 4278.56 9438.65 1317.55
vertex 4224.09 9493.12 1332.76
vertex 4506.84 9776 1332.76
endloop
endfacet
facet normal -0.13662826869260125 0.13669108628740248 -0.9811464024923254
outer loop
vertex 4278.56 9438.65 1317.55
vertex 4506.84 9776 1332.76
vertex 4561.4400000000005 9721.4 1317.55
endloop
endfacet
facet normal -0.04672524716104579 0.04674673003330377 -0.9978133565496767
outer loop
vertex 4224.09 9493.12 1332.76
vertex 4168.58 9548.630000000001 1337.96
vertex 4451.46 9831.380000000001 1337.96
endloop
endfacet
facet normal -0.04685598308545992 0.04683445000499799 -0.997803112413378
outer loop
vertex 4224.09 9493.12 1332.76
vertex 4451.46 9831.380000000001 1337.96
vertex 4506.84 9776 1332.76
endloop
endfacet
facet normal 0.046779797541558296 -0.04680130549445098 -0.9978082422720238
outer loop
vertex 4451.46 9831.380000000001 1337.96
vertex 4168.58 9548.630000000001 1337.96
vertex 4113.07 9604.01 1332.76
endloop
endfacet
facet normal 0.046735988602567176 -0.04673598860256702 -0.997813356664803
outer loop
vertex 4451.46 9831.380000000001 1337.96
vertex 4113.07 9604.01 1332.76
vertex 4395.95 9886.890000000001 1332.76
endloop
endfacet
facet normal 0.13678498611685883 -0.13684787576564822 -0.9811027094404746
outer loop
vertex 4113.07 9604.01 1332.76
vertex 4058.6000000000004 9658.61 1317.55
vertex 4341.4800000000005 9941.36 1317.55
endloop
endfacet
facet normal 0.13697360984191928 -0.13697360984191884 -0.9810588465600559
outer loop
vertex 4113.07 9604.01 1332.76
vertex 4341.4800000000005 9941.36 1317.55
vertex 4395.95 9886.890000000001 1332.76
endloop
endfacet
facet normal 0.22784250692573949 -0.22794726210133728 -0.9466402895177759
outer loop
vertex 4058.6000000000004 9658.61 1317.55
vertex 4005.9500000000003 9711.26 1292.2
vertex 4288.83 9994.01 1292.2
endloop
endfacet
facet normal 0.22784250692573846 -0.2279472621013366 -0.9466402895177761
outer loop
vertex 4058.6000000000004 9658.61 1317.55
vertex 4288.83 9994.01 1292.2
vertex 4341.4800000000005 9941.36 1317.55
endloop
endfacet
facet normal 0.31243828496273757 -0.3124382849627381 -0.897086749528208
outer loop
vertex 4005.9500000000003 9711.26 1292.2
vertex 3962.4 9754.68 1261.91
vertex 4245.28 10037.56 1261.91
endloop
endfacet
facet normal 0.3119911147188229 -0.3121345589094978 -0.8973480715256927
outer loop
vertex 4005.9500000000003 9711.26 1292.2
vertex 4245.28 10037.56 1261.91
vertex 4288.83 9994.01 1292.2
endloop
endfacet
facet normal -0.35358783230152085 0.353587832301522 0.8659972804210313
outer loop
vertex 4097.47 9619.61 911.0400000000001
vertex 4380.35 9902.49 911.0400000000001
vertex 3602.04 10680.800000000001 275.47
endloop
endfacet
facet normal -0.35348441946042547 0.35364694103259087 0.8660153614671146
outer loop
vertex 4097.47 9619.61 911.0400000000001
vertex 3602.04 10680.800000000001 275.47
vertex 3319.1600000000003 10398.050000000001 275.47
endloop
endfacet
facet normal -0.624849117493101 0.6245619625677853 -0.4684932606575776
outer loop
vertex 3962.4 9754.68 1261.91
vertex 3962.27 9754.94 1262.43
vertex 4245.02 10037.82 1262.43
endloop
endfacet
facet normal -0.5773502691897788 0.5773502691897798 -0.577350269189319
outer loop
vertex 3962.4 9754.68 1261.91
vertex 4245.02 10037.82 1262.43
vertex 4245.28 10037.56 1261.91
endloop
endfacet
facet normal 0.3535065640895752 -0.3536690958431796 0.8659972747018613
outer loop
vertex 4239.6900000000005 9477.52 911.0400000000001
vertex 5018 8699.210000000001 275.47
vertex 5300.88 8981.960000000001 275.47
endloop
endfacet
facet normal 0.3536247987147722 -0.353462287318305 0.8660334365240461
outer loop
vertex 4239.6900000000005 9477.52 911.0400000000001
vertex 5300.88 8981.960000000001 275.47
vertex 4522.4400000000005 9760.4 911.0400000000001
endloop
endfacet
facet normal 0.5773502691894565 -0.5773502691894584 -0.5773502691899622
outer loop
vertex 4657.51 9625.33 1261.91
vertex 4657.77 9625.07 1262.43
vertex 4374.89 9342.19 1262.43
endloop
endfacet
facet normal 0.6248491174930971 -0.6245619625677804 -0.4684932606575894
outer loop
vertex 4657.51 9625.33 1261.91
vertex 4374.89 9342.19 1262.43
vertex 4374.76 9342.45 1261.91
endloop
endfacet
facet normal -0.3119911147188227 0.31213455890949804 -0.8973480715256926
outer loop
vertex 4374.76 9342.45 1261.91
vertex 4331.21 9386 1292.2
vertex 4614.09 9668.75 1292.2
endloop
endfacet
facet normal -0.3128864192956887 0.3127426295809398 -0.8968244734969724
outer loop
vertex 4374.76 9342.45 1261.91
vertex 4614.09 9668.75 1292.2
vertex 4657.51 9625.33 1261.91
endloop
endfacet
facet normal 0.0700919688213052 -0.07005975743857457 0.9950772564451471
outer loop
vertex 5168.93 8548.28 205.14000000000001
vertex 5196.62 8520.59 201.24
vertex 5479.37 8803.470000000001 201.24
endloop
endfacet
facet normal 0.07009196882130729 -0.07005975743857712 0.9950772564451469
outer loop
vertex 5168.93 8548.28 205.14000000000001
vertex 5479.37 8803.470000000001 201.24
vertex 5451.68 8831.16 205.14000000000001
endloop
endfacet
facet normal 0.11460555072686515 -0.11455288273480348 0.986784274702297
outer loop
vertex 5141.5 8575.710000000001 211.51000000000002
vertex 5168.93 8548.28 205.14000000000001
vertex 5451.68 8831.16 205.14000000000001
endloop
endfacet
facet normal 0.11460555072686512 -0.11455288273480348 0.9867842747022969
outer loop
vertex 5141.5 8575.710000000001 211.51000000000002
vertex 5451.68 8831.16 205.14000000000001
vertex 5424.25 8858.59 211.51000000000002
endloop
endfacet
facet normal 0.16115210296026272 -0.16107804408941748 0.9736959810042417
outer loop
vertex 5114.33 8602.75 220.48000000000002
vertex 5141.5 8575.710000000001 211.51000000000002
vertex 5424.25 8858.59 211.51000000000002
endloop
endfacet
facet normal 0.1614822782754254 -0.16148227827542488 0.9735743153996803
outer loop
vertex 5114.33 8602.75 220.48000000000002
vertex 5424.25 8858.59 211.51000000000002
vertex 5397.21 8885.630000000001 220.48000000000002
endloop
endfacet
facet normal 0.20588818736862619 -0.20579356963545975 0.9566917272553143
outer loop
vertex 5370.56 8912.28 231.92000000000002
vertex 5087.81 8629.4 231.92000000000002
vertex 5114.33 8602.75 220.48000000000002
endloop
endfacet
facet normal 0.20538112423523008 -0.2053811242352294 0.9568893288232166
outer loop
vertex 5370.56 8912.28 231.92000000000002
vertex 5114.33 8602.75 220.48000000000002
vertex 5397.21 8885.630000000001 220.48000000000002
endloop
endfacet
facet normal 0.24760340961145416 -0.24760340961145336 0.9366883703225771
outer loop
vertex 5344.56 8938.28 245.70000000000002
vertex 5061.68 8655.4 245.70000000000002
vertex 5087.81 8629.4 231.92000000000002
endloop
endfacet
facet normal 0.24820329986524878 -0.2480892358487657 0.9364010107811592
outer loop
vertex 5344.56 8938.28 245.70000000000002
vertex 5087.81 8629.4 231.92000000000002
vertex 5370.56 8912.28 231.92000000000002
endloop
endfacet
facet normal 0.2919238350968965 -0.29192383509689557 0.9108023655023304
outer loop
vertex 5319.21 8963.630000000001 261.95
vertex 5036.33 8680.75 261.95
vertex 5061.68 8655.4 245.70000000000002
endloop
endfacet
facet normal 0.2919238350968965 -0.29192383509689557 0.9108023655023304
outer loop
vertex 5319.21 8963.630000000001 261.95
vertex 5061.68 8655.4 245.70000000000002
vertex 5344.56 8938.28 245.70000000000002
endloop
endfacet
facet normal -0.3354545250710682 0.3353003639841799 -0.8803657918850666
outer loop
vertex 5161.52 8555.69 620.75
vertex 5153.33 8563.880000000001 626.99
vertex 5436.08 8846.76 626.99
endloop
endfacet
facet normal -0.335454525071068 0.3353003639841797 -0.8803657918850669
outer loop
vertex 5161.52 8555.69 620.75
vertex 5436.08 8846.76 626.99
vertex 5444.27 8838.57 620.75
endloop
endfacet
facet normal -0.29392475659540873 0.2937896808800624 -0.9095580579977952
outer loop
vertex 5169.97 8547.24 615.2900000000001
vertex 5161.52 8555.69 620.75
vertex 5444.27 8838.57 620.75
endloop
endfacet
facet normal -0.2900926460463566 0.2902260219755734 -0.9119293354630374
outer loop
vertex 5169.97 8547.24 615.2900000000001
vertex 5444.27 8838.57 620.75
vertex 5452.85 8829.99 615.2900000000001
endloop
endfacet
facet normal -0.2510833384385697 0.2511987790539439 -0.9348028297776759
outer loop
vertex 5178.68 8538.53 610.61
vertex 5169.97 8547.24 615.2900000000001
vertex 5452.85 8829.99 615.2900000000001
endloop
endfacet
facet normal -0.2510833384385695 0.25119877905394367 -0.9348028297776761
outer loop
vertex 5178.68 8538.53 610.61
vertex 5452.85 8829.99 615.2900000000001
vertex 5461.56 8821.28 610.61
endloop
endfacet
facet normal -0.2027403666673266 0.20283358062901274 -0.957995241268354
outer loop
vertex 5187.52 8529.56 606.84
vertex 5178.68 8538.53 610.61
vertex 5461.56 8821.28 610.61
endloop
endfacet
facet normal -0.20415449149616036 0.20415449149615972 -0.9574141670164948
outer loop
vertex 5187.52 8529.56 606.84
vertex 5461.56 8821.28 610.61
vertex 5470.400000000001 8812.44 606.84
endloop
endfacet
facet normal -0.16111515793523576 0.16111515793523526 -0.9736959544780949
outer loop
vertex 5196.62 8520.59 603.85
vertex 5187.52 8529.56 606.84
vertex 5470.400000000001 8812.44 606.84
endloop
endfacet
facet normal -0.15998669709762448 0.16006025419973838 -0.9740559387310915
outer loop
vertex 5196.62 8520.59 603.85
vertex 5470.400000000001 8812.44 606.84
vertex 5479.5 8803.34 603.85
endloop
endfacet
facet normal -0.11124663782278449 0.11129778570224327 -0.9875408793922932
outer loop
vertex 5205.85 8511.36 601.77
vertex 5196.62 8520.59 603.85
vertex 5479.5 8803.34 603.85
endloop
endfacet
facet normal -0.11284755543435053 0.11279569534453728 -0.9871892221576538
outer loop
vertex 5205.85 8511.36 601.77
vertex 5479.5 8803.34 603.85
vertex 5488.6 8794.24 601.77
endloop
endfacet
facet normal -0.07009196882130589 0.0700597574385757 -0.995077256445147
outer loop
vertex 5215.08 8502.130000000001 600.47
vertex 5205.85 8511.36 601.77
vertex 5488.6 8794.24 601.77
endloop
endfacet
facet normal -0.06909606557234248 0.06912783387835278 -0.995212076044955
outer loop
vertex 5215.08 8502.130000000001 600.47
vertex 5488.6 8794.24 601.77
vertex 5497.96 8784.880000000001 600.47
endloop
endfacet
facet normal -0.03504460073289116 0.03504460073289115 -0.9987711208875357
outer loop
vertex 5375.24 8651.11 600.21
vertex 5431.53 8699.99 599.95
vertex 5224.31 8492.77 599.95
endloop
endfacet
facet normal -0.027778592132636094 0.028119361663873972 -0.9992185203041148
outer loop
vertex 5375.24 8651.11 600.21
vertex 5224.31 8492.77 599.95
vertex 5215.08 8502.130000000001 600.47
endloop
endfacet
facet normal -0.023386366850539072 0.023397119203114044 -0.9994526765477828
outer loop
vertex 5375.24 8651.11 600.21
vertex 5215.08 8502.130000000001 600.47
vertex 5497.96 8784.880000000001 600.47
endloop
endfacet
facet normal -0.02834641068004025 0.02794696453054815 -0.9992074099880798
outer loop
vertex 5375.24 8651.11 600.21
vertex 5497.96 8784.880000000001 600.47
vertex 5507.1900000000005 8775.65 599.95
endloop
endfacet
facet normal -0.03504460073289396 0.03504460073289438 -0.9987711208875354
outer loop
vertex 5375.24 8651.11 600.21
vertex 5507.1900000000005 8775.65 599.95
vertex 5431.53 8699.99 599.95
endloop
endfacet
facet normal -0.7071067811865707 -0.7071067811865246 -4.923049039980689e-13
outer loop
vertex 5451.68 8831.16 205.14000000000001
vertex 5479.37 8803.470000000001 201.24
vertex 5507.1900000000005 8775.65 199.94
endloop
endfacet
facet normal -0.7071067811865475 -0.7071067811865475 0
outer loop
vertex 5344.56 8938.28 245.70000000000002
vertex 5370.56 8912.28 231.92000000000002
vertex 5397.21 8885.630000000001 220.48000000000002
endloop
endfacet
facet normal 0.7091435216356804 0.7041844760298785 0.03520922380103003
outer loop
vertex 5224.31 8492.77 199.94
vertex 5196.62 8520.59 201.24
vertex 5168.93 8548.28 205.14000000000001
endloop
endfacet
facet normal 0.7220873310951567 0.6881684588838756 0.07081001672973329
outer loop
vertex 5114.33 8602.75 220.48000000000002
vertex 5087.81 8629.4 231.92000000000002
vertex 5061.68 8655.4 245.70000000000002
endloop
endfacet
facet normal 0.3351845324597977 -0.3353386402908138 0.8804540450969688
outer loop
vertex 5301.01 8981.83 275.86
vertex 5018.13 8699.08 275.86
vertex 5036.33 8680.75 261.95
endloop
endfacet
facet normal 0.3361888783910704 -0.33618887839106937 0.8797465976588422
outer loop
vertex 5301.01 8981.83 275.86
vertex 5036.33 8680.75 261.95
vertex 5319.21 8963.630000000001 261.95
endloop
endfacet
facet normal -0.35359268670652855 0.3534301900674181 -0.8660596472856633
outer loop
vertex 5436.08 8846.76 626.99
vertex 5153.33 8563.880000000001 626.99
vertex 4374.89 9342.19 1262.43
endloop
endfacet
facet normal -0.35353358930812234 0.35353358930812345 -0.8660415708624101
outer loop
vertex 5436.08 8846.76 626.99
vertex 4374.89 9342.19 1262.43
vertex 4657.77 9625.07 1262.43
endloop
endfacet
facet normal -0.6394551340646883 0.639749136425178 0.4264014234985037
outer loop
vertex 5018.13 8699.08 275.86
vertex 5301.01 8981.83 275.86
vertex 5300.88 8981.960000000001 275.47
endloop
endfacet
facet normal -0.639455134064693 0.6397491364251827 0.4264014234984901
outer loop
vertex 5018.13 8699.08 275.86
vertex 5300.88 8981.960000000001 275.47
vertex 5018 8699.210000000001 275.47
endloop
endfacet
facet normal 0.63773720229892 0.7702540235558308 0
outer loop
vertex 5370.6900000000005 8348.6 375.31
vertex 5358.6 8358.61 199.94
vertex 5358.6 8358.61 276.64
endloop
endfacet
facet normal 0.63773720229892 0.770254023555831 0
outer loop
vertex 5370.6900000000005 8348.6 375.31
vertex 5358.6 8358.61 276.64
vertex 5358.6 8358.61 599.95
endloop
endfacet
facet normal 0.6359394100369312 0.771738971555204 -0.00016292573860919826
outer loop
vertex 5370.6900000000005 8348.6 375.31
vertex 5358.6 8358.61 599.95
vertex 5388.89 8333.65 599.95
endloop
endfacet
facet normal 0.6347394233600362 0.772726254525216 0
outer loop
vertex 5370.6900000000005 8348.6 375.31
vertex 5388.89 8333.65 599.95
vertex 5388.89 8333.65 199.94
endloop
endfacet
facet normal 0.6359394046280437 0.7717389649912936 0.00020869953589483696
outer loop
vertex 5370.6900000000005 8348.6 375.31
vertex 5388.89 8333.65 199.94
vertex 5358.6 8358.61 199.94
endloop
endfacet
facet normal 0.47093246513016995 0.8821692656664146 0
outer loop
vertex 5388.89 8333.65 199.94
vertex 5388.89 8333.65 599.95
vertex 5423.47 8315.19 599.95
endloop
endfacet
facet normal 0.47093246513016995 0.8821692656664146 0
outer loop
vertex 5388.89 8333.65 199.94
vertex 5423.47 8315.19 599.95
vertex 5423.47 8315.19 199.94
endloop
endfacet
facet normal 0.2882596809287288 0.9575522734299509 0
outer loop
vertex 5423.47 8315.19 199.94
vertex 5423.47 8315.19 599.95
vertex 5461.04 8303.880000000001 599.95
endloop
endfacet
facet normal 0.2882596809287288 0.9575522734299509 0
outer loop
vertex 5423.47 8315.19 199.94
vertex 5461.04 8303.880000000001 599.95
vertex 5461.04 8303.880000000001 199.94
endloop
endfacet
facet normal 0.09950371902100275 0.9950371902099887 0
outer loop
vertex 5484.4400000000005 8301.54 375.18
vertex 5461.04 8303.880000000001 199.94
vertex 5461.04 8303.880000000001 599.95
endloop
endfacet
facet normal 0.09950371902103569 0.9950371902099855 3.462481429247487e-15
outer loop
vertex 5484.4400000000005 8301.54 375.18
vertex 5461.04 8303.880000000001 599.95
vertex 5500.04 8299.98 599.95
endloop
endfacet
facet normal 0.09950371902108505 0.9950371902099805 0
outer loop
vertex 5484.4400000000005 8301.54 375.18
vertex 5500.04 8299.98 599.95
vertex 5500.04 8299.98 275.86
endloop
endfacet
facet normal 0.09950371902108507 0.9950371902099806 0
outer loop
vertex 5484.4400000000005 8301.54 375.18
vertex 5500.04 8299.98 275.86
vertex 5500.04 8299.98 199.94
endloop
endfacet
facet normal 0.09950371902103566 0.9950371902099854 -4.44112046822619e-15
outer loop
vertex 5484.4400000000005 8301.54 375.18
vertex 5500.04 8299.98 199.94
vertex 5461.04 8303.880000000001 199.94
endloop
endfacet
facet normal 0.47089758676170435 -0.8821878840598543 0
outer loop
vertex 5408.13 8676.59 199.94
vertex 5388.89 8666.32 200.20000000000002
vertex 5388.89 8666.32 199.94
endloop
endfacet
facet normal 0.6359394184773447 -0.7717389817980538 0
outer loop
vertex 5388.89 8666.32 199.94
vertex 5388.89 8666.32 200.20000000000002
vertex 5358.6 8641.36 200.33
endloop
endfacet
facet normal 0.6359394184773447 -0.7717389817980537 0
outer loop
vertex 5388.89 8666.32 199.94
vertex 5358.6 8641.36 200.33
vertex 5358.6 8641.36 199.94
endloop
endfacet
facet normal 0.7733654271742798 -0.6339605003874798 0
outer loop
vertex 5358.6 8641.36 199.94
vertex 5358.6 8641.36 200.33
vertex 5333.77 8611.07 200.20000000000002
endloop
endfacet
facet normal 0.7733654271742798 -0.6339605003874796 0
outer loop
vertex 5358.6 8641.36 199.94
vertex 5333.77 8611.07 200.20000000000002
vertex 5333.77 8611.07 199.94
endloop
endfacet
facet normal 0.8797065135761142 -0.4755170343654975 0
outer loop
vertex 5323.37 8591.83 199.94
vertex 5333.77 8611.07 199.94
vertex 5333.77 8611.07 200.20000000000002
endloop
endfacet
facet normal 0.02188731745692372 -0.021887317456923284 0.9995208305328509
outer loop
vertex 5434 8722.48 200.46
vertex 5479.37 8803.470000000001 201.24
vertex 5388.89 8712.99 201.24
endloop
endfacet
facet normal 0.021968322406881905 -0.02227321512107506 0.9995105285582526
outer loop
vertex 5434 8722.48 200.46
vertex 5388.89 8712.99 201.24
vertex 5388.89 8666.32 200.20000000000002
endloop
endfacet
facet normal 0.027961156167757028 -0.027085660084225697 0.9992419830869618
outer loop
vertex 5434 8722.48 200.46
vertex 5388.89 8666.32 200.20000000000002
vertex 5408.13 8676.59 199.94
endloop
endfacet
facet normal 0.025956520310050964 -0.025956520310050964 0.9993260319369189
outer loop
vertex 5434 8722.48 200.46
vertex 5408.13 8676.59 199.94
vertex 5431.53 8699.99 199.94
endloop
endfacet
facet normal 0.025956520310050614 -0.025956520310050923 0.9993260319369189
outer loop
vertex 5434 8722.48 200.46
vertex 5431.53 8699.99 199.94
vertex 5507.1900000000005 8775.65 199.94
endloop
endfacet
facet normal 0.023764957825442426 -0.02293851772314213 0.9994543767397391
outer loop
vertex 5434 8722.48 200.46
vertex 5507.1900000000005 8775.65 199.94
vertex 5479.37 8803.470000000001 201.24
endloop
endfacet
facet normal 0.0221659392528175 -0.022071213016694267 0.9995106466131374
outer loop
vertex 5388.89 8712.99 201.24
vertex 5358.6 8682.57 201.24
vertex 5358.6 8641.36 200.33
endloop
endfacet
facet normal 0.02264329767624598 -0.022272879613996755 0.9994954726781135
outer loop
vertex 5388.89 8712.99 201.24
vertex 5358.6 8641.36 200.33
vertex 5388.89 8666.32 200.20000000000002
endloop
endfacet
facet normal 0.022273064901758965 -0.022273064901758965 0.9995037874664429
outer loop
vertex 5358.6 8682.57 201.24
vertex 5333.77 8657.74 201.24
vertex 5333.77 8611.07 200.20000000000002
endloop
endfacet
facet normal 0.021691754389278995 -0.02207144263201258 0.9995210449068379
outer loop
vertex 5358.6 8682.57 201.24
vertex 5333.77 8611.07 200.20000000000002
vertex 5358.6 8641.36 200.33
endloop
endfacet
facet normal 0.024676318365599484 -0.024676318365599647 0.9993908938067423
outer loop
vertex 5282.42 8574.800000000001 200.46
vertex 5333.77 8657.74 201.24
vertex 5196.62 8520.59 201.24
endloop
endfacet
facet normal 0.02369376184240689 -0.02312031546118231 0.9994518781125636
outer loop
vertex 5282.42 8574.800000000001 200.46
vertex 5196.62 8520.59 201.24
vertex 5224.31 8492.77 199.94
endloop
endfacet
facet normal 0.021728864020781124 -0.021728864020781124 0.9995277449559531
outer loop
vertex 5282.42 8574.800000000001 200.46
vertex 5224.31 8492.77 199.94
vertex 5323.37 8591.83 199.94
endloop
endfacet
facet normal 0.023615578685562476 -0.026270257320006755 0.9993758942578546
outer loop
vertex 5282.42 8574.800000000001 200.46
vertex 5323.37 8591.83 199.94
vertex 5333.77 8611.07 200.20000000000002
endloop
endfacet
facet normal 0.020793555620584804 -0.02227377483425449 0.9995356456871793
outer loop
vertex 5282.42 8574.800000000001 200.46
vertex 5333.77 8611.07 200.20000000000002
vertex 5333.77 8657.74 201.24
endloop
endfacet
facet normal 0 1 0
outer loop
vertex 7868.51 8299.98 1261.91
vertex 7867.21 8299.98 1261.91
vertex 7868.12 8299.98 1262.43
endloop
endfacet
facet normal 0 1 0
outer loop
vertex 8159.97 8299.98 1305.2
vertex 8238.49 8299.98 1332.76
vertex 8315.58 8299.98 1317.55
endloop
endfacet
facet normal 0 1 0
outer loop
vertex 8159.97 8299.98 1305.2
vertex 8315.58 8299.98 1317.55
vertex 8389.94 8299.98 1292.2
endloop
endfacet
facet normal 0 1 0
outer loop
vertex 8159.97 8299.98 1305.2
vertex 8389.94 8299.98 1292.2
vertex 8451.56 8299.98 1261.91
endloop
endfacet
facet normal 0 0.9999999999999999 0
outer loop
vertex 8159.97 8299.98 1305.2
vertex 8451.56 8299.98 1261.91
vertex 7868.51 8299.98 1261.91
endloop
endfacet
facet normal 0 1 0
outer loop
vertex 8159.97 8299.98 1305.2
vertex 7868.51 8299.98 1261.91
vertex 7930 8299.98 1292.2
endloop
endfacet
facet normal 0 1 0
outer loop
vertex 8159.97 8299.98 1305.2
vertex 7930 8299.98 1292.2
vertex 8004.490000000001 8299.98 1317.55
endloop
endfacet
facet normal 0 1 0
outer loop
vertex 8159.97 8299.98 1305.2
vertex 8004.490000000001 8299.98 1317.55
vertex 8081.58 8299.98 1332.76
endloop
endfacet
facet normal 0 1 0
outer loop
vertex 8159.97 8299.98 1305.2
vertex 8081.58 8299.98 1332.76
vertex 8159.97 8299.98 1337.96
endloop
endfacet
facet normal 0 0.9999999999999999 0
outer loop
vertex 8159.97 8299.98 1305.2
vertex 8159.97 8299.98 1337.96
vertex 8238.49 8299.98 1332.76
endloop
endfacet
facet normal 0 0.9999999999999999 0
outer loop
vertex 8452.86 8299.98 1261.91
vertex 8451.56 8299.98 1261.91
vertex 8451.82 8299.98 1262.43
endloop
endfacet
facet normal 0 0.9999999999999999 0
outer loop
vertex 8159.97 8299.98 1123.07
vertex 7868.51 8299.98 1261.91
vertex 8451.56 8299.98 1261.91
endloop
endfacet
facet normal 0 1 0
outer loop
vertex 8159.97 8299.98 1123.07
vertex 8451.56 8299.98 1261.91
vertex 8452.86 8299.98 1261.91
endloop
endfacet
facet normal 0 1 0
outer loop
vertex 8159.97 8299.98 1123.07
vertex 8452.86 8299.98 1261.91
vertex 9013.81 8299.98 937.95
endloop
endfacet
facet normal 0 1 0
outer loop
vertex 8159.97 8299.98 1123.07
vertex 9013.81 8299.98 937.95
vertex 8159.97 8299.98 937.95
endloop
endfacet
facet normal 0 1 0
outer loop
vertex 8159.97 8299.98 1123.07
vertex 8159.97 8299.98 937.95
vertex 7306.13 8299.98 937.95
endloop
endfacet
facet normal 0 1 0
outer loop
vertex 8159.97 8299.98 1123.07
vertex 7306.13 8299.98 937.95
vertex 7867.21 8299.98 1261.91
endloop
endfacet
facet normal 0 1 0
outer loop
vertex 8159.97 8299.98 1123.07
vertex 7867.21 8299.98 1261.91
vertex 7868.51 8299.98 1261.91
endloop
endfacet
facet normal 0 1 0
outer loop
vertex 8159.97 8299.98 937.95
vertex 8133.71 8299.98 936.26
vertex 7303.14 8299.98 936.26
endloop
endfacet
facet normal 0 0.9999999999999999 0
outer loop
vertex 8159.97 8299.98 937.95
vertex 7303.14 8299.98 936.26
vertex 7306.13 8299.98 937.95
endloop
endfacet
facet normal 0 1 0
outer loop
vertex 9013.81 8299.98 937.95
vertex 9016.800000000001 8299.98 936.26
vertex 8186.2300000000005 8299.98 936.26
endloop
endfacet
facet normal 0 0.9999999999999999 0
outer loop
vertex 9013.81 8299.98 937.95
vertex 8186.2300000000005 8299.98 936.26
vertex 8159.97 8299.98 937.95
endloop
endfacet
facet normal 0 1 0
outer loop
vertex 8133.71 8299.98 936.26
vertex 8107.97 8299.98 931.0600000000001
vertex 7294.3 8299.98 931.0600000000001
endloop
endfacet
facet normal 0 1 0
outer loop
vertex 8133.71 8299.98 936.26
vertex 7294.3 8299.98 931.0600000000001
vertex 7303.14 8299.98 936.26
endloop
endfacet
facet normal 0 1 0
outer loop
vertex 9016.800000000001 8299.98 936.26
vertex 9025.77 8299.98 931.0600000000001
vertex 8211.970000000001 8299.98 931.0600000000001
endloop
endfacet
facet normal 0 1 0
outer loop
vertex 9016.800000000001 8299.98 936.26
vertex 8211.970000000001 8299.98 931.0600000000001
vertex 8186.2300000000005 8299.98 936.26
endloop
endfacet
facet normal 0 0.9999999999999999 0
outer loop
vertex 8107.97 8299.98 931.0600000000001
vertex 8083.14 8299.98 922.61
vertex 7279.610000000001 8299.98 922.61
endloop
endfacet
facet normal 0 1 0
outer loop
vertex 8107.97 8299.98 931.0600000000001
vertex 7279.610000000001 8299.98 922.61
vertex 7294.3 8299.98 931.0600000000001
endloop
endfacet
facet normal 0 1 0
outer loop
vertex 9025.77 8299.98 931.0600000000001
vertex 9040.33 8299.98 922.61
vertex 8236.93 8299.98 922.61
endloop
endfacet
facet normal 0 0.9999999999999999 0
outer loop
vertex 9025.77 8299.98 931.0600000000001
vertex 8236.93 8299.98 922.61
vertex 8211.970000000001 8299.98 931.0600000000001
endloop
endfacet
facet normal 0 1 0
outer loop
vertex 8083.14 8299.98 922.61
vertex 8059.4800000000005 8299.98 911.0400000000001
vertex 7259.46 8299.98 911.0400000000001
endloop
endfacet
facet normal 0 1 0
outer loop
vertex 8083.14 8299.98 922.61
vertex 7259.46 8299.98 911.0400000000001
vertex 7279.610000000001 8299.98 922.61
endloop
endfacet
facet normal 0 1 0
outer loop
vertex 9040.33 8299.98 922.61
vertex 9060.48 8299.98 911.0400000000001
vertex 8260.460000000001 8299.98 911.0400000000001
endloop
endfacet
facet normal 0 1 0
outer loop
vertex 9040.33 8299.98 922.61
vertex 8260.460000000001 8299.98 911.0400000000001
vertex 8236.93 8299.98 922.61
endloop
endfacet
facet normal 0 1 0
outer loop
vertex 8059.4800000000005 8299.98 911.0400000000001
vertex 7567.43 8299.98 626.99
vertex 6767.41 8299.98 626.99
endloop
endfacet
facet normal 0 1 0
outer loop
vertex 8059.4800000000005 8299.98 911.0400000000001
vertex 6767.41 8299.98 626.99
vertex 7259.46 8299.98 911.0400000000001
endloop
endfacet
facet normal 0 1 0
outer loop
vertex 9060.48 8299.98 911.0400000000001
vertex 9552.53 8299.98 626.99
vertex 8752.64 8299.98 626.99
endloop
endfacet
facet normal 0 1 0
outer loop
vertex 9060.48 8299.98 911.0400000000001
vertex 8752.64 8299.98 626.99
vertex 8260.460000000001 8299.98 911.0400000000001
endloop
endfacet
facet normal 0 0.9999999999999999 0
outer loop
vertex 7567.43 8299.98 626.99
vertex 7556.64 8299.98 620.75
vertex 6755.84 8299.98 620.75
endloop
endfacet
facet normal 0 1 0
outer loop
vertex 7567.43 8299.98 626.99
vertex 6755.84 8299.98 620.75
vertex 6767.41 8299.98 626.99
endloop
endfacet
facet normal 0 0.9999999999999999 0
outer loop
vertex 9552.53 8299.98 626.99
vertex 9564.23 8299.98 620.75
vertex 8763.300000000001 8299.98 620.75
endloop
endfacet
facet normal 0 1 0
outer loop
vertex 9552.53 8299.98 626.99
vertex 8763.300000000001 8299.98 620.75
vertex 8752.64 8299.98 626.99
endloop
endfacet
facet normal 0 1 0
outer loop
vertex 7556.64 8299.98 620.75
vertex 7547.280000000001 8299.98 615.2900000000001
vertex 6743.88 8299.98 615.2900000000001
endloop
endfacet
facet normal 0 1 0
outer loop
vertex 7556.64 8299.98 620.75
vertex 6743.88 8299.98 615.2900000000001
vertex 6755.84 8299.98 620.75
endloop
endfacet
facet normal 0 1 0
outer loop
vertex 9564.23 8299.98 620.75
vertex 9576.19 8299.98 615.2900000000001
vertex 8772.79 8299.98 615.2900000000001
endloop
endfacet
facet normal 0 1 0
outer loop
vertex 9564.23 8299.98 620.75
vertex 8772.79 8299.98 615.2900000000001
vertex 8763.300000000001 8299.98 620.75
endloop
endfacet
facet normal 0 1 0
outer loop
vertex 7547.280000000001 8299.98 615.2900000000001
vertex 7539.22 8299.98 610.61
vertex 6731.530000000001 8299.98 610.61
endloop
endfacet
facet normal 0 1 0
outer loop
vertex 7547.280000000001 8299.98 615.2900000000001
vertex 6731.530000000001 8299.98 610.61
vertex 6743.88 8299.98 615.2900000000001
endloop
endfacet
facet normal 0 1 0
outer loop
vertex 9576.19 8299.98 615.2900000000001
vertex 9588.54 8299.98 610.61
vertex 8780.720000000001 8299.98 610.61
endloop
endfacet
facet normal 0 1 0
outer loop
vertex 9576.19 8299.98 615.2900000000001
vertex 8780.720000000001 8299.98 610.61
vertex 8772.79 8299.98 615.2900000000001
endloop
endfacet
facet normal 0 1 0
outer loop
vertex 7539.22 8299.98 610.61
vertex 7532.59 8299.98 606.84
vertex 6718.92 8299.98 606.84
endloop
endfacet
facet normal 0 0.9999999999999999 0
outer loop
vertex 7539.22 8299.98 610.61
vertex 6718.92 8299.98 606.84
vertex 6731.530000000001 8299.98 610.61
endloop
endfacet
facet normal 0 1 0
outer loop
vertex 9588.54 8299.98 610.61
vertex 9601.02 8299.98 606.84
vertex 8787.35 8299.98 606.84
endloop
endfacet
facet normal 0 1 0
outer loop
vertex 9588.54 8299.98 610.61
vertex 8787.35 8299.98 606.84
vertex 8780.720000000001 8299.98 610.61
endloop
endfacet
facet normal 0 1 0
outer loop
vertex 7532.59 8299.98 606.84
vertex 7527.52 8299.98 603.85
vertex 6706.18 8299.98 603.85
endloop
endfacet
facet normal 0 1 0
outer loop
vertex 7532.59 8299.98 606.84
vertex 6706.18 8299.98 603.85
vertex 6718.92 8299.98 606.84
endloop
endfacet
facet normal 0 1 0
outer loop
vertex 9601.02 8299.98 606.84
vertex 9613.890000000001 8299.98 603.85
vertex 8792.550000000001 8299.98 603.85
endloop
endfacet
facet normal 0 1 0
outer loop
vertex 9601.02 8299.98 606.84
vertex 8792.550000000001 8299.98 603.85
vertex 8787.35 8299.98 606.84
endloop
endfacet
facet normal 0 1 0
outer loop
vertex 7527.52 8299.98 603.85
vertex 7523.75 8299.98 601.77
vertex 6693.18 8299.98 601.77
endloop
endfacet
facet normal 0 1 0
outer loop
vertex 7527.52 8299.98 603.85
vertex 6693.18 8299.98 601.77
vertex 6706.18 8299.98 603.85
endloop
endfacet
facet normal 0 1 0
outer loop
vertex 9613.890000000001 8299.98 603.85
vertex 9626.890000000001 8299.98 601.77
vertex 8796.19 8299.98 601.77
endloop
endfacet
facet normal 0 1 0
outer loop
vertex 9613.890000000001 8299.98 603.85
vertex 8796.19 8299.98 601.77
vertex 8792.550000000001 8299.98 603.85
endloop
endfacet
facet normal 0 0.9999999999999999 0
outer loop
vertex 7523.75 8299.98 601.77
vertex 7521.54 8299.98 600.47
vertex 6680.05 8299.98 600.47
endloop
endfacet
facet normal 0 1 0
outer loop
vertex 7523.75 8299.98 601.77
vertex 6680.05 8299.98 600.47
vertex 6693.18 8299.98 601.77
endloop
endfacet
facet normal 0 1 0
outer loop
vertex 9626.890000000001 8299.98 601.77
vertex 9639.890000000001 8299.98 600.47
vertex 8798.53 8299.98 600.47
endloop
endfacet
facet normal 0 1 0
outer loop
vertex 9626.890000000001 8299.98 601.77
vertex 8798.53 8299.98 600.47
vertex 8796.19 8299.98 601.77
endloop
endfacet
facet normal 0 1 0
outer loop
vertex 7521.54 8299.98 600.47
vertex 7520.76 8299.98 599.95
vertex 6666.92 8299.98 599.95
endloop
endfacet
facet normal 0 1 0
outer loop
vertex 7521.54 8299.98 600.47
vertex 6666.92 8299.98 599.95
vertex 6680.05 8299.98 600.47
endloop
endfacet
facet normal 0 1 0
outer loop
vertex 9639.890000000001 8299.98 600.47
vertex 9653.15 8299.98 599.95
vertex 8799.18 8299.98 599.95
endloop
endfacet
facet normal 0 1 0
outer loop
vertex 9639.890000000001 8299.98 600.47
vertex 8799.18 8299.98 599.95
vertex 8798.53 8299.98 600.47
endloop
endfacet
facet normal 0 1 0
outer loop
vertex 6517.68 8299.98 437.97
vertex 6666.92 8299.98 599.95
vertex 7520.76 8299.98 599.95
endloop
endfacet
facet normal 0 1 0
outer loop
vertex 6517.68 8299.98 437.97
vertex 7520.76 8299.98 599.95
vertex 6959.29 8299.98 275.86
endloop
endfacet
facet normal 0 1 0
outer loop
vertex 6517.68 8299.98 437.97
vertex 6959.29 8299.98 275.86
vertex 6958.64 8299.98 275.86
endloop
endfacet
facet normal 0 1 0
outer loop
vertex 6517.68 8299.98 437.97
vertex 6958.64 8299.98 275.86
vertex 5500.04 8299.98 275.86
endloop
endfacet
facet normal 0 0.9999999999999999 0
outer loop
vertex 6517.68 8299.98 437.97
vertex 5500.04 8299.98 275.86
vertex 5500.04 8299.98 599.95
endloop
endfacet
facet normal 0 1 0
outer loop
vertex 6517.68 8299.98 437.97
vertex 5500.04 8299.98 599.95
vertex 6666.92 8299.98 599.95
endloop
endfacet
facet normal 0 1 0
outer loop
vertex 9695.79 8299.98 437.97
vertex 9653.15 8299.98 599.95
vertex 10499.970000000001 8299.98 599.95
endloop
endfacet
facet normal 0 1 0
outer loop
vertex 9695.79 8299.98 437.97
vertex 10499.970000000001 8299.98 599.95
vertex 10499.970000000001 8299.98 275.86
endloop
endfacet
facet normal 0 0.9999999999999999 0
outer loop
vertex 9695.79 8299.98 437.97
vertex 10499.970000000001 8299.98 275.86
vertex 9361.43 8299.98 275.86
endloop
endfacet
facet normal 0 1 0
outer loop
vertex 9695.79 8299.98 437.97
vertex 9361.43 8299.98 275.86
vertex 9360.78 8299.98 275.86
endloop
endfacet
facet normal 0 1 0
outer loop
vertex 9695.79 8299.98 437.97
vertex 9360.78 8299.98 275.86
vertex 8799.18 8299.98 599.95
endloop
endfacet
facet normal 0 1 0
outer loop
vertex 9695.79 8299.98 437.97
vertex 8799.18 8299.98 599.95
vertex 9653.15 8299.98 599.95
endloop
endfacet
facet normal 0 1 0
outer loop
vertex 6959.29 8299.98 275.86
vertex 6958.77 8299.98 275.47
vertex 6958.64 8299.98 275.86
endloop
endfacet
facet normal 0 1 0
outer loop
vertex 9361.43 8299.98 275.86
vertex 9361.300000000001 8299.98 275.47
vertex 9360.78 8299.98 275.86
endloop
endfacet
facet normal 0 0.9999999999999999 0
outer loop
vertex 6579.43 8299.98 229.97
vertex 6958.64 8299.98 275.86
vertex 6932.77 8299.98 261.95
endloop
endfacet
facet normal 0 1 0
outer loop
vertex 6579.43 8299.98 229.97
vertex 6932.77 8299.98 261.95
vertex 6896.89 8299.98 245.70000000000002
endloop
endfacet
facet normal 0 1 0
outer loop
vertex 6579.43 8299.98 229.97
vertex 6896.89 8299.98 245.70000000000002
vertex 6860.1 8299.98 231.92000000000002
endloop
endfacet
facet normal 0 0.9999999999999999 0
outer loop
vertex 6579.43 8299.98 229.97
vertex 6860.1 8299.98 231.92000000000002
vertex 6822.400000000001 8299.98 220.48000000000002
endloop
endfacet
facet normal 0 0.9999999999999999 0
outer loop
vertex 6579.43 8299.98 229.97
vertex 6822.400000000001 8299.98 220.48000000000002
vertex 6784.18 8299.98 211.51000000000002
endloop
endfacet
facet normal 0 1 0
outer loop
vertex 6579.43 8299.98 229.97
vertex 6784.18 8299.98 211.51000000000002
vertex 6745.31 8299.98 205.14000000000001
endloop
endfacet
facet normal 0 1 0
outer loop
vertex 6579.43 8299.98 229.97
vertex 6745.31 8299.98 205.14000000000001
vertex 6706.18 8299.98 201.24
endloop
endfacet
facet normal 0 1 0
outer loop
vertex 6579.43 8299.98 229.97
vertex 6706.18 8299.98 201.24
vertex 6666.92 8299.98 199.94
endloop
endfacet
facet normal 0 1 0
outer loop
vertex 6579.43 8299.98 229.97
vertex 6666.92 8299.98 199.94
vertex 5500.04 8299.98 199.94
endloop
endfacet
facet normal 0 1 0
outer loop
vertex 6579.43 8299.98 229.97
vertex 5500.04 8299.98 199.94
vertex 5500.04 8299.98 275.86
endloop
endfacet
facet normal 0 1 0
outer loop
vertex 6579.43 8299.98 229.97
vertex 5500.04 8299.98 275.86
vertex 6958.64 8299.98 275.86
endloop
endfacet
facet normal 0 0.9999999999999999 0
outer loop
vertex 9682.4 8299.98 229.97
vertex 10499.970000000001 8299.98 275.86
vertex 10499.970000000001 8299.98 199.94
endloop
endfacet
facet normal 0 1 0
outer loop
vertex 9682.4 8299.98 229.97
vertex 10499.970000000001 8299.98 199.94
vertex 9653.15 8299.98 199.94
endloop
endfacet
facet normal 0 1 0
outer loop
vertex 9682.4 8299.98 229.97
vertex 9653.15 8299.98 199.94
vertex 9613.76 8299.98 201.24
endloop
endfacet
facet normal 0 1 0
outer loop
vertex 9682.4 8299.98 229.97
vertex 9613.76 8299.98 201.24
vertex 9574.630000000001 8299.98 205.14000000000001
endloop
endfacet
facet normal 0 1 0
outer loop
vertex 9682.4 8299.98 229.97
vertex 9574.630000000001 8299.98 205.14000000000001
vertex 9535.89 8299.98 211.51000000000002
endloop
endfacet
facet normal 0 1 0
outer loop
vertex 9682.4 8299.98 229.97
vertex 9535.89 8299.98 211.51000000000002
vertex 9497.54 8299.98 220.48000000000002
endloop
endfacet
facet normal 0 1 0
outer loop
vertex 9682.4 8299.98 229.97
vertex 9497.54 8299.98 220.48000000000002
vertex 9459.84 8299.98 231.92000000000002
endloop
endfacet
facet normal 0 1 0
outer loop
vertex 9682.4 8299.98 229.97
vertex 9459.84 8299.98 231.92000000000002
vertex 9423.050000000001 8299.98 245.70000000000002
endloop
endfacet
facet normal 0 1 0
outer loop
vertex 9682.4 8299.98 229.97
vertex 9423.050000000001 8299.98 245.70000000000002
vertex 9387.300000000001 8299.98 261.95
endloop
endfacet
facet normal 0 1 0
outer loop
vertex 9682.4 8299.98 229.97
vertex 9387.300000000001 8299.98 261.95
vertex 9361.43 8299.98 275.86
endloop
endfacet
facet normal 0 0.9999999999999999 0
outer loop
vertex 9682.4 8299.98 229.97
vertex 9361.43 8299.98 275.86
vertex 10499.970000000001 8299.98 275.86
endloop
endfacet
facet normal 0 -0.9999999999999999 0
outer loop
vertex 8451.56 8699.99 1261.91
vertex 8452.86 8699.99 1261.91
vertex 8451.82 8699.99 1262.43
endloop
endfacet
facet normal 0 -1 0
outer loop
vertex 8159.97 8699.99 1305.2
vertex 8081.58 8699.99 1332.76
vertex 8004.490000000001 8699.99 1317.55
endloop
endfacet
facet normal 0 -1 0
outer loop
vertex 8159.97 8699.99 1305.2
vertex 8004.490000000001 8699.99 1317.55
vertex 7930 8699.99 1292.2
endloop
endfacet
facet normal 0 -1 0
outer loop
vertex 8159.97 8699.99 1305.2
vertex 7930 8699.99 1292.2
vertex 7868.51 8699.99 1261.91
endloop
endfacet
facet normal 0 -0.9999999999999999 0
outer loop
vertex 8159.97 8699.99 1305.2
vertex 7868.51 8699.99 1261.91
vertex 8451.56 8699.99 1261.91
endloop
endfacet
facet normal 0 -1 0
outer loop
vertex 8159.97 8699.99 1305.2
vertex 8451.56 8699.99 1261.91
vertex 8389.94 8699.99 1292.2
endloop
endfacet
facet normal 0 -1 0
outer loop
vertex 8159.97 8699.99 1305.2
vertex 8389.94 8699.99 1292.2
vertex 8315.58 8699.99 1317.55
endloop
endfacet
facet normal 0 -1 0
outer loop
vertex 8159.97 8699.99 1305.2
vertex 8315.58 8699.99 1317.55
vertex 8238.49 8699.99 1332.76
endloop
endfacet
facet normal 0 -0.9999999999999999 0
outer loop
vertex 8159.97 8699.99 1305.2
vertex 8238.49 8699.99 1332.76
vertex 8159.97 8699.99 1337.96
endloop
endfacet
facet normal 0 -1 0
outer loop
vertex 8159.97 8699.99 1305.2
vertex 8159.97 8699.99 1337.96
vertex 8081.58 8699.99 1332.76
endloop
endfacet
facet normal 0 -1 0
outer loop
vertex 7867.21 8699.99 1261.91
vertex 7868.51 8699.99 1261.91
vertex 7868.12 8699.99 1262.43
endloop
endfacet
facet normal 0 -0.9999999999999999 0
outer loop
vertex 8159.97 8699.99 1123.07
vertex 8451.56 8699.99 1261.91
vertex 7868.51 8699.99 1261.91
endloop
endfacet
facet normal 0 -1 0
outer loop
vertex 8159.97 8699.99 1123.07
vertex 7868.51 8699.99 1261.91
vertex 7867.21 8699.99 1261.91
endloop
endfacet
facet normal 0 -1 0
outer loop
vertex 8159.97 8699.99 1123.07
vertex 7867.21 8699.99 1261.91
vertex 7306.13 8699.99 937.95
endloop
endfacet
facet normal 0 -1 0
outer loop
vertex 8159.97 8699.99 1123.07
vertex 7306.13 8699.99 937.95
vertex 8159.97 8699.99 937.95
endloop
endfacet
facet normal 0 -1 0
outer loop
vertex 8159.97 8699.99 1123.07
vertex 8159.97 8699.99 937.95
vertex 9013.81 8699.99 937.95
endloop
endfacet
facet normal 0 -1 0
outer loop
vertex 8159.97 8699.99 1123.07
vertex 9013.81 8699.99 937.95
vertex 8452.86 8699.99 1261.91
endloop
endfacet
facet normal 0 -1 0
outer loop
vertex 8159.97 8699.99 1123.07
vertex 8452.86 8699.99 1261.91
vertex 8451.56 8699.99 1261.91
endloop
endfacet
facet normal 0 -1 0
outer loop
vertex 8159.97 8699.99 937.95
vertex 8186.2300000000005 8699.99 936.26
vertex 9016.800000000001 8699.99 936.26
endloop
endfacet
facet normal 0 -0.9999999999999999 0
outer loop
vertex 8159.97 8699.99 937.95
vertex 9016.800000000001 8699.99 936.26
vertex 9013.81 8699.99 937.95
endloop
endfacet
facet normal 0 -0.9999999999999999 0
outer loop
vertex 7306.13 8699.99 937.95
vertex 7303.14 8699.99 936.26
vertex 8133.71 8699.99 936.26
endloop
endfacet
facet normal 0 -0.9999999999999999 0
outer loop
vertex 7306.13 8699.99 937.95
vertex 8133.71 8699.99 936.26
vertex 8159.97 8699.99 937.95
endloop
endfacet
facet normal 0 -1 0
outer loop
vertex 8186.2300000000005 8699.99 936.26
vertex 8211.970000000001 8699.99 931.0600000000001
vertex 9025.77 8699.99 931.0600000000001
endloop
endfacet
facet normal 0 -1 0
outer loop
vertex 8186.2300000000005 8699.99 936.26
vertex 9025.77 8699.99 931.0600000000001
vertex 9016.800000000001 8699.99 936.26
endloop
endfacet
facet normal 0 -1 0
outer loop
vertex 7303.14 8699.99 936.26
vertex 7294.3 8699.99 931.0600000000001
vertex 8107.97 8699.99 931.0600000000001
endloop
endfacet
facet normal 0 -1 0
outer loop
vertex 7303.14 8699.99 936.26
vertex 8107.97 8699.99 931.0600000000001
vertex 8133.71 8699.99 936.26
endloop
endfacet
facet normal 0 -1 0
outer loop
vertex 8211.970000000001 8699.99 931.0600000000001
vertex 8236.93 8699.99 922.61
vertex 9040.33 8699.99 922.61
endloop
endfacet
facet normal 0 -0.9999999999999999 0
outer loop
vertex 8211.970000000001 8699.99 931.0600000000001
vertex 9040.33 8699.99 922.61
vertex 9025.77 8699.99 931.0600000000001
endloop
endfacet
facet normal 0 -1 0
outer loop
vertex 7294.3 8699.99 931.0600000000001
vertex 7279.610000000001 8699.99 922.61
vertex 8083.14 8699.99 922.61
endloop
endfacet
facet normal 0 -1 0
outer loop
vertex 7294.3 8699.99 931.0600000000001
vertex 8083.14 8699.99 922.61
vertex 8107.97 8699.99 931.0600000000001
endloop
endfacet
facet normal 0 -1 0
outer loop
vertex 8236.93 8699.99 922.61
vertex 8260.460000000001 8699.99 911.0400000000001
vertex 9060.48 8699.99 911.0400000000001
endloop
endfacet
facet normal 0 -1 0
outer loop
vertex 8236.93 8699.99 922.61
vertex 9060.48 8699.99 911.0400000000001
vertex 9040.33 8699.99 922.61
endloop
endfacet
facet normal 0 -1 0
outer loop
vertex 7279.610000000001 8699.99 922.61
vertex 7259.46 8699.99 911.0400000000001
vertex 8059.4800000000005 8699.99 911.0400000000001
endloop
endfacet
facet normal 0 -1 0
outer loop
vertex 7279.610000000001 8699.99 922.61
vertex 8059.4800000000005 8699.99 911.0400000000001
vertex 8083.14 8699.99 922.61
endloop
endfacet
facet normal 0 -1 0
outer loop
vertex 8260.460000000001 8699.99 911.0400000000001
vertex 8752.64 8699.99 626.99
vertex 9552.53 8699.99 626.99
endloop
endfacet
facet normal 0 -1 0
outer loop
vertex 8260.460000000001 8699.99 911.0400000000001
vertex 9552.53 8699.99 626.99
vertex 9060.48 8699.99 911.0400000000001
endloop
endfacet
facet normal 0 -0.9999999999999999 0
outer loop
vertex 7259.46 8699.99 911.0400000000001
vertex 6767.41 8699.99 626.99
vertex 7567.43 8699.99 626.99
endloop
endfacet
facet normal 0 -1 0
outer loop
vertex 7259.46 8699.99 911.0400000000001
vertex 7567.43 8699.99 626.99
vertex 8059.4800000000005 8699.99 911.0400000000001
endloop
endfacet
facet normal 0 -0.9999999999999999 0
outer loop
vertex 8752.64 8699.99 626.99
vertex 8763.300000000001 8699.99 620.75
vertex 9564.23 8699.99 620.75
endloop
endfacet
facet normal 0 -1 0
outer loop
vertex 8752.64 8699.99 626.99
vertex 9564.23 8699.99 620.75
vertex 9552.53 8699.99 626.99
endloop
endfacet
facet normal 0 -0.9999999999999999 0
outer loop
vertex 6767.41 8699.99 626.99
vertex 6755.84 8699.99 620.75
vertex 7556.64 8699.99 620.75
endloop
endfacet
facet normal 0 -1 0
outer loop
vertex 6767.41 8699.99 626.99
vertex 7556.64 8699.99 620.75
vertex 7567.43 8699.99 626.99
endloop
endfacet
facet normal 0 -1 0
outer loop
vertex 8763.300000000001 8699.99 620.75
vertex 8772.79 8699.99 615.2900000000001
vertex 9576.19 8699.99 615.2900000000001
endloop
endfacet
facet normal 0 -1 0
outer loop
vertex 8763.300000000001 8699.99 620.75
vertex 9576.19 8699.99 615.2900000000001
vertex 9564.23 8699.99 620.75
endloop
endfacet
facet normal 0 -1 0
outer loop
vertex 6755.84 8699.99 620.75
vertex 6743.88 8699.99 615.2900000000001
vertex 7547.280000000001 8699.99 615.2900000000001
endloop
endfacet
facet normal 0 -1 0
outer loop
vertex 6755.84 8699.99 620.75
vertex 7547.280000000001 8699.99 615.2900000000001
vertex 7556.64 8699.99 620.75
endloop
endfacet
facet normal 0 -1 0
outer loop
vertex 8772.79 8699.99 615.2900000000001
vertex 8780.720000000001 8699.99 610.61
vertex 9588.54 8699.99 610.61
endloop
endfacet
facet normal 0 -1 0
outer loop
vertex 8772.79 8699.99 615.2900000000001
vertex 9588.54 8699.99 610.61
vertex 9576.19 8699.99 615.2900000000001
endloop
endfacet
facet normal 0 -1 0
outer loop
vertex 6743.88 8699.99 615.2900000000001
vertex 6731.530000000001 8699.99 610.61
vertex 7539.22 8699.99 610.61
endloop
endfacet
facet normal 0 -1 0
outer loop
vertex 6743.88 8699.99 615.2900000000001
vertex 7539.22 8699.99 610.61
vertex 7547.280000000001 8699.99 615.2900000000001
endloop
endfacet
facet normal 0 -1 0
outer loop
vertex 8780.720000000001 8699.99 610.61
vertex 8787.35 8699.99 606.84
vertex 9601.02 8699.99 606.84
endloop
endfacet
facet normal 0 -1 0
outer loop
vertex 8780.720000000001 8699.99 610.61
vertex 9601.02 8699.99 606.84
vertex 9588.54 8699.99 610.61
endloop
endfacet
facet normal 0 -1 0
outer loop
vertex 6731.530000000001 8699.99 610.61
vertex 6718.92 8699.99 606.84
vertex 7532.59 8699.99 606.84
endloop
endfacet
facet normal 0 -0.9999999999999999 0
outer loop
vertex 6731.530000000001 8699.99 610.61
vertex 7532.59 8699.99 606.84
vertex 7539.22 8699.99 610.61
endloop
endfacet
facet normal 0 -1 0
outer loop
vertex 8787.35 8699.99 606.84
vertex 8792.550000000001 8699.99 603.85
vertex 9613.890000000001 8699.99 603.85
endloop
endfacet
facet normal 0 -1 0
outer loop
vertex 8787.35 8699.99 606.84
vertex 9613.890000000001 8699.99 603.85
vertex 9601.02 8699.99 606.84
endloop
endfacet
facet normal 0 -1 0
outer loop
vertex 6718.92 8699.99 606.84
vertex 6706.18 8699.99 603.85
vertex 7527.52 8699.99 603.85
endloop
endfacet
facet normal 0 -1 0
outer loop
vertex 6718.92 8699.99 606.84
vertex 7527.52 8699.99 603.85
vertex 7532.59 8699.99 606.84
endloop
endfacet
facet normal 0 -1 0
outer loop
vertex 8792.550000000001 8699.99 603.85
vertex 8796.19 8699.99 601.77
vertex 9626.890000000001 8699.99 601.77
endloop
endfacet
facet normal 0 -1 0
outer loop
vertex 8792.550000000001 8699.99 603.85
vertex 9626.890000000001 8699.99 601.77
vertex 9613.890000000001 8699.99 603.85
endloop
endfacet
facet normal 0 -1 0
outer loop
vertex 6706.18 8699.99 603.85
vertex 6693.18 8699.99 601.77
vertex 7523.75 8699.99 601.77
endloop
endfacet
facet normal 0 -1 0
outer loop
vertex 6706.18 8699.99 603.85
vertex 7523.75 8699.99 601.77
vertex 7527.52 8699.99 603.85
endloop
endfacet
facet normal 0 -1 0
outer loop
vertex 8796.19 8699.99 601.77
vertex 8798.53 8699.99 600.47
vertex 9639.890000000001 8699.99 600.47
endloop
endfacet
facet normal 0 -1 0
outer loop
vertex 8796.19 8699.99 601.77
vertex 9639.890000000001 8699.99 600.47
vertex 9626.890000000001 8699.99 601.77
endloop
endfacet
facet normal 0 -1 0
outer loop
vertex 6693.18 8699.99 601.77
vertex 6680.05 8699.99 600.47
vertex 7521.54 8699.99 600.47
endloop
endfacet
facet normal 0 -1 0
outer loop
vertex 6693.18 8699.99 601.77
vertex 7521.54 8699.99 600.47
vertex 7523.75 8699.99 601.77
endloop
endfacet
facet normal 0 -1 0
outer loop
vertex 8798.53 8699.99 600.47
vertex 8799.18 8699.99 599.95
vertex 9653.15 8699.99 599.95
endloop
endfacet
facet normal 0 -1 0
outer loop
vertex 8798.53 8699.99 600.47
vertex 9653.15 8699.99 599.95
vertex 9639.890000000001 8699.99 600.47
endloop
endfacet
facet normal 0 -1 0
outer loop
vertex 6680.05 8699.99 600.47
vertex 6666.92 8699.99 599.95
vertex 7520.76 8699.99 599.95
endloop
endfacet
facet normal 0 -1 0
outer loop
vertex 6680.05 8699.99 600.47
vertex 7520.76 8699.99 599.95
vertex 7521.54 8699.99 600.47
endloop
endfacet
facet normal 0 -1 0
outer loop
vertex 9695.79 8699.99 437.97
vertex 9653.15 8699.99 599.95
vertex 8799.18 8699.99 599.95
endloop
endfacet
facet normal 0 -1 0
outer loop
vertex 9695.79 8699.99 437.97
vertex 8799.18 8699.99 599.95
vertex 9360.78 8699.99 275.86
endloop
endfacet
facet normal 0 -1 0
outer loop
vertex 9695.79 8699.99 437.97
vertex 9360.78 8699.99 275.86
vertex 9361.43 8699.99 275.86
endloop
endfacet
facet normal 0 -0.9999999999999999 0
outer loop
vertex 9695.79 8699.99 437.97
vertex 9361.43 8699.99 275.86
vertex 10499.970000000001 8699.99 275.86
endloop
endfacet
facet normal 0 -1 0
outer loop
vertex 9695.79 8699.99 437.97
vertex 10499.970000000001 8699.99 275.86
vertex 10499.970000000001 8699.99 599.95
endloop
endfacet
facet normal 0 -1 0
outer loop
vertex 9695.79 8699.99 437.97
vertex 10499.970000000001 8699.99 599.95
vertex 9653.15 8699.99 599.95
endloop
endfacet
facet normal 0 -1 0
outer loop
vertex 6545.24 8699.99 437.97
vertex 6666.92 8699.99 599.95
vertex 5582.85 8699.99 599.95
endloop
endfacet
facet normal 0 -1 0
outer loop
vertex 6545.24 8699.99 437.97
vertex 5582.85 8699.99 599.95
vertex 5582.85 8699.99 275.86
endloop
endfacet
facet normal 0 -1 0
outer loop
vertex 6545.24 8699.99 437.97
vertex 5582.85 8699.99 275.86
vertex 6958.64 8699.99 275.86
endloop
endfacet
facet normal 0 -1 0
outer loop
vertex 6545.24 8699.99 437.97
vertex 6958.64 8699.99 275.86
vertex 6959.29 8699.99 275.86
endloop
endfacet
facet normal 0 -1 0
outer loop
vertex 6545.24 8699.99 437.97
vertex 6959.29 8699.99 275.86
vertex 7520.76 8699.99 599.95
endloop
endfacet
facet normal 0 -1 0
outer loop
vertex 6545.24 8699.99 437.97
vertex 7520.76 8699.99 599.95
vertex 6666.92 8699.99 599.95
endloop
endfacet
facet normal 0 -1 0
outer loop
vertex 9360.78 8699.99 275.86
vertex 9361.300000000001 8699.99 275.47
vertex 9361.43 8699.99 275.86
endloop
endfacet
facet normal 0 -1 0
outer loop
vertex 6958.64 8699.99 275.86
vertex 6958.77 8699.99 275.47
vertex 6959.29 8699.99 275.86
endloop
endfacet
facet normal 0 -1 0
outer loop
vertex 9682.4 8699.99 229.97
vertex 9361.43 8699.99 275.86
vertex 9387.300000000001 8699.99 261.95
endloop
endfacet
facet normal 0 -1 0
outer loop
vertex 9682.4 8699.99 229.97
vertex 9387.300000000001 8699.99 261.95
vertex 9423.050000000001 8699.99 245.70000000000002
endloop
endfacet
facet normal 0 -1 0
outer loop
vertex 9682.4 8699.99 229.97
vertex 9423.050000000001 8699.99 245.70000000000002
vertex 9459.84 8699.99 231.92000000000002
endloop
endfacet
facet normal 0 -1 0
outer loop
vertex 9682.4 8699.99 229.97
vertex 9459.84 8699.99 231.92000000000002
vertex 9497.54 8699.99 220.48000000000002
endloop
endfacet
facet normal 0 -1 0
outer loop
vertex 9682.4 8699.99 229.97
vertex 9497.54 8699.99 220.48000000000002
vertex 9535.89 8699.99 211.51000000000002
endloop
endfacet
facet normal 0 -1 0
outer loop
vertex 9682.4 8699.99 229.97
vertex 9535.89 8699.99 211.51000000000002
vertex 9574.630000000001 8699.99 205.14000000000001
endloop
endfacet
facet normal 0 -1 0
outer loop
vertex 9682.4 8699.99 229.97
vertex 9574.630000000001 8699.99 205.14000000000001
vertex 9613.76 8699.99 201.24
endloop
endfacet
facet normal 0 -1 0
outer loop
vertex 9682.4 8699.99 229.97
vertex 9613.76 8699.99 201.24
vertex 9653.15 8699.99 199.94
endloop
endfacet
facet normal 0 -1 0
outer loop
vertex 9682.4 8699.99 229.97
vertex 9653.15 8699.99 199.94
vertex 10499.970000000001 8699.99 199.94
endloop
endfacet
facet normal 0 -0.9999999999999999 0
outer loop
vertex 9682.4 8699.99 229.97
vertex 10499.970000000001 8699.99 199.94
vertex 10499.970000000001 8699.99 275.86
endloop
endfacet
facet normal 0 -0.9999999999999999 0
outer loop
vertex 9682.4 8699.99 229.97
vertex 10499.970000000001 8699.99 275.86
vertex 9361.43 8699.99 275.86
endloop
endfacet
facet normal 0 -1 0
outer loop
vertex 6594.51 8699.99 229.97
vertex 5582.85 8699.99 275.86
vertex 5582.85 8699.99 199.94
endloop
endfacet
facet normal 0 -0.9999999999999999 0
outer loop
vertex 6594.51 8699.99 229.97
vertex 5582.85 8699.99 199.94
vertex 6666.92 8699.99 199.94
endloop
endfacet
facet normal 0 -1 0
outer loop
vertex 6594.51 8699.99 229.97
vertex 6666.92 8699.99 199.94
vertex 6706.18 8699.99 201.24
endloop
endfacet
facet normal 0 -1 0
outer loop
vertex 6594.51 8699.99 229.97
vertex 6706.18 8699.99 201.24
vertex 6745.31 8699.99 205.14000000000001
endloop
endfacet
facet normal 0 -0.9999999999999999 0
outer loop
vertex 6594.51 8699.99 229.97
vertex 6745.31 8699.99 205.14000000000001
vertex 6784.18 8699.99 211.51000000000002
endloop
endfacet
facet normal 0 -1 0
outer loop
vertex 6594.51 8699.99 229.97
vertex 6784.18 8699.99 211.51000000000002
vertex 6822.400000000001 8699.99 220.48000000000002
endloop
endfacet
facet normal 0 -1 0
outer loop
vertex 6594.51 8699.99 229.97
vertex 6822.400000000001 8699.99 220.48000000000002
vertex 6860.1 8699.99 231.92000000000002
endloop
endfacet
facet normal 0 -1 0
outer loop
vertex 6594.51 8699.99 229.97
vertex 6860.1 8699.99 231.92000000000002
vertex 6896.89 8699.99 245.70000000000002
endloop
endfacet
facet normal 0 -1 0
outer loop
vertex 6594.51 8699.99 229.97
vertex 6896.89 8699.99 245.70000000000002
vertex 6932.77 8699.99 261.95
endloop
endfacet
facet normal 0 -0.9999999999999999 0
outer loop
vertex 6594.51 8699.99 229.97
vertex 6932.77 8699.99 261.95
vertex 6958.64 8699.99 275.86
endloop
endfacet
facet normal 0 -0.9999999999999999 0
outer loop
vertex 6594.51 8699.99 229.97
vertex 6958.64 8699.99 275.86
vertex 5582.85 8699.99 275.86
endloop
endfacet
facet normal -0.02968987599389502 0 0.9995591584611024
outer loop
vertex 6680.05 8544.77 200.33
vertex 6666.92 8699.99 199.94
vertex 6666.92 8676.59 199.94
endloop
endfacet
facet normal -0.029689875993895012 0 0.9995591584611025
outer loop
vertex 6680.05 8544.77 200.33
vertex 6666.92 8676.59 199.94
vertex 6666.92 8591.83 199.94
endloop
endfacet
facet normal -0.029689875993895002 0 0.9995591584611022
outer loop
vertex 6680.05 8544.77 200.33
vertex 6666.92 8591.83 199.94
vertex 6666.92 8299.98 199.94
endloop
endfacet
facet normal -0.033094444110720087 0.000182783971721408 0.9994522121437435
outer loop
vertex 6680.05 8544.77 200.33
vertex 6666.92 8299.98 199.94
vertex 6706.18 8299.98 201.24
endloop
endfacet
facet normal -0.034804770711453714 0 0.999394130428893
outer loop
vertex 6680.05 8544.77 200.33
vertex 6706.18 8299.98 201.24
vertex 6706.18 8699.99 201.24
endloop
endfacet
facet normal -0.03309444328859223 -0.00028825980753876396 0.999452187315482
outer loop
vertex 6680.05 8544.77 200.33
vertex 6706.18 8699.99 201.24
vertex 6666.92 8699.99 199.94
endloop
endfacet
facet normal -0.09917639879003919 0 0.995069867860061
outer loop
vertex 6706.18 8699.99 201.24
vertex 6706.18 8299.98 201.24
vertex 6745.31 8299.98 205.14000000000001
endloop
endfacet
facet normal -0.09917639879003919 0 0.995069867860061
outer loop
vertex 6706.18 8699.99 201.24
vertex 6745.31 8299.98 205.14000000000001
vertex 6745.31 8699.99 205.14000000000001
endloop
endfacet
facet normal -0.1617223370145547 0 0.9868363013745242
outer loop
vertex 6745.31 8699.99 205.14000000000001
vertex 6745.31 8299.98 205.14000000000001
vertex 6784.18 8299.98 211.51000000000002
endloop
endfacet
facet normal -0.1617223370145547 0 0.9868363013745242
outer loop
vertex 6745.31 8699.99 205.14000000000001
vertex 6784.18 8299.98 211.51000000000002
vertex 6784.18 8699.99 211.51000000000002
endloop
endfacet
facet normal -0.22848558961129478 0 0.9735472948655236
outer loop
vertex 6784.18 8699.99 211.51000000000002
vertex 6784.18 8299.98 211.51000000000002
vertex 6822.400000000001 8299.98 220.48000000000002
endloop
endfacet
facet normal -0.22848558961129478 0 0.9735472948655236
outer loop
vertex 6784.18 8699.99 211.51000000000002
vertex 6822.400000000001 8299.98 220.48000000000002
vertex 6822.400000000001 8699.99 220.48000000000002
endloop
endfacet
facet normal -0.29037369914144495 0 0.956913326716121
outer loop
vertex 6822.400000000001 8699.99 220.48000000000002
vertex 6822.400000000001 8299.98 220.48000000000002
vertex 6860.1 8299.98 231.92000000000002
endloop
endfacet
facet normal -0.29037369914144495 0 0.956913326716121
outer loop
vertex 6822.400000000001 8699.99 220.48000000000002
vertex 6860.1 8299.98 231.92000000000002
vertex 6860.1 8699.99 231.92000000000002
endloop
endfacet
facet normal -0.3507607781097681 0 0.9364650962741912
outer loop
vertex 6860.1 8699.99 231.92000000000002
vertex 6860.1 8299.98 231.92000000000002
vertex 6896.89 8299.98 245.70000000000002
endloop
endfacet
facet normal -0.3507607781097681 0 0.9364650962741912
outer loop
vertex 6860.1 8699.99 231.92000000000002
vertex 6896.89 8299.98 245.70000000000002
vertex 6896.89 8699.99 245.70000000000002
endloop
endfacet
facet normal -0.4125592291917735 0 0.9109307780554402
outer loop
vertex 6896.89 8699.99 245.70000000000002
vertex 6896.89 8299.98 245.70000000000002
vertex 6932.77 8299.98 261.95
endloop
endfacet
facet normal -0.4125592291917735 0 0.9109307780554402
outer loop
vertex 6896.89 8699.99 245.70000000000002
vertex 6932.77 8299.98 261.95
vertex 6932.77 8699.99 261.95
endloop
endfacet
facet normal 0.4746894493767926 0 -0.8801533540527795
outer loop
vertex 6767.41 8699.99 626.99
vertex 6767.41 8299.98 626.99
vertex 6755.84 8299.98 620.75
endloop
endfacet
facet normal 0.4746894493767926 0 -0.8801533540527795
outer loop
vertex 6767.41 8699.99 626.99
vertex 6755.84 8299.98 620.75
vertex 6755.84 8699.99 620.75
endloop
endfacet
facet normal 0.41529234958964 0 -0.9096880038630366
outer loop
vertex 6755.84 8699.99 620.75
vertex 6755.84 8299.98 620.75
vertex 6743.88 8299.98 615.2900000000001
endloop
endfacet
facet normal 0.41529234958964 0 -0.9096880038630366
outer loop
vertex 6755.84 8699.99 620.75
vertex 6743.88 8299.98 615.2900000000001
vertex 6743.88 8699.99 615.2900000000001
endloop
endfacet
facet normal 0.35435748586422966 0 -0.9351100321416631
outer loop
vertex 6743.88 8699.99 615.2900000000001
vertex 6743.88 8299.98 615.2900000000001
vertex 6731.530000000001 8299.98 610.61
endloop
endfacet
facet normal 0.35435748586422966 0 -0.9351100321416631
outer loop
vertex 6743.88 8699.99 615.2900000000001
vertex 6731.530000000001 8299.98 610.61
vertex 6731.530000000001 8699.99 610.61
endloop
endfacet
facet normal 0.28644158302836753 0 -0.9580977087501059
outer loop
vertex 6731.530000000001 8699.99 610.61
vertex 6731.530000000001 8299.98 610.61
vertex 6718.92 8299.98 606.84
endloop
endfacet
facet normal 0.28644158302836753 0 -0.9580977087501059
outer loop
vertex 6731.530000000001 8699.99 610.61
vertex 6718.92 8299.98 606.84
vertex 6718.92 8699.99 606.84
endloop
endfacet
facet normal 0.22848558961130067 0 -0.9735472948655224
outer loop
vertex 6718.92 8699.99 606.84
vertex 6718.92 8299.98 606.84
vertex 6706.18 8299.98 603.85
endloop
endfacet
facet normal 0.22848558961130067 0 -0.9735472948655224
outer loop
vertex 6718.92 8699.99 606.84
vertex 6706.18 8299.98 603.85
vertex 6706.18 8699.99 603.85
endloop
endfacet
facet normal 0.1579905011066759 0 -0.987440631916705
outer loop
vertex 6706.18 8699.99 603.85
vertex 6706.18 8299.98 603.85
vertex 6693.18 8299.98 601.77
endloop
endfacet
facet normal 0.1579905011066759 0 -0.987440631916705
outer loop
vertex 6706.18 8699.99 603.85
vertex 6693.18 8299.98 601.77
vertex 6693.18 8699.99 601.77
endloop
endfacet
facet normal 0.09852814501284893 0 -0.9951342646298172
outer loop
vertex 6693.18 8699.99 601.77
vertex 6693.18 8299.98 601.77
vertex 6680.05 8299.98 600.47
endloop
endfacet
facet normal 0.09852814501284893 0 -0.9951342646298172
outer loop
vertex 6693.18 8699.99 601.77
vertex 6680.05 8299.98 600.47
vertex 6680.05 8699.99 600.47
endloop
endfacet
facet normal 0.0395729379998969 0 -0.9992166844974398
outer loop
vertex 6680.05 8699.99 600.47
vertex 6680.05 8299.98 600.47
vertex 6666.92 8299.98 599.95
endloop
endfacet
facet normal 0.0395729379998969 0 -0.9992166844974398
outer loop
vertex 6680.05 8699.99 600.47
vertex 6666.92 8299.98 599.95
vertex 6666.92 8699.99 599.95
endloop
endfacet
facet normal 0.9486832980504308 0 0.31622776601708685
outer loop
vertex 6958.77 8699.99 275.47
vertex 6958.64 8699.99 275.86
vertex 6958.64 8299.98 275.86
endloop
endfacet
facet normal 0.9486832980504308 0 0.31622776601708685
outer loop
vertex 6958.77 8699.99 275.47
vertex 6958.64 8299.98 275.86
vertex 6958.77 8299.98 275.47
endloop
endfacet
facet normal 0.49996741718263465 0 -0.8660442146655826
outer loop
vertex 7868.12 8699.99 1262.43
vertex 7868.12 8299.98 1262.43
vertex 6767.41 8299.98 626.99
endloop
endfacet
facet normal 0.49996741718263465 0 -0.8660442146655826
outer loop
vertex 7868.12 8699.99 1262.43
vertex 6767.41 8299.98 626.99
vertex 6767.41 8699.99 626.99
endloop
endfacet
facet normal -0.4735718775566585 0 0.8807551741474251
outer loop
vertex 6958.64 8699.99 275.86
vertex 6932.77 8699.99 261.95
vertex 6932.77 8299.98 261.95
endloop
endfacet
facet normal -0.4735718775566585 0 0.8807551741474251
outer loop
vertex 6958.64 8699.99 275.86
vertex 6932.77 8299.98 261.95
vertex 6958.64 8299.98 275.86
endloop
endfacet
facet normal -0.4392986580905091 0 0.8983410760951979
outer loop
vertex 8059.4800000000005 8699.99 911.0400000000001
vertex 8059.4800000000005 8299.98 911.0400000000001
vertex 8083.14 8299.98 922.61
endloop
endfacet
facet normal -0.4392986580905091 0 0.8983410760951979
outer loop
vertex 8059.4800000000005 8699.99 911.0400000000001
vertex 8083.14 8299.98 922.61
vertex 8083.14 8699.99 922.61
endloop
endfacet
facet normal -0.3221692918656847 0 0.9466820730206964
outer loop
vertex 8083.14 8699.99 922.61
vertex 8083.14 8299.98 922.61
vertex 8107.97 8299.98 931.0600000000001
endloop
endfacet
facet normal -0.3221692918656847 0 0.9466820730206964
outer loop
vertex 8083.14 8699.99 922.61
vertex 8107.97 8299.98 931.0600000000001
vertex 8107.97 8699.99 931.0600000000001
endloop
endfacet
facet normal -0.19801980198019714 0 0.9801980198019805
outer loop
vertex 8107.97 8699.99 931.0600000000001
vertex 8107.97 8299.98 931.0600000000001
vertex 8133.71 8299.98 936.26
endloop
endfacet
facet normal -0.19801980198019714 0 0.9801980198019805
outer loop
vertex 8107.97 8699.99 931.0600000000001
vertex 8133.71 8299.98 936.26
vertex 8133.71 8699.99 936.26
endloop
endfacet
facet normal -0.06422357405143274 0 0.9979355352607001
outer loop
vertex 8133.71 8699.99 936.26
vertex 8133.71 8299.98 936.26
vertex 8159.97 8299.98 937.95
endloop
endfacet
facet normal -0.06422357405143274 0 0.9979355352607001
outer loop
vertex 8133.71 8699.99 936.26
vertex 8159.97 8299.98 937.95
vertex 8159.97 8699.99 937.95
endloop
endfacet
facet normal 0.06422357405143274 0 0.9979355352607001
outer loop
vertex 8159.97 8699.99 937.95
vertex 8159.97 8299.98 937.95
vertex 8186.2300000000005 8299.98 936.26
endloop
endfacet
facet normal 0.06422357405143274 0 0.9979355352607001
outer loop
vertex 8159.97 8699.99 937.95
vertex 8186.2300000000005 8299.98 936.26
vertex 8186.2300000000005 8699.99 936.26
endloop
endfacet
facet normal 0.1980198019801904 0 0.9801980198019817
outer loop
vertex 8186.2300000000005 8699.99 936.26
vertex 8186.2300000000005 8299.98 936.26
vertex 8211.970000000001 8299.98 931.0600000000001
endloop
endfacet
facet normal 0.1980198019801904 0 0.9801980198019817
outer loop
vertex 8186.2300000000005 8699.99 936.26
vertex 8211.970000000001 8299.98 931.0600000000001
vertex 8211.970000000001 8699.99 931.0600000000001
endloop
endfacet
facet normal 0.3206642695320766 0 0.9471929192331727
outer loop
vertex 8211.970000000001 8699.99 931.0600000000001
vertex 8211.970000000001 8299.98 931.0600000000001
vertex 8236.93 8299.98 922.61
endloop
endfacet
facet normal 0.3206642695320766 0 0.9471929192331727
outer loop
vertex 8211.970000000001 8699.99 931.0600000000001
vertex 8236.93 8299.98 922.61
vertex 8236.93 8699.99 922.61
endloop
endfacet
facet normal 0.4412542068470427 0 0.8973821510035663
outer loop
vertex 8236.93 8699.99 922.61
vertex 8236.93 8299.98 922.61
vertex 8260.460000000001 8299.98 911.0400000000001
endloop
endfacet
facet normal 0.4412542068470427 0 0.8973821510035663
outer loop
vertex 8236.93 8699.99 922.61
vertex 8260.460000000001 8299.98 911.0400000000001
vertex 8260.460000000001 8699.99 911.0400000000001
endloop
endfacet
facet normal -0.32267392778813536 0 -0.9465101881785412
outer loop
vertex 8389.94 8699.99 1292.2
vertex 8389.94 8299.98 1292.2
vertex 8315.58 8299.98 1317.55
endloop
endfacet
facet normal -0.32267392778813536 0 -0.9465101881785412
outer loop
vertex 8389.94 8699.99 1292.2
vertex 8315.58 8299.98 1317.55
vertex 8315.58 8699.99 1317.55
endloop
endfacet
facet normal -0.19357017303054327 0 -0.9810864325394197
outer loop
vertex 8315.58 8699.99 1317.55
vertex 8315.58 8299.98 1317.55
vertex 8238.49 8299.98 1332.76
endloop
endfacet
facet normal -0.19357017303054327 0 -0.9810864325394197
outer loop
vertex 8315.58 8699.99 1317.55
vertex 8238.49 8299.98 1332.76
vertex 8238.49 8699.99 1332.76
endloop
endfacet
facet normal -0.0660804172573905 0 -0.9978143005865817
outer loop
vertex 8238.49 8699.99 1332.76
vertex 8238.49 8299.98 1332.76
vertex 8159.97 8299.98 1337.96
endloop
endfacet
facet normal -0.0660804172573905 0 -0.9978143005865817
outer loop
vertex 8238.49 8699.99 1332.76
vertex 8159.97 8299.98 1337.96
vertex 8159.97 8699.99 1337.96
endloop
endfacet
facet normal 0.06618952364884924 0 -0.9978070690063978
outer loop
vertex 8159.97 8699.99 1337.96
vertex 8159.97 8299.98 1337.96
vertex 8081.58 8299.98 1332.76
endloop
endfacet
facet normal 0.06618952364884924 0 -0.9978070690063978
outer loop
vertex 8159.97 8699.99 1337.96
vertex 8081.58 8299.98 1332.76
vertex 8081.58 8699.99 1332.76
endloop
endfacet
facet normal 0.19357017303054547 0 -0.9810864325394193
outer loop
vertex 8081.58 8699.99 1332.76
vertex 8081.58 8299.98 1332.76
vertex 8004.490000000001 8299.98 1317.55
endloop
endfacet
facet normal 0.19357017303054547 0 -0.9810864325394193
outer loop
vertex 8081.58 8699.99 1332.76
vertex 8004.490000000001 8299.98 1317.55
vertex 8004.490000000001 8699.99 1317.55
endloop
endfacet
facet normal 0.3221692918656786 0 -0.9466820730206985
outer loop
vertex 8004.490000000001 8699.99 1317.55
vertex 8004.490000000001 8299.98 1317.55
vertex 7930 8299.98 1292.2
endloop
endfacet
facet normal 0.3221692918656786 0 -0.9466820730206985
outer loop
vertex 8004.490000000001 8699.99 1317.55
vertex 7930 8299.98 1292.2
vertex 7930 8699.99 1292.2
endloop
endfacet
facet normal 0.4418953826207788 0 -0.8970665921872443
outer loop
vertex 7930 8699.99 1292.2
vertex 7930 8299.98 1292.2
vertex 7868.51 8299.98 1261.91
endloop
endfacet
facet normal 0.4418953826207788 0 -0.8970665921872443
outer loop
vertex 7930 8699.99 1292.2
vertex 7868.51 8299.98 1261.91
vertex 7868.51 8699.99 1261.91
endloop
endfacet
facet normal -0.5000441281253786 0 0.8659999249003028
outer loop
vertex 8059.4800000000005 8299.98 911.0400000000001
vertex 8059.4800000000005 8699.99 911.0400000000001
vertex 6958.77 8699.99 275.47
endloop
endfacet
facet normal -0.5000441281253786 0 0.8659999249003028
outer loop
vertex 8059.4800000000005 8299.98 911.0400000000001
vertex 6958.77 8699.99 275.47
vertex 6958.77 8299.98 275.47
endloop
endfacet
facet normal -0.7999999999997482 0 -0.6000000000003359
outer loop
vertex 7868.51 8299.98 1261.91
vertex 7868.12 8299.98 1262.43
vertex 7868.12 8699.99 1262.43
endloop
endfacet
facet normal -0.7999999999997482 0 -0.6000000000003359
outer loop
vertex 7868.51 8299.98 1261.91
vertex 7868.12 8699.99 1262.43
vertex 7868.51 8699.99 1261.91
endloop
endfacet
facet normal 0.4999998404967376 0 0.8660254958736704
outer loop
vertex 8260.460000000001 8699.99 911.0400000000001
vertex 8260.460000000001 8299.98 911.0400000000001
vertex 9361.300000000001 8299.98 275.47
endloop
endfacet
facet normal 0.4999998404967376 0 0.8660254958736704
outer loop
vertex 8260.460000000001 8699.99 911.0400000000001
vertex 9361.300000000001 8299.98 275.47
vertex 9361.300000000001 8699.99 275.47
endloop
endfacet
facet normal 0.8944271909997594 0 -0.4472135955002708
outer loop
vertex 8451.56 8699.99 1261.91
vertex 8451.82 8699.99 1262.43
vertex 8451.82 8299.98 1262.43
endloop
endfacet
facet normal 0.8944271909997594 0 -0.4472135955002708
outer loop
vertex 8451.56 8699.99 1261.91
vertex 8451.82 8299.98 1262.43
vertex 8451.56 8299.98 1261.91
endloop
endfacet
facet normal -0.4411446958326378 0 -0.8974359906638074
outer loop
vertex 8451.56 8699.99 1261.91
vertex 8451.56 8299.98 1261.91
vertex 8389.94 8299.98 1292.2
endloop
endfacet
facet normal -0.4411446958326378 0 -0.8974359906638074
outer loop
vertex 8451.56 8699.99 1261.91
vertex 8389.94 8299.98 1292.2
vertex 8389.94 8699.99 1292.2
endloop
endfacet
facet normal 0.03298534110820305 0 0.9994558355785289
outer loop
vertex 9613.76 8699.99 201.24
vertex 9613.76 8299.98 201.24
vertex 9653.15 8299.98 199.94
endloop
endfacet
facet normal 0.03298534110820305 0 0.9994558355785289
outer loop
vertex 9613.76 8699.99 201.24
vertex 9653.15 8299.98 199.94
vertex 9653.15 8699.99 199.94
endloop
endfacet
facet normal 0.09917639879004146 0 0.9950698678600608
outer loop
vertex 9574.630000000001 8699.99 205.14000000000001
vertex 9574.630000000001 8299.98 205.14000000000001
vertex 9613.76 8299.98 201.24
endloop
endfacet
facet normal 0.09917639879004146 0 0.9950698678600608
outer loop
vertex 9574.630000000001 8699.99 205.14000000000001
vertex 9613.76 8299.98 201.24
vertex 9613.76 8699.99 201.24
endloop
endfacet
facet normal 0.16225076613787462 0 0.9867495573283388
outer loop
vertex 9535.89 8699.99 211.51000000000002
vertex 9535.89 8299.98 211.51000000000002
vertex 9574.630000000001 8299.98 205.14000000000001
endloop
endfacet
facet normal 0.16225076613787462 0 0.9867495573283388
outer loop
vertex 9535.89 8699.99 211.51000000000002
vertex 9574.630000000001 8299.98 205.14000000000001
vertex 9574.630000000001 8699.99 205.14000000000001
endloop
endfacet
facet normal 0.22775130220385198 0 0.9737193355091854
outer loop
vertex 9497.54 8699.99 220.48000000000002
vertex 9497.54 8299.98 220.48000000000002
vertex 9535.89 8299.98 211.51000000000002
endloop
endfacet
facet normal 0.22775130220385198 0 0.9737193355091854
outer loop
vertex 9497.54 8699.99 220.48000000000002
vertex 9535.89 8299.98 211.51000000000002
vertex 9535.89 8699.99 211.51000000000002
endloop
endfacet
facet normal 0.2903736991414385 0 0.9569133267161228
outer loop
vertex 9459.84 8699.99 231.92000000000002
vertex 9459.84 8299.98 231.92000000000002
vertex 9497.54 8299.98 220.48000000000002
endloop
endfacet
facet normal 0.2903736991414385 0 0.9569133267161228
outer loop
vertex 9459.84 8699.99 231.92000000000002
vertex 9497.54 8299.98 220.48000000000002
vertex 9497.54 8699.99 220.48000000000002
endloop
endfacet
facet normal 0.3507607781097757 0 0.9364650962741884
outer loop
vertex 9423.050000000001 8699.99 245.70000000000002
vertex 9423.050000000001 8299.98 245.70000000000002
vertex 9459.84 8299.98 231.92000000000002
endloop
endfacet
facet normal 0.3507607781097757 0 0.9364650962741884
outer loop
vertex 9423.050000000001 8699.99 245.70000000000002
vertex 9459.84 8299.98 231.92000000000002
vertex 9459.84 8699.99 231.92000000000002
endloop
endfacet
facet normal 0.41380294430118336 0 0.9103664774626049
outer loop
vertex 9387.300000000001 8699.99 261.95
vertex 9387.300000000001 8299.98 261.95
vertex 9423.050000000001 8299.98 245.70000000000002
endloop
endfacet
facet normal 0.41380294430118336 0 0.9103664774626049
outer loop
vertex 9387.300000000001 8699.99 261.95
vertex 9423.050000000001 8299.98 245.70000000000002
vertex 9423.050000000001 8699.99 245.70000000000002
endloop
endfacet
facet normal -0.4705882352941523 0 -0.882352941176452
outer loop
vertex 9564.23 8699.99 620.75
vertex 9564.23 8299.98 620.75
vertex 9552.53 8299.98 626.99
endloop
endfacet
facet normal -0.4705882352941523 0 -0.882352941176452
outer loop
vertex 9564.23 8699.99 620.75
vertex 9552.53 8299.98 626.99
vertex 9552.53 8699.99 626.99
endloop
endfacet
facet normal -0.4152923495896139 0 -0.9096880038630486
outer loop
vertex 9576.19 8699.99 615.2900000000001
vertex 9576.19 8299.98 615.2900000000001
vertex 9564.23 8299.98 620.75
endloop
endfacet
facet normal -0.4152923495896139 0 -0.9096880038630486
outer loop
vertex 9576.19 8699.99 615.2900000000001
vertex 9564.23 8299.98 620.75
vertex 9564.23 8699.99 620.75
endloop
endfacet
facet normal -0.35435748586420684 0 -0.9351100321416717
outer loop
vertex 9588.54 8699.99 610.61
vertex 9588.54 8299.98 610.61
vertex 9576.19 8299.98 615.2900000000001
endloop
endfacet
facet normal -0.35435748586420684 0 -0.9351100321416717
outer loop
vertex 9588.54 8699.99 610.61
vertex 9576.19 8299.98 615.2900000000001
vertex 9576.19 8699.99 615.2900000000001
endloop
endfacet
facet normal -0.289177016587671 0 -0.9572756411177785
outer loop
vertex 9601.02 8699.99 606.84
vertex 9601.02 8299.98 606.84
vertex 9588.54 8299.98 610.61
endloop
endfacet
facet normal -0.289177016587671 0 -0.9572756411177785
outer loop
vertex 9601.02 8699.99 606.84
vertex 9588.54 8299.98 610.61
vertex 9588.54 8699.99 610.61
endloop
endfacet
facet normal -0.22629641571131662 0 -0.9740584850183335
outer loop
vertex 9613.890000000001 8699.99 603.85
vertex 9613.890000000001 8299.98 603.85
vertex 9601.02 8299.98 606.84
endloop
endfacet
facet normal -0.22629641571131662 0 -0.9740584850183335
outer loop
vertex 9613.890000000001 8699.99 603.85
vertex 9601.02 8299.98 606.84
vertex 9601.02 8699.99 606.84
endloop
endfacet
facet normal -0.1579905011066759 0 -0.987440631916705
outer loop
vertex 9626.890000000001 8699.99 601.77
vertex 9626.890000000001 8299.98 601.77
vertex 9613.890000000001 8299.98 603.85
endloop
endfacet
facet normal -0.1579905011066759 0 -0.987440631916705
outer loop
vertex 9626.890000000001 8699.99 601.77
vertex 9613.890000000001 8299.98 603.85
vertex 9613.890000000001 8699.99 603.85
endloop
endfacet
facet normal -0.09950371902099545 0 -0.9950371902099894
outer loop
vertex 9639.890000000001 8699.99 600.47
vertex 9639.890000000001 8299.98 600.47
vertex 9626.890000000001 8299.98 601.77
endloop
endfacet
facet normal -0.09950371902099545 0 -0.9950371902099894
outer loop
vertex 9639.890000000001 8699.99 600.47
vertex 9626.890000000001 8299.98 601.77
vertex 9626.890000000001 8699.99 601.77
endloop
endfacet
facet normal -0.03918556669535797 0 -0.9992319507315426
outer loop
vertex 9653.15 8699.99 599.95
vertex 9653.15 8299.98 599.95
vertex 9639.890000000001 8299.98 600.47
endloop
endfacet
facet normal -0.03918556669535797 0 -0.9992319507315426
outer loop
vertex 9653.15 8699.99 599.95
vertex 9639.890000000001 8299.98 600.47
vertex 9639.890000000001 8699.99 600.47
endloop
endfacet
facet normal 0.47357187755664565 0 0.8807551741474321
outer loop
vertex 9361.43 8699.99 275.86
vertex 9361.43 8299.98 275.86
vertex 9387.300000000001 8299.98 261.95
endloop
endfacet
facet normal 0.47357187755664565 0 0.8807551741474321
outer loop
vertex 9361.43 8699.99 275.86
vertex 9387.300000000001 8299.98 261.95
vertex 9387.300000000001 8699.99 261.95
endloop
endfacet
facet normal -0.4999674171826342 0 -0.8660442146655825
outer loop
vertex 9552.53 8699.99 626.99
vertex 9552.53 8299.98 626.99
vertex 8451.82 8299.98 1262.43
endloop
endfacet
facet normal -0.4999674171826342 0 -0.8660442146655825
outer loop
vertex 9552.53 8699.99 626.99
vertex 8451.82 8299.98 1262.43
vertex 8451.82 8699.99 1262.43
endloop
endfacet
facet normal -0.9486832980510946 0 0.3162277660150958
outer loop
vertex 9361.43 8699.99 275.86
vertex 9361.300000000001 8699.99 275.47
vertex 9361.300000000001 8299.98 275.47
endloop
endfacet
facet normal -0.9486832980510946 0 0.3162277660150958
outer loop
vertex 9361.43 8699.99 275.86
vertex 9361.300000000001 8299.98 275.47
vertex 9361.43 8299.98 275.86
endloop
endfacet
facet normal -0.9999999999999999 0 0
outer loop
vertex 10499.970000000001 8499.92 358.54
vertex 10499.970000000001 8299.98 275.86
vertex 10499.970000000001 8299.98 599.95
endloop
endfacet
facet normal -1 0 0
outer loop
vertex 10499.970000000001 8499.92 358.54
vertex 10499.970000000001 8299.98 599.95
vertex 10499.970000000001 8699.99 599.95
endloop
endfacet
facet normal -1 0 0
outer loop
vertex 10499.970000000001 8499.92 358.54
vertex 10499.970000000001 8699.99 599.95
vertex 10499.970000000001 8699.99 275.86
endloop
endfacet
facet normal -1 0 0
outer loop
vertex 10499.970000000001 8499.92 358.54
vertex 10499.970000000001 8699.99 275.86
vertex 10499.970000000001 8699.99 199.94
endloop
endfacet
facet normal -1 0 0
outer loop
vertex 10499.970000000001 8499.92 358.54
vertex 10499.970000000001 8699.99 199.94
vertex 10499.970000000001 8299.98 199.94
endloop
endfacet
facet normal -1 0 0
outer loop
vertex 10499.970000000001 8499.92 358.54
vertex 10499.970000000001 8299.98 199.94
vertex 10499.970000000001 8299.98 275.86
endloop
endfacet
facet normal -0.9700353495323982 0.24296382582096038 0
outer loop
vertex 12474.02 11396.06 480.61
vertex 12439.310000000001 11257.48 199.94
vertex 12439.310000000001 11257.48 249.99
endloop
endfacet
facet normal -0.9700353495323982 0.24296382582096054 0
outer loop
vertex 12474.02 11396.06 480.61
vertex 12439.310000000001 11257.48 249.99
vertex 12439.310000000001 11257.48 364
endloop
endfacet
facet normal -0.9700353495323981 0.24296382582096052 0
outer loop
vertex 12474.02 11396.06 480.61
vertex 12439.310000000001 11257.48 364
vertex 12439.310000000001 11257.48 749.97
endloop
endfacet
facet normal -0.9700353495323982 0.24296382582096063 0
outer loop
vertex 12474.02 11396.06 480.61
vertex 12439.310000000001 11257.48 749.97
vertex 12439.310000000001 11257.48 800.02
endloop
endfacet
facet normal -0.9701271891493355 0.24259680178941884 -0.0001692180689237647
outer loop
vertex 12474.02 11396.06 480.61
vertex 12439.310000000001 11257.48 800.02
vertex 12560.6 11742.51 800.02
endloop
endfacet
facet normal -0.9701639104222147 0.24244996785785858 0
outer loop
vertex 12474.02 11396.06 480.61
vertex 12560.6 11742.51 800.02
vertex 12560.6 11742.51 199.94
endloop
endfacet
facet normal -0.9701271850504204 0.24259680076441542 0.00019257470754470212
outer loop
vertex 12474.02 11396.06 480.61
vertex 12560.6 11742.51 199.94
vertex 12439.310000000001 11257.48 199.94
endloop
endfacet
facet normal -0.24191493232425074 -0.9702609651284304 0.00841576298383048
outer loop
vertex 9774.18 12439.18 1347.45
vertex 9782.890000000001 12436.970000000001 1343.03
vertex 9879.87 12412.79 1343.03
endloop
endfacet
facet normal -0.2422335373145593 -0.9702178219623939 0.0005397653418821873
outer loop
vertex 9774.18 12439.18 1347.45
vertex 9879.87 12412.79 1343.03
vertex 9798.75 12433.07 1391.26
endloop
endfacet
facet normal -0.24191493232425074 -0.9702609651284305 -0.008415762983830352
outer loop
vertex 8860.28 12667.59 1343.03
vertex 8957.26 12643.41 1343.03
vertex 8965.970000000001 12641.2 1347.45
endloop
endfacet
facet normal -0.24223353731455885 -0.9702178219623941 -0.0005397653418919854
outer loop
vertex 8860.28 12667.59 1343.03
vertex 8965.970000000001 12641.2 1347.45
vertex 8941.4 12647.310000000001 1391.26
endloop
endfacet
facet normal -0.24261904265298612 -0.9701216371838127 -0.0000959684702367573
outer loop
vertex 9782.890000000001 12436.970000000001 1343.03
vertex 9540.31 12497.68 910
vertex 10607.48 12230.79 910
endloop
endfacet
facet normal -0.24192329163512866 -0.9702944922570054 0.0013112056073235692
outer loop
vertex 9782.890000000001 12436.970000000001 1343.03
vertex 10607.48 12230.79 910
vertex 9879.87 12412.79 1343.03
endloop
endfacet
facet normal -0.2372036341791728 -0.9714053590194921 -0.010298757226224945
outer loop
vertex 9529.130000000001 12500.41 910
vertex 9540.31 12497.68 910
vertex 9531.6 12499.76 914.4200000000001
endloop
endfacet
facet normal -0.2372036341791363 -0.9714053590195008 0.010298757226246617
outer loop
vertex 9199.84 12582.7 910
vertex 9211.02 12579.970000000001 910
vertex 9208.550000000001 12580.62 914.4200000000001
endloop
endfacet
facet normal -0.24261904318425556 -0.9701216393081142 -0.00006950174994908228
outer loop
vertex 8860.28 12667.59 1343.03
vertex 8132.67 12849.59 910
vertex 9199.84 12582.7 910
endloop
endfacet
facet normal -0.24192346814307936 -0.9702952001867432 0.0005099570495997042
outer loop
vertex 8860.28 12667.59 1343.03
vertex 9199.84 12582.7 910
vertex 8957.26 12643.41 1343.03
endloop
endfacet
facet normal -0.2424654503846272 -0.9701597271447896 0.0007805101712848637
outer loop
vertex 10120.37 12352.6 853.58
vertex 9529.130000000001 12500.41 910
vertex 9507.68 12505.74 871.65
endloop
endfacet
facet normal -0.2424969892984476 -0.9701520938392504 -0.0003535541075688087
outer loop
vertex 10120.37 12352.6 853.58
vertex 9507.68 12505.74 871.65
vertex 9633.130000000001 12474.41 797.03
endloop
endfacet
facet normal -0.24256313589201053 -0.97013558930773 0.00025192216532349005
outer loop
vertex 10120.37 12352.6 853.58
vertex 9633.130000000001 12474.41 797.03
vertex 10711.48 12204.79 797.03
endloop
endfacet
facet normal -0.24251293090562376 -0.9701478363198144 0.0008087196959908884
outer loop
vertex 10120.37 12352.6 853.58
vertex 10711.48 12204.79 797.03
vertex 10732.93 12199.460000000001 835.38
endloop
endfacet
facet normal -0.24254803785955406 -0.9701392949097454 -0.00044474993244403315
outer loop
vertex 10120.37 12352.6 853.58
vertex 10732.93 12199.460000000001 835.38
vertex 10607.48 12230.79 910
endloop
endfacet
facet normal -0.24256313220319212 -0.9701355745542349 -0.00030639859897661884
outer loop
vertex 10120.37 12352.6 853.58
vertex 10607.48 12230.79 910
vertex 9529.130000000001 12500.41 910
endloop
endfacet
facet normal -0.24783203660721417 -0.9687979612830329 0.0031291923813626596
outer loop
vertex 10700.300000000001 12207.65 797.03
vertex 10708.880000000001 12205.44 792.35
vertex 10711.48 12204.79 797.03
endloop
endfacet
facet normal -0.24240564630063952 -0.9701747920636009 0.0006127690576486214
outer loop
vertex 8619 12728.04 851.89
vertex 8132.67 12849.59 910
vertex 8007.09 12880.92 835.38
endloop
endfacet
facet normal -0.24235541671110591 -0.9701865839147229 -0.0013580805081334767
outer loop
vertex 8619 12728.04 851.89
vertex 8007.09 12880.92 835.38
vertex 8031.27 12874.94 792.35
endloop
endfacet
facet normal -0.24259105415688054 -0.9701280033323335 0.001112471785419182
outer loop
vertex 8619 12728.04 851.89
vertex 8031.27 12874.94 792.35
vertex 9099.09 12607.92 792.35
endloop
endfacet
facet normal -0.2426121480863406 -0.9701229183676311 0.0009321259581680032
outer loop
vertex 8619 12728.04 851.89
vertex 9099.09 12607.92 792.35
vertex 9232.470000000001 12574.640000000001 871.65
endloop
endfacet
facet normal -0.2425585733986495 -0.9701364027013277 -0.0008358376272018809
outer loop
vertex 8619 12728.04 851.89
vertex 9232.470000000001 12574.640000000001 871.65
vertex 9211.02 12579.970000000001 910
endloop
endfacet
facet normal -0.24256306841712524 -0.9701353194407242 -0.0007872824863391413
outer loop
vertex 8619 12728.04 851.89
vertex 9211.02 12579.970000000001 910
vertex 8132.67 12849.59 910
endloop
endfacet
facet normal -0.2425323958564898 -0.9701295834259601 0.005160263741703643
outer loop
vertex 8031.27 12874.94 792.35
vertex 8020.22 12877.67 786.24
vertex 9088.82 12610.52 786.24
endloop
endfacet
facet normal -0.242588097501229 -0.9701161795886519 -0.005060933812297113
outer loop
vertex 8031.27 12874.94 792.35
vertex 9088.82 12610.52 786.24
vertex 9099.09 12607.92 792.35
endloop
endfacet
facet normal -0.24258949227393423 -0.9701229017582628 0.003448727649826352
outer loop
vertex 8020.22 12877.67 786.24
vertex 7999.81 12882.74 776.75
vertex 9072.83 12614.42 776.75
endloop
endfacet
facet normal -0.24252357853164214 -0.9700943141265693 0.009966722405436772
outer loop
vertex 8020.22 12877.67 786.24
vertex 9072.83 12614.42 776.75
vertex 9088.82 12610.52 786.24
endloop
endfacet
facet normal -0.24248068277349283 -0.9701562223628898 -0.00015063952841668448
outer loop
vertex 7999.81 12882.74 776.75
vertex 7979.01 12887.94 768.69
vertex 9059.31 12617.93 768.69
endloop
endfacet
facet normal -0.2425616157584812 -0.9700114227085781 -0.015546780229843656
outer loop
vertex 7999.81 12882.74 776.75
vertex 9059.31 12617.93 768.69
vertex 9072.83 12614.42 776.75
endloop
endfacet
facet normal -0.24256284072265233 -0.9701356915311777 0.00009120241801337787
outer loop
vertex 7979.01 12887.94 768.69
vertex 7957.6900000000005 12893.27 761.9300000000001
vertex 9048 12620.66 761.9300000000001
endloop
endfacet
facet normal -0.24245728099809638 -0.9700625927270958 0.01389363460707058
outer loop
vertex 7979.01 12887.94 768.69
vertex 9048 12620.66 761.9300000000001
vertex 9059.31 12617.93 768.69
endloop
endfacet
facet normal -0.24255823610029076 -0.9701186379751071 -0.005943934154984138
outer loop
vertex 7957.6900000000005 12893.27 761.9300000000001
vertex 7935.9800000000005 12898.73 756.73
vertex 9039.29 12622.87 756.73
endloop
endfacet
facet normal -0.24255845399168605 -0.9701181466992207 -0.006014801911315066
outer loop
vertex 7957.6900000000005 12893.27 761.9300000000001
vertex 9039.29 12622.87 756.73
vertex 9048 12620.66 761.9300000000001
endloop
endfacet
facet normal -0.24252714343520348 -0.9701085737408139 0.008363004945814453
outer loop
vertex 7935.9800000000005 12898.73 756.73
vertex 7914.01 12904.19 752.96
vertex 9033.050000000001 12624.43 752.96
endloop
endfacet
facet normal -0.24256252077657187 -0.9701357746610628 0.000047300046416969373
outer loop
vertex 7935.9800000000005 12898.73 756.73
vertex 9033.050000000001 12624.43 752.96
vertex 9039.29 12622.87 756.73
endloop
endfacet
facet normal -0.24259201867747437 -0.9700354531120738 -0.013428781763114959
outer loop
vertex 7914.01 12904.19 752.96
vertex 7891.780000000001 12909.78 750.75
vertex 9029.15 12625.34 750.75
endloop
endfacet
facet normal -0.24243695309366495 -0.9697478123746598 0.028521994481832694
outer loop
vertex 7914.01 12904.19 752.96
vertex 9029.15 12625.34 750.75
vertex 9033.050000000001 12624.43 752.96
endloop
endfacet
facet normal -0.24237083004958873 -0.969374536163319 -0.03961551942387602
outer loop
vertex 7891.780000000001 12909.78 750.75
vertex 7869.55 12915.37 749.97
vertex 9027.98 12625.73 749.97
endloop
endfacet
facet normal -0.24085306631925796 -0.9630820279831729 -0.12026141451201423
outer loop
vertex 7891.780000000001 12909.78 750.75
vertex 9027.98 12625.73 749.97
vertex 9029.15 12625.34 750.75
endloop
endfacet
facet normal -0.24251295438146572 -0.9701481675276065 0
outer loop
vertex 6560.58 13242.58 800.02
vertex 6560.58 13242.58 749.97
vertex 7869.55 12915.37 749.97
endloop
endfacet
facet normal -0.24251295438146572 -0.9701481675276065 0
outer loop
vertex 6560.58 13242.58 800.02
vertex 7869.55 12915.37 749.97
vertex 7869.55 12915.37 800.02
endloop
endfacet
facet normal -0.24314729588035483 -0.9699886776830884 -0.0011651921235998808
outer loop
vertex 9633.130000000001 12474.41 797.03
vertex 10360.74 12292.54 364
vertex 10457.720000000001 12268.23 364
endloop
endfacet
facet normal -0.24250781557599646 -0.9701494435006595 0.00012907330936730627
outer loop
vertex 9633.130000000001 12474.41 797.03
vertex 10457.720000000001 12268.23 364
vertex 10700.300000000001 12207.65 797.03
endloop
endfacet
facet normal -0.24251925101235322 -0.9701465935045113 0
outer loop
vertex 6560.58 13242.58 749.97
vertex 6560.58 13242.58 360.1
vertex 8372.91 12789.53 360.1
endloop
endfacet
facet normal -0.2425356242432044 -0.970142496972817 -0.00008087216547216714
outer loop
vertex 6560.58 13242.58 749.97
vertex 8372.91 12789.53 360.1
vertex 9027.98 12625.73 749.97
endloop
endfacet
facet normal -0.2425356250363411 -0.97014250014533 -5.33727749516375e-15
outer loop
vertex 10360.74 12292.54 364
vertex 10441.86 12272.26 315.77000000000004
vertex 10466.300000000001 12266.15 359.32
endloop
endfacet
facet normal -0.24312132289644717 -0.9698850635333818 -0.014662397073105337
outer loop
vertex 10360.74 12292.54 364
vertex 10466.300000000001 12266.15 359.32
vertex 10457.720000000001 12268.23 364
endloop
endfacet
facet normal -0.24193934817161394 -0.970290789002391 0.0010661066608064883
outer loop
vertex 8273.33 12814.36 360.1
vertex 8298.16 12808.12 315.77000000000004
vertex 8372.91 12789.53 360.1
endloop
endfacet
facet normal -0.253600745727588 -0.9667702907604411 0.03227795949845005
outer loop
vertex 8083.27 12861.94 278.98
vertex 8134.88 12848.94 295.1
vertex 8185.450000000001 12836.33 314.73
endloop
endfacet
facet normal -0.2425915309609703 -0.9701285219526394 0
outer loop
vertex 7622.16 12977.12 288.99
vertex 6560.58 13242.58 360.1
vertex 6560.58 13242.58 249.99
endloop
endfacet
facet normal -0.24251232814283094 -0.9701456623242637 -0.002272569505941847
outer loop
vertex 7622.16 12977.12 288.99
vertex 6560.58 13242.58 249.99
vertex 7869.55 12915.37 249.99
endloop
endfacet
facet normal -0.24300206541534383 -0.9700096379323226 -0.005594508225155936
outer loop
vertex 7622.16 12977.12 288.99
vertex 7869.55 12915.37 249.99
vertex 7977.320000000001 12888.33 257.27
endloop
endfacet
facet normal -0.24215062854716252 -0.9702279991638889 0.004550025565956514
outer loop
vertex 7622.16 12977.12 288.99
vertex 7977.320000000001 12888.33 257.27
vertex 8030.62 12875.07 266.37
endloop
endfacet
facet normal -0.24231146824381208 -0.970197340877319 0.0015073526818729012
outer loop
vertex 7622.16 12977.12 288.99
vertex 8030.62 12875.07 266.37
vertex 8083.27 12861.94 278.98
endloop
endfacet
facet normal -0.24236683230978262 -0.9701839441334892 -0.0011971389678769515
outer loop
vertex 7622.16 12977.12 288.99
vertex 8083.27 12861.94 278.98
vertex 8273.33 12814.36 360.1
endloop
endfacet
facet normal -0.2425529054093558 -0.9701379868756126 0.000611962755383611
outer loop
vertex 7622.16 12977.12 288.99
vertex 8273.33 12814.36 360.1
vertex 6560.58 13242.58 360.1
endloop
endfacet
facet normal -0.2424829424903638 -0.970155669262008 0
outer loop
vertex 11433.890000000001 12024.220000000001 499.98
vertex 10870.6 12165.01 800.02
vertex 10870.6 12165.01 749.97
endloop
endfacet
facet normal -0.24248294249036373 -0.9701556692620081 0
outer loop
vertex 11433.890000000001 12024.220000000001 499.98
vertex 10870.6 12165.01 749.97
vertex 10870.6 12165.01 249.99
endloop
endfacet
facet normal -0.24248294249036384 -0.970155669262008 0
outer loop
vertex 11433.890000000001 12024.220000000001 499.98
vertex 10870.6 12165.01 249.99
vertex 10870.6 12165.01 199.94
endloop
endfacet
facet normal -0.24253562369719595 -0.9701424947887838 0.00010508475897135337
outer loop
vertex 11433.890000000001 12024.220000000001 499.98
vertex 10870.6 12165.01 199.94
vertex 12560.6 11742.51 199.94
endloop
endfacet
facet normal -0.24256196246561582 -0.9701359154081604 0
outer loop
vertex 11433.890000000001 12024.220000000001 499.98
vertex 12560.6 11742.51 199.94
vertex 12560.6 11742.51 800.02
endloop
endfacet
facet normal -0.24253562369719597 -0.9701424947887839 -0.00010508475897135339
outer loop
vertex 11433.890000000001 12024.220000000001 499.98
vertex 12560.6 11742.51 800.02
vertex 10870.6 12165.01 800.02
endloop
endfacet
facet normal -0.2425129543814658 -0.9701481675276068 0
outer loop
vertex 6560.58 13242.58 249.99
vertex 6560.58 13242.58 199.94
vertex 7869.55 12915.37 199.94
endloop
endfacet
facet normal -0.2425129543814658 -0.9701481675276068 0
outer loop
vertex 6560.58 13242.58 249.99
vertex 7869.55 12915.37 199.94
vertex 7869.55 12915.37 249.99
endloop
endfacet
facet normal 0.24253556222519224 0.9701422489007867 0.0007196900956067016
outer loop
vertex 8844.68 12156.17 1347.45
vertex 8746.4 12180.74 1347.45
vertex 8820.11 12162.28 1391.26
endloop
endfacet
facet normal 0.22469530694732168 0.9736796634401407 0.03820905702766254
outer loop
vertex 8846.37 12155.78 1347.45
vertex 8844.68 12156.17 1347.45
vertex 8932.82 12134.07 1392.3
endloop
endfacet
facet normal 0.2377199376914831 0.9712604414370827 0.011932565667146686
outer loop
vertex 8846.37 12155.78 1347.45
vertex 8932.82 12134.07 1392.3
vertex 9035.130000000001 12108.59 1428.05
endloop
endfacet
facet normal 0.2425264520220956 0.970144366995347 -0.0009095365697667136
outer loop
vertex 9356.23 12028.25 1394.51
vertex 9462.44 12001.73 1428.05
vertex 9564.75 11976.12 1392.3
endloop
endfacet
facet normal 0.24254969821431435 0.9701379190993087 0.0014359045261321324
outer loop
vertex 9356.23 12028.25 1394.51
vertex 9564.75 11976.12 1392.3
vertex 9652.890000000001 11954.15 1347.45
endloop
endfacet
facet normal 0.242535407295998 0.9701416291839898 0.0013399746259493178
outer loop
vertex 9356.23 12028.25 1394.51
vertex 9652.890000000001 11954.15 1347.45
vertex 8852.09 12154.35 1347.45
endloop
endfacet
facet normal 0.24267522702217975 0.9701075569766684 -0.00024917161503035506
outer loop
vertex 9356.23 12028.25 1394.51
vertex 8852.09 12154.35 1347.45
vertex 9248.720000000001 12055.16 1457.04
endloop
endfacet
facet normal 0.24245161749201685 0.9701632752917624 -0.0006576098118478108
outer loop
vertex 9356.23 12028.25 1394.51
vertex 9248.720000000001 12055.16 1457.04
vertex 9462.44 12001.73 1428.05
endloop
endfacet
facet normal 0.24253505973786096 0.9701402389514439 0.0021590658136869645
outer loop
vertex 9751.17 11929.58 1347.45
vertex 9652.890000000001 11954.15 1347.45
vertex 9677.460000000001 11947.91 1391.26
endloop
endfacet
facet normal 0.24303768956676824 0.9695514246887803 -0.030045238125259315
outer loop
vertex 8846.37 12155.78 1347.45
vertex 8835.970000000001 12158.25 1343.03
vertex 8738.99 12182.560000000001 1343.03
endloop
endfacet
facet normal 0.24223346842188 0.9701955063355959 -0.006605017980504362
outer loop
vertex 8846.37 12155.78 1347.45
vertex 8738.99 12182.560000000001 1343.03
vertex 8746.4 12180.74 1347.45
endloop
endfacet
facet normal 0.242535625036333 0.970142500145332 6.29010400055272e-15
outer loop
vertex 9381.45 12022.01 1278.94
vertex 9652.890000000001 11954.15 1347.45
vertex 9751.17 11929.58 1347.45
endloop
endfacet
facet normal 0.2425974437798111 0.9701269785781336 -0.00035455093116974046
outer loop
vertex 9381.45 12022.01 1278.94
vertex 9751.17 11929.58 1347.45
vertex 10092.94 11844.04 1144
endloop
endfacet
facet normal 0.24253556545032856 0.9701422618013142 -0.0007009698423376617
outer loop
vertex 9381.45 12022.01 1278.94
vertex 10092.94 11844.04 1144
vertex 9103.9 12091.300000000001 1144
endloop
endfacet
facet normal 0.24229791780780777 0.9702018790252699 -0.00018155394912930677
outer loop
vertex 9381.45 12022.01 1278.94
vertex 9103.9 12091.300000000001 1144
vertex 8835.970000000001 12158.25 1343.03
endloop
endfacet
facet normal 0.24012717241322834 0.9705477218104546 -0.01939228602728007
outer loop
vertex 9381.45 12022.01 1278.94
vertex 8835.970000000001 12158.25 1343.03
vertex 8852.09 12154.35 1347.45
endloop
endfacet
facet normal 0.24253562503633347 0.9701425001453318 4.245820200373028e-15
outer loop
vertex 9381.45 12022.01 1278.94
vertex 8852.09 12154.35 1347.45
vertex 9652.890000000001 11954.15 1347.45
endloop
endfacet
facet normal 0.24230618724012465 0.9701998241606473 -0.00011324222987516302
outer loop
vertex 9538.880000000001 11982.62 1144
vertex 9434.23 12008.75 1090.83
vertex 9175.53 12073.36 1090.83
endloop
endfacet
facet normal 0.24239909970921925 0.9701763009892918 -0.0007883266424066683
outer loop
vertex 9538.880000000001 11982.62 1144
vertex 9175.53 12073.36 1090.83
vertex 9103.9 12091.300000000001 1144
endloop
endfacet
facet normal 0.2421315229099967 0.9702433364833215 0.00044002613290955363
outer loop
vertex 9434.23 12008.75 1090.83
vertex 9427.6 12010.44 1012.7
vertex 9280.7 12047.1 1012.7
endloop
endfacet
facet normal 0.242306188104215 0.9701998276204858 0.00007544259063271286
outer loop
vertex 9434.23 12008.75 1090.83
vertex 9280.7 12047.1 1012.7
vertex 9175.53 12073.36 1090.83
endloop
endfacet
facet normal 0.245656252298439 0.9693462928530135 0.004557437745647292
outer loop
vertex 9274.59 12048.66 1009.71
vertex 9255.61 12053.470000000001 1009.71
vertex 8835.970000000001 12158.25 1343.03
endloop
endfacet
facet normal 0.2426758313760089 0.9698778975061746 -0.02110224620662712
outer loop
vertex 9427.6 12010.44 1012.7
vertex 9427.34 12010.44 1009.71
vertex 9274.59 12048.66 1009.71
endloop
endfacet
facet normal 0.24211574949751544 0.9701801309652228 0.011422667182373449
outer loop
vertex 9427.6 12010.44 1012.7
vertex 9274.59 12048.66 1009.71
vertex 9280.7 12047.1 1012.7
endloop
endfacet
facet normal 0.24253533563765683 0.9701413425506273 0.0015448110550182175
outer loop
vertex 9427.34 12010.44 1009.71
vertex 9423.960000000001 12011.35 968.89
vertex 9306.960000000001 12040.6 968.89
endloop
endfacet
facet normal 0.24305392038756043 0.9700127759273764 -0.00007951039404204639
outer loop
vertex 9427.34 12010.44 1009.71
vertex 9306.960000000001 12040.6 968.89
vertex 9255.61 12053.470000000001 1009.71
endloop
endfacet
facet normal 0.2442659843730493 0.9672932981171987 0.06839447562352738
outer loop
vertex 9436.83 12008.1 968.89
vertex 9423.960000000001 12011.35 968.89
vertex 9437.09 12007.970000000001 969.8000000000001
endloop
endfacet
facet normal 0.24320868638697266 0.9699734668845719 0.0010041941283917342
outer loop
vertex 9289.67 12044.890000000001 957.0600000000001
vertex 9201.53 12066.99 957.0600000000001
vertex 8835.970000000001 12158.25 1343.03
endloop
endfacet
facet normal 0.243113493506588 0.9697823971746478 -0.02044337069115532
outer loop
vertex 9248.720000000001 12055.16 957.0600000000001
vertex 9204.39 12066.210000000001 954.07
vertex 9201.53 12066.99 957.0600000000001
endloop
endfacet
facet normal 0.24324878407544512 0.9699160377692846 -0.009638917146089138
outer loop
vertex 9289.67 12044.890000000001 957.0600000000001
vertex 9293.18 12043.98 954.07
vertex 9248.720000000001 12055.16 957.0600000000001
endloop
endfacet
facet normal 0.24225482012524904 0.9702126539991596 0.0000902551385165489
outer loop
vertex 9436.83 12008.1 968.89
vertex 9432.15 12009.27 953.4200000000001
vertex 9326.460000000001 12035.66 953.4200000000001
endloop
endfacet
facet normal 0.24276237701310682 0.9700784585443671 -0.00376995691364477
outer loop
vertex 9436.83 12008.1 968.89
vertex 9326.460000000001 12035.66 953.4200000000001
vertex 9306.960000000001 12040.6 968.89
endloop
endfacet
facet normal 0.24256587062852097 0.9701349367426882 0.00005401377570244558
outer loop
vertex 10092.94 11844.04 1144
vertex 10413.26 11763.960000000001 953.4200000000001
vertex 9432.15 12009.27 953.4200000000001
endloop
endfacet
facet normal 0.24264273240029716 0.9701156899531577 -0.00022917248311866279
outer loop
vertex 10092.94 11844.04 1144
vertex 9432.15 12009.27 953.4200000000001
vertex 9538.880000000001 11982.62 1144
endloop
endfacet
facet normal 0.2425628934814556 0.9701356814779086 0.00004721544161691624
outer loop
vertex 10413.26 11763.960000000001 953.4200000000001
vertex 10418.98 11762.53 949.9100000000001
vertex 9330.75 12034.62 949.9100000000001
endloop
endfacet
facet normal 0.24252584044227693 0.9701033617691109 0.008982438535090693
outer loop
vertex 10413.26 11763.960000000001 953.4200000000001
vertex 9330.75 12034.62 949.9100000000001
vertex 9326.460000000001 12035.66 953.4200000000001
endloop
endfacet
facet normal 0.2425074742377473 0.9701495355668006 -0.00005981930677460443
outer loop
vertex 10418.98 11762.53 949.9100000000001
vertex 10420.54 11762.140000000001 949.13
vertex 9366.37 12025.65 949.13
endloop
endfacet
facet normal 0.24085559225081254 0.9631873879376395 -0.1194095448420154
outer loop
vertex 10418.98 11762.53 949.9100000000001
vertex 9366.37 12025.65 949.13
vertex 9353.24 12029.03 949.9100000000001
endloop
endfacet
facet normal 0.24259186032716948 0.9701284345497364 0.00009889934817649458
outer loop
vertex 10420.54 11762.140000000001 949.13
vertex 10426.78 11760.58 945.36
vertex 9371.44 12024.48 945.36
endloop
endfacet
facet normal 0.2424314243430289 0.9698452984694788 0.025041995281081357
outer loop
vertex 10420.54 11762.140000000001 949.13
vertex 9371.44 12024.48 945.36
vertex 9366.37 12025.65 949.13
endloop
endfacet
facet normal 0.24174688920757978 0.9669875568303191 0.08058229640428831
outer loop
vertex 10426.78 11760.58 945.36
vertex 10427.43 11760.45 944.97
vertex 9427.470000000001 12010.44 944.97
endloop
endfacet
facet normal 0.23956321861843244 0.9578810743413652 -0.15834554526038597
outer loop
vertex 10426.78 11760.58 945.36
vertex 9427.470000000001 12010.44 944.97
vertex 9422.01 12011.87 945.36
endloop
endfacet
facet normal 0.24428963560662417 0.969641938253927 -0.010820606006629284
outer loop
vertex 9422.01 12011.87 945.36
vertex 9420.970000000001 12012 933.5300000000001
vertex 9387.43 12020.45 933.5300000000001
endloop
endfacet
facet normal 0.24194719357901273 0.9702830752808727 -0.0035084672909912774
outer loop
vertex 9422.01 12011.87 945.36
vertex 9387.43 12020.45 933.5300000000001
vertex 9371.44 12024.48 945.36
endloop
endfacet
facet normal 0.24247775962637333 0.9701569591542053 -0.00010339845453348523
outer loop
vertex 10427.43 11760.45 944.97
vertex 10446.67 11755.640000000001 933.5300000000001
vertex 9420.970000000001 12012 933.5300000000001
endloop
endfacet
facet normal 0.24253194051247742 0.9701277620499097 -0.005512089557143151
outer loop
vertex 10427.43 11760.45 944.97
vertex 9420.970000000001 12012 933.5300000000001
vertex 9427.470000000001 12010.44 944.97
endloop
endfacet
facet normal 0.24023851957113027 0.9707019281827667 -0.0048187484402776965
outer loop
vertex 9353.24 12029.03 949.9100000000001
vertex 9379.11 12022.53 930.2800000000001
vertex 9336.86 12033.060000000001 945.1
endloop
endfacet
facet normal 0.24120709414721525 0.9704378438945755 -0.008338397346240619
outer loop
vertex 9353.24 12029.03 949.9100000000001
vertex 9336.86 12033.060000000001 945.1
vertex 9330.75 12034.62 949.9100000000001
endloop
endfacet
facet normal 0.24247990655160015 0.9701564229901363 -0.00009924571093006925
outer loop
vertex 10446.67 11755.640000000001 933.5300000000001
vertex 10476.31 11748.23 915.85
vertex 9411.09 12014.470000000001 915.85
endloop
endfacet
facet normal 0.24253408236058063 0.9701363294423242 -0.003566677681752401
outer loop
vertex 10446.67 11755.640000000001 933.5300000000001
vertex 9411.09 12014.470000000001 915.85
vertex 9387.43 12020.45 933.5300000000001
endloop
endfacet
facet normal 0.24281874103634507 0.9700716361804773 0.00028227585070144263
outer loop
vertex 8759.92 12177.36 1089.01
vertex 8835.970000000001 12158.25 1343.03
vertex 9118.460000000001 12087.66 930.2800000000001
endloop
endfacet
facet normal 0.24262409471193153 0.9701203608147068 -0.0001849269014289111
outer loop
vertex 8759.92 12177.36 1089.01
vertex 9118.460000000001 12087.66 930.2800000000001
vertex 9087.26 12095.460000000001 914.4200000000001
endloop
endfacet
facet normal 0.24256338670115565 0.970135511093334 -0.0003058557522617296
outer loop
vertex 8759.92 12177.36 1089.01
vertex 9087.26 12095.460000000001 914.4200000000001
vertex 8018.79 12362.61 914.4200000000001
endloop
endfacet
facet normal 0.24246934796792538 0.970159059791609 0.00011832273857048801
outer loop
vertex 8759.92 12177.36 1089.01
vertex 8018.79 12362.61 914.4200000000001
vertex 8738.99 12182.560000000001 1343.03
endloop
endfacet
facet normal 0.24314745710005822 0.969989320837627 0.0001776702966220106
outer loop
vertex 8759.92 12177.36 1089.01
vertex 8738.99 12182.560000000001 1343.03
vertex 8835.970000000001 12158.25 1343.03
endloop
endfacet
facet normal 0.24263117932959266 0.9701186049102309 0.000056781674055535527
outer loop
vertex 8499.4 12242.49 855.01
vertex 9087.26 12095.460000000001 914.4200000000001
vertex 9111.18 12089.48 871.65
endloop
endfacet
facet normal 0.2426031193225183 0.9701249463290419 0.0011467366993094736
outer loop
vertex 8499.4 12242.49 855.01
vertex 9111.18 12089.48 871.65
vertex 8985.73 12120.94 797.03
endloop
endfacet
facet normal 0.24245306139859668 0.9701631183315773 -0.00019195728221852527
outer loop
vertex 8499.4 12242.49 855.01
vertex 8985.73 12120.94 797.03
vertex 7907.38 12390.43 797.03
endloop
endfacet
facet normal 0.24265541949838415 0.9701095878524433 -0.0023947744833105085
outer loop
vertex 8499.4 12242.49 855.01
vertex 7907.38 12390.43 797.03
vertex 7885.93 12395.890000000001 835.38
endloop
endfacet
facet normal 0.2425612853686361 0.970135793355954 0.0007518576519466404
outer loop
vertex 8499.4 12242.49 855.01
vertex 7885.93 12395.890000000001 835.38
vertex 8018.79 12362.61 914.4200000000001
endloop
endfacet
facet normal 0.2425633262457723 0.9701352693012193 0.0007694273441728191
outer loop
vertex 8499.4 12242.49 855.01
vertex 8018.79 12362.61 914.4200000000001
vertex 9087.26 12095.460000000001 914.4200000000001
endloop
endfacet
facet normal 0.23721504684318534 0.9714520965960826 -0.0031377651698146223
outer loop
vertex 7918.56 12387.7 797.03
vertex 7909.9800000000005 12389.78 792.35
vertex 7907.38 12390.43 797.03
endloop
endfacet
facet normal 0.24244534998266384 0.97016503705632 0.00023053262894732142
outer loop
vertex 9998.82 11867.57 853.97
vertex 10476.31 11748.23 915.85
vertex 10611.640000000001 11714.43 835.38
endloop
endfacet
facet normal 0.24241976248404284 0.9701712312161916 -0.000663986174043674
outer loop
vertex 9998.82 11867.57 853.97
vertex 10611.640000000001 11714.43 835.38
vertex 10587.59 11720.41 792.35
endloop
endfacet
facet normal 0.24248004307775975 0.9701563925186113 -0.00005257643859083915
outer loop
vertex 9998.82 11867.57 853.97
vertex 10587.59 11720.41 792.35
vertex 9519.77 11987.300000000001 792.35
endloop
endfacet
facet normal 0.24256377616639554 0.9701351760547735 -0.0007447637694296638
outer loop
vertex 9998.82 11867.57 853.97
vertex 9519.77 11987.300000000001 792.35
vertex 9386.39 12020.710000000001 871.65
endloop
endfacet
facet normal 0.24262122588050392 0.9701201205228572 0.0013756849052893596
outer loop
vertex 9998.82 11867.57 853.97
vertex 9386.39 12020.710000000001 871.65
vertex 9411.09 12014.470000000001 915.85
endloop
endfacet
facet normal 0.2424799074086504 0.9701564264191742 -0.000052732057079324844
outer loop
vertex 9998.82 11867.57 853.97
vertex 9411.09 12014.470000000001 915.85
vertex 10476.31 11748.23 915.85
endloop
endfacet
facet normal 0.24253239585648959 0.97012958342596 0.005160263741739382
outer loop
vertex 10587.59 11720.41 792.35
vertex 10598.640000000001 11717.68 786.24
vertex 9530.04 11984.83 786.24
endloop
endfacet
facet normal 0.24245136255793454 0.9700416424992032 0.01538013690604588
outer loop
vertex 10587.59 11720.41 792.35
vertex 9530.04 11984.83 786.24
vertex 9519.77 11987.300000000001 792.35
endloop
endfacet
facet normal 0.24250796537187425 0.9701494126098271 -0.00006280128453255497
outer loop
vertex 10598.640000000001 11717.68 786.24
vertex 10618.92 11712.61 776.75
vertex 9546.03 11980.800000000001 776.75
endloop
endfacet
facet normal 0.24253428644716374 0.9701371457886567 -0.0033223874854677333
outer loop
vertex 10598.640000000001 11717.68 786.24
vertex 9546.03 11980.800000000001 776.75
vertex 9530.04 11984.83 786.24
endloop
endfacet
facet normal 0.24247897118608755 0.9701493743651345 0.0037603126830617244
outer loop
vertex 10618.92 11712.61 776.75
vertex 10639.85 11707.41 768.69
vertex 9559.550000000001 11977.42 768.69
endloop
endfacet
facet normal 0.24250796555544565 0.9701494133442019 -0.00004929563209126573
outer loop
vertex 10618.92 11712.61 776.75
vertex 9559.550000000001 11977.42 768.69
vertex 9546.03 11980.800000000001 776.75
endloop
endfacet
facet normal 0.2424267493806091 0.9701696439907155 -0.00036477894614310083
outer loop
vertex 10639.85 11707.41 768.69
vertex 10661.17 11702.08 761.9300000000001
vertex 9570.73 11974.560000000001 761.9300000000001
endloop
endfacet
facet normal 0.24246991646677568 0.9701131467688506 -0.009424546399339337
outer loop
vertex 10639.85 11707.41 768.69
vertex 9570.73 11974.560000000001 761.9300000000001
vertex 9559.550000000001 11977.42 768.69
endloop
endfacet
facet normal 0.24255823610029056 0.9701186379751073 -0.005943934154942457
outer loop
vertex 10661.17 11702.08 761.9300000000001
vertex 10682.880000000001 11696.62 756.73
vertex 9579.57 11972.48 756.73
endloop
endfacet
facet normal 0.24235664140140625 0.9698890782800508 0.0240506590700509
outer loop
vertex 10661.17 11702.08 761.9300000000001
vertex 9579.57 11972.48 756.73
vertex 9570.73 11974.560000000001 761.9300000000001
endloop
endfacet
facet normal 0.242422348752067 0.9701402036530855 0.007706496057291594
outer loop
vertex 10682.880000000001 11696.62 756.73
vertex 10704.85 11691.16 752.96
vertex 9585.81 11970.79 752.96
endloop
endfacet
facet normal 0.24242729185440473 0.9695949226995026 -0.03338703400251217
outer loop
vertex 10682.880000000001 11696.62 756.73
vertex 9585.81 11970.79 752.96
vertex 9579.57 11972.48 756.73
endloop
endfacet
facet normal 0.24240894606434416 0.9697466251106259 -0.02879906169522387
outer loop
vertex 10704.85 11691.16 752.96
vertex 10726.95 11685.57 750.75
vertex 9589.58 11969.880000000001 750.75
endloop
endfacet
facet normal 0.24240553829507921 0.9700729305644054 0.014073535094610807
outer loop
vertex 10704.85 11691.16 752.96
vertex 9589.58 11969.880000000001 750.75
vertex 9585.81 11970.79 752.96
endloop
endfacet
facet normal 0.24256116747334744 0.9701358004286297 0.000780231163547846
outer loop
vertex 10726.95 11685.57 750.75
vertex 10749.31 11679.98 749.97
vertex 9590.880000000001 11969.62 749.97
endloop
endfacet
facet normal 0.24172176918033314 0.9669976033647584 0.08053708084567689
outer loop
vertex 10726.95 11685.57 750.75
vertex 9590.880000000001 11969.62 749.97
vertex 9589.58 11969.880000000001 750.75
endloop
endfacet
facet normal 0.24253562503633272 0.9701425001453319 0
outer loop
vertex 12439.310000000001 11257.48 800.02
vertex 12439.310000000001 11257.48 749.97
vertex 10749.31 11679.98 749.97
endloop
endfacet
facet normal 0.24253562503633272 0.9701425001453319 0
outer loop
vertex 12439.310000000001 11257.48 800.02
vertex 10749.31 11679.98 749.97
vertex 10749.31 11679.98 800.02
endloop
endfacet
facet normal 0.24192337377257142 0.9702948216900564 0.001019913701385752
outer loop
vertex 8985.73 12120.94 797.03
vertex 8258.12 12302.810000000001 364
vertex 8161.14 12326.99 364
endloop
endfacet
facet normal 0.24250781440699493 0.9701494388240829 -0.00016217539699831825
outer loop
vertex 8985.73 12120.94 797.03
vertex 8161.14 12326.99 364
vertex 7918.56 12387.7 797.03
endloop
endfacet
facet normal 0.24250864581354753 0.9701492445524448 0
outer loop
vertex 12439.310000000001 11257.48 749.97
vertex 12439.310000000001 11257.48 364
vertex 10239.45 11807.380000000001 364
endloop
endfacet
facet normal 0.24254603677576808 0.9701398707181172 -0.00022646722192725562
outer loop
vertex 12439.310000000001 11257.48 749.97
vertex 10239.45 11807.380000000001 364
vertex 9590.880000000001 11969.62 749.97
endloop
endfacet
facet normal 0.24256504441009732 0.9701348875762942 -0.0007064967504565132
outer loop
vertex 8258.12 12302.810000000001 364
vertex 8176.87 12323.09 315.77000000000004
vertex 8152.56 12329.2 359.32
endloop
endfacet
facet normal 0.2418974767250969 0.9701909550372827 0.014667021438460997
outer loop
vertex 8258.12 12302.810000000001 364
vertex 8152.56 12329.2 359.32
vertex 8161.14 12326.99 364
endloop
endfacet
facet normal 0.24781956910172132 0.9688010716822767 -0.0031535182747857637
outer loop
vertex 10336.43 11783.2 364
vertex 10345.01 11780.99 359.32
vertex 10320.57 11787.1 315.77000000000004
endloop
endfacet
facet normal 0.24192335487636454 0.9702947459019623 -0.0010938191856102624
outer loop
vertex 10336.43 11783.2 364
vertex 10320.57 11787.1 315.77000000000004
vertex 10239.45 11807.380000000001 364
endloop
endfacet
facet normal 0.24255634832230535 0.9701373190886681 0
outer loop
vertex 11007.36 11615.5 296.79
vertex 12439.310000000001 11257.48 364
vertex 12439.310000000001 11257.48 249.99
endloop
endfacet
facet normal 0.2425355699946791 0.9701422799787175 -0.0006737099166651305
outer loop
vertex 11007.36 11615.5 296.79
vertex 12439.310000000001 11257.48 249.99
vertex 10749.31 11679.98 249.99
endloop
endfacet
facet normal 0.2423037119703903 0.9702002074672199 0.0006845406736419383
outer loop
vertex 11007.36 11615.5 296.79
vertex 10749.31 11679.98 249.99
vertex 10641.54 11706.890000000001 257.27
endloop
endfacet
facet normal 0.24252580980060492 0.9701437915151657 -0.0015017873149046602
outer loop
vertex 11007.36 11615.5 296.79
vertex 10641.54 11706.890000000001 257.27
vertex 10535.59 11733.41 278.98
endloop
endfacet
facet normal 0.24235422115520136 0.9701822279095133 0.003297898844532302
outer loop
vertex 11007.36 11615.5 296.79
vertex 10535.59 11733.41 278.98
vertex 10483.85 11746.28 295.1
endloop
endfacet
facet normal 0.24237815590324274 0.9701676997100024 -0.005240608776275704
outer loop
vertex 11007.36 11615.5 296.79
vertex 10483.85 11746.28 295.1
vertex 10433.28 11759.02 314.73
endloop
endfacet
facet normal 0.24255562198760922 0.970137261098014 0.0006818148193583688
outer loop
vertex 11007.36 11615.5 296.79
vertex 10433.28 11759.02 314.73
vertex 10336.43 11783.2 364
endloop
endfacet
facet normal 0.24253559834836808 0.9701423933934705 0.00046912107997205743
outer loop
vertex 11007.36 11615.5 296.79
vertex 10336.43 11783.2 364
vertex 12439.310000000001 11257.48 364
endloop
endfacet
facet normal 0.24253562503633253 0.970142500145332 0
outer loop
vertex 7311.9800000000005 12539.28 499.98
vertex 7748.26 12430.210000000001 800.02
vertex 7748.26 12430.210000000001 749.97
endloop
endfacet
facet normal 0.24253562503633247 0.970142500145332 0
outer loop
vertex 7311.9800000000005 12539.28 499.98
vertex 7748.26 12430.210000000001 749.97
vertex 7748.26 12430.210000000001 249.99
endloop
endfacet
facet normal 0.24253562503633255 0.9701425001453321 0
outer loop
vertex 7311.9800000000005 12539.28 499.98
vertex 7748.26 12430.210000000001 249.99
vertex 7748.26 12430.210000000001 199.94
endloop
endfacet
facet normal 0.24253562503633233 0.970142500145332 -2.1569556780514507e-16
outer loop
vertex 7311.9800000000005 12539.28 499.98
vertex 7748.26 12430.210000000001 199.94
vertex 6439.42 12757.42 199.94
endloop
endfacet
facet normal 0.2425356250363323 0.9701425001453322 0
outer loop
vertex 7311.9800000000005 12539.28 499.98
vertex 6439.42 12757.42 199.94
vertex 6439.42 12757.42 800.02
endloop
endfacet
facet normal 0.24253562503633233 0.9701425001453321 2.1569556780514515e-16
outer loop
vertex 7311.9800000000005 12539.28 499.98
vertex 6439.42 12757.42 800.02
vertex 7748.26 12430.210000000001 800.02
endloop
endfacet
facet normal 0.2425356250363327 0.9701425001453319 0
outer loop
vertex 12439.310000000001 11257.48 249.99
vertex 12439.310000000001 11257.48 199.94
vertex 10749.31 11679.98 199.94
endloop
endfacet
facet normal 0.2425356250363327 0.9701425001453319 0
outer loop
vertex 12439.310000000001 11257.48 249.99
vertex 10749.31 11679.98 199.94
vertex 10749.31 11679.98 249.99
endloop
endfacet
facet normal 0 0 -1
outer loop
vertex 7869.55 12915.37 800.02
vertex 7748.26 12430.210000000001 800.02
vertex 6439.42 12757.42 800.02
endloop
endfacet
facet normal 0 0 -0.9999999999999999
outer loop
vertex 7869.55 12915.37 800.02
vertex 6439.42 12757.42 800.02
vertex 6560.58 13242.58 800.02
endloop
endfacet
facet normal 0 0 -1
outer loop
vertex 12560.6 11742.51 800.02
vertex 12439.310000000001 11257.48 800.02
vertex 10749.31 11679.98 800.02
endloop
endfacet
facet normal 0 0 -0.9999999999999999
outer loop
vertex 12560.6 11742.51 800.02
vertex 10749.31 11679.98 800.02
vertex 10870.6 12165.01 800.02
endloop
endfacet
facet normal 0.03165817165741292 -0.00791100805820573 0.9994674462526595
outer loop
vertex 10695.23 11693.5 251.81
vertex 10749.31 11679.98 249.99
vertex 10894.78 12262.12 249.99
endloop
endfacet
facet normal 0.03174578368308987 -0.00794176406635263 0.9994644233797724
outer loop
vertex 10695.23 11693.5 251.81
vertex 10894.78 12262.12 249.99
vertex 10840.83 12275.51 251.81
endloop
endfacet
facet normal 0.09526011463427313 -0.02383098690873043 0.995167118941749
outer loop
vertex 10641.54 11706.890000000001 257.27
vertex 10695.23 11693.5 251.81
vertex 10840.83 12275.51 251.81
endloop
endfacet
facet normal 0.09499833071062953 -0.02373897545002101 0.9951943419286391
outer loop
vertex 10641.54 11706.890000000001 257.27
vertex 10840.83 12275.51 251.81
vertex 10787.01 12289.03 257.27
endloop
endfacet
facet normal 0.15848870879345667 -0.03960448082623434 0.9865661732917195
outer loop
vertex 10588.24 11720.28 266.37
vertex 10641.54 11706.890000000001 257.27
vertex 10787.01 12289.03 257.27
endloop
endfacet
facet normal 0.15857514906536438 -0.03963493227700337 0.9865510601293248
outer loop
vertex 10588.24 11720.28 266.37
vertex 10787.01 12289.03 257.27
vertex 10733.710000000001 12302.29 266.37
endloop
endfacet
facet normal 0.21960149807108537 -0.054888111758218984 0.9740443918182334
outer loop
vertex 10535.59 11733.41 278.98
vertex 10588.24 11720.28 266.37
vertex 10733.710000000001 12302.29 266.37
endloop
endfacet
facet normal 0.2194834268310999 -0.05484634984903956 0.9740733561979374
outer loop
vertex 10535.59 11733.41 278.98
vertex 10733.710000000001 12302.29 266.37
vertex 10681.06 12315.550000000001 278.98
endloop
endfacet
facet normal 0.2807727714749468 -0.07016184262627587 0.9572063344115328
outer loop
vertex 10483.85 11746.28 295.1
vertex 10535.59 11733.41 278.98
vertex 10681.06 12315.550000000001 278.98
endloop
endfacet
facet normal 0.2813678266445362 -0.0703733733456636 0.9570160575733732
outer loop
vertex 10483.85 11746.28 295.1
vertex 10681.06 12315.550000000001 278.98
vertex 10629.45 12328.42 295.1
endloop
endfacet
facet normal 0.34175612844559605 -0.08547719157192249 0.935893369134996
outer loop
vertex 10433.28 11759.02 314.73
vertex 10483.85 11746.28 295.1
vertex 10629.45 12328.42 295.1
endloop
endfacet
facet normal 0.3419327895567917 -0.0855404789599302 0.9358230569318201
outer loop
vertex 10433.28 11759.02 314.73
vertex 10629.45 12328.42 295.1
vertex 10578.880000000001 12341.03 314.73
endloop
endfacet
facet normal 0.4013362119545373 -0.10040128599264744 0.9104113502944728
outer loop
vertex 10384.140000000001 11771.24 337.74
vertex 10433.28 11759.02 314.73
vertex 10578.880000000001 12341.03 314.73
endloop
endfacet
facet normal 0.40032921860697446 -0.10003760509629332 0.9108946120688866
outer loop
vertex 10384.140000000001 11771.24 337.74
vertex 10578.880000000001 12341.03 314.73
vertex 10529.61 12353.380000000001 337.74
endloop
endfacet
facet normal -0.4010157539331759 0.1003211178032517 -0.9105613864095669
outer loop
vertex 10764.52 12294.62 776.75
vertex 10618.92 11712.61 776.75
vertex 10598.640000000001 11717.68 786.24
endloop
endfacet
facet normal -0.40101575393314814 0.1003211178032435 -0.9105613864095798
outer loop
vertex 10764.52 12294.62 776.75
vertex 10598.640000000001 11717.68 786.24
vertex 10744.24 12299.69 786.24
endloop
endfacet
facet normal -0.3396336076943511 0.08488943645521041 -0.9367191660806543
outer loop
vertex 10785.32 12289.42 768.69
vertex 10639.85 11707.41 768.69
vertex 10618.92 11712.61 776.75
endloop
endfacet
facet normal -0.34136678641977763 0.08539888335719269 -0.9360425993782433
outer loop
vertex 10785.32 12289.42 768.69
vertex 10618.92 11712.61 776.75
vertex 10764.52 12294.62 776.75
endloop
endfacet
facet normal -0.28523595326718776 0.07129306046593377 -0.955802150286951
outer loop
vertex 10806.640000000001 12284.09 761.9300000000001
vertex 10661.17 11702.08 761.9300000000001
vertex 10639.85 11707.41 768.69
endloop
endfacet
facet normal -0.28523595326716694 0.07129306046592769 -0.9558021502869576
outer loop
vertex 10806.640000000001 12284.09 761.9300000000001
vertex 10639.85 11707.41 768.69
vertex 10785.32 12289.42 768.69
endloop
endfacet
facet normal -0.21951075900821593 0.05486543205945777 -0.9740661225217547
outer loop
vertex 10828.35 12278.630000000001 756.73
vertex 10682.880000000001 11696.62 756.73
vertex 10661.17 11702.08 761.9300000000001
endloop
endfacet
facet normal -0.21951075900823225 0.05486543205946254 -0.9740661225217506
outer loop
vertex 10828.35 12278.630000000001 756.73
vertex 10661.17 11702.08 761.9300000000001
vertex 10806.640000000001 12284.09 761.9300000000001
endloop
endfacet
facet normal -0.15936725069614568 0.03983291345297882 -0.9864154390577021
outer loop
vertex 10850.32 12273.17 752.96
vertex 10704.85 11691.16 752.96
vertex 10682.880000000001 11696.62 756.73
endloop
endfacet
facet normal -0.1593672506961457 0.03983291345297882 -0.9864154390577022
outer loop
vertex 10850.32 12273.17 752.96
vertex 10682.880000000001 11696.62 756.73
vertex 10828.35 12278.630000000001 756.73
endloop
endfacet
facet normal -0.09360993157127627 0.023418164699537555 -0.9953334970115927
outer loop
vertex 10872.550000000001 12267.58 750.75
vertex 10726.95 11685.57 750.75
vertex 10704.85 11691.16 752.96
endloop
endfacet
facet normal -0.09310458032846612 0.0232709460325113 -0.9953843479744958
outer loop
vertex 10872.550000000001 12267.58 750.75
vertex 10704.85 11691.16 752.96
vertex 10850.32 12273.17 752.96
endloop
endfacet
facet normal -0.03281381458999254 0.008199789755739586 -0.9994278448292379
outer loop
vertex 10894.78 12262.12 749.97
vertex 10749.31 11679.98 749.97
vertex 10726.95 11685.57 750.75
endloop
endfacet
facet normal -0.03303739508236758 0.008264883290652619 -0.9994199428820518
outer loop
vertex 10894.78 12262.12 749.97
vertex 10726.95 11685.57 750.75
vertex 10872.550000000001 12267.58 750.75
endloop
endfacet
facet normal -0.24378009775197676 -0.9698295014464265 -0.0014149431834978824
outer loop
vertex 9349.86 12648.35 954.07
vertex 9394.32 12637.17 957.0600000000001
vertex 8981.44 12740.390000000001 1343.03
endloop
endfacet
facet normal -0.2425356250363349 -0.9701425001453313 -5.617609885801105e-15
outer loop
vertex 9473.880000000001 12617.28 1244.1000000000001
vertex 9180.6 12690.6 1428.05
vertex 8981.44 12740.390000000001 1343.03
endloop
endfacet
facet normal -0.2425757272658673 -0.9701324505169521 -0.00021212121359844228
outer loop
vertex 9473.880000000001 12617.28 1244.1000000000001
vertex 8981.44 12740.390000000001 1343.03
vertex 9482.460000000001 12615.2 945.1
endloop
endfacet
facet normal -0.2426061706563283 -0.9701248376214898 -0.00021304776581488547
outer loop
vertex 9473.880000000001 12617.28 1244.1000000000001
vertex 9482.460000000001 12615.2 945.1
vertex 9524.58 12604.67 930.2800000000001
endloop
endfacet
facet normal -0.2431133806776727 -0.9699978319968585 -0.0003000947641220686
outer loop
vertex 9473.880000000001 12617.28 1244.1000000000001
vertex 9524.58 12604.67 930.2800000000001
vertex 9575.93 12591.800000000001 930.2800000000001
endloop
endfacet
facet normal -0.24259123861144363 -0.9701285876751147 -0.00011968480764818393
outer loop
vertex 9473.880000000001 12617.28 1244.1000000000001
vertex 9575.93 12591.800000000001 930.2800000000001
vertex 9807.07 12533.95 1343.03
endloop
endfacet
facet normal -0.24293042851252142 -0.9700430962300429 0.0010946959187031222
outer loop
vertex 9473.880000000001 12617.28 1244.1000000000001
vertex 9807.07 12533.95 1343.03
vertex 9710.220000000001 12558.26 1392.3
endloop
endfacet
facet normal -0.24207277215022646 -0.9702580297855179 -0.0003586366258917168
outer loop
vertex 9473.880000000001 12617.28 1244.1000000000001
vertex 9710.220000000001 12558.26 1392.3
vertex 9608.04 12583.74 1428.05
endloop
endfacet
facet normal -0.24253562503633355 -0.9701425001453318 -4.3705354124891404e-15
outer loop
vertex 9473.880000000001 12617.28 1244.1000000000001
vertex 9608.04 12583.74 1428.05
vertex 9394.32 12637.17 1457.04
endloop
endfacet
facet normal -0.24253562503633427 -0.9701425001453315 -4.687015056320096e-15
outer loop
vertex 9473.880000000001 12617.28 1244.1000000000001
vertex 9394.32 12637.17 1457.04
vertex 9180.6 12690.6 1428.05
endloop
endfacet
facet normal -0.24368996057251888 -0.9698368127836243 0.005635573250791016
outer loop
vertex 9212.710000000001 12682.67 930.2800000000001
vertex 9263.93 12669.800000000001 930.2800000000001
vertex 9306.18 12659.27 945.1
endloop
endfacet
facet normal -0.2427957505429712 -0.970077355698744 -0.0003840296962820636
outer loop
vertex 9212.710000000001 12682.67 930.2800000000001
vertex 9306.18 12659.27 945.1
vertex 8981.44 12740.390000000001 1343.03
endloop
endfacet
facet normal -0.24311321303431835 -0.9699971631168083 -0.0012121029139475301
outer loop
vertex 9524.58 12604.67 930.2800000000001
vertex 9564.62 12594.66 910
vertex 9575.93 12591.800000000001 930.2800000000001
endloop
endfacet
facet normal -0.24369373865121627 -0.9698518487735918 0.0008678551945828965
outer loop
vertex 9212.710000000001 12682.67 930.2800000000001
vertex 9224.02 12679.810000000001 910
vertex 9263.93 12669.800000000001 930.2800000000001
endloop
endfacet
facet normal -0.24483684967726702 -0.9695539247219692 -0.0044837591747755754
outer loop
vertex 10718.5 12306.19 786.24
vertex 10744.24 12299.69 786.24
vertex 10724.48 12304.630000000001 797.03
endloop
endfacet
facet normal -0.24311175733455798 -0.9699913550218048 0.0036666917877276922
outer loop
vertex 10718.5 12306.19 786.24
vertex 10713.17 12307.49 776.75
vertex 10764.52 12294.62 776.75
endloop
endfacet
facet normal -0.24483595956706028 -0.9695503998855505 -0.005232110916826481
outer loop
vertex 10718.5 12306.19 786.24
vertex 10764.52 12294.62 776.75
vertex 10744.24 12299.69 786.24
endloop
endfacet
facet normal -0.24330774051921025 -0.9699430196373895 -0.003447036428484719
outer loop
vertex 10713.17 12307.49 776.75
vertex 10708.62 12308.66 768.69
vertex 10785.32 12289.42 768.69
endloop
endfacet
facet normal -0.24311308651074998 -0.9699966583005508 -0.001584314672438469
outer loop
vertex 10713.17 12307.49 776.75
vertex 10785.32 12289.42 768.69
vertex 10764.52 12294.62 776.75
endloop
endfacet
facet normal -0.24282428318072277 -0.9700582333189327 0.004836472673275626
outer loop
vertex 10708.62 12308.66 768.69
vertex 10704.85 12309.57 761.9300000000001
vertex 10806.640000000001 12284.09 761.9300000000001
endloop
endfacet
facet normal -0.24330836843062548 -0.9699455227977609 -0.0025924228445728015
outer loop
vertex 10708.62 12308.66 768.69
vertex 10806.640000000001 12284.09 761.9300000000001
vertex 10785.32 12289.42 768.69
endloop
endfacet
facet normal -0.24251779350118213 -0.9700711740047285 0.012125889674814682
outer loop
vertex 10704.85 12309.57 761.9300000000001
vertex 10701.99 12310.220000000001 756.73
vertex 10828.35 12278.630000000001 756.73
endloop
endfacet
facet normal -0.2428243609855038 -0.9700585441410937 0.004769764233547492
outer loop
vertex 10704.85 12309.57 761.9300000000001
vertex 10828.35 12278.630000000001 756.73
vertex 10806.640000000001 12284.09 761.9300000000001
endloop
endfacet
facet normal -0.24233831466147535 -0.9701917995270896 -0.00011566081084726081
outer loop
vertex 10701.99 12310.220000000001 756.73
vertex 10699.91 12310.74 752.96
vertex 10850.32 12273.17 752.96
endloop
endfacet
facet normal -0.24252714343520362 -0.9701085737408145 -0.008363004945756836
outer loop
vertex 10701.99 12310.220000000001 756.73
vertex 10850.32 12273.17 752.96
vertex 10828.35 12278.630000000001 756.73
endloop
endfacet
facet normal -0.24277946598676675 -0.9696684342993632 -0.02830650841417646
outer loop
vertex 10699.91 12310.74 752.96
vertex 10698.61 12311.130000000001 750.75
vertex 10872.550000000001 12267.58 750.75
endloop
endfacet
facet normal -0.24230582764023678 -0.970061739030297 0.016374014812988256
outer loop
vertex 10699.91 12310.74 752.96
vertex 10872.550000000001 12267.58 750.75
vertex 10850.32 12273.17 752.96
endloop
endfacet
facet normal -0.24195138493528492 -0.9702883557376428 -0.00018452056627707656
outer loop
vertex 10716.550000000001 12306.710000000001 469.3
vertex 10698.61 12311.130000000001 750.75
vertex 10482.03 12365.210000000001 364
endloop
endfacet
facet normal -0.24212305543793938 -0.9702455240367043 0.00022161258460065645
outer loop
vertex 10716.550000000001 12306.710000000001 469.3
vertex 10482.03 12365.210000000001 364
vertex 10578.880000000001 12341.03 314.73
endloop
endfacet
facet normal -0.24193330070537522 -0.9702928816796799 0.000042089725449327546
outer loop
vertex 10716.550000000001 12306.710000000001 469.3
vertex 10578.880000000001 12341.03 314.73
vertex 10629.45 12328.42 295.1
endloop
endfacet
facet normal -0.24194613198018738 -0.9702896819137111 0.00004890413965894179
outer loop
vertex 10716.550000000001 12306.710000000001 469.3
vertex 10629.45 12328.42 295.1
vertex 10681.06 12315.550000000001 278.98
endloop
endfacet
facet normal -0.24251499357021147 -0.9701476443230048 0.00016158021223039375
outer loop
vertex 10716.550000000001 12306.710000000001 469.3
vertex 10681.06 12315.550000000001 278.98
vertex 10894.78 12262.12 249.99
endloop
endfacet
facet normal -0.2427021123667782 -0.9701008631336764 0
outer loop
vertex 10716.550000000001 12306.710000000001 469.3
vertex 10894.78 12262.12 249.99
vertex 10894.78 12262.12 749.97
endloop
endfacet
facet normal -0.23861502007932187 -0.971110332591978 -0.002755744117785968
outer loop
vertex 10716.550000000001 12306.710000000001 469.3
vertex 10894.78 12262.12 749.97
vertex 10872.550000000001 12267.58 750.75
endloop
endfacet
facet normal -0.24287678160472168 -0.9700571157824192 -0.00024713807152413405
outer loop
vertex 10716.550000000001 12306.710000000001 469.3
vertex 10872.550000000001 12267.58 750.75
vertex 10698.61 12311.130000000001 750.75
endloop
endfacet
facet normal -0.2419847584824213 -0.9702705353832174 0.004297072185657963
outer loop
vertex 9608.04 12583.74 1428.05
vertex 9502.09 12610.26 1449.76
vertex 9394.32 12637.17 1457.04
endloop
endfacet
facet normal -0.24198475848242712 -0.9702705353832163 -0.004297072185628245
outer loop
vertex 9286.550000000001 12664.08 1449.76
vertex 9180.6 12690.6 1428.05
vertex 9394.32 12637.17 1457.04
endloop
endfacet
facet normal -0.24574308254972793 -0.9693019371407885 0.008005750063080413
outer loop
vertex 9078.42 12716.210000000001 1392.3
vertex 8981.44 12740.390000000001 1343.03
vertex 9180.6 12690.6 1428.05
endloop
endfacet
facet normal -0.24477437083976983 -0.9674415609380472 -0.06436096293367233
outer loop
vertex 9394.32 12637.17 957.0600000000001
vertex 9438.78 12626.12 954.07
vertex 9471.15 12617.93 954.07
endloop
endfacet
facet normal -0.2429385562759412 -0.9700415702929406 -0.00045801546641435607
outer loop
vertex 9394.32 12637.17 957.0600000000001
vertex 9471.15 12617.93 954.07
vertex 8981.44 12740.390000000001 1343.03
endloop
endfacet
facet normal -0.24525812693398658 -0.9693535493104276 -0.014217862431066427
outer loop
vertex 9438.78 12626.12 954.07
vertex 9482.460000000001 12615.2 945.1
vertex 9471.15 12617.93 954.07
endloop
endfacet
facet normal -0.24250939037800762 -0.9701490489391466 -0.00013572382431530525
outer loop
vertex 9306.18 12659.27 945.1
vertex 9349.86 12648.35 954.07
vertex 8981.44 12740.390000000001 1343.03
endloop
endfacet
facet normal -0.24144817114234748 -0.9704137021987175 -0.0001650363441471636
outer loop
vertex 10787.53 12288.9 260.91
vertex 10733.710000000001 12302.29 266.37
vertex 10787.01 12289.03 257.27
endloop
endfacet
facet normal -0.24362215888882416 -0.9698702060027694 0.00016494391234806124
outer loop
vertex 10787.53 12288.9 260.91
vertex 10787.01 12289.03 257.27
vertex 10840.83 12275.51 251.81
endloop
endfacet
facet normal -0.2401476348835239 -0.9704995438861473 0.021441753114648434
outer loop
vertex 10787.53 12288.9 260.91
vertex 10840.83 12275.51 251.81
vertex 10894.78 12262.12 249.99
endloop
endfacet
facet normal -0.24141650135705336 -0.9703826586439626 0.008693024536650074
outer loop
vertex 10787.53 12288.9 260.91
vertex 10894.78 12262.12 249.99
vertex 10681.06 12315.550000000001 278.98
endloop
endfacet
facet normal -0.23932078373388666 -0.9707022081428099 0.021512451735479013
outer loop
vertex 10787.53 12288.9 260.91
vertex 10681.06 12315.550000000001 278.98
vertex 10733.710000000001 12302.29 266.37
endloop
endfacet
facet normal -0.25320041784873265 -0.9671385405728947 -0.02307794921041219
outer loop
vertex 10482.03 12365.210000000001 364
vertex 10529.61 12353.380000000001 337.74
vertex 10578.880000000001 12341.03 314.73
endloop
endfacet
facet normal 0.2423970557702196 0.9701747098004292 0.002167906266849258
outer loop
vertex 9035.130000000001 12108.59 1428.05
vertex 9141.08 12082.07 1449.76
vertex 9248.720000000001 12055.16 1457.04
endloop
endfacet
facet normal 0.24279993011289144 0.970037998297923 0.008629935998248054
outer loop
vertex 10749.31 11679.98 249.99
vertex 10695.23 11693.5 251.81
vertex 10641.54 11706.890000000001 257.27
endloop
endfacet
facet normal 0.24415986091382844 0.9696494168258817 0.012882964246157567
outer loop
vertex 9356.49 12028.12 1449.76
vertex 9462.44 12001.73 1428.05
vertex 9248.720000000001 12055.16 1457.04
endloop
endfacet
facet normal 0.2430161875572205 0.9700185266113659 -0.0026815323732735084
outer loop
vertex 8835.970000000001 12158.25 1343.03
vertex 9035.130000000001 12108.59 1428.05
vertex 9248.720000000001 12055.16 1457.04
endloop
endfacet
facet normal 0.249434234918077 0.9683917355642749 -0.00009456027102114094
outer loop
vertex 9441.25 12006.93 969.8000000000001
vertex 9424.09 12011.35 969.8000000000001
vertex 9434.23 12008.75 1090.83
endloop
endfacet
facet normal 0.24250215914461848 0.9701507249859087 -0.0005230865263054129
outer loop
vertex 9441.25 12006.93 969.8000000000001
vertex 9434.23 12008.75 1090.83
vertex 9538.880000000001 11982.62 1144
endloop
endfacet
facet normal 0.2514714239278154 0.9671977843379805 -0.03592448913232079
outer loop
vertex 9437.09 12007.970000000001 969.8000000000001
vertex 9423.960000000001 12011.35 968.89
vertex 9424.09 12011.35 969.8000000000001
endloop
endfacet
facet normal 0.24253382777741309 0.970135311108804 0.0038497432979362088
outer loop
vertex 9441.25 12006.93 969.8000000000001
vertex 9432.15 12009.27 953.4200000000001
vertex 9437.09 12007.970000000001 969.8000000000001
endloop
endfacet
facet normal 0.2436600142751946 0.9698151063231147 -0.009405157675324979
outer loop
vertex 9204.39 12066.210000000001 954.07
vertex 9160.58 12077.130000000001 945.1
vertex 9108.32 12090.26 945.1
endloop
endfacet
facet normal 0.2428062751929024 0.970074700173 0.0004345241223947604
outer loop
vertex 9204.39 12066.210000000001 954.07
vertex 9108.32 12090.26 945.1
vertex 8835.970000000001 12158.25 1343.03
endloop
endfacet
facet normal 0.24255627617925435 0.970137331241373 0.00010685466619841726
outer loop
vertex 9336.86 12033.060000000001 945.1
vertex 9293.18 12043.98 954.07
vertex 8835.970000000001 12158.25 1343.03
endloop
endfacet
facet normal 0.2525688418744036 0.9675097269411738 -0.011571879209430558
outer loop
vertex 9427.470000000001 12010.44 944.97
vertex 9420.970000000001 12012 933.5300000000001
vertex 9422.01 12011.87 945.36
endloop
endfacet
facet normal 0.2436693596692389 0.9698523028419843 -0.003428385988065233
outer loop
vertex 9160.58 12077.130000000001 945.1
vertex 9118.460000000001 12087.66 930.2800000000001
vertex 9108.32 12090.26 945.1
endloop
endfacet
facet normal 0.24771886160868672 0.9684866140265169 0.02586588592623913
outer loop
vertex 10641.54 11706.890000000001 257.27
vertex 10588.24 11720.28 266.37
vertex 10535.59 11733.41 278.98
endloop
endfacet
facet normal 0.2307821669545281 0.9727161082775498 -0.02372686479815992
outer loop
vertex 10433.28 11759.02 314.73
vertex 10384.140000000001 11771.24 337.74
vertex 10336.43 11783.2 364
endloop
endfacet
facet normal -0.9703713064190223 0.24161855822481823 0
outer loop
vertex 10894.78 12262.12 749.97
vertex 10894.78 12262.12 249.99
vertex 10870.6 12165.01 249.99
endloop
endfacet
facet normal -0.9703713064190223 0.24161855822481823 0
outer loop
vertex 10894.78 12262.12 749.97
vertex 10870.6 12165.01 249.99
vertex 10870.6 12165.01 749.97
endloop
endfacet
facet normal 0.970127203039012 -0.24259680526277233 0
outer loop
vertex 10749.31 11679.98 800.02
vertex 10749.31 11679.98 749.97
vertex 10870.6 12165.01 749.97
endloop
endfacet
facet normal 0.970127203039012 -0.24259680526277233 0
outer loop
vertex 10749.31 11679.98 800.02
vertex 10870.6 12165.01 749.97
vertex 10870.6 12165.01 800.02
endloop
endfacet
facet normal 0.970127203039012 -0.2425968052627723 0
outer loop
vertex 10749.31 11679.98 249.99
vertex 10749.31 11679.98 199.94
vertex 10870.6 12165.01 199.94
endloop
endfacet
facet normal 0.970127203039012 -0.2425968052627723 0
outer loop
vertex 10749.31 11679.98 249.99
vertex 10870.6 12165.01 199.94
vertex 10870.6 12165.01 249.99
endloop
endfacet
facet normal 0.4850129487325646 -0.12128573604060229 0.866055546598965
outer loop
vertex 9507.68 12505.74 871.65
vertex 9386.39 12020.710000000001 871.65
vertex 10320.57 11787.1 315.77000000000004
endloop
endfacet
facet normal 0.4850325090637788 -0.12125812726594562 0.8660484580687452
outer loop
vertex 9507.68 12505.74 871.65
vertex 10320.57 11787.1 315.77000000000004
vertex 10441.86 12272.26 315.77000000000004
endloop
endfacet
facet normal -0.4850325090637793 0.12125812726594394 -0.8660484580687452
outer loop
vertex 10611.640000000001 11714.43 835.38
vertex 9677.460000000001 11947.91 1391.26
vertex 9798.75 12433.07 1391.26
endloop
endfacet
facet normal -0.48501294873256534 0.1212857360406002 -0.8660555465989649
outer loop
vertex 10611.640000000001 11714.43 835.38
vertex 9798.75 12433.07 1391.26
vertex 10732.93 12199.460000000001 835.38
endloop
endfacet
facet normal -0.8397622041823843 0.2099405510455977 0.500723881449062
outer loop
vertex 10320.57 11787.1 315.77000000000004
vertex 10345.01 11780.99 359.32
vertex 10466.300000000001 12266.15 359.32
endloop
endfacet
facet normal -0.8397622041823845 0.20994055104559772 0.5007238814490618
outer loop
vertex 10320.57 11787.1 315.77000000000004
vertex 10466.300000000001 12266.15 359.32
vertex 10441.86 12272.26 315.77000000000004
endloop
endfacet
facet normal -0.8406711629180064 0.21022412087978898 0.49907696284080943
outer loop
vertex 10587.59 11720.41 792.35
vertex 10611.640000000001 11714.43 835.38
vertex 10732.93 12199.460000000001 835.38
endloop
endfacet
facet normal -0.8406711629180205 0.2102241208797957 0.49907696284078273
outer loop
vertex 10587.59 11720.41 792.35
vertex 10732.93 12199.460000000001 835.38
vertex 10708.880000000001 12205.44 792.35
endloop
endfacet
facet normal 0.45492488705485595 -0.11139040882463143 0.8835358079670615
outer loop
vertex 10488.66 12303.85 352.56
vertex 10457.720000000001 12268.23 364
vertex 10466.300000000001 12266.15 359.32
endloop
endfacet
facet normal 0.45751867847804634 -0.11321068753697408 0.8819637175480111
outer loop
vertex 10488.66 12303.85 352.56
vertex 10466.300000000001 12266.15 359.32
vertex 10507.9 12266.15 337.74
endloop
endfacet
facet normal 0.456810511890992 -0.11369203500118892 0.8822688237737852
outer loop
vertex 10488.66 12303.85 352.56
vertex 10507.9 12266.15 337.74
vertex 10529.61 12353.380000000001 337.74
endloop
endfacet
facet normal 0.4579615978201136 -0.11486794405340121 0.8815194441139647
outer loop
vertex 10488.66 12303.85 352.56
vertex 10529.61 12353.380000000001 337.74
vertex 10482.03 12365.210000000001 364
endloop
endfacet
facet normal 0.4581182286597198 -0.11483660691603832 0.8814421377956082
outer loop
vertex 10488.66 12303.85 352.56
vertex 10482.03 12365.210000000001 364
vertex 10457.720000000001 12268.23 364
endloop
endfacet
facet normal 0.457735898795549 -0.11443397469888811 0.881693094216148
outer loop
vertex 10466.300000000001 12266.15 359.32
vertex 10345.01 11780.99 359.32
vertex 10384.140000000001 11771.24 337.74
endloop
endfacet
facet normal 0.45745625758619207 -0.1143941048652612 0.8818433881179304
outer loop
vertex 10466.300000000001 12266.15 359.32
vertex 10384.140000000001 11771.24 337.74
vertex 10507.9 12266.15 337.74
endloop
endfacet
facet normal -0.4588536145707566 0.11518807979569266 -0.8810136586162173
outer loop
vertex 10719.67 12244.57 791.83
vertex 10744.24 12299.69 786.24
vertex 10720.58 12205.44 786.24
endloop
endfacet
facet normal -0.4598263564013019 0.11509472877761416 -0.8805185548109195
outer loop
vertex 10719.67 12244.57 791.83
vertex 10720.58 12205.44 786.24
vertex 10708.880000000001 12205.44 792.35
endloop
endfacet
facet normal -0.45314377130041733 0.11320282767995692 -0.8842204715662815
outer loop
vertex 10719.67 12244.57 791.83
vertex 10708.880000000001 12205.44 792.35
vertex 10700.300000000001 12207.65 797.03
endloop
endfacet
facet normal -0.4525282082377907 0.11282874897080772 -0.8845834579929569
outer loop
vertex 10719.67 12244.57 791.83
vertex 10700.300000000001 12207.65 797.03
vertex 10724.48 12304.630000000001 797.03
endloop
endfacet
facet normal -0.45430447174918837 0.11289144139946235 -0.8836645117958754
outer loop
vertex 10719.67 12244.57 791.83
vertex 10724.48 12304.630000000001 797.03
vertex 10744.24 12299.69 786.24
endloop
endfacet
facet normal -0.4588451334854916 0.11471128337137163 -0.8810802829163606
outer loop
vertex 10720.58 12205.44 786.24
vertex 10598.640000000001 11717.68 786.24
vertex 10587.59 11720.41 792.35
endloop
endfacet
facet normal -0.4598320340662707 0.11498882009751624 -0.880529426935328
outer loop
vertex 10720.58 12205.44 786.24
vertex 10587.59 11720.41 792.35
vertex 10708.880000000001 12205.44 792.35
endloop
endfacet
facet normal 0.8402836140994735 -0.20950771075400798 -0.5000299661125742
outer loop
vertex 10724.48 12304.630000000001 797.03
vertex 10700.300000000001 12207.65 797.03
vertex 10457.720000000001 12268.23 364
endloop
endfacet
facet normal 0.8401246094009307 -0.21059423854955572 -0.499840681986437
outer loop
vertex 10724.48 12304.630000000001 797.03
vertex 10457.720000000001 12268.23 364
vertex 10482.03 12365.210000000001 364
endloop
endfacet
facet normal 0.3125942040020139 -0.07811364767267805 0.946669489141599
outer loop
vertex 9336.86 12033.060000000001 945.1
vertex 9379.11 12022.53 930.2800000000001
vertex 9524.58 12604.67 930.2800000000001
endloop
endfacet
facet normal 0.31339116352316126 -0.07838278319471681 0.9463837054410063
outer loop
vertex 9336.86 12033.060000000001 945.1
vertex 9524.58 12604.67 930.2800000000001
vertex 9482.460000000001 12615.2 945.1
endloop
endfacet
facet normal 0.18954718906880097 -0.04740796153574316 0.9807264390741903
outer loop
vertex 9293.18 12043.98 954.07
vertex 9336.86 12033.060000000001 945.1
vertex 9482.460000000001 12615.2 945.1
endloop
endfacet
facet normal 0.18954718906879928 -0.047407961535742574 0.9807264390741907
outer loop
vertex 9293.18 12043.98 954.07
vertex 9482.460000000001 12615.2 945.1
vertex 9438.78 12626.12 954.07
endloop
endfacet
facet normal 0.0631379111203352 -0.01579152756917719 0.997879868439279
outer loop
vertex 9248.720000000001 12055.16 957.0600000000001
vertex 9293.18 12043.98 954.07
vertex 9438.78 12626.12 954.07
endloop
endfacet
facet normal 0.06318037262167456 -0.015805677314334323 0.9978769568839744
outer loop
vertex 9248.720000000001 12055.16 957.0600000000001
vertex 9438.78 12626.12 954.07
vertex 9394.32 12637.17 957.0600000000001
endloop
endfacet
facet normal -0.06335403393107919 0.01584912173393075 0.9978652572992623
outer loop
vertex 9204.39 12066.210000000001 954.07
vertex 9248.720000000001 12055.16 957.0600000000001
vertex 9394.32 12637.17 957.0600000000001
endloop
endfacet
facet normal -0.06314124693230398 0.01577826157151603 0.9978798672172992
outer loop
vertex 9204.39 12066.210000000001 954.07
vertex 9394.32 12637.17 957.0600000000001
vertex 9349.86 12648.35 954.07
endloop
endfacet
facet normal -0.1890477785939438 0.0472408361426139 0.9808308930744596
outer loop
vertex 9160.58 12077.130000000001 945.1
vertex 9204.39 12066.210000000001 954.07
vertex 9349.86 12648.35 954.07
endloop
endfacet
facet normal -0.18954718906879917 0.0474079615357427 0.9807264390741907
outer loop
vertex 9160.58 12077.130000000001 945.1
vertex 9349.86 12648.35 954.07
vertex 9306.18 12659.27 945.1
endloop
endfacet
facet normal -0.31339116352316404 0.07838278319471749 0.9463837054410051
outer loop
vertex 9118.460000000001 12087.66 930.2800000000001
vertex 9160.58 12077.130000000001 945.1
vertex 9306.18 12659.27 945.1
endloop
endfacet
facet normal -0.31259420400201393 0.07811364767267781 0.946669489141599
outer loop
vertex 9118.460000000001 12087.66 930.2800000000001
vertex 9306.18 12659.27 945.1
vertex 9263.93 12669.800000000001 930.2800000000001
endloop
endfacet
facet normal 0.3115305597482184 -0.0778652437699921 -0.9470405029118877
outer loop
vertex 9180.6 12690.6 1428.05
vertex 9035.130000000001 12108.59 1428.05
vertex 8932.82 12134.07 1392.3
endloop
endfacet
facet normal 0.31176912250890493 -0.07797709182893561 -0.9469527904810932
outer loop
vertex 9180.6 12690.6 1428.05
vertex 8932.82 12134.07 1392.3
vertex 9078.42 12716.210000000001 1392.3
endloop
endfacet
facet normal 0.18914270404273667 -0.04727511409958096 -0.9808109405457676
outer loop
vertex 9286.550000000001 12664.08 1449.76
vertex 9141.08 12082.07 1449.76
vertex 9035.130000000001 12108.59 1428.05
endloop
endfacet
facet normal 0.18914270404273387 -0.04727511409957967 -0.9808109405457682
outer loop
vertex 9286.550000000001 12664.08 1449.76
vertex 9035.130000000001 12108.59 1428.05
vertex 9180.6 12690.6 1428.05
endloop
endfacet
facet normal 0.06351536413543535 -0.01588948131152264 -0.9978543595647582
outer loop
vertex 9394.32 12637.17 1457.04
vertex 9248.720000000001 12055.16 1457.04
vertex 9141.08 12082.07 1449.76
endloop
endfacet
facet normal 0.06344689111386283 -0.015858179842844104 -0.9978592135867953
outer loop
vertex 9394.32 12637.17 1457.04
vertex 9141.08 12082.07 1449.76
vertex 9286.550000000001 12664.08 1449.76
endloop
endfacet
facet normal -0.06342645939943181 0.01586369685738363 -0.9978604247940035
outer loop
vertex 9502.09 12610.26 1449.76
vertex 9356.49 12028.12 1449.76
vertex 9248.720000000001 12055.16 1457.04
endloop
endfacet
facet normal -0.0634435604841721 0.015871518369951307 -0.9978592132849821
outer loop
vertex 9502.09 12610.26 1449.76
vertex 9248.720000000001 12055.16 1457.04
vertex 9394.32 12637.17 1457.04
endloop
endfacet
facet normal -0.18918532433575405 0.04732802395712419 -0.980800168843934
outer loop
vertex 9608.04 12583.74 1428.05
vertex 9462.44 12001.73 1428.05
vertex 9356.49 12028.12 1449.76
endloop
endfacet
facet normal -0.18913524157189898 0.04730492866470021 -0.9808109420880086
outer loop
vertex 9608.04 12583.74 1428.05
vertex 9356.49 12028.12 1449.76
vertex 9502.09 12610.26 1449.76
endloop
endfacet
facet normal -0.31145113826119897 0.07782800886875499 -0.9470696856680234
outer loop
vertex 9710.220000000001 12558.26 1392.3
vertex 9564.75 11976.12 1392.3
vertex 9462.44 12001.73 1428.05
endloop
endfacet
facet normal -0.3118487667111794 0.07801443348593293 -0.9469234894481102
outer loop
vertex 9710.220000000001 12558.26 1392.3
vertex 9462.44 12001.73 1428.05
vertex 9608.04 12583.74 1428.05
endloop
endfacet
facet normal -0.42917207725148343 0.1071458409599028 -0.8968450796389765
outer loop
vertex 9807.07 12533.95 1343.03
vertex 9783.41 12439.18 1343.03
vertex 9680.45 12439.18 1392.3
endloop
endfacet
facet normal -0.42927428758257297 0.10731857189564485 -0.896775507106853
outer loop
vertex 9807.07 12533.95 1343.03
vertex 9680.45 12439.18 1392.3
vertex 9710.220000000001 12558.26 1392.3
endloop
endfacet
facet normal -0.4296917992300233 0.10110395275977664 -0.8972975807449913
outer loop
vertex 9783.41 12439.18 1343.03
vertex 9782.890000000001 12436.970000000001 1343.03
vertex 9774.18 12439.18 1347.45
endloop
endfacet
facet normal -0.4294938647846301 0.10740224493274088 -0.8966603470075888
outer loop
vertex 9774.18 12439.18 1347.45
vertex 9652.890000000001 11954.15 1347.45
vertex 9564.75 11976.12 1392.3
endloop
endfacet
facet normal -0.42914407634711443 0.10722577988459704 -0.8968489247717933
outer loop
vertex 9774.18 12439.18 1347.45
vertex 9564.75 11976.12 1392.3
vertex 9680.45 12439.18 1392.3
endloop
endfacet
facet normal 0.4291461649148096 -0.1075804769581005 0.8968054471937481
outer loop
vertex 9498.45 12499.76 930.2800000000001
vertex 9540.83 12499.76 910
vertex 9564.62 12594.66 910
endloop
endfacet
facet normal 0.4279333065252015 -0.1065856190973519 0.8975035325657732
outer loop
vertex 9498.45 12499.76 930.2800000000001
vertex 9564.62 12594.66 910
vertex 9524.58 12604.67 930.2800000000001
endloop
endfacet
facet normal 0.42940898036367486 -0.10735224509101268 0.8967069884064405
outer loop
vertex 9531.6 12499.76 914.4200000000001
vertex 9540.31 12497.68 910
vertex 9540.83 12499.76 910
endloop
endfacet
facet normal 0.4290834201779924 -0.10730007619814706 0.8968690607754444
outer loop
vertex 9498.45 12499.76 930.2800000000001
vertex 9379.11 12022.53 930.2800000000001
vertex 9410.31 12014.73 914.4200000000001
endloop
endfacet
facet normal 0.42908897231513027 -0.10730099468507609 0.8968662945930895
outer loop
vertex 9498.45 12499.76 930.2800000000001
vertex 9410.31 12014.73 914.4200000000001
vertex 9531.6 12499.76 914.4200000000001
endloop
endfacet
facet normal 0.24543147481926356 0.9694046589001895 0.004242460447477651
outer loop
vertex 9280.7 12047.1 1012.7
vertex 9274.59 12048.66 1009.71
vertex 8835.970000000001 12158.25 1343.03
endloop
endfacet
facet normal 0.2425356250362135 0.9701425001453617 -1.306991898880343e-13
outer loop
vertex 9384.050000000001 12021.23 931.97
vertex 9366.37 12025.65 949.13
vertex 9411.09 12014.470000000001 915.85
endloop
endfacet
facet normal 0.2609264075084032 0.9647913019112478 0.03309310534171778
outer loop
vertex 9384.050000000001 12021.23 931.97
vertex 9411.09 12014.470000000001 915.85
vertex 9410.31 12014.73 914.4200000000001
endloop
endfacet
facet normal 0.24966875326152854 0.9682154251477046 0.014980125195855298
outer loop
vertex 9384.050000000001 12021.23 931.97
vertex 9410.31 12014.73 914.4200000000001
vertex 9379.11 12022.53 930.2800000000001
endloop
endfacet
facet normal 0.25112998397817343 0.9678968132487197 0.010463749332596483
outer loop
vertex 9384.050000000001 12021.23 931.97
vertex 9379.11 12022.53 930.2800000000001
vertex 9353.24 12029.03 949.9100000000001
endloop
endfacet
facet normal 0.24972984969175216 0.9682833949012473 0.0078910919048175
outer loop
vertex 9384.050000000001 12021.23 931.97
vertex 9353.24 12029.03 949.9100000000001
vertex 9366.37 12025.65 949.13
endloop
endfacet
facet normal -0.8402571867182415 0.20950112162142603 0.5000771342580169
outer loop
vertex 9540.31 12497.68 910
vertex 9782.890000000001 12436.970000000001 1343.03
vertex 9807.07 12533.95 1343.03
endloop
endfacet
facet normal -0.840098060042064 0.2105875834153822 0.4998881067047206
outer loop
vertex 9540.31 12497.68 910
vertex 9807.07 12533.95 1343.03
vertex 9564.62 12594.66 910
endloop
endfacet
facet normal 0.8404703075912449 -0.2101738935895567 -0.49943627872921287
outer loop
vertex 9531.6 12499.76 914.4200000000001
vertex 9410.31 12014.73 914.4200000000001
vertex 9386.39 12020.710000000001 871.65
endloop
endfacet
facet normal 0.8404703075912485 -0.21017389358955843 -0.49943627872920615
outer loop
vertex 9531.6 12499.76 914.4200000000001
vertex 9386.39 12020.710000000001 871.65
vertex 9507.68 12505.74 871.65
endloop
endfacet
facet normal 0.8397019922784096 -0.2099254980696008 -0.5008311585992826
outer loop
vertex 9798.75 12433.07 1391.26
vertex 9677.460000000001 11947.91 1391.26
vertex 9652.890000000001 11954.15 1347.45
endloop
endfacet
facet normal 0.8399506944904487 -0.21004395549707353 -0.5003642349170816
outer loop
vertex 9798.75 12433.07 1391.26
vertex 9652.890000000001 11954.15 1347.45
vertex 9774.18 12439.18 1347.45
endloop
endfacet
facet normal -0.48496530791954373 0.12127382264511753 0.8660838931971562
outer loop
vertex 8298.16 12808.12 315.77000000000004
vertex 8176.87 12323.09 315.77000000000004
vertex 9111.18 12089.48 871.65
endloop
endfacet
facet normal -0.4849848647980577 0.12124621619951478 0.8660768072025198
outer loop
vertex 8298.16 12808.12 315.77000000000004
vertex 9111.18 12089.48 871.65
vertex 9232.470000000001 12574.640000000001 871.65
endloop
endfacet
facet normal 0.4850435414204774 -0.12116338263304353 -0.8660555395788428
outer loop
vertex 8820.11 12162.28 1391.26
vertex 7885.93 12395.890000000001 835.38
vertex 8007.09 12880.92 835.38
endloop
endfacet
facet normal 0.48496530791954445 -0.12127382264511681 -0.8660838931971558
outer loop
vertex 8820.11 12162.28 1391.26
vertex 8007.09 12880.92 835.38
vertex 8941.4 12647.310000000001 1391.26
endloop
endfacet
facet normal -0.8399506944904479 0.2100439554970765 -0.5003642349170816
outer loop
vertex 8965.970000000001 12641.2 1347.45
vertex 8844.68 12156.17 1347.45
vertex 8820.11 12162.28 1391.26
endloop
endfacet
facet normal -0.8399506944904339 0.21004395549706986 -0.5003642349171078
outer loop
vertex 8965.970000000001 12641.2 1347.45
vertex 8820.11 12162.28 1391.26
vertex 8941.4 12647.310000000001 1391.26
endloop
endfacet
facet normal -0.8404835598319624 0.2101208899579914 -0.49943627947462305
outer loop
vertex 9232.470000000001 12574.640000000001 871.65
vertex 9111.18 12089.48 871.65
vertex 9087.26 12095.460000000001 914.4200000000001
endloop
endfacet
facet normal -0.8404835598319659 0.21012088995799305 -0.49943627947461644
outer loop
vertex 9232.470000000001 12574.640000000001 871.65
vertex 9087.26 12095.460000000001 914.4200000000001
vertex 9208.550000000001 12580.62 914.4200000000001
endloop
endfacet
facet normal -0.42920019615259153 0.10821784075200562 0.896702899831126
outer loop
vertex 9227.66 12618.710000000001 918.97
vertex 9199.84 12582.7 910
vertex 9208.550000000001 12580.62 914.4200000000001
endloop
endfacet
facet normal -0.42905008039562315 0.10813271902545012 0.8967850041055951
outer loop
vertex 9227.66 12618.710000000001 918.97
vertex 9208.550000000001 12580.62 914.4200000000001
vertex 9241.7 12580.62 930.2800000000001
endloop
endfacet
facet normal -0.4306429310574283 0.10734685307699497 0.8961156839743033
outer loop
vertex 9227.66 12618.710000000001 918.97
vertex 9241.7 12580.62 930.2800000000001
vertex 9263.93 12669.800000000001 930.2800000000001
endloop
endfacet
facet normal -0.4291728576039098 0.10611468820283153 0.8969672966411374
outer loop
vertex 9227.66 12618.710000000001 918.97
vertex 9263.93 12669.800000000001 930.2800000000001
vertex 9224.02 12679.810000000001 910
endloop
endfacet
facet normal -0.42718660105620015 0.10636774805415491 0.8978850205076031
outer loop
vertex 9227.66 12618.710000000001 918.97
vertex 9224.02 12679.810000000001 910
vertex 9199.84 12582.7 910
endloop
endfacet
facet normal -0.42909029591595654 0.10727257397898993 0.8968690611358376
outer loop
vertex 9208.550000000001 12580.62 914.4200000000001
vertex 9087.26 12095.460000000001 914.4200000000001
vertex 9118.460000000001 12087.66 930.2800000000001
endloop
endfacet
facet normal -0.42909029591597103 0.10727257397899237 0.8968690611358305
outer loop
vertex 9208.550000000001 12580.62 914.4200000000001
vertex 9118.460000000001 12087.66 930.2800000000001
vertex 9241.7 12580.62 930.2800000000001
endloop
endfacet
facet normal 0.4296808958654984 -0.10797873466290864 -0.8965014894515345
outer loop
vertex 9008.48 12676.43 1363.57
vertex 9078.42 12716.210000000001 1392.3
vertex 9059.57 12641.2 1392.3
endloop
endfacet
facet normal 0.4295862068881349 -0.10813745525548248 -0.8965277361143564
outer loop
vertex 9008.48 12676.43 1363.57
vertex 9059.57 12641.2 1392.3
vertex 8965.970000000001 12641.2 1347.45
endloop
endfacet
facet normal 0.4283806650416239 -0.10631952559323321 -0.897321661555167
outer loop
vertex 9008.48 12676.43 1363.57
vertex 8965.970000000001 12641.2 1347.45
vertex 8957.26 12643.41 1343.03
endloop
endfacet
facet normal 0.4286603889404915 -0.10687779134441189 -0.8971217357029797
outer loop
vertex 9008.48 12676.43 1363.57
vertex 8957.26 12643.41 1343.03
vertex 8981.44 12740.390000000001 1343.03
endloop
endfacet
facet normal 0.4290975024008561 -0.10663515472192793 -0.8969416241934464
outer loop
vertex 9008.48 12676.43 1363.57
vertex 8981.44 12740.390000000001 1343.03
vertex 9078.42 12716.210000000001 1392.3
endloop
endfacet
facet normal 0.4293872791291881 -0.10731930201255001 -0.8967213234542668
outer loop
vertex 9059.57 12641.2 1392.3
vertex 8932.82 12134.07 1392.3
vertex 8844.68 12156.17 1347.45
endloop
endfacet
facet normal 0.42961918277402217 -0.1074335828271683 -0.8965965553544689
outer loop
vertex 9059.57 12641.2 1392.3
vertex 8844.68 12156.17 1347.45
vertex 8965.970000000001 12641.2 1347.45
endloop
endfacet
facet normal 0.8403230526997367 -0.20923706533085945 0.5000770116623291
outer loop
vertex 8957.26 12643.41 1343.03
vertex 9199.84 12582.7 910
vertex 9224.02 12679.810000000001 910
endloop
endfacet
facet normal 0.8402836140994697 -0.20950771075402283 0.5000299661125742
outer loop
vertex 8957.26 12643.41 1343.03
vertex 9224.02 12679.810000000001 910
vertex 8981.44 12740.390000000001 1343.03
endloop
endfacet
facet normal -0.031729884082356365 0.007928928157248024 0.9994650301808451
outer loop
vertex 7724.08 12333.23 249.99
vertex 7778.030000000001 12319.710000000001 251.81
vertex 7923.5 12901.85 251.81
endloop
endfacet
facet normal -0.031729884082356614 0.00792892815724811 0.9994650301808452
outer loop
vertex 7724.08 12333.23 249.99
vertex 7923.5 12901.85 251.81
vertex 7869.55 12915.37 249.99
endloop
endfacet
facet normal -0.09505055423889576 0.02375733084505796 0.9951889174272377
outer loop
vertex 7778.030000000001 12319.710000000001 251.81
vertex 7831.85 12306.32 257.27
vertex 7977.320000000001 12888.33 257.27
endloop
endfacet
facet normal -0.09499833071062805 0.023738975450020638 0.9951943419286392
outer loop
vertex 7778.030000000001 12319.710000000001 251.81
vertex 7977.320000000001 12888.33 257.27
vertex 7923.5 12901.85 251.81
endloop
endfacet
facet normal -0.1584887087934592 0.039604480826234974 0.9865661732917191
outer loop
vertex 7831.85 12306.32 257.27
vertex 7885.150000000001 12292.93 266.37
vertex 8030.62 12875.07 266.37
endloop
endfacet
facet normal -0.15857514906536446 0.03963493227700314 0.9865510601293248
outer loop
vertex 7831.85 12306.32 257.27
vertex 8030.62 12875.07 266.37
vertex 7977.320000000001 12888.33 257.27
endloop
endfacet
facet normal -0.22007812445789265 0.055044104375355216 0.9739280084834873
outer loop
vertex 7885.150000000001 12292.93 266.37
vertex 7937.67 12279.800000000001 278.98
vertex 8083.27 12861.94 278.98
endloop
endfacet
facet normal -0.21960437580665806 0.05487657358813075 0.9740443931350329
outer loop
vertex 7885.150000000001 12292.93 266.37
vertex 8083.27 12861.94 278.98
vertex 8030.62 12875.07 266.37
endloop
endfacet
facet normal -0.28076910006819156 0.07017659659957712 0.9572063297620831
outer loop
vertex 7937.67 12279.800000000001 278.98
vertex 7989.41 12266.93 295.1
vertex 8134.88 12848.94 295.1
endloop
endfacet
facet normal -0.28121508574287163 0.07033517106565818 0.9570637592458476
outer loop
vertex 7937.67 12279.800000000001 278.98
vertex 8134.88 12848.94 295.1
vertex 8083.27 12861.94 278.98
endloop
endfacet
facet normal -0.3417742004313045 0.08540538862943965 0.9358933248573778
outer loop
vertex 7989.41 12266.93 295.1
vertex 8039.9800000000005 12254.19 314.73
vertex 8185.450000000001 12836.33 314.73
endloop
endfacet
facet normal -0.34195072286637335 0.08546858585826946 0.9358230730018108
outer loop
vertex 7989.41 12266.93 295.1
vertex 8185.450000000001 12836.33 314.73
vertex 8134.88 12848.94 295.1
endloop
endfacet
facet normal -0.40133621195453706 0.10040128599264833 0.9104113502944728
outer loop
vertex 8039.9800000000005 12254.19 314.73
vertex 8089.12 12241.970000000001 337.74
vertex 8234.720000000001 12823.98 337.74
endloop
endfacet
facet normal -0.40032921860697435 0.10003760509629421 0.9108946120688864
outer loop
vertex 8039.9800000000005 12254.19 314.73
vertex 8234.720000000001 12823.98 337.74
vertex 8185.450000000001 12836.33 314.73
endloop
endfacet
facet normal 0.40102102558753294 -0.10030003319741813 -0.9105613874842927
outer loop
vertex 8020.22 12877.67 786.24
vertex 7874.62 12295.53 786.24
vertex 7854.34 12300.6 776.75
endloop
endfacet
facet normal 0.3990449010672281 -0.09971666911438799 -0.9114931446988386
outer loop
vertex 8020.22 12877.67 786.24
vertex 7854.34 12300.6 776.75
vertex 7999.81 12882.74 776.75
endloop
endfacet
facet normal 0.34138921147499157 -0.08530918437706936 -0.936042600178754
outer loop
vertex 7999.81 12882.74 776.75
vertex 7854.34 12300.6 776.75
vertex 7833.54 12305.800000000001 768.69
endloop
endfacet
facet normal 0.34138921147499146 -0.08530918437706934 -0.9360426001787542
outer loop
vertex 7999.81 12882.74 776.75
vertex 7833.54 12305.800000000001 768.69
vertex 7979.01 12887.94 768.69
endloop
endfacet
facet normal 0.2852396993192777 -0.07127807582364283 -0.955802149944813
outer loop
vertex 7979.01 12887.94 768.69
vertex 7833.54 12305.800000000001 768.69
vertex 7812.22 12311.130000000001 761.9300000000001
endloop
endfacet
facet normal 0.2852396993192776 -0.07127807582364283 -0.955802149944813
outer loop
vertex 7979.01 12887.94 768.69
vertex 7812.22 12311.130000000001 761.9300000000001
vertex 7957.6900000000005 12893.27 761.9300000000001
endloop
endfacet
facet normal 0.21951365732311556 -0.05485390409659826 -0.9740661186254201
outer loop
vertex 7957.6900000000005 12893.27 761.9300000000001
vertex 7812.22 12311.130000000001 761.9300000000001
vertex 7790.51 12316.59 756.73
endloop
endfacet
facet normal 0.2195136573231157 -0.05485390409659829 -0.97406611862542
outer loop
vertex 7957.6900000000005 12893.27 761.9300000000001
vertex 7790.51 12316.59 756.73
vertex 7935.9800000000005 12898.73 756.73
endloop
endfacet
facet normal 0.15851001068356416 -0.03960980392025654 -0.9865625372709502
outer loop
vertex 7935.9800000000005 12898.73 756.73
vertex 7790.51 12316.59 756.73
vertex 7768.41 12322.050000000001 752.96
endloop
endfacet
facet normal 0.15936100402036113 -0.039858044775079295 -0.9864154331032794
outer loop
vertex 7935.9800000000005 12898.73 756.73
vertex 7768.41 12322.050000000001 752.96
vertex 7914.01 12904.19 752.96
endloop
endfacet
facet normal 0.09361117552787249 -0.023413246224032503 -0.9953334957277097
outer loop
vertex 7914.01 12904.19 752.96
vertex 7768.41 12322.050000000001 752.96
vertex 7746.31 12327.640000000001 750.75
endloop
endfacet
facet normal 0.0931058097825634 -0.023266056531194446 -0.9953843472740669
outer loop
vertex 7914.01 12904.19 752.96
vertex 7746.31 12327.640000000001 750.75
vertex 7891.780000000001 12909.78 750.75
endloop
endfacet
facet normal 0.03299415479343876 -0.008244854670356872 -0.9994215367506001
outer loop
vertex 7891.780000000001 12909.78 750.75
vertex 7746.31 12327.640000000001 750.75
vertex 7724.08 12333.23 749.97
endloop
endfacet
facet normal 0.03299415479343815 -0.008244854670356697 -0.9994215367506002
outer loop
vertex 7891.780000000001 12909.78 750.75
vertex 7724.08 12333.23 749.97
vertex 7869.55 12915.37 749.97
endloop
endfacet
facet normal 0.24022559599069113 0.9707075103296356 -0.004311892920504199
outer loop
vertex 7900.360000000001 12289.16 786.24
vertex 7874.62 12295.53 786.24
vertex 7894.25 12290.720000000001 797.03
endloop
endfacet
facet normal 0.2408001472767261 0.9705720221868277 0.002288846801134125
outer loop
vertex 7900.360000000001 12289.16 786.24
vertex 7905.6900000000005 12287.86 776.75
vertex 7854.34 12300.6 776.75
endloop
endfacet
facet normal 0.24022453324637807 0.9707032159750645 0.0052383320080935875
outer loop
vertex 7900.360000000001 12289.16 786.24
vertex 7854.34 12300.6 776.75
vertex 7874.62 12295.53 786.24
endloop
endfacet
facet normal 0.24175928549123976 0.9703263839444114 -0.00437681392429867
outer loop
vertex 7905.6900000000005 12287.86 776.75
vertex 7910.240000000001 12286.69 768.69
vertex 7833.54 12305.800000000001 768.69
endloop
endfacet
facet normal 0.24079805493557108 0.9705635887709477 0.004755721954058715
outer loop
vertex 7905.6900000000005 12287.86 776.75
vertex 7833.54 12305.800000000001 768.69
vertex 7854.34 12300.6 776.75
endloop
endfacet
facet normal 0.24195167213731228 0.9702882441608985 -0.000334055563106598
outer loop
vertex 7910.240000000001 12286.69 768.69
vertex 7913.88 12285.78 761.9300000000001
vertex 7812.22 12311.130000000001 761.9300000000001
endloop
endfacet
facet normal 0.2417607881075036 0.9703324148532253 0.002593456910608499
outer loop
vertex 7910.240000000001 12286.69 768.69
vertex 7812.22 12311.130000000001 761.9300000000001
vertex 7833.54 12305.800000000001 768.69
endloop
endfacet
facet normal 0.2425311667838036 0.9701246671352073 -0.006063279169726337
outer loop
vertex 7913.88 12285.78 761.9300000000001
vertex 7916.87 12285 756.73
vertex 7790.51 12316.59 756.73
endloop
endfacet
facet normal 0.24194262516655501 0.9702519634884259 0.008654101592315328
outer loop
vertex 7913.88 12285.78 761.9300000000001
vertex 7790.51 12316.59 756.73
vertex 7812.22 12311.130000000001 761.9300000000001
endloop
endfacet
facet normal 0.24214131183976148 0.9702409657800426 -0.0002311335754269146
outer loop
vertex 7916.87 12285 756.73
vertex 7918.95 12284.48 752.96
vertex 7768.41 12322.050000000001 752.96
endloop
endfacet
facet normal 0.2425017039697309 0.9700068158789167 -0.016724255445980187
outer loop
vertex 7916.87 12285 756.73
vertex 7768.41 12322.050000000001 752.96
vertex 7790.51 12316.59 756.73
endloop
endfacet
facet normal 0.24209728734331268 0.9698388337285961 0.02831148270518866
outer loop
vertex 7918.95 12284.48 752.96
vertex 7920.25 12284.220000000001 750.75
vertex 7746.31 12327.640000000001 750.75
endloop
endfacet
facet normal 0.24201175838691308 0.9697218554049616 0.03270828568471998
outer loop
vertex 7918.95 12284.48 752.96
vertex 7746.31 12327.640000000001 750.75
vertex 7768.41 12322.050000000001 752.96
endloop
endfacet
facet normal 0.24233683536161899 0.9701921351367079 -0.0002813286183385476
outer loop
vertex 7882.9400000000005 12293.45 442.52000000000004
vertex 7920.25 12284.220000000001 750.75
vertex 8136.83 12230.01 364
endloop
endfacet
facet normal 0.24234706885611512 0.9701895884884835 -0.00024618163309935234
outer loop
vertex 7882.9400000000005 12293.45 442.52000000000004
vertex 8136.83 12230.01 364
vertex 8039.9800000000005 12254.19 314.73
endloop
endfacet
facet normal 0.24273851612781883 0.9700917186529023 0.000264932298298003
outer loop
vertex 7882.9400000000005 12293.45 442.52000000000004
vertex 8039.9800000000005 12254.19 314.73
vertex 7937.67 12279.800000000001 278.98
endloop
endfacet
facet normal 0.24249529396466712 0.9701525656091198 0.00017845736897392818
outer loop
vertex 7882.9400000000005 12293.45 442.52000000000004
vertex 7937.67 12279.800000000001 278.98
vertex 7885.150000000001 12292.93 266.37
endloop
endfacet
facet normal 0.24361759280585293 0.9698713476973556 0.00019336803461763035
outer loop
vertex 7882.9400000000005 12293.45 442.52000000000004
vertex 7885.150000000001 12292.93 266.37
vertex 7831.85 12306.32 257.27
endloop
endfacet
facet normal 0.24222188229987668 0.9702206948193123 0.000602560732107019
outer loop
vertex 7882.9400000000005 12293.45 442.52000000000004
vertex 7831.85 12306.32 257.27
vertex 7724.08 12333.23 249.99
endloop
endfacet
facet normal 0.24290916979292265 0.970049037539089 0
outer loop
vertex 7882.9400000000005 12293.45 442.52000000000004
vertex 7724.08 12333.23 249.99
vertex 7724.08 12333.23 749.97
endloop
endfacet
facet normal 0.24385270749784785 0.9698121408481322 0.0005181790540596782
outer loop
vertex 7882.9400000000005 12293.45 442.52000000000004
vertex 7724.08 12333.23 749.97
vertex 7746.31 12327.640000000001 750.75
endloop
endfacet
facet normal 0.24219436266855066 0.9702277163189207 -0.00026301738812019364
outer loop
vertex 7882.9400000000005 12293.45 442.52000000000004
vertex 7746.31 12327.640000000001 750.75
vertex 7920.25 12284.220000000001 750.75
endloop
endfacet
facet normal 0.23078216695450435 0.9727161082775542 0.023726864798212594
outer loop
vertex 8089.12 12241.970000000001 337.74
vertex 8039.9800000000005 12254.19 314.73
vertex 8136.83 12230.01 364
endloop
endfacet
facet normal 0.24382643094177964 0.9694725555629838 -0.025915933021419937
outer loop
vertex 7778.030000000001 12319.710000000001 251.81
vertex 7724.08 12333.23 249.99
vertex 7831.85 12306.32 257.27
endloop
endfacet
facet normal 0.22931368072346253 0.9725130070577103 0.040418893312753786
outer loop
vertex 8039.9800000000005 12254.19 314.73
vertex 7989.41 12266.93 295.1
vertex 7937.67 12279.800000000001 278.98
endloop
endfacet
facet normal -0.24280115842905203 -0.9700373204544882 -0.008671469943841307
outer loop
vertex 7869.55 12915.37 249.99
vertex 7923.5 12901.85 251.81
vertex 7977.320000000001 12888.33 257.27
endloop
endfacet
facet normal -0.45746263848823415 0.11427370117154596 0.8818556886520261
outer loop
vertex 8110.96 12329.2 337.74
vertex 8152.56 12329.2 359.32
vertex 8273.720000000001 12814.23 359.32
endloop
endfacet
facet normal -0.45883689372573117 0.11476950153097769 0.8810769923647155
outer loop
vertex 8110.96 12329.2 337.74
vertex 8273.720000000001 12814.23 359.32
vertex 8234.720000000001 12823.98 337.74
endloop
endfacet
facet normal -0.4576934222859332 0.1145938821818743 0.8816943763927935
outer loop
vertex 8130.070000000001 12291.5 352.56
vertex 8110.96 12329.2 337.74
vertex 8089.12 12241.970000000001 337.74
endloop
endfacet
facet normal -0.4569948809715392 0.11388030241432129 0.8821490551419479
outer loop
vertex 8130.070000000001 12291.5 352.56
vertex 8089.12 12241.970000000001 337.74
vertex 8136.83 12230.01 364
endloop
endfacet
facet normal -0.45550198976129347 0.11418079368011216 0.8828820327077012
outer loop
vertex 8130.070000000001 12291.5 352.56
vertex 8136.83 12230.01 364
vertex 8161.14 12326.99 364
endloop
endfacet
facet normal -0.45346047828167585 0.11196357270182714 0.8842158972922826
outer loop
vertex 8130.070000000001 12291.5 352.56
vertex 8161.14 12326.99 364
vertex 8152.56 12329.2 359.32
endloop
endfacet
facet normal -0.45743641529450646 0.11476769887675017 0.8818051379171292
outer loop
vertex 8130.070000000001 12291.5 352.56
vertex 8152.56 12329.2 359.32
vertex 8110.96 12329.2 337.74
endloop
endfacet
facet normal -0.8399921381973056 0.2105610319609912 -0.5000772536181196
outer loop
vertex 8161.14 12326.99 364
vertex 8136.83 12230.01 364
vertex 7894.25 12290.720000000001 797.03
endloop
endfacet
facet normal -0.8399921381973056 0.21056103196099127 -0.5000772536181195
outer loop
vertex 8161.14 12326.99 364
vertex 7894.25 12290.720000000001 797.03
vertex 7918.56 12387.7 797.03
endloop
endfacet
facet normal -0.24234408950034003 -0.9701886845583518 -0.001805170126646037
outer loop
vertex 8273.59 12814.23 359.58
vertex 8185.450000000001 12836.33 314.73
vertex 8234.720000000001 12823.98 337.74
endloop
endfacet
facet normal -0.19129152187996154 -0.9768620384020029 -0.09564576094073357
outer loop
vertex 8273.59 12814.23 359.58
vertex 8234.720000000001 12823.98 337.74
vertex 8273.720000000001 12814.23 359.32
endloop
endfacet
facet normal -0.24433479723455198 -0.969683847863068 0.003707027626653276
outer loop
vertex 8273.33 12814.36 360.1
vertex 8083.27 12861.94 278.98
vertex 8185.450000000001 12836.33 314.73
endloop
endfacet
facet normal -0.2871872664881697 -0.9531815420393531 0.09470175226749306
outer loop
vertex 8273.33 12814.36 360.1
vertex 8185.450000000001 12836.33 314.73
vertex 8273.59 12814.23 359.58
endloop
endfacet
facet normal 0.45590127638289457 -0.11397531909572364 -0.8827024712945328
outer loop
vertex 8031.27 12874.94 792.35
vertex 7909.9800000000005 12389.78 792.35
vertex 7898.150000000001 12389.78 786.24
endloop
endfacet
facet normal 0.4588237428008371 -0.11479762709565297 -0.8810801767463836
outer loop
vertex 8031.27 12874.94 792.35
vertex 7898.150000000001 12389.78 786.24
vertex 8020.22 12877.67 786.24
endloop
endfacet
facet normal 0.45405170996572547 -0.11497089169774162 -0.8835263090250493
outer loop
vertex 7899.06 12350.65 791.83
vertex 7909.9800000000005 12389.78 792.35
vertex 7918.56 12387.7 797.03
endloop
endfacet
facet normal 0.4508333728540005 -0.11301051035348507 -0.8854252619339086
outer loop
vertex 7899.06 12350.65 791.83
vertex 7918.56 12387.7 797.03
vertex 7894.25 12290.720000000001 797.03
endloop
endfacet
facet normal 0.45714654247451936 -0.11323334552607298 -0.8821537553990038
outer loop
vertex 7899.06 12350.65 791.83
vertex 7894.25 12290.720000000001 797.03
vertex 7874.62 12295.53 786.24
endloop
endfacet
facet normal 0.4606843507002646 -0.11501223100241408 -0.8800807438750851
outer loop
vertex 7899.06 12350.65 791.83
vertex 7874.62 12295.53 786.24
vertex 7898.150000000001 12389.78 786.24
endloop
endfacet
facet normal 0.45582164807634745 -0.1154778247476925 -0.8825482973393035
outer loop
vertex 7899.06 12350.65 791.83
vertex 7898.150000000001 12389.78 786.24
vertex 7909.9800000000005 12389.78 792.35
endloop
endfacet
facet normal 0.8404179518375935 -0.21010448795939837 0.49955357106963366
outer loop
vertex 7885.93 12395.890000000001 835.38
vertex 7909.9800000000005 12389.78 792.35
vertex 8031.27 12874.94 792.35
endloop
endfacet
facet normal 0.8396576967101271 -0.20974563745211458 0.500980758038919
outer loop
vertex 7885.93 12395.890000000001 835.38
vertex 8031.27 12874.94 792.35
vertex 8007.09 12880.92 835.38
endloop
endfacet
facet normal 0.8408023324098529 -0.2102569220419168 0.4988421238704789
outer loop
vertex 8152.56 12329.2 359.32
vertex 8176.87 12323.09 315.77000000000004
vertex 8298.16 12808.12 315.77000000000004
endloop
endfacet
facet normal 0.8398019142651023 -0.20978166285046426 0.5007238747337337
outer loop
vertex 8152.56 12329.2 359.32
vertex 8298.16 12808.12 315.77000000000004
vertex 8273.720000000001 12814.23 359.32
endloop
endfacet
facet normal 0.9702494853294104 -0.24210728245555607 0
outer loop
vertex 6526 13104 479.96000000000004
vertex 6560.58 13242.58 249.99
vertex 6560.58 13242.58 360.1
endloop
endfacet
facet normal 0.9702494853294104 -0.24210728245555602 0
outer loop
vertex 6526 13104 479.96000000000004
vertex 6560.58 13242.58 360.1
vertex 6560.58 13242.58 749.97
endloop
endfacet
facet normal 0.9702494853294102 -0.24210728245555618 0
outer loop
vertex 6526 13104 479.96000000000004
vertex 6560.58 13242.58 749.97
vertex 6560.58 13242.58 800.02
endloop
endfacet
facet normal 0.9702036349634241 -0.24229093992119785 0.00008447402750874289
outer loop
vertex 6526 13104 479.96000000000004
vertex 6560.58 13242.58 800.02
vertex 6439.42 12757.42 800.02
endloop
endfacet
facet normal 0.9701852980262263 -0.24236436927436847 0
outer loop
vertex 6526 13104 479.96000000000004
vertex 6439.42 12757.42 800.02
vertex 6439.42 12757.42 199.94
endloop
endfacet
facet normal 0.9702036339026953 -0.2422909396562999 -0.00009655295055670597
outer loop
vertex 6526 13104 479.96000000000004
vertex 6439.42 12757.42 199.94
vertex 6560.58 13242.58 199.94
endloop
endfacet
facet normal 0.9702494853294104 -0.24210728245555607 0
outer loop
vertex 6526 13104 479.96000000000004
vertex 6560.58 13242.58 199.94
vertex 6560.58 13242.58 249.99
endloop
endfacet
facet normal -0.9701425001453321 0.24253562503633302 0
outer loop
vertex 7869.55 12915.37 800.02
vertex 7869.55 12915.37 749.97
vertex 7748.26 12430.210000000001 749.97
endloop
endfacet
facet normal -0.9701425001453321 0.24253562503633302 0
outer loop
vertex 7869.55 12915.37 800.02
vertex 7748.26 12430.210000000001 749.97
vertex 7748.26 12430.210000000001 800.02
endloop
endfacet
facet normal -0.9701425001453319 0.24253562503633297 0
outer loop
vertex 7869.55 12915.37 249.99
vertex 7869.55 12915.37 199.94
vertex 7748.26 12430.210000000001 199.94
endloop
endfacet
facet normal -0.9701425001453319 0.24253562503633297 0
outer loop
vertex 7869.55 12915.37 249.99
vertex 7748.26 12430.210000000001 199.94
vertex 7748.26 12430.210000000001 249.99
endloop
endfacet
facet normal 0.9702953263524067 -0.24192349959992926 0
outer loop
vertex 7724.08 12333.23 749.97
vertex 7724.08 12333.23 249.99
vertex 7748.26 12430.210000000001 249.99
endloop
endfacet
facet normal 0.9702953263524067 -0.24192349959992926 0
outer loop
vertex 7724.08 12333.23 749.97
vertex 7748.26 12430.210000000001 249.99
vertex 7748.26 12430.210000000001 749.97
endloop
endfacet
endsolid JSCAD
