solid JSCAD
facet normal -1 0 0
outer loop
vertex 0 0 0
vertex 0 0 3999.9700000000003
vertex 0 15000.050000000001 3999.9700000000003
endloop
endfacet
facet normal -1 0 0
outer loop
vertex 0 0 0
vertex 0 15000.050000000001 3999.9700000000003
vertex 0 15000.050000000001 0
endloop
endfacet
facet normal 1 0 0
outer loop
vertex 19999.98 0 0
vertex 19999.98 15000.050000000001 0
vertex 19999.98 15000.050000000001 3999.9700000000003
endloop
endfacet
facet normal 1 0 0
outer loop
vertex 19999.98 0 0
vertex 19999.98 15000.050000000001 3999.9700000000003
vertex 19999.98 0 3999.9700000000003
endloop
endfacet
facet normal 0 -1 0
outer loop
vertex 0 0 0
vertex 19999.98 0 0
vertex 19999.98 0 3999.9700000000003
endloop
endfacet
facet normal 0 -1 0
outer loop
vertex 0 0 0
vertex 19999.98 0 3999.9700000000003
vertex 0 0 3999.9700000000003
endloop
endfacet
facet normal 0 1 0
outer loop
vertex 0 15000.050000000001 0
vertex 0 15000.050000000001 3999.9700000000003
vertex 19999.98 15000.050000000001 3999.9700000000003
endloop
endfacet
facet normal 0 1 0
outer loop
vertex 0 15000.050000000001 0
vertex 19999.98 15000.050000000001 3999.9700000000003
vertex 19999.98 15000.050000000001 0
endloop
endfacet
facet normal 0 0 -1
outer loop
vertex 0 0 0
vertex 0 15000.050000000001 0
vertex 19999.98 15000.050000000001 0
endloop
endfacet
facet normal 0 0 -1
outer loop
vertex 0 0 0
vertex 19999.98 15000.050000000001 0
vertex 19999.98 0 0
endloop
endfacet
facet normal 0 0 1
outer loop
vertex 0 0 3999.9700000000003
vertex 19999.98 0 3999.9700000000003
vertex 19999.98 15000.050000000001 3999.9700000000003
endloop
endfacet
facet normal 0 0 1
outer loop
vertex 0 0 3999.9700000000003
vertex 19999.98 15000.050000000001 3999.9700000000003
vertex 0 15000.050000000001 3999.9700000000003
endloop
endfacet
facet normal 1 0 0
outer loop
vertex 2500.03 12363.26 400.01
vertex 2500.03 12100.140000000001 199.94
vertex 2500.03 12111.32 199.94
endloop
endfacet
facet normal 0.9999999999999999 0 0
outer loop
vertex 2500.03 12363.26 400.01
vertex 2500.03 12111.32 199.94
vertex 2500.03 12144.470000000001 199.94
endloop
endfacet
facet normal 0.9999999999999999 0 0
outer loop
vertex 2500.03 12363.26 400.01
vertex 2500.03 12144.470000000001 199.94
vertex 2500.03 12176.58 199.94
endloop
endfacet
facet normal 1 0 0
outer loop
vertex 2500.03 12363.26 400.01
vertex 2500.03 12176.58 199.94
vertex 2500.03 12207.52 199.94
endloop
endfacet
facet normal 1 0 0
outer loop
vertex 2500.03 12363.26 400.01
vertex 2500.03 12207.52 199.94
vertex 2500.03 12237.29 199.94
endloop
endfacet
facet normal 1 0 0
outer loop
vertex 2500.03 12363.26 400.01
vertex 2500.03 12237.29 199.94
vertex 2500.03 12265.76 199.94
endloop
endfacet
facet normal 1 0 0
outer loop
vertex 2500.03 12363.26 400.01
vertex 2500.03 12265.76 199.94
vertex 2500.03 12292.800000000001 199.94
endloop
endfacet
facet normal 1 0 0
outer loop
vertex 2500.03 12363.26 400.01
vertex 2500.03 12292.800000000001 199.94
vertex 2500.03 12318.41 199.94
endloop
endfacet
facet normal 1 0 0
outer loop
vertex 2500.03 12363.26 400.01
vertex 2500.03 12318.41 199.94
vertex 2500.03 12342.59 199.94
endloop
endfacet
facet normal 1 0 0
outer loop
vertex 2500.03 12363.26 400.01
vertex 2500.03 12342.59 199.94
vertex 2500.03 12365.210000000001 199.94
endloop
endfacet
facet normal 1 0 0
outer loop
vertex 2500.03 12363.26 400.01
vertex 2500.03 12365.210000000001 199.94
vertex 2500.03 12386.27 199.94
endloop
endfacet
facet normal 1 0 0
outer loop
vertex 2500.03 12363.26 400.01
vertex 2500.03 12386.27 199.94
vertex 2500.03 12405.640000000001 199.94
endloop
endfacet
facet normal 1 0 0
outer loop
vertex 2500.03 12363.26 400.01
vertex 2500.03 12405.640000000001 199.94
vertex 2500.03 12423.32 199.94
endloop
endfacet
facet normal 1 0 0
outer loop
vertex 2500.03 12363.26 400.01
vertex 2500.03 12423.32 199.94
vertex 2500.03 12439.18 199.94
endloop
endfacet
facet normal 0.9999999999999999 0 0
outer loop
vertex 2500.03 12363.26 400.01
vertex 2500.03 12439.18 199.94
vertex 2500.03 12453.35 199.94
endloop
endfacet
facet normal 1 0 0
outer loop
vertex 2500.03 12363.26 400.01
vertex 2500.03 12453.35 199.94
vertex 2500.03 12465.57 199.94
endloop
endfacet
facet normal 1 0 0
outer loop
vertex 2500.03 12363.26 400.01
vertex 2500.03 12465.57 199.94
vertex 2500.03 12476.1 199.94
endloop
endfacet
facet normal 1 0 0
outer loop
vertex 2500.03 12363.26 400.01
vertex 2500.03 12476.1 199.94
vertex 2500.03 12484.68 199.94
endloop
endfacet
facet normal 1 0 0
outer loop
vertex 2500.03 12363.26 400.01
vertex 2500.03 12484.68 199.94
vertex 2500.03 12491.44 199.94
endloop
endfacet
facet normal 1 0 0
outer loop
vertex 2500.03 12363.26 400.01
vertex 2500.03 12491.44 199.94
vertex 2500.03 12496.25 199.94
endloop
endfacet
facet normal 1 0 0
outer loop
vertex 2500.03 12363.26 400.01
vertex 2500.03 12496.25 199.94
vertex 2500.03 12499.11 199.94
endloop
endfacet
facet normal 1 0 0
outer loop
vertex 2500.03 12363.26 400.01
vertex 2500.03 12499.11 199.94
vertex 2500.03 12500.02 199.94
endloop
endfacet
facet normal 1 0 0
outer loop
vertex 2500.03 12363.26 400.01
vertex 2500.03 12500.02 199.94
vertex 2500.03 12900.03 199.94
endloop
endfacet
facet normal 1 0 0
outer loop
vertex 2500.03 12363.26 400.01
vertex 2500.03 12900.03 199.94
vertex 2500.03 12900.03 599.95
endloop
endfacet
facet normal 1 0 0
outer loop
vertex 2500.03 12363.26 400.01
vertex 2500.03 12900.03 599.95
vertex 2500.03 12500.02 599.95
endloop
endfacet
facet normal 1 0 0
outer loop
vertex 2500.03 12363.26 400.01
vertex 2500.03 12500.02 599.95
vertex 2500.03 12499.11 599.95
endloop
endfacet
facet normal 1 0 0
outer loop
vertex 2500.03 12363.26 400.01
vertex 2500.03 12499.11 599.95
vertex 2500.03 12496.25 599.95
endloop
endfacet
facet normal 1 0 0
outer loop
vertex 2500.03 12363.26 400.01
vertex 2500.03 12496.25 599.95
vertex 2500.03 12491.44 599.95
endloop
endfacet
facet normal 1 0 0
outer loop
vertex 2500.03 12363.26 400.01
vertex 2500.03 12491.44 599.95
vertex 2500.03 12484.68 599.95
endloop
endfacet
facet normal 1 0 0
outer loop
vertex 2500.03 12363.26 400.01
vertex 2500.03 12484.68 599.95
vertex 2500.03 12476.1 599.95
endloop
endfacet
facet normal 1 0 0
outer loop
vertex 2500.03 12363.26 400.01
vertex 2500.03 12476.1 599.95
vertex 2500.03 12465.57 599.95
endloop
endfacet
facet normal 1 0 0
outer loop
vertex 2500.03 12363.26 400.01
vertex 2500.03 12465.57 599.95
vertex 2500.03 12453.35 599.95
endloop
endfacet
facet normal 1 0 0
outer loop
vertex 2500.03 12363.26 400.01
vertex 2500.03 12453.35 599.95
vertex 2500.03 12439.18 599.95
endloop
endfacet
facet normal 1 0 0
outer loop
vertex 2500.03 12363.26 400.01
vertex 2500.03 12439.18 599.95
vertex 2500.03 12423.32 599.95
endloop
endfacet
facet normal 1 0 0
outer loop
vertex 2500.03 12363.26 400.01
vertex 2500.03 12423.32 599.95
vertex 2500.03 12405.640000000001 599.95
endloop
endfacet
facet normal 1 0 0
outer loop
vertex 2500.03 12363.26 400.01
vertex 2500.03 12405.640000000001 599.95
vertex 2500.03 12386.27 599.95
endloop
endfacet
facet normal 1 0 0
outer loop
vertex 2500.03 12363.26 400.01
vertex 2500.03 12386.27 599.95
vertex 2500.03 12365.210000000001 599.95
endloop
endfacet
facet normal 1 0 0
outer loop
vertex 2500.03 12363.26 400.01
vertex 2500.03 12365.210000000001 599.95
vertex 2500.03 12342.59 599.95
endloop
endfacet
facet normal 1 0 0
outer loop
vertex 2500.03 12363.26 400.01
vertex 2500.03 12342.59 599.95
vertex 2500.03 12318.41 599.95
endloop
endfacet
facet normal 1 0 0
outer loop
vertex 2500.03 12363.26 400.01
vertex 2500.03 12318.41 599.95
vertex 2500.03 12292.800000000001 599.95
endloop
endfacet
facet normal 0.9999999999999999 0 0
outer loop
vertex 2500.03 12363.26 400.01
vertex 2500.03 12292.800000000001 599.95
vertex 2500.03 12265.76 599.95
endloop
endfacet
facet normal 0.9999999999999999 0 0
outer loop
vertex 2500.03 12363.26 400.01
vertex 2500.03 12265.76 599.95
vertex 2500.03 12237.29 599.95
endloop
endfacet
facet normal 1 0 0
outer loop
vertex 2500.03 12363.26 400.01
vertex 2500.03 12237.29 599.95
vertex 2500.03 12207.52 599.95
endloop
endfacet
facet normal 1 0 0
outer loop
vertex 2500.03 12363.26 400.01
vertex 2500.03 12207.52 599.95
vertex 2500.03 12176.58 599.95
endloop
endfacet
facet normal 0.9999999999999999 0 0
outer loop
vertex 2500.03 12363.26 400.01
vertex 2500.03 12176.58 599.95
vertex 2500.03 12144.470000000001 599.95
endloop
endfacet
facet normal 1 0 0
outer loop
vertex 2500.03 12363.26 400.01
vertex 2500.03 12144.470000000001 599.95
vertex 2500.03 12111.32 599.95
endloop
endfacet
facet normal 1 0 0
outer loop
vertex 2500.03 12363.26 400.01
vertex 2500.03 12111.32 599.95
vertex 2500.03 12100.140000000001 599.95
endloop
endfacet
facet normal 1 0 0
outer loop
vertex 2500.03 12363.26 400.01
vertex 2500.03 12100.140000000001 599.95
vertex 2500.03 12100.01 599.95
endloop
endfacet
facet normal 1 0 0
outer loop
vertex 2500.03 12363.26 400.01
vertex 2500.03 12100.01 599.95
vertex 2500.03 12100.01 199.94
endloop
endfacet
facet normal 1 0 0
outer loop
vertex 2500.03 12363.26 400.01
vertex 2500.03 12100.01 199.94
vertex 2500.03 12100.140000000001 199.94
endloop
endfacet
facet normal 0 1 0
outer loop
vertex 6699.9400000000005 12100.01 599.95
vertex 6699.9400000000005 12100.01 199.94
vertex 2500.03 12100.01 199.94
endloop
endfacet
facet normal 0 1 0
outer loop
vertex 6699.9400000000005 12100.01 599.95
vertex 2500.03 12100.01 199.94
vertex 2500.03 12100.01 599.95
endloop
endfacet
facet normal 0 1 0
outer loop
vertex 14499.94 12100.01 599.95
vertex 14499.94 12100.01 199.94
vertex 10400 12100.01 199.94
endloop
endfacet
facet normal 0 1 0
outer loop
vertex 14499.94 12100.01 599.95
vertex 10400 12100.01 199.94
vertex 10400 12100.01 599.95
endloop
endfacet
facet normal 0 -0.9999999999999999 0
outer loop
vertex 9999.99 12900.03 599.95
vertex 9999.99 12900.03 199.94
vertex 14499.94 12900.03 199.94
endloop
endfacet
facet normal 0 -0.9999999999999999 0
outer loop
vertex 9999.99 12900.03 599.95
vertex 14499.94 12900.03 199.94
vertex 14499.94 12900.03 599.95
endloop
endfacet
facet normal 0 -1 0
outer loop
vertex 2500.03 12900.03 599.95
vertex 2500.03 12900.03 199.94
vertex 6699.9400000000005 12900.03 199.94
endloop
endfacet
facet normal 0 -1 0
outer loop
vertex 2500.03 12900.03 599.95
vertex 6699.9400000000005 12900.03 199.94
vertex 6699.9400000000005 12900.03 599.95
endloop
endfacet
facet normal 0 0 1
outer loop
vertex 6699.9400000000005 12500.02 199.94
vertex 6739.33 12500.02 199.94
vertex 6749.08 12899.12 199.94
endloop
endfacet
facet normal 0 0 1
outer loop
vertex 6699.9400000000005 12500.02 199.94
vertex 6749.08 12899.12 199.94
vertex 6709.820000000001 12900.16 199.94
endloop
endfacet
facet normal 0 0 1
outer loop
vertex 2500.03 12900.03 199.94
vertex 2500.03 12500.02 199.94
vertex 6699.9400000000005 12500.02 199.94
endloop
endfacet
facet normal 0 0 1
outer loop
vertex 2500.03 12900.03 199.94
vertex 6699.9400000000005 12500.02 199.94
vertex 6699.9400000000005 12900.03 199.94
endloop
endfacet
facet normal 0 0 1
outer loop
vertex 6739.2 12499.11 199.94
vertex 6778.59 12499.11 199.94
vertex 6807.84 12895.35 199.94
endloop
endfacet
facet normal 0 0 1
outer loop
vertex 6739.2 12499.11 199.94
vertex 6807.84 12895.35 199.94
vertex 6768.71 12898.210000000001 199.94
endloop
endfacet
facet normal 0 0 1
outer loop
vertex 5035.68 12499.630000000001 199.94
vertex 6699.9400000000005 12500.02 199.94
vertex 2500.03 12500.02 199.94
endloop
endfacet
facet normal 0 0 1
outer loop
vertex 5035.68 12499.630000000001 199.94
vertex 2500.03 12500.02 199.94
vertex 2500.03 12499.11 199.94
endloop
endfacet
facet normal 0 0 1
outer loop
vertex 5035.68 12499.630000000001 199.94
vertex 2500.03 12499.11 199.94
vertex 6739.2 12499.11 199.94
endloop
endfacet
facet normal 0 0 1
outer loop
vertex 5035.68 12499.630000000001 199.94
vertex 6739.2 12499.11 199.94
vertex 6739.33 12500.02 199.94
endloop
endfacet
facet normal 0 0 1
outer loop
vertex 5035.68 12499.630000000001 199.94
vertex 6739.33 12500.02 199.94
vertex 6699.9400000000005 12500.02 199.94
endloop
endfacet
facet normal 0 0 0.9999999999999999
outer loop
vertex 6778.46 12496.25 199.94
vertex 6817.9800000000005 12496.25 199.94
vertex 6866.34 12888.59 199.94
endloop
endfacet
facet normal 0 0 1
outer loop
vertex 6778.46 12496.25 199.94
vertex 6866.34 12888.59 199.94
vertex 6827.47 12893.4 199.94
endloop
endfacet
facet normal 0 0 1
outer loop
vertex 5059.21 12497.94 199.94
vertex 6739.2 12499.11 199.94
vertex 2500.03 12499.11 199.94
endloop
endfacet
facet normal 0 0 0.9999999999999999
outer loop
vertex 5059.21 12497.94 199.94
vertex 2500.03 12499.11 199.94
vertex 2500.03 12496.25 199.94
endloop
endfacet
facet normal 0 0 1
outer loop
vertex 5059.21 12497.94 199.94
vertex 2500.03 12496.25 199.94
vertex 6778.46 12496.25 199.94
endloop
endfacet
facet normal 0 0 1
outer loop
vertex 5059.21 12497.94 199.94
vertex 6778.46 12496.25 199.94
vertex 6778.59 12499.11 199.94
endloop
endfacet
facet normal 0 0 1
outer loop
vertex 5059.21 12497.94 199.94
vertex 6778.59 12499.11 199.94
vertex 6739.2 12499.11 199.94
endloop
endfacet
facet normal 0 0 1
outer loop
vertex 6817.46 12491.44 199.94
vertex 6857.24 12491.44 199.94
vertex 6924.45 12878.970000000001 199.94
endloop
endfacet
facet normal 0 0 1
outer loop
vertex 6817.46 12491.44 199.94
vertex 6924.45 12878.970000000001 199.94
vertex 6885.84 12885.73 199.94
endloop
endfacet
facet normal 0 0 1
outer loop
vertex 5082.74 12494.300000000001 199.94
vertex 6778.46 12496.25 199.94
vertex 2500.03 12496.25 199.94
endloop
endfacet
facet normal 0 0 1
outer loop
vertex 5082.74 12494.300000000001 199.94
vertex 2500.03 12496.25 199.94
vertex 2500.03 12491.44 199.94
endloop
endfacet
facet normal 0 0 1
outer loop
vertex 5082.74 12494.300000000001 199.94
vertex 2500.03 12491.44 199.94
vertex 6817.46 12491.44 199.94
endloop
endfacet
facet normal 0 0 1
outer loop
vertex 5082.74 12494.300000000001 199.94
vertex 6817.46 12491.44 199.94
vertex 6817.9800000000005 12496.25 199.94
endloop
endfacet
facet normal 0 0 1
outer loop
vertex 5082.74 12494.300000000001 199.94
vertex 6817.9800000000005 12496.25 199.94
vertex 6778.46 12496.25 199.94
endloop
endfacet
facet normal 0 0 1
outer loop
vertex 6856.070000000001 12484.68 199.94
vertex 6896.37 12484.68 199.94
vertex 6982.04 12866.49 199.94
endloop
endfacet
facet normal 0 0 1
outer loop
vertex 6856.070000000001 12484.68 199.94
vertex 6982.04 12866.49 199.94
vertex 6943.820000000001 12875.2 199.94
endloop
endfacet
facet normal 0 0 1
outer loop
vertex 5106.14 12488.710000000001 199.94
vertex 6817.46 12491.44 199.94
vertex 2500.03 12491.44 199.94
endloop
endfacet
facet normal 0 0 1
outer loop
vertex 5106.14 12488.710000000001 199.94
vertex 2500.03 12491.44 199.94
vertex 2500.03 12484.68 199.94
endloop
endfacet
facet normal 0 0 1
outer loop
vertex 5106.14 12488.710000000001 199.94
vertex 2500.03 12484.68 199.94
vertex 6856.070000000001 12484.68 199.94
endloop
endfacet
facet normal 0 0 1
outer loop
vertex 5106.14 12488.710000000001 199.94
vertex 6856.070000000001 12484.68 199.94
vertex 6857.24 12491.44 199.94
endloop
endfacet
facet normal 0 0 1
outer loop
vertex 5106.14 12488.710000000001 199.94
vertex 6857.24 12491.44 199.94
vertex 6817.46 12491.44 199.94
endloop
endfacet
facet normal 0 0 1
outer loop
vertex 6894.42 12476.1 199.94
vertex 6935.110000000001 12476.1 199.94
vertex 7038.9800000000005 12851.28 199.94
endloop
endfacet
facet normal 0 0 1
outer loop
vertex 6894.42 12476.1 199.94
vertex 7038.9800000000005 12851.28 199.94
vertex 7001.150000000001 12861.810000000001 199.94
endloop
endfacet
facet normal 0 0 0.9999999999999999
outer loop
vertex 5129.41 12481.300000000001 199.94
vertex 6856.070000000001 12484.68 199.94
vertex 2500.03 12484.68 199.94
endloop
endfacet
facet normal 0 0 1
outer loop
vertex 5129.41 12481.300000000001 199.94
vertex 2500.03 12484.68 199.94
vertex 2500.03 12476.1 199.94
endloop
endfacet
facet normal 0 0 1
outer loop
vertex 5129.41 12481.300000000001 199.94
vertex 2500.03 12476.1 199.94
vertex 6894.42 12476.1 199.94
endloop
endfacet
facet normal 0 0 1
outer loop
vertex 5129.41 12481.300000000001 199.94
vertex 6894.42 12476.1 199.94
vertex 6896.37 12484.68 199.94
endloop
endfacet
facet normal 0 0 1
outer loop
vertex 5129.41 12481.300000000001 199.94
vertex 6896.37 12484.68 199.94
vertex 6856.070000000001 12484.68 199.94
endloop
endfacet
facet normal 0 0 0.9999999999999999
outer loop
vertex 6932.25 12465.57 199.94
vertex 6973.59 12465.57 199.94
vertex 7095.01 12833.210000000001 199.94
endloop
endfacet
facet normal 0 0 1
outer loop
vertex 6932.25 12465.57 199.94
vertex 7095.01 12833.210000000001 199.94
vertex 7057.83 12845.560000000001 199.94
endloop
endfacet
facet normal 0 0 1
outer loop
vertex 5152.42 12471.94 199.94
vertex 6894.42 12476.1 199.94
vertex 2500.03 12476.1 199.94
endloop
endfacet
facet normal 0 0 0.9999999999999999
outer loop
vertex 5152.42 12471.94 199.94
vertex 2500.03 12476.1 199.94
vertex 2500.03 12465.57 199.94
endloop
endfacet
facet normal 0 0 1
outer loop
vertex 5152.42 12471.94 199.94
vertex 2500.03 12465.57 199.94
vertex 6932.25 12465.57 199.94
endloop
endfacet
facet normal 0 0 1
outer loop
vertex 5152.42 12471.94 199.94
vertex 6932.25 12465.57 199.94
vertex 6935.110000000001 12476.1 199.94
endloop
endfacet
facet normal 0 0 1
outer loop
vertex 5152.42 12471.94 199.94
vertex 6935.110000000001 12476.1 199.94
vertex 6894.42 12476.1 199.94
endloop
endfacet
facet normal 0 0 1
outer loop
vertex 6969.56 12453.35 199.94
vertex 7011.68 12453.35 199.94
vertex 7150.13 12812.54 199.94
endloop
endfacet
facet normal 0 0 1
outer loop
vertex 6969.56 12453.35 199.94
vertex 7150.13 12812.54 199.94
vertex 7113.6 12826.710000000001 199.94
endloop
endfacet
facet normal 0 0 1
outer loop
vertex 5175.04 12460.630000000001 199.94
vertex 6932.25 12465.57 199.94
vertex 2500.03 12465.57 199.94
endloop
endfacet
facet normal 0 0 1
outer loop
vertex 5175.04 12460.630000000001 199.94
vertex 2500.03 12465.57 199.94
vertex 2500.03 12453.35 199.94
endloop
endfacet
facet normal 0 0 1
outer loop
vertex 5175.04 12460.630000000001 199.94
vertex 2500.03 12453.35 199.94
vertex 6969.56 12453.35 199.94
endloop
endfacet
facet normal 0 0 1
outer loop
vertex 5175.04 12460.630000000001 199.94
vertex 6969.56 12453.35 199.94
vertex 6973.59 12465.57 199.94
endloop
endfacet
facet normal 0 0 0.9999999999999999
outer loop
vertex 5175.04 12460.630000000001 199.94
vertex 6973.59 12465.57 199.94
vertex 6932.25 12465.57 199.94
endloop
endfacet
facet normal 0 0 1
outer loop
vertex 7006.22 12439.18 199.94
vertex 7049.12 12439.18 199.94
vertex 7204.21 12789.140000000001 199.94
endloop
endfacet
facet normal 0 0 1
outer loop
vertex 7006.22 12439.18 199.94
vertex 7204.21 12789.140000000001 199.94
vertex 7168.33 12805 199.94
endloop
endfacet
facet normal 0 0 1
outer loop
vertex 5197.53 12447.630000000001 199.94
vertex 6969.56 12453.35 199.94
vertex 2500.03 12453.35 199.94
endloop
endfacet
facet normal 0 0 1
outer loop
vertex 5197.53 12447.630000000001 199.94
vertex 2500.03 12453.35 199.94
vertex 2500.03 12439.18 199.94
endloop
endfacet
facet normal 0 0 1
outer loop
vertex 5197.53 12447.630000000001 199.94
vertex 2500.03 12439.18 199.94
vertex 7006.22 12439.18 199.94
endloop
endfacet
facet normal 0 0 1
outer loop
vertex 5197.53 12447.630000000001 199.94
vertex 7006.22 12439.18 199.94
vertex 7011.68 12453.35 199.94
endloop
endfacet
facet normal 0 0 1
outer loop
vertex 5197.53 12447.630000000001 199.94
vertex 7011.68 12453.35 199.94
vertex 6969.56 12453.35 199.94
endloop
endfacet
facet normal 0 0 1
outer loop
vertex 7042.1 12423.32 199.94
vertex 7086.04 12423.32 199.94
vertex 7257.12 12763.01 199.94
endloop
endfacet
facet normal 0 0 0.9999999999999999
outer loop
vertex 7042.1 12423.32 199.94
vertex 7257.12 12763.01 199.94
vertex 7222.02 12780.69 199.94
endloop
endfacet
facet normal 0 0 1
outer loop
vertex 5219.5 12432.810000000001 199.94
vertex 7006.22 12439.18 199.94
vertex 2500.03 12439.18 199.94
endloop
endfacet
facet normal 0 0 1
outer loop
vertex 5219.5 12432.810000000001 199.94
vertex 2500.03 12439.18 199.94
vertex 2500.03 12423.32 199.94
endloop
endfacet
facet normal 0 0 1
outer loop
vertex 5219.5 12432.810000000001 199.94
vertex 2500.03 12423.32 199.94
vertex 7042.1 12423.32 199.94
endloop
endfacet
facet normal 0 0 1
outer loop
vertex 5219.5 12432.810000000001 199.94
vertex 7042.1 12423.32 199.94
vertex 7049.12 12439.18 199.94
endloop
endfacet
facet normal 0 0 1
outer loop
vertex 5219.5 12432.810000000001 199.94
vertex 7049.12 12439.18 199.94
vertex 7006.22 12439.18 199.94
endloop
endfacet
facet normal 0 0 0.9999999999999999
outer loop
vertex 7077.2 12405.640000000001 199.94
vertex 7122.31 12405.640000000001 199.94
vertex 7308.6 12734.41 199.94
endloop
endfacet
facet normal 0 0 1
outer loop
vertex 7077.2 12405.640000000001 199.94
vertex 7308.6 12734.41 199.94
vertex 7274.41 12753.78 199.94
endloop
endfacet
facet normal 0 0 1
outer loop
vertex 5241.08 12416.300000000001 199.94
vertex 7042.1 12423.32 199.94
vertex 2500.03 12423.32 199.94
endloop
endfacet
facet normal 0 0 1
outer loop
vertex 5241.08 12416.300000000001 199.94
vertex 2500.03 12423.32 199.94
vertex 2500.03 12405.640000000001 199.94
endloop
endfacet
facet normal 0 0 1
outer loop
vertex 5241.08 12416.300000000001 199.94
vertex 2500.03 12405.640000000001 199.94
vertex 7077.2 12405.640000000001 199.94
endloop
endfacet
facet normal 0 0 1
outer loop
vertex 5241.08 12416.300000000001 199.94
vertex 7077.2 12405.640000000001 199.94
vertex 7086.04 12423.32 199.94
endloop
endfacet
facet normal 0 0 1
outer loop
vertex 5241.08 12416.300000000001 199.94
vertex 7086.04 12423.32 199.94
vertex 7042.1 12423.32 199.94
endloop
endfacet
facet normal 0 0 1
outer loop
vertex 7111.26 12386.27 199.94
vertex 7157.8 12386.27 199.94
vertex 7358.650000000001 12703.34 199.94
endloop
endfacet
facet normal 0 0 1
outer loop
vertex 7111.26 12386.27 199.94
vertex 7358.650000000001 12703.34 199.94
vertex 7325.37 12724.27 199.94
endloop
endfacet
facet normal 0 0 1
outer loop
vertex 5262.14 12397.84 199.94
vertex 7077.2 12405.640000000001 199.94
vertex 2500.03 12405.640000000001 199.94
endloop
endfacet
facet normal 0 0 1
outer loop
vertex 5262.14 12397.84 199.94
vertex 2500.03 12405.640000000001 199.94
vertex 2500.03 12386.27 199.94
endloop
endfacet
facet normal 0 0 1
outer loop
vertex 5262.14 12397.84 199.94
vertex 2500.03 12386.27 199.94
vertex 7111.26 12386.27 199.94
endloop
endfacet
facet normal 0 0 1
outer loop
vertex 5262.14 12397.84 199.94
vertex 7111.26 12386.27 199.94
vertex 7122.31 12405.640000000001 199.94
endloop
endfacet
facet normal 0 0 1
outer loop
vertex 5262.14 12397.84 199.94
vertex 7122.31 12405.640000000001 199.94
vertex 7077.2 12405.640000000001 199.94
endloop
endfacet
facet normal 0 0 1
outer loop
vertex 7144.54 12365.210000000001 199.94
vertex 7192.51 12365.210000000001 199.94
vertex 7407.01 12669.800000000001 199.94
endloop
endfacet
facet normal 0 0 1
outer loop
vertex 7144.54 12365.210000000001 199.94
vertex 7407.01 12669.800000000001 199.94
vertex 7374.900000000001 12692.42 199.94
endloop
endfacet
facet normal 0 0 1
outer loop
vertex 5282.68 12377.82 199.94
vertex 7111.26 12386.27 199.94
vertex 2500.03 12386.27 199.94
endloop
endfacet
facet normal 0 0 0.9999999999999999
outer loop
vertex 5282.68 12377.82 199.94
vertex 2500.03 12386.27 199.94
vertex 2500.03 12365.210000000001 199.94
endloop
endfacet
facet normal 0 0 1
outer loop
vertex 5282.68 12377.82 199.94
vertex 2500.03 12365.210000000001 199.94
vertex 7144.54 12365.210000000001 199.94
endloop
endfacet
facet normal 0 0 1
outer loop
vertex 5282.68 12377.82 199.94
vertex 7144.54 12365.210000000001 199.94
vertex 7157.8 12386.27 199.94
endloop
endfacet
facet normal 0 0 1
outer loop
vertex 5282.68 12377.82 199.94
vertex 7157.8 12386.27 199.94
vertex 7111.26 12386.27 199.94
endloop
endfacet
facet normal 0 0 1
outer loop
vertex 7176.650000000001 12342.59 199.94
vertex 7226.4400000000005 12342.59 199.94
vertex 7453.81 12633.92 199.94
endloop
endfacet
facet normal 0 0 1
outer loop
vertex 7176.650000000001 12342.59 199.94
vertex 7453.81 12633.92 199.94
vertex 7422.740000000001 12658.1 199.94
endloop
endfacet
facet normal 0 0 1
outer loop
vertex 5302.7 12356.11 199.94
vertex 7144.54 12365.210000000001 199.94
vertex 2500.03 12365.210000000001 199.94
endloop
endfacet
facet normal 0 0 1
outer loop
vertex 5302.7 12356.11 199.94
vertex 2500.03 12365.210000000001 199.94
vertex 2500.03 12342.59 199.94
endloop
endfacet
facet normal 0 0 1
outer loop
vertex 5302.7 12356.11 199.94
vertex 2500.03 12342.59 199.94
vertex 7176.650000000001 12342.59 199.94
endloop
endfacet
facet normal 0 0 1
outer loop
vertex 5302.7 12356.11 199.94
vertex 7176.650000000001 12342.59 199.94
vertex 7192.51 12365.210000000001 199.94
endloop
endfacet
facet normal 0 0 0.9999999999999999
outer loop
vertex 5302.7 12356.11 199.94
vertex 7192.51 12365.210000000001 199.94
vertex 7144.54 12365.210000000001 199.94
endloop
endfacet
facet normal 0 0 0.9999999999999999
outer loop
vertex 7207.59 12318.41 199.94
vertex 7259.46 12318.41 199.94
vertex 7498.66 12595.83 199.94
endloop
endfacet
facet normal 0 0 1
outer loop
vertex 7207.59 12318.41 199.94
vertex 7498.66 12595.83 199.94
vertex 7468.89 12621.44 199.94
endloop
endfacet
facet normal 0 0 1
outer loop
vertex 5322.2 12332.970000000001 199.94
vertex 7176.650000000001 12342.59 199.94
vertex 2500.03 12342.59 199.94
endloop
endfacet
facet normal 0 0 1
outer loop
vertex 5322.2 12332.970000000001 199.94
vertex 2500.03 12342.59 199.94
vertex 2500.03 12318.41 199.94
endloop
endfacet
facet normal 0 0 1
outer loop
vertex 5322.2 12332.970000000001 199.94
vertex 2500.03 12318.41 199.94
vertex 7207.59 12318.41 199.94
endloop
endfacet
facet normal 0 0 1
outer loop
vertex 5322.2 12332.970000000001 199.94
vertex 7207.59 12318.41 199.94
vertex 7226.4400000000005 12342.59 199.94
endloop
endfacet
facet normal 0 0 1
outer loop
vertex 5322.2 12332.970000000001 199.94
vertex 7226.4400000000005 12342.59 199.94
vertex 7176.650000000001 12342.59 199.94
endloop
endfacet
facet normal 0 0 1
outer loop
vertex 7237.360000000001 12292.800000000001 199.94
vertex 7291.570000000001 12292.800000000001 199.94
vertex 7541.6900000000005 12555.53 199.94
endloop
endfacet
facet normal 0 0 1
outer loop
vertex 7237.360000000001 12292.800000000001 199.94
vertex 7541.6900000000005 12555.53 199.94
vertex 7513.22 12582.7 199.94
endloop
endfacet
facet normal 0 0 1
outer loop
vertex 5340.92 12308.140000000001 199.94
vertex 7207.59 12318.41 199.94
vertex 2500.03 12318.41 199.94
endloop
endfacet
facet normal 0 0 1
outer loop
vertex 5340.92 12308.140000000001 199.94
vertex 2500.03 12318.41 199.94
vertex 2500.03 12292.800000000001 199.94
endloop
endfacet
facet normal 0 0 1
outer loop
vertex 5340.92 12308.140000000001 199.94
vertex 2500.03 12292.800000000001 199.94
vertex 7237.360000000001 12292.800000000001 199.94
endloop
endfacet
facet normal 0 0 1
outer loop
vertex 5340.92 12308.140000000001 199.94
vertex 7237.360000000001 12292.800000000001 199.94
vertex 7259.46 12318.41 199.94
endloop
endfacet
facet normal 0 0 1
outer loop
vertex 5340.92 12308.140000000001 199.94
vertex 7259.46 12318.41 199.94
vertex 7207.59 12318.41 199.94
endloop
endfacet
facet normal 0 0 0.9999999999999999
outer loop
vertex 7265.7 12265.76 199.94
vertex 7322.64 12265.76 199.94
vertex 7582.64 12513.28 199.94
endloop
endfacet
facet normal 0 0 1
outer loop
vertex 7265.7 12265.76 199.94
vertex 7582.64 12513.28 199.94
vertex 7555.6 12541.62 199.94
endloop
endfacet
facet normal 0 0 1
outer loop
vertex 5358.99 12282.01 199.94
vertex 7237.360000000001 12292.800000000001 199.94
vertex 2500.03 12292.800000000001 199.94
endloop
endfacet
facet normal 0 0 1
outer loop
vertex 5358.99 12282.01 199.94
vertex 2500.03 12292.800000000001 199.94
vertex 2500.03 12265.76 199.94
endloop
endfacet
facet normal 0 0 1
outer loop
vertex 5358.99 12282.01 199.94
vertex 2500.03 12265.76 199.94
vertex 7265.7 12265.76 199.94
endloop
endfacet
facet normal 0 0 0.9999999999999999
outer loop
vertex 5358.99 12282.01 199.94
vertex 7265.7 12265.76 199.94
vertex 7291.570000000001 12292.800000000001 199.94
endloop
endfacet
facet normal 0 0 1
outer loop
vertex 5358.99 12282.01 199.94
vertex 7291.570000000001 12292.800000000001 199.94
vertex 7237.360000000001 12292.800000000001 199.94
endloop
endfacet
facet normal 0 0 1
outer loop
vertex 7292.87 12237.29 199.94
vertex 7352.93 12237.29 199.94
vertex 7621.51 12468.95 199.94
endloop
endfacet
facet normal 0 0 1
outer loop
vertex 7292.87 12237.29 199.94
vertex 7621.51 12468.95 199.94
vertex 7595.77 12498.720000000001 199.94
endloop
endfacet
facet normal 0 0 1
outer loop
vertex 5376.28 12254.32 199.94
vertex 7265.7 12265.76 199.94
vertex 2500.03 12265.76 199.94
endloop
endfacet
facet normal 0 0 1
outer loop
vertex 5376.28 12254.32 199.94
vertex 2500.03 12265.76 199.94
vertex 2500.03 12237.29 199.94
endloop
endfacet
facet normal 0 0 1
outer loop
vertex 5376.28 12254.32 199.94
vertex 2500.03 12237.29 199.94
vertex 7292.87 12237.29 199.94
endloop
endfacet
facet normal 0 0 1
outer loop
vertex 5376.28 12254.32 199.94
vertex 7292.87 12237.29 199.94
vertex 7322.64 12265.76 199.94
endloop
endfacet
facet normal 0 0 1
outer loop
vertex 5376.28 12254.32 199.94
vertex 7322.64 12265.76 199.94
vertex 7265.7 12265.76 199.94
endloop
endfacet
facet normal 0 0 1
outer loop
vertex 7318.4800000000005 12207.52 199.94
vertex 7382.31 12207.52 199.94
vertex 7658.04 12422.800000000001 199.94
endloop
endfacet
facet normal 0 0 1
outer loop
vertex 7318.4800000000005 12207.52 199.94
vertex 7658.04 12422.800000000001 199.94
vertex 7633.990000000001 12453.74 199.94
endloop
endfacet
facet normal 0 0 1
outer loop
vertex 5392.92 12225.33 199.94
vertex 7292.87 12237.29 199.94
vertex 2500.03 12237.29 199.94
endloop
endfacet
facet normal 0 0 1
outer loop
vertex 5392.92 12225.33 199.94
vertex 2500.03 12237.29 199.94
vertex 2500.03 12207.52 199.94
endloop
endfacet
facet normal 0 0 1
outer loop
vertex 5392.92 12225.33 199.94
vertex 2500.03 12207.52 199.94
vertex 7318.4800000000005 12207.52 199.94
endloop
endfacet
facet normal 0 0 1
outer loop
vertex 5392.92 12225.33 199.94
vertex 7318.4800000000005 12207.52 199.94
vertex 7352.93 12237.29 199.94
endloop
endfacet
facet normal 0 0 1
outer loop
vertex 5392.92 12225.33 199.94
vertex 7352.93 12237.29 199.94
vertex 7292.87 12237.29 199.94
endloop
endfacet
facet normal 0 0 0.9999999999999999
outer loop
vertex 7342.66 12176.58 199.94
vertex 7410.780000000001 12176.58 199.94
vertex 7692.360000000001 12374.960000000001 199.94
endloop
endfacet
facet normal 0 0 1
outer loop
vertex 7342.66 12176.58 199.94
vertex 7692.360000000001 12374.960000000001 199.94
vertex 7669.740000000001 12407.07 199.94
endloop
endfacet
facet normal 0 0 1
outer loop
vertex 5408.650000000001 12195.17 199.94
vertex 7318.4800000000005 12207.52 199.94
vertex 2500.03 12207.52 199.94
endloop
endfacet
facet normal 0 0 1
outer loop
vertex 5408.650000000001 12195.17 199.94
vertex 2500.03 12207.52 199.94
vertex 2500.03 12176.58 199.94
endloop
endfacet
facet normal 0 0 1
outer loop
vertex 5408.650000000001 12195.17 199.94
vertex 2500.03 12176.58 199.94
vertex 7342.66 12176.58 199.94
endloop
endfacet
facet normal 0 0 1
outer loop
vertex 5408.650000000001 12195.17 199.94
vertex 7342.66 12176.58 199.94
vertex 7382.31 12207.52 199.94
endloop
endfacet
facet normal 0 0 1
outer loop
vertex 5408.650000000001 12195.17 199.94
vertex 7382.31 12207.52 199.94
vertex 7318.4800000000005 12207.52 199.94
endloop
endfacet
facet normal 0 0 1
outer loop
vertex 7365.280000000001 12144.470000000001 199.94
vertex 7438.6 12144.470000000001 199.94
vertex 7724.34 12325.43 199.94
endloop
endfacet
facet normal 0 0 1
outer loop
vertex 7365.280000000001 12144.470000000001 199.94
vertex 7724.34 12325.43 199.94
vertex 7703.280000000001 12358.58 199.94
endloop
endfacet
facet normal 0 0 1
outer loop
vertex 5423.7300000000005 12163.710000000001 199.94
vertex 7342.66 12176.58 199.94
vertex 2500.03 12176.58 199.94
endloop
endfacet
facet normal 0 0 1
outer loop
vertex 5423.7300000000005 12163.710000000001 199.94
vertex 2500.03 12176.58 199.94
vertex 2500.03 12144.470000000001 199.94
endloop
endfacet
facet normal 0 0 1
outer loop
vertex 5423.7300000000005 12163.710000000001 199.94
vertex 2500.03 12144.470000000001 199.94
vertex 7365.280000000001 12144.470000000001 199.94
endloop
endfacet
facet normal 0 0 1
outer loop
vertex 5423.7300000000005 12163.710000000001 199.94
vertex 7365.280000000001 12144.470000000001 199.94
vertex 7410.780000000001 12176.58 199.94
endloop
endfacet
facet normal 0 0 1
outer loop
vertex 5423.7300000000005 12163.710000000001 199.94
vertex 7410.780000000001 12176.58 199.94
vertex 7342.66 12176.58 199.94
endloop
endfacet
facet normal 0 0 1
outer loop
vertex 7386.21 12111.32 199.94
vertex 7465.900000000001 12111.32 199.94
vertex 7753.72 12274.34 199.94
endloop
endfacet
facet normal 0 0 0.9999999999999999
outer loop
vertex 7386.21 12111.32 199.94
vertex 7753.72 12274.34 199.94
vertex 7734.4800000000005 12308.53 199.94
endloop
endfacet
facet normal 0 0 1
outer loop
vertex 5438.03 12131.210000000001 199.94
vertex 7365.280000000001 12144.470000000001 199.94
vertex 2500.03 12144.470000000001 199.94
endloop
endfacet
facet normal 0 0 0.9999999999999999
outer loop
vertex 5438.03 12131.210000000001 199.94
vertex 2500.03 12144.470000000001 199.94
vertex 2500.03 12111.32 199.94
endloop
endfacet
facet normal 0 0 1
outer loop
vertex 5438.03 12131.210000000001 199.94
vertex 2500.03 12111.32 199.94
vertex 7386.21 12111.32 199.94
endloop
endfacet
facet normal 0 0 1
outer loop
vertex 5438.03 12131.210000000001 199.94
vertex 7386.21 12111.32 199.94
vertex 7438.6 12144.470000000001 199.94
endloop
endfacet
facet normal 0 0 1
outer loop
vertex 5438.03 12131.210000000001 199.94
vertex 7438.6 12144.470000000001 199.94
vertex 7365.280000000001 12144.470000000001 199.94
endloop
endfacet
facet normal 0 0 0.9999999999999999
outer loop
vertex 5666.4400000000005 12105.73 199.94
vertex 7386.21 12111.32 199.94
vertex 2500.03 12111.32 199.94
endloop
endfacet
facet normal 0 0 1
outer loop
vertex 5666.4400000000005 12105.73 199.94
vertex 2500.03 12111.32 199.94
vertex 2500.03 12100.140000000001 199.94
endloop
endfacet
facet normal 0 0 1
outer loop
vertex 5666.4400000000005 12105.73 199.94
vertex 2500.03 12100.140000000001 199.94
vertex 6699.9400000000005 12100.140000000001 199.94
endloop
endfacet
facet normal 0 0 1
outer loop
vertex 5666.4400000000005 12105.73 199.94
vertex 6699.9400000000005 12100.140000000001 199.94
vertex 7446.14 12100.140000000001 199.94
endloop
endfacet
facet normal 0 0 1
outer loop
vertex 5666.4400000000005 12105.73 199.94
vertex 7446.14 12100.140000000001 199.94
vertex 7465.900000000001 12111.32 199.94
endloop
endfacet
facet normal 0 0 1
outer loop
vertex 5666.4400000000005 12105.73 199.94
vertex 7465.900000000001 12111.32 199.94
vertex 7386.21 12111.32 199.94
endloop
endfacet
facet normal 0 0 1
outer loop
vertex 10225.15 12665.25 199.94
vertex 9999.99 12900.03 199.94
vertex 9960.73 12898.08 199.94
endloop
endfacet
facet normal 0 0 1
outer loop
vertex 10225.15 12665.25 199.94
vertex 9960.73 12898.08 199.94
vertex 9921.99 12892.36 199.94
endloop
endfacet
facet normal 0 0 1
outer loop
vertex 10225.15 12665.25 199.94
vertex 9921.99 12892.36 199.94
vertex 9883.9 12882.74 199.94
endloop
endfacet
facet normal 0 0 1
outer loop
vertex 10225.15 12665.25 199.94
vertex 9883.9 12882.74 199.94
vertex 9846.98 12869.61 199.94
endloop
endfacet
facet normal 0 0 1
outer loop
vertex 10225.15 12665.25 199.94
vertex 9846.98 12869.61 199.94
vertex 9811.49 12852.710000000001 199.94
endloop
endfacet
facet normal 0 0 1
outer loop
vertex 10225.15 12665.25 199.94
vertex 9811.49 12852.710000000001 199.94
vertex 9777.82 12832.560000000001 199.94
endloop
endfacet
facet normal 0 0 0.9999999999999999
outer loop
vertex 10225.15 12665.25 199.94
vertex 9777.82 12832.560000000001 199.94
vertex 9746.23 12809.16 199.94
endloop
endfacet
facet normal 0 0 1
outer loop
vertex 10225.15 12665.25 199.94
vertex 9746.23 12809.16 199.94
vertex 9717.11 12782.9 199.94
endloop
endfacet
facet normal 0 0 1
outer loop
vertex 10225.15 12665.25 199.94
vertex 9717.11 12782.9 199.94
vertex 9690.85 12753.78 199.94
endloop
endfacet
facet normal 0 0 1
outer loop
vertex 10225.15 12665.25 199.94
vertex 9690.85 12753.78 199.94
vertex 9667.45 12722.19 199.94
endloop
endfacet
facet normal 0 0 1
outer loop
vertex 10225.15 12665.25 199.94
vertex 9667.45 12722.19 199.94
vertex 9647.17 12688.52 199.94
endloop
endfacet
facet normal 0 0 1
outer loop
vertex 10225.15 12665.25 199.94
vertex 9647.17 12688.52 199.94
vertex 9630.4 12653.03 199.94
endloop
endfacet
facet normal 0 0 1
outer loop
vertex 10225.15 12665.25 199.94
vertex 9630.4 12653.03 199.94
vertex 9617.27 12616.11 199.94
endloop
endfacet
facet normal 0 0 0.9999999999999999
outer loop
vertex 10225.15 12665.25 199.94
vertex 9617.27 12616.11 199.94
vertex 9607.65 12578.02 199.94
endloop
endfacet
facet normal 0 0 1
outer loop
vertex 10225.15 12665.25 199.94
vertex 9607.65 12578.02 199.94
vertex 9601.93 12539.15 199.94
endloop
endfacet
facet normal 0 0 1
outer loop
vertex 10225.15 12665.25 199.94
vertex 9601.93 12539.15 199.94
vertex 9599.98 12500.02 199.94
endloop
endfacet
facet normal 0 0 0.9999999999999999
outer loop
vertex 10225.15 12665.25 199.94
vertex 9599.98 12500.02 199.94
vertex 9599.98 12100.01 199.94
endloop
endfacet
facet normal 0 0 1
outer loop
vertex 10225.15 12665.25 199.94
vertex 9599.98 12100.01 199.94
vertex 10400 12100.01 199.94
endloop
endfacet
facet normal 0 0 1
outer loop
vertex 10225.15 12665.25 199.94
vertex 10400 12100.01 199.94
vertex 14499.94 12100.01 199.94
endloop
endfacet
facet normal 0 0 1
outer loop
vertex 10225.15 12665.25 199.94
vertex 14499.94 12100.01 199.94
vertex 14499.94 12900.03 199.94
endloop
endfacet
facet normal 0 0 1
outer loop
vertex 10225.15 12665.25 199.94
vertex 14499.94 12900.03 199.94
vertex 9999.99 12900.03 199.94
endloop
endfacet
facet normal 0 0 1
outer loop
vertex 2500.03 12100.140000000001 199.94
vertex 2500.03 12100.01 199.94
vertex 6699.9400000000005 12100.01 199.94
endloop
endfacet
facet normal 0 0 1
outer loop
vertex 2500.03 12100.140000000001 199.94
vertex 6699.9400000000005 12100.01 199.94
vertex 6699.9400000000005 12100.140000000001 199.94
endloop
endfacet
facet normal 0 0 1
outer loop
vertex 6699.9400000000005 12100.140000000001 199.94
vertex 6719.570000000001 12099.62 199.94
vertex 7445.360000000001 12099.62 199.94
endloop
endfacet
facet normal 0 0 1
outer loop
vertex 6699.9400000000005 12100.140000000001 199.94
vertex 7445.360000000001 12099.62 199.94
vertex 7446.14 12100.140000000001 199.94
endloop
endfacet
facet normal 0 0 1
outer loop
vertex 6719.570000000001 12099.62 199.94
vertex 6739.2 12098.19 199.94
vertex 7442.76 12098.19 199.94
endloop
endfacet
facet normal 0 0 1
outer loop
vertex 6719.570000000001 12099.62 199.94
vertex 7442.76 12098.19 199.94
vertex 7445.360000000001 12099.62 199.94
endloop
endfacet
facet normal 0 0 1
outer loop
vertex 6739.2 12098.19 199.94
vertex 6758.7 12095.85 199.94
vertex 7438.47 12095.85 199.94
endloop
endfacet
facet normal 0 0 1
outer loop
vertex 6739.2 12098.19 199.94
vertex 7438.47 12095.85 199.94
vertex 7442.76 12098.19 199.94
endloop
endfacet
facet normal 0 0 1
outer loop
vertex 6758.7 12095.85 199.94
vertex 6778.070000000001 12092.470000000001 199.94
vertex 7432.62 12092.470000000001 199.94
endloop
endfacet
facet normal 0 0 0.9999999999999999
outer loop
vertex 6758.7 12095.85 199.94
vertex 7432.62 12092.470000000001 199.94
vertex 7438.47 12095.85 199.94
endloop
endfacet
facet normal 0 0 1
outer loop
vertex 6778.070000000001 12092.470000000001 199.94
vertex 6797.18 12088.18 199.94
vertex 7424.95 12088.18 199.94
endloop
endfacet
facet normal 0 0 1
outer loop
vertex 6778.070000000001 12092.470000000001 199.94
vertex 7424.95 12088.18 199.94
vertex 7432.62 12092.470000000001 199.94
endloop
endfacet
facet normal 0 0 1
outer loop
vertex 6797.18 12088.18 199.94
vertex 6816.16 12082.85 199.94
vertex 7415.72 12082.85 199.94
endloop
endfacet
facet normal 0 0 0.9999999999999999
outer loop
vertex 6797.18 12088.18 199.94
vertex 7415.72 12082.85 199.94
vertex 7424.95 12088.18 199.94
endloop
endfacet
facet normal 0 0 1
outer loop
vertex 7405.58 12077.130000000001 199.94
vertex 7492.9400000000005 12077.130000000001 199.94
vertex 7780.76 12221.95 199.94
endloop
endfacet
facet normal 0 0 0.9999999999999999
outer loop
vertex 7405.58 12077.130000000001 199.94
vertex 7780.76 12221.95 199.94
vertex 7763.08 12257.050000000001 199.94
endloop
endfacet
facet normal 0 0 1
outer loop
vertex 6816.16 12082.85 199.94
vertex 6833.45 12077.130000000001 199.94
vertex 7405.58 12077.130000000001 199.94
endloop
endfacet
facet normal 0 0 0.9999999999999999
outer loop
vertex 6816.16 12082.85 199.94
vertex 7405.58 12077.130000000001 199.94
vertex 7415.72 12082.85 199.94
endloop
endfacet
facet normal 0 0 1
outer loop
vertex 7211.75 12077 199.94
vertex 7405.58 12077.130000000001 199.94
vertex 6833.45 12077.130000000001 199.94
endloop
endfacet
facet normal 0 0 1
outer loop
vertex 7211.75 12077 199.94
vertex 6833.45 12077.130000000001 199.94
vertex 6834.75 12076.74 199.94
endloop
endfacet
facet normal 0 0 0.9999999999999999
outer loop
vertex 7211.75 12077 199.94
vertex 6834.75 12076.74 199.94
vertex 7492.16 12076.74 199.94
endloop
endfacet
facet normal 0 0 1
outer loop
vertex 7211.75 12077 199.94
vertex 7492.16 12076.74 199.94
vertex 7492.9400000000005 12077.130000000001 199.94
endloop
endfacet
facet normal 0 0 1
outer loop
vertex 7211.75 12077 199.94
vertex 7492.9400000000005 12077.130000000001 199.94
vertex 7405.58 12077.130000000001 199.94
endloop
endfacet
facet normal 0 0 1
outer loop
vertex 6834.75 12076.74 199.94
vertex 6853.08 12069.720000000001 199.94
vertex 7478.12 12069.720000000001 199.94
endloop
endfacet
facet normal 0 0 1
outer loop
vertex 6834.75 12076.74 199.94
vertex 7478.12 12069.720000000001 199.94
vertex 7492.16 12076.74 199.94
endloop
endfacet
facet normal 0 0 1
outer loop
vertex 6853.08 12069.720000000001 199.94
vertex 6871.02 12061.66 199.94
vertex 7462.26 12061.66 199.94
endloop
endfacet
facet normal 0 0 1
outer loop
vertex 6853.08 12069.720000000001 199.94
vertex 7462.26 12061.66 199.94
vertex 7478.12 12069.720000000001 199.94
endloop
endfacet
facet normal 0 0 1
outer loop
vertex 6871.02 12061.66 199.94
vertex 6888.570000000001 12052.82 199.94
vertex 7444.71 12052.82 199.94
endloop
endfacet
facet normal 0 0 1
outer loop
vertex 6871.02 12061.66 199.94
vertex 7444.71 12052.82 199.94
vertex 7462.26 12061.66 199.94
endloop
endfacet
facet normal 0 0 1
outer loop
vertex 6888.570000000001 12052.82 199.94
vertex 6905.7300000000005 12043.2 199.94
vertex 7425.47 12043.2 199.94
endloop
endfacet
facet normal 0 0 1
outer loop
vertex 6888.570000000001 12052.82 199.94
vertex 7425.47 12043.2 199.94
vertex 7444.71 12052.82 199.94
endloop
endfacet
facet normal 0 0 1
outer loop
vertex 7423.26 12042.03 199.94
vertex 7520.110000000001 12042.03 199.94
vertex 7805.070000000001 12168.390000000001 199.94
endloop
endfacet
facet normal 0 0 1
outer loop
vertex 7423.26 12042.03 199.94
vertex 7805.070000000001 12168.390000000001 199.94
vertex 7789.08 12204.27 199.94
endloop
endfacet
facet normal 0 0 1
outer loop
vertex 6905.7300000000005 12043.2 199.94
vertex 6907.42 12042.03 199.94
vertex 7423.26 12042.03 199.94
endloop
endfacet
facet normal 0 0 1
outer loop
vertex 6905.7300000000005 12043.2 199.94
vertex 7423.26 12042.03 199.94
vertex 7425.47 12043.2 199.94
endloop
endfacet
facet normal 0 0 1
outer loop
vertex 7254.39 12038.26 199.94
vertex 7423.26 12042.03 199.94
vertex 6907.42 12042.03 199.94
endloop
endfacet
facet normal 0 0 0.9999999999999999
outer loop
vertex 7254.39 12038.26 199.94
vertex 6907.42 12042.03 199.94
vertex 6922.24 12032.67 199.94
endloop
endfacet
facet normal 0 0 1
outer loop
vertex 7254.39 12038.26 199.94
vertex 6922.24 12032.67 199.94
vertex 7498.92 12032.67 199.94
endloop
endfacet
facet normal 0 0 0.9999999999999999
outer loop
vertex 7254.39 12038.26 199.94
vertex 7498.92 12032.67 199.94
vertex 7520.110000000001 12042.03 199.94
endloop
endfacet
facet normal 0 0 1
outer loop
vertex 7254.39 12038.26 199.94
vertex 7520.110000000001 12042.03 199.94
vertex 7423.26 12042.03 199.94
endloop
endfacet
facet normal 0 0 1
outer loop
vertex 6922.24 12032.67 199.94
vertex 6938.360000000001 12021.36 199.94
vertex 7473.4400000000005 12021.36 199.94
endloop
endfacet
facet normal 0 0 1
outer loop
vertex 6922.24 12032.67 199.94
vertex 7473.4400000000005 12021.36 199.94
vertex 7498.92 12032.67 199.94
endloop
endfacet
facet normal 0 0 0.9999999999999999
outer loop
vertex 6938.360000000001 12021.36 199.94
vertex 6953.83 12009.27 199.94
vertex 7446.27 12009.27 199.94
endloop
endfacet
facet normal 0 0 1
outer loop
vertex 6938.360000000001 12021.36 199.94
vertex 7446.27 12009.27 199.94
vertex 7473.4400000000005 12021.36 199.94
endloop
endfacet
facet normal 0 0 1
outer loop
vertex 7439.12 12006.15 199.94
vertex 7548.320000000001 12006.15 199.94
vertex 7826.650000000001 12113.53 199.94
endloop
endfacet
facet normal 0 0 1
outer loop
vertex 7439.12 12006.15 199.94
vertex 7826.650000000001 12113.53 199.94
vertex 7812.4800000000005 12150.19 199.94
endloop
endfacet
facet normal 0 0 1
outer loop
vertex 6953.83 12009.27 199.94
vertex 6957.47 12006.15 199.94
vertex 7439.12 12006.15 199.94
endloop
endfacet
facet normal 0 0 1
outer loop
vertex 6953.83 12009.27 199.94
vertex 7439.12 12006.15 199.94
vertex 7446.27 12009.27 199.94
endloop
endfacet
facet normal 0 0 1
outer loop
vertex 7287.280000000001 12002.25 199.94
vertex 7439.12 12006.15 199.94
vertex 6957.47 12006.15 199.94
endloop
endfacet
facet normal 0 0 1
outer loop
vertex 7287.280000000001 12002.25 199.94
vertex 6957.47 12006.15 199.94
vertex 6968.650000000001 11996.53 199.94
endloop
endfacet
facet normal 0 0 1
outer loop
vertex 7287.280000000001 12002.25 199.94
vertex 6968.650000000001 11996.53 199.94
vertex 7523.1 11996.53 199.94
endloop
endfacet
facet normal 0 0 0.9999999999999999
outer loop
vertex 7287.280000000001 12002.25 199.94
vertex 7523.1 11996.53 199.94
vertex 7548.320000000001 12006.15 199.94
endloop
endfacet
facet normal 0 0 1
outer loop
vertex 7287.280000000001 12002.25 199.94
vertex 7548.320000000001 12006.15 199.94
vertex 7439.12 12006.15 199.94
endloop
endfacet
facet normal 0 0 1
outer loop
vertex 6968.650000000001 11996.53 199.94
vertex 6982.95 11982.880000000001 199.94
vertex 7488 11982.880000000001 199.94
endloop
endfacet
facet normal 0 0 1
outer loop
vertex 6968.650000000001 11996.53 199.94
vertex 7488 11982.880000000001 199.94
vertex 7523.1 11996.53 199.94
endloop
endfacet
facet normal 0 0 0.9999999999999999
outer loop
vertex 7453.29 11969.49 199.94
vertex 7578.4800000000005 11969.49 199.94
vertex 7845.63 12057.76 199.94
endloop
endfacet
facet normal 0 0 1
outer loop
vertex 7453.29 11969.49 199.94
vertex 7845.63 12057.76 199.94
vertex 7833.280000000001 12095.07 199.94
endloop
endfacet
facet normal 0 0 0.9999999999999999
outer loop
vertex 6982.95 11982.880000000001 199.94
vertex 6995.6900000000005 11969.49 199.94
vertex 7453.29 11969.49 199.94
endloop
endfacet
facet normal 0 0 1
outer loop
vertex 6982.95 11982.880000000001 199.94
vertex 7453.29 11969.49 199.94
vertex 7488 11982.880000000001 199.94
endloop
endfacet
facet normal 0 0 1
outer loop
vertex 7320.04 11969.23 199.94
vertex 7453.29 11969.49 199.94
vertex 6995.6900000000005 11969.49 199.94
endloop
endfacet
facet normal 0 0 1
outer loop
vertex 7320.04 11969.23 199.94
vertex 6995.6900000000005 11969.49 199.94
vertex 6996.47 11968.710000000001 199.94
endloop
endfacet
facet normal 0 0 1
outer loop
vertex 7320.04 11969.23 199.94
vertex 6996.47 11968.710000000001 199.94
vertex 7576.01 11968.710000000001 199.94
endloop
endfacet
facet normal 0 0 0.9999999999999999
outer loop
vertex 7320.04 11969.23 199.94
vertex 7576.01 11968.710000000001 199.94
vertex 7578.4800000000005 11969.49 199.94
endloop
endfacet
facet normal 0 0 1
outer loop
vertex 7320.04 11969.23 199.94
vertex 7578.4800000000005 11969.49 199.94
vertex 7453.29 11969.49 199.94
endloop
endfacet
facet normal 0 0 0.9999999999999999
outer loop
vertex 6996.47 11968.710000000001 199.94
vertex 7009.34 11953.890000000001 199.94
vertex 7530.900000000001 11953.890000000001 199.94
endloop
endfacet
facet normal 0 0 1
outer loop
vertex 6996.47 11968.710000000001 199.94
vertex 7530.900000000001 11953.890000000001 199.94
vertex 7576.01 11968.710000000001 199.94
endloop
endfacet
facet normal 0 0 1
outer loop
vertex 7009.34 11953.890000000001 199.94
vertex 7021.43 11938.29 199.94
vertex 7484.1 11938.29 199.94
endloop
endfacet
facet normal 0 0 0.9999999999999999
outer loop
vertex 7009.34 11953.890000000001 199.94
vertex 7484.1 11938.29 199.94
vertex 7530.900000000001 11953.890000000001 199.94
endloop
endfacet
facet normal 0 0 1
outer loop
vertex 7465.64 11932.310000000001 199.94
vertex 7612.93 11932.310000000001 199.94
vertex 7861.75 12001.08 199.94
endloop
endfacet
facet normal 0 0 1
outer loop
vertex 7465.64 11932.310000000001 199.94
vertex 7861.75 12001.08 199.94
vertex 7851.35 12039.04 199.94
endloop
endfacet
facet normal 0 0 1
outer loop
vertex 7021.43 11938.29 199.94
vertex 7025.72 11932.310000000001 199.94
vertex 7465.64 11932.310000000001 199.94
endloop
endfacet
facet normal 0 0 1
outer loop
vertex 7021.43 11938.29 199.94
vertex 7465.64 11932.310000000001 199.94
vertex 7484.1 11938.29 199.94
endloop
endfacet
facet normal 0 0 1
outer loop
vertex 7342.79 11928.28 199.94
vertex 7465.64 11932.310000000001 199.94
vertex 7025.72 11932.310000000001 199.94
endloop
endfacet
facet normal 0 0 0.9999999999999999
outer loop
vertex 7342.79 11928.28 199.94
vertex 7025.72 11932.310000000001 199.94
vertex 7032.740000000001 11922.300000000001 199.94
endloop
endfacet
facet normal 0 0 1
outer loop
vertex 7342.79 11928.28 199.94
vertex 7032.740000000001 11922.300000000001 199.94
vertex 7576.92 11922.300000000001 199.94
endloop
endfacet
facet normal 0 0 1
outer loop
vertex 7342.79 11928.28 199.94
vertex 7576.92 11922.300000000001 199.94
vertex 7612.93 11932.310000000001 199.94
endloop
endfacet
facet normal 0 0 1
outer loop
vertex 7342.79 11928.28 199.94
vertex 7612.93 11932.310000000001 199.94
vertex 7465.64 11932.310000000001 199.94
endloop
endfacet
facet normal 0 0 1
outer loop
vertex 7032.740000000001 11922.300000000001 199.94
vertex 7043.14 11905.66 199.94
vertex 7516.990000000001 11905.66 199.94
endloop
endfacet
facet normal 0 0 1
outer loop
vertex 7032.740000000001 11922.300000000001 199.94
vertex 7516.990000000001 11905.66 199.94
vertex 7576.92 11922.300000000001 199.94
endloop
endfacet
facet normal 0 0 1
outer loop
vertex 7476.04 11894.35 199.94
vertex 7655.31 11894.35 199.94
vertex 7875.14 11943.75 199.94
endloop
endfacet
facet normal 0 0 1
outer loop
vertex 7476.04 11894.35 199.94
vertex 7875.14 11943.75 199.94
vertex 7866.56 11982.1 199.94
endloop
endfacet
facet normal 0 0 1
outer loop
vertex 7043.14 11905.66 199.94
vertex 7049.64 11894.35 199.94
vertex 7476.04 11894.35 199.94
endloop
endfacet
facet normal 0 0 1
outer loop
vertex 7043.14 11905.66 199.94
vertex 7476.04 11894.35 199.94
vertex 7516.990000000001 11905.66 199.94
endloop
endfacet
facet normal 0 0 1
outer loop
vertex 7372.6900000000005 11892.01 199.94
vertex 7476.04 11894.35 199.94
vertex 7049.64 11894.35 199.94
endloop
endfacet
facet normal 0 0 1
outer loop
vertex 7372.6900000000005 11892.01 199.94
vertex 7049.64 11894.35 199.94
vertex 7052.89 11888.630000000001 199.94
endloop
endfacet
facet normal 0 0 1
outer loop
vertex 7372.6900000000005 11892.01 199.94
vertex 7052.89 11888.630000000001 199.94
vertex 7629.570000000001 11888.630000000001 199.94
endloop
endfacet
facet normal 0 0 1
outer loop
vertex 7372.6900000000005 11892.01 199.94
vertex 7629.570000000001 11888.630000000001 199.94
vertex 7655.31 11894.35 199.94
endloop
endfacet
facet normal 0 0 1
outer loop
vertex 7372.6900000000005 11892.01 199.94
vertex 7655.31 11894.35 199.94
vertex 7476.04 11894.35 199.94
endloop
endfacet
facet normal 0 0 1
outer loop
vertex 7052.89 11888.630000000001 199.94
vertex 7061.7300000000005 11871.08 199.94
vertex 7551.4400000000005 11871.08 199.94
endloop
endfacet
facet normal 0 0 1
outer loop
vertex 7052.89 11888.630000000001 199.94
vertex 7551.4400000000005 11871.08 199.94
vertex 7629.570000000001 11888.630000000001 199.94
endloop
endfacet
facet normal 0 0 1
outer loop
vertex 7484.75 11856.130000000001 199.94
vertex 7714.46 11856.130000000001 199.94
vertex 7885.67 11885.77 199.94
endloop
endfacet
facet normal 0 0 1
outer loop
vertex 7484.75 11856.130000000001 199.94
vertex 7885.67 11885.77 199.94
vertex 7879.04 11924.51 199.94
endloop
endfacet
facet normal 0 0 1
outer loop
vertex 7061.7300000000005 11871.08 199.94
vertex 7068.360000000001 11856.130000000001 199.94
vertex 7484.75 11856.130000000001 199.94
endloop
endfacet
facet normal 0 0 1
outer loop
vertex 7061.7300000000005 11871.08 199.94
vertex 7484.75 11856.130000000001 199.94
vertex 7551.4400000000005 11871.08 199.94
endloop
endfacet
facet normal 0 0 1
outer loop
vertex 7406.88 11854.960000000001 199.94
vertex 7484.75 11856.130000000001 199.94
vertex 7068.360000000001 11856.130000000001 199.94
endloop
endfacet
facet normal 0 0 0.9999999999999999
outer loop
vertex 7406.88 11854.960000000001 199.94
vertex 7068.360000000001 11856.130000000001 199.94
vertex 7069.66 11853.140000000001 199.94
endloop
endfacet
facet normal 0 0 1
outer loop
vertex 7406.88 11854.960000000001 199.94
vertex 7069.66 11853.140000000001 199.94
vertex 7697.3 11853.140000000001 199.94
endloop
endfacet
facet normal 0 0 1
outer loop
vertex 7406.88 11854.960000000001 199.94
vertex 7697.3 11853.140000000001 199.94
vertex 7714.46 11856.130000000001 199.94
endloop
endfacet
facet normal 0 0 1
outer loop
vertex 7406.88 11854.960000000001 199.94
vertex 7714.46 11856.130000000001 199.94
vertex 7484.75 11856.130000000001 199.94
endloop
endfacet
facet normal 0 0 1
outer loop
vertex 7069.66 11853.140000000001 199.94
vertex 7076.68 11834.810000000001 199.94
vertex 7591.740000000001 11834.810000000001 199.94
endloop
endfacet
facet normal 0 0 1
outer loop
vertex 7069.66 11853.140000000001 199.94
vertex 7591.740000000001 11834.810000000001 199.94
vertex 7697.3 11853.140000000001 199.94
endloop
endfacet
facet normal 0 0 1
outer loop
vertex 7491.38 11817.390000000001 199.94
vertex 7812.22 11817.390000000001 199.94
vertex 7893.34 11827.4 199.94
endloop
endfacet
facet normal 0 0 1
outer loop
vertex 7491.38 11817.390000000001 199.94
vertex 7893.34 11827.4 199.94
vertex 7888.530000000001 11866.4 199.94
endloop
endfacet
facet normal 0 0 1
outer loop
vertex 7076.68 11834.810000000001 199.94
vertex 7082.530000000001 11817.390000000001 199.94
vertex 7491.38 11817.390000000001 199.94
endloop
endfacet
facet normal 0 0 1
outer loop
vertex 7076.68 11834.810000000001 199.94
vertex 7491.38 11817.390000000001 199.94
vertex 7591.740000000001 11834.810000000001 199.94
endloop
endfacet
facet normal 0 0 1
outer loop
vertex 7454.2 11816.87 199.94
vertex 7491.38 11817.390000000001 199.94
vertex 7082.530000000001 11817.390000000001 199.94
endloop
endfacet
facet normal 0 0 1
outer loop
vertex 7454.2 11816.87 199.94
vertex 7082.530000000001 11817.390000000001 199.94
vertex 7082.92 11816.09 199.94
endloop
endfacet
facet normal 0 0 0.9999999999999999
outer loop
vertex 7454.2 11816.87 199.94
vertex 7082.92 11816.09 199.94
vertex 7802.08 11816.09 199.94
endloop
endfacet
facet normal 0 0 1
outer loop
vertex 7454.2 11816.87 199.94
vertex 7802.08 11816.09 199.94
vertex 7812.22 11817.390000000001 199.94
endloop
endfacet
facet normal 0 0 1
outer loop
vertex 7454.2 11816.87 199.94
vertex 7812.22 11817.390000000001 199.94
vertex 7491.38 11817.390000000001 199.94
endloop
endfacet
facet normal 0 0 1
outer loop
vertex 7082.92 11816.09 199.94
vertex 7088.12 11797.24 199.94
vertex 7648.68 11797.24 199.94
endloop
endfacet
facet normal 0 0 1
outer loop
vertex 7082.92 11816.09 199.94
vertex 7648.68 11797.24 199.94
vertex 7802.08 11816.09 199.94
endloop
endfacet
facet normal 0 0 1
outer loop
vertex 7496.1900000000005 11778.390000000001 199.94
vertex 7897.5 11778.390000000001 199.94
vertex 7895.29 11807.9 199.94
endloop
endfacet
facet normal 0 0 1
outer loop
vertex 7088.12 11797.24 199.94
vertex 7092.41 11778.390000000001 199.94
vertex 7496.1900000000005 11778.390000000001 199.94
endloop
endfacet
facet normal 0 0 0.9999999999999999
outer loop
vertex 7088.12 11797.24 199.94
vertex 7496.1900000000005 11778.390000000001 199.94
vertex 7648.68 11797.24 199.94
endloop
endfacet
facet normal 0 0 1
outer loop
vertex 7495.150000000001 11778.26 199.94
vertex 7496.1900000000005 11778.390000000001 199.94
vertex 7092.41 11778.390000000001 199.94
endloop
endfacet
facet normal 0 0 1
outer loop
vertex 7495.150000000001 11778.26 199.94
vertex 7092.41 11778.390000000001 199.94
vertex 7092.41 11778 199.94
endloop
endfacet
facet normal 0 0 0.9999999999999999
outer loop
vertex 7495.150000000001 11778.26 199.94
vertex 7092.41 11778 199.94
vertex 7897.5 11778 199.94
endloop
endfacet
facet normal 0 0 0.9999999999999999
outer loop
vertex 7495.150000000001 11778.26 199.94
vertex 7897.5 11778 199.94
vertex 7897.5 11778.390000000001 199.94
endloop
endfacet
facet normal 0 0 1
outer loop
vertex 7495.150000000001 11778.26 199.94
vertex 7897.5 11778.390000000001 199.94
vertex 7496.1900000000005 11778.390000000001 199.94
endloop
endfacet
facet normal 0 0 1
outer loop
vertex 7549.360000000001 11768.380000000001 199.94
vertex 7092.41 11778 199.94
vertex 7095.79 11758.76 199.94
endloop
endfacet
facet normal 0 0 1
outer loop
vertex 7549.360000000001 11768.380000000001 199.94
vertex 7095.79 11758.76 199.94
vertex 7762.820000000001 11758.76 199.94
endloop
endfacet
facet normal 0 0 1
outer loop
vertex 7549.360000000001 11768.380000000001 199.94
vertex 7762.820000000001 11758.76 199.94
vertex 7898.150000000001 11768.640000000001 199.94
endloop
endfacet
facet normal 0 0 1
outer loop
vertex 7549.360000000001 11768.380000000001 199.94
vertex 7898.150000000001 11768.640000000001 199.94
vertex 7897.5 11778 199.94
endloop
endfacet
facet normal 0 0 1
outer loop
vertex 7549.360000000001 11768.380000000001 199.94
vertex 7897.5 11778 199.94
vertex 7092.41 11778 199.94
endloop
endfacet
facet normal 0 0 1
outer loop
vertex 7499.18 11739.26 199.94
vertex 7899.45 11739.26 199.94
vertex 7899.1900000000005 11749.140000000001 199.94
endloop
endfacet
facet normal 0 0 1
outer loop
vertex 7095.79 11758.76 199.94
vertex 7098.13 11739.26 199.94
vertex 7499.18 11739.26 199.94
endloop
endfacet
facet normal 0 0 1
outer loop
vertex 7095.79 11758.76 199.94
vertex 7499.18 11739.26 199.94
vertex 7762.820000000001 11758.76 199.94
endloop
endfacet
facet normal 0 0 1
outer loop
vertex 7499.31 11731.460000000001 199.94
vertex 7499.18 11739.26 199.94
vertex 7098.13 11739.26 199.94
endloop
endfacet
facet normal 0 0 1
outer loop
vertex 7499.31 11731.460000000001 199.94
vertex 7098.13 11739.26 199.94
vertex 7099.6900000000005 11719.630000000001 199.94
endloop
endfacet
facet normal 0 0 1
outer loop
vertex 7499.31 11731.460000000001 199.94
vertex 7099.6900000000005 11719.630000000001 199.94
vertex 7899.84 11719.630000000001 199.94
endloop
endfacet
facet normal 0 0 1
outer loop
vertex 7499.31 11731.460000000001 199.94
vertex 7899.84 11719.630000000001 199.94
vertex 7899.45 11739.26 199.94
endloop
endfacet
facet normal 0 0 1
outer loop
vertex 7499.31 11731.460000000001 199.94
vertex 7899.45 11739.26 199.94
vertex 7499.18 11739.26 199.94
endloop
endfacet
facet normal 0 0 1
outer loop
vertex 7499.96 11709.880000000001 199.94
vertex 7099.6900000000005 11719.630000000001 199.94
vertex 7100.08 11700 199.94
endloop
endfacet
facet normal 0 0 1
outer loop
vertex 7499.96 11709.880000000001 199.94
vertex 7100.08 11700 199.94
vertex 7500.09 11700 199.94
endloop
endfacet
facet normal 0 0 1
outer loop
vertex 7499.96 11709.880000000001 199.94
vertex 7500.09 11700 199.94
vertex 7900.1 11709.880000000001 199.94
endloop
endfacet
facet normal 0 0 1
outer loop
vertex 7499.96 11709.880000000001 199.94
vertex 7900.1 11709.880000000001 199.94
vertex 7899.84 11719.630000000001 199.94
endloop
endfacet
facet normal 0 0 1
outer loop
vertex 7499.96 11709.880000000001 199.94
vertex 7899.84 11719.630000000001 199.94
vertex 7099.6900000000005 11719.630000000001 199.94
endloop
endfacet
facet normal 0 0 1
outer loop
vertex 9599.98 12100.01 199.94
vertex 9599.98 7499.96 199.94
vertex 10400 7499.96 199.94
endloop
endfacet
facet normal 0 0 1
outer loop
vertex 9599.98 12100.01 199.94
vertex 10400 7499.96 199.94
vertex 10400 12100.01 199.94
endloop
endfacet
facet normal 0 0 1
outer loop
vertex 7433.400000000001 10300.03 199.94
vertex 7500.09 11700 199.94
vertex 7100.08 11700 199.94
endloop
endfacet
facet normal 0 0 1
outer loop
vertex 7433.400000000001 10300.03 199.94
vertex 7100.08 11700 199.94
vertex 7099.95 11700 199.94
endloop
endfacet
facet normal 0 0 1
outer loop
vertex 7433.400000000001 10300.03 199.94
vertex 7099.95 11700 199.94
vertex 7099.95 7499.96 199.94
endloop
endfacet
facet normal 0 0 1
outer loop
vertex 7433.400000000001 10300.03 199.94
vertex 7099.95 7499.96 199.94
vertex 7899.97 7499.96 199.94
endloop
endfacet
facet normal 0 0 1
outer loop
vertex 7433.400000000001 10300.03 199.94
vertex 7899.97 7499.96 199.94
vertex 7899.97 11700 199.94
endloop
endfacet
facet normal 0 0 1
outer loop
vertex 7433.400000000001 10300.03 199.94
vertex 7899.97 11700 199.94
vertex 7500.09 11700 199.94
endloop
endfacet
facet normal 0 0 -1
outer loop
vertex 6699.9400000000005 12900.03 599.95
vertex 6699.9400000000005 12500.02 599.95
vertex 2500.03 12500.02 599.95
endloop
endfacet
facet normal 0 0 -1
outer loop
vertex 6699.9400000000005 12900.03 599.95
vertex 2500.03 12500.02 599.95
vertex 2500.03 12900.03 599.95
endloop
endfacet
facet normal 0 0 -1
outer loop
vertex 6749.08 12899.12 599.95
vertex 6739.33 12500.02 599.95
vertex 6699.9400000000005 12500.02 599.95
endloop
endfacet
facet normal 0 0 -0.9999999999999999
outer loop
vertex 6749.08 12899.12 599.95
vertex 6699.9400000000005 12500.02 599.95
vertex 6709.820000000001 12900.16 599.95
endloop
endfacet
facet normal 0 0 -1
outer loop
vertex 5035.68 12499.630000000001 599.95
vertex 6699.9400000000005 12500.02 599.95
vertex 6739.33 12500.02 599.95
endloop
endfacet
facet normal 0 0 -1
outer loop
vertex 5035.68 12499.630000000001 599.95
vertex 6739.33 12500.02 599.95
vertex 6739.2 12499.11 599.95
endloop
endfacet
facet normal 0 0 -1
outer loop
vertex 5035.68 12499.630000000001 599.95
vertex 6739.2 12499.11 599.95
vertex 2500.03 12499.11 599.95
endloop
endfacet
facet normal 0 0 -1
outer loop
vertex 5035.68 12499.630000000001 599.95
vertex 2500.03 12499.11 599.95
vertex 2500.03 12500.02 599.95
endloop
endfacet
facet normal 0 0 -1
outer loop
vertex 5035.68 12499.630000000001 599.95
vertex 2500.03 12500.02 599.95
vertex 6699.9400000000005 12500.02 599.95
endloop
endfacet
facet normal 0 0 -1
outer loop
vertex 6807.84 12895.35 599.95
vertex 6778.59 12499.11 599.95
vertex 6739.2 12499.11 599.95
endloop
endfacet
facet normal 0 0 -1
outer loop
vertex 6807.84 12895.35 599.95
vertex 6739.2 12499.11 599.95
vertex 6768.71 12898.210000000001 599.95
endloop
endfacet
facet normal 0 0 -1
outer loop
vertex 5059.21 12497.94 599.95
vertex 6739.2 12499.11 599.95
vertex 6778.59 12499.11 599.95
endloop
endfacet
facet normal 0 0 -1
outer loop
vertex 5059.21 12497.94 599.95
vertex 6778.59 12499.11 599.95
vertex 6778.46 12496.25 599.95
endloop
endfacet
facet normal 0 0 -1
outer loop
vertex 5059.21 12497.94 599.95
vertex 6778.46 12496.25 599.95
vertex 2500.03 12496.25 599.95
endloop
endfacet
facet normal 0 0 -0.9999999999999999
outer loop
vertex 5059.21 12497.94 599.95
vertex 2500.03 12496.25 599.95
vertex 2500.03 12499.11 599.95
endloop
endfacet
facet normal 0 0 -1
outer loop
vertex 5059.21 12497.94 599.95
vertex 2500.03 12499.11 599.95
vertex 6739.2 12499.11 599.95
endloop
endfacet
facet normal 0 0 -1
outer loop
vertex 6866.34 12888.59 599.95
vertex 6817.9800000000005 12496.25 599.95
vertex 6778.46 12496.25 599.95
endloop
endfacet
facet normal 0 0 -1
outer loop
vertex 6866.34 12888.59 599.95
vertex 6778.46 12496.25 599.95
vertex 6827.47 12893.4 599.95
endloop
endfacet
facet normal 0 0 -1
outer loop
vertex 5082.74 12494.300000000001 599.95
vertex 6778.46 12496.25 599.95
vertex 6817.9800000000005 12496.25 599.95
endloop
endfacet
facet normal 0 0 -1
outer loop
vertex 5082.74 12494.300000000001 599.95
vertex 6817.9800000000005 12496.25 599.95
vertex 6817.46 12491.44 599.95
endloop
endfacet
facet normal 0 0 -1
outer loop
vertex 5082.74 12494.300000000001 599.95
vertex 6817.46 12491.44 599.95
vertex 2500.03 12491.44 599.95
endloop
endfacet
facet normal 0 0 -1
outer loop
vertex 5082.74 12494.300000000001 599.95
vertex 2500.03 12491.44 599.95
vertex 2500.03 12496.25 599.95
endloop
endfacet
facet normal 0 0 -1
outer loop
vertex 5082.74 12494.300000000001 599.95
vertex 2500.03 12496.25 599.95
vertex 6778.46 12496.25 599.95
endloop
endfacet
facet normal 0 0 -1
outer loop
vertex 6924.45 12878.970000000001 599.95
vertex 6857.24 12491.44 599.95
vertex 6817.46 12491.44 599.95
endloop
endfacet
facet normal 0 0 -0.9999999999999999
outer loop
vertex 6924.45 12878.970000000001 599.95
vertex 6817.46 12491.44 599.95
vertex 6885.84 12885.73 599.95
endloop
endfacet
facet normal 0 0 -1
outer loop
vertex 5106.14 12488.710000000001 599.95
vertex 6817.46 12491.44 599.95
vertex 6857.24 12491.44 599.95
endloop
endfacet
facet normal 0 0 -1
outer loop
vertex 5106.14 12488.710000000001 599.95
vertex 6857.24 12491.44 599.95
vertex 6856.070000000001 12484.68 599.95
endloop
endfacet
facet normal 0 0 -1
outer loop
vertex 5106.14 12488.710000000001 599.95
vertex 6856.070000000001 12484.68 599.95
vertex 2500.03 12484.68 599.95
endloop
endfacet
facet normal 0 0 -1
outer loop
vertex 5106.14 12488.710000000001 599.95
vertex 2500.03 12484.68 599.95
vertex 2500.03 12491.44 599.95
endloop
endfacet
facet normal 0 0 -1
outer loop
vertex 5106.14 12488.710000000001 599.95
vertex 2500.03 12491.44 599.95
vertex 6817.46 12491.44 599.95
endloop
endfacet
facet normal 0 0 -1
outer loop
vertex 6982.04 12866.49 599.95
vertex 6896.37 12484.68 599.95
vertex 6856.070000000001 12484.68 599.95
endloop
endfacet
facet normal 0 0 -1
outer loop
vertex 6982.04 12866.49 599.95
vertex 6856.070000000001 12484.68 599.95
vertex 6943.820000000001 12875.2 599.95
endloop
endfacet
facet normal 0 0 -1
outer loop
vertex 5129.41 12481.300000000001 599.95
vertex 6856.070000000001 12484.68 599.95
vertex 6896.37 12484.68 599.95
endloop
endfacet
facet normal 0 0 -1
outer loop
vertex 5129.41 12481.300000000001 599.95
vertex 6896.37 12484.68 599.95
vertex 6894.42 12476.1 599.95
endloop
endfacet
facet normal 0 0 -1
outer loop
vertex 5129.41 12481.300000000001 599.95
vertex 6894.42 12476.1 599.95
vertex 2500.03 12476.1 599.95
endloop
endfacet
facet normal 0 0 -1
outer loop
vertex 5129.41 12481.300000000001 599.95
vertex 2500.03 12476.1 599.95
vertex 2500.03 12484.68 599.95
endloop
endfacet
facet normal 0 0 -0.9999999999999999
outer loop
vertex 5129.41 12481.300000000001 599.95
vertex 2500.03 12484.68 599.95
vertex 6856.070000000001 12484.68 599.95
endloop
endfacet
facet normal 0 0 -1
outer loop
vertex 7038.9800000000005 12851.28 599.95
vertex 6935.110000000001 12476.1 599.95
vertex 6894.42 12476.1 599.95
endloop
endfacet
facet normal 0 0 -1
outer loop
vertex 7038.9800000000005 12851.28 599.95
vertex 6894.42 12476.1 599.95
vertex 7001.150000000001 12861.810000000001 599.95
endloop
endfacet
facet normal 0 0 -1
outer loop
vertex 5152.42 12471.94 599.95
vertex 6894.42 12476.1 599.95
vertex 6935.110000000001 12476.1 599.95
endloop
endfacet
facet normal 0 0 -1
outer loop
vertex 5152.42 12471.94 599.95
vertex 6935.110000000001 12476.1 599.95
vertex 6932.25 12465.57 599.95
endloop
endfacet
facet normal 0 0 -1
outer loop
vertex 5152.42 12471.94 599.95
vertex 6932.25 12465.57 599.95
vertex 2500.03 12465.57 599.95
endloop
endfacet
facet normal 0 0 -0.9999999999999999
outer loop
vertex 5152.42 12471.94 599.95
vertex 2500.03 12465.57 599.95
vertex 2500.03 12476.1 599.95
endloop
endfacet
facet normal 0 0 -1
outer loop
vertex 5152.42 12471.94 599.95
vertex 2500.03 12476.1 599.95
vertex 6894.42 12476.1 599.95
endloop
endfacet
facet normal 0 0 -1
outer loop
vertex 7095.01 12833.210000000001 599.95
vertex 6973.59 12465.57 599.95
vertex 6932.25 12465.57 599.95
endloop
endfacet
facet normal 0 0 -1
outer loop
vertex 7095.01 12833.210000000001 599.95
vertex 6932.25 12465.57 599.95
vertex 7057.83 12845.560000000001 599.95
endloop
endfacet
facet normal 0 0 -0.9999999999999999
outer loop
vertex 5175.04 12460.630000000001 599.95
vertex 6932.25 12465.57 599.95
vertex 6973.59 12465.57 599.95
endloop
endfacet
facet normal 0 0 -1
outer loop
vertex 5175.04 12460.630000000001 599.95
vertex 6973.59 12465.57 599.95
vertex 6969.56 12453.35 599.95
endloop
endfacet
facet normal 0 0 -1
outer loop
vertex 5175.04 12460.630000000001 599.95
vertex 6969.56 12453.35 599.95
vertex 2500.03 12453.35 599.95
endloop
endfacet
facet normal 0 0 -1
outer loop
vertex 5175.04 12460.630000000001 599.95
vertex 2500.03 12453.35 599.95
vertex 2500.03 12465.57 599.95
endloop
endfacet
facet normal 0 0 -1
outer loop
vertex 5175.04 12460.630000000001 599.95
vertex 2500.03 12465.57 599.95
vertex 6932.25 12465.57 599.95
endloop
endfacet
facet normal 0 0 -1
outer loop
vertex 7150.13 12812.54 599.95
vertex 7011.68 12453.35 599.95
vertex 6969.56 12453.35 599.95
endloop
endfacet
facet normal 0 0 -1
outer loop
vertex 7150.13 12812.54 599.95
vertex 6969.56 12453.35 599.95
vertex 7113.6 12826.710000000001 599.95
endloop
endfacet
facet normal 0 0 -1
outer loop
vertex 5197.53 12447.630000000001 599.95
vertex 6969.56 12453.35 599.95
vertex 7011.68 12453.35 599.95
endloop
endfacet
facet normal 0 0 -1
outer loop
vertex 5197.53 12447.630000000001 599.95
vertex 7011.68 12453.35 599.95
vertex 7006.22 12439.18 599.95
endloop
endfacet
facet normal 0 0 -1
outer loop
vertex 5197.53 12447.630000000001 599.95
vertex 7006.22 12439.18 599.95
vertex 2500.03 12439.18 599.95
endloop
endfacet
facet normal 0 0 -1
outer loop
vertex 5197.53 12447.630000000001 599.95
vertex 2500.03 12439.18 599.95
vertex 2500.03 12453.35 599.95
endloop
endfacet
facet normal 0 0 -1
outer loop
vertex 5197.53 12447.630000000001 599.95
vertex 2500.03 12453.35 599.95
vertex 6969.56 12453.35 599.95
endloop
endfacet
facet normal 0 0 -1
outer loop
vertex 7204.21 12789.140000000001 599.95
vertex 7049.12 12439.18 599.95
vertex 7006.22 12439.18 599.95
endloop
endfacet
facet normal 0 0 -1
outer loop
vertex 7204.21 12789.140000000001 599.95
vertex 7006.22 12439.18 599.95
vertex 7168.33 12805 599.95
endloop
endfacet
facet normal 0 0 -1
outer loop
vertex 5219.5 12432.810000000001 599.95
vertex 7006.22 12439.18 599.95
vertex 7049.12 12439.18 599.95
endloop
endfacet
facet normal 0 0 -1
outer loop
vertex 5219.5 12432.810000000001 599.95
vertex 7049.12 12439.18 599.95
vertex 7042.1 12423.32 599.95
endloop
endfacet
facet normal 0 0 -1
outer loop
vertex 5219.5 12432.810000000001 599.95
vertex 7042.1 12423.32 599.95
vertex 2500.03 12423.32 599.95
endloop
endfacet
facet normal 0 0 -1
outer loop
vertex 5219.5 12432.810000000001 599.95
vertex 2500.03 12423.32 599.95
vertex 2500.03 12439.18 599.95
endloop
endfacet
facet normal 0 0 -1
outer loop
vertex 5219.5 12432.810000000001 599.95
vertex 2500.03 12439.18 599.95
vertex 7006.22 12439.18 599.95
endloop
endfacet
facet normal 0 0 -1
outer loop
vertex 7257.12 12763.01 599.95
vertex 7086.04 12423.32 599.95
vertex 7042.1 12423.32 599.95
endloop
endfacet
facet normal 0 0 -1
outer loop
vertex 7257.12 12763.01 599.95
vertex 7042.1 12423.32 599.95
vertex 7222.02 12780.69 599.95
endloop
endfacet
facet normal 0 0 -1
outer loop
vertex 5241.08 12416.300000000001 599.95
vertex 7042.1 12423.32 599.95
vertex 7086.04 12423.32 599.95
endloop
endfacet
facet normal 0 0 -1
outer loop
vertex 5241.08 12416.300000000001 599.95
vertex 7086.04 12423.32 599.95
vertex 7077.2 12405.640000000001 599.95
endloop
endfacet
facet normal 0 0 -1
outer loop
vertex 5241.08 12416.300000000001 599.95
vertex 7077.2 12405.640000000001 599.95
vertex 2500.03 12405.640000000001 599.95
endloop
endfacet
facet normal 0 0 -1
outer loop
vertex 5241.08 12416.300000000001 599.95
vertex 2500.03 12405.640000000001 599.95
vertex 2500.03 12423.32 599.95
endloop
endfacet
facet normal 0 0 -1
outer loop
vertex 5241.08 12416.300000000001 599.95
vertex 2500.03 12423.32 599.95
vertex 7042.1 12423.32 599.95
endloop
endfacet
facet normal 0 0 -0.9999999999999999
outer loop
vertex 7308.6 12734.41 599.95
vertex 7122.31 12405.640000000001 599.95
vertex 7077.2 12405.640000000001 599.95
endloop
endfacet
facet normal 0 0 -1
outer loop
vertex 7308.6 12734.41 599.95
vertex 7077.2 12405.640000000001 599.95
vertex 7274.41 12753.78 599.95
endloop
endfacet
facet normal 0 0 -1
outer loop
vertex 5262.14 12397.84 599.95
vertex 7077.2 12405.640000000001 599.95
vertex 7122.31 12405.640000000001 599.95
endloop
endfacet
facet normal 0 0 -1
outer loop
vertex 5262.14 12397.84 599.95
vertex 7122.31 12405.640000000001 599.95
vertex 7111.26 12386.27 599.95
endloop
endfacet
facet normal 0 0 -1
outer loop
vertex 5262.14 12397.84 599.95
vertex 7111.26 12386.27 599.95
vertex 2500.03 12386.27 599.95
endloop
endfacet
facet normal 0 0 -1
outer loop
vertex 5262.14 12397.84 599.95
vertex 2500.03 12386.27 599.95
vertex 2500.03 12405.640000000001 599.95
endloop
endfacet
facet normal 0 0 -1
outer loop
vertex 5262.14 12397.84 599.95
vertex 2500.03 12405.640000000001 599.95
vertex 7077.2 12405.640000000001 599.95
endloop
endfacet
facet normal 0 0 -0.9999999999999999
outer loop
vertex 7358.650000000001 12703.34 599.95
vertex 7157.8 12386.27 599.95
vertex 7111.26 12386.27 599.95
endloop
endfacet
facet normal 0 0 -1
outer loop
vertex 7358.650000000001 12703.34 599.95
vertex 7111.26 12386.27 599.95
vertex 7325.37 12724.27 599.95
endloop
endfacet
facet normal 0 0 -1
outer loop
vertex 5282.68 12377.82 599.95
vertex 7111.26 12386.27 599.95
vertex 7157.8 12386.27 599.95
endloop
endfacet
facet normal 0 0 -1
outer loop
vertex 5282.68 12377.82 599.95
vertex 7157.8 12386.27 599.95
vertex 7144.54 12365.210000000001 599.95
endloop
endfacet
facet normal 0 0 -1
outer loop
vertex 5282.68 12377.82 599.95
vertex 7144.54 12365.210000000001 599.95
vertex 2500.03 12365.210000000001 599.95
endloop
endfacet
facet normal 0 0 -0.9999999999999999
outer loop
vertex 5282.68 12377.82 599.95
vertex 2500.03 12365.210000000001 599.95
vertex 2500.03 12386.27 599.95
endloop
endfacet
facet normal 0 0 -1
outer loop
vertex 5282.68 12377.82 599.95
vertex 2500.03 12386.27 599.95
vertex 7111.26 12386.27 599.95
endloop
endfacet
facet normal 0 0 -0.9999999999999999
outer loop
vertex 7407.01 12669.800000000001 599.95
vertex 7192.51 12365.210000000001 599.95
vertex 7144.54 12365.210000000001 599.95
endloop
endfacet
facet normal 0 0 -0.9999999999999999
outer loop
vertex 7407.01 12669.800000000001 599.95
vertex 7144.54 12365.210000000001 599.95
vertex 7374.900000000001 12692.42 599.95
endloop
endfacet
facet normal 0 0 -0.9999999999999999
outer loop
vertex 5302.7 12356.11 599.95
vertex 7144.54 12365.210000000001 599.95
vertex 7192.51 12365.210000000001 599.95
endloop
endfacet
facet normal 0 0 -1
outer loop
vertex 5302.7 12356.11 599.95
vertex 7192.51 12365.210000000001 599.95
vertex 7176.650000000001 12342.59 599.95
endloop
endfacet
facet normal 0 0 -1
outer loop
vertex 5302.7 12356.11 599.95
vertex 7176.650000000001 12342.59 599.95
vertex 2500.03 12342.59 599.95
endloop
endfacet
facet normal 0 0 -1
outer loop
vertex 5302.7 12356.11 599.95
vertex 2500.03 12342.59 599.95
vertex 2500.03 12365.210000000001 599.95
endloop
endfacet
facet normal 0 0 -1
outer loop
vertex 5302.7 12356.11 599.95
vertex 2500.03 12365.210000000001 599.95
vertex 7144.54 12365.210000000001 599.95
endloop
endfacet
facet normal 0 0 -1
outer loop
vertex 7453.81 12633.92 599.95
vertex 7226.4400000000005 12342.59 599.95
vertex 7176.650000000001 12342.59 599.95
endloop
endfacet
facet normal 0 0 -1
outer loop
vertex 7453.81 12633.92 599.95
vertex 7176.650000000001 12342.59 599.95
vertex 7422.740000000001 12658.1 599.95
endloop
endfacet
facet normal 0 0 -1
outer loop
vertex 5322.2 12332.970000000001 599.95
vertex 7176.650000000001 12342.59 599.95
vertex 7226.4400000000005 12342.59 599.95
endloop
endfacet
facet normal 0 0 -1
outer loop
vertex 5322.2 12332.970000000001 599.95
vertex 7226.4400000000005 12342.59 599.95
vertex 7207.59 12318.41 599.95
endloop
endfacet
facet normal 0 0 -1
outer loop
vertex 5322.2 12332.970000000001 599.95
vertex 7207.59 12318.41 599.95
vertex 2500.03 12318.41 599.95
endloop
endfacet
facet normal 0 0 -1
outer loop
vertex 5322.2 12332.970000000001 599.95
vertex 2500.03 12318.41 599.95
vertex 2500.03 12342.59 599.95
endloop
endfacet
facet normal 0 0 -1
outer loop
vertex 5322.2 12332.970000000001 599.95
vertex 2500.03 12342.59 599.95
vertex 7176.650000000001 12342.59 599.95
endloop
endfacet
facet normal 0 0 -1
outer loop
vertex 7498.66 12595.83 599.95
vertex 7259.46 12318.41 599.95
vertex 7207.59 12318.41 599.95
endloop
endfacet
facet normal 0 0 -1
outer loop
vertex 7498.66 12595.83 599.95
vertex 7207.59 12318.41 599.95
vertex 7468.89 12621.44 599.95
endloop
endfacet
facet normal 0 0 -1
outer loop
vertex 5340.92 12308.140000000001 599.95
vertex 7207.59 12318.41 599.95
vertex 7259.46 12318.41 599.95
endloop
endfacet
facet normal 0 0 -1
outer loop
vertex 5340.92 12308.140000000001 599.95
vertex 7259.46 12318.41 599.95
vertex 7237.360000000001 12292.800000000001 599.95
endloop
endfacet
facet normal 0 0 -1
outer loop
vertex 5340.92 12308.140000000001 599.95
vertex 7237.360000000001 12292.800000000001 599.95
vertex 2500.03 12292.800000000001 599.95
endloop
endfacet
facet normal 0 0 -1
outer loop
vertex 5340.92 12308.140000000001 599.95
vertex 2500.03 12292.800000000001 599.95
vertex 2500.03 12318.41 599.95
endloop
endfacet
facet normal 0 0 -1
outer loop
vertex 5340.92 12308.140000000001 599.95
vertex 2500.03 12318.41 599.95
vertex 7207.59 12318.41 599.95
endloop
endfacet
facet normal 0 0 -0.9999999999999999
outer loop
vertex 7541.6900000000005 12555.53 599.95
vertex 7291.570000000001 12292.800000000001 599.95
vertex 7237.360000000001 12292.800000000001 599.95
endloop
endfacet
facet normal 0 0 -1
outer loop
vertex 7541.6900000000005 12555.53 599.95
vertex 7237.360000000001 12292.800000000001 599.95
vertex 7513.22 12582.7 599.95
endloop
endfacet
facet normal 0 0 -1
outer loop
vertex 5358.99 12282.01 599.95
vertex 7237.360000000001 12292.800000000001 599.95
vertex 7291.570000000001 12292.800000000001 599.95
endloop
endfacet
facet normal 0 0 -0.9999999999999999
outer loop
vertex 5358.99 12282.01 599.95
vertex 7291.570000000001 12292.800000000001 599.95
vertex 7265.7 12265.76 599.95
endloop
endfacet
facet normal 0 0 -1
outer loop
vertex 5358.99 12282.01 599.95
vertex 7265.7 12265.76 599.95
vertex 2500.03 12265.76 599.95
endloop
endfacet
facet normal 0 0 -1
outer loop
vertex 5358.99 12282.01 599.95
vertex 2500.03 12265.76 599.95
vertex 2500.03 12292.800000000001 599.95
endloop
endfacet
facet normal 0 0 -1
outer loop
vertex 5358.99 12282.01 599.95
vertex 2500.03 12292.800000000001 599.95
vertex 7237.360000000001 12292.800000000001 599.95
endloop
endfacet
facet normal 0 0 -1
outer loop
vertex 7582.64 12513.28 599.95
vertex 7322.64 12265.76 599.95
vertex 7265.7 12265.76 599.95
endloop
endfacet
facet normal 0 0 -0.9999999999999999
outer loop
vertex 7582.64 12513.28 599.95
vertex 7265.7 12265.76 599.95
vertex 7555.6 12541.62 599.95
endloop
endfacet
facet normal 0 0 -1
outer loop
vertex 5376.28 12254.32 599.95
vertex 7265.7 12265.76 599.95
vertex 7322.64 12265.76 599.95
endloop
endfacet
facet normal 0 0 -1
outer loop
vertex 5376.28 12254.32 599.95
vertex 7322.64 12265.76 599.95
vertex 7292.87 12237.29 599.95
endloop
endfacet
facet normal 0 0 -1
outer loop
vertex 5376.28 12254.32 599.95
vertex 7292.87 12237.29 599.95
vertex 2500.03 12237.29 599.95
endloop
endfacet
facet normal 0 0 -1
outer loop
vertex 5376.28 12254.32 599.95
vertex 2500.03 12237.29 599.95
vertex 2500.03 12265.76 599.95
endloop
endfacet
facet normal 0 0 -1
outer loop
vertex 5376.28 12254.32 599.95
vertex 2500.03 12265.76 599.95
vertex 7265.7 12265.76 599.95
endloop
endfacet
facet normal 0 0 -1
outer loop
vertex 7621.51 12468.95 599.95
vertex 7352.93 12237.29 599.95
vertex 7292.87 12237.29 599.95
endloop
endfacet
facet normal 0 0 -1
outer loop
vertex 7621.51 12468.95 599.95
vertex 7292.87 12237.29 599.95
vertex 7595.77 12498.720000000001 599.95
endloop
endfacet
facet normal 0 0 -1
outer loop
vertex 5392.92 12225.33 599.95
vertex 7292.87 12237.29 599.95
vertex 7352.93 12237.29 599.95
endloop
endfacet
facet normal 0 0 -1
outer loop
vertex 5392.92 12225.33 599.95
vertex 7352.93 12237.29 599.95
vertex 7318.4800000000005 12207.52 599.95
endloop
endfacet
facet normal 0 0 -1
outer loop
vertex 5392.92 12225.33 599.95
vertex 7318.4800000000005 12207.52 599.95
vertex 2500.03 12207.52 599.95
endloop
endfacet
facet normal 0 0 -1
outer loop
vertex 5392.92 12225.33 599.95
vertex 2500.03 12207.52 599.95
vertex 2500.03 12237.29 599.95
endloop
endfacet
facet normal 0 0 -1
outer loop
vertex 5392.92 12225.33 599.95
vertex 2500.03 12237.29 599.95
vertex 7292.87 12237.29 599.95
endloop
endfacet
facet normal 0 0 -0.9999999999999999
outer loop
vertex 7658.04 12422.800000000001 599.95
vertex 7382.31 12207.52 599.95
vertex 7318.4800000000005 12207.52 599.95
endloop
endfacet
facet normal 0 0 -1
outer loop
vertex 7658.04 12422.800000000001 599.95
vertex 7318.4800000000005 12207.52 599.95
vertex 7633.990000000001 12453.74 599.95
endloop
endfacet
facet normal 0 0 -1
outer loop
vertex 5408.650000000001 12195.17 599.95
vertex 7318.4800000000005 12207.52 599.95
vertex 7382.31 12207.52 599.95
endloop
endfacet
facet normal 0 0 -1
outer loop
vertex 5408.650000000001 12195.17 599.95
vertex 7382.31 12207.52 599.95
vertex 7342.66 12176.58 599.95
endloop
endfacet
facet normal 0 0 -1
outer loop
vertex 5408.650000000001 12195.17 599.95
vertex 7342.66 12176.58 599.95
vertex 2500.03 12176.58 599.95
endloop
endfacet
facet normal 0 0 -1
outer loop
vertex 5408.650000000001 12195.17 599.95
vertex 2500.03 12176.58 599.95
vertex 2500.03 12207.52 599.95
endloop
endfacet
facet normal 0 0 -1
outer loop
vertex 5408.650000000001 12195.17 599.95
vertex 2500.03 12207.52 599.95
vertex 7318.4800000000005 12207.52 599.95
endloop
endfacet
facet normal 0 0 -0.9999999999999999
outer loop
vertex 7692.360000000001 12374.960000000001 599.95
vertex 7410.780000000001 12176.58 599.95
vertex 7342.66 12176.58 599.95
endloop
endfacet
facet normal 0 0 -1
outer loop
vertex 7692.360000000001 12374.960000000001 599.95
vertex 7342.66 12176.58 599.95
vertex 7669.740000000001 12407.07 599.95
endloop
endfacet
facet normal 0 0 -1
outer loop
vertex 5423.7300000000005 12163.710000000001 599.95
vertex 7342.66 12176.58 599.95
vertex 7410.780000000001 12176.58 599.95
endloop
endfacet
facet normal 0 0 -1
outer loop
vertex 5423.7300000000005 12163.710000000001 599.95
vertex 7410.780000000001 12176.58 599.95
vertex 7365.280000000001 12144.470000000001 599.95
endloop
endfacet
facet normal 0 0 -1
outer loop
vertex 5423.7300000000005 12163.710000000001 599.95
vertex 7365.280000000001 12144.470000000001 599.95
vertex 2500.03 12144.470000000001 599.95
endloop
endfacet
facet normal 0 0 -1
outer loop
vertex 5423.7300000000005 12163.710000000001 599.95
vertex 2500.03 12144.470000000001 599.95
vertex 2500.03 12176.58 599.95
endloop
endfacet
facet normal 0 0 -1
outer loop
vertex 5423.7300000000005 12163.710000000001 599.95
vertex 2500.03 12176.58 599.95
vertex 7342.66 12176.58 599.95
endloop
endfacet
facet normal 0 0 -1
outer loop
vertex 7724.34 12325.43 599.95
vertex 7438.6 12144.470000000001 599.95
vertex 7365.280000000001 12144.470000000001 599.95
endloop
endfacet
facet normal 0 0 -1
outer loop
vertex 7724.34 12325.43 599.95
vertex 7365.280000000001 12144.470000000001 599.95
vertex 7703.280000000001 12358.58 599.95
endloop
endfacet
facet normal 0 0 -1
outer loop
vertex 5438.03 12131.210000000001 599.95
vertex 7365.280000000001 12144.470000000001 599.95
vertex 7438.6 12144.470000000001 599.95
endloop
endfacet
facet normal 0 0 -1
outer loop
vertex 5438.03 12131.210000000001 599.95
vertex 7438.6 12144.470000000001 599.95
vertex 7386.21 12111.32 599.95
endloop
endfacet
facet normal 0 0 -1
outer loop
vertex 5438.03 12131.210000000001 599.95
vertex 7386.21 12111.32 599.95
vertex 2500.03 12111.32 599.95
endloop
endfacet
facet normal 0 0 -0.9999999999999999
outer loop
vertex 5438.03 12131.210000000001 599.95
vertex 2500.03 12111.32 599.95
vertex 2500.03 12144.470000000001 599.95
endloop
endfacet
facet normal 0 0 -1
outer loop
vertex 5438.03 12131.210000000001 599.95
vertex 2500.03 12144.470000000001 599.95
vertex 7365.280000000001 12144.470000000001 599.95
endloop
endfacet
facet normal 0 0 -1
outer loop
vertex 7753.72 12274.34 599.95
vertex 7465.900000000001 12111.32 599.95
vertex 7386.21 12111.32 599.95
endloop
endfacet
facet normal 0 0 -1
outer loop
vertex 7753.72 12274.34 599.95
vertex 7386.21 12111.32 599.95
vertex 7734.4800000000005 12308.53 599.95
endloop
endfacet
facet normal 0 0 -1
outer loop
vertex 5666.4400000000005 12105.73 599.95
vertex 7386.21 12111.32 599.95
vertex 7465.900000000001 12111.32 599.95
endloop
endfacet
facet normal 0 0 -1
outer loop
vertex 5666.4400000000005 12105.73 599.95
vertex 7465.900000000001 12111.32 599.95
vertex 7446.14 12100.140000000001 599.95
endloop
endfacet
facet normal 0 0 -1
outer loop
vertex 5666.4400000000005 12105.73 599.95
vertex 7446.14 12100.140000000001 599.95
vertex 6699.9400000000005 12100.140000000001 599.95
endloop
endfacet
facet normal 0 0 -1
outer loop
vertex 5666.4400000000005 12105.73 599.95
vertex 6699.9400000000005 12100.140000000001 599.95
vertex 2500.03 12100.140000000001 599.95
endloop
endfacet
facet normal 0 0 -1
outer loop
vertex 5666.4400000000005 12105.73 599.95
vertex 2500.03 12100.140000000001 599.95
vertex 2500.03 12111.32 599.95
endloop
endfacet
facet normal 0 0 -0.9999999999999999
outer loop
vertex 5666.4400000000005 12105.73 599.95
vertex 2500.03 12111.32 599.95
vertex 7386.21 12111.32 599.95
endloop
endfacet
facet normal 0 0 -1
outer loop
vertex 6699.9400000000005 12100.140000000001 599.95
vertex 6699.9400000000005 12100.01 599.95
vertex 2500.03 12100.01 599.95
endloop
endfacet
facet normal 0 0 -1
outer loop
vertex 6699.9400000000005 12100.140000000001 599.95
vertex 2500.03 12100.01 599.95
vertex 2500.03 12100.140000000001 599.95
endloop
endfacet
facet normal 0 0 -1
outer loop
vertex 10225.15 12665.25 599.95
vertex 14499.94 12900.03 599.95
vertex 14499.94 12100.01 599.95
endloop
endfacet
facet normal 0 0 -1
outer loop
vertex 10225.15 12665.25 599.95
vertex 14499.94 12100.01 599.95
vertex 10400 12100.01 599.95
endloop
endfacet
facet normal 0 0 -1
outer loop
vertex 10225.15 12665.25 599.95
vertex 10400 12100.01 599.95
vertex 9599.98 12100.01 599.95
endloop
endfacet
facet normal 0 0 -0.9999999999999999
outer loop
vertex 10225.15 12665.25 599.95
vertex 9599.98 12100.01 599.95
vertex 9599.98 12500.02 599.95
endloop
endfacet
facet normal 0 0 -1
outer loop
vertex 10225.15 12665.25 599.95
vertex 9599.98 12500.02 599.95
vertex 9601.93 12539.15 599.95
endloop
endfacet
facet normal 0 0 -1
outer loop
vertex 10225.15 12665.25 599.95
vertex 9601.93 12539.15 599.95
vertex 9607.65 12578.02 599.95
endloop
endfacet
facet normal 0 0 -0.9999999999999999
outer loop
vertex 10225.15 12665.25 599.95
vertex 9607.65 12578.02 599.95
vertex 9617.27 12616.11 599.95
endloop
endfacet
facet normal 0 0 -1
outer loop
vertex 10225.15 12665.25 599.95
vertex 9617.27 12616.11 599.95
vertex 9630.4 12653.03 599.95
endloop
endfacet
facet normal 0 0 -1
outer loop
vertex 10225.15 12665.25 599.95
vertex 9630.4 12653.03 599.95
vertex 9647.17 12688.52 599.95
endloop
endfacet
facet normal 0 0 -1
outer loop
vertex 10225.15 12665.25 599.95
vertex 9647.17 12688.52 599.95
vertex 9667.45 12722.19 599.95
endloop
endfacet
facet normal 0 0 -1
outer loop
vertex 10225.15 12665.25 599.95
vertex 9667.45 12722.19 599.95
vertex 9690.85 12753.78 599.95
endloop
endfacet
facet normal 0 0 -1
outer loop
vertex 10225.15 12665.25 599.95
vertex 9690.85 12753.78 599.95
vertex 9717.11 12782.9 599.95
endloop
endfacet
facet normal 0 0 -1
outer loop
vertex 10225.15 12665.25 599.95
vertex 9717.11 12782.9 599.95
vertex 9746.23 12809.16 599.95
endloop
endfacet
facet normal 0 0 -0.9999999999999999
outer loop
vertex 10225.15 12665.25 599.95
vertex 9746.23 12809.16 599.95
vertex 9777.82 12832.560000000001 599.95
endloop
endfacet
facet normal 0 0 -1
outer loop
vertex 10225.15 12665.25 599.95
vertex 9777.82 12832.560000000001 599.95
vertex 9811.49 12852.710000000001 599.95
endloop
endfacet
facet normal 0 0 -1
outer loop
vertex 10225.15 12665.25 599.95
vertex 9811.49 12852.710000000001 599.95
vertex 9846.98 12869.61 599.95
endloop
endfacet
facet normal 0 0 -1
outer loop
vertex 10225.15 12665.25 599.95
vertex 9846.98 12869.61 599.95
vertex 9883.9 12882.74 599.95
endloop
endfacet
facet normal 0 0 -1
outer loop
vertex 10225.15 12665.25 599.95
vertex 9883.9 12882.74 599.95
vertex 9921.99 12892.36 599.95
endloop
endfacet
facet normal 0 0 -1
outer loop
vertex 10225.15 12665.25 599.95
vertex 9921.99 12892.36 599.95
vertex 9960.73 12898.08 599.95
endloop
endfacet
facet normal 0 0 -1
outer loop
vertex 10225.15 12665.25 599.95
vertex 9960.73 12898.08 599.95
vertex 9999.99 12900.03 599.95
endloop
endfacet
facet normal 0 0 -1
outer loop
vertex 10225.15 12665.25 599.95
vertex 9999.99 12900.03 599.95
vertex 14499.94 12900.03 599.95
endloop
endfacet
facet normal 0 0 -1
outer loop
vertex 7446.14 12100.140000000001 599.95
vertex 7445.360000000001 12099.62 599.95
vertex 6719.570000000001 12099.62 599.95
endloop
endfacet
facet normal 0 0 -1
outer loop
vertex 7446.14 12100.140000000001 599.95
vertex 6719.570000000001 12099.62 599.95
vertex 6699.9400000000005 12100.140000000001 599.95
endloop
endfacet
facet normal 0 0 -1
outer loop
vertex 7445.360000000001 12099.62 599.95
vertex 7442.76 12098.19 599.95
vertex 6739.2 12098.19 599.95
endloop
endfacet
facet normal 0 0 -1
outer loop
vertex 7445.360000000001 12099.62 599.95
vertex 6739.2 12098.19 599.95
vertex 6719.570000000001 12099.62 599.95
endloop
endfacet
facet normal 0 0 -1
outer loop
vertex 7442.76 12098.19 599.95
vertex 7438.47 12095.85 599.95
vertex 6758.7 12095.85 599.95
endloop
endfacet
facet normal 0 0 -1
outer loop
vertex 7442.76 12098.19 599.95
vertex 6758.7 12095.85 599.95
vertex 6739.2 12098.19 599.95
endloop
endfacet
facet normal 0 0 -1
outer loop
vertex 7438.47 12095.85 599.95
vertex 7432.62 12092.470000000001 599.95
vertex 6778.070000000001 12092.470000000001 599.95
endloop
endfacet
facet normal 0 0 -0.9999999999999999
outer loop
vertex 7438.47 12095.85 599.95
vertex 6778.070000000001 12092.470000000001 599.95
vertex 6758.7 12095.85 599.95
endloop
endfacet
facet normal 0 0 -1
outer loop
vertex 7432.62 12092.470000000001 599.95
vertex 7424.95 12088.18 599.95
vertex 6797.18 12088.18 599.95
endloop
endfacet
facet normal 0 0 -1
outer loop
vertex 7432.62 12092.470000000001 599.95
vertex 6797.18 12088.18 599.95
vertex 6778.070000000001 12092.470000000001 599.95
endloop
endfacet
facet normal 0 0 -1
outer loop
vertex 7424.95 12088.18 599.95
vertex 7415.72 12082.85 599.95
vertex 6816.16 12082.85 599.95
endloop
endfacet
facet normal 0 0 -0.9999999999999999
outer loop
vertex 7424.95 12088.18 599.95
vertex 6816.16 12082.85 599.95
vertex 6797.18 12088.18 599.95
endloop
endfacet
facet normal 0 0 -1
outer loop
vertex 7415.72 12082.85 599.95
vertex 7405.58 12077.130000000001 599.95
vertex 6833.45 12077.130000000001 599.95
endloop
endfacet
facet normal 0 0 -0.9999999999999999
outer loop
vertex 7415.72 12082.85 599.95
vertex 6833.45 12077.130000000001 599.95
vertex 6816.16 12082.85 599.95
endloop
endfacet
facet normal 0 0 -1
outer loop
vertex 7780.76 12221.95 599.95
vertex 7492.9400000000005 12077.130000000001 599.95
vertex 7405.58 12077.130000000001 599.95
endloop
endfacet
facet normal 0 0 -1
outer loop
vertex 7780.76 12221.95 599.95
vertex 7405.58 12077.130000000001 599.95
vertex 7763.08 12257.050000000001 599.95
endloop
endfacet
facet normal 0 0 -1
outer loop
vertex 7211.75 12077 599.95
vertex 7405.58 12077.130000000001 599.95
vertex 7492.9400000000005 12077.130000000001 599.95
endloop
endfacet
facet normal 0 0 -1
outer loop
vertex 7211.75 12077 599.95
vertex 7492.9400000000005 12077.130000000001 599.95
vertex 7492.16 12076.74 599.95
endloop
endfacet
facet normal 0 0 -0.9999999999999999
outer loop
vertex 7211.75 12077 599.95
vertex 7492.16 12076.74 599.95
vertex 6834.75 12076.74 599.95
endloop
endfacet
facet normal 0 0 -1
outer loop
vertex 7211.75 12077 599.95
vertex 6834.75 12076.74 599.95
vertex 6833.45 12077.130000000001 599.95
endloop
endfacet
facet normal 0 0 -1
outer loop
vertex 7211.75 12077 599.95
vertex 6833.45 12077.130000000001 599.95
vertex 7405.58 12077.130000000001 599.95
endloop
endfacet
facet normal 0 0 -1
outer loop
vertex 7492.16 12076.74 599.95
vertex 7478.12 12069.720000000001 599.95
vertex 6853.08 12069.720000000001 599.95
endloop
endfacet
facet normal 0 0 -1
outer loop
vertex 7492.16 12076.74 599.95
vertex 6853.08 12069.720000000001 599.95
vertex 6834.75 12076.74 599.95
endloop
endfacet
facet normal 0 0 -1
outer loop
vertex 7478.12 12069.720000000001 599.95
vertex 7462.26 12061.66 599.95
vertex 6871.02 12061.66 599.95
endloop
endfacet
facet normal 0 0 -1
outer loop
vertex 7478.12 12069.720000000001 599.95
vertex 6871.02 12061.66 599.95
vertex 6853.08 12069.720000000001 599.95
endloop
endfacet
facet normal 0 0 -1
outer loop
vertex 7462.26 12061.66 599.95
vertex 7444.71 12052.82 599.95
vertex 6888.570000000001 12052.82 599.95
endloop
endfacet
facet normal 0 0 -1
outer loop
vertex 7462.26 12061.66 599.95
vertex 6888.570000000001 12052.82 599.95
vertex 6871.02 12061.66 599.95
endloop
endfacet
facet normal 0 0 -0.9999999999999999
outer loop
vertex 7444.71 12052.82 599.95
vertex 7425.47 12043.2 599.95
vertex 6905.7300000000005 12043.2 599.95
endloop
endfacet
facet normal 0 0 -1
outer loop
vertex 7444.71 12052.82 599.95
vertex 6905.7300000000005 12043.2 599.95
vertex 6888.570000000001 12052.82 599.95
endloop
endfacet
facet normal 0 0 -1
outer loop
vertex 7425.47 12043.2 599.95
vertex 7423.26 12042.03 599.95
vertex 6907.42 12042.03 599.95
endloop
endfacet
facet normal 0 0 -1
outer loop
vertex 7425.47 12043.2 599.95
vertex 6907.42 12042.03 599.95
vertex 6905.7300000000005 12043.2 599.95
endloop
endfacet
facet normal 0 0 -1
outer loop
vertex 7805.070000000001 12168.390000000001 599.95
vertex 7520.110000000001 12042.03 599.95
vertex 7423.26 12042.03 599.95
endloop
endfacet
facet normal 0 0 -1
outer loop
vertex 7805.070000000001 12168.390000000001 599.95
vertex 7423.26 12042.03 599.95
vertex 7789.08 12204.27 599.95
endloop
endfacet
facet normal 0 0 -1
outer loop
vertex 7254.39 12038.26 599.95
vertex 7423.26 12042.03 599.95
vertex 7520.110000000001 12042.03 599.95
endloop
endfacet
facet normal 0 0 -0.9999999999999999
outer loop
vertex 7254.39 12038.26 599.95
vertex 7520.110000000001 12042.03 599.95
vertex 7498.92 12032.67 599.95
endloop
endfacet
facet normal 0 0 -1
outer loop
vertex 7254.39 12038.26 599.95
vertex 7498.92 12032.67 599.95
vertex 6922.24 12032.67 599.95
endloop
endfacet
facet normal 0 0 -0.9999999999999999
outer loop
vertex 7254.39 12038.26 599.95
vertex 6922.24 12032.67 599.95
vertex 6907.42 12042.03 599.95
endloop
endfacet
facet normal 0 0 -1
outer loop
vertex 7254.39 12038.26 599.95
vertex 6907.42 12042.03 599.95
vertex 7423.26 12042.03 599.95
endloop
endfacet
facet normal 0 0 -1
outer loop
vertex 7498.92 12032.67 599.95
vertex 7473.4400000000005 12021.36 599.95
vertex 6938.360000000001 12021.36 599.95
endloop
endfacet
facet normal 0 0 -1
outer loop
vertex 7498.92 12032.67 599.95
vertex 6938.360000000001 12021.36 599.95
vertex 6922.24 12032.67 599.95
endloop
endfacet
facet normal 0 0 -0.9999999999999999
outer loop
vertex 7473.4400000000005 12021.36 599.95
vertex 7446.27 12009.27 599.95
vertex 6953.83 12009.27 599.95
endloop
endfacet
facet normal 0 0 -1
outer loop
vertex 7473.4400000000005 12021.36 599.95
vertex 6953.83 12009.27 599.95
vertex 6938.360000000001 12021.36 599.95
endloop
endfacet
facet normal 0 0 -1
outer loop
vertex 7446.27 12009.27 599.95
vertex 7439.12 12006.15 599.95
vertex 6957.47 12006.15 599.95
endloop
endfacet
facet normal 0 0 -1
outer loop
vertex 7446.27 12009.27 599.95
vertex 6957.47 12006.15 599.95
vertex 6953.83 12009.27 599.95
endloop
endfacet
facet normal 0 0 -1
outer loop
vertex 7826.650000000001 12113.53 599.95
vertex 7548.320000000001 12006.15 599.95
vertex 7439.12 12006.15 599.95
endloop
endfacet
facet normal 0 0 -1
outer loop
vertex 7826.650000000001 12113.53 599.95
vertex 7439.12 12006.15 599.95
vertex 7812.4800000000005 12150.19 599.95
endloop
endfacet
facet normal 0 0 -1
outer loop
vertex 7287.280000000001 12002.25 599.95
vertex 7439.12 12006.15 599.95
vertex 7548.320000000001 12006.15 599.95
endloop
endfacet
facet normal 0 0 -0.9999999999999999
outer loop
vertex 7287.280000000001 12002.25 599.95
vertex 7548.320000000001 12006.15 599.95
vertex 7523.1 11996.53 599.95
endloop
endfacet
facet normal 0 0 -1
outer loop
vertex 7287.280000000001 12002.25 599.95
vertex 7523.1 11996.53 599.95
vertex 6968.650000000001 11996.53 599.95
endloop
endfacet
facet normal 0 0 -1
outer loop
vertex 7287.280000000001 12002.25 599.95
vertex 6968.650000000001 11996.53 599.95
vertex 6957.47 12006.15 599.95
endloop
endfacet
facet normal 0 0 -1
outer loop
vertex 7287.280000000001 12002.25 599.95
vertex 6957.47 12006.15 599.95
vertex 7439.12 12006.15 599.95
endloop
endfacet
facet normal 0 0 -1
outer loop
vertex 7523.1 11996.53 599.95
vertex 7488 11982.880000000001 599.95
vertex 6982.95 11982.880000000001 599.95
endloop
endfacet
facet normal 0 0 -1
outer loop
vertex 7523.1 11996.53 599.95
vertex 6982.95 11982.880000000001 599.95
vertex 6968.650000000001 11996.53 599.95
endloop
endfacet
facet normal 0 0 -1
outer loop
vertex 7488 11982.880000000001 599.95
vertex 7453.29 11969.49 599.95
vertex 6995.6900000000005 11969.49 599.95
endloop
endfacet
facet normal 0 0 -1
outer loop
vertex 7488 11982.880000000001 599.95
vertex 6995.6900000000005 11969.49 599.95
vertex 6982.95 11982.880000000001 599.95
endloop
endfacet
facet normal 0 0 -0.9999999999999999
outer loop
vertex 7845.63 12057.76 599.95
vertex 7578.4800000000005 11969.49 599.95
vertex 7453.29 11969.49 599.95
endloop
endfacet
facet normal 0 0 -1
outer loop
vertex 7845.63 12057.76 599.95
vertex 7453.29 11969.49 599.95
vertex 7833.280000000001 12095.07 599.95
endloop
endfacet
facet normal 0 0 -1
outer loop
vertex 7320.04 11969.23 599.95
vertex 7453.29 11969.49 599.95
vertex 7578.4800000000005 11969.49 599.95
endloop
endfacet
facet normal 0 0 -0.9999999999999999
outer loop
vertex 7320.04 11969.23 599.95
vertex 7578.4800000000005 11969.49 599.95
vertex 7576.01 11968.710000000001 599.95
endloop
endfacet
facet normal 0 0 -1
outer loop
vertex 7320.04 11969.23 599.95
vertex 7576.01 11968.710000000001 599.95
vertex 6996.47 11968.710000000001 599.95
endloop
endfacet
facet normal 0 0 -1
outer loop
vertex 7320.04 11969.23 599.95
vertex 6996.47 11968.710000000001 599.95
vertex 6995.6900000000005 11969.49 599.95
endloop
endfacet
facet normal 0 0 -1
outer loop
vertex 7320.04 11969.23 599.95
vertex 6995.6900000000005 11969.49 599.95
vertex 7453.29 11969.49 599.95
endloop
endfacet
facet normal 0 0 -0.9999999999999999
outer loop
vertex 7576.01 11968.710000000001 599.95
vertex 7530.900000000001 11953.890000000001 599.95
vertex 7009.34 11953.890000000001 599.95
endloop
endfacet
facet normal 0 0 -1
outer loop
vertex 7576.01 11968.710000000001 599.95
vertex 7009.34 11953.890000000001 599.95
vertex 6996.47 11968.710000000001 599.95
endloop
endfacet
facet normal 0 0 -1
outer loop
vertex 7530.900000000001 11953.890000000001 599.95
vertex 7484.1 11938.29 599.95
vertex 7021.43 11938.29 599.95
endloop
endfacet
facet normal 0 0 -0.9999999999999999
outer loop
vertex 7530.900000000001 11953.890000000001 599.95
vertex 7021.43 11938.29 599.95
vertex 7009.34 11953.890000000001 599.95
endloop
endfacet
facet normal 0 0 -0.9999999999999999
outer loop
vertex 7484.1 11938.29 599.95
vertex 7465.64 11932.310000000001 599.95
vertex 7025.72 11932.310000000001 599.95
endloop
endfacet
facet normal 0 0 -1
outer loop
vertex 7484.1 11938.29 599.95
vertex 7025.72 11932.310000000001 599.95
vertex 7021.43 11938.29 599.95
endloop
endfacet
facet normal 0 0 -1
outer loop
vertex 7861.75 12001.08 599.95
vertex 7612.93 11932.310000000001 599.95
vertex 7465.64 11932.310000000001 599.95
endloop
endfacet
facet normal 0 0 -1
outer loop
vertex 7861.75 12001.08 599.95
vertex 7465.64 11932.310000000001 599.95
vertex 7851.35 12039.04 599.95
endloop
endfacet
facet normal 0 0 -1
outer loop
vertex 7342.79 11928.28 599.95
vertex 7465.64 11932.310000000001 599.95
vertex 7612.93 11932.310000000001 599.95
endloop
endfacet
facet normal 0 0 -1
outer loop
vertex 7342.79 11928.28 599.95
vertex 7612.93 11932.310000000001 599.95
vertex 7576.92 11922.300000000001 599.95
endloop
endfacet
facet normal 0 0 -1
outer loop
vertex 7342.79 11928.28 599.95
vertex 7576.92 11922.300000000001 599.95
vertex 7032.740000000001 11922.300000000001 599.95
endloop
endfacet
facet normal 0 0 -0.9999999999999999
outer loop
vertex 7342.79 11928.28 599.95
vertex 7032.740000000001 11922.300000000001 599.95
vertex 7025.72 11932.310000000001 599.95
endloop
endfacet
facet normal 0 0 -1
outer loop
vertex 7342.79 11928.28 599.95
vertex 7025.72 11932.310000000001 599.95
vertex 7465.64 11932.310000000001 599.95
endloop
endfacet
facet normal 0 0 -1
outer loop
vertex 7576.92 11922.300000000001 599.95
vertex 7516.990000000001 11905.66 599.95
vertex 7043.14 11905.66 599.95
endloop
endfacet
facet normal 0 0 -1
outer loop
vertex 7576.92 11922.300000000001 599.95
vertex 7043.14 11905.66 599.95
vertex 7032.740000000001 11922.300000000001 599.95
endloop
endfacet
facet normal 0 0 -1
outer loop
vertex 7516.990000000001 11905.66 599.95
vertex 7476.04 11894.35 599.95
vertex 7049.64 11894.35 599.95
endloop
endfacet
facet normal 0 0 -1
outer loop
vertex 7516.990000000001 11905.66 599.95
vertex 7049.64 11894.35 599.95
vertex 7043.14 11905.66 599.95
endloop
endfacet
facet normal 0 0 -1
outer loop
vertex 7875.14 11943.75 599.95
vertex 7655.31 11894.35 599.95
vertex 7476.04 11894.35 599.95
endloop
endfacet
facet normal 0 0 -1
outer loop
vertex 7875.14 11943.75 599.95
vertex 7476.04 11894.35 599.95
vertex 7866.56 11982.1 599.95
endloop
endfacet
facet normal 0 0 -1
outer loop
vertex 7372.6900000000005 11892.01 599.95
vertex 7476.04 11894.35 599.95
vertex 7655.31 11894.35 599.95
endloop
endfacet
facet normal 0 0 -1
outer loop
vertex 7372.6900000000005 11892.01 599.95
vertex 7655.31 11894.35 599.95
vertex 7629.570000000001 11888.630000000001 599.95
endloop
endfacet
facet normal 0 0 -1
outer loop
vertex 7372.6900000000005 11892.01 599.95
vertex 7629.570000000001 11888.630000000001 599.95
vertex 7052.89 11888.630000000001 599.95
endloop
endfacet
facet normal 0 0 -1
outer loop
vertex 7372.6900000000005 11892.01 599.95
vertex 7052.89 11888.630000000001 599.95
vertex 7049.64 11894.35 599.95
endloop
endfacet
facet normal 0 0 -1
outer loop
vertex 7372.6900000000005 11892.01 599.95
vertex 7049.64 11894.35 599.95
vertex 7476.04 11894.35 599.95
endloop
endfacet
facet normal 0 0 -1
outer loop
vertex 7629.570000000001 11888.630000000001 599.95
vertex 7551.4400000000005 11871.08 599.95
vertex 7061.7300000000005 11871.08 599.95
endloop
endfacet
facet normal 0 0 -1
outer loop
vertex 7629.570000000001 11888.630000000001 599.95
vertex 7061.7300000000005 11871.08 599.95
vertex 7052.89 11888.630000000001 599.95
endloop
endfacet
facet normal 0 0 -1
outer loop
vertex 7551.4400000000005 11871.08 599.95
vertex 7484.75 11856.130000000001 599.95
vertex 7068.360000000001 11856.130000000001 599.95
endloop
endfacet
facet normal 0 0 -1
outer loop
vertex 7551.4400000000005 11871.08 599.95
vertex 7068.360000000001 11856.130000000001 599.95
vertex 7061.7300000000005 11871.08 599.95
endloop
endfacet
facet normal 0 0 -1
outer loop
vertex 7885.67 11885.77 599.95
vertex 7714.46 11856.130000000001 599.95
vertex 7484.75 11856.130000000001 599.95
endloop
endfacet
facet normal 0 0 -0.9999999999999999
outer loop
vertex 7885.67 11885.77 599.95
vertex 7484.75 11856.130000000001 599.95
vertex 7879.04 11924.51 599.95
endloop
endfacet
facet normal 0 0 -1
outer loop
vertex 7406.88 11854.960000000001 599.95
vertex 7484.75 11856.130000000001 599.95
vertex 7714.46 11856.130000000001 599.95
endloop
endfacet
facet normal 0 0 -1
outer loop
vertex 7406.88 11854.960000000001 599.95
vertex 7714.46 11856.130000000001 599.95
vertex 7697.3 11853.140000000001 599.95
endloop
endfacet
facet normal 0 0 -1
outer loop
vertex 7406.88 11854.960000000001 599.95
vertex 7697.3 11853.140000000001 599.95
vertex 7069.66 11853.140000000001 599.95
endloop
endfacet
facet normal 0 0 -0.9999999999999999
outer loop
vertex 7406.88 11854.960000000001 599.95
vertex 7069.66 11853.140000000001 599.95
vertex 7068.360000000001 11856.130000000001 599.95
endloop
endfacet
facet normal 0 0 -1
outer loop
vertex 7406.88 11854.960000000001 599.95
vertex 7068.360000000001 11856.130000000001 599.95
vertex 7484.75 11856.130000000001 599.95
endloop
endfacet
facet normal 0 0 -1
outer loop
vertex 7697.3 11853.140000000001 599.95
vertex 7591.740000000001 11834.810000000001 599.95
vertex 7076.68 11834.810000000001 599.95
endloop
endfacet
facet normal 0 0 -1
outer loop
vertex 7697.3 11853.140000000001 599.95
vertex 7076.68 11834.810000000001 599.95
vertex 7069.66 11853.140000000001 599.95
endloop
endfacet
facet normal 0 0 -1
outer loop
vertex 7591.740000000001 11834.810000000001 599.95
vertex 7491.38 11817.390000000001 599.95
vertex 7082.530000000001 11817.390000000001 599.95
endloop
endfacet
facet normal 0 0 -1
outer loop
vertex 7591.740000000001 11834.810000000001 599.95
vertex 7082.530000000001 11817.390000000001 599.95
vertex 7076.68 11834.810000000001 599.95
endloop
endfacet
facet normal 0 0 -1
outer loop
vertex 7893.34 11827.4 599.95
vertex 7812.22 11817.390000000001 599.95
vertex 7491.38 11817.390000000001 599.95
endloop
endfacet
facet normal 0 0 -1
outer loop
vertex 7893.34 11827.4 599.95
vertex 7491.38 11817.390000000001 599.95
vertex 7888.530000000001 11866.4 599.95
endloop
endfacet
facet normal 0 0 -1
outer loop
vertex 7454.2 11816.87 599.95
vertex 7491.38 11817.390000000001 599.95
vertex 7812.22 11817.390000000001 599.95
endloop
endfacet
facet normal 0 0 -1
outer loop
vertex 7454.2 11816.87 599.95
vertex 7812.22 11817.390000000001 599.95
vertex 7802.08 11816.09 599.95
endloop
endfacet
facet normal 0 0 -0.9999999999999999
outer loop
vertex 7454.2 11816.87 599.95
vertex 7802.08 11816.09 599.95
vertex 7082.92 11816.09 599.95
endloop
endfacet
facet normal 0 0 -1
outer loop
vertex 7454.2 11816.87 599.95
vertex 7082.92 11816.09 599.95
vertex 7082.530000000001 11817.390000000001 599.95
endloop
endfacet
facet normal 0 0 -1
outer loop
vertex 7454.2 11816.87 599.95
vertex 7082.530000000001 11817.390000000001 599.95
vertex 7491.38 11817.390000000001 599.95
endloop
endfacet
facet normal 0 0 -1
outer loop
vertex 7802.08 11816.09 599.95
vertex 7648.68 11797.24 599.95
vertex 7088.12 11797.24 599.95
endloop
endfacet
facet normal 0 0 -1
outer loop
vertex 7802.08 11816.09 599.95
vertex 7088.12 11797.24 599.95
vertex 7082.92 11816.09 599.95
endloop
endfacet
facet normal 0 0 -1
outer loop
vertex 7648.68 11797.24 599.95
vertex 7496.1900000000005 11778.390000000001 599.95
vertex 7092.41 11778.390000000001 599.95
endloop
endfacet
facet normal 0 0 -0.9999999999999999
outer loop
vertex 7648.68 11797.24 599.95
vertex 7092.41 11778.390000000001 599.95
vertex 7088.12 11797.24 599.95
endloop
endfacet
facet normal 0 0 -1
outer loop
vertex 7897.5 11778.390000000001 599.95
vertex 7496.1900000000005 11778.390000000001 599.95
vertex 7895.29 11807.9 599.95
endloop
endfacet
facet normal 0 0 -1
outer loop
vertex 7495.150000000001 11778.26 599.95
vertex 7496.1900000000005 11778.390000000001 599.95
vertex 7897.5 11778.390000000001 599.95
endloop
endfacet
facet normal 0 0 -0.9999999999999999
outer loop
vertex 7495.150000000001 11778.26 599.95
vertex 7897.5 11778.390000000001 599.95
vertex 7897.5 11778 599.95
endloop
endfacet
facet normal 0 0 -0.9999999999999999
outer loop
vertex 7495.150000000001 11778.26 599.95
vertex 7897.5 11778 599.95
vertex 7092.41 11778 599.95
endloop
endfacet
facet normal 0 0 -1
outer loop
vertex 7495.150000000001 11778.26 599.95
vertex 7092.41 11778 599.95
vertex 7092.41 11778.390000000001 599.95
endloop
endfacet
facet normal 0 0 -1
outer loop
vertex 7495.150000000001 11778.26 599.95
vertex 7092.41 11778.390000000001 599.95
vertex 7496.1900000000005 11778.390000000001 599.95
endloop
endfacet
facet normal 0 0 -1
outer loop
vertex 7549.360000000001 11768.380000000001 599.95
vertex 7897.5 11778 599.95
vertex 7898.150000000001 11768.640000000001 599.95
endloop
endfacet
facet normal 0 0 -1
outer loop
vertex 7549.360000000001 11768.380000000001 599.95
vertex 7898.150000000001 11768.640000000001 599.95
vertex 7762.820000000001 11758.76 599.95
endloop
endfacet
facet normal 0 0 -1
outer loop
vertex 7549.360000000001 11768.380000000001 599.95
vertex 7762.820000000001 11758.76 599.95
vertex 7095.79 11758.76 599.95
endloop
endfacet
facet normal 0 0 -1
outer loop
vertex 7549.360000000001 11768.380000000001 599.95
vertex 7095.79 11758.76 599.95
vertex 7092.41 11778 599.95
endloop
endfacet
facet normal 0 0 -1
outer loop
vertex 7549.360000000001 11768.380000000001 599.95
vertex 7092.41 11778 599.95
vertex 7897.5 11778 599.95
endloop
endfacet
facet normal 0 0 -0.9999999999999999
outer loop
vertex 7762.820000000001 11758.76 599.95
vertex 7499.18 11739.26 599.95
vertex 7098.13 11739.26 599.95
endloop
endfacet
facet normal 0 0 -1
outer loop
vertex 7762.820000000001 11758.76 599.95
vertex 7098.13 11739.26 599.95
vertex 7095.79 11758.76 599.95
endloop
endfacet
facet normal 0 0 -1
outer loop
vertex 7899.45 11739.26 599.95
vertex 7499.18 11739.26 599.95
vertex 7899.1900000000005 11749.140000000001 599.95
endloop
endfacet
facet normal 0 0 -1
outer loop
vertex 7499.31 11731.460000000001 599.95
vertex 7499.18 11739.26 599.95
vertex 7899.45 11739.26 599.95
endloop
endfacet
facet normal 0 0 -1
outer loop
vertex 7499.31 11731.460000000001 599.95
vertex 7899.45 11739.26 599.95
vertex 7899.84 11719.630000000001 599.95
endloop
endfacet
facet normal 0 0 -1
outer loop
vertex 7499.31 11731.460000000001 599.95
vertex 7899.84 11719.630000000001 599.95
vertex 7099.6900000000005 11719.630000000001 599.95
endloop
endfacet
facet normal 0 0 -1
outer loop
vertex 7499.31 11731.460000000001 599.95
vertex 7099.6900000000005 11719.630000000001 599.95
vertex 7098.13 11739.26 599.95
endloop
endfacet
facet normal 0 0 -1
outer loop
vertex 7499.31 11731.460000000001 599.95
vertex 7098.13 11739.26 599.95
vertex 7499.18 11739.26 599.95
endloop
endfacet
facet normal 0 0 -1
outer loop
vertex 7499.96 11709.880000000001 599.95
vertex 7899.84 11719.630000000001 599.95
vertex 7900.1 11709.880000000001 599.95
endloop
endfacet
facet normal 0 0 -1
outer loop
vertex 7499.96 11709.880000000001 599.95
vertex 7900.1 11709.880000000001 599.95
vertex 7500.09 11700 599.95
endloop
endfacet
facet normal 0 0 -1
outer loop
vertex 7499.96 11709.880000000001 599.95
vertex 7500.09 11700 599.95
vertex 7100.08 11700 599.95
endloop
endfacet
facet normal 0 0 -1
outer loop
vertex 7499.96 11709.880000000001 599.95
vertex 7100.08 11700 599.95
vertex 7099.6900000000005 11719.630000000001 599.95
endloop
endfacet
facet normal 0 0 -1
outer loop
vertex 7499.96 11709.880000000001 599.95
vertex 7099.6900000000005 11719.630000000001 599.95
vertex 7899.84 11719.630000000001 599.95
endloop
endfacet
facet normal 0 0 -1
outer loop
vertex 7433.27 10300.03 599.95
vertex 7100.08 11700 599.95
vertex 7500.09 11700 599.95
endloop
endfacet
facet normal 0 0 -1
outer loop
vertex 7433.27 10300.03 599.95
vertex 7500.09 11700 599.95
vertex 7899.97 11700 599.95
endloop
endfacet
facet normal 0 0 -1
outer loop
vertex 7433.27 10300.03 599.95
vertex 7899.97 11700 599.95
vertex 7899.97 7499.96 599.95
endloop
endfacet
facet normal 0 0 -1
outer loop
vertex 7433.27 10300.03 599.95
vertex 7899.97 7499.96 599.95
vertex 7099.95 7499.96 599.95
endloop
endfacet
facet normal 0 0 -1
outer loop
vertex 7433.27 10300.03 599.95
vertex 7099.95 7499.96 599.95
vertex 7099.95 11700 599.95
endloop
endfacet
facet normal 0 0 -1
outer loop
vertex 7433.27 10300.03 599.95
vertex 7099.95 11700 599.95
vertex 7100.08 11700 599.95
endloop
endfacet
facet normal 0 0 -1
outer loop
vertex 10400 12100.01 599.95
vertex 10400 7499.96 599.95
vertex 9599.98 7499.96 599.95
endloop
endfacet
facet normal 0 0 -1
outer loop
vertex 10400 12100.01 599.95
vertex 9599.98 7499.96 599.95
vertex 9599.98 12100.01 599.95
endloop
endfacet
facet normal -0.026480776761401214 -0.9996493227437873 0
outer loop
vertex 6749.08 12899.12 599.95
vertex 6709.820000000001 12900.16 599.95
vertex 6709.820000000001 12900.16 199.94
endloop
endfacet
facet normal -0.026480776761401214 -0.9996493227437873 0
outer loop
vertex 6749.08 12899.12 599.95
vertex 6709.820000000001 12900.16 199.94
vertex 6749.08 12899.12 199.94
endloop
endfacet
facet normal -0.9996951097454845 0.02469185191441587 0
outer loop
vertex 6739.2 12499.11 199.94
vertex 6739.2 12499.11 599.95
vertex 6749.08 12899.12 599.95
endloop
endfacet
facet normal -0.9996951097454845 0.02469185191441587 0
outer loop
vertex 6739.2 12499.11 199.94
vertex 6749.08 12899.12 599.95
vertex 6749.08 12899.12 199.94
endloop
endfacet
facet normal -0.07289525331431214 -0.9973396021637977 0
outer loop
vertex 6807.84 12895.35 599.95
vertex 6768.71 12898.210000000001 599.95
vertex 6768.71 12898.210000000001 199.94
endloop
endfacet
facet normal -0.07289525331431214 -0.9973396021637977 0
outer loop
vertex 6807.84 12895.35 599.95
vertex 6768.71 12898.210000000001 199.94
vertex 6807.84 12895.35 199.94
endloop
endfacet
facet normal 0.997277495585163 -0.07374006237714445 0
outer loop
vertex 6768.71 12898.210000000001 599.95
vertex 6739.2 12499.11 599.95
vertex 6739.2 12499.11 199.94
endloop
endfacet
facet normal 0.997277495585163 -0.07374006237714445 0
outer loop
vertex 6768.71 12898.210000000001 599.95
vertex 6739.2 12499.11 199.94
vertex 6768.71 12898.210000000001 199.94
endloop
endfacet
facet normal -0.9973013327765214 0.07341697107735977 0
outer loop
vertex 6778.46 12496.25 199.94
vertex 6778.46 12496.25 599.95
vertex 6807.84 12895.35 599.95
endloop
endfacet
facet normal -0.9973013327765214 0.07341697107735977 0
outer loop
vertex 6778.46 12496.25 199.94
vertex 6807.84 12895.35 599.95
vertex 6807.84 12895.35 199.94
endloop
endfacet
facet normal 0.07265515457220706 0.9973571218545987 0
outer loop
vertex 6739.2 12098.19 199.94
vertex 6719.570000000001 12099.62 199.94
vertex 6719.570000000001 12099.62 599.95
endloop
endfacet
facet normal 0.07265515457220706 0.9973571218545987 0
outer loop
vertex 6739.2 12098.19 199.94
vertex 6719.570000000001 12099.62 599.95
vertex 6739.2 12098.19 599.95
endloop
endfacet
facet normal -0.12280910216929222 -0.9924303121249232 0
outer loop
vertex 6866.34 12888.59 599.95
vertex 6827.47 12893.4 599.95
vertex 6827.47 12893.4 199.94
endloop
endfacet
facet normal -0.12280910216929222 -0.9924303121249232 0
outer loop
vertex 6866.34 12888.59 599.95
vertex 6827.47 12893.4 199.94
vertex 6866.34 12888.59 199.94
endloop
endfacet
facet normal -0.9925110109136313 0.12215520134321654 0
outer loop
vertex 6817.46 12491.44 199.94
vertex 6817.46 12491.44 599.95
vertex 6866.34 12888.59 599.95
endloop
endfacet
facet normal -0.9925110109136313 0.12215520134321654 0
outer loop
vertex 6817.46 12491.44 199.94
vertex 6866.34 12888.59 599.95
vertex 6866.34 12888.59 199.94
endloop
endfacet
facet normal -0.17246078123150527 -0.9850163851109376 0
outer loop
vertex 6924.45 12878.970000000001 599.95
vertex 6885.84 12885.73 599.95
vertex 6885.84 12885.73 199.94
endloop
endfacet
facet normal -0.17246078123150527 -0.9850163851109376 0
outer loop
vertex 6924.45 12878.970000000001 599.95
vertex 6885.84 12885.73 199.94
vertex 6924.45 12878.970000000001 199.94
endloop
endfacet
facet normal 0.985292709902985 -0.1708750298084313 0
outer loop
vertex 6885.84 12885.73 599.95
vertex 6817.46 12491.44 599.95
vertex 6817.46 12491.44 199.94
endloop
endfacet
facet normal 0.985292709902985 -0.1708750298084313 0
outer loop
vertex 6885.84 12885.73 599.95
vertex 6817.46 12491.44 199.94
vertex 6885.84 12885.73 199.94
endloop
endfacet
facet normal 0.9924715722068731 -0.12247521529361478 0
outer loop
vertex 6827.47 12893.4 599.95
vertex 6778.46 12496.25 599.95
vertex 6778.46 12496.25 199.94
endloop
endfacet
facet normal 0.9924715722068731 -0.12247521529361478 0
outer loop
vertex 6827.47 12893.4 599.95
vertex 6778.46 12496.25 199.94
vertex 6827.47 12893.4 199.94
endloop
endfacet
facet normal 0.11914522061843798 0.9928768384869212 0
outer loop
vertex 6758.7 12095.85 599.95
vertex 6758.7 12095.85 199.94
vertex 6739.2 12098.19 199.94
endloop
endfacet
facet normal 0.11914522061843798 0.9928768384869212 0
outer loop
vertex 6758.7 12095.85 599.95
vertex 6739.2 12098.19 199.94
vertex 6739.2 12098.19 599.95
endloop
endfacet
facet normal 0.17189918272172666 0.9851145471363228 0
outer loop
vertex 6778.070000000001 12092.470000000001 599.95
vertex 6778.070000000001 12092.470000000001 199.94
vertex 6758.7 12095.85 199.94
endloop
endfacet
facet normal 0.17189918272172666 0.9851145471363228 0
outer loop
vertex 6778.070000000001 12092.470000000001 599.95
vertex 6758.7 12095.85 199.94
vertex 6758.7 12095.85 599.95
endloop
endfacet
facet normal -0.9852927099029855 0.1708750298084283 0
outer loop
vertex 6856.070000000001 12484.68 199.94
vertex 6856.070000000001 12484.68 599.95
vertex 6924.45 12878.970000000001 599.95
endloop
endfacet
facet normal -0.9852927099029855 0.1708750298084283 0
outer loop
vertex 6856.070000000001 12484.68 199.94
vertex 6924.45 12878.970000000001 599.95
vertex 6924.45 12878.970000000001 199.94
endloop
endfacet
facet normal -0.22219441979262008 -0.9750023793883894 0
outer loop
vertex 6982.04 12866.49 599.95
vertex 6943.820000000001 12875.2 599.95
vertex 6943.820000000001 12875.2 199.94
endloop
endfacet
facet normal -0.22219441979262008 -0.9750023793883894 0
outer loop
vertex 6982.04 12866.49 599.95
vertex 6943.820000000001 12875.2 199.94
vertex 6982.04 12866.49 199.94
endloop
endfacet
facet normal -0.9757261712434881 0.21899415232038336 0
outer loop
vertex 6894.42 12476.1 199.94
vertex 6894.42 12476.1 599.95
vertex 6982.04 12866.49 599.95
endloop
endfacet
facet normal -0.9757261712434881 0.21899415232038336 0
outer loop
vertex 6894.42 12476.1 199.94
vertex 6982.04 12866.49 599.95
vertex 6982.04 12866.49 199.94
endloop
endfacet
facet normal -0.26815606295115474 -0.9633754854170498 0
outer loop
vertex 7038.9800000000005 12851.28 599.95
vertex 7001.150000000001 12861.810000000001 599.95
vertex 7001.150000000001 12861.810000000001 199.94
endloop
endfacet
facet normal -0.26815606295115474 -0.9633754854170498 0
outer loop
vertex 7038.9800000000005 12851.28 599.95
vertex 7001.150000000001 12861.810000000001 199.94
vertex 7038.9800000000005 12851.28 199.94
endloop
endfacet
facet normal 0.9637827020434615 -0.2666887759951747 0
outer loop
vertex 7001.150000000001 12861.810000000001 599.95
vertex 6894.42 12476.1 599.95
vertex 6894.42 12476.1 199.94
endloop
endfacet
facet normal 0.9637827020434615 -0.2666887759951747 0
outer loop
vertex 7001.150000000001 12861.810000000001 599.95
vertex 6894.42 12476.1 199.94
vertex 7001.150000000001 12861.810000000001 199.94
endloop
endfacet
facet normal -0.9637827020434615 0.2666887759951747 0
outer loop
vertex 6932.25 12465.57 199.94
vertex 6932.25 12465.57 599.95
vertex 7038.9800000000005 12851.28 599.95
endloop
endfacet
facet normal -0.9637827020434615 0.2666887759951747 0
outer loop
vertex 6932.25 12465.57 199.94
vertex 7038.9800000000005 12851.28 599.95
vertex 7038.9800000000005 12851.28 199.94
endloop
endfacet
facet normal 0.27036362707774403 0.9627582817890308 0
outer loop
vertex 6816.16 12082.85 199.94
vertex 6797.18 12088.18 199.94
vertex 6797.18 12088.18 599.95
endloop
endfacet
facet normal 0.27036362707774403 0.9627582817890308 0
outer loop
vertex 6816.16 12082.85 199.94
vertex 6797.18 12088.18 599.95
vertex 6816.16 12082.85 599.95
endloop
endfacet
facet normal -0.31523212206367934 -0.9490145990548459 0
outer loop
vertex 7095.01 12833.210000000001 599.95
vertex 7057.83 12845.560000000001 599.95
vertex 7057.83 12845.560000000001 199.94
endloop
endfacet
facet normal -0.31523212206367934 -0.9490145990548459 0
outer loop
vertex 7095.01 12833.210000000001 599.95
vertex 7057.83 12845.560000000001 199.94
vertex 7095.01 12833.210000000001 199.94
endloop
endfacet
facet normal -0.9495570604195566 0.31359430640139263 0
outer loop
vertex 6969.56 12453.35 199.94
vertex 6969.56 12453.35 599.95
vertex 7095.01 12833.210000000001 599.95
endloop
endfacet
facet normal -0.9495570604195566 0.31359430640139263 0
outer loop
vertex 6969.56 12453.35 199.94
vertex 7095.01 12833.210000000001 599.95
vertex 7095.01 12833.210000000001 199.94
endloop
endfacet
facet normal -0.3616455739956477 -0.932315654062163 0
outer loop
vertex 7150.13 12812.54 599.95
vertex 7113.6 12826.710000000001 599.95
vertex 7113.6 12826.710000000001 199.94
endloop
endfacet
facet normal -0.3616455739956477 -0.932315654062163 0
outer loop
vertex 7150.13 12812.54 599.95
vertex 7113.6 12826.710000000001 199.94
vertex 7150.13 12812.54 199.94
endloop
endfacet
facet normal 0.9329767251728709 -0.3599367031655777 0
outer loop
vertex 7113.6 12826.710000000001 599.95
vertex 6969.56 12453.35 599.95
vertex 6969.56 12453.35 199.94
endloop
endfacet
facet normal 0.9329767251728709 -0.3599367031655777 0
outer loop
vertex 7113.6 12826.710000000001 599.95
vertex 6969.56 12453.35 199.94
vertex 7113.6 12826.710000000001 199.94
endloop
endfacet
facet normal 0.9494922569478184 -0.31379046192664667 0
outer loop
vertex 7057.83 12845.560000000001 599.95
vertex 6932.25 12465.57 599.95
vertex 6932.25 12465.57 199.94
endloop
endfacet
facet normal 0.9494922569478184 -0.31379046192664667 0
outer loop
vertex 7057.83 12845.560000000001 599.95
vertex 6932.25 12465.57 199.94
vertex 7057.83 12845.560000000001 199.94
endloop
endfacet
facet normal 0.3122389455995228 0.9500036004410183 0
outer loop
vertex 6834.75 12076.74 599.95
vertex 6834.75 12076.74 199.94
vertex 6816.16 12082.85 199.94
endloop
endfacet
facet normal 0.3122389455995228 0.9500036004410183 0
outer loop
vertex 6834.75 12076.74 599.95
vertex 6816.16 12082.85 199.94
vertex 6816.16 12082.85 599.95
endloop
endfacet
facet normal 0.21903834230676592 0.9757162520935603 0
outer loop
vertex 6797.18 12088.18 599.95
vertex 6797.18 12088.18 199.94
vertex 6778.070000000001 12092.470000000001 199.94
endloop
endfacet
facet normal 0.21903834230676592 0.9757162520935603 0
outer loop
vertex 6797.18 12088.18 599.95
vertex 6778.070000000001 12092.470000000001 199.94
vertex 6778.070000000001 12092.470000000001 599.95
endloop
endfacet
facet normal 0.97567231743651 -0.21923395947724483 0
outer loop
vertex 6943.820000000001 12875.2 599.95
vertex 6856.070000000001 12484.68 599.95
vertex 6856.070000000001 12484.68 199.94
endloop
endfacet
facet normal 0.97567231743651 -0.21923395947724483 0
outer loop
vertex 6943.820000000001 12875.2 599.95
vertex 6856.070000000001 12484.68 199.94
vertex 6943.820000000001 12875.2 199.94
endloop
endfacet
facet normal -0.9330857846565003 0.3596538870524872 0
outer loop
vertex 7006.22 12439.18 199.94
vertex 7006.22 12439.18 599.95
vertex 7150.13 12812.54 599.95
endloop
endfacet
facet normal -0.9330857846565003 0.3596538870524872 0
outer loop
vertex 7006.22 12439.18 199.94
vertex 7150.13 12812.54 599.95
vertex 7150.13 12812.54 199.94
endloop
endfacet
facet normal 0.35764726660698154 0.9338567516961875 0
outer loop
vertex 6853.08 12069.720000000001 199.94
vertex 6834.75 12076.74 199.94
vertex 6834.75 12076.74 599.95
endloop
endfacet
facet normal 0.35764726660698154 0.9338567516961875 0
outer loop
vertex 6853.08 12069.720000000001 199.94
vertex 6834.75 12076.74 599.95
vertex 6853.08 12069.720000000001 599.95
endloop
endfacet
facet normal -0.40429280054207173 -0.9146296143411544 0
outer loop
vertex 7204.21 12789.140000000001 599.95
vertex 7168.33 12805 599.95
vertex 7168.33 12805 199.94
endloop
endfacet
facet normal -0.40429280054207173 -0.9146296143411544 0
outer loop
vertex 7204.21 12789.140000000001 599.95
vertex 7168.33 12805 199.94
vertex 7204.21 12789.140000000001 199.94
endloop
endfacet
facet normal -0.9142531316370797 0.40514344532744545 0
outer loop
vertex 7042.1 12423.32 199.94
vertex 7042.1 12423.32 599.95
vertex 7204.21 12789.140000000001 599.95
endloop
endfacet
facet normal -0.9142531316370797 0.40514344532744545 0
outer loop
vertex 7042.1 12423.32 199.94
vertex 7204.21 12789.140000000001 599.95
vertex 7204.21 12789.140000000001 199.94
endloop
endfacet
facet normal -0.44985786095040625 -0.8931001651221014 0
outer loop
vertex 7257.12 12763.01 599.95
vertex 7222.02 12780.69 599.95
vertex 7222.02 12780.69 199.94
endloop
endfacet
facet normal -0.44985786095040625 -0.8931001651221014 0
outer loop
vertex 7257.12 12763.01 599.95
vertex 7222.02 12780.69 199.94
vertex 7257.12 12763.01 199.94
endloop
endfacet
facet normal 0.8931891083652828 -0.44968123898783163 0
outer loop
vertex 7222.02 12780.69 599.95
vertex 7042.1 12423.32 599.95
vertex 7042.1 12423.32 199.94
endloop
endfacet
facet normal 0.8931891083652828 -0.44968123898783163 0
outer loop
vertex 7222.02 12780.69 599.95
vertex 7042.1 12423.32 199.94
vertex 7222.02 12780.69 199.94
endloop
endfacet
facet normal -0.8931891083652818 0.4496812389878334 0
outer loop
vertex 7077.2 12405.640000000001 199.94
vertex 7077.2 12405.640000000001 599.95
vertex 7257.12 12763.01 599.95
endloop
endfacet
facet normal -0.8931891083652818 0.4496812389878334 0
outer loop
vertex 7077.2 12405.640000000001 199.94
vertex 7257.12 12763.01 599.95
vertex 7257.12 12763.01 199.94
endloop
endfacet
facet normal 0.4498578609503969 0.8931001651221061 0
outer loop
vertex 6888.570000000001 12052.82 199.94
vertex 6871.02 12061.66 199.94
vertex 6871.02 12061.66 599.95
endloop
endfacet
facet normal 0.4498578609503969 0.8931001651221061 0
outer loop
vertex 6888.570000000001 12052.82 199.94
vertex 6871.02 12061.66 599.95
vertex 6888.570000000001 12052.82 599.95
endloop
endfacet
facet normal -0.4929290983329896 -0.8700694822924352 0
outer loop
vertex 7308.6 12734.41 599.95
vertex 7274.41 12753.78 599.95
vertex 7274.41 12753.78 199.94
endloop
endfacet
facet normal -0.4929290983329896 -0.8700694822924352 0
outer loop
vertex 7308.6 12734.41 599.95
vertex 7274.41 12753.78 199.94
vertex 7308.6 12734.41 199.94
endloop
endfacet
facet normal -0.8699571529768931 0.4931273182296217 0
outer loop
vertex 7111.26 12386.27 199.94
vertex 7111.26 12386.27 599.95
vertex 7308.6 12734.41 599.95
endloop
endfacet
facet normal -0.8699571529768931 0.4931273182296217 0
outer loop
vertex 7111.26 12386.27 199.94
vertex 7308.6 12734.41 599.95
vertex 7308.6 12734.41 199.94
endloop
endfacet
facet normal -0.532374690157026 -0.8465088241006178 0
outer loop
vertex 7358.650000000001 12703.34 599.95
vertex 7325.37 12724.27 599.95
vertex 7325.37 12724.27 199.94
endloop
endfacet
facet normal -0.532374690157026 -0.8465088241006178 0
outer loop
vertex 7358.650000000001 12703.34 599.95
vertex 7325.37 12724.27 199.94
vertex 7358.650000000001 12703.34 199.94
endloop
endfacet
facet normal 0.8447701162678867 -0.5351293774973874 0
outer loop
vertex 7325.37 12724.27 599.95
vertex 7111.26 12386.27 599.95
vertex 7111.26 12386.27 199.94
endloop
endfacet
facet normal 0.8447701162678867 -0.5351293774973874 0
outer loop
vertex 7325.37 12724.27 599.95
vertex 7111.26 12386.27 199.94
vertex 7325.37 12724.27 199.94
endloop
endfacet
facet normal 0.8700965024985967 -0.4928814019008117 0
outer loop
vertex 7274.41 12753.78 599.95
vertex 7077.2 12405.640000000001 599.95
vertex 7077.2 12405.640000000001 199.94
endloop
endfacet
facet normal 0.8700965024985967 -0.4928814019008117 0
outer loop
vertex 7274.41 12753.78 599.95
vertex 7077.2 12405.640000000001 199.94
vertex 7274.41 12753.78 199.94
endloop
endfacet
facet normal 0.4890057643367302 0.8722805526007388 0
outer loop
vertex 6905.7300000000005 12043.2 599.95
vertex 6905.7300000000005 12043.2 199.94
vertex 6888.570000000001 12052.82 199.94
endloop
endfacet
facet normal 0.4890057643367302 0.8722805526007388 0
outer loop
vertex 6905.7300000000005 12043.2 599.95
vertex 6888.570000000001 12052.82 199.94
vertex 6888.570000000001 12052.82 599.95
endloop
endfacet
facet normal 0.5377343391303832 0.8431143341919946 0
outer loop
vertex 6922.24 12032.67 599.95
vertex 6922.24 12032.67 199.94
vertex 6905.7300000000005 12043.2 199.94
endloop
endfacet
facet normal 0.5377343391303832 0.8431143341919946 0
outer loop
vertex 6922.24 12032.67 599.95
vertex 6905.7300000000005 12043.2 199.94
vertex 6905.7300000000005 12043.2 599.95
endloop
endfacet
facet normal -0.8448631207756456 0.5349825297645119 0
outer loop
vertex 7144.54 12365.210000000001 199.94
vertex 7144.54 12365.210000000001 599.95
vertex 7358.650000000001 12703.34 599.95
endloop
endfacet
facet normal -0.8448631207756456 0.5349825297645119 0
outer loop
vertex 7144.54 12365.210000000001 199.94
vertex 7358.650000000001 12703.34 599.95
vertex 7358.650000000001 12703.34 199.94
endloop
endfacet
facet normal -0.5759032618551279 -0.817517848725411 0
outer loop
vertex 7407.01 12669.800000000001 599.95
vertex 7374.900000000001 12692.42 599.95
vertex 7374.900000000001 12692.42 199.94
endloop
endfacet
facet normal -0.5759032618551279 -0.817517848725411 0
outer loop
vertex 7407.01 12669.800000000001 599.95
vertex 7374.900000000001 12692.42 199.94
vertex 7407.01 12669.800000000001 199.94
endloop
endfacet
facet normal -0.8176874830371237 0.5756623837670946 0
outer loop
vertex 7176.650000000001 12342.59 199.94
vertex 7176.650000000001 12342.59 599.95
vertex 7407.01 12669.800000000001 599.95
endloop
endfacet
facet normal -0.8176874830371237 0.5756623837670946 0
outer loop
vertex 7176.650000000001 12342.59 199.94
vertex 7407.01 12669.800000000001 599.95
vertex 7407.01 12669.800000000001 199.94
endloop
endfacet
facet normal -0.614169186722193 -0.7891743850892526 0
outer loop
vertex 7453.81 12633.92 599.95
vertex 7422.740000000001 12658.1 599.95
vertex 7422.740000000001 12658.1 199.94
endloop
endfacet
facet normal -0.614169186722193 -0.7891743850892526 0
outer loop
vertex 7453.81 12633.92 599.95
vertex 7422.740000000001 12658.1 199.94
vertex 7453.81 12633.92 199.94
endloop
endfacet
facet normal 0.7885117593714966 -0.6150196788175701 0
outer loop
vertex 7422.740000000001 12658.1 599.95
vertex 7176.650000000001 12342.59 599.95
vertex 7176.650000000001 12342.59 199.94
endloop
endfacet
facet normal 0.7885117593714966 -0.6150196788175701 0
outer loop
vertex 7422.740000000001 12658.1 599.95
vertex 7176.650000000001 12342.59 199.94
vertex 7422.740000000001 12658.1 199.94
endloop
endfacet
facet normal -0.7883542087567217 0.6152216198538242 0
outer loop
vertex 7207.59 12318.41 199.94
vertex 7207.59 12318.41 599.95
vertex 7453.81 12633.92 599.95
endloop
endfacet
facet normal -0.7883542087567217 0.6152216198538242 0
outer loop
vertex 7207.59 12318.41 199.94
vertex 7453.81 12633.92 599.95
vertex 7453.81 12633.92 199.94
endloop
endfacet
facet normal 0.6157725230048078 0.7879239810491198 0
outer loop
vertex 6953.83 12009.27 199.94
vertex 6938.360000000001 12021.36 199.94
vertex 6938.360000000001 12021.36 599.95
endloop
endfacet
facet normal 0.6157725230048078 0.7879239810491198 0
outer loop
vertex 6953.83 12009.27 199.94
vertex 6938.360000000001 12021.36 599.95
vertex 6953.83 12009.27 599.95
endloop
endfacet
facet normal -0.6521534402186804 -0.7580869939597565 0
outer loop
vertex 7498.66 12595.83 599.95
vertex 7468.89 12621.44 599.95
vertex 7468.89 12621.44 199.94
endloop
endfacet
facet normal -0.6521534402186804 -0.7580869939597565 0
outer loop
vertex 7498.66 12595.83 599.95
vertex 7468.89 12621.44 199.94
vertex 7498.66 12595.83 199.94
endloop
endfacet
facet normal -0.7573268483176135 0.6530360210718168 0
outer loop
vertex 7237.360000000001 12292.800000000001 199.94
vertex 7237.360000000001 12292.800000000001 599.95
vertex 7498.66 12595.83 599.95
endloop
endfacet
facet normal -0.7573268483176135 0.6530360210718168 0
outer loop
vertex 7237.360000000001 12292.800000000001 199.94
vertex 7498.66 12595.83 599.95
vertex 7498.66 12595.83 199.94
endloop
endfacet
facet normal -0.6903971767859847 -0.7234305345269454 0
outer loop
vertex 7541.6900000000005 12555.53 599.95
vertex 7513.22 12582.7 599.95
vertex 7513.22 12582.7 199.94
endloop
endfacet
facet normal -0.6903971767859847 -0.7234305345269454 0
outer loop
vertex 7541.6900000000005 12555.53 599.95
vertex 7513.22 12582.7 199.94
vertex 7541.6900000000005 12555.53 199.94
endloop
endfacet
facet normal 0.724431434310818 -0.6893468626042851 0
outer loop
vertex 7513.22 12582.7 599.95
vertex 7237.360000000001 12292.800000000001 599.95
vertex 7237.360000000001 12292.800000000001 199.94
endloop
endfacet
facet normal 0.724431434310818 -0.6893468626042851 0
outer loop
vertex 7513.22 12582.7 599.95
vertex 7237.360000000001 12292.800000000001 199.94
vertex 7513.22 12582.7 199.94
endloop
endfacet
facet normal 0.7573268483176145 -0.6530360210718159 0
outer loop
vertex 7468.89 12621.44 599.95
vertex 7207.59 12318.41 599.95
vertex 7207.59 12318.41 199.94
endloop
endfacet
facet normal 0.7573268483176145 -0.6530360210718159 0
outer loop
vertex 7468.89 12621.44 599.95
vertex 7207.59 12318.41 199.94
vertex 7468.89 12621.44 199.94
endloop
endfacet
facet normal 0.6518863031329624 0.7583167199710417 0
outer loop
vertex 6968.650000000001 11996.53 599.95
vertex 6968.650000000001 11996.53 199.94
vertex 6953.83 12009.27 199.94
endloop
endfacet
facet normal 0.6518863031329624 0.7583167199710417 0
outer loop
vertex 6968.650000000001 11996.53 599.95
vertex 6953.83 12009.27 199.94
vertex 6953.83 12009.27 599.95
endloop
endfacet
facet normal 0.5743481434917374 0.8186111470457721 0
outer loop
vertex 6938.360000000001 12021.36 599.95
vertex 6938.360000000001 12021.36 199.94
vertex 6922.24 12032.67 199.94
endloop
endfacet
facet normal 0.5743481434917374 0.8186111470457721 0
outer loop
vertex 6938.360000000001 12021.36 599.95
vertex 6922.24 12032.67 199.94
vertex 6922.24 12032.67 599.95
endloop
endfacet
facet normal 0.8176874830371211 -0.5756623837670982 0
outer loop
vertex 7374.900000000001 12692.42 599.95
vertex 7144.54 12365.210000000001 599.95
vertex 7144.54 12365.210000000001 199.94
endloop
endfacet
facet normal 0.8176874830371211 -0.5756623837670982 0
outer loop
vertex 7374.900000000001 12692.42 599.95
vertex 7144.54 12365.210000000001 199.94
vertex 7374.900000000001 12692.42 199.94
endloop
endfacet
facet normal 0.9142531316370788 -0.40514344532744706 0
outer loop
vertex 7168.33 12805 599.95
vertex 7006.22 12439.18 599.95
vertex 7006.22 12439.18 199.94
endloop
endfacet
facet normal 0.9142531316370788 -0.40514344532744706 0
outer loop
vertex 7168.33 12805 599.95
vertex 7006.22 12439.18 199.94
vertex 7168.33 12805 199.94
endloop
endfacet
facet normal 0.40981492144108084 0.9121686961106705 0
outer loop
vertex 6871.02 12061.66 599.95
vertex 6871.02 12061.66 199.94
vertex 6853.08 12069.720000000001 199.94
endloop
endfacet
facet normal 0.40981492144108084 0.9121686961106705 0
outer loop
vertex 6871.02 12061.66 599.95
vertex 6853.08 12069.720000000001 199.94
vertex 6853.08 12069.720000000001 599.95
endloop
endfacet
facet normal 0.6904757466825094 0.7233555441435638 0
outer loop
vertex 6982.95 11982.880000000001 199.94
vertex 6968.650000000001 11996.53 199.94
vertex 6968.650000000001 11996.53 599.95
endloop
endfacet
facet normal 0.6904757466825094 0.7233555441435638 0
outer loop
vertex 6982.95 11982.880000000001 199.94
vertex 6968.650000000001 11996.53 599.95
vertex 6982.95 11982.880000000001 599.95
endloop
endfacet
facet normal -0.7241147538730999 0.6896795076144426 0
outer loop
vertex 7265.7 12265.76 199.94
vertex 7265.7 12265.76 599.95
vertex 7541.6900000000005 12555.53 599.95
endloop
endfacet
facet normal -0.7241147538730999 0.6896795076144426 0
outer loop
vertex 7265.7 12265.76 199.94
vertex 7541.6900000000005 12555.53 599.95
vertex 7541.6900000000005 12555.53 199.94
endloop
endfacet
facet normal -0.723506220004719 -0.6903178612889016 0
outer loop
vertex 7582.64 12513.28 599.95
vertex 7555.6 12541.62 599.95
vertex 7555.6 12541.62 199.94
endloop
endfacet
facet normal -0.723506220004719 -0.6903178612889016 0
outer loop
vertex 7582.64 12513.28 599.95
vertex 7555.6 12541.62 199.94
vertex 7582.64 12513.28 199.94
endloop
endfacet
facet normal -0.6896795076144414 0.724114753873101 0
outer loop
vertex 7292.87 12237.29 199.94
vertex 7292.87 12237.29 599.95
vertex 7582.64 12513.28 599.95
endloop
endfacet
facet normal -0.6896795076144414 0.724114753873101 0
outer loop
vertex 7292.87 12237.29 199.94
vertex 7582.64 12513.28 599.95
vertex 7582.64 12513.28 199.94
endloop
endfacet
facet normal -0.7564515107400046 -0.6540497778450544 0
outer loop
vertex 7621.51 12468.95 599.95
vertex 7595.77 12498.720000000001 599.95
vertex 7595.77 12498.720000000001 199.94
endloop
endfacet
facet normal -0.7564515107400046 -0.6540497778450544 0
outer loop
vertex 7621.51 12468.95 599.95
vertex 7595.77 12498.720000000001 199.94
vertex 7621.51 12468.95 199.94
endloop
endfacet
facet normal 0.653382984866725 -0.7570275259768623 0
outer loop
vertex 7595.77 12498.720000000001 599.95
vertex 7292.87 12237.29 599.95
vertex 7292.87 12237.29 199.94
endloop
endfacet
facet normal 0.653382984866725 -0.7570275259768623 0
outer loop
vertex 7595.77 12498.720000000001 599.95
vertex 7292.87 12237.29 199.94
vertex 7595.77 12498.720000000001 199.94
endloop
endfacet
facet normal -0.6532223025074343 0.7571661795846972 0
outer loop
vertex 7318.4800000000005 12207.52 199.94
vertex 7318.4800000000005 12207.52 599.95
vertex 7621.51 12468.95 599.95
endloop
endfacet
facet normal -0.6532223025074343 0.7571661795846972 0
outer loop
vertex 7318.4800000000005 12207.52 199.94
vertex 7621.51 12468.95 599.95
vertex 7621.51 12468.95 199.94
endloop
endfacet
facet normal 0.75503311839264 0.6556866554462473 0
outer loop
vertex 7009.34 11953.890000000001 199.94
vertex 6996.47 11968.710000000001 199.94
vertex 6996.47 11968.710000000001 599.95
endloop
endfacet
facet normal 0.75503311839264 0.6556866554462473 0
outer loop
vertex 7009.34 11953.890000000001 199.94
vertex 6996.47 11968.710000000001 599.95
vertex 7009.34 11953.890000000001 599.95
endloop
endfacet
facet normal -0.7895308108461992 -0.6137109243972632 0
outer loop
vertex 7658.04 12422.800000000001 599.95
vertex 7633.990000000001 12453.74 599.95
vertex 7633.990000000001 12453.74 199.94
endloop
endfacet
facet normal -0.7895308108461992 -0.6137109243972632 0
outer loop
vertex 7658.04 12422.800000000001 599.95
vertex 7633.990000000001 12453.74 199.94
vertex 7658.04 12422.800000000001 199.94
endloop
endfacet
facet normal -0.6153791929025527 0.7882312154073846 0
outer loop
vertex 7342.66 12176.58 199.94
vertex 7342.66 12176.58 599.95
vertex 7658.04 12422.800000000001 599.95
endloop
endfacet
facet normal -0.6153791929025527 0.7882312154073846 0
outer loop
vertex 7342.66 12176.58 199.94
vertex 7658.04 12422.800000000001 599.95
vertex 7658.04 12422.800000000001 199.94
endloop
endfacet
facet normal -0.8175178487253925 -0.5759032618551542 0
outer loop
vertex 7692.360000000001 12374.960000000001 599.95
vertex 7669.740000000001 12407.07 599.95
vertex 7669.740000000001 12407.07 199.94
endloop
endfacet
facet normal -0.8175178487253925 -0.5759032618551542 0
outer loop
vertex 7692.360000000001 12374.960000000001 599.95
vertex 7669.740000000001 12407.07 199.94
vertex 7692.360000000001 12374.960000000001 199.94
endloop
endfacet
facet normal 0.5760324816135741 -0.8174268041397391 0
outer loop
vertex 7669.740000000001 12407.07 599.95
vertex 7342.66 12176.58 599.95
vertex 7342.66 12176.58 199.94
endloop
endfacet
facet normal 0.5760324816135741 -0.8174268041397391 0
outer loop
vertex 7669.740000000001 12407.07 599.95
vertex 7342.66 12176.58 199.94
vertex 7669.740000000001 12407.07 199.94
endloop
endfacet
facet normal 0.6152216198538227 -0.7883542087567227 0
outer loop
vertex 7633.990000000001 12453.74 599.95
vertex 7318.4800000000005 12207.52 599.95
vertex 7318.4800000000005 12207.52 199.94
endloop
endfacet
facet normal 0.6152216198538227 -0.7883542087567227 0
outer loop
vertex 7633.990000000001 12453.74 599.95
vertex 7318.4800000000005 12207.52 199.94
vertex 7633.990000000001 12453.74 199.94
endloop
endfacet
facet normal 0.7904150521752471 0.6125716654358097 0
outer loop
vertex 7021.43 11938.29 599.95
vertex 7021.43 11938.29 199.94
vertex 7009.34 11953.890000000001 199.94
endloop
endfacet
facet normal 0.7904150521752471 0.6125716654358097 0
outer loop
vertex 7021.43 11938.29 599.95
vertex 7009.34 11953.890000000001 199.94
vertex 7009.34 11953.890000000001 599.95
endloop
endfacet
facet normal 0.8164156395068519 0.577464720626826 0
outer loop
vertex 7032.740000000001 11922.300000000001 599.95
vertex 7032.740000000001 11922.300000000001 199.94
vertex 7021.43 11938.29 199.94
endloop
endfacet
facet normal 0.8164156395068519 0.577464720626826 0
outer loop
vertex 7032.740000000001 11922.300000000001 599.95
vertex 7021.43 11938.29 199.94
vertex 7021.43 11938.29 599.95
endloop
endfacet
facet normal -0.5760324816135751 0.8174268041397382 0
outer loop
vertex 7365.280000000001 12144.470000000001 199.94
vertex 7365.280000000001 12144.470000000001 599.95
vertex 7692.360000000001 12374.960000000001 599.95
endloop
endfacet
facet normal -0.5760324816135751 0.8174268041397382 0
outer loop
vertex 7365.280000000001 12144.470000000001 199.94
vertex 7692.360000000001 12374.960000000001 599.95
vertex 7692.360000000001 12374.960000000001 199.94
endloop
endfacet
facet normal -0.8440701351534061 -0.5362327917445097 0
outer loop
vertex 7724.34 12325.43 599.95
vertex 7703.280000000001 12358.58 599.95
vertex 7703.280000000001 12358.58 199.94
endloop
endfacet
facet normal -0.8440701351534061 -0.5362327917445097 0
outer loop
vertex 7724.34 12325.43 599.95
vertex 7703.280000000001 12358.58 199.94
vertex 7724.34 12325.43 199.94
endloop
endfacet
facet normal -0.5349825297645108 0.8448631207756463 0
outer loop
vertex 7386.21 12111.32 199.94
vertex 7386.21 12111.32 599.95
vertex 7724.34 12325.43 599.95
endloop
endfacet
facet normal -0.5349825297645108 0.8448631207756463 0
outer loop
vertex 7386.21 12111.32 199.94
vertex 7724.34 12325.43 599.95
vertex 7724.34 12325.43 199.94
endloop
endfacet
facet normal -0.8714870281184726 -0.4904185557472645 0
outer loop
vertex 7753.72 12274.34 599.95
vertex 7734.4800000000005 12308.53 599.95
vertex 7734.4800000000005 12308.53 199.94
endloop
endfacet
facet normal -0.8714870281184726 -0.4904185557472645 0
outer loop
vertex 7753.72 12274.34 599.95
vertex 7734.4800000000005 12308.53 199.94
vertex 7753.72 12274.34 199.94
endloop
endfacet
facet normal 0.49274209788583695 -0.8701753989691183 0
outer loop
vertex 7734.4800000000005 12308.53 599.95
vertex 7386.21 12111.32 599.95
vertex 7386.21 12111.32 199.94
endloop
endfacet
facet normal 0.49274209788583695 -0.8701753989691183 0
outer loop
vertex 7734.4800000000005 12308.53 599.95
vertex 7386.21 12111.32 199.94
vertex 7734.4800000000005 12308.53 199.94
endloop
endfacet
facet normal -0.4928814019008091 0.8700965024985983 0
outer loop
vertex 7405.58 12077.130000000001 199.94
vertex 7405.58 12077.130000000001 599.95
vertex 7753.72 12274.34 599.95
endloop
endfacet
facet normal -0.4928814019008091 0.8700965024985983 0
outer loop
vertex 7405.58 12077.130000000001 199.94
vertex 7753.72 12274.34 599.95
vertex 7753.72 12274.34 199.94
endloop
endfacet
facet normal 0.8678351754151552 0.49685219966519917 0
outer loop
vertex 7052.89 11888.630000000001 199.94
vertex 7043.14 11905.66 199.94
vertex 7043.14 11905.66 599.95
endloop
endfacet
facet normal 0.8678351754151552 0.49685219966519917 0
outer loop
vertex 7052.89 11888.630000000001 199.94
vertex 7043.14 11905.66 599.95
vertex 7052.89 11888.630000000001 599.95
endloop
endfacet
facet normal -0.8931001651221061 -0.4498578609503969 0
outer loop
vertex 7780.76 12221.95 599.95
vertex 7763.08 12257.050000000001 599.95
vertex 7763.08 12257.050000000001 199.94
endloop
endfacet
facet normal -0.8931001651221061 -0.4498578609503969 0
outer loop
vertex 7780.76 12221.95 599.95
vertex 7763.08 12257.050000000001 199.94
vertex 7780.76 12221.95 199.94
endloop
endfacet
facet normal -0.44955077014469125 0.8932547817181361 0
outer loop
vertex 7423.26 12042.03 199.94
vertex 7423.26 12042.03 599.95
vertex 7780.76 12221.95 599.95
endloop
endfacet
facet normal -0.44955077014469125 0.8932547817181361 0
outer loop
vertex 7423.26 12042.03 199.94
vertex 7780.76 12221.95 599.95
vertex 7780.76 12221.95 199.94
endloop
endfacet
facet normal -0.9134016707474216 -0.40705944022442103 0
outer loop
vertex 7805.070000000001 12168.390000000001 599.95
vertex 7789.08 12204.27 599.95
vertex 7789.08 12204.27 199.94
endloop
endfacet
facet normal -0.9134016707474216 -0.40705944022442103 0
outer loop
vertex 7805.070000000001 12168.390000000001 599.95
vertex 7789.08 12204.27 199.94
vertex 7805.070000000001 12168.390000000001 199.94
endloop
endfacet
facet normal 0.405414957631798 -0.9141327650447758 0
outer loop
vertex 7789.08 12204.27 599.95
vertex 7423.26 12042.03 599.95
vertex 7423.26 12042.03 199.94
endloop
endfacet
facet normal 0.405414957631798 -0.9141327650447758 0
outer loop
vertex 7789.08 12204.27 599.95
vertex 7423.26 12042.03 199.94
vertex 7789.08 12204.27 199.94
endloop
endfacet
facet normal 0.44955077014469125 -0.8932547817181361 0
outer loop
vertex 7763.08 12257.050000000001 599.95
vertex 7405.58 12077.130000000001 599.95
vertex 7405.58 12077.130000000001 199.94
endloop
endfacet
facet normal 0.44955077014469125 -0.8932547817181361 0
outer loop
vertex 7763.08 12257.050000000001 599.95
vertex 7405.58 12077.130000000001 199.94
vertex 7763.08 12257.050000000001 199.94
endloop
endfacet
facet normal 0.8931001651221155 0.44985786095037833 0
outer loop
vertex 7061.7300000000005 11871.08 599.95
vertex 7061.7300000000005 11871.08 199.94
vertex 7052.89 11888.630000000001 199.94
endloop
endfacet
facet normal 0.8931001651221155 0.44985786095037833 0
outer loop
vertex 7061.7300000000005 11871.08 599.95
vertex 7052.89 11888.630000000001 199.94
vertex 7052.89 11888.630000000001 599.95
endloop
endfacet
facet normal 0.847998304005114 0.5299989400031383 0
outer loop
vertex 7043.14 11905.66 599.95
vertex 7043.14 11905.66 199.94
vertex 7032.740000000001 11922.300000000001 199.94
endloop
endfacet
facet normal 0.847998304005114 0.5299989400031383 0
outer loop
vertex 7043.14 11905.66 599.95
vertex 7032.740000000001 11922.300000000001 199.94
vertex 7032.740000000001 11922.300000000001 599.95
endloop
endfacet
facet normal 0.5351293774973858 -0.8447701162678877 0
outer loop
vertex 7703.280000000001 12358.58 599.95
vertex 7365.280000000001 12144.470000000001 599.95
vertex 7365.280000000001 12144.470000000001 199.94
endloop
endfacet
facet normal 0.5351293774973858 -0.8447701162678877 0
outer loop
vertex 7703.280000000001 12358.58 599.95
vertex 7365.280000000001 12144.470000000001 199.94
vertex 7703.280000000001 12358.58 199.94
endloop
endfacet
facet normal -0.4052945988029036 0.914186134319042 0
outer loop
vertex 7439.12 12006.15 199.94
vertex 7439.12 12006.15 599.95
vertex 7805.070000000001 12168.390000000001 599.95
endloop
endfacet
facet normal -0.4052945988029036 0.914186134319042 0
outer loop
vertex 7439.12 12006.15 199.94
vertex 7805.070000000001 12168.390000000001 599.95
vertex 7805.070000000001 12168.390000000001 199.94
endloop
endfacet
facet normal 0.9146296143411429 0.4042928005420974 0
outer loop
vertex 7069.66 11853.140000000001 199.94
vertex 7061.7300000000005 11871.08 199.94
vertex 7061.7300000000005 11871.08 599.95
endloop
endfacet
facet normal 0.9146296143411429 0.4042928005420974 0
outer loop
vertex 7069.66 11853.140000000001 199.94
vertex 7061.7300000000005 11871.08 599.95
vertex 7069.66 11853.140000000001 599.95
endloop
endfacet
facet normal -0.9327475818938947 -0.36053009371076405 0
outer loop
vertex 7826.650000000001 12113.53 599.95
vertex 7812.4800000000005 12150.19 599.95
vertex 7812.4800000000005 12150.19 199.94
endloop
endfacet
facet normal -0.9327475818938947 -0.36053009371076405 0
outer loop
vertex 7826.650000000001 12113.53 599.95
vertex 7812.4800000000005 12150.19 199.94
vertex 7826.650000000001 12113.53 199.94
endloop
endfacet
facet normal -0.3599367031655797 0.9329767251728701 0
outer loop
vertex 7453.29 11969.49 199.94
vertex 7453.29 11969.49 599.95
vertex 7826.650000000001 12113.53 599.95
endloop
endfacet
facet normal -0.3599367031655797 0.9329767251728701 0
outer loop
vertex 7453.29 11969.49 199.94
vertex 7826.650000000001 12113.53 599.95
vertex 7826.650000000001 12113.53 199.94
endloop
endfacet
facet normal -0.9493427849348628 -0.3142423852571749 0
outer loop
vertex 7845.63 12057.76 599.95
vertex 7833.280000000001 12095.07 599.95
vertex 7833.280000000001 12095.07 199.94
endloop
endfacet
facet normal -0.9493427849348628 -0.3142423852571749 0
outer loop
vertex 7845.63 12057.76 599.95
vertex 7833.280000000001 12095.07 199.94
vertex 7845.63 12057.76 199.94
endloop
endfacet
facet normal 0.3137904619266473 -0.949492256947818 0
outer loop
vertex 7833.280000000001 12095.07 599.95
vertex 7453.29 11969.49 599.95
vertex 7453.29 11969.49 199.94
endloop
endfacet
facet normal 0.3137904619266473 -0.949492256947818 0
outer loop
vertex 7833.280000000001 12095.07 599.95
vertex 7453.29 11969.49 199.94
vertex 7833.280000000001 12095.07 199.94
endloop
endfacet
facet normal -0.3134975669982408 0.9495890034568552 0
outer loop
vertex 7465.64 11932.310000000001 199.94
vertex 7465.64 11932.310000000001 599.95
vertex 7845.63 12057.76 599.95
endloop
endfacet
facet normal -0.3134975669982408 0.9495890034568552 0
outer loop
vertex 7465.64 11932.310000000001 199.94
vertex 7845.63 12057.76 599.95
vertex 7845.63 12057.76 199.94
endloop
endfacet
facet normal 0.948683298050523 0.31622776601681024 0
outer loop
vertex 7082.92 11816.09 199.94
vertex 7076.68 11834.810000000001 199.94
vertex 7076.68 11834.810000000001 599.95
endloop
endfacet
facet normal 0.948683298050523 0.31622776601681024 0
outer loop
vertex 7082.92 11816.09 199.94
vertex 7076.68 11834.810000000001 599.95
vertex 7082.92 11816.09 599.95
endloop
endfacet
facet normal -0.9644582868368949 -0.26423514707858553 0
outer loop
vertex 7861.75 12001.08 599.95
vertex 7851.35 12039.04 599.95
vertex 7851.35 12039.04 199.94
endloop
endfacet
facet normal -0.9644582868368949 -0.26423514707858553 0
outer loop
vertex 7861.75 12001.08 599.95
vertex 7851.35 12039.04 199.94
vertex 7861.75 12001.08 199.94
endloop
endfacet
facet normal -0.26668877599517316 0.9637827020434618 0
outer loop
vertex 7476.04 11894.35 199.94
vertex 7476.04 11894.35 599.95
vertex 7861.75 12001.08 599.95
endloop
endfacet
facet normal -0.26668877599517316 0.9637827020434618 0
outer loop
vertex 7476.04 11894.35 199.94
vertex 7861.75 12001.08 599.95
vertex 7861.75 12001.08 199.94
endloop
endfacet
facet normal -0.9758747088926201 -0.21833129080309074 0
outer loop
vertex 7875.14 11943.75 599.95
vertex 7866.56 11982.1 599.95
vertex 7866.56 11982.1 199.94
endloop
endfacet
facet normal -0.9758747088926201 -0.21833129080309074 0
outer loop
vertex 7875.14 11943.75 599.95
vertex 7866.56 11982.1 199.94
vertex 7875.14 11943.75 199.94
endloop
endfacet
facet normal 0.21923395947724483 -0.97567231743651 0
outer loop
vertex 7866.56 11982.1 599.95
vertex 7476.04 11894.35 599.95
vertex 7476.04 11894.35 199.94
endloop
endfacet
facet normal 0.21923395947724483 -0.97567231743651 0
outer loop
vertex 7866.56 11982.1 599.95
vertex 7476.04 11894.35 199.94
vertex 7866.56 11982.1 199.94
endloop
endfacet
facet normal 0.26668877599517316 -0.9637827020434618 0
outer loop
vertex 7851.35 12039.04 599.95
vertex 7465.64 11932.310000000001 599.95
vertex 7465.64 11932.310000000001 199.94
endloop
endfacet
facet normal 0.26668877599517316 -0.9637827020434618 0
outer loop
vertex 7851.35 12039.04 599.95
vertex 7465.64 11932.310000000001 199.94
vertex 7851.35 12039.04 199.94
endloop
endfacet
facet normal 0.9639926182060776 0.26592899812580006 0
outer loop
vertex 7088.12 11797.24 599.95
vertex 7088.12 11797.24 199.94
vertex 7082.92 11816.09 199.94
endloop
endfacet
facet normal 0.9639926182060776 0.26592899812580006 0
outer loop
vertex 7088.12 11797.24 599.95
vertex 7082.92 11816.09 199.94
vertex 7082.92 11816.09 599.95
endloop
endfacet
facet normal 0.9760316384821002 0.21762867614803647 0
outer loop
vertex 7092.41 11778 599.95
vertex 7092.41 11778 199.94
vertex 7088.12 11797.24 199.94
endloop
endfacet
facet normal 0.9760316384821002 0.21762867614803647 0
outer loop
vertex 7092.41 11778 599.95
vertex 7088.12 11797.24 199.94
vertex 7088.12 11797.24 599.95
endloop
endfacet
facet normal -0.21899415232038072 0.9757261712434889 0
outer loop
vertex 7484.75 11856.130000000001 199.94
vertex 7484.75 11856.130000000001 599.95
vertex 7875.14 11943.75 599.95
endloop
endfacet
facet normal -0.21899415232038072 0.9757261712434889 0
outer loop
vertex 7484.75 11856.130000000001 199.94
vertex 7875.14 11943.75 599.95
vertex 7875.14 11943.75 199.94
endloop
endfacet
facet normal -0.9856694305119885 -0.16868839247017625 0
outer loop
vertex 7885.67 11885.77 599.95
vertex 7879.04 11924.51 599.95
vertex 7879.04 11924.51 199.94
endloop
endfacet
facet normal -0.9856694305119885 -0.16868839247017625 0
outer loop
vertex 7885.67 11885.77 599.95
vertex 7879.04 11924.51 199.94
vertex 7885.67 11885.77 199.94
endloop
endfacet
facet normal -0.17087502980842872 0.9852927099029853 0
outer loop
vertex 7491.38 11817.390000000001 199.94
vertex 7491.38 11817.390000000001 599.95
vertex 7885.67 11885.77 599.95
endloop
endfacet
facet normal -0.17087502980842872 0.9852927099029853 0
outer loop
vertex 7491.38 11817.390000000001 199.94
vertex 7885.67 11885.77 599.95
vertex 7885.67 11885.77 199.94
endloop
endfacet
facet normal -0.9924801257500117 -0.12240588217582181 0
outer loop
vertex 7893.34 11827.4 599.95
vertex 7888.530000000001 11866.4 599.95
vertex 7888.530000000001 11866.4 199.94
endloop
endfacet
facet normal -0.9924801257500117 -0.12240588217582181 0
outer loop
vertex 7893.34 11827.4 599.95
vertex 7888.530000000001 11866.4 199.94
vertex 7893.34 11827.4 199.94
endloop
endfacet
facet normal 0.12247521529361002 -0.9924715722068738 0
outer loop
vertex 7888.530000000001 11866.4 599.95
vertex 7491.38 11817.390000000001 599.95
vertex 7491.38 11817.390000000001 199.94
endloop
endfacet
facet normal 0.12247521529361002 -0.9924715722068738 0
outer loop
vertex 7888.530000000001 11866.4 599.95
vertex 7491.38 11817.390000000001 199.94
vertex 7888.530000000001 11866.4 199.94
endloop
endfacet
facet normal -0.12247521529361032 0.9924715722068737 0
outer loop
vertex 7496.1900000000005 11778.390000000001 199.94
vertex 7496.1900000000005 11778.390000000001 599.95
vertex 7893.34 11827.4 599.95
endloop
endfacet
facet normal -0.12247521529361032 0.9924715722068737 0
outer loop
vertex 7496.1900000000005 11778.390000000001 199.94
vertex 7893.34 11827.4 599.95
vertex 7893.34 11827.4 199.94
endloop
endfacet
facet normal 0.9928768384869212 0.11914522061843798 0
outer loop
vertex 7098.13 11739.26 199.94
vertex 7095.79 11758.76 199.94
vertex 7095.79 11758.76 599.95
endloop
endfacet
facet normal 0.9928768384869212 0.11914522061843798 0
outer loop
vertex 7098.13 11739.26 199.94
vertex 7095.79 11758.76 599.95
vertex 7098.13 11739.26 599.95
endloop
endfacet
facet normal -0.9973571218545987 -0.07265515457220706 0
outer loop
vertex 7898.150000000001 11768.640000000001 599.95
vertex 7895.29 11807.9 599.95
vertex 7895.29 11807.9 199.94
endloop
endfacet
facet normal -0.9973571218545987 -0.07265515457220706 0
outer loop
vertex 7898.150000000001 11768.640000000001 599.95
vertex 7895.29 11807.9 199.94
vertex 7898.150000000001 11768.640000000001 199.94
endloop
endfacet
facet normal -0.07344076418828478 0.9972995809461873 0
outer loop
vertex 7499.18 11739.26 199.94
vertex 7499.18 11739.26 599.95
vertex 7898.150000000001 11768.640000000001 599.95
endloop
endfacet
facet normal -0.07344076418828478 0.9972995809461873 0
outer loop
vertex 7499.18 11739.26 199.94
vertex 7898.150000000001 11768.640000000001 599.95
vertex 7898.150000000001 11768.640000000001 199.94
endloop
endfacet
facet normal -0.9997314796246011 -0.0231725839648048 0
outer loop
vertex 7900.1 11709.880000000001 599.95
vertex 7899.1900000000005 11749.140000000001 599.95
vertex 7899.1900000000005 11749.140000000001 199.94
endloop
endfacet
facet normal -0.9997314796246011 -0.0231725839648048 0
outer loop
vertex 7900.1 11709.880000000001 599.95
vertex 7899.1900000000005 11749.140000000001 199.94
vertex 7900.1 11709.880000000001 199.94
endloop
endfacet
facet normal 0.024691851914418143 -0.9996951097454845 0
outer loop
vertex 7899.1900000000005 11749.140000000001 599.95
vertex 7499.18 11739.26 599.95
vertex 7499.18 11739.26 199.94
endloop
endfacet
facet normal 0.024691851914418143 -0.9996951097454845 0
outer loop
vertex 7899.1900000000005 11749.140000000001 599.95
vertex 7499.18 11739.26 199.94
vertex 7899.1900000000005 11749.140000000001 199.94
endloop
endfacet
facet normal 0.07374006237714009 -0.9972774955851633 0
outer loop
vertex 7895.29 11807.9 599.95
vertex 7496.1900000000005 11778.390000000001 599.95
vertex 7496.1900000000005 11778.390000000001 199.94
endloop
endfacet
facet normal 0.07374006237714009 -0.9972774955851633 0
outer loop
vertex 7895.29 11807.9 599.95
vertex 7496.1900000000005 11778.390000000001 199.94
vertex 7895.29 11807.9 199.94
endloop
endfacet
facet normal 0.9968571226121572 0.07922043358509565 0
outer loop
vertex 7099.6900000000005 11719.630000000001 599.95
vertex 7099.6900000000005 11719.630000000001 199.94
vertex 7098.13 11739.26 199.94
endloop
endfacet
facet normal 0.9968571226121572 0.07922043358509565 0
outer loop
vertex 7099.6900000000005 11719.630000000001 599.95
vertex 7098.13 11739.26 199.94
vertex 7098.13 11739.26 599.95
endloop
endfacet
facet normal 0.9849172563070853 0.17302600448638739 0
outer loop
vertex 7095.79 11758.76 599.95
vertex 7095.79 11758.76 199.94
vertex 7092.41 11778 199.94
endloop
endfacet
facet normal 0.9849172563070853 0.17302600448638739 0
outer loop
vertex 7095.79 11758.76 599.95
vertex 7092.41 11778 199.94
vertex 7092.41 11778 599.95
endloop
endfacet
facet normal 0.17087502980842872 -0.9852927099029853 0
outer loop
vertex 7879.04 11924.51 599.95
vertex 7484.75 11856.130000000001 599.95
vertex 7484.75 11856.130000000001 199.94
endloop
endfacet
facet normal 0.17087502980842872 -0.9852927099029853 0
outer loop
vertex 7879.04 11924.51 599.95
vertex 7484.75 11856.130000000001 199.94
vertex 7879.04 11924.51 199.94
endloop
endfacet
facet normal 0.3599367031655797 -0.9329767251728701 0
outer loop
vertex 7812.4800000000005 12150.19 599.95
vertex 7439.12 12006.15 599.95
vertex 7439.12 12006.15 199.94
endloop
endfacet
facet normal 0.3599367031655797 -0.9329767251728701 0
outer loop
vertex 7812.4800000000005 12150.19 599.95
vertex 7439.12 12006.15 199.94
vertex 7812.4800000000005 12150.19 199.94
endloop
endfacet
facet normal 0.9338567516961566 0.3576472666070623 0
outer loop
vertex 7076.68 11834.810000000001 599.95
vertex 7076.68 11834.810000000001 199.94
vertex 7069.66 11853.140000000001 199.94
endloop
endfacet
facet normal 0.9338567516961566 0.3576472666070623 0
outer loop
vertex 7076.68 11834.810000000001 599.95
vertex 7069.66 11853.140000000001 199.94
vertex 7069.66 11853.140000000001 599.95
endloop
endfacet
facet normal 0.7235062200047073 0.6903178612889137 0
outer loop
vertex 6996.47 11968.710000000001 199.94
vertex 6982.95 11982.880000000001 199.94
vertex 6982.95 11982.880000000001 599.95
endloop
endfacet
facet normal 0.7235062200047073 0.6903178612889137 0
outer loop
vertex 6996.47 11968.710000000001 199.94
vertex 6982.95 11982.880000000001 599.95
vertex 6996.47 11968.710000000001 599.95
endloop
endfacet
facet normal 0.6893468626042851 -0.7244314343108178 0
outer loop
vertex 7555.6 12541.62 599.95
vertex 7265.7 12265.76 599.95
vertex 7265.7 12265.76 199.94
endloop
endfacet
facet normal 0.6893468626042851 -0.7244314343108178 0
outer loop
vertex 7555.6 12541.62 599.95
vertex 7265.7 12265.76 199.94
vertex 7555.6 12541.62 199.94
endloop
endfacet
facet normal 0.9996953077321106 -0.024683834758817857 0
outer loop
vertex 6709.820000000001 12900.16 599.95
vertex 6699.9400000000005 12500.02 599.95
vertex 6699.9400000000005 12500.02 199.94
endloop
endfacet
facet normal 0.9996953077321106 -0.024683834758817857 0
outer loop
vertex 6709.820000000001 12900.16 599.95
vertex 6699.9400000000005 12500.02 199.94
vertex 6709.820000000001 12900.16 199.94
endloop
endfacet
facet normal 0.026480776761446886 0.9996493227437862 0
outer loop
vertex 6719.570000000001 12099.62 199.94
vertex 6699.9400000000005 12100.140000000001 199.94
vertex 6699.9400000000005 12100.140000000001 599.95
endloop
endfacet
facet normal 0.026480776761446886 0.9996493227437862 0
outer loop
vertex 6719.570000000001 12099.62 199.94
vertex 6699.9400000000005 12100.140000000001 599.95
vertex 6719.570000000001 12099.62 599.95
endloop
endfacet
facet normal -1 0 0
outer loop
vertex 6699.9400000000005 12100.140000000001 599.95
vertex 6699.9400000000005 12100.140000000001 199.94
vertex 6699.9400000000005 12100.01 199.94
endloop
endfacet
facet normal -1 0 0
outer loop
vertex 6699.9400000000005 12100.140000000001 599.95
vertex 6699.9400000000005 12100.01 199.94
vertex 6699.9400000000005 12100.01 599.95
endloop
endfacet
facet normal -1 0 0
outer loop
vertex 6699.9400000000005 12900.03 599.95
vertex 6699.9400000000005 12900.03 199.94
vertex 6699.9400000000005 12500.02 199.94
endloop
endfacet
facet normal -1 0 0
outer loop
vertex 6699.9400000000005 12900.03 599.95
vertex 6699.9400000000005 12500.02 199.94
vertex 6699.9400000000005 12500.02 599.95
endloop
endfacet
facet normal 0 1 0
outer loop
vertex 7899.97 7499.96 599.95
vertex 7899.97 7499.96 199.94
vertex 7099.95 7499.96 199.94
endloop
endfacet
facet normal 0 1 0
outer loop
vertex 7899.97 7499.96 599.95
vertex 7099.95 7499.96 199.94
vertex 7099.95 7499.96 599.95
endloop
endfacet
facet normal 0 1 0
outer loop
vertex 10400 7499.96 599.95
vertex 10400 7499.96 199.94
vertex 9599.98 7499.96 199.94
endloop
endfacet
facet normal 0 1 0
outer loop
vertex 10400 7499.96 599.95
vertex 9599.98 7499.96 199.94
vertex 9599.98 7499.96 599.95
endloop
endfacet
facet normal 1 0 0
outer loop
vertex 7099.95 11700 599.95
vertex 7099.95 7499.96 599.95
vertex 7099.95 7499.96 199.94
endloop
endfacet
facet normal 1 0 0
outer loop
vertex 7099.95 11700 599.95
vertex 7099.95 7499.96 199.94
vertex 7099.95 11700 199.94
endloop
endfacet
facet normal -1 0 0
outer loop
vertex 7899.97 7499.96 199.94
vertex 7899.97 7499.96 599.95
vertex 7899.97 11700 599.95
endloop
endfacet
facet normal -1 0 0
outer loop
vertex 7899.97 7499.96 199.94
vertex 7899.97 11700 599.95
vertex 7899.97 11700 199.94
endloop
endfacet
facet normal 0 -1 0
outer loop
vertex 7500.09 11700 599.95
vertex 7500.09 11700 199.94
vertex 7899.97 11700 199.94
endloop
endfacet
facet normal 0 -1 0
outer loop
vertex 7500.09 11700 599.95
vertex 7899.97 11700 199.94
vertex 7899.97 11700 599.95
endloop
endfacet
facet normal 0 -1 0
outer loop
vertex 7099.95 11700 599.95
vertex 7099.95 11700 199.94
vertex 7100.08 11700 199.94
endloop
endfacet
facet normal 0 -1 0
outer loop
vertex 7099.95 11700 599.95
vertex 7100.08 11700 199.94
vertex 7100.08 11700 599.95
endloop
endfacet
facet normal -0.024691851914418143 0.9996951097454845 0
outer loop
vertex 7900.1 11709.880000000001 599.95
vertex 7900.1 11709.880000000001 199.94
vertex 7500.09 11700 199.94
endloop
endfacet
facet normal -0.024691851914418143 0.9996951097454845 0
outer loop
vertex 7900.1 11709.880000000001 599.95
vertex 7500.09 11700 199.94
vertex 7500.09 11700 599.95
endloop
endfacet
facet normal 0.9998026986421815 0.019863629774317302 0
outer loop
vertex 7100.08 11700 599.95
vertex 7100.08 11700 199.94
vertex 7099.6900000000005 11719.630000000001 199.94
endloop
endfacet
facet normal 0.9998026986421815 0.019863629774317302 0
outer loop
vertex 7100.08 11700 599.95
vertex 7099.6900000000005 11719.630000000001 199.94
vertex 7099.6900000000005 11719.630000000001 599.95
endloop
endfacet
facet normal -1 0 0
outer loop
vertex 14499.94 12100.01 199.94
vertex 14499.94 12100.01 599.95
vertex 14499.94 12900.03 599.95
endloop
endfacet
facet normal -1 0 0
outer loop
vertex 14499.94 12100.01 199.94
vertex 14499.94 12900.03 599.95
vertex 14499.94 12900.03 199.94
endloop
endfacet
facet normal 0.049607720814519855 -0.9987687790652993 0
outer loop
vertex 9999.99 12900.03 199.94
vertex 9999.99 12900.03 599.95
vertex 9960.73 12898.08 599.95
endloop
endfacet
facet normal 0.049607720814519855 -0.9987687790652993 0
outer loop
vertex 9999.99 12900.03 199.94
vertex 9960.73 12898.08 599.95
vertex 9960.73 12898.08 199.94
endloop
endfacet
facet normal 0.1460673966801939 -0.9892746411523299 0
outer loop
vertex 9960.73 12898.08 199.94
vertex 9960.73 12898.08 599.95
vertex 9921.99 12892.36 599.95
endloop
endfacet
facet normal 0.1460673966801939 -0.9892746411523299 0
outer loop
vertex 9960.73 12898.08 199.94
vertex 9921.99 12892.36 599.95
vertex 9921.99 12892.36 199.94
endloop
endfacet
facet normal 0.24487073188796937 -0.9695557357185045 0
outer loop
vertex 9921.99 12892.36 199.94
vertex 9921.99 12892.36 599.95
vertex 9883.9 12882.74 599.95
endloop
endfacet
facet normal 0.24487073188796937 -0.9695557357185045 0
outer loop
vertex 9921.99 12892.36 199.94
vertex 9883.9 12882.74 599.95
vertex 9883.9 12882.74 199.94
endloop
endfacet
facet normal 0.33507511660258443 -0.9421914169815837 0
outer loop
vertex 9883.9 12882.74 199.94
vertex 9883.9 12882.74 599.95
vertex 9846.98 12869.61 599.95
endloop
endfacet
facet normal 0.33507511660258443 -0.9421914169815837 0
outer loop
vertex 9883.9 12882.74 199.94
vertex 9846.98 12869.61 599.95
vertex 9846.98 12869.61 199.94
endloop
endfacet
facet normal 0.42993358039234236 -0.9028605188239328 0
outer loop
vertex 9846.98 12869.61 199.94
vertex 9846.98 12869.61 599.95
vertex 9811.49 12852.710000000001 599.95
endloop
endfacet
facet normal 0.42993358039234236 -0.9028605188239328 0
outer loop
vertex 9846.98 12869.61 199.94
vertex 9811.49 12852.710000000001 599.95
vertex 9811.49 12852.710000000001 199.94
endloop
endfacet
facet normal 0.5135210000878441 -0.8580770259532535 0
outer loop
vertex 9811.49 12852.710000000001 199.94
vertex 9811.49 12852.710000000001 599.95
vertex 9777.82 12832.560000000001 599.95
endloop
endfacet
facet normal 0.5135210000878441 -0.8580770259532535 0
outer loop
vertex 9811.49 12852.710000000001 199.94
vertex 9777.82 12832.560000000001 599.95
vertex 9777.82 12832.560000000001 199.94
endloop
endfacet
facet normal 0.5952275506257596 -0.8035571933447293 0
outer loop
vertex 9777.82 12832.560000000001 199.94
vertex 9777.82 12832.560000000001 599.95
vertex 9746.23 12809.16 599.95
endloop
endfacet
facet normal 0.5952275506257596 -0.8035571933447293 0
outer loop
vertex 9777.82 12832.560000000001 199.94
vertex 9746.23 12809.16 599.95
vertex 9746.23 12809.16 199.94
endloop
endfacet
facet normal 0.6696970767025023 -0.7426343820859109 0
outer loop
vertex 9746.23 12809.16 199.94
vertex 9746.23 12809.16 599.95
vertex 9717.11 12782.9 599.95
endloop
endfacet
facet normal 0.6696970767025023 -0.7426343820859109 0
outer loop
vertex 9746.23 12809.16 199.94
vertex 9717.11 12782.9 599.95
vertex 9717.11 12782.9 199.94
endloop
endfacet
facet normal 0.7426343820859109 -0.6696970767025023 0
outer loop
vertex 9717.11 12782.9 199.94
vertex 9717.11 12782.9 599.95
vertex 9690.85 12753.78 599.95
endloop
endfacet
facet normal 0.7426343820859109 -0.6696970767025023 0
outer loop
vertex 9717.11 12782.9 199.94
vertex 9690.85 12753.78 599.95
vertex 9690.85 12753.78 199.94
endloop
endfacet
facet normal 0.8035571933447515 -0.5952275506257299 0
outer loop
vertex 9690.85 12753.78 199.94
vertex 9690.85 12753.78 599.95
vertex 9667.45 12722.19 599.95
endloop
endfacet
facet normal 0.8035571933447515 -0.5952275506257299 0
outer loop
vertex 9690.85 12753.78 199.94
vertex 9667.45 12722.19 599.95
vertex 9667.45 12722.19 199.94
endloop
endfacet
facet normal 0.8566161964161093 -0.5159541569147378 0
outer loop
vertex 9667.45 12722.19 199.94
vertex 9667.45 12722.19 599.95
vertex 9647.17 12688.52 599.95
endloop
endfacet
facet normal 0.8566161964161093 -0.5159541569147378 0
outer loop
vertex 9667.45 12722.19 199.94
vertex 9647.17 12688.52 599.95
vertex 9647.17 12688.52 199.94
endloop
endfacet
facet normal 0.9041420535027294 -0.4272319593474573 0
outer loop
vertex 9647.17 12688.52 199.94
vertex 9647.17 12688.52 599.95
vertex 9630.4 12653.03 599.95
endloop
endfacet
facet normal 0.9041420535027294 -0.4272319593474573 0
outer loop
vertex 9647.17 12688.52 199.94
vertex 9630.4 12653.03 599.95
vertex 9630.4 12653.03 199.94
endloop
endfacet
facet normal 0.9421914169815837 -0.33507511660258443 0
outer loop
vertex 9630.4 12653.03 199.94
vertex 9630.4 12653.03 599.95
vertex 9617.27 12616.11 599.95
endloop
endfacet
facet normal 0.9421914169815837 -0.33507511660258443 0
outer loop
vertex 9630.4 12653.03 199.94
vertex 9617.27 12616.11 599.95
vertex 9617.27 12616.11 199.94
endloop
endfacet
facet normal 0.9695557357185045 -0.24487073188796937 0
outer loop
vertex 9617.27 12616.11 199.94
vertex 9617.27 12616.11 599.95
vertex 9607.65 12578.02 599.95
endloop
endfacet
facet normal 0.9695557357185045 -0.24487073188796937 0
outer loop
vertex 9617.27 12616.11 199.94
vertex 9607.65 12578.02 599.95
vertex 9607.65 12578.02 199.94
endloop
endfacet
facet normal 0.9893451221143958 -0.14558924873922255 0
outer loop
vertex 9607.65 12578.02 199.94
vertex 9607.65 12578.02 599.95
vertex 9601.93 12539.15 599.95
endloop
endfacet
facet normal 0.9893451221143958 -0.14558924873922255 0
outer loop
vertex 9607.65 12578.02 199.94
vertex 9601.93 12539.15 599.95
vertex 9601.93 12539.15 199.94
endloop
endfacet
facet normal 0.9987605998338648 -0.04977212291532847 0
outer loop
vertex 9601.93 12539.15 199.94
vertex 9601.93 12539.15 599.95
vertex 9599.98 12500.02 599.95
endloop
endfacet
facet normal 0.9987605998338648 -0.04977212291532847 0
outer loop
vertex 9601.93 12539.15 199.94
vertex 9599.98 12500.02 599.95
vertex 9599.98 12500.02 199.94
endloop
endfacet
facet normal 1 0 0
outer loop
vertex 9599.98 10700.04 400.01
vertex 9599.98 12500.02 599.95
vertex 9599.98 12100.01 599.95
endloop
endfacet
facet normal 1 0 0
outer loop
vertex 9599.98 10700.04 400.01
vertex 9599.98 12100.01 599.95
vertex 9599.98 7499.96 599.95
endloop
endfacet
facet normal 0.9999999999999999 0 0
outer loop
vertex 9599.98 10700.04 400.01
vertex 9599.98 7499.96 599.95
vertex 9599.98 7499.96 199.94
endloop
endfacet
facet normal 0.9999999999999999 0 0
outer loop
vertex 9599.98 10700.04 400.01
vertex 9599.98 7499.96 199.94
vertex 9599.98 12100.01 199.94
endloop
endfacet
facet normal 1 0 0
outer loop
vertex 9599.98 10700.04 400.01
vertex 9599.98 12100.01 199.94
vertex 9599.98 12500.02 199.94
endloop
endfacet
facet normal 1 0 0
outer loop
vertex 9599.98 10700.04 400.01
vertex 9599.98 12500.02 199.94
vertex 9599.98 12500.02 599.95
endloop
endfacet
facet normal -0.9999999999999999 0 0
outer loop
vertex 10400 12100.01 599.95
vertex 10400 12100.01 199.94
vertex 10400 7499.96 199.94
endloop
endfacet
facet normal -0.9999999999999999 0 0
outer loop
vertex 10400 12100.01 599.95
vertex 10400 7499.96 199.94
vertex 10400 7499.96 599.95
endloop
endfacet
endsolid JSCAD
