solid JSCAD
facet normal -1 0 0
outer loop
vertex 0 0 0
vertex 0 0 3999.9700000000003
vertex 0 15000.050000000001 3999.9700000000003
endloop
endfacet
facet normal -1 0 0
outer loop
vertex 0 0 0
vertex 0 15000.050000000001 3999.9700000000003
vertex 0 15000.050000000001 0
endloop
endfacet
facet normal 1 0 0
outer loop
vertex 19999.98 0 0
vertex 19999.98 15000.050000000001 0
vertex 19999.98 15000.050000000001 3999.9700000000003
endloop
endfacet
facet normal 1 0 0
outer loop
vertex 19999.98 0 0
vertex 19999.98 15000.050000000001 3999.9700000000003
vertex 19999.98 0 3999.9700000000003
endloop
endfacet
facet normal 0 -1 0
outer loop
vertex 0 0 0
vertex 19999.98 0 0
vertex 19999.98 0 3999.9700000000003
endloop
endfacet
facet normal 0 -1 0
outer loop
vertex 0 0 0
vertex 19999.98 0 3999.9700000000003
vertex 0 0 3999.9700000000003
endloop
endfacet
facet normal 0 1 0
outer loop
vertex 0 15000.050000000001 0
vertex 0 15000.050000000001 3999.9700000000003
vertex 19999.98 15000.050000000001 3999.9700000000003
endloop
endfacet
facet normal 0 1 0
outer loop
vertex 0 15000.050000000001 0
vertex 19999.98 15000.050000000001 3999.9700000000003
vertex 19999.98 15000.050000000001 0
endloop
endfacet
facet normal 0 0 -1
outer loop
vertex 0 0 0
vertex 0 15000.050000000001 0
vertex 19999.98 15000.050000000001 0
endloop
endfacet
facet normal 0 0 -1
outer loop
vertex 0 0 0
vertex 19999.98 15000.050000000001 0
vertex 19999.98 0 0
endloop
endfacet
facet normal 0 0 1
outer loop
vertex 0 0 3999.9700000000003
vertex 19999.98 0 3999.9700000000003
vertex 19999.98 15000.050000000001 3999.9700000000003
endloop
endfacet
facet normal 0 0 1
outer loop
vertex 0 0 3999.9700000000003
vertex 19999.98 15000.050000000001 3999.9700000000003
vertex 0 15000.050000000001 3999.9700000000003
endloop
endfacet
facet normal 0.9999999999999999 0 0
outer loop
vertex 2500.03 12374.18 400.01
vertex 2500.03 12111.32 199.94
vertex 2500.03 12144.470000000001 199.94
endloop
endfacet
facet normal 1 0 0
outer loop
vertex 2500.03 12374.18 400.01
vertex 2500.03 12144.470000000001 199.94
vertex 2500.03 12176.58 199.94
endloop
endfacet
facet normal 1 0 0
outer loop
vertex 2500.03 12374.18 400.01
vertex 2500.03 12176.58 199.94
vertex 2500.03 12207.52 199.94
endloop
endfacet
facet normal 1 0 0
outer loop
vertex 2500.03 12374.18 400.01
vertex 2500.03 12207.52 199.94
vertex 2500.03 12237.29 199.94
endloop
endfacet
facet normal 1 0 0
outer loop
vertex 2500.03 12374.18 400.01
vertex 2500.03 12237.29 199.94
vertex 2500.03 12265.630000000001 199.94
endloop
endfacet
facet normal 1 0 0
outer loop
vertex 2500.03 12374.18 400.01
vertex 2500.03 12265.630000000001 199.94
vertex 2500.03 12292.800000000001 199.94
endloop
endfacet
facet normal 1 0 0
outer loop
vertex 2500.03 12374.18 400.01
vertex 2500.03 12292.800000000001 199.94
vertex 2500.03 12318.41 199.94
endloop
endfacet
facet normal 1 0 0
outer loop
vertex 2500.03 12374.18 400.01
vertex 2500.03 12318.41 199.94
vertex 2500.03 12342.59 199.94
endloop
endfacet
facet normal 1 0 0
outer loop
vertex 2500.03 12374.18 400.01
vertex 2500.03 12342.59 199.94
vertex 2500.03 12365.210000000001 199.94
endloop
endfacet
facet normal 1 0 0
outer loop
vertex 2500.03 12374.18 400.01
vertex 2500.03 12365.210000000001 199.94
vertex 2500.03 12386.140000000001 199.94
endloop
endfacet
facet normal 0.9999999999999999 0 0
outer loop
vertex 2500.03 12374.18 400.01
vertex 2500.03 12386.140000000001 199.94
vertex 2500.03 12405.51 199.94
endloop
endfacet
facet normal 1 0 0
outer loop
vertex 2500.03 12374.18 400.01
vertex 2500.03 12405.51 199.94
vertex 2500.03 12423.19 199.94
endloop
endfacet
facet normal 1 0 0
outer loop
vertex 2500.03 12374.18 400.01
vertex 2500.03 12423.19 199.94
vertex 2500.03 12439.050000000001 199.94
endloop
endfacet
facet normal 1 0 0
outer loop
vertex 2500.03 12374.18 400.01
vertex 2500.03 12439.050000000001 199.94
vertex 2500.03 12453.220000000001 199.94
endloop
endfacet
facet normal 1 0 0
outer loop
vertex 2500.03 12374.18 400.01
vertex 2500.03 12453.220000000001 199.94
vertex 2500.03 12465.57 199.94
endloop
endfacet
facet normal 1 0 0
outer loop
vertex 2500.03 12374.18 400.01
vertex 2500.03 12465.57 199.94
vertex 2500.03 12475.970000000001 199.94
endloop
endfacet
facet normal 1 0 0
outer loop
vertex 2500.03 12374.18 400.01
vertex 2500.03 12475.970000000001 199.94
vertex 2500.03 12484.68 199.94
endloop
endfacet
facet normal 1 0 0
outer loop
vertex 2500.03 12374.18 400.01
vertex 2500.03 12484.68 199.94
vertex 2500.03 12491.310000000001 199.94
endloop
endfacet
facet normal 1 0 0
outer loop
vertex 2500.03 12374.18 400.01
vertex 2500.03 12491.310000000001 199.94
vertex 2500.03 12496.12 199.94
endloop
endfacet
facet normal 1 0 0
outer loop
vertex 2500.03 12374.18 400.01
vertex 2500.03 12496.12 199.94
vertex 2500.03 12498.98 199.94
endloop
endfacet
facet normal 0.9999999999999999 0 0
outer loop
vertex 2500.03 12374.18 400.01
vertex 2500.03 12498.98 199.94
vertex 2500.03 12500.02 199.94
endloop
endfacet
facet normal 1 0 0
outer loop
vertex 2500.03 12374.18 400.01
vertex 2500.03 12500.02 199.94
vertex 2500.03 12900.03 199.94
endloop
endfacet
facet normal 1 0 0
outer loop
vertex 2500.03 12374.18 400.01
vertex 2500.03 12900.03 199.94
vertex 2500.03 12900.03 599.95
endloop
endfacet
facet normal 1 0 0
outer loop
vertex 2500.03 12374.18 400.01
vertex 2500.03 12900.03 599.95
vertex 2500.03 12500.02 599.95
endloop
endfacet
facet normal 1 0 0
outer loop
vertex 2500.03 12374.18 400.01
vertex 2500.03 12500.02 599.95
vertex 2500.03 12498.98 599.95
endloop
endfacet
facet normal 1 0 0
outer loop
vertex 2500.03 12374.18 400.01
vertex 2500.03 12498.98 599.95
vertex 2500.03 12496.12 599.95
endloop
endfacet
facet normal 1 0 0
outer loop
vertex 2500.03 12374.18 400.01
vertex 2500.03 12496.12 599.95
vertex 2500.03 12491.310000000001 599.95
endloop
endfacet
facet normal 1 0 0
outer loop
vertex 2500.03 12374.18 400.01
vertex 2500.03 12491.310000000001 599.95
vertex 2500.03 12484.68 599.95
endloop
endfacet
facet normal 1 0 0
outer loop
vertex 2500.03 12374.18 400.01
vertex 2500.03 12484.68 599.95
vertex 2500.03 12475.970000000001 599.95
endloop
endfacet
facet normal 1 0 0
outer loop
vertex 2500.03 12374.18 400.01
vertex 2500.03 12475.970000000001 599.95
vertex 2500.03 12465.57 599.95
endloop
endfacet
facet normal 1 0 0
outer loop
vertex 2500.03 12374.18 400.01
vertex 2500.03 12465.57 599.95
vertex 2500.03 12453.220000000001 599.95
endloop
endfacet
facet normal 1 0 0
outer loop
vertex 2500.03 12374.18 400.01
vertex 2500.03 12453.220000000001 599.95
vertex 2500.03 12439.050000000001 599.95
endloop
endfacet
facet normal 1 0 0
outer loop
vertex 2500.03 12374.18 400.01
vertex 2500.03 12439.050000000001 599.95
vertex 2500.03 12423.19 599.95
endloop
endfacet
facet normal 1 0 0
outer loop
vertex 2500.03 12374.18 400.01
vertex 2500.03 12423.19 599.95
vertex 2500.03 12405.51 599.95
endloop
endfacet
facet normal 1 0 0
outer loop
vertex 2500.03 12374.18 400.01
vertex 2500.03 12405.51 599.95
vertex 2500.03 12386.140000000001 599.95
endloop
endfacet
facet normal 1 0 0
outer loop
vertex 2500.03 12374.18 400.01
vertex 2500.03 12386.140000000001 599.95
vertex 2500.03 12365.210000000001 599.95
endloop
endfacet
facet normal 1 0 0
outer loop
vertex 2500.03 12374.18 400.01
vertex 2500.03 12365.210000000001 599.95
vertex 2500.03 12342.59 599.95
endloop
endfacet
facet normal 1 0 0
outer loop
vertex 2500.03 12374.18 400.01
vertex 2500.03 12342.59 599.95
vertex 2500.03 12318.41 599.95
endloop
endfacet
facet normal 1 0 0
outer loop
vertex 2500.03 12374.18 400.01
vertex 2500.03 12318.41 599.95
vertex 2500.03 12292.800000000001 599.95
endloop
endfacet
facet normal 1 0 0
outer loop
vertex 2500.03 12374.18 400.01
vertex 2500.03 12292.800000000001 599.95
vertex 2500.03 12265.630000000001 599.95
endloop
endfacet
facet normal 1 0 0
outer loop
vertex 2500.03 12374.18 400.01
vertex 2500.03 12265.630000000001 599.95
vertex 2500.03 12237.29 599.95
endloop
endfacet
facet normal 1 0 0
outer loop
vertex 2500.03 12374.18 400.01
vertex 2500.03 12237.29 599.95
vertex 2500.03 12207.52 599.95
endloop
endfacet
facet normal 1 0 0
outer loop
vertex 2500.03 12374.18 400.01
vertex 2500.03 12207.52 599.95
vertex 2500.03 12176.58 599.95
endloop
endfacet
facet normal 1 0 0
outer loop
vertex 2500.03 12374.18 400.01
vertex 2500.03 12176.58 599.95
vertex 2500.03 12144.470000000001 599.95
endloop
endfacet
facet normal 0.9999999999999999 0 0
outer loop
vertex 2500.03 12374.18 400.01
vertex 2500.03 12144.470000000001 599.95
vertex 2500.03 12111.32 599.95
endloop
endfacet
facet normal 1 0 0
outer loop
vertex 2500.03 12374.18 400.01
vertex 2500.03 12111.32 599.95
vertex 2500.03 12100.01 599.95
endloop
endfacet
facet normal 1 0 0
outer loop
vertex 2500.03 12374.18 400.01
vertex 2500.03 12100.01 599.95
vertex 2500.03 12100.01 199.94
endloop
endfacet
facet normal 1 0 0
outer loop
vertex 2500.03 12374.18 400.01
vertex 2500.03 12100.01 199.94
vertex 2500.03 12111.32 199.94
endloop
endfacet
facet normal 0 -0.9999999999999999 0
outer loop
vertex 9999.99 12900.03 599.95
vertex 9999.99 12900.03 199.94
vertex 14499.94 12900.03 199.94
endloop
endfacet
facet normal 0 -0.9999999999999999 0
outer loop
vertex 9999.99 12900.03 599.95
vertex 14499.94 12900.03 199.94
vertex 14499.94 12900.03 599.95
endloop
endfacet
facet normal 0 -1 0
outer loop
vertex 2500.03 12900.03 599.95
vertex 2500.03 12900.03 199.94
vertex 6699.9400000000005 12900.03 199.94
endloop
endfacet
facet normal 0 -1 0
outer loop
vertex 2500.03 12900.03 599.95
vertex 6699.9400000000005 12900.03 199.94
vertex 6699.9400000000005 12900.03 599.95
endloop
endfacet
facet normal 0 0 1
outer loop
vertex 6699.9400000000005 12500.02 199.94
vertex 6739.33 12500.02 199.94
vertex 6749.08 12898.86 199.94
endloop
endfacet
facet normal 0 0 1
outer loop
vertex 6699.9400000000005 12500.02 199.94
vertex 6749.08 12898.86 199.94
vertex 6709.820000000001 12899.9 199.94
endloop
endfacet
facet normal 0 0 1
outer loop
vertex 2500.03 12900.03 199.94
vertex 2500.03 12500.02 199.94
vertex 6699.9400000000005 12500.02 199.94
endloop
endfacet
facet normal 0 0 1
outer loop
vertex 2500.03 12900.03 199.94
vertex 6699.9400000000005 12500.02 199.94
vertex 6699.9400000000005 12900.03 199.94
endloop
endfacet
facet normal 0 0 1
outer loop
vertex 6739.2 12498.98 199.94
vertex 6778.59 12498.98 199.94
vertex 6807.84 12895.09 199.94
endloop
endfacet
facet normal 0 0 1
outer loop
vertex 6739.2 12498.98 199.94
vertex 6807.84 12895.09 199.94
vertex 6768.71 12897.95 199.94
endloop
endfacet
facet normal 0 0 1
outer loop
vertex 5035.68 12499.630000000001 199.94
vertex 6699.9400000000005 12500.02 199.94
vertex 2500.03 12500.02 199.94
endloop
endfacet
facet normal 0 0 0.9999999999999999
outer loop
vertex 5035.68 12499.630000000001 199.94
vertex 2500.03 12500.02 199.94
vertex 2500.03 12498.98 199.94
endloop
endfacet
facet normal 0 0 1
outer loop
vertex 5035.68 12499.630000000001 199.94
vertex 2500.03 12498.98 199.94
vertex 6739.2 12498.98 199.94
endloop
endfacet
facet normal 0 0 1
outer loop
vertex 5035.68 12499.630000000001 199.94
vertex 6739.2 12498.98 199.94
vertex 6739.33 12500.02 199.94
endloop
endfacet
facet normal 0 0 1
outer loop
vertex 5035.68 12499.630000000001 199.94
vertex 6739.33 12500.02 199.94
vertex 6699.9400000000005 12500.02 199.94
endloop
endfacet
facet normal 0 0 1
outer loop
vertex 6778.46 12496.12 199.94
vertex 6817.9800000000005 12496.12 199.94
vertex 6866.34 12888.33 199.94
endloop
endfacet
facet normal 0 0 1
outer loop
vertex 6778.46 12496.12 199.94
vertex 6866.34 12888.33 199.94
vertex 6827.34 12893.140000000001 199.94
endloop
endfacet
facet normal 0 0 0.9999999999999999
outer loop
vertex 5059.21 12497.810000000001 199.94
vertex 6739.2 12498.98 199.94
vertex 2500.03 12498.98 199.94
endloop
endfacet
facet normal 0 0 1
outer loop
vertex 5059.21 12497.810000000001 199.94
vertex 2500.03 12498.98 199.94
vertex 2500.03 12496.12 199.94
endloop
endfacet
facet normal 0 0 1
outer loop
vertex 5059.21 12497.810000000001 199.94
vertex 2500.03 12496.12 199.94
vertex 6778.46 12496.12 199.94
endloop
endfacet
facet normal 0 0 1
outer loop
vertex 5059.21 12497.810000000001 199.94
vertex 6778.46 12496.12 199.94
vertex 6778.59 12498.98 199.94
endloop
endfacet
facet normal 0 0 1
outer loop
vertex 5059.21 12497.810000000001 199.94
vertex 6778.59 12498.98 199.94
vertex 6739.2 12498.98 199.94
endloop
endfacet
facet normal 0 0 1
outer loop
vertex 6817.33 12491.310000000001 199.94
vertex 6857.24 12491.310000000001 199.94
vertex 6924.45 12878.710000000001 199.94
endloop
endfacet
facet normal 0 0 1
outer loop
vertex 6817.33 12491.310000000001 199.94
vertex 6924.45 12878.710000000001 199.94
vertex 6885.71 12885.470000000001 199.94
endloop
endfacet
facet normal 0 0 1
outer loop
vertex 5082.74 12494.17 199.94
vertex 6778.46 12496.12 199.94
vertex 2500.03 12496.12 199.94
endloop
endfacet
facet normal 0 0 1
outer loop
vertex 5082.74 12494.17 199.94
vertex 2500.03 12496.12 199.94
vertex 2500.03 12491.310000000001 199.94
endloop
endfacet
facet normal 0 0 1
outer loop
vertex 5082.74 12494.17 199.94
vertex 2500.03 12491.310000000001 199.94
vertex 6817.33 12491.310000000001 199.94
endloop
endfacet
facet normal 0 0 1
outer loop
vertex 5082.74 12494.17 199.94
vertex 6817.33 12491.310000000001 199.94
vertex 6817.9800000000005 12496.12 199.94
endloop
endfacet
facet normal 0 0 1
outer loop
vertex 5082.74 12494.17 199.94
vertex 6817.9800000000005 12496.12 199.94
vertex 6778.46 12496.12 199.94
endloop
endfacet
facet normal 0 0 0.9999999999999999
outer loop
vertex 6856.070000000001 12484.68 199.94
vertex 6896.37 12484.68 199.94
vertex 6982.04 12866.36 199.94
endloop
endfacet
facet normal 0 0 1
outer loop
vertex 6856.070000000001 12484.68 199.94
vertex 6982.04 12866.36 199.94
vertex 6943.6900000000005 12874.94 199.94
endloop
endfacet
facet normal 0 0 0.9999999999999999
outer loop
vertex 5106.14 12488.710000000001 199.94
vertex 6817.33 12491.310000000001 199.94
vertex 2500.03 12491.310000000001 199.94
endloop
endfacet
facet normal 0 0 1
outer loop
vertex 5106.14 12488.710000000001 199.94
vertex 2500.03 12491.310000000001 199.94
vertex 2500.03 12484.68 199.94
endloop
endfacet
facet normal 0 0 1
outer loop
vertex 5106.14 12488.710000000001 199.94
vertex 2500.03 12484.68 199.94
vertex 6856.070000000001 12484.68 199.94
endloop
endfacet
facet normal 0 0 1
outer loop
vertex 5106.14 12488.710000000001 199.94
vertex 6856.070000000001 12484.68 199.94
vertex 6857.24 12491.310000000001 199.94
endloop
endfacet
facet normal 0 0 0.9999999999999999
outer loop
vertex 5106.14 12488.710000000001 199.94
vertex 6857.24 12491.310000000001 199.94
vertex 6817.33 12491.310000000001 199.94
endloop
endfacet
facet normal 0 0 0.9999999999999999
outer loop
vertex 6894.42 12475.970000000001 199.94
vertex 6935.110000000001 12475.970000000001 199.94
vertex 7038.85 12851.02 199.94
endloop
endfacet
facet normal 0 0 1
outer loop
vertex 6894.42 12475.970000000001 199.94
vertex 7038.85 12851.02 199.94
vertex 7001.02 12861.550000000001 199.94
endloop
endfacet
facet normal 0 0 0.9999999999999999
outer loop
vertex 5129.41 12481.17 199.94
vertex 6856.070000000001 12484.68 199.94
vertex 2500.03 12484.68 199.94
endloop
endfacet
facet normal 0 0 1
outer loop
vertex 5129.41 12481.17 199.94
vertex 2500.03 12484.68 199.94
vertex 2500.03 12475.970000000001 199.94
endloop
endfacet
facet normal 0 0 1
outer loop
vertex 5129.41 12481.17 199.94
vertex 2500.03 12475.970000000001 199.94
vertex 6894.42 12475.970000000001 199.94
endloop
endfacet
facet normal 0 0 1
outer loop
vertex 5129.41 12481.17 199.94
vertex 6894.42 12475.970000000001 199.94
vertex 6896.37 12484.68 199.94
endloop
endfacet
facet normal 0 0 1
outer loop
vertex 5129.41 12481.17 199.94
vertex 6896.37 12484.68 199.94
vertex 6856.070000000001 12484.68 199.94
endloop
endfacet
facet normal 0 0 1
outer loop
vertex 6932.25 12465.57 199.94
vertex 6973.59 12465.57 199.94
vertex 7095.01 12833.08 199.94
endloop
endfacet
facet normal 0 0 0.9999999999999999
outer loop
vertex 6932.25 12465.57 199.94
vertex 7095.01 12833.08 199.94
vertex 7057.7 12845.300000000001 199.94
endloop
endfacet
facet normal 0 0 1
outer loop
vertex 5152.42 12471.810000000001 199.94
vertex 6894.42 12475.970000000001 199.94
vertex 2500.03 12475.970000000001 199.94
endloop
endfacet
facet normal 0 0 1
outer loop
vertex 5152.42 12471.810000000001 199.94
vertex 2500.03 12475.970000000001 199.94
vertex 2500.03 12465.57 199.94
endloop
endfacet
facet normal 0 0 1
outer loop
vertex 5152.42 12471.810000000001 199.94
vertex 2500.03 12465.57 199.94
vertex 6932.25 12465.57 199.94
endloop
endfacet
facet normal 0 0 1
outer loop
vertex 5152.42 12471.810000000001 199.94
vertex 6932.25 12465.57 199.94
vertex 6935.110000000001 12475.970000000001 199.94
endloop
endfacet
facet normal 0 0 1
outer loop
vertex 5152.42 12471.810000000001 199.94
vertex 6935.110000000001 12475.970000000001 199.94
vertex 6894.42 12475.970000000001 199.94
endloop
endfacet
facet normal 0 0 1
outer loop
vertex 6969.56 12453.220000000001 199.94
vertex 7011.55 12453.220000000001 199.94
vertex 7150.13 12812.28 199.94
endloop
endfacet
facet normal 0 0 1
outer loop
vertex 6969.56 12453.220000000001 199.94
vertex 7150.13 12812.28 199.94
vertex 7113.47 12826.45 199.94
endloop
endfacet
facet normal 0 0 1
outer loop
vertex 5175.04 12460.630000000001 199.94
vertex 6932.25 12465.57 199.94
vertex 2500.03 12465.57 199.94
endloop
endfacet
facet normal 0 0 1
outer loop
vertex 5175.04 12460.630000000001 199.94
vertex 2500.03 12465.57 199.94
vertex 2500.03 12453.220000000001 199.94
endloop
endfacet
facet normal 0 0 1
outer loop
vertex 5175.04 12460.630000000001 199.94
vertex 2500.03 12453.220000000001 199.94
vertex 6969.56 12453.220000000001 199.94
endloop
endfacet
facet normal 0 0 1
outer loop
vertex 5175.04 12460.630000000001 199.94
vertex 6969.56 12453.220000000001 199.94
vertex 6973.59 12465.57 199.94
endloop
endfacet
facet normal 0 0 0.9999999999999999
outer loop
vertex 5175.04 12460.630000000001 199.94
vertex 6973.59 12465.57 199.94
vertex 6932.25 12465.57 199.94
endloop
endfacet
facet normal 0 0 1
outer loop
vertex 7006.09 12439.050000000001 199.94
vertex 7049.12 12439.050000000001 199.94
vertex 7204.08 12788.880000000001 199.94
endloop
endfacet
facet normal 0 0 1
outer loop
vertex 7006.09 12439.050000000001 199.94
vertex 7204.08 12788.880000000001 199.94
vertex 7168.2 12804.74 199.94
endloop
endfacet
facet normal 0 0 1
outer loop
vertex 5197.400000000001 12447.5 199.94
vertex 6969.56 12453.220000000001 199.94
vertex 2500.03 12453.220000000001 199.94
endloop
endfacet
facet normal 0 0 0.9999999999999999
outer loop
vertex 5197.400000000001 12447.5 199.94
vertex 2500.03 12453.220000000001 199.94
vertex 2500.03 12439.050000000001 199.94
endloop
endfacet
facet normal 0 0 1
outer loop
vertex 5197.400000000001 12447.5 199.94
vertex 2500.03 12439.050000000001 199.94
vertex 7006.09 12439.050000000001 199.94
endloop
endfacet
facet normal 0 0 0.9999999999999999
outer loop
vertex 5197.400000000001 12447.5 199.94
vertex 7006.09 12439.050000000001 199.94
vertex 7011.55 12453.220000000001 199.94
endloop
endfacet
facet normal 0 0 0.9999999999999999
outer loop
vertex 5197.400000000001 12447.5 199.94
vertex 7011.55 12453.220000000001 199.94
vertex 6969.56 12453.220000000001 199.94
endloop
endfacet
facet normal 0 0 1
outer loop
vertex 7042.1 12423.19 199.94
vertex 7086.04 12423.19 199.94
vertex 7256.990000000001 12762.880000000001 199.94
endloop
endfacet
facet normal 0 0 0.9999999999999999
outer loop
vertex 7042.1 12423.19 199.94
vertex 7256.990000000001 12762.880000000001 199.94
vertex 7221.89 12780.43 199.94
endloop
endfacet
facet normal 0 0 1
outer loop
vertex 5219.5 12432.68 199.94
vertex 7006.09 12439.050000000001 199.94
vertex 2500.03 12439.050000000001 199.94
endloop
endfacet
facet normal 0 0 1
outer loop
vertex 5219.5 12432.68 199.94
vertex 2500.03 12439.050000000001 199.94
vertex 2500.03 12423.19 199.94
endloop
endfacet
facet normal 0 0 1
outer loop
vertex 5219.5 12432.68 199.94
vertex 2500.03 12423.19 199.94
vertex 7042.1 12423.19 199.94
endloop
endfacet
facet normal 0 0 0.9999999999999999
outer loop
vertex 5219.5 12432.68 199.94
vertex 7042.1 12423.19 199.94
vertex 7049.12 12439.050000000001 199.94
endloop
endfacet
facet normal 0 0 1
outer loop
vertex 5219.5 12432.68 199.94
vertex 7049.12 12439.050000000001 199.94
vertex 7006.09 12439.050000000001 199.94
endloop
endfacet
facet normal 0 0 0.9999999999999999
outer loop
vertex 7077.070000000001 12405.51 199.94
vertex 7122.31 12405.51 199.94
vertex 7308.47 12734.28 199.94
endloop
endfacet
facet normal 0 0 1
outer loop
vertex 7077.070000000001 12405.51 199.94
vertex 7308.47 12734.28 199.94
vertex 7274.280000000001 12753.52 199.94
endloop
endfacet
facet normal 0 0 0.9999999999999999
outer loop
vertex 5241.08 12416.17 199.94
vertex 7042.1 12423.19 199.94
vertex 2500.03 12423.19 199.94
endloop
endfacet
facet normal 0 0 1
outer loop
vertex 5241.08 12416.17 199.94
vertex 2500.03 12423.19 199.94
vertex 2500.03 12405.51 199.94
endloop
endfacet
facet normal 0 0 1
outer loop
vertex 5241.08 12416.17 199.94
vertex 2500.03 12405.51 199.94
vertex 7077.070000000001 12405.51 199.94
endloop
endfacet
facet normal 0 0 1
outer loop
vertex 5241.08 12416.17 199.94
vertex 7077.070000000001 12405.51 199.94
vertex 7086.04 12423.19 199.94
endloop
endfacet
facet normal 0 0 1
outer loop
vertex 5241.08 12416.17 199.94
vertex 7086.04 12423.19 199.94
vertex 7042.1 12423.19 199.94
endloop
endfacet
facet normal 0 0 0.9999999999999999
outer loop
vertex 7111.26 12386.140000000001 199.94
vertex 7157.8 12386.140000000001 199.94
vertex 7358.52 12703.08 199.94
endloop
endfacet
facet normal 0 0 1
outer loop
vertex 7111.26 12386.140000000001 199.94
vertex 7358.52 12703.08 199.94
vertex 7325.240000000001 12724.140000000001 199.94
endloop
endfacet
facet normal 0 0 1
outer loop
vertex 5262.14 12397.710000000001 199.94
vertex 7077.070000000001 12405.51 199.94
vertex 2500.03 12405.51 199.94
endloop
endfacet
facet normal 0 0 1
outer loop
vertex 5262.14 12397.710000000001 199.94
vertex 2500.03 12405.51 199.94
vertex 2500.03 12386.140000000001 199.94
endloop
endfacet
facet normal 0 0 1
outer loop
vertex 5262.14 12397.710000000001 199.94
vertex 2500.03 12386.140000000001 199.94
vertex 7111.26 12386.140000000001 199.94
endloop
endfacet
facet normal 0 0 1
outer loop
vertex 5262.14 12397.710000000001 199.94
vertex 7111.26 12386.140000000001 199.94
vertex 7122.31 12405.51 199.94
endloop
endfacet
facet normal 0 0 1
outer loop
vertex 5262.14 12397.710000000001 199.94
vertex 7122.31 12405.51 199.94
vertex 7077.070000000001 12405.51 199.94
endloop
endfacet
facet normal 0 0 1
outer loop
vertex 7144.41 12365.210000000001 199.94
vertex 7192.51 12365.210000000001 199.94
vertex 7406.88 12669.54 199.94
endloop
endfacet
facet normal 0 0 1
outer loop
vertex 7144.41 12365.210000000001 199.94
vertex 7406.88 12669.54 199.94
vertex 7374.77 12692.16 199.94
endloop
endfacet
facet normal 0 0 1
outer loop
vertex 5282.68 12377.82 199.94
vertex 7111.26 12386.140000000001 199.94
vertex 2500.03 12386.140000000001 199.94
endloop
endfacet
facet normal 0 0 1
outer loop
vertex 5282.68 12377.82 199.94
vertex 2500.03 12386.140000000001 199.94
vertex 2500.03 12365.210000000001 199.94
endloop
endfacet
facet normal 0 0 1
outer loop
vertex 5282.68 12377.82 199.94
vertex 2500.03 12365.210000000001 199.94
vertex 7144.41 12365.210000000001 199.94
endloop
endfacet
facet normal 0 0 1
outer loop
vertex 5282.68 12377.82 199.94
vertex 7144.41 12365.210000000001 199.94
vertex 7157.8 12386.140000000001 199.94
endloop
endfacet
facet normal 0 0 1
outer loop
vertex 5282.68 12377.82 199.94
vertex 7157.8 12386.140000000001 199.94
vertex 7111.26 12386.140000000001 199.94
endloop
endfacet
facet normal 0 0 1
outer loop
vertex 7176.52 12342.59 199.94
vertex 7226.31 12342.59 199.94
vertex 7453.55 12633.79 199.94
endloop
endfacet
facet normal 0 0 1
outer loop
vertex 7176.52 12342.59 199.94
vertex 7453.55 12633.79 199.94
vertex 7422.610000000001 12657.84 199.94
endloop
endfacet
facet normal 0 0 1
outer loop
vertex 5302.7 12356.11 199.94
vertex 7144.41 12365.210000000001 199.94
vertex 2500.03 12365.210000000001 199.94
endloop
endfacet
facet normal 0 0 1
outer loop
vertex 5302.7 12356.11 199.94
vertex 2500.03 12365.210000000001 199.94
vertex 2500.03 12342.59 199.94
endloop
endfacet
facet normal 0 0 1
outer loop
vertex 5302.7 12356.11 199.94
vertex 2500.03 12342.59 199.94
vertex 7176.52 12342.59 199.94
endloop
endfacet
facet normal 0 0 0.9999999999999999
outer loop
vertex 5302.7 12356.11 199.94
vertex 7176.52 12342.59 199.94
vertex 7192.51 12365.210000000001 199.94
endloop
endfacet
facet normal 0 0 0.9999999999999999
outer loop
vertex 5302.7 12356.11 199.94
vertex 7192.51 12365.210000000001 199.94
vertex 7144.41 12365.210000000001 199.94
endloop
endfacet
facet normal 0 0 1
outer loop
vertex 7207.46 12318.41 199.94
vertex 7259.33 12318.41 199.94
vertex 7498.530000000001 12595.7 199.94
endloop
endfacet
facet normal 0 0 1
outer loop
vertex 7207.46 12318.41 199.94
vertex 7498.530000000001 12595.7 199.94
vertex 7468.76 12621.310000000001 199.94
endloop
endfacet
facet normal 0 0 0.9999999999999999
outer loop
vertex 5322.070000000001 12332.970000000001 199.94
vertex 7176.52 12342.59 199.94
vertex 2500.03 12342.59 199.94
endloop
endfacet
facet normal 0 0 1
outer loop
vertex 5322.070000000001 12332.970000000001 199.94
vertex 2500.03 12342.59 199.94
vertex 2500.03 12318.41 199.94
endloop
endfacet
facet normal 0 0 1
outer loop
vertex 5322.070000000001 12332.970000000001 199.94
vertex 2500.03 12318.41 199.94
vertex 7207.46 12318.41 199.94
endloop
endfacet
facet normal 0 0 1
outer loop
vertex 5322.070000000001 12332.970000000001 199.94
vertex 7207.46 12318.41 199.94
vertex 7226.31 12342.59 199.94
endloop
endfacet
facet normal 0 0 1
outer loop
vertex 5322.070000000001 12332.970000000001 199.94
vertex 7226.31 12342.59 199.94
vertex 7176.52 12342.59 199.94
endloop
endfacet
facet normal 0 0 0.9999999999999999
outer loop
vertex 7237.2300000000005 12292.800000000001 199.94
vertex 7291.4400000000005 12292.800000000001 199.94
vertex 7541.56 12555.4 199.94
endloop
endfacet
facet normal 0 0 1
outer loop
vertex 7237.2300000000005 12292.800000000001 199.94
vertex 7541.56 12555.4 199.94
vertex 7513.09 12582.44 199.94
endloop
endfacet
facet normal 0 0 1
outer loop
vertex 5340.79 12308.140000000001 199.94
vertex 7207.46 12318.41 199.94
vertex 2500.03 12318.41 199.94
endloop
endfacet
facet normal 0 0 1
outer loop
vertex 5340.79 12308.140000000001 199.94
vertex 2500.03 12318.41 199.94
vertex 2500.03 12292.800000000001 199.94
endloop
endfacet
facet normal 0 0 1
outer loop
vertex 5340.79 12308.140000000001 199.94
vertex 2500.03 12292.800000000001 199.94
vertex 7237.2300000000005 12292.800000000001 199.94
endloop
endfacet
facet normal 0 0 1
outer loop
vertex 5340.79 12308.140000000001 199.94
vertex 7237.2300000000005 12292.800000000001 199.94
vertex 7259.33 12318.41 199.94
endloop
endfacet
facet normal 0 0 1
outer loop
vertex 5340.79 12308.140000000001 199.94
vertex 7259.33 12318.41 199.94
vertex 7207.46 12318.41 199.94
endloop
endfacet
facet normal 0 0 0.9999999999999999
outer loop
vertex 7265.7 12265.630000000001 199.94
vertex 7322.64 12265.630000000001 199.94
vertex 7582.51 12513.02 199.94
endloop
endfacet
facet normal 0 0 1
outer loop
vertex 7265.7 12265.630000000001 199.94
vertex 7582.51 12513.02 199.94
vertex 7555.34 12541.49 199.94
endloop
endfacet
facet normal 0 0 1
outer loop
vertex 5358.860000000001 12281.880000000001 199.94
vertex 7237.2300000000005 12292.800000000001 199.94
vertex 2500.03 12292.800000000001 199.94
endloop
endfacet
facet normal 0 0 1
outer loop
vertex 5358.860000000001 12281.880000000001 199.94
vertex 2500.03 12292.800000000001 199.94
vertex 2500.03 12265.630000000001 199.94
endloop
endfacet
facet normal 0 0 1
outer loop
vertex 5358.860000000001 12281.880000000001 199.94
vertex 2500.03 12265.630000000001 199.94
vertex 7265.7 12265.630000000001 199.94
endloop
endfacet
facet normal 0 0 1
outer loop
vertex 5358.860000000001 12281.880000000001 199.94
vertex 7265.7 12265.630000000001 199.94
vertex 7291.4400000000005 12292.800000000001 199.94
endloop
endfacet
facet normal 0 0 1
outer loop
vertex 5358.860000000001 12281.880000000001 199.94
vertex 7291.4400000000005 12292.800000000001 199.94
vertex 7237.2300000000005 12292.800000000001 199.94
endloop
endfacet
facet normal 0 0 1
outer loop
vertex 7292.740000000001 12237.29 199.94
vertex 7352.93 12237.29 199.94
vertex 7621.25 12468.82 199.94
endloop
endfacet
facet normal 0 0 1
outer loop
vertex 7292.740000000001 12237.29 199.94
vertex 7621.25 12468.82 199.94
vertex 7595.64 12498.460000000001 199.94
endloop
endfacet
facet normal 0 0 1
outer loop
vertex 5376.28 12254.32 199.94
vertex 7265.7 12265.630000000001 199.94
vertex 2500.03 12265.630000000001 199.94
endloop
endfacet
facet normal 0 0 1
outer loop
vertex 5376.28 12254.32 199.94
vertex 2500.03 12265.630000000001 199.94
vertex 2500.03 12237.29 199.94
endloop
endfacet
facet normal 0 0 1
outer loop
vertex 5376.28 12254.32 199.94
vertex 2500.03 12237.29 199.94
vertex 7292.740000000001 12237.29 199.94
endloop
endfacet
facet normal 0 0 1
outer loop
vertex 5376.28 12254.32 199.94
vertex 7292.740000000001 12237.29 199.94
vertex 7322.64 12265.630000000001 199.94
endloop
endfacet
facet normal 0 0 1
outer loop
vertex 5376.28 12254.32 199.94
vertex 7322.64 12265.630000000001 199.94
vertex 7265.7 12265.630000000001 199.94
endloop
endfacet
facet normal 0 0 1
outer loop
vertex 7318.35 12207.52 199.94
vertex 7382.18 12207.52 199.94
vertex 7657.91 12422.67 199.94
endloop
endfacet
facet normal 0 0 0.9999999999999999
outer loop
vertex 7318.35 12207.52 199.94
vertex 7657.91 12422.67 199.94
vertex 7633.7300000000005 12453.61 199.94
endloop
endfacet
facet normal 0 0 0.9999999999999999
outer loop
vertex 5392.79 12225.33 199.94
vertex 7292.740000000001 12237.29 199.94
vertex 2500.03 12237.29 199.94
endloop
endfacet
facet normal 0 0 1
outer loop
vertex 5392.79 12225.33 199.94
vertex 2500.03 12237.29 199.94
vertex 2500.03 12207.52 199.94
endloop
endfacet
facet normal 0 0 0.9999999999999999
outer loop
vertex 5392.79 12225.33 199.94
vertex 2500.03 12207.52 199.94
vertex 7318.35 12207.52 199.94
endloop
endfacet
facet normal 0 0 1
outer loop
vertex 5392.79 12225.33 199.94
vertex 7318.35 12207.52 199.94
vertex 7352.93 12237.29 199.94
endloop
endfacet
facet normal 0 0 0.9999999999999999
outer loop
vertex 5392.79 12225.33 199.94
vertex 7352.93 12237.29 199.94
vertex 7292.740000000001 12237.29 199.94
endloop
endfacet
facet normal 0 0 1
outer loop
vertex 7342.530000000001 12176.58 199.94
vertex 7410.780000000001 12176.58 199.94
vertex 7692.2300000000005 12374.83 199.94
endloop
endfacet
facet normal 0 0 1
outer loop
vertex 7342.530000000001 12176.58 199.94
vertex 7692.2300000000005 12374.83 199.94
vertex 7669.610000000001 12406.94 199.94
endloop
endfacet
facet normal 0 0 1
outer loop
vertex 5408.650000000001 12195.17 199.94
vertex 7318.35 12207.52 199.94
vertex 2500.03 12207.52 199.94
endloop
endfacet
facet normal 0 0 1
outer loop
vertex 5408.650000000001 12195.17 199.94
vertex 2500.03 12207.52 199.94
vertex 2500.03 12176.58 199.94
endloop
endfacet
facet normal 0 0 0.9999999999999999
outer loop
vertex 5408.650000000001 12195.17 199.94
vertex 2500.03 12176.58 199.94
vertex 7342.530000000001 12176.58 199.94
endloop
endfacet
facet normal 0 0 0.9999999999999999
outer loop
vertex 5408.650000000001 12195.17 199.94
vertex 7342.530000000001 12176.58 199.94
vertex 7382.18 12207.52 199.94
endloop
endfacet
facet normal 0 0 1
outer loop
vertex 5408.650000000001 12195.17 199.94
vertex 7382.18 12207.52 199.94
vertex 7318.35 12207.52 199.94
endloop
endfacet
facet normal 0 0 1
outer loop
vertex 7365.150000000001 12144.470000000001 199.94
vertex 7438.6 12144.470000000001 199.94
vertex 7724.08 12325.300000000001 199.94
endloop
endfacet
facet normal 0 0 0.9999999999999999
outer loop
vertex 7365.150000000001 12144.470000000001 199.94
vertex 7724.08 12325.300000000001 199.94
vertex 7703.150000000001 12358.45 199.94
endloop
endfacet
facet normal 0 0 1
outer loop
vertex 5423.7300000000005 12163.710000000001 199.94
vertex 7342.530000000001 12176.58 199.94
vertex 2500.03 12176.58 199.94
endloop
endfacet
facet normal 0 0 1
outer loop
vertex 5423.7300000000005 12163.710000000001 199.94
vertex 2500.03 12176.58 199.94
vertex 2500.03 12144.470000000001 199.94
endloop
endfacet
facet normal 0 0 1
outer loop
vertex 5423.7300000000005 12163.710000000001 199.94
vertex 2500.03 12144.470000000001 199.94
vertex 7365.150000000001 12144.470000000001 199.94
endloop
endfacet
facet normal 0 0 0.9999999999999999
outer loop
vertex 5423.7300000000005 12163.710000000001 199.94
vertex 7365.150000000001 12144.470000000001 199.94
vertex 7410.780000000001 12176.58 199.94
endloop
endfacet
facet normal 0 0 0.9999999999999999
outer loop
vertex 5423.7300000000005 12163.710000000001 199.94
vertex 7410.780000000001 12176.58 199.94
vertex 7342.530000000001 12176.58 199.94
endloop
endfacet
facet normal 0 0 1
outer loop
vertex 7386.21 12111.32 199.94
vertex 7465.900000000001 12111.32 199.94
vertex 7753.59 12274.34 199.94
endloop
endfacet
facet normal 0 0 1
outer loop
vertex 7386.21 12111.32 199.94
vertex 7753.59 12274.34 199.94
vertex 7734.22 12308.4 199.94
endloop
endfacet
facet normal 0 0 1
outer loop
vertex 5438.03 12131.210000000001 199.94
vertex 7365.150000000001 12144.470000000001 199.94
vertex 2500.03 12144.470000000001 199.94
endloop
endfacet
facet normal 0 0 0.9999999999999999
outer loop
vertex 5438.03 12131.210000000001 199.94
vertex 2500.03 12144.470000000001 199.94
vertex 2500.03 12111.32 199.94
endloop
endfacet
facet normal 0 0 1
outer loop
vertex 5438.03 12131.210000000001 199.94
vertex 2500.03 12111.32 199.94
vertex 7386.21 12111.32 199.94
endloop
endfacet
facet normal 0 0 1
outer loop
vertex 5438.03 12131.210000000001 199.94
vertex 7386.21 12111.32 199.94
vertex 7438.6 12144.470000000001 199.94
endloop
endfacet
facet normal 0 0 1
outer loop
vertex 5438.03 12131.210000000001 199.94
vertex 7438.6 12144.470000000001 199.94
vertex 7365.150000000001 12144.470000000001 199.94
endloop
endfacet
facet normal 0 0 1
outer loop
vertex 10225.15 12665.25 199.94
vertex 9999.99 12900.03 199.94
vertex 9960.73 12898.08 199.94
endloop
endfacet
facet normal 0 0 1
outer loop
vertex 10225.15 12665.25 199.94
vertex 9960.73 12898.08 199.94
vertex 9921.99 12892.36 199.94
endloop
endfacet
facet normal 0 0 1
outer loop
vertex 10225.15 12665.25 199.94
vertex 9921.99 12892.36 199.94
vertex 9883.9 12882.74 199.94
endloop
endfacet
facet normal 0 0 1
outer loop
vertex 10225.15 12665.25 199.94
vertex 9883.9 12882.74 199.94
vertex 9846.98 12869.61 199.94
endloop
endfacet
facet normal 0 0 1
outer loop
vertex 10225.15 12665.25 199.94
vertex 9846.98 12869.61 199.94
vertex 9811.49 12852.710000000001 199.94
endloop
endfacet
facet normal 0 0 1
outer loop
vertex 10225.15 12665.25 199.94
vertex 9811.49 12852.710000000001 199.94
vertex 9777.82 12832.560000000001 199.94
endloop
endfacet
facet normal 0 0 0.9999999999999999
outer loop
vertex 10225.15 12665.25 199.94
vertex 9777.82 12832.560000000001 199.94
vertex 9746.23 12809.16 199.94
endloop
endfacet
facet normal 0 0 1
outer loop
vertex 10225.15 12665.25 199.94
vertex 9746.23 12809.16 199.94
vertex 9717.11 12782.9 199.94
endloop
endfacet
facet normal 0 0 1
outer loop
vertex 10225.15 12665.25 199.94
vertex 9717.11 12782.9 199.94
vertex 9690.85 12753.78 199.94
endloop
endfacet
facet normal 0 0 1
outer loop
vertex 10225.15 12665.25 199.94
vertex 9690.85 12753.78 199.94
vertex 9667.45 12722.19 199.94
endloop
endfacet
facet normal 0 0 1
outer loop
vertex 10225.15 12665.25 199.94
vertex 9667.45 12722.19 199.94
vertex 9647.17 12688.52 199.94
endloop
endfacet
facet normal 0 0 1
outer loop
vertex 10225.15 12665.25 199.94
vertex 9647.17 12688.52 199.94
vertex 9630.4 12653.03 199.94
endloop
endfacet
facet normal 0 0 1
outer loop
vertex 10225.15 12665.25 199.94
vertex 9630.4 12653.03 199.94
vertex 9617.27 12616.11 199.94
endloop
endfacet
facet normal 0 0 0.9999999999999999
outer loop
vertex 10225.15 12665.25 199.94
vertex 9617.27 12616.11 199.94
vertex 9607.65 12578.02 199.94
endloop
endfacet
facet normal 0 0 1
outer loop
vertex 10225.15 12665.25 199.94
vertex 9607.65 12578.02 199.94
vertex 9601.93 12539.15 199.94
endloop
endfacet
facet normal 0 0 1
outer loop
vertex 10225.15 12665.25 199.94
vertex 9601.93 12539.15 199.94
vertex 9599.98 12500.02 199.94
endloop
endfacet
facet normal 0 0 0.9999999999999999
outer loop
vertex 10225.15 12665.25 199.94
vertex 9599.98 12500.02 199.94
vertex 9599.98 12100.01 199.94
endloop
endfacet
facet normal 0 0 1
outer loop
vertex 10225.15 12665.25 199.94
vertex 9599.98 12100.01 199.94
vertex 10400 12100.01 199.94
endloop
endfacet
facet normal 0 0 1
outer loop
vertex 10225.15 12665.25 199.94
vertex 10400 12100.01 199.94
vertex 14499.94 12100.01 199.94
endloop
endfacet
facet normal 0 0 1
outer loop
vertex 10225.15 12665.25 199.94
vertex 14499.94 12100.01 199.94
vertex 14499.94 12900.03 199.94
endloop
endfacet
facet normal 0 0 1
outer loop
vertex 10225.15 12665.25 199.94
vertex 14499.94 12900.03 199.94
vertex 9999.99 12900.03 199.94
endloop
endfacet
facet normal 0 0 1
outer loop
vertex 5665.53 12105.73 199.94
vertex 7386.21 12111.32 199.94
vertex 2500.03 12111.32 199.94
endloop
endfacet
facet normal 0 0 1
outer loop
vertex 5665.53 12105.73 199.94
vertex 2500.03 12111.32 199.94
vertex 2500.03 12100.01 199.94
endloop
endfacet
facet normal 0 0 1
outer loop
vertex 5665.53 12105.73 199.94
vertex 2500.03 12100.01 199.94
vertex 6695.13 12100.01 199.94
endloop
endfacet
facet normal 0 0 1
outer loop
vertex 5665.53 12105.73 199.94
vertex 6695.13 12100.01 199.94
vertex 7445.88 12100.01 199.94
endloop
endfacet
facet normal 0 0 1
outer loop
vertex 5665.53 12105.73 199.94
vertex 7445.88 12100.01 199.94
vertex 7465.900000000001 12111.32 199.94
endloop
endfacet
facet normal 0 0 1
outer loop
vertex 5665.53 12105.73 199.94
vertex 7465.900000000001 12111.32 199.94
vertex 7386.21 12111.32 199.94
endloop
endfacet
facet normal 0 0 1
outer loop
vertex 6695.13 12100.01 199.94
vertex 6719.570000000001 12099.36 199.94
vertex 7444.84 12099.36 199.94
endloop
endfacet
facet normal 0 0 1
outer loop
vertex 6695.13 12100.01 199.94
vertex 7444.84 12099.36 199.94
vertex 7445.88 12100.01 199.94
endloop
endfacet
facet normal 0 0 1
outer loop
vertex 6719.570000000001 12099.36 199.94
vertex 6739.2 12097.93 199.94
vertex 7442.37 12097.93 199.94
endloop
endfacet
facet normal 0 0 1
outer loop
vertex 6719.570000000001 12099.36 199.94
vertex 7442.37 12097.93 199.94
vertex 7444.84 12099.36 199.94
endloop
endfacet
facet normal 0 0 1
outer loop
vertex 6739.2 12097.93 199.94
vertex 6758.7 12095.59 199.94
vertex 7438.08 12095.59 199.94
endloop
endfacet
facet normal 0 0 0.9999999999999999
outer loop
vertex 6739.2 12097.93 199.94
vertex 7438.08 12095.59 199.94
vertex 7442.37 12097.93 199.94
endloop
endfacet
facet normal 0 0 1
outer loop
vertex 6758.7 12095.59 199.94
vertex 6778.070000000001 12092.210000000001 199.94
vertex 7432.1 12092.210000000001 199.94
endloop
endfacet
facet normal 0 0 1
outer loop
vertex 6758.7 12095.59 199.94
vertex 7432.1 12092.210000000001 199.94
vertex 7438.08 12095.59 199.94
endloop
endfacet
facet normal 0 0 1
outer loop
vertex 6778.070000000001 12092.210000000001 199.94
vertex 6797.18 12087.92 199.94
vertex 7424.56 12087.92 199.94
endloop
endfacet
facet normal 0 0 1
outer loop
vertex 6778.070000000001 12092.210000000001 199.94
vertex 7424.56 12087.92 199.94
vertex 7432.1 12092.210000000001 199.94
endloop
endfacet
facet normal 0 0 1
outer loop
vertex 6797.18 12087.92 199.94
vertex 6816.030000000001 12082.720000000001 199.94
vertex 7415.33 12082.720000000001 199.94
endloop
endfacet
facet normal 0 0 1
outer loop
vertex 6797.18 12087.92 199.94
vertex 7415.33 12082.720000000001 199.94
vertex 7424.56 12087.92 199.94
endloop
endfacet
facet normal 0 0 1
outer loop
vertex 7405.58 12077.130000000001 199.94
vertex 7492.81 12077.130000000001 199.94
vertex 7780.5 12221.95 199.94
endloop
endfacet
facet normal 0 0 1
outer loop
vertex 7405.58 12077.130000000001 199.94
vertex 7780.5 12221.95 199.94
vertex 7762.820000000001 12256.92 199.94
endloop
endfacet
facet normal 0 0 1
outer loop
vertex 6816.030000000001 12082.720000000001 199.94
vertex 6832.8 12077.130000000001 199.94
vertex 7405.58 12077.130000000001 199.94
endloop
endfacet
facet normal 0 0 1
outer loop
vertex 6816.030000000001 12082.720000000001 199.94
vertex 7405.58 12077.130000000001 199.94
vertex 7415.33 12082.720000000001 199.94
endloop
endfacet
facet normal 0 0 1
outer loop
vertex 7211.490000000001 12076.87 199.94
vertex 7405.58 12077.130000000001 199.94
vertex 6832.8 12077.130000000001 199.94
endloop
endfacet
facet normal 0 0 1
outer loop
vertex 7211.490000000001 12076.87 199.94
vertex 6832.8 12077.130000000001 199.94
vertex 6834.75 12076.48 199.94
endloop
endfacet
facet normal 0 0 1
outer loop
vertex 7211.490000000001 12076.87 199.94
vertex 6834.75 12076.48 199.94
vertex 7491.64 12076.48 199.94
endloop
endfacet
facet normal 0 0 1
outer loop
vertex 7211.490000000001 12076.87 199.94
vertex 7491.64 12076.48 199.94
vertex 7492.81 12077.130000000001 199.94
endloop
endfacet
facet normal 0 0 1
outer loop
vertex 7211.490000000001 12076.87 199.94
vertex 7492.81 12077.130000000001 199.94
vertex 7405.58 12077.130000000001 199.94
endloop
endfacet
facet normal 0 0 1
outer loop
vertex 6834.75 12076.48 199.94
vertex 6853.08 12069.460000000001 199.94
vertex 7477.6 12069.460000000001 199.94
endloop
endfacet
facet normal 0 0 1
outer loop
vertex 6834.75 12076.48 199.94
vertex 7477.6 12069.460000000001 199.94
vertex 7491.64 12076.48 199.94
endloop
endfacet
facet normal 0 0 1
outer loop
vertex 6853.08 12069.460000000001 199.94
vertex 6871.02 12061.53 199.94
vertex 7461.87 12061.53 199.94
endloop
endfacet
facet normal 0 0 1
outer loop
vertex 6853.08 12069.460000000001 199.94
vertex 7461.87 12061.53 199.94
vertex 7477.6 12069.460000000001 199.94
endloop
endfacet
facet normal 0 0 1
outer loop
vertex 6871.02 12061.53 199.94
vertex 6888.4400000000005 12052.69 199.94
vertex 7444.320000000001 12052.69 199.94
endloop
endfacet
facet normal 0 0 1
outer loop
vertex 6871.02 12061.53 199.94
vertex 7444.320000000001 12052.69 199.94
vertex 7461.87 12061.53 199.94
endloop
endfacet
facet normal 0 0 1
outer loop
vertex 6888.4400000000005 12052.69 199.94
vertex 6905.6 12042.94 199.94
vertex 7425.08 12042.94 199.94
endloop
endfacet
facet normal 0 0 1
outer loop
vertex 6888.4400000000005 12052.69 199.94
vertex 7425.08 12042.94 199.94
vertex 7444.320000000001 12052.69 199.94
endloop
endfacet
facet normal 0 0 1
outer loop
vertex 7423.13 12042.03 199.94
vertex 7520.110000000001 12042.03 199.94
vertex 7804.81 12168.26 199.94
endloop
endfacet
facet normal 0 0 1
outer loop
vertex 7423.13 12042.03 199.94
vertex 7804.81 12168.26 199.94
vertex 7788.820000000001 12204.140000000001 199.94
endloop
endfacet
facet normal 0 0 1
outer loop
vertex 6905.6 12042.94 199.94
vertex 6907.030000000001 12042.03 199.94
vertex 7423.13 12042.03 199.94
endloop
endfacet
facet normal 0 0 1
outer loop
vertex 6905.6 12042.94 199.94
vertex 7423.13 12042.03 199.94
vertex 7425.08 12042.94 199.94
endloop
endfacet
facet normal 0 0 1
outer loop
vertex 7254.13 12038.26 199.94
vertex 7423.13 12042.03 199.94
vertex 6907.030000000001 12042.03 199.94
endloop
endfacet
facet normal 0 0 1
outer loop
vertex 7254.13 12038.26 199.94
vertex 6907.030000000001 12042.03 199.94
vertex 6922.110000000001 12032.54 199.94
endloop
endfacet
facet normal 0 0 0.9999999999999999
outer loop
vertex 7254.13 12038.26 199.94
vertex 6922.110000000001 12032.54 199.94
vertex 7498.530000000001 12032.54 199.94
endloop
endfacet
facet normal 0 0 1
outer loop
vertex 7254.13 12038.26 199.94
vertex 7498.530000000001 12032.54 199.94
vertex 7520.110000000001 12042.03 199.94
endloop
endfacet
facet normal 0 0 1
outer loop
vertex 7254.13 12038.26 199.94
vertex 7520.110000000001 12042.03 199.94
vertex 7423.13 12042.03 199.94
endloop
endfacet
facet normal 0 0 1
outer loop
vertex 6922.110000000001 12032.54 199.94
vertex 6938.2300000000005 12021.23 199.94
vertex 7473.05 12021.23 199.94
endloop
endfacet
facet normal 0 0 0.9999999999999999
outer loop
vertex 6922.110000000001 12032.54 199.94
vertex 7473.05 12021.23 199.94
vertex 7498.530000000001 12032.54 199.94
endloop
endfacet
facet normal 0 0 1
outer loop
vertex 6938.2300000000005 12021.23 199.94
vertex 6953.7 12009.140000000001 199.94
vertex 7445.75 12009.140000000001 199.94
endloop
endfacet
facet normal 0 0 1
outer loop
vertex 6938.2300000000005 12021.23 199.94
vertex 7445.75 12009.140000000001 199.94
vertex 7473.05 12021.23 199.94
endloop
endfacet
facet normal 0 0 1
outer loop
vertex 7439.12 12006.15 199.94
vertex 7548.1900000000005 12006.15 199.94
vertex 7826.39 12113.53 199.94
endloop
endfacet
facet normal 0 0 1
outer loop
vertex 7439.12 12006.15 199.94
vertex 7826.39 12113.53 199.94
vertex 7812.35 12150.060000000001 199.94
endloop
endfacet
facet normal 0 0 1
outer loop
vertex 6953.7 12009.140000000001 199.94
vertex 6957.08 12006.15 199.94
vertex 7439.12 12006.15 199.94
endloop
endfacet
facet normal 0 0 1
outer loop
vertex 6953.7 12009.140000000001 199.94
vertex 7439.12 12006.15 199.94
vertex 7445.75 12009.140000000001 199.94
endloop
endfacet
facet normal 0 0 1
outer loop
vertex 7287.150000000001 12002.25 199.94
vertex 7439.12 12006.15 199.94
vertex 6957.08 12006.15 199.94
endloop
endfacet
facet normal 0 0 1
outer loop
vertex 7287.150000000001 12002.25 199.94
vertex 6957.08 12006.15 199.94
vertex 6968.52 11996.27 199.94
endloop
endfacet
facet normal 0 0 0.9999999999999999
outer loop
vertex 7287.150000000001 12002.25 199.94
vertex 6968.52 11996.27 199.94
vertex 7522.71 11996.27 199.94
endloop
endfacet
facet normal 0 0 1
outer loop
vertex 7287.150000000001 12002.25 199.94
vertex 7522.71 11996.27 199.94
vertex 7548.1900000000005 12006.15 199.94
endloop
endfacet
facet normal 0 0 1
outer loop
vertex 7287.150000000001 12002.25 199.94
vertex 7548.1900000000005 12006.15 199.94
vertex 7439.12 12006.15 199.94
endloop
endfacet
facet normal 0 0 1
outer loop
vertex 6968.52 11996.27 199.94
vertex 6982.820000000001 11982.75 199.94
vertex 7487.610000000001 11982.75 199.94
endloop
endfacet
facet normal 0 0 1
outer loop
vertex 6968.52 11996.27 199.94
vertex 7487.610000000001 11982.75 199.94
vertex 7522.71 11996.27 199.94
endloop
endfacet
facet normal 0 0 1
outer loop
vertex 7453.29 11969.49 199.94
vertex 7578.35 11969.49 199.94
vertex 7845.37 12057.76 199.94
endloop
endfacet
facet normal 0 0 0.9999999999999999
outer loop
vertex 7453.29 11969.49 199.94
vertex 7845.37 12057.76 199.94
vertex 7833.02 12094.94 199.94
endloop
endfacet
facet normal 0 0 1
outer loop
vertex 6982.820000000001 11982.75 199.94
vertex 6995.43 11969.49 199.94
vertex 7453.29 11969.49 199.94
endloop
endfacet
facet normal 0 0 1
outer loop
vertex 6982.820000000001 11982.75 199.94
vertex 7453.29 11969.49 199.94
vertex 7487.610000000001 11982.75 199.94
endloop
endfacet
facet normal 0 0 0.9999999999999999
outer loop
vertex 7319.780000000001 11969.1 199.94
vertex 7453.29 11969.49 199.94
vertex 6995.43 11969.49 199.94
endloop
endfacet
facet normal 0 0 1
outer loop
vertex 7319.780000000001 11969.1 199.94
vertex 6995.43 11969.49 199.94
vertex 6996.34 11968.58 199.94
endloop
endfacet
facet normal 0 0 1
outer loop
vertex 7319.780000000001 11969.1 199.94
vertex 6996.34 11968.58 199.94
vertex 7575.490000000001 11968.58 199.94
endloop
endfacet
facet normal 0 0 1
outer loop
vertex 7319.780000000001 11969.1 199.94
vertex 7575.490000000001 11968.58 199.94
vertex 7578.35 11969.49 199.94
endloop
endfacet
facet normal 0 0 1
outer loop
vertex 7319.780000000001 11969.1 199.94
vertex 7578.35 11969.49 199.94
vertex 7453.29 11969.49 199.94
endloop
endfacet
facet normal 0 0 1
outer loop
vertex 6996.34 11968.58 199.94
vertex 7009.08 11953.630000000001 199.94
vertex 7530.51 11953.630000000001 199.94
endloop
endfacet
facet normal 0 0 1
outer loop
vertex 6996.34 11968.58 199.94
vertex 7530.51 11953.630000000001 199.94
vertex 7575.490000000001 11968.58 199.94
endloop
endfacet
facet normal 0 0 1
outer loop
vertex 7009.08 11953.630000000001 199.94
vertex 7021.17 11938.16 199.94
vertex 7483.71 11938.16 199.94
endloop
endfacet
facet normal 0 0 1
outer loop
vertex 7009.08 11953.630000000001 199.94
vertex 7483.71 11938.16 199.94
vertex 7530.51 11953.630000000001 199.94
endloop
endfacet
facet normal 0 0 0.9999999999999999
outer loop
vertex 7465.51 11932.18 199.94
vertex 7612.8 11932.18 199.94
vertex 7861.490000000001 12001.08 199.94
endloop
endfacet
facet normal 0 0 0.9999999999999999
outer loop
vertex 7465.51 11932.18 199.94
vertex 7861.490000000001 12001.08 199.94
vertex 7851.09 12038.91 199.94
endloop
endfacet
facet normal 0 0 1
outer loop
vertex 7021.17 11938.16 199.94
vertex 7025.46 11932.18 199.94
vertex 7465.51 11932.18 199.94
endloop
endfacet
facet normal 0 0 1
outer loop
vertex 7021.17 11938.16 199.94
vertex 7465.51 11932.18 199.94
vertex 7483.71 11938.16 199.94
endloop
endfacet
facet normal 0 0 1
outer loop
vertex 7342.530000000001 11928.15 199.94
vertex 7465.51 11932.18 199.94
vertex 7025.46 11932.18 199.94
endloop
endfacet
facet normal 0 0 0.9999999999999999
outer loop
vertex 7342.530000000001 11928.15 199.94
vertex 7025.46 11932.18 199.94
vertex 7032.4800000000005 11922.17 199.94
endloop
endfacet
facet normal 0 0 0.9999999999999999
outer loop
vertex 7342.530000000001 11928.15 199.94
vertex 7032.4800000000005 11922.17 199.94
vertex 7576.400000000001 11922.17 199.94
endloop
endfacet
facet normal 0 0 1
outer loop
vertex 7342.530000000001 11928.15 199.94
vertex 7576.400000000001 11922.17 199.94
vertex 7612.8 11932.18 199.94
endloop
endfacet
facet normal 0 0 1
outer loop
vertex 7342.530000000001 11928.15 199.94
vertex 7612.8 11932.18 199.94
vertex 7465.51 11932.18 199.94
endloop
endfacet
facet normal 0 0 0.9999999999999999
outer loop
vertex 7032.4800000000005 11922.17 199.94
vertex 7043.01 11905.53 199.94
vertex 7516.47 11905.53 199.94
endloop
endfacet
facet normal 0 0 1
outer loop
vertex 7032.4800000000005 11922.17 199.94
vertex 7516.47 11905.53 199.94
vertex 7576.400000000001 11922.17 199.94
endloop
endfacet
facet normal 0 0 1
outer loop
vertex 7476.04 11894.35 199.94
vertex 7655.18 11894.35 199.94
vertex 7874.88 11943.75 199.94
endloop
endfacet
facet normal 0 0 1
outer loop
vertex 7476.04 11894.35 199.94
vertex 7874.88 11943.75 199.94
vertex 7866.3 11981.970000000001 199.94
endloop
endfacet
facet normal 0 0 1
outer loop
vertex 7043.01 11905.53 199.94
vertex 7049.38 11894.35 199.94
vertex 7476.04 11894.35 199.94
endloop
endfacet
facet normal 0 0 1
outer loop
vertex 7043.01 11905.53 199.94
vertex 7476.04 11894.35 199.94
vertex 7516.47 11905.53 199.94
endloop
endfacet
facet normal 0 0 1
outer loop
vertex 7372.43 11892.01 199.94
vertex 7476.04 11894.35 199.94
vertex 7049.38 11894.35 199.94
endloop
endfacet
facet normal 0 0 1
outer loop
vertex 7372.43 11892.01 199.94
vertex 7049.38 11894.35 199.94
vertex 7052.63 11888.5 199.94
endloop
endfacet
facet normal 0 0 1
outer loop
vertex 7372.43 11892.01 199.94
vertex 7052.63 11888.5 199.94
vertex 7629.05 11888.5 199.94
endloop
endfacet
facet normal 0 0 1
outer loop
vertex 7372.43 11892.01 199.94
vertex 7629.05 11888.5 199.94
vertex 7655.18 11894.35 199.94
endloop
endfacet
facet normal 0 0 0.9999999999999999
outer loop
vertex 7372.43 11892.01 199.94
vertex 7655.18 11894.35 199.94
vertex 7476.04 11894.35 199.94
endloop
endfacet
facet normal 0 0 1
outer loop
vertex 7052.63 11888.5 199.94
vertex 7061.47 11870.95 199.94
vertex 7550.92 11870.95 199.94
endloop
endfacet
facet normal 0 0 1
outer loop
vertex 7052.63 11888.5 199.94
vertex 7550.92 11870.95 199.94
vertex 7629.05 11888.5 199.94
endloop
endfacet
facet normal 0 0 1
outer loop
vertex 7484.62 11856.130000000001 199.94
vertex 7714.33 11856.130000000001 199.94
vertex 7885.41 11885.77 199.94
endloop
endfacet
facet normal 0 0 0.9999999999999999
outer loop
vertex 7484.62 11856.130000000001 199.94
vertex 7885.41 11885.77 199.94
vertex 7878.780000000001 11924.51 199.94
endloop
endfacet
facet normal 0 0 1
outer loop
vertex 7061.47 11870.95 199.94
vertex 7068.1 11856.130000000001 199.94
vertex 7484.62 11856.130000000001 199.94
endloop
endfacet
facet normal 0 0 0.9999999999999999
outer loop
vertex 7061.47 11870.95 199.94
vertex 7484.62 11856.130000000001 199.94
vertex 7550.92 11870.95 199.94
endloop
endfacet
facet normal 0 0 1
outer loop
vertex 7406.62 11854.83 199.94
vertex 7484.62 11856.130000000001 199.94
vertex 7068.1 11856.130000000001 199.94
endloop
endfacet
facet normal 0 0 1
outer loop
vertex 7406.62 11854.83 199.94
vertex 7068.1 11856.130000000001 199.94
vertex 7069.400000000001 11853.01 199.94
endloop
endfacet
facet normal 0 0 1
outer loop
vertex 7406.62 11854.83 199.94
vertex 7069.400000000001 11853.01 199.94
vertex 7696.780000000001 11853.01 199.94
endloop
endfacet
facet normal 0 0 1
outer loop
vertex 7406.62 11854.83 199.94
vertex 7696.780000000001 11853.01 199.94
vertex 7714.33 11856.130000000001 199.94
endloop
endfacet
facet normal 0 0 1
outer loop
vertex 7406.62 11854.83 199.94
vertex 7714.33 11856.130000000001 199.94
vertex 7484.62 11856.130000000001 199.94
endloop
endfacet
facet normal 0 0 1
outer loop
vertex 7069.400000000001 11853.01 199.94
vertex 7076.55 11834.68 199.94
vertex 7591.22 11834.68 199.94
endloop
endfacet
facet normal 0 0 1
outer loop
vertex 7069.400000000001 11853.01 199.94
vertex 7591.22 11834.68 199.94
vertex 7696.780000000001 11853.01 199.94
endloop
endfacet
facet normal 0 0 1
outer loop
vertex 7491.38 11817.390000000001 199.94
vertex 7812.09 11817.390000000001 199.94
vertex 7893.08 11827.4 199.94
endloop
endfacet
facet normal 0 0 1
outer loop
vertex 7491.38 11817.390000000001 199.94
vertex 7893.08 11827.4 199.94
vertex 7888.27 11866.4 199.94
endloop
endfacet
facet normal 0 0 1
outer loop
vertex 7076.55 11834.68 199.94
vertex 7082.27 11817.390000000001 199.94
vertex 7491.38 11817.390000000001 199.94
endloop
endfacet
facet normal 0 0 1
outer loop
vertex 7076.55 11834.68 199.94
vertex 7491.38 11817.390000000001 199.94
vertex 7591.22 11834.68 199.94
endloop
endfacet
facet normal 0 0 1
outer loop
vertex 7453.9400000000005 11816.87 199.94
vertex 7491.38 11817.390000000001 199.94
vertex 7082.27 11817.390000000001 199.94
endloop
endfacet
facet normal 0 0 1
outer loop
vertex 7453.9400000000005 11816.87 199.94
vertex 7082.27 11817.390000000001 199.94
vertex 7082.66 11816.09 199.94
endloop
endfacet
facet normal 0 0 1
outer loop
vertex 7453.9400000000005 11816.87 199.94
vertex 7082.66 11816.09 199.94
vertex 7801.56 11816.09 199.94
endloop
endfacet
facet normal 0 0 0.9999999999999999
outer loop
vertex 7453.9400000000005 11816.87 199.94
vertex 7801.56 11816.09 199.94
vertex 7812.09 11817.390000000001 199.94
endloop
endfacet
facet normal 0 0 1
outer loop
vertex 7453.9400000000005 11816.87 199.94
vertex 7812.09 11817.390000000001 199.94
vertex 7491.38 11817.390000000001 199.94
endloop
endfacet
facet normal 0 0 1
outer loop
vertex 7082.66 11816.09 199.94
vertex 7087.860000000001 11797.11 199.94
vertex 7648.16 11797.11 199.94
endloop
endfacet
facet normal 0 0 1
outer loop
vertex 7082.66 11816.09 199.94
vertex 7648.16 11797.11 199.94
vertex 7801.56 11816.09 199.94
endloop
endfacet
facet normal 0 0 1
outer loop
vertex 7496.1900000000005 11778.390000000001 199.94
vertex 7897.240000000001 11778.390000000001 199.94
vertex 7895.030000000001 11807.9 199.94
endloop
endfacet
facet normal 0 0 1
outer loop
vertex 7087.860000000001 11797.11 199.94
vertex 7092.150000000001 11778.390000000001 199.94
vertex 7496.1900000000005 11778.390000000001 199.94
endloop
endfacet
facet normal 0 0 1
outer loop
vertex 7087.860000000001 11797.11 199.94
vertex 7496.1900000000005 11778.390000000001 199.94
vertex 7648.16 11797.11 199.94
endloop
endfacet
facet normal 0 0 1
outer loop
vertex 7495.02 11778.26 199.94
vertex 7496.1900000000005 11778.390000000001 199.94
vertex 7092.150000000001 11778.390000000001 199.94
endloop
endfacet
facet normal 0 0 1
outer loop
vertex 7495.02 11778.26 199.94
vertex 7092.150000000001 11778.390000000001 199.94
vertex 7092.150000000001 11778 199.94
endloop
endfacet
facet normal 0 0 1
outer loop
vertex 7495.02 11778.26 199.94
vertex 7092.150000000001 11778 199.94
vertex 7897.240000000001 11778 199.94
endloop
endfacet
facet normal 0 0 1
outer loop
vertex 7495.02 11778.26 199.94
vertex 7897.240000000001 11778 199.94
vertex 7897.240000000001 11778.390000000001 199.94
endloop
endfacet
facet normal 0 0 1
outer loop
vertex 7495.02 11778.26 199.94
vertex 7897.240000000001 11778.390000000001 199.94
vertex 7496.1900000000005 11778.390000000001 199.94
endloop
endfacet
facet normal 0 0 1
outer loop
vertex 7548.97 11768.380000000001 199.94
vertex 7092.150000000001 11778 199.94
vertex 7095.530000000001 11758.630000000001 199.94
endloop
endfacet
facet normal 0 0 1
outer loop
vertex 7548.97 11768.380000000001 199.94
vertex 7095.530000000001 11758.630000000001 199.94
vertex 7762.3 11758.630000000001 199.94
endloop
endfacet
facet normal 0 0 1
outer loop
vertex 7548.97 11768.380000000001 199.94
vertex 7762.3 11758.630000000001 199.94
vertex 7897.89 11768.640000000001 199.94
endloop
endfacet
facet normal 0 0 1
outer loop
vertex 7548.97 11768.380000000001 199.94
vertex 7897.89 11768.640000000001 199.94
vertex 7897.240000000001 11778 199.94
endloop
endfacet
facet normal 0 0 1
outer loop
vertex 7548.97 11768.380000000001 199.94
vertex 7897.240000000001 11778 199.94
vertex 7092.150000000001 11778 199.94
endloop
endfacet
facet normal 0 0 1
outer loop
vertex 7499.05 11739.26 199.94
vertex 7899.1900000000005 11739.26 199.94
vertex 7898.93 11749.01 199.94
endloop
endfacet
facet normal 0 0 1
outer loop
vertex 7095.530000000001 11758.630000000001 199.94
vertex 7098 11739.26 199.94
vertex 7499.05 11739.26 199.94
endloop
endfacet
facet normal 0 0 0.9999999999999999
outer loop
vertex 7095.530000000001 11758.630000000001 199.94
vertex 7499.05 11739.26 199.94
vertex 7762.3 11758.630000000001 199.94
endloop
endfacet
facet normal 0 0 1
outer loop
vertex 7499.05 11731.460000000001 199.94
vertex 7499.05 11739.26 199.94
vertex 7098 11739.26 199.94
endloop
endfacet
facet normal 0 0 1
outer loop
vertex 7499.05 11731.460000000001 199.94
vertex 7098 11739.26 199.94
vertex 7099.43 11719.630000000001 199.94
endloop
endfacet
facet normal 0 0 1
outer loop
vertex 7499.05 11731.460000000001 199.94
vertex 7099.43 11719.630000000001 199.94
vertex 7899.58 11719.630000000001 199.94
endloop
endfacet
facet normal 0 0 1
outer loop
vertex 7499.05 11731.460000000001 199.94
vertex 7899.58 11719.630000000001 199.94
vertex 7899.1900000000005 11739.26 199.94
endloop
endfacet
facet normal 0 0 1
outer loop
vertex 7499.05 11731.460000000001 199.94
vertex 7899.1900000000005 11739.26 199.94
vertex 7499.05 11739.26 199.94
endloop
endfacet
facet normal 0 0 1
outer loop
vertex 7499.7 11709.880000000001 199.94
vertex 7099.43 11719.630000000001 199.94
vertex 7099.820000000001 11700 199.94
endloop
endfacet
facet normal 0 0 1
outer loop
vertex 7499.7 11709.880000000001 199.94
vertex 7099.820000000001 11700 199.94
vertex 7499.96 11700 199.94
endloop
endfacet
facet normal 0 0 1
outer loop
vertex 7499.7 11709.880000000001 199.94
vertex 7499.96 11700 199.94
vertex 7899.84 11709.880000000001 199.94
endloop
endfacet
facet normal 0 0 1
outer loop
vertex 7499.7 11709.880000000001 199.94
vertex 7899.84 11709.880000000001 199.94
vertex 7899.58 11719.630000000001 199.94
endloop
endfacet
facet normal 0 0 1
outer loop
vertex 7499.7 11709.880000000001 199.94
vertex 7899.58 11719.630000000001 199.94
vertex 7099.43 11719.630000000001 199.94
endloop
endfacet
facet normal 0 0 0.9999999999999999
outer loop
vertex 7499.96 11698.050000000001 199.94
vertex 7499.96 11700 199.94
vertex 7099.820000000001 11700 199.94
endloop
endfacet
facet normal 0 0 1
outer loop
vertex 7499.96 11698.050000000001 199.94
vertex 7099.820000000001 11700 199.94
vertex 7099.95 11695.06 199.94
endloop
endfacet
facet normal 0 0 1
outer loop
vertex 7499.96 11698.050000000001 199.94
vertex 7099.95 11695.06 199.94
vertex 7899.97 11695.06 199.94
endloop
endfacet
facet normal 0 0 1
outer loop
vertex 7499.96 11698.050000000001 199.94
vertex 7899.97 11695.06 199.94
vertex 7899.97 11700 199.94
endloop
endfacet
facet normal 0 0 1
outer loop
vertex 7499.96 11698.050000000001 199.94
vertex 7899.97 11700 199.94
vertex 7499.96 11700 199.94
endloop
endfacet
facet normal 0 0 1
outer loop
vertex 9599.98 12100.01 199.94
vertex 9599.98 7499.96 199.94
vertex 10400 7499.96 199.94
endloop
endfacet
facet normal 0 0 1
outer loop
vertex 9599.98 12100.01 199.94
vertex 10400 7499.96 199.94
vertex 10400 12100.01 199.94
endloop
endfacet
facet normal 0 0 1
outer loop
vertex 7099.95 11695.06 199.94
vertex 7099.95 7499.96 199.94
vertex 7899.97 7499.96 199.94
endloop
endfacet
facet normal 0 0 1
outer loop
vertex 7099.95 11695.06 199.94
vertex 7899.97 7499.96 199.94
vertex 7899.97 11695.06 199.94
endloop
endfacet
facet normal 0 0 -1
outer loop
vertex 6699.9400000000005 12900.03 599.95
vertex 6699.9400000000005 12500.02 599.95
vertex 2500.03 12500.02 599.95
endloop
endfacet
facet normal 0 0 -1
outer loop
vertex 6699.9400000000005 12900.03 599.95
vertex 2500.03 12500.02 599.95
vertex 2500.03 12900.03 599.95
endloop
endfacet
facet normal 0 0 -0.9999999999999999
outer loop
vertex 6749.08 12898.86 599.95
vertex 6739.33 12500.02 599.95
vertex 6699.9400000000005 12500.02 599.95
endloop
endfacet
facet normal 0 0 -1
outer loop
vertex 6749.08 12898.86 599.95
vertex 6699.9400000000005 12500.02 599.95
vertex 6709.820000000001 12899.9 599.95
endloop
endfacet
facet normal 0 0 -1
outer loop
vertex 5035.68 12499.630000000001 599.95
vertex 6699.9400000000005 12500.02 599.95
vertex 6739.33 12500.02 599.95
endloop
endfacet
facet normal 0 0 -1
outer loop
vertex 5035.68 12499.630000000001 599.95
vertex 6739.33 12500.02 599.95
vertex 6739.2 12498.98 599.95
endloop
endfacet
facet normal 0 0 -1
outer loop
vertex 5035.68 12499.630000000001 599.95
vertex 6739.2 12498.98 599.95
vertex 2500.03 12498.98 599.95
endloop
endfacet
facet normal 0 0 -0.9999999999999999
outer loop
vertex 5035.68 12499.630000000001 599.95
vertex 2500.03 12498.98 599.95
vertex 2500.03 12500.02 599.95
endloop
endfacet
facet normal 0 0 -1
outer loop
vertex 5035.68 12499.630000000001 599.95
vertex 2500.03 12500.02 599.95
vertex 6699.9400000000005 12500.02 599.95
endloop
endfacet
facet normal 0 0 -1
outer loop
vertex 6807.84 12895.09 599.95
vertex 6778.59 12498.98 599.95
vertex 6739.2 12498.98 599.95
endloop
endfacet
facet normal 0 0 -0.9999999999999999
outer loop
vertex 6807.84 12895.09 599.95
vertex 6739.2 12498.98 599.95
vertex 6768.71 12897.95 599.95
endloop
endfacet
facet normal 0 0 -1
outer loop
vertex 5059.21 12497.810000000001 599.95
vertex 6739.2 12498.98 599.95
vertex 6778.59 12498.98 599.95
endloop
endfacet
facet normal 0 0 -1
outer loop
vertex 5059.21 12497.810000000001 599.95
vertex 6778.59 12498.98 599.95
vertex 6778.46 12496.12 599.95
endloop
endfacet
facet normal 0 0 -1
outer loop
vertex 5059.21 12497.810000000001 599.95
vertex 6778.46 12496.12 599.95
vertex 2500.03 12496.12 599.95
endloop
endfacet
facet normal 0 0 -1
outer loop
vertex 5059.21 12497.810000000001 599.95
vertex 2500.03 12496.12 599.95
vertex 2500.03 12498.98 599.95
endloop
endfacet
facet normal 0 0 -0.9999999999999999
outer loop
vertex 5059.21 12497.810000000001 599.95
vertex 2500.03 12498.98 599.95
vertex 6739.2 12498.98 599.95
endloop
endfacet
facet normal 0 0 -1
outer loop
vertex 6866.34 12888.33 599.95
vertex 6817.9800000000005 12496.12 599.95
vertex 6778.46 12496.12 599.95
endloop
endfacet
facet normal 0 0 -0.9999999999999999
outer loop
vertex 6866.34 12888.33 599.95
vertex 6778.46 12496.12 599.95
vertex 6827.34 12893.140000000001 599.95
endloop
endfacet
facet normal 0 0 -1
outer loop
vertex 5082.74 12494.17 599.95
vertex 6778.46 12496.12 599.95
vertex 6817.9800000000005 12496.12 599.95
endloop
endfacet
facet normal 0 0 -1
outer loop
vertex 5082.74 12494.17 599.95
vertex 6817.9800000000005 12496.12 599.95
vertex 6817.33 12491.310000000001 599.95
endloop
endfacet
facet normal 0 0 -1
outer loop
vertex 5082.74 12494.17 599.95
vertex 6817.33 12491.310000000001 599.95
vertex 2500.03 12491.310000000001 599.95
endloop
endfacet
facet normal 0 0 -1
outer loop
vertex 5082.74 12494.17 599.95
vertex 2500.03 12491.310000000001 599.95
vertex 2500.03 12496.12 599.95
endloop
endfacet
facet normal 0 0 -1
outer loop
vertex 5082.74 12494.17 599.95
vertex 2500.03 12496.12 599.95
vertex 6778.46 12496.12 599.95
endloop
endfacet
facet normal 0 0 -1
outer loop
vertex 6924.45 12878.710000000001 599.95
vertex 6857.24 12491.310000000001 599.95
vertex 6817.33 12491.310000000001 599.95
endloop
endfacet
facet normal 0 0 -1
outer loop
vertex 6924.45 12878.710000000001 599.95
vertex 6817.33 12491.310000000001 599.95
vertex 6885.71 12885.470000000001 599.95
endloop
endfacet
facet normal 0 0 -0.9999999999999999
outer loop
vertex 5106.14 12488.710000000001 599.95
vertex 6817.33 12491.310000000001 599.95
vertex 6857.24 12491.310000000001 599.95
endloop
endfacet
facet normal 0 0 -1
outer loop
vertex 5106.14 12488.710000000001 599.95
vertex 6857.24 12491.310000000001 599.95
vertex 6856.070000000001 12484.68 599.95
endloop
endfacet
facet normal 0 0 -1
outer loop
vertex 5106.14 12488.710000000001 599.95
vertex 6856.070000000001 12484.68 599.95
vertex 2500.03 12484.68 599.95
endloop
endfacet
facet normal 0 0 -1
outer loop
vertex 5106.14 12488.710000000001 599.95
vertex 2500.03 12484.68 599.95
vertex 2500.03 12491.310000000001 599.95
endloop
endfacet
facet normal 0 0 -0.9999999999999999
outer loop
vertex 5106.14 12488.710000000001 599.95
vertex 2500.03 12491.310000000001 599.95
vertex 6817.33 12491.310000000001 599.95
endloop
endfacet
facet normal 0 0 -1
outer loop
vertex 6982.04 12866.36 599.95
vertex 6896.37 12484.68 599.95
vertex 6856.070000000001 12484.68 599.95
endloop
endfacet
facet normal 0 0 -1
outer loop
vertex 6982.04 12866.36 599.95
vertex 6856.070000000001 12484.68 599.95
vertex 6943.6900000000005 12874.94 599.95
endloop
endfacet
facet normal 0 0 -1
outer loop
vertex 5129.41 12481.17 599.95
vertex 6856.070000000001 12484.68 599.95
vertex 6896.37 12484.68 599.95
endloop
endfacet
facet normal 0 0 -1
outer loop
vertex 5129.41 12481.17 599.95
vertex 6896.37 12484.68 599.95
vertex 6894.42 12475.970000000001 599.95
endloop
endfacet
facet normal 0 0 -1
outer loop
vertex 5129.41 12481.17 599.95
vertex 6894.42 12475.970000000001 599.95
vertex 2500.03 12475.970000000001 599.95
endloop
endfacet
facet normal 0 0 -1
outer loop
vertex 5129.41 12481.17 599.95
vertex 2500.03 12475.970000000001 599.95
vertex 2500.03 12484.68 599.95
endloop
endfacet
facet normal 0 0 -0.9999999999999999
outer loop
vertex 5129.41 12481.17 599.95
vertex 2500.03 12484.68 599.95
vertex 6856.070000000001 12484.68 599.95
endloop
endfacet
facet normal 0 0 -0.9999999999999999
outer loop
vertex 7038.85 12851.02 599.95
vertex 6935.110000000001 12475.970000000001 599.95
vertex 6894.42 12475.970000000001 599.95
endloop
endfacet
facet normal 0 0 -1
outer loop
vertex 7038.85 12851.02 599.95
vertex 6894.42 12475.970000000001 599.95
vertex 7001.02 12861.550000000001 599.95
endloop
endfacet
facet normal 0 0 -1
outer loop
vertex 5152.42 12471.810000000001 599.95
vertex 6894.42 12475.970000000001 599.95
vertex 6935.110000000001 12475.970000000001 599.95
endloop
endfacet
facet normal 0 0 -1
outer loop
vertex 5152.42 12471.810000000001 599.95
vertex 6935.110000000001 12475.970000000001 599.95
vertex 6932.25 12465.57 599.95
endloop
endfacet
facet normal 0 0 -1
outer loop
vertex 5152.42 12471.810000000001 599.95
vertex 6932.25 12465.57 599.95
vertex 2500.03 12465.57 599.95
endloop
endfacet
facet normal 0 0 -1
outer loop
vertex 5152.42 12471.810000000001 599.95
vertex 2500.03 12465.57 599.95
vertex 2500.03 12475.970000000001 599.95
endloop
endfacet
facet normal 0 0 -1
outer loop
vertex 5152.42 12471.810000000001 599.95
vertex 2500.03 12475.970000000001 599.95
vertex 6894.42 12475.970000000001 599.95
endloop
endfacet
facet normal 0 0 -1
outer loop
vertex 7095.01 12833.08 599.95
vertex 6973.59 12465.57 599.95
vertex 6932.25 12465.57 599.95
endloop
endfacet
facet normal 0 0 -0.9999999999999999
outer loop
vertex 7095.01 12833.08 599.95
vertex 6932.25 12465.57 599.95
vertex 7057.7 12845.300000000001 599.95
endloop
endfacet
facet normal 0 0 -0.9999999999999999
outer loop
vertex 5175.04 12460.630000000001 599.95
vertex 6932.25 12465.57 599.95
vertex 6973.59 12465.57 599.95
endloop
endfacet
facet normal 0 0 -1
outer loop
vertex 5175.04 12460.630000000001 599.95
vertex 6973.59 12465.57 599.95
vertex 6969.56 12453.220000000001 599.95
endloop
endfacet
facet normal 0 0 -1
outer loop
vertex 5175.04 12460.630000000001 599.95
vertex 6969.56 12453.220000000001 599.95
vertex 2500.03 12453.220000000001 599.95
endloop
endfacet
facet normal 0 0 -1
outer loop
vertex 5175.04 12460.630000000001 599.95
vertex 2500.03 12453.220000000001 599.95
vertex 2500.03 12465.57 599.95
endloop
endfacet
facet normal 0 0 -1
outer loop
vertex 5175.04 12460.630000000001 599.95
vertex 2500.03 12465.57 599.95
vertex 6932.25 12465.57 599.95
endloop
endfacet
facet normal 0 0 -0.9999999999999999
outer loop
vertex 7150.13 12812.28 599.95
vertex 7011.55 12453.220000000001 599.95
vertex 6969.56 12453.220000000001 599.95
endloop
endfacet
facet normal 0 0 -1
outer loop
vertex 7150.13 12812.28 599.95
vertex 6969.56 12453.220000000001 599.95
vertex 7113.47 12826.45 599.95
endloop
endfacet
facet normal 0 0 -0.9999999999999999
outer loop
vertex 5197.400000000001 12447.5 599.95
vertex 6969.56 12453.220000000001 599.95
vertex 7011.55 12453.220000000001 599.95
endloop
endfacet
facet normal 0 0 -0.9999999999999999
outer loop
vertex 5197.400000000001 12447.5 599.95
vertex 7011.55 12453.220000000001 599.95
vertex 7006.09 12439.050000000001 599.95
endloop
endfacet
facet normal 0 0 -1
outer loop
vertex 5197.400000000001 12447.5 599.95
vertex 7006.09 12439.050000000001 599.95
vertex 2500.03 12439.050000000001 599.95
endloop
endfacet
facet normal 0 0 -0.9999999999999999
outer loop
vertex 5197.400000000001 12447.5 599.95
vertex 2500.03 12439.050000000001 599.95
vertex 2500.03 12453.220000000001 599.95
endloop
endfacet
facet normal 0 0 -1
outer loop
vertex 5197.400000000001 12447.5 599.95
vertex 2500.03 12453.220000000001 599.95
vertex 6969.56 12453.220000000001 599.95
endloop
endfacet
facet normal 0 0 -1
outer loop
vertex 7204.08 12788.880000000001 599.95
vertex 7049.12 12439.050000000001 599.95
vertex 7006.09 12439.050000000001 599.95
endloop
endfacet
facet normal 0 0 -1
outer loop
vertex 7204.08 12788.880000000001 599.95
vertex 7006.09 12439.050000000001 599.95
vertex 7168.2 12804.74 599.95
endloop
endfacet
facet normal 0 0 -1
outer loop
vertex 5219.5 12432.68 599.95
vertex 7006.09 12439.050000000001 599.95
vertex 7049.12 12439.050000000001 599.95
endloop
endfacet
facet normal 0 0 -0.9999999999999999
outer loop
vertex 5219.5 12432.68 599.95
vertex 7049.12 12439.050000000001 599.95
vertex 7042.1 12423.19 599.95
endloop
endfacet
facet normal 0 0 -1
outer loop
vertex 5219.5 12432.68 599.95
vertex 7042.1 12423.19 599.95
vertex 2500.03 12423.19 599.95
endloop
endfacet
facet normal 0 0 -1
outer loop
vertex 5219.5 12432.68 599.95
vertex 2500.03 12423.19 599.95
vertex 2500.03 12439.050000000001 599.95
endloop
endfacet
facet normal 0 0 -1
outer loop
vertex 5219.5 12432.68 599.95
vertex 2500.03 12439.050000000001 599.95
vertex 7006.09 12439.050000000001 599.95
endloop
endfacet
facet normal 0 0 -1
outer loop
vertex 7256.990000000001 12762.880000000001 599.95
vertex 7086.04 12423.19 599.95
vertex 7042.1 12423.19 599.95
endloop
endfacet
facet normal 0 0 -0.9999999999999999
outer loop
vertex 7256.990000000001 12762.880000000001 599.95
vertex 7042.1 12423.19 599.95
vertex 7221.89 12780.43 599.95
endloop
endfacet
facet normal 0 0 -1
outer loop
vertex 5241.08 12416.17 599.95
vertex 7042.1 12423.19 599.95
vertex 7086.04 12423.19 599.95
endloop
endfacet
facet normal 0 0 -1
outer loop
vertex 5241.08 12416.17 599.95
vertex 7086.04 12423.19 599.95
vertex 7077.070000000001 12405.51 599.95
endloop
endfacet
facet normal 0 0 -1
outer loop
vertex 5241.08 12416.17 599.95
vertex 7077.070000000001 12405.51 599.95
vertex 2500.03 12405.51 599.95
endloop
endfacet
facet normal 0 0 -1
outer loop
vertex 5241.08 12416.17 599.95
vertex 2500.03 12405.51 599.95
vertex 2500.03 12423.19 599.95
endloop
endfacet
facet normal 0 0 -0.9999999999999999
outer loop
vertex 5241.08 12416.17 599.95
vertex 2500.03 12423.19 599.95
vertex 7042.1 12423.19 599.95
endloop
endfacet
facet normal 0 0 -0.9999999999999999
outer loop
vertex 7308.47 12734.28 599.95
vertex 7122.31 12405.51 599.95
vertex 7077.070000000001 12405.51 599.95
endloop
endfacet
facet normal 0 0 -1
outer loop
vertex 7308.47 12734.28 599.95
vertex 7077.070000000001 12405.51 599.95
vertex 7274.280000000001 12753.52 599.95
endloop
endfacet
facet normal 0 0 -1
outer loop
vertex 5262.14 12397.710000000001 599.95
vertex 7077.070000000001 12405.51 599.95
vertex 7122.31 12405.51 599.95
endloop
endfacet
facet normal 0 0 -1
outer loop
vertex 5262.14 12397.710000000001 599.95
vertex 7122.31 12405.51 599.95
vertex 7111.26 12386.140000000001 599.95
endloop
endfacet
facet normal 0 0 -1
outer loop
vertex 5262.14 12397.710000000001 599.95
vertex 7111.26 12386.140000000001 599.95
vertex 2500.03 12386.140000000001 599.95
endloop
endfacet
facet normal 0 0 -1
outer loop
vertex 5262.14 12397.710000000001 599.95
vertex 2500.03 12386.140000000001 599.95
vertex 2500.03 12405.51 599.95
endloop
endfacet
facet normal 0 0 -1
outer loop
vertex 5262.14 12397.710000000001 599.95
vertex 2500.03 12405.51 599.95
vertex 7077.070000000001 12405.51 599.95
endloop
endfacet
facet normal 0 0 -1
outer loop
vertex 7358.52 12703.08 599.95
vertex 7157.8 12386.140000000001 599.95
vertex 7111.26 12386.140000000001 599.95
endloop
endfacet
facet normal 0 0 -1
outer loop
vertex 7358.52 12703.08 599.95
vertex 7111.26 12386.140000000001 599.95
vertex 7325.240000000001 12724.140000000001 599.95
endloop
endfacet
facet normal 0 0 -1
outer loop
vertex 5282.68 12377.82 599.95
vertex 7111.26 12386.140000000001 599.95
vertex 7157.8 12386.140000000001 599.95
endloop
endfacet
facet normal 0 0 -1
outer loop
vertex 5282.68 12377.82 599.95
vertex 7157.8 12386.140000000001 599.95
vertex 7144.41 12365.210000000001 599.95
endloop
endfacet
facet normal 0 0 -1
outer loop
vertex 5282.68 12377.82 599.95
vertex 7144.41 12365.210000000001 599.95
vertex 2500.03 12365.210000000001 599.95
endloop
endfacet
facet normal 0 0 -1
outer loop
vertex 5282.68 12377.82 599.95
vertex 2500.03 12365.210000000001 599.95
vertex 2500.03 12386.140000000001 599.95
endloop
endfacet
facet normal 0 0 -1
outer loop
vertex 5282.68 12377.82 599.95
vertex 2500.03 12386.140000000001 599.95
vertex 7111.26 12386.140000000001 599.95
endloop
endfacet
facet normal 0 0 -1
outer loop
vertex 7406.88 12669.54 599.95
vertex 7192.51 12365.210000000001 599.95
vertex 7144.41 12365.210000000001 599.95
endloop
endfacet
facet normal 0 0 -0.9999999999999999
outer loop
vertex 7406.88 12669.54 599.95
vertex 7144.41 12365.210000000001 599.95
vertex 7374.77 12692.16 599.95
endloop
endfacet
facet normal 0 0 -0.9999999999999999
outer loop
vertex 5302.7 12356.11 599.95
vertex 7144.41 12365.210000000001 599.95
vertex 7192.51 12365.210000000001 599.95
endloop
endfacet
facet normal 0 0 -0.9999999999999999
outer loop
vertex 5302.7 12356.11 599.95
vertex 7192.51 12365.210000000001 599.95
vertex 7176.52 12342.59 599.95
endloop
endfacet
facet normal 0 0 -1
outer loop
vertex 5302.7 12356.11 599.95
vertex 7176.52 12342.59 599.95
vertex 2500.03 12342.59 599.95
endloop
endfacet
facet normal 0 0 -1
outer loop
vertex 5302.7 12356.11 599.95
vertex 2500.03 12342.59 599.95
vertex 2500.03 12365.210000000001 599.95
endloop
endfacet
facet normal 0 0 -1
outer loop
vertex 5302.7 12356.11 599.95
vertex 2500.03 12365.210000000001 599.95
vertex 7144.41 12365.210000000001 599.95
endloop
endfacet
facet normal 0 0 -1
outer loop
vertex 7453.55 12633.79 599.95
vertex 7226.31 12342.59 599.95
vertex 7176.52 12342.59 599.95
endloop
endfacet
facet normal 0 0 -1
outer loop
vertex 7453.55 12633.79 599.95
vertex 7176.52 12342.59 599.95
vertex 7422.610000000001 12657.84 599.95
endloop
endfacet
facet normal 0 0 -1
outer loop
vertex 5322.070000000001 12332.970000000001 599.95
vertex 7176.52 12342.59 599.95
vertex 7226.31 12342.59 599.95
endloop
endfacet
facet normal 0 0 -1
outer loop
vertex 5322.070000000001 12332.970000000001 599.95
vertex 7226.31 12342.59 599.95
vertex 7207.46 12318.41 599.95
endloop
endfacet
facet normal 0 0 -1
outer loop
vertex 5322.070000000001 12332.970000000001 599.95
vertex 7207.46 12318.41 599.95
vertex 2500.03 12318.41 599.95
endloop
endfacet
facet normal 0 0 -1
outer loop
vertex 5322.070000000001 12332.970000000001 599.95
vertex 2500.03 12318.41 599.95
vertex 2500.03 12342.59 599.95
endloop
endfacet
facet normal 0 0 -0.9999999999999999
outer loop
vertex 5322.070000000001 12332.970000000001 599.95
vertex 2500.03 12342.59 599.95
vertex 7176.52 12342.59 599.95
endloop
endfacet
facet normal 0 0 -1
outer loop
vertex 7498.530000000001 12595.7 599.95
vertex 7259.33 12318.41 599.95
vertex 7207.46 12318.41 599.95
endloop
endfacet
facet normal 0 0 -1
outer loop
vertex 7498.530000000001 12595.7 599.95
vertex 7207.46 12318.41 599.95
vertex 7468.76 12621.310000000001 599.95
endloop
endfacet
facet normal 0 0 -1
outer loop
vertex 5340.79 12308.140000000001 599.95
vertex 7207.46 12318.41 599.95
vertex 7259.33 12318.41 599.95
endloop
endfacet
facet normal 0 0 -1
outer loop
vertex 5340.79 12308.140000000001 599.95
vertex 7259.33 12318.41 599.95
vertex 7237.2300000000005 12292.800000000001 599.95
endloop
endfacet
facet normal 0 0 -1
outer loop
vertex 5340.79 12308.140000000001 599.95
vertex 7237.2300000000005 12292.800000000001 599.95
vertex 2500.03 12292.800000000001 599.95
endloop
endfacet
facet normal 0 0 -1
outer loop
vertex 5340.79 12308.140000000001 599.95
vertex 2500.03 12292.800000000001 599.95
vertex 2500.03 12318.41 599.95
endloop
endfacet
facet normal 0 0 -1
outer loop
vertex 5340.79 12308.140000000001 599.95
vertex 2500.03 12318.41 599.95
vertex 7207.46 12318.41 599.95
endloop
endfacet
facet normal 0 0 -1
outer loop
vertex 7541.56 12555.4 599.95
vertex 7291.4400000000005 12292.800000000001 599.95
vertex 7237.2300000000005 12292.800000000001 599.95
endloop
endfacet
facet normal 0 0 -1
outer loop
vertex 7541.56 12555.4 599.95
vertex 7237.2300000000005 12292.800000000001 599.95
vertex 7513.09 12582.44 599.95
endloop
endfacet
facet normal 0 0 -1
outer loop
vertex 5358.860000000001 12281.880000000001 599.95
vertex 7237.2300000000005 12292.800000000001 599.95
vertex 7291.4400000000005 12292.800000000001 599.95
endloop
endfacet
facet normal 0 0 -1
outer loop
vertex 5358.860000000001 12281.880000000001 599.95
vertex 7291.4400000000005 12292.800000000001 599.95
vertex 7265.7 12265.630000000001 599.95
endloop
endfacet
facet normal 0 0 -1
outer loop
vertex 5358.860000000001 12281.880000000001 599.95
vertex 7265.7 12265.630000000001 599.95
vertex 2500.03 12265.630000000001 599.95
endloop
endfacet
facet normal 0 0 -1
outer loop
vertex 5358.860000000001 12281.880000000001 599.95
vertex 2500.03 12265.630000000001 599.95
vertex 2500.03 12292.800000000001 599.95
endloop
endfacet
facet normal 0 0 -1
outer loop
vertex 5358.860000000001 12281.880000000001 599.95
vertex 2500.03 12292.800000000001 599.95
vertex 7237.2300000000005 12292.800000000001 599.95
endloop
endfacet
facet normal 0 0 -0.9999999999999999
outer loop
vertex 7582.51 12513.02 599.95
vertex 7322.64 12265.630000000001 599.95
vertex 7265.7 12265.630000000001 599.95
endloop
endfacet
facet normal 0 0 -0.9999999999999999
outer loop
vertex 7582.51 12513.02 599.95
vertex 7265.7 12265.630000000001 599.95
vertex 7555.34 12541.49 599.95
endloop
endfacet
facet normal 0 0 -1
outer loop
vertex 5376.28 12254.32 599.95
vertex 7265.7 12265.630000000001 599.95
vertex 7322.64 12265.630000000001 599.95
endloop
endfacet
facet normal 0 0 -1
outer loop
vertex 5376.28 12254.32 599.95
vertex 7322.64 12265.630000000001 599.95
vertex 7292.740000000001 12237.29 599.95
endloop
endfacet
facet normal 0 0 -1
outer loop
vertex 5376.28 12254.32 599.95
vertex 7292.740000000001 12237.29 599.95
vertex 2500.03 12237.29 599.95
endloop
endfacet
facet normal 0 0 -1
outer loop
vertex 5376.28 12254.32 599.95
vertex 2500.03 12237.29 599.95
vertex 2500.03 12265.630000000001 599.95
endloop
endfacet
facet normal 0 0 -1
outer loop
vertex 5376.28 12254.32 599.95
vertex 2500.03 12265.630000000001 599.95
vertex 7265.7 12265.630000000001 599.95
endloop
endfacet
facet normal 0 0 -1
outer loop
vertex 7621.25 12468.82 599.95
vertex 7352.93 12237.29 599.95
vertex 7292.740000000001 12237.29 599.95
endloop
endfacet
facet normal 0 0 -1
outer loop
vertex 7621.25 12468.82 599.95
vertex 7292.740000000001 12237.29 599.95
vertex 7595.64 12498.460000000001 599.95
endloop
endfacet
facet normal 0 0 -0.9999999999999999
outer loop
vertex 5392.79 12225.33 599.95
vertex 7292.740000000001 12237.29 599.95
vertex 7352.93 12237.29 599.95
endloop
endfacet
facet normal 0 0 -1
outer loop
vertex 5392.79 12225.33 599.95
vertex 7352.93 12237.29 599.95
vertex 7318.35 12207.52 599.95
endloop
endfacet
facet normal 0 0 -0.9999999999999999
outer loop
vertex 5392.79 12225.33 599.95
vertex 7318.35 12207.52 599.95
vertex 2500.03 12207.52 599.95
endloop
endfacet
facet normal 0 0 -1
outer loop
vertex 5392.79 12225.33 599.95
vertex 2500.03 12207.52 599.95
vertex 2500.03 12237.29 599.95
endloop
endfacet
facet normal 0 0 -0.9999999999999999
outer loop
vertex 5392.79 12225.33 599.95
vertex 2500.03 12237.29 599.95
vertex 7292.740000000001 12237.29 599.95
endloop
endfacet
facet normal 0 0 -1
outer loop
vertex 7657.91 12422.67 599.95
vertex 7382.18 12207.52 599.95
vertex 7318.35 12207.52 599.95
endloop
endfacet
facet normal 0 0 -1
outer loop
vertex 7657.91 12422.67 599.95
vertex 7318.35 12207.52 599.95
vertex 7633.7300000000005 12453.61 599.95
endloop
endfacet
facet normal 0 0 -1
outer loop
vertex 5408.650000000001 12195.17 599.95
vertex 7318.35 12207.52 599.95
vertex 7382.18 12207.52 599.95
endloop
endfacet
facet normal 0 0 -0.9999999999999999
outer loop
vertex 5408.650000000001 12195.17 599.95
vertex 7382.18 12207.52 599.95
vertex 7342.530000000001 12176.58 599.95
endloop
endfacet
facet normal 0 0 -0.9999999999999999
outer loop
vertex 5408.650000000001 12195.17 599.95
vertex 7342.530000000001 12176.58 599.95
vertex 2500.03 12176.58 599.95
endloop
endfacet
facet normal 0 0 -1
outer loop
vertex 5408.650000000001 12195.17 599.95
vertex 2500.03 12176.58 599.95
vertex 2500.03 12207.52 599.95
endloop
endfacet
facet normal 0 0 -1
outer loop
vertex 5408.650000000001 12195.17 599.95
vertex 2500.03 12207.52 599.95
vertex 7318.35 12207.52 599.95
endloop
endfacet
facet normal 0 0 -1
outer loop
vertex 7692.2300000000005 12374.83 599.95
vertex 7410.780000000001 12176.58 599.95
vertex 7342.530000000001 12176.58 599.95
endloop
endfacet
facet normal 0 0 -1
outer loop
vertex 7692.2300000000005 12374.83 599.95
vertex 7342.530000000001 12176.58 599.95
vertex 7669.610000000001 12406.94 599.95
endloop
endfacet
facet normal 0 0 -0.9999999999999999
outer loop
vertex 5423.7300000000005 12163.710000000001 599.95
vertex 7342.530000000001 12176.58 599.95
vertex 7410.780000000001 12176.58 599.95
endloop
endfacet
facet normal 0 0 -0.9999999999999999
outer loop
vertex 5423.7300000000005 12163.710000000001 599.95
vertex 7410.780000000001 12176.58 599.95
vertex 7365.150000000001 12144.470000000001 599.95
endloop
endfacet
facet normal 0 0 -1
outer loop
vertex 5423.7300000000005 12163.710000000001 599.95
vertex 7365.150000000001 12144.470000000001 599.95
vertex 2500.03 12144.470000000001 599.95
endloop
endfacet
facet normal 0 0 -1
outer loop
vertex 5423.7300000000005 12163.710000000001 599.95
vertex 2500.03 12144.470000000001 599.95
vertex 2500.03 12176.58 599.95
endloop
endfacet
facet normal 0 0 -1
outer loop
vertex 5423.7300000000005 12163.710000000001 599.95
vertex 2500.03 12176.58 599.95
vertex 7342.530000000001 12176.58 599.95
endloop
endfacet
facet normal 0 0 -1
outer loop
vertex 7724.08 12325.300000000001 599.95
vertex 7438.6 12144.470000000001 599.95
vertex 7365.150000000001 12144.470000000001 599.95
endloop
endfacet
facet normal 0 0 -1
outer loop
vertex 7724.08 12325.300000000001 599.95
vertex 7365.150000000001 12144.470000000001 599.95
vertex 7703.150000000001 12358.45 599.95
endloop
endfacet
facet normal 0 0 -1
outer loop
vertex 5438.03 12131.210000000001 599.95
vertex 7365.150000000001 12144.470000000001 599.95
vertex 7438.6 12144.470000000001 599.95
endloop
endfacet
facet normal 0 0 -1
outer loop
vertex 5438.03 12131.210000000001 599.95
vertex 7438.6 12144.470000000001 599.95
vertex 7386.21 12111.32 599.95
endloop
endfacet
facet normal 0 0 -1
outer loop
vertex 5438.03 12131.210000000001 599.95
vertex 7386.21 12111.32 599.95
vertex 2500.03 12111.32 599.95
endloop
endfacet
facet normal 0 0 -0.9999999999999999
outer loop
vertex 5438.03 12131.210000000001 599.95
vertex 2500.03 12111.32 599.95
vertex 2500.03 12144.470000000001 599.95
endloop
endfacet
facet normal 0 0 -1
outer loop
vertex 5438.03 12131.210000000001 599.95
vertex 2500.03 12144.470000000001 599.95
vertex 7365.150000000001 12144.470000000001 599.95
endloop
endfacet
facet normal 0 0 -1
outer loop
vertex 7753.59 12274.34 599.95
vertex 7465.900000000001 12111.32 599.95
vertex 7386.21 12111.32 599.95
endloop
endfacet
facet normal 0 0 -0.9999999999999999
outer loop
vertex 7753.59 12274.34 599.95
vertex 7386.21 12111.32 599.95
vertex 7734.22 12308.4 599.95
endloop
endfacet
facet normal 0 0 -1
outer loop
vertex 5665.53 12105.73 599.95
vertex 7386.21 12111.32 599.95
vertex 7465.900000000001 12111.32 599.95
endloop
endfacet
facet normal 0 0 -1
outer loop
vertex 5665.53 12105.73 599.95
vertex 7465.900000000001 12111.32 599.95
vertex 7445.88 12100.01 599.95
endloop
endfacet
facet normal 0 0 -1
outer loop
vertex 5665.53 12105.73 599.95
vertex 7445.88 12100.01 599.95
vertex 6695.13 12100.01 599.95
endloop
endfacet
facet normal 0 0 -1
outer loop
vertex 5665.53 12105.73 599.95
vertex 6695.13 12100.01 599.95
vertex 2500.03 12100.01 599.95
endloop
endfacet
facet normal 0 0 -1
outer loop
vertex 5665.53 12105.73 599.95
vertex 2500.03 12100.01 599.95
vertex 2500.03 12111.32 599.95
endloop
endfacet
facet normal 0 0 -1
outer loop
vertex 5665.53 12105.73 599.95
vertex 2500.03 12111.32 599.95
vertex 7386.21 12111.32 599.95
endloop
endfacet
facet normal 0 0 -1
outer loop
vertex 10225.15 12665.25 599.95
vertex 14499.94 12900.03 599.95
vertex 14499.94 12100.01 599.95
endloop
endfacet
facet normal 0 0 -1
outer loop
vertex 10225.15 12665.25 599.95
vertex 14499.94 12100.01 599.95
vertex 10400 12100.01 599.95
endloop
endfacet
facet normal 0 0 -1
outer loop
vertex 10225.15 12665.25 599.95
vertex 10400 12100.01 599.95
vertex 9599.98 12100.01 599.95
endloop
endfacet
facet normal 0 0 -0.9999999999999999
outer loop
vertex 10225.15 12665.25 599.95
vertex 9599.98 12100.01 599.95
vertex 9599.98 12500.02 599.95
endloop
endfacet
facet normal 0 0 -1
outer loop
vertex 10225.15 12665.25 599.95
vertex 9599.98 12500.02 599.95
vertex 9601.93 12539.15 599.95
endloop
endfacet
facet normal 0 0 -1
outer loop
vertex 10225.15 12665.25 599.95
vertex 9601.93 12539.15 599.95
vertex 9607.65 12578.02 599.95
endloop
endfacet
facet normal 0 0 -0.9999999999999999
outer loop
vertex 10225.15 12665.25 599.95
vertex 9607.65 12578.02 599.95
vertex 9617.27 12616.11 599.95
endloop
endfacet
facet normal 0 0 -1
outer loop
vertex 10225.15 12665.25 599.95
vertex 9617.27 12616.11 599.95
vertex 9630.4 12653.03 599.95
endloop
endfacet
facet normal 0 0 -1
outer loop
vertex 10225.15 12665.25 599.95
vertex 9630.4 12653.03 599.95
vertex 9647.17 12688.52 599.95
endloop
endfacet
facet normal 0 0 -1
outer loop
vertex 10225.15 12665.25 599.95
vertex 9647.17 12688.52 599.95
vertex 9667.45 12722.19 599.95
endloop
endfacet
facet normal 0 0 -1
outer loop
vertex 10225.15 12665.25 599.95
vertex 9667.45 12722.19 599.95
vertex 9690.85 12753.78 599.95
endloop
endfacet
facet normal 0 0 -1
outer loop
vertex 10225.15 12665.25 599.95
vertex 9690.85 12753.78 599.95
vertex 9717.11 12782.9 599.95
endloop
endfacet
facet normal 0 0 -1
outer loop
vertex 10225.15 12665.25 599.95
vertex 9717.11 12782.9 599.95
vertex 9746.23 12809.16 599.95
endloop
endfacet
facet normal 0 0 -0.9999999999999999
outer loop
vertex 10225.15 12665.25 599.95
vertex 9746.23 12809.16 599.95
vertex 9777.82 12832.560000000001 599.95
endloop
endfacet
facet normal 0 0 -1
outer loop
vertex 10225.15 12665.25 599.95
vertex 9777.82 12832.560000000001 599.95
vertex 9811.49 12852.710000000001 599.95
endloop
endfacet
facet normal 0 0 -1
outer loop
vertex 10225.15 12665.25 599.95
vertex 9811.49 12852.710000000001 599.95
vertex 9846.98 12869.61 599.95
endloop
endfacet
facet normal 0 0 -1
outer loop
vertex 10225.15 12665.25 599.95
vertex 9846.98 12869.61 599.95
vertex 9883.9 12882.74 599.95
endloop
endfacet
facet normal 0 0 -1
outer loop
vertex 10225.15 12665.25 599.95
vertex 9883.9 12882.74 599.95
vertex 9921.99 12892.36 599.95
endloop
endfacet
facet normal 0 0 -1
outer loop
vertex 10225.15 12665.25 599.95
vertex 9921.99 12892.36 599.95
vertex 9960.73 12898.08 599.95
endloop
endfacet
facet normal 0 0 -1
outer loop
vertex 10225.15 12665.25 599.95
vertex 9960.73 12898.08 599.95
vertex 9999.99 12900.03 599.95
endloop
endfacet
facet normal 0 0 -1
outer loop
vertex 10225.15 12665.25 599.95
vertex 9999.99 12900.03 599.95
vertex 14499.94 12900.03 599.95
endloop
endfacet
facet normal 0 0 -1
outer loop
vertex 7445.88 12100.01 599.95
vertex 7444.84 12099.36 599.95
vertex 6719.570000000001 12099.36 599.95
endloop
endfacet
facet normal 0 0 -1
outer loop
vertex 7445.88 12100.01 599.95
vertex 6719.570000000001 12099.36 599.95
vertex 6695.13 12100.01 599.95
endloop
endfacet
facet normal 0 0 -1
outer loop
vertex 7444.84 12099.36 599.95
vertex 7442.37 12097.93 599.95
vertex 6739.2 12097.93 599.95
endloop
endfacet
facet normal 0 0 -1
outer loop
vertex 7444.84 12099.36 599.95
vertex 6739.2 12097.93 599.95
vertex 6719.570000000001 12099.36 599.95
endloop
endfacet
facet normal 0 0 -1
outer loop
vertex 7442.37 12097.93 599.95
vertex 7438.08 12095.59 599.95
vertex 6758.7 12095.59 599.95
endloop
endfacet
facet normal 0 0 -0.9999999999999999
outer loop
vertex 7442.37 12097.93 599.95
vertex 6758.7 12095.59 599.95
vertex 6739.2 12097.93 599.95
endloop
endfacet
facet normal 0 0 -1
outer loop
vertex 7438.08 12095.59 599.95
vertex 7432.1 12092.210000000001 599.95
vertex 6778.070000000001 12092.210000000001 599.95
endloop
endfacet
facet normal 0 0 -1
outer loop
vertex 7438.08 12095.59 599.95
vertex 6778.070000000001 12092.210000000001 599.95
vertex 6758.7 12095.59 599.95
endloop
endfacet
facet normal 0 0 -1
outer loop
vertex 7432.1 12092.210000000001 599.95
vertex 7424.56 12087.92 599.95
vertex 6797.18 12087.92 599.95
endloop
endfacet
facet normal 0 0 -1
outer loop
vertex 7432.1 12092.210000000001 599.95
vertex 6797.18 12087.92 599.95
vertex 6778.070000000001 12092.210000000001 599.95
endloop
endfacet
facet normal 0 0 -1
outer loop
vertex 7424.56 12087.92 599.95
vertex 7415.33 12082.720000000001 599.95
vertex 6816.030000000001 12082.720000000001 599.95
endloop
endfacet
facet normal 0 0 -1
outer loop
vertex 7424.56 12087.92 599.95
vertex 6816.030000000001 12082.720000000001 599.95
vertex 6797.18 12087.92 599.95
endloop
endfacet
facet normal 0 0 -1
outer loop
vertex 7415.33 12082.720000000001 599.95
vertex 7405.58 12077.130000000001 599.95
vertex 6832.8 12077.130000000001 599.95
endloop
endfacet
facet normal 0 0 -1
outer loop
vertex 7415.33 12082.720000000001 599.95
vertex 6832.8 12077.130000000001 599.95
vertex 6816.030000000001 12082.720000000001 599.95
endloop
endfacet
facet normal 0 0 -1
outer loop
vertex 7780.5 12221.95 599.95
vertex 7492.81 12077.130000000001 599.95
vertex 7405.58 12077.130000000001 599.95
endloop
endfacet
facet normal 0 0 -1
outer loop
vertex 7780.5 12221.95 599.95
vertex 7405.58 12077.130000000001 599.95
vertex 7762.820000000001 12256.92 599.95
endloop
endfacet
facet normal 0 0 -1
outer loop
vertex 7211.490000000001 12076.87 599.95
vertex 7405.58 12077.130000000001 599.95
vertex 7492.81 12077.130000000001 599.95
endloop
endfacet
facet normal 0 0 -1
outer loop
vertex 7211.490000000001 12076.87 599.95
vertex 7492.81 12077.130000000001 599.95
vertex 7491.64 12076.48 599.95
endloop
endfacet
facet normal 0 0 -1
outer loop
vertex 7211.490000000001 12076.87 599.95
vertex 7491.64 12076.48 599.95
vertex 6834.75 12076.48 599.95
endloop
endfacet
facet normal 0 0 -1
outer loop
vertex 7211.490000000001 12076.87 599.95
vertex 6834.75 12076.48 599.95
vertex 6832.8 12077.130000000001 599.95
endloop
endfacet
facet normal 0 0 -1
outer loop
vertex 7211.490000000001 12076.87 599.95
vertex 6832.8 12077.130000000001 599.95
vertex 7405.58 12077.130000000001 599.95
endloop
endfacet
facet normal 0 0 -1
outer loop
vertex 7491.64 12076.48 599.95
vertex 7477.6 12069.460000000001 599.95
vertex 6853.08 12069.460000000001 599.95
endloop
endfacet
facet normal 0 0 -1
outer loop
vertex 7491.64 12076.48 599.95
vertex 6853.08 12069.460000000001 599.95
vertex 6834.75 12076.48 599.95
endloop
endfacet
facet normal 0 0 -1
outer loop
vertex 7477.6 12069.460000000001 599.95
vertex 7461.87 12061.53 599.95
vertex 6871.02 12061.53 599.95
endloop
endfacet
facet normal 0 0 -1
outer loop
vertex 7477.6 12069.460000000001 599.95
vertex 6871.02 12061.53 599.95
vertex 6853.08 12069.460000000001 599.95
endloop
endfacet
facet normal 0 0 -1
outer loop
vertex 7461.87 12061.53 599.95
vertex 7444.320000000001 12052.69 599.95
vertex 6888.4400000000005 12052.69 599.95
endloop
endfacet
facet normal 0 0 -1
outer loop
vertex 7461.87 12061.53 599.95
vertex 6888.4400000000005 12052.69 599.95
vertex 6871.02 12061.53 599.95
endloop
endfacet
facet normal 0 0 -1
outer loop
vertex 7444.320000000001 12052.69 599.95
vertex 7425.08 12042.94 599.95
vertex 6905.6 12042.94 599.95
endloop
endfacet
facet normal 0 0 -1
outer loop
vertex 7444.320000000001 12052.69 599.95
vertex 6905.6 12042.94 599.95
vertex 6888.4400000000005 12052.69 599.95
endloop
endfacet
facet normal 0 0 -1
outer loop
vertex 7425.08 12042.94 599.95
vertex 7423.13 12042.03 599.95
vertex 6907.030000000001 12042.03 599.95
endloop
endfacet
facet normal 0 0 -1
outer loop
vertex 7425.08 12042.94 599.95
vertex 6907.030000000001 12042.03 599.95
vertex 6905.6 12042.94 599.95
endloop
endfacet
facet normal 0 0 -0.9999999999999999
outer loop
vertex 7804.81 12168.26 599.95
vertex 7520.110000000001 12042.03 599.95
vertex 7423.13 12042.03 599.95
endloop
endfacet
facet normal 0 0 -1
outer loop
vertex 7804.81 12168.26 599.95
vertex 7423.13 12042.03 599.95
vertex 7788.820000000001 12204.140000000001 599.95
endloop
endfacet
facet normal 0 0 -1
outer loop
vertex 7254.13 12038.26 599.95
vertex 7423.13 12042.03 599.95
vertex 7520.110000000001 12042.03 599.95
endloop
endfacet
facet normal 0 0 -1
outer loop
vertex 7254.13 12038.26 599.95
vertex 7520.110000000001 12042.03 599.95
vertex 7498.530000000001 12032.54 599.95
endloop
endfacet
facet normal 0 0 -0.9999999999999999
outer loop
vertex 7254.13 12038.26 599.95
vertex 7498.530000000001 12032.54 599.95
vertex 6922.110000000001 12032.54 599.95
endloop
endfacet
facet normal 0 0 -1
outer loop
vertex 7254.13 12038.26 599.95
vertex 6922.110000000001 12032.54 599.95
vertex 6907.030000000001 12042.03 599.95
endloop
endfacet
facet normal 0 0 -1
outer loop
vertex 7254.13 12038.26 599.95
vertex 6907.030000000001 12042.03 599.95
vertex 7423.13 12042.03 599.95
endloop
endfacet
facet normal 0 0 -1
outer loop
vertex 7498.530000000001 12032.54 599.95
vertex 7473.05 12021.23 599.95
vertex 6938.2300000000005 12021.23 599.95
endloop
endfacet
facet normal 0 0 -0.9999999999999999
outer loop
vertex 7498.530000000001 12032.54 599.95
vertex 6938.2300000000005 12021.23 599.95
vertex 6922.110000000001 12032.54 599.95
endloop
endfacet
facet normal 0 0 -1
outer loop
vertex 7473.05 12021.23 599.95
vertex 7445.75 12009.140000000001 599.95
vertex 6953.7 12009.140000000001 599.95
endloop
endfacet
facet normal 0 0 -1
outer loop
vertex 7473.05 12021.23 599.95
vertex 6953.7 12009.140000000001 599.95
vertex 6938.2300000000005 12021.23 599.95
endloop
endfacet
facet normal 0 0 -1
outer loop
vertex 7445.75 12009.140000000001 599.95
vertex 7439.12 12006.15 599.95
vertex 6957.08 12006.15 599.95
endloop
endfacet
facet normal 0 0 -1
outer loop
vertex 7445.75 12009.140000000001 599.95
vertex 6957.08 12006.15 599.95
vertex 6953.7 12009.140000000001 599.95
endloop
endfacet
facet normal 0 0 -1
outer loop
vertex 7826.39 12113.53 599.95
vertex 7548.1900000000005 12006.15 599.95
vertex 7439.12 12006.15 599.95
endloop
endfacet
facet normal 0 0 -1
outer loop
vertex 7826.39 12113.53 599.95
vertex 7439.12 12006.15 599.95
vertex 7812.35 12150.060000000001 599.95
endloop
endfacet
facet normal 0 0 -1
outer loop
vertex 7287.150000000001 12002.25 599.95
vertex 7439.12 12006.15 599.95
vertex 7548.1900000000005 12006.15 599.95
endloop
endfacet
facet normal 0 0 -1
outer loop
vertex 7287.150000000001 12002.25 599.95
vertex 7548.1900000000005 12006.15 599.95
vertex 7522.71 11996.27 599.95
endloop
endfacet
facet normal 0 0 -0.9999999999999999
outer loop
vertex 7287.150000000001 12002.25 599.95
vertex 7522.71 11996.27 599.95
vertex 6968.52 11996.27 599.95
endloop
endfacet
facet normal 0 0 -1
outer loop
vertex 7287.150000000001 12002.25 599.95
vertex 6968.52 11996.27 599.95
vertex 6957.08 12006.15 599.95
endloop
endfacet
facet normal 0 0 -1
outer loop
vertex 7287.150000000001 12002.25 599.95
vertex 6957.08 12006.15 599.95
vertex 7439.12 12006.15 599.95
endloop
endfacet
facet normal 0 0 -1
outer loop
vertex 7522.71 11996.27 599.95
vertex 7487.610000000001 11982.75 599.95
vertex 6982.820000000001 11982.75 599.95
endloop
endfacet
facet normal 0 0 -1
outer loop
vertex 7522.71 11996.27 599.95
vertex 6982.820000000001 11982.75 599.95
vertex 6968.52 11996.27 599.95
endloop
endfacet
facet normal 0 0 -1
outer loop
vertex 7487.610000000001 11982.75 599.95
vertex 7453.29 11969.49 599.95
vertex 6995.43 11969.49 599.95
endloop
endfacet
facet normal 0 0 -1
outer loop
vertex 7487.610000000001 11982.75 599.95
vertex 6995.43 11969.49 599.95
vertex 6982.820000000001 11982.75 599.95
endloop
endfacet
facet normal 0 0 -1
outer loop
vertex 7845.37 12057.76 599.95
vertex 7578.35 11969.49 599.95
vertex 7453.29 11969.49 599.95
endloop
endfacet
facet normal 0 0 -1
outer loop
vertex 7845.37 12057.76 599.95
vertex 7453.29 11969.49 599.95
vertex 7833.02 12094.94 599.95
endloop
endfacet
facet normal 0 0 -1
outer loop
vertex 7319.780000000001 11969.1 599.95
vertex 7453.29 11969.49 599.95
vertex 7578.35 11969.49 599.95
endloop
endfacet
facet normal 0 0 -1
outer loop
vertex 7319.780000000001 11969.1 599.95
vertex 7578.35 11969.49 599.95
vertex 7575.490000000001 11968.58 599.95
endloop
endfacet
facet normal 0 0 -1
outer loop
vertex 7319.780000000001 11969.1 599.95
vertex 7575.490000000001 11968.58 599.95
vertex 6996.34 11968.58 599.95
endloop
endfacet
facet normal 0 0 -1
outer loop
vertex 7319.780000000001 11969.1 599.95
vertex 6996.34 11968.58 599.95
vertex 6995.43 11969.49 599.95
endloop
endfacet
facet normal 0 0 -0.9999999999999999
outer loop
vertex 7319.780000000001 11969.1 599.95
vertex 6995.43 11969.49 599.95
vertex 7453.29 11969.49 599.95
endloop
endfacet
facet normal 0 0 -1
outer loop
vertex 7575.490000000001 11968.58 599.95
vertex 7530.51 11953.630000000001 599.95
vertex 7009.08 11953.630000000001 599.95
endloop
endfacet
facet normal 0 0 -1
outer loop
vertex 7575.490000000001 11968.58 599.95
vertex 7009.08 11953.630000000001 599.95
vertex 6996.34 11968.58 599.95
endloop
endfacet
facet normal 0 0 -1
outer loop
vertex 7530.51 11953.630000000001 599.95
vertex 7483.71 11938.16 599.95
vertex 7021.17 11938.16 599.95
endloop
endfacet
facet normal 0 0 -1
outer loop
vertex 7530.51 11953.630000000001 599.95
vertex 7021.17 11938.16 599.95
vertex 7009.08 11953.630000000001 599.95
endloop
endfacet
facet normal 0 0 -1
outer loop
vertex 7483.71 11938.16 599.95
vertex 7465.51 11932.18 599.95
vertex 7025.46 11932.18 599.95
endloop
endfacet
facet normal 0 0 -1
outer loop
vertex 7483.71 11938.16 599.95
vertex 7025.46 11932.18 599.95
vertex 7021.17 11938.16 599.95
endloop
endfacet
facet normal 0 0 -0.9999999999999999
outer loop
vertex 7861.490000000001 12001.08 599.95
vertex 7612.8 11932.18 599.95
vertex 7465.51 11932.18 599.95
endloop
endfacet
facet normal 0 0 -0.9999999999999999
outer loop
vertex 7861.490000000001 12001.08 599.95
vertex 7465.51 11932.18 599.95
vertex 7851.09 12038.91 599.95
endloop
endfacet
facet normal 0 0 -1
outer loop
vertex 7342.530000000001 11928.15 599.95
vertex 7465.51 11932.18 599.95
vertex 7612.8 11932.18 599.95
endloop
endfacet
facet normal 0 0 -1
outer loop
vertex 7342.530000000001 11928.15 599.95
vertex 7612.8 11932.18 599.95
vertex 7576.400000000001 11922.17 599.95
endloop
endfacet
facet normal 0 0 -0.9999999999999999
outer loop
vertex 7342.530000000001 11928.15 599.95
vertex 7576.400000000001 11922.17 599.95
vertex 7032.4800000000005 11922.17 599.95
endloop
endfacet
facet normal 0 0 -0.9999999999999999
outer loop
vertex 7342.530000000001 11928.15 599.95
vertex 7032.4800000000005 11922.17 599.95
vertex 7025.46 11932.18 599.95
endloop
endfacet
facet normal 0 0 -1
outer loop
vertex 7342.530000000001 11928.15 599.95
vertex 7025.46 11932.18 599.95
vertex 7465.51 11932.18 599.95
endloop
endfacet
facet normal 0 0 -1
outer loop
vertex 7576.400000000001 11922.17 599.95
vertex 7516.47 11905.53 599.95
vertex 7043.01 11905.53 599.95
endloop
endfacet
facet normal 0 0 -1
outer loop
vertex 7576.400000000001 11922.17 599.95
vertex 7043.01 11905.53 599.95
vertex 7032.4800000000005 11922.17 599.95
endloop
endfacet
facet normal 0 0 -1
outer loop
vertex 7516.47 11905.53 599.95
vertex 7476.04 11894.35 599.95
vertex 7049.38 11894.35 599.95
endloop
endfacet
facet normal 0 0 -1
outer loop
vertex 7516.47 11905.53 599.95
vertex 7049.38 11894.35 599.95
vertex 7043.01 11905.53 599.95
endloop
endfacet
facet normal 0 0 -1
outer loop
vertex 7874.88 11943.75 599.95
vertex 7655.18 11894.35 599.95
vertex 7476.04 11894.35 599.95
endloop
endfacet
facet normal 0 0 -1
outer loop
vertex 7874.88 11943.75 599.95
vertex 7476.04 11894.35 599.95
vertex 7866.3 11981.970000000001 599.95
endloop
endfacet
facet normal 0 0 -0.9999999999999999
outer loop
vertex 7372.43 11892.01 599.95
vertex 7476.04 11894.35 599.95
vertex 7655.18 11894.35 599.95
endloop
endfacet
facet normal 0 0 -1
outer loop
vertex 7372.43 11892.01 599.95
vertex 7655.18 11894.35 599.95
vertex 7629.05 11888.5 599.95
endloop
endfacet
facet normal 0 0 -1
outer loop
vertex 7372.43 11892.01 599.95
vertex 7629.05 11888.5 599.95
vertex 7052.63 11888.5 599.95
endloop
endfacet
facet normal 0 0 -1
outer loop
vertex 7372.43 11892.01 599.95
vertex 7052.63 11888.5 599.95
vertex 7049.38 11894.35 599.95
endloop
endfacet
facet normal 0 0 -1
outer loop
vertex 7372.43 11892.01 599.95
vertex 7049.38 11894.35 599.95
vertex 7476.04 11894.35 599.95
endloop
endfacet
facet normal 0 0 -1
outer loop
vertex 7629.05 11888.5 599.95
vertex 7550.92 11870.95 599.95
vertex 7061.47 11870.95 599.95
endloop
endfacet
facet normal 0 0 -1
outer loop
vertex 7629.05 11888.5 599.95
vertex 7061.47 11870.95 599.95
vertex 7052.63 11888.5 599.95
endloop
endfacet
facet normal 0 0 -1
outer loop
vertex 7550.92 11870.95 599.95
vertex 7484.62 11856.130000000001 599.95
vertex 7068.1 11856.130000000001 599.95
endloop
endfacet
facet normal 0 0 -0.9999999999999999
outer loop
vertex 7550.92 11870.95 599.95
vertex 7068.1 11856.130000000001 599.95
vertex 7061.47 11870.95 599.95
endloop
endfacet
facet normal 0 0 -1
outer loop
vertex 7885.41 11885.77 599.95
vertex 7714.33 11856.130000000001 599.95
vertex 7484.62 11856.130000000001 599.95
endloop
endfacet
facet normal 0 0 -1
outer loop
vertex 7885.41 11885.77 599.95
vertex 7484.62 11856.130000000001 599.95
vertex 7878.780000000001 11924.51 599.95
endloop
endfacet
facet normal 0 0 -1
outer loop
vertex 7406.62 11854.83 599.95
vertex 7484.62 11856.130000000001 599.95
vertex 7714.33 11856.130000000001 599.95
endloop
endfacet
facet normal 0 0 -1
outer loop
vertex 7406.62 11854.83 599.95
vertex 7714.33 11856.130000000001 599.95
vertex 7696.780000000001 11853.01 599.95
endloop
endfacet
facet normal 0 0 -1
outer loop
vertex 7406.62 11854.83 599.95
vertex 7696.780000000001 11853.01 599.95
vertex 7069.400000000001 11853.01 599.95
endloop
endfacet
facet normal 0 0 -1
outer loop
vertex 7406.62 11854.83 599.95
vertex 7069.400000000001 11853.01 599.95
vertex 7068.1 11856.130000000001 599.95
endloop
endfacet
facet normal 0 0 -1
outer loop
vertex 7406.62 11854.83 599.95
vertex 7068.1 11856.130000000001 599.95
vertex 7484.62 11856.130000000001 599.95
endloop
endfacet
facet normal 0 0 -1
outer loop
vertex 7696.780000000001 11853.01 599.95
vertex 7591.22 11834.68 599.95
vertex 7076.55 11834.68 599.95
endloop
endfacet
facet normal 0 0 -1
outer loop
vertex 7696.780000000001 11853.01 599.95
vertex 7076.55 11834.68 599.95
vertex 7069.400000000001 11853.01 599.95
endloop
endfacet
facet normal 0 0 -1
outer loop
vertex 7591.22 11834.68 599.95
vertex 7491.38 11817.390000000001 599.95
vertex 7082.27 11817.390000000001 599.95
endloop
endfacet
facet normal 0 0 -1
outer loop
vertex 7591.22 11834.68 599.95
vertex 7082.27 11817.390000000001 599.95
vertex 7076.55 11834.68 599.95
endloop
endfacet
facet normal 0 0 -1
outer loop
vertex 7893.08 11827.4 599.95
vertex 7812.09 11817.390000000001 599.95
vertex 7491.38 11817.390000000001 599.95
endloop
endfacet
facet normal 0 0 -1
outer loop
vertex 7893.08 11827.4 599.95
vertex 7491.38 11817.390000000001 599.95
vertex 7888.27 11866.4 599.95
endloop
endfacet
facet normal 0 0 -1
outer loop
vertex 7453.9400000000005 11816.87 599.95
vertex 7491.38 11817.390000000001 599.95
vertex 7812.09 11817.390000000001 599.95
endloop
endfacet
facet normal 0 0 -0.9999999999999999
outer loop
vertex 7453.9400000000005 11816.87 599.95
vertex 7812.09 11817.390000000001 599.95
vertex 7801.56 11816.09 599.95
endloop
endfacet
facet normal 0 0 -1
outer loop
vertex 7453.9400000000005 11816.87 599.95
vertex 7801.56 11816.09 599.95
vertex 7082.66 11816.09 599.95
endloop
endfacet
facet normal 0 0 -1
outer loop
vertex 7453.9400000000005 11816.87 599.95
vertex 7082.66 11816.09 599.95
vertex 7082.27 11817.390000000001 599.95
endloop
endfacet
facet normal 0 0 -1
outer loop
vertex 7453.9400000000005 11816.87 599.95
vertex 7082.27 11817.390000000001 599.95
vertex 7491.38 11817.390000000001 599.95
endloop
endfacet
facet normal 0 0 -1
outer loop
vertex 7801.56 11816.09 599.95
vertex 7648.16 11797.11 599.95
vertex 7087.860000000001 11797.11 599.95
endloop
endfacet
facet normal 0 0 -1
outer loop
vertex 7801.56 11816.09 599.95
vertex 7087.860000000001 11797.11 599.95
vertex 7082.66 11816.09 599.95
endloop
endfacet
facet normal 0 0 -1
outer loop
vertex 7648.16 11797.11 599.95
vertex 7496.1900000000005 11778.390000000001 599.95
vertex 7092.150000000001 11778.390000000001 599.95
endloop
endfacet
facet normal 0 0 -1
outer loop
vertex 7648.16 11797.11 599.95
vertex 7092.150000000001 11778.390000000001 599.95
vertex 7087.860000000001 11797.11 599.95
endloop
endfacet
facet normal 0 0 -1
outer loop
vertex 7897.240000000001 11778.390000000001 599.95
vertex 7496.1900000000005 11778.390000000001 599.95
vertex 7895.030000000001 11807.9 599.95
endloop
endfacet
facet normal 0 0 -1
outer loop
vertex 7495.02 11778.26 599.95
vertex 7496.1900000000005 11778.390000000001 599.95
vertex 7897.240000000001 11778.390000000001 599.95
endloop
endfacet
facet normal 0 0 -1
outer loop
vertex 7495.02 11778.26 599.95
vertex 7897.240000000001 11778.390000000001 599.95
vertex 7897.240000000001 11778 599.95
endloop
endfacet
facet normal 0 0 -1
outer loop
vertex 7495.02 11778.26 599.95
vertex 7897.240000000001 11778 599.95
vertex 7092.150000000001 11778 599.95
endloop
endfacet
facet normal 0 0 -1
outer loop
vertex 7495.02 11778.26 599.95
vertex 7092.150000000001 11778 599.95
vertex 7092.150000000001 11778.390000000001 599.95
endloop
endfacet
facet normal 0 0 -1
outer loop
vertex 7495.02 11778.26 599.95
vertex 7092.150000000001 11778.390000000001 599.95
vertex 7496.1900000000005 11778.390000000001 599.95
endloop
endfacet
facet normal 0 0 -1
outer loop
vertex 7548.97 11768.380000000001 599.95
vertex 7897.240000000001 11778 599.95
vertex 7897.89 11768.640000000001 599.95
endloop
endfacet
facet normal 0 0 -1
outer loop
vertex 7548.97 11768.380000000001 599.95
vertex 7897.89 11768.640000000001 599.95
vertex 7762.3 11758.630000000001 599.95
endloop
endfacet
facet normal 0 0 -1
outer loop
vertex 7548.97 11768.380000000001 599.95
vertex 7762.3 11758.630000000001 599.95
vertex 7095.530000000001 11758.630000000001 599.95
endloop
endfacet
facet normal 0 0 -1
outer loop
vertex 7548.97 11768.380000000001 599.95
vertex 7095.530000000001 11758.630000000001 599.95
vertex 7092.150000000001 11778 599.95
endloop
endfacet
facet normal 0 0 -1
outer loop
vertex 7548.97 11768.380000000001 599.95
vertex 7092.150000000001 11778 599.95
vertex 7897.240000000001 11778 599.95
endloop
endfacet
facet normal 0 0 -1
outer loop
vertex 7762.3 11758.630000000001 599.95
vertex 7499.05 11739.26 599.95
vertex 7098 11739.26 599.95
endloop
endfacet
facet normal 0 0 -0.9999999999999999
outer loop
vertex 7762.3 11758.630000000001 599.95
vertex 7098 11739.26 599.95
vertex 7095.530000000001 11758.630000000001 599.95
endloop
endfacet
facet normal 0 0 -1
outer loop
vertex 7899.1900000000005 11739.26 599.95
vertex 7499.05 11739.26 599.95
vertex 7898.93 11749.01 599.95
endloop
endfacet
facet normal 0 0 -1
outer loop
vertex 7499.05 11731.460000000001 599.95
vertex 7499.05 11739.26 599.95
vertex 7899.1900000000005 11739.26 599.95
endloop
endfacet
facet normal 0 0 -1
outer loop
vertex 7499.05 11731.460000000001 599.95
vertex 7899.1900000000005 11739.26 599.95
vertex 7899.58 11719.630000000001 599.95
endloop
endfacet
facet normal 0 0 -1
outer loop
vertex 7499.05 11731.460000000001 599.95
vertex 7899.58 11719.630000000001 599.95
vertex 7099.43 11719.630000000001 599.95
endloop
endfacet
facet normal 0 0 -1
outer loop
vertex 7499.05 11731.460000000001 599.95
vertex 7099.43 11719.630000000001 599.95
vertex 7098 11739.26 599.95
endloop
endfacet
facet normal 0 0 -1
outer loop
vertex 7499.05 11731.460000000001 599.95
vertex 7098 11739.26 599.95
vertex 7499.05 11739.26 599.95
endloop
endfacet
facet normal 0 0 -1
outer loop
vertex 7499.7 11709.880000000001 599.95
vertex 7899.58 11719.630000000001 599.95
vertex 7899.84 11709.880000000001 599.95
endloop
endfacet
facet normal 0 0 -1
outer loop
vertex 7499.7 11709.880000000001 599.95
vertex 7899.84 11709.880000000001 599.95
vertex 7499.96 11700 599.95
endloop
endfacet
facet normal 0 0 -1
outer loop
vertex 7499.7 11709.880000000001 599.95
vertex 7499.96 11700 599.95
vertex 7099.820000000001 11700 599.95
endloop
endfacet
facet normal 0 0 -1
outer loop
vertex 7499.7 11709.880000000001 599.95
vertex 7099.820000000001 11700 599.95
vertex 7099.43 11719.630000000001 599.95
endloop
endfacet
facet normal 0 0 -1
outer loop
vertex 7499.7 11709.880000000001 599.95
vertex 7099.43 11719.630000000001 599.95
vertex 7899.58 11719.630000000001 599.95
endloop
endfacet
facet normal 0 0 -1
outer loop
vertex 7499.96 11698.050000000001 599.95
vertex 7499.96 11700 599.95
vertex 7899.97 11700 599.95
endloop
endfacet
facet normal 0 0 -1
outer loop
vertex 7499.96 11698.050000000001 599.95
vertex 7899.97 11700 599.95
vertex 7899.97 11695.06 599.95
endloop
endfacet
facet normal 0 0 -1
outer loop
vertex 7499.96 11698.050000000001 599.95
vertex 7899.97 11695.06 599.95
vertex 7099.95 11695.06 599.95
endloop
endfacet
facet normal 0 0 -1
outer loop
vertex 7499.96 11698.050000000001 599.95
vertex 7099.95 11695.06 599.95
vertex 7099.820000000001 11700 599.95
endloop
endfacet
facet normal 0 0 -0.9999999999999999
outer loop
vertex 7499.96 11698.050000000001 599.95
vertex 7099.820000000001 11700 599.95
vertex 7499.96 11700 599.95
endloop
endfacet
facet normal 0 0 -1
outer loop
vertex 7899.97 11695.06 599.95
vertex 7899.97 7499.96 599.95
vertex 7099.95 7499.96 599.95
endloop
endfacet
facet normal 0 0 -1
outer loop
vertex 7899.97 11695.06 599.95
vertex 7099.95 7499.96 599.95
vertex 7099.95 11695.06 599.95
endloop
endfacet
facet normal 0 0 -1
outer loop
vertex 10400 12100.01 599.95
vertex 10400 7499.96 599.95
vertex 9599.98 7499.96 599.95
endloop
endfacet
facet normal 0 0 -1
outer loop
vertex 10400 12100.01 599.95
vertex 9599.98 7499.96 599.95
vertex 9599.98 12100.01 599.95
endloop
endfacet
facet normal -0.026480776761401214 -0.9996493227437873 0
outer loop
vertex 6749.08 12898.86 199.94
vertex 6749.08 12898.86 599.95
vertex 6709.820000000001 12899.9 599.95
endloop
endfacet
facet normal -0.026480776761401214 -0.9996493227437873 0
outer loop
vertex 6749.08 12898.86 199.94
vertex 6709.820000000001 12899.9 599.95
vertex 6709.820000000001 12899.9 199.94
endloop
endfacet
facet normal -0.9996949115658501 0.024699874277960096 0
outer loop
vertex 6739.2 12498.98 599.95
vertex 6749.08 12898.86 599.95
vertex 6749.08 12898.86 199.94
endloop
endfacet
facet normal -0.9996949115658501 0.024699874277960096 0
outer loop
vertex 6739.2 12498.98 599.95
vertex 6749.08 12898.86 199.94
vertex 6739.2 12498.98 199.94
endloop
endfacet
facet normal -0.07289525331431214 -0.9973396021637977 0
outer loop
vertex 6807.84 12895.09 199.94
vertex 6807.84 12895.09 599.95
vertex 6768.71 12897.95 599.95
endloop
endfacet
facet normal -0.07289525331431214 -0.9973396021637977 0
outer loop
vertex 6807.84 12895.09 199.94
vertex 6768.71 12897.95 599.95
vertex 6768.71 12897.95 199.94
endloop
endfacet
facet normal 0.9972757283443745 -0.07376395905316847 0
outer loop
vertex 6739.2 12498.98 199.94
vertex 6768.71 12897.95 199.94
vertex 6768.71 12897.95 599.95
endloop
endfacet
facet normal 0.9972757283443745 -0.07376395905316847 0
outer loop
vertex 6739.2 12498.98 199.94
vertex 6768.71 12897.95 599.95
vertex 6739.2 12498.98 599.95
endloop
endfacet
facet normal -0.9972995809461875 0.0734407641882827 0
outer loop
vertex 6778.46 12496.12 599.95
vertex 6807.84 12895.09 599.95
vertex 6807.84 12895.09 199.94
endloop
endfacet
facet normal -0.9972995809461875 0.0734407641882827 0
outer loop
vertex 6778.46 12496.12 599.95
vertex 6807.84 12895.09 199.94
vertex 6778.46 12496.12 199.94
endloop
endfacet
facet normal 0.07265515457220706 0.9973571218545987 0
outer loop
vertex 6719.570000000001 12099.36 599.95
vertex 6739.2 12097.93 599.95
vertex 6739.2 12097.93 199.94
endloop
endfacet
facet normal 0.07265515457220706 0.9973571218545987 0
outer loop
vertex 6719.570000000001 12099.36 599.95
vertex 6739.2 12097.93 199.94
vertex 6719.570000000001 12099.36 199.94
endloop
endfacet
facet normal -0.1224058821758674 -0.9924801257500059 0
outer loop
vertex 6866.34 12888.33 199.94
vertex 6866.34 12888.33 599.95
vertex 6827.34 12893.140000000001 599.95
endloop
endfacet
facet normal -0.1224058821758674 -0.9924801257500059 0
outer loop
vertex 6866.34 12888.33 199.94
vertex 6827.34 12893.140000000001 599.95
vertex 6827.34 12893.140000000001 199.94
endloop
endfacet
facet normal -0.9924666967719611 0.12251471666111077 0
outer loop
vertex 6817.33 12491.310000000001 599.95
vertex 6866.34 12888.33 599.95
vertex 6866.34 12888.33 199.94
endloop
endfacet
facet normal -0.9924666967719611 0.12251471666111077 0
outer loop
vertex 6817.33 12491.310000000001 599.95
vertex 6866.34 12888.33 199.94
vertex 6817.33 12491.310000000001 199.94
endloop
endfacet
facet normal -0.17189918272177937 -0.9851145471363135 0
outer loop
vertex 6924.45 12878.710000000001 199.94
vertex 6924.45 12878.710000000001 599.95
vertex 6885.71 12885.470000000001 599.95
endloop
endfacet
facet normal -0.17189918272177937 -0.9851145471363135 0
outer loop
vertex 6924.45 12878.710000000001 199.94
vertex 6885.71 12885.470000000001 599.95
vertex 6885.71 12885.470000000001 199.94
endloop
endfacet
facet normal 0.9852832200689466 -0.1709297406847846 0
outer loop
vertex 6817.33 12491.310000000001 199.94
vertex 6885.71 12885.470000000001 199.94
vertex 6885.71 12885.470000000001 599.95
endloop
endfacet
facet normal 0.9852832200689466 -0.1709297406847846 0
outer loop
vertex 6817.33 12491.310000000001 199.94
vertex 6885.71 12885.470000000001 599.95
vertex 6817.33 12491.310000000001 599.95
endloop
endfacet
facet normal 0.9925061607304441 -0.12219460263086032 0
outer loop
vertex 6778.46 12496.12 199.94
vertex 6827.34 12893.140000000001 199.94
vertex 6827.34 12893.140000000001 599.95
endloop
endfacet
facet normal 0.9925061607304441 -0.12219460263086032 0
outer loop
vertex 6778.46 12496.12 199.94
vertex 6827.34 12893.140000000001 599.95
vertex 6778.46 12496.12 599.95
endloop
endfacet
facet normal 0.11914522061843798 0.9928768384869212 0
outer loop
vertex 6758.7 12095.59 599.95
vertex 6758.7 12095.59 199.94
vertex 6739.2 12097.93 199.94
endloop
endfacet
facet normal 0.11914522061843798 0.9928768384869212 0
outer loop
vertex 6758.7 12095.59 599.95
vertex 6739.2 12097.93 199.94
vertex 6739.2 12097.93 599.95
endloop
endfacet
facet normal 0.17189918272172666 0.9851145471363228 0
outer loop
vertex 6778.070000000001 12092.210000000001 599.95
vertex 6778.070000000001 12092.210000000001 199.94
vertex 6758.7 12095.59 199.94
endloop
endfacet
facet normal 0.17189918272172666 0.9851145471363228 0
outer loop
vertex 6778.070000000001 12092.210000000001 599.95
vertex 6758.7 12095.59 199.94
vertex 6758.7 12095.59 599.95
endloop
endfacet
facet normal -0.9852737211151894 0.17098448607937403 0
outer loop
vertex 6856.070000000001 12484.68 599.95
vertex 6924.45 12878.710000000001 599.95
vertex 6924.45 12878.710000000001 199.94
endloop
endfacet
facet normal -0.9852737211151894 0.17098448607937403 0
outer loop
vertex 6856.070000000001 12484.68 599.95
vertex 6924.45 12878.710000000001 199.94
vertex 6856.070000000001 12484.68 199.94
endloop
endfacet
facet normal -0.21833129080309568 -0.9758747088926191 0
outer loop
vertex 6982.04 12866.36 199.94
vertex 6982.04 12866.36 599.95
vertex 6943.6900000000005 12874.94 599.95
endloop
endfacet
facet normal -0.21833129080309568 -0.9758747088926191 0
outer loop
vertex 6982.04 12866.36 199.94
vertex 6943.6900000000005 12874.94 599.95
vertex 6943.6900000000005 12874.94 199.94
endloop
endfacet
facet normal -0.9757261712434881 0.21899415232038336 0
outer loop
vertex 6894.42 12475.970000000001 599.95
vertex 6982.04 12866.36 599.95
vertex 6982.04 12866.36 199.94
endloop
endfacet
facet normal -0.9757261712434881 0.21899415232038336 0
outer loop
vertex 6894.42 12475.970000000001 599.95
vertex 6982.04 12866.36 199.94
vertex 6894.42 12475.970000000001 199.94
endloop
endfacet
facet normal -0.26815606295115474 -0.9633754854170498 0
outer loop
vertex 7038.85 12851.02 199.94
vertex 7038.85 12851.02 599.95
vertex 7001.02 12861.550000000001 599.95
endloop
endfacet
facet normal -0.26815606295115474 -0.9633754854170498 0
outer loop
vertex 7038.85 12851.02 199.94
vertex 7001.02 12861.550000000001 599.95
vertex 7001.02 12861.550000000001 199.94
endloop
endfacet
facet normal 0.9638430904296 -0.2664704430722437 0
outer loop
vertex 6894.42 12475.970000000001 199.94
vertex 7001.02 12861.550000000001 199.94
vertex 7001.02 12861.550000000001 599.95
endloop
endfacet
facet normal 0.9638430904296 -0.2664704430722437 0
outer loop
vertex 6894.42 12475.970000000001 199.94
vertex 7001.02 12861.550000000001 599.95
vertex 6894.42 12475.970000000001 599.95
endloop
endfacet
facet normal -0.9638200050321358 0.2665539305653803 0
outer loop
vertex 6932.25 12465.57 599.95
vertex 7038.85 12851.02 599.95
vertex 7038.85 12851.02 199.94
endloop
endfacet
facet normal -0.9638200050321358 0.2665539305653803 0
outer loop
vertex 6932.25 12465.57 599.95
vertex 7038.85 12851.02 199.94
vertex 6932.25 12465.57 199.94
endloop
endfacet
facet normal 0.2659289981257568 0.9639926182060895 0
outer loop
vertex 6797.18 12087.92 599.95
vertex 6816.030000000001 12082.720000000001 599.95
vertex 6816.030000000001 12082.720000000001 199.94
endloop
endfacet
facet normal 0.2659289981257568 0.9639926182060895 0
outer loop
vertex 6797.18 12087.92 599.95
vertex 6816.030000000001 12082.720000000001 199.94
vertex 6797.18 12087.92 199.94
endloop
endfacet
facet normal -0.3112565717747343 -0.9503259159504382 0
outer loop
vertex 7095.01 12833.08 199.94
vertex 7095.01 12833.08 599.95
vertex 7057.7 12845.300000000001 599.95
endloop
endfacet
facet normal -0.3112565717747343 -0.9503259159504382 0
outer loop
vertex 7095.01 12833.08 199.94
vertex 7057.7 12845.300000000001 599.95
vertex 7057.7 12845.300000000001 199.94
endloop
endfacet
facet normal -0.9495570604195561 0.313594306401394 0
outer loop
vertex 6969.56 12453.220000000001 599.95
vertex 7095.01 12833.08 599.95
vertex 7095.01 12833.08 199.94
endloop
endfacet
facet normal -0.9495570604195561 0.313594306401394 0
outer loop
vertex 6969.56 12453.220000000001 599.95
vertex 7095.01 12833.08 199.94
vertex 6969.56 12453.220000000001 199.94
endloop
endfacet
facet normal -0.36053009371076405 -0.9327475818938947 0
outer loop
vertex 7150.13 12812.28 199.94
vertex 7150.13 12812.28 599.95
vertex 7113.47 12826.45 599.95
endloop
endfacet
facet normal -0.36053009371076405 -0.9327475818938947 0
outer loop
vertex 7150.13 12812.28 199.94
vertex 7113.47 12826.45 599.95
vertex 7113.47 12826.45 199.94
endloop
endfacet
facet normal 0.9330437406425611 -0.35976294701891864 0
outer loop
vertex 6969.56 12453.220000000001 199.94
vertex 7113.47 12826.45 199.94
vertex 7113.47 12826.45 599.95
endloop
endfacet
facet normal 0.9330437406425611 -0.35976294701891864 0
outer loop
vertex 6969.56 12453.220000000001 199.94
vertex 7113.47 12826.45 599.95
vertex 6969.56 12453.220000000001 599.95
endloop
endfacet
facet normal 0.9495250877980174 -0.313691102268087 0
outer loop
vertex 6932.25 12465.57 199.94
vertex 7057.7 12845.300000000001 199.94
vertex 7057.7 12845.300000000001 599.95
endloop
endfacet
facet normal 0.9495250877980174 -0.313691102268087 0
outer loop
vertex 6932.25 12465.57 199.94
vertex 7057.7 12845.300000000001 599.95
vertex 6932.25 12465.57 599.95
endloop
endfacet
facet normal 0.31622775933318037 0.9486832779973285 0.00020560972646022817
outer loop
vertex 6827.860000000001 12078.82 400.01
vertex 6832.8 12077.130000000001 599.95
vertex 6834.75 12076.48 599.95
endloop
endfacet
facet normal 0.32158242635793255 0.9468815887204403 0
outer loop
vertex 6827.860000000001 12078.82 400.01
vertex 6834.75 12076.48 599.95
vertex 6834.75 12076.48 199.94
endloop
endfacet
facet normal 0.31622775934186403 0.9486832780233799 -0.00020547612690351836
outer loop
vertex 6827.860000000001 12078.82 400.01
vertex 6834.75 12076.48 199.94
vertex 6832.8 12077.130000000001 199.94
endloop
endfacet
facet normal 0.3162277593412158 0.9486832780235958 -0.00020547612692135345
outer loop
vertex 6827.860000000001 12078.82 400.01
vertex 6832.8 12077.130000000001 199.94
vertex 6816.030000000001 12082.720000000001 199.94
endloop
endfacet
facet normal 0.313095092897431 0.9497217817885136 0
outer loop
vertex 6827.860000000001 12078.82 400.01
vertex 6816.030000000001 12082.720000000001 199.94
vertex 6816.030000000001 12082.720000000001 599.95
endloop
endfacet
facet normal 0.316227759332532 0.9486832779975446 0.00020560972647807487
outer loop
vertex 6827.860000000001 12078.82 400.01
vertex 6816.030000000001 12082.720000000001 599.95
vertex 6832.8 12077.130000000001 599.95
endloop
endfacet
facet normal 0.21903834230676592 0.9757162520935603 0
outer loop
vertex 6797.18 12087.92 599.95
vertex 6797.18 12087.92 199.94
vertex 6778.070000000001 12092.210000000001 199.94
endloop
endfacet
facet normal 0.21903834230676592 0.9757162520935603 0
outer loop
vertex 6797.18 12087.92 599.95
vertex 6778.070000000001 12092.210000000001 199.94
vertex 6778.070000000001 12092.210000000001 599.95
endloop
endfacet
facet normal 0.9757105813114467 -0.21906360153361554 0
outer loop
vertex 6856.070000000001 12484.68 199.94
vertex 6943.6900000000005 12874.94 199.94
vertex 6943.6900000000005 12874.94 599.95
endloop
endfacet
facet normal 0.9757105813114467 -0.21906360153361554 0
outer loop
vertex 6856.070000000001 12484.68 199.94
vertex 6943.6900000000005 12874.94 599.95
vertex 6856.070000000001 12484.68 599.95
endloop
endfacet
facet normal -0.932934619936112 0.36004582336789037 0
outer loop
vertex 7006.09 12439.050000000001 599.95
vertex 7150.13 12812.28 599.95
vertex 7150.13 12812.28 199.94
endloop
endfacet
facet normal -0.932934619936112 0.36004582336789037 0
outer loop
vertex 7006.09 12439.050000000001 599.95
vertex 7150.13 12812.28 199.94
vertex 7006.09 12439.050000000001 199.94
endloop
endfacet
facet normal 0.35764726660698154 0.9338567516961875 0
outer loop
vertex 6834.75 12076.48 599.95
vertex 6853.08 12069.460000000001 599.95
vertex 6853.08 12069.460000000001 199.94
endloop
endfacet
facet normal 0.35764726660698154 0.9338567516961875 0
outer loop
vertex 6834.75 12076.48 599.95
vertex 6853.08 12069.460000000001 199.94
vertex 6834.75 12076.48 199.94
endloop
endfacet
facet normal -0.40429280054207173 -0.9146296143411544 0
outer loop
vertex 7204.08 12788.880000000001 199.94
vertex 7204.08 12788.880000000001 599.95
vertex 7168.2 12804.74 599.95
endloop
endfacet
facet normal -0.40429280054207173 -0.9146296143411544 0
outer loop
vertex 7204.08 12788.880000000001 199.94
vertex 7168.2 12804.74 599.95
vertex 7168.2 12804.74 199.94
endloop
endfacet
facet normal -0.9143201613943169 0.4049921511188461 0
outer loop
vertex 7042.1 12423.19 599.95
vertex 7204.08 12788.880000000001 599.95
vertex 7204.08 12788.880000000001 199.94
endloop
endfacet
facet normal -0.9143201613943169 0.4049921511188461 0
outer loop
vertex 7042.1 12423.19 599.95
vertex 7204.08 12788.880000000001 199.94
vertex 7042.1 12423.19 199.94
endloop
endfacet
facet normal -0.4472135954999394 -0.8944271909999252 0
outer loop
vertex 7256.990000000001 12762.880000000001 199.94
vertex 7256.990000000001 12762.880000000001 599.95
vertex 7221.89 12780.43 599.95
endloop
endfacet
facet normal -0.4472135954999394 -0.8944271909999252 0
outer loop
vertex 7256.990000000001 12762.880000000001 199.94
vertex 7221.89 12780.43 599.95
vertex 7221.89 12780.43 199.94
endloop
endfacet
facet normal 0.8932539273344781 -0.44955246779606395 0
outer loop
vertex 7042.1 12423.19 199.94
vertex 7221.89 12780.43 199.94
vertex 7221.89 12780.43 599.95
endloop
endfacet
facet normal 0.8932539273344781 -0.44955246779606395 0
outer loop
vertex 7042.1 12423.19 199.94
vertex 7221.89 12780.43 599.95
vertex 7042.1 12423.19 599.95
endloop
endfacet
facet normal -0.8931891083652828 0.44968123898783163 0
outer loop
vertex 7077.070000000001 12405.51 599.95
vertex 7256.990000000001 12762.880000000001 599.95
vertex 7256.990000000001 12762.880000000001 199.94
endloop
endfacet
facet normal -0.8931891083652828 0.44968123898783163 0
outer loop
vertex 7077.070000000001 12405.51 599.95
vertex 7256.990000000001 12762.880000000001 199.94
vertex 7077.070000000001 12405.51 199.94
endloop
endfacet
facet normal 0.45252955019515234 0.891749407737495 0
outer loop
vertex 6871.02 12061.53 599.95
vertex 6888.4400000000005 12052.69 599.95
vertex 6888.4400000000005 12052.69 199.94
endloop
endfacet
facet normal 0.45252955019515234 0.891749407737495 0
outer loop
vertex 6871.02 12061.53 599.95
vertex 6888.4400000000005 12052.69 199.94
vertex 6871.02 12061.53 199.94
endloop
endfacet
facet normal -0.4904185557472744 -0.871487028118467 0
outer loop
vertex 7308.47 12734.28 199.94
vertex 7308.47 12734.28 599.95
vertex 7274.280000000001 12753.52 599.95
endloop
endfacet
facet normal -0.4904185557472744 -0.871487028118467 0
outer loop
vertex 7308.47 12734.28 199.94
vertex 7274.280000000001 12753.52 599.95
vertex 7274.280000000001 12753.52 199.94
endloop
endfacet
facet normal -0.8700965024985967 0.4928814019008117 0
outer loop
vertex 7111.26 12386.140000000001 599.95
vertex 7308.47 12734.28 599.95
vertex 7308.47 12734.28 199.94
endloop
endfacet
facet normal -0.8700965024985967 0.4928814019008117 0
outer loop
vertex 7111.26 12386.140000000001 599.95
vertex 7308.47 12734.28 199.94
vertex 7111.26 12386.140000000001 199.94
endloop
endfacet
facet normal -0.5347379266992642 -0.8450179582407538 0
outer loop
vertex 7358.52 12703.08 199.94
vertex 7358.52 12703.08 599.95
vertex 7325.240000000001 12724.140000000001 599.95
endloop
endfacet
facet normal -0.5347379266992642 -0.8450179582407538 0
outer loop
vertex 7358.52 12703.08 199.94
vertex 7325.240000000001 12724.140000000001 599.95
vertex 7325.240000000001 12724.140000000001 199.94
endloop
endfacet
facet normal 0.8449169899273143 -0.534897448238601 0
outer loop
vertex 7111.26 12386.140000000001 199.94
vertex 7325.240000000001 12724.140000000001 199.94
vertex 7325.240000000001 12724.140000000001 599.95
endloop
endfacet
facet normal 0.8449169899273143 -0.534897448238601 0
outer loop
vertex 7111.26 12386.140000000001 199.94
vertex 7325.240000000001 12724.140000000001 599.95
vertex 7111.26 12386.140000000001 599.95
endloop
endfacet
facet normal 0.8700175390878323 -0.49302077205687006 0
outer loop
vertex 7077.070000000001 12405.51 199.94
vertex 7274.280000000001 12753.52 199.94
vertex 7274.280000000001 12753.52 599.95
endloop
endfacet
facet normal 0.8700175390878323 -0.49302077205687006 0
outer loop
vertex 7077.070000000001 12405.51 199.94
vertex 7274.280000000001 12753.52 599.95
vertex 7077.070000000001 12405.51 599.95
endloop
endfacet
facet normal 0.49400940760953055 0.8694565573927664 0
outer loop
vertex 6905.6 12042.94 599.95
vertex 6905.6 12042.94 199.94
vertex 6888.4400000000005 12052.69 199.94
endloop
endfacet
facet normal 0.49400940760953055 0.8694565573927664 0
outer loop
vertex 6905.6 12042.94 599.95
vertex 6888.4400000000005 12052.69 199.94
vertex 6888.4400000000005 12052.69 599.95
endloop
endfacet
facet normal 0.5329899615200689 0.8461215639131504 0
outer loop
vertex 6922.110000000001 12032.54 599.95
vertex 6922.110000000001 12032.54 199.94
vertex 6905.6 12042.94 199.94
endloop
endfacet
facet normal 0.5329899615200689 0.8461215639131504 0
outer loop
vertex 6922.110000000001 12032.54 599.95
vertex 6905.6 12042.94 199.94
vertex 6905.6 12042.94 599.95
endloop
endfacet
facet normal -0.844677035146182 0.5352762896828663 0
outer loop
vertex 7144.41 12365.210000000001 599.95
vertex 7358.52 12703.08 599.95
vertex 7358.52 12703.08 199.94
endloop
endfacet
facet normal -0.844677035146182 0.5352762896828663 0
outer loop
vertex 7144.41 12365.210000000001 599.95
vertex 7358.52 12703.08 199.94
vertex 7144.41 12365.210000000001 199.94
endloop
endfacet
facet normal -0.5759032618551279 -0.817517848725411 0
outer loop
vertex 7406.88 12669.54 199.94
vertex 7406.88 12669.54 599.95
vertex 7374.77 12692.16 599.95
endloop
endfacet
facet normal -0.5759032618551279 -0.817517848725411 0
outer loop
vertex 7406.88 12669.54 199.94
vertex 7374.77 12692.16 599.95
vertex 7374.77 12692.16 199.94
endloop
endfacet
facet normal -0.8174719985519346 0.5759683425184982 0
outer loop
vertex 7176.52 12342.59 599.95
vertex 7406.88 12669.54 599.95
vertex 7406.88 12669.54 199.94
endloop
endfacet
facet normal -0.8174719985519346 0.5759683425184982 0
outer loop
vertex 7176.52 12342.59 599.95
vertex 7406.88 12669.54 199.94
vertex 7176.52 12342.59 199.94
endloop
endfacet
facet normal -0.613710924397252 -0.789530810846208 0
outer loop
vertex 7453.55 12633.79 199.94
vertex 7453.55 12633.79 599.95
vertex 7422.610000000001 12657.84 599.95
endloop
endfacet
facet normal -0.613710924397252 -0.789530810846208 0
outer loop
vertex 7453.55 12633.79 199.94
vertex 7422.610000000001 12657.84 599.95
vertex 7422.610000000001 12657.84 199.94
endloop
endfacet
facet normal 0.7882657904386496 -0.6153349036290163 0
outer loop
vertex 7176.52 12342.59 199.94
vertex 7422.610000000001 12657.84 199.94
vertex 7422.610000000001 12657.84 599.95
endloop
endfacet
facet normal 0.7882657904386496 -0.6153349036290163 0
outer loop
vertex 7176.52 12342.59 199.94
vertex 7422.610000000001 12657.84 599.95
vertex 7176.52 12342.59 599.95
endloop
endfacet
facet normal -0.7883888221691984 0.615177263135321 0
outer loop
vertex 7207.46 12318.41 599.95
vertex 7453.55 12633.79 599.95
vertex 7453.55 12633.79 199.94
endloop
endfacet
facet normal -0.7883888221691984 0.615177263135321 0
outer loop
vertex 7207.46 12318.41 599.95
vertex 7453.55 12633.79 199.94
vertex 7207.46 12318.41 199.94
endloop
endfacet
facet normal 0.6157725230047503 0.7879239810491647 0
outer loop
vertex 6938.2300000000005 12021.23 599.95
vertex 6953.7 12009.140000000001 599.95
vertex 6953.7 12009.140000000001 199.94
endloop
endfacet
facet normal 0.6157725230047503 0.7879239810491647 0
outer loop
vertex 6938.2300000000005 12021.23 599.95
vertex 6953.7 12009.140000000001 199.94
vertex 6938.2300000000005 12021.23 199.94
endloop
endfacet
facet normal -0.652153440218669 -0.7580869939597664 0
outer loop
vertex 7498.530000000001 12595.7 199.94
vertex 7498.530000000001 12595.7 599.95
vertex 7468.76 12621.310000000001 599.95
endloop
endfacet
facet normal -0.652153440218669 -0.7580869939597664 0
outer loop
vertex 7498.530000000001 12595.7 199.94
vertex 7468.76 12621.310000000001 599.95
vertex 7468.76 12621.310000000001 199.94
endloop
endfacet
facet normal -0.7571882443521891 0.6531967258145507 0
outer loop
vertex 7237.2300000000005 12292.800000000001 599.95
vertex 7498.530000000001 12595.7 599.95
vertex 7498.530000000001 12595.7 199.94
endloop
endfacet
facet normal -0.7571882443521891 0.6531967258145507 0
outer loop
vertex 7237.2300000000005 12292.800000000001 599.95
vertex 7498.530000000001 12595.7 199.94
vertex 7237.2300000000005 12292.800000000001 199.94
endloop
endfacet
facet normal -0.6886624431004968 -0.7250820915336793 0
outer loop
vertex 7541.56 12555.4 199.94
vertex 7541.56 12555.4 599.95
vertex 7513.09 12582.44 599.95
endloop
endfacet
facet normal -0.6886624431004968 -0.7250820915336793 0
outer loop
vertex 7541.56 12555.4 199.94
vertex 7513.09 12582.44 599.95
vertex 7513.09 12582.44 199.94
endloop
endfacet
facet normal 0.7241224725844929 -0.6896714034220356 0
outer loop
vertex 7237.2300000000005 12292.800000000001 199.94
vertex 7513.09 12582.44 199.94
vertex 7513.09 12582.44 599.95
endloop
endfacet
facet normal 0.7241224725844929 -0.6896714034220356 0
outer loop
vertex 7237.2300000000005 12292.800000000001 199.94
vertex 7513.09 12582.44 599.95
vertex 7237.2300000000005 12292.800000000001 599.95
endloop
endfacet
facet normal 0.7571882443521911 -0.6531967258145485 0
outer loop
vertex 7207.46 12318.41 199.94
vertex 7468.76 12621.310000000001 199.94
vertex 7468.76 12621.310000000001 599.95
endloop
endfacet
facet normal 0.7571882443521911 -0.6531967258145485 0
outer loop
vertex 7207.46 12318.41 199.94
vertex 7468.76 12621.310000000001 599.95
vertex 7207.46 12318.41 599.95
endloop
endfacet
facet normal 0.6556866554462508 0.755033118392637 0
outer loop
vertex 6968.52 11996.27 599.95
vertex 6968.52 11996.27 199.94
vertex 6953.7 12009.140000000001 199.94
endloop
endfacet
facet normal 0.6556866554462508 0.755033118392637 0
outer loop
vertex 6968.52 11996.27 599.95
vertex 6953.7 12009.140000000001 199.94
vertex 6953.7 12009.140000000001 599.95
endloop
endfacet
facet normal 0.5743481434918211 0.8186111470457136 0
outer loop
vertex 6938.2300000000005 12021.23 599.95
vertex 6938.2300000000005 12021.23 199.94
vertex 6922.110000000001 12032.54 199.94
endloop
endfacet
facet normal 0.5743481434918211 0.8186111470457136 0
outer loop
vertex 6938.2300000000005 12021.23 599.95
vertex 6922.110000000001 12032.54 199.94
vertex 6922.110000000001 12032.54 599.95
endloop
endfacet
facet normal 0.817471998551932 -0.5759683425185018 0
outer loop
vertex 7144.41 12365.210000000001 199.94
vertex 7374.77 12692.16 199.94
vertex 7374.77 12692.16 599.95
endloop
endfacet
facet normal 0.817471998551932 -0.5759683425185018 0
outer loop
vertex 7144.41 12365.210000000001 199.94
vertex 7374.77 12692.16 599.95
vertex 7144.41 12365.210000000001 599.95
endloop
endfacet
facet normal 0.914199779290105 -0.4052638196853049 0
outer loop
vertex 7006.09 12439.050000000001 199.94
vertex 7168.2 12804.74 199.94
vertex 7168.2 12804.74 599.95
endloop
endfacet
facet normal 0.914199779290105 -0.4052638196853049 0
outer loop
vertex 7006.09 12439.050000000001 199.94
vertex 7168.2 12804.74 599.95
vertex 7006.09 12439.050000000001 599.95
endloop
endfacet
facet normal 0.4042928005421019 0.9146296143411411 0
outer loop
vertex 6871.02 12061.53 599.95
vertex 6871.02 12061.53 199.94
vertex 6853.08 12069.460000000001 199.94
endloop
endfacet
facet normal 0.4042928005421019 0.9146296143411411 0
outer loop
vertex 6871.02 12061.53 599.95
vertex 6853.08 12069.460000000001 199.94
vertex 6853.08 12069.460000000001 599.95
endloop
endfacet
facet normal 0.6870113824043678 0.726646654466144 0
outer loop
vertex 6968.52 11996.27 599.95
vertex 6982.820000000001 11982.75 599.95
vertex 6982.820000000001 11982.75 199.94
endloop
endfacet
facet normal 0.6870113824043678 0.726646654466144 0
outer loop
vertex 6968.52 11996.27 599.95
vertex 6982.820000000001 11982.75 199.94
vertex 6968.52 11996.27 199.94
endloop
endfacet
facet normal -0.7242770079813892 0.6895091121294386 0
outer loop
vertex 7265.7 12265.630000000001 599.95
vertex 7541.56 12555.4 599.95
vertex 7541.56 12555.4 199.94
endloop
endfacet
facet normal -0.7242770079813892 0.6895091121294386 0
outer loop
vertex 7265.7 12265.630000000001 599.95
vertex 7541.56 12555.4 199.94
vertex 7265.7 12265.630000000001 199.94
endloop
endfacet
facet normal -0.7234305345269344 -0.6903971767859961 0
outer loop
vertex 7582.51 12513.02 199.94
vertex 7582.51 12513.02 599.95
vertex 7555.34 12541.49 599.95
endloop
endfacet
facet normal -0.7234305345269344 -0.6903971767859961 0
outer loop
vertex 7582.51 12513.02 199.94
vertex 7555.34 12541.49 599.95
vertex 7555.34 12541.49 199.94
endloop
endfacet
facet normal -0.6893386020773273 0.7244392946866396 0
outer loop
vertex 7292.740000000001 12237.29 599.95
vertex 7582.51 12513.02 599.95
vertex 7582.51 12513.02 199.94
endloop
endfacet
facet normal -0.6893386020773273 0.7244392946866396 0
outer loop
vertex 7292.740000000001 12237.29 599.95
vertex 7582.51 12513.02 199.94
vertex 7292.740000000001 12237.29 199.94
endloop
endfacet
facet normal -0.7566737427255678 -0.65379266367074 0
outer loop
vertex 7621.25 12468.82 199.94
vertex 7621.25 12468.82 599.95
vertex 7595.64 12498.460000000001 599.95
endloop
endfacet
facet normal -0.7566737427255678 -0.65379266367074 0
outer loop
vertex 7621.25 12468.82 199.94
vertex 7595.64 12498.460000000001 599.95
vertex 7595.64 12498.460000000001 199.94
endloop
endfacet
facet normal 0.6530103481120694 -0.7573489851175308 0
outer loop
vertex 7292.740000000001 12237.29 199.94
vertex 7595.64 12498.460000000001 199.94
vertex 7595.64 12498.460000000001 599.95
endloop
endfacet
facet normal 0.6530103481120694 -0.7573489851175308 0
outer loop
vertex 7292.740000000001 12237.29 199.94
vertex 7595.64 12498.460000000001 599.95
vertex 7292.740000000001 12237.29 599.95
endloop
endfacet
facet normal -0.6531967258145494 0.7571882443521902 0
outer loop
vertex 7318.35 12207.52 599.95
vertex 7621.25 12468.82 599.95
vertex 7621.25 12468.82 199.94
endloop
endfacet
facet normal -0.6531967258145494 0.7571882443521902 0
outer loop
vertex 7318.35 12207.52 599.95
vertex 7621.25 12468.82 199.94
vertex 7318.35 12207.52 199.94
endloop
endfacet
facet normal 0.761122212112173 0.648608493799975 0
outer loop
vertex 6996.34 11968.58 599.95
vertex 7009.08 11953.630000000001 599.95
vertex 7009.08 11953.630000000001 199.94
endloop
endfacet
facet normal 0.761122212112173 0.648608493799975 0
outer loop
vertex 6996.34 11968.58 599.95
vertex 7009.08 11953.630000000001 199.94
vertex 6996.34 11968.58 199.94
endloop
endfacet
facet normal -0.7879239810491485 -0.6157725230047708 0
outer loop
vertex 7657.91 12422.67 199.94
vertex 7657.91 12422.67 599.95
vertex 7633.7300000000005 12453.61 599.95
endloop
endfacet
facet normal -0.7879239810491485 -0.6157725230047708 0
outer loop
vertex 7657.91 12422.67 199.94
vertex 7633.7300000000005 12453.61 599.95
vertex 7633.7300000000005 12453.61 199.94
endloop
endfacet
facet normal -0.6151772631353233 0.7883888221691968 0
outer loop
vertex 7342.530000000001 12176.58 599.95
vertex 7657.91 12422.67 599.95
vertex 7657.91 12422.67 199.94
endloop
endfacet
facet normal -0.6151772631353233 0.7883888221691968 0
outer loop
vertex 7342.530000000001 12176.58 599.95
vertex 7657.91 12422.67 199.94
vertex 7342.530000000001 12176.58 199.94
endloop
endfacet
facet normal -0.8175178487254078 -0.5759032618551323 0
outer loop
vertex 7692.2300000000005 12374.83 199.94
vertex 7692.2300000000005 12374.83 599.95
vertex 7669.610000000001 12406.94 599.95
endloop
endfacet
facet normal -0.8175178487254078 -0.5759032618551323 0
outer loop
vertex 7692.2300000000005 12374.83 199.94
vertex 7669.610000000001 12406.94 599.95
vertex 7669.610000000001 12406.94 199.94
endloop
endfacet
facet normal 0.5758153325800597 -0.817579783731053 0
outer loop
vertex 7342.530000000001 12176.58 199.94
vertex 7669.610000000001 12406.94 199.94
vertex 7669.610000000001 12406.94 599.95
endloop
endfacet
facet normal 0.5758153325800597 -0.817579783731053 0
outer loop
vertex 7342.530000000001 12176.58 199.94
vertex 7669.610000000001 12406.94 599.95
vertex 7342.530000000001 12176.58 599.95
endloop
endfacet
facet normal 0.615177263135322 -0.7883888221691975 0
outer loop
vertex 7318.35 12207.52 199.94
vertex 7633.7300000000005 12453.61 199.94
vertex 7633.7300000000005 12453.61 599.95
endloop
endfacet
facet normal 0.615177263135322 -0.7883888221691975 0
outer loop
vertex 7318.35 12207.52 199.94
vertex 7633.7300000000005 12453.61 599.95
vertex 7318.35 12207.52 599.95
endloop
endfacet
facet normal 0.7879239810491548 0.6157725230047628 0
outer loop
vertex 7021.17 11938.16 599.95
vertex 7021.17 11938.16 199.94
vertex 7009.08 11953.630000000001 199.94
endloop
endfacet
facet normal 0.7879239810491548 0.6157725230047628 0
outer loop
vertex 7021.17 11938.16 599.95
vertex 7009.08 11953.630000000001 199.94
vertex 7009.08 11953.630000000001 599.95
endloop
endfacet
facet normal 0.8164156395068519 0.577464720626826 0
outer loop
vertex 7032.4800000000005 11922.17 599.95
vertex 7032.4800000000005 11922.17 199.94
vertex 7021.17 11938.16 199.94
endloop
endfacet
facet normal 0.8164156395068519 0.577464720626826 0
outer loop
vertex 7032.4800000000005 11922.17 599.95
vertex 7021.17 11938.16 199.94
vertex 7021.17 11938.16 599.95
endloop
endfacet
facet normal -0.5758153325800565 0.817579783731055 0
outer loop
vertex 7365.150000000001 12144.470000000001 599.95
vertex 7692.2300000000005 12374.83 599.95
vertex 7692.2300000000005 12374.83 199.94
endloop
endfacet
facet normal -0.5758153325800565 0.817579783731055 0
outer loop
vertex 7365.150000000001 12144.470000000001 599.95
vertex 7692.2300000000005 12374.83 199.94
vertex 7365.150000000001 12144.470000000001 199.94
endloop
endfacet
facet normal -0.8455676887187851 -0.5338682269949877 0
outer loop
vertex 7724.08 12325.300000000001 199.94
vertex 7724.08 12325.300000000001 599.95
vertex 7703.150000000001 12358.45 599.95
endloop
endfacet
facet normal -0.8455676887187851 -0.5338682269949877 0
outer loop
vertex 7724.08 12325.300000000001 199.94
vertex 7703.150000000001 12358.45 599.95
vertex 7703.150000000001 12358.45 199.94
endloop
endfacet
facet normal -0.5350443478395008 0.8448239732897044 0
outer loop
vertex 7386.21 12111.32 599.95
vertex 7724.08 12325.300000000001 599.95
vertex 7724.08 12325.300000000001 199.94
endloop
endfacet
facet normal -0.5350443478395008 0.8448239732897044 0
outer loop
vertex 7386.21 12111.32 599.95
vertex 7724.08 12325.300000000001 199.94
vertex 7386.21 12111.32 199.94
endloop
endfacet
facet normal -0.8692621640106002 -0.4943513833495444 0
outer loop
vertex 7753.59 12274.34 199.94
vertex 7753.59 12274.34 599.95
vertex 7734.22 12308.4 599.95
endloop
endfacet
facet normal -0.8692621640106002 -0.4943513833495444 0
outer loop
vertex 7753.59 12274.34 199.94
vertex 7734.22 12308.4 599.95
vertex 7734.22 12308.4 199.94
endloop
endfacet
facet normal 0.4927747126201354 -0.8701569298707807 0
outer loop
vertex 7386.21 12111.32 199.94
vertex 7734.22 12308.4 199.94
vertex 7734.22 12308.4 599.95
endloop
endfacet
facet normal 0.4927747126201354 -0.8701569298707807 0
outer loop
vertex 7386.21 12111.32 199.94
vertex 7734.22 12308.4 599.95
vertex 7386.21 12111.32 599.95
endloop
endfacet
facet normal -0.49302077205686834 0.8700175390878333 0
outer loop
vertex 7405.58 12077.130000000001 599.95
vertex 7753.59 12274.34 599.95
vertex 7753.59 12274.34 199.94
endloop
endfacet
facet normal -0.49302077205686834 0.8700175390878333 0
outer loop
vertex 7405.58 12077.130000000001 599.95
vertex 7753.59 12274.34 199.94
vertex 7405.58 12077.130000000001 199.94
endloop
endfacet
facet normal 0.8706865991569605 0.49183823158482337 0
outer loop
vertex 7043.01 11905.53 599.95
vertex 7052.63 11888.5 599.95
vertex 7052.63 11888.5 199.94
endloop
endfacet
facet normal 0.8706865991569605 0.49183823158482337 0
outer loop
vertex 7043.01 11905.53 599.95
vertex 7052.63 11888.5 199.94
vertex 7043.01 11905.53 199.94
endloop
endfacet
facet normal -0.8924277858029755 -0.4511902560193409 0
outer loop
vertex 7780.5 12221.95 199.94
vertex 7780.5 12221.95 599.95
vertex 7762.820000000001 12256.92 599.95
endloop
endfacet
facet normal -0.8924277858029755 -0.4511902560193409 0
outer loop
vertex 7780.5 12221.95 199.94
vertex 7762.820000000001 12256.92 599.95
vertex 7762.820000000001 12256.92 199.94
endloop
endfacet
facet normal -0.4496812389878324 0.8931891083652822 0
outer loop
vertex 7423.13 12042.03 599.95
vertex 7780.5 12221.95 599.95
vertex 7780.5 12221.95 199.94
endloop
endfacet
facet normal -0.4496812389878324 0.8931891083652822 0
outer loop
vertex 7423.13 12042.03 599.95
vertex 7780.5 12221.95 199.94
vertex 7423.13 12042.03 199.94
endloop
endfacet
facet normal -0.9134016707474377 -0.40705944022438445 0
outer loop
vertex 7804.81 12168.26 199.94
vertex 7804.81 12168.26 599.95
vertex 7788.820000000001 12204.140000000001 599.95
endloop
endfacet
facet normal -0.9134016707474377 -0.40705944022438445 0
outer loop
vertex 7804.81 12168.26 199.94
vertex 7788.820000000001 12204.140000000001 599.95
vertex 7788.820000000001 12204.140000000001 199.94
endloop
endfacet
facet normal 0.40526381968530506 -0.9141997792901049 0
outer loop
vertex 7423.13 12042.03 199.94
vertex 7788.820000000001 12204.140000000001 199.94
vertex 7788.820000000001 12204.140000000001 599.95
endloop
endfacet
facet normal 0.40526381968530506 -0.9141997792901049 0
outer loop
vertex 7423.13 12042.03 199.94
vertex 7788.820000000001 12204.140000000001 599.95
vertex 7423.13 12042.03 599.95
endloop
endfacet
facet normal 0.4495524677960612 -0.8932539273344794 0
outer loop
vertex 7405.58 12077.130000000001 199.94
vertex 7762.820000000001 12256.92 199.94
vertex 7762.820000000001 12256.92 599.95
endloop
endfacet
facet normal 0.4495524677960612 -0.8932539273344794 0
outer loop
vertex 7405.58 12077.130000000001 199.94
vertex 7762.820000000001 12256.92 599.95
vertex 7405.58 12077.130000000001 599.95
endloop
endfacet
facet normal 0.8931001651220968 0.4498578609504155 0
outer loop
vertex 7061.47 11870.95 599.95
vertex 7061.47 11870.95 199.94
vertex 7052.63 11888.5 199.94
endloop
endfacet
facet normal 0.8931001651220968 0.4498578609504155 0
outer loop
vertex 7061.47 11870.95 599.95
vertex 7052.63 11888.5 199.94
vertex 7052.63 11888.5 599.95
endloop
endfacet
facet normal 0.845017958240768 0.5347379266992417 0
outer loop
vertex 7043.01 11905.53 599.95
vertex 7043.01 11905.53 199.94
vertex 7032.4800000000005 11922.17 199.94
endloop
endfacet
facet normal 0.845017958240768 0.5347379266992417 0
outer loop
vertex 7043.01 11905.53 599.95
vertex 7032.4800000000005 11922.17 199.94
vertex 7032.4800000000005 11922.17 599.95
endloop
endfacet
facet normal 0.5348974482385993 -0.8449169899273153 0
outer loop
vertex 7365.150000000001 12144.470000000001 199.94
vertex 7703.150000000001 12358.45 199.94
vertex 7703.150000000001 12358.45 599.95
endloop
endfacet
facet normal 0.5348974482385993 -0.8449169899273153 0
outer loop
vertex 7365.150000000001 12144.470000000001 199.94
vertex 7703.150000000001 12358.45 599.95
vertex 7365.150000000001 12144.470000000001 599.95
endloop
endfacet
facet normal -0.40526381968530506 0.9141997792901049 0
outer loop
vertex 7439.12 12006.15 599.95
vertex 7804.81 12168.26 599.95
vertex 7804.81 12168.26 199.94
endloop
endfacet
facet normal -0.40526381968530506 0.9141997792901049 0
outer loop
vertex 7439.12 12006.15 599.95
vertex 7804.81 12168.26 199.94
vertex 7439.12 12006.15 199.94
endloop
endfacet
facet normal 0.9146296143411411 0.4042928005421019 0
outer loop
vertex 7061.47 11870.95 599.95
vertex 7069.400000000001 11853.01 599.95
vertex 7069.400000000001 11853.01 199.94
endloop
endfacet
facet normal 0.9146296143411411 0.4042928005421019 0
outer loop
vertex 7061.47 11870.95 599.95
vertex 7069.400000000001 11853.01 199.94
vertex 7061.47 11870.95 199.94
endloop
endfacet
facet normal -0.9334311935560398 -0.3587564729681503 0
outer loop
vertex 7826.39 12113.53 199.94
vertex 7826.39 12113.53 599.95
vertex 7812.35 12150.060000000001 599.95
endloop
endfacet
facet normal -0.9334311935560398 -0.3587564729681503 0
outer loop
vertex 7826.39 12113.53 199.94
vertex 7812.35 12150.060000000001 599.95
vertex 7812.35 12150.060000000001 199.94
endloop
endfacet
facet normal -0.3601550048216862 0.9328924763882981 0
outer loop
vertex 7453.29 11969.49 599.95
vertex 7826.39 12113.53 599.95
vertex 7826.39 12113.53 199.94
endloop
endfacet
facet normal -0.3601550048216862 0.9328924763882981 0
outer loop
vertex 7453.29 11969.49 599.95
vertex 7826.39 12113.53 199.94
vertex 7453.29 11969.49 199.94
endloop
endfacet
facet normal -0.9490145990548527 -0.3152321220636584 0
outer loop
vertex 7845.37 12057.76 199.94
vertex 7845.37 12057.76 599.95
vertex 7833.02 12094.94 599.95
endloop
endfacet
facet normal -0.9490145990548527 -0.3152321220636584 0
outer loop
vertex 7845.37 12057.76 199.94
vertex 7833.02 12094.94 599.95
vertex 7833.02 12094.94 199.94
endloop
endfacet
facet normal 0.3136911022680897 -0.9495250877980165 0
outer loop
vertex 7453.29 11969.49 199.94
vertex 7833.02 12094.94 199.94
vertex 7833.02 12094.94 599.95
endloop
endfacet
facet normal 0.3136911022680897 -0.9495250877980165 0
outer loop
vertex 7453.29 11969.49 199.94
vertex 7833.02 12094.94 599.95
vertex 7453.29 11969.49 599.95
endloop
endfacet
facet normal -0.31388727197296923 0.9494602574586085 0
outer loop
vertex 7465.51 11932.18 599.95
vertex 7845.37 12057.76 599.95
vertex 7845.37 12057.76 199.94
endloop
endfacet
facet normal -0.31388727197296923 0.9494602574586085 0
outer loop
vertex 7465.51 11932.18 599.95
vertex 7845.37 12057.76 199.94
vertex 7465.51 11932.18 199.94
endloop
endfacet
facet normal 0.9500036004410324 0.31223894559948095 0
outer loop
vertex 7076.55 11834.68 599.95
vertex 7082.66 11816.09 599.95
vertex 7082.66 11816.09 199.94
endloop
endfacet
facet normal 0.9500036004410324 0.31223894559948095 0
outer loop
vertex 7076.55 11834.68 599.95
vertex 7082.66 11816.09 199.94
vertex 7076.55 11834.68 199.94
endloop
endfacet
facet normal -0.9642265683609409 -0.2650794689652215 0
outer loop
vertex 7861.490000000001 12001.08 199.94
vertex 7861.490000000001 12001.08 599.95
vertex 7851.09 12038.91 599.95
endloop
endfacet
facet normal -0.9642265683609409 -0.2650794689652215 0
outer loop
vertex 7861.490000000001 12001.08 199.94
vertex 7851.09 12038.91 599.95
vertex 7851.09 12038.91 199.94
endloop
endfacet
facet normal -0.2668558608294266 0.9637364523255233 0
outer loop
vertex 7476.04 11894.35 599.95
vertex 7861.490000000001 12001.08 599.95
vertex 7861.490000000001 12001.08 199.94
endloop
endfacet
facet normal -0.2668558608294266 0.9637364523255233 0
outer loop
vertex 7476.04 11894.35 599.95
vertex 7861.490000000001 12001.08 199.94
vertex 7476.04 11894.35 199.94
endloop
endfacet
facet normal -0.9757162520935725 -0.21903834230671182 0
outer loop
vertex 7874.88 11943.75 199.94
vertex 7874.88 11943.75 599.95
vertex 7866.3 11981.970000000001 599.95
endloop
endfacet
facet normal -0.9757162520935725 -0.21903834230671182 0
outer loop
vertex 7874.88 11943.75 199.94
vertex 7866.3 11981.970000000001 599.95
vertex 7866.3 11981.970000000001 199.94
endloop
endfacet
facet normal 0.2190636015336177 -0.9757105813114462 0
outer loop
vertex 7476.04 11894.35 199.94
vertex 7866.3 11981.970000000001 199.94
vertex 7866.3 11981.970000000001 599.95
endloop
endfacet
facet normal 0.2190636015336177 -0.9757105813114462 0
outer loop
vertex 7476.04 11894.35 199.94
vertex 7866.3 11981.970000000001 599.95
vertex 7476.04 11894.35 599.95
endloop
endfacet
facet normal 0.2667722932524335 -0.9637595880471632 0
outer loop
vertex 7465.51 11932.18 199.94
vertex 7851.09 12038.91 199.94
vertex 7851.09 12038.91 599.95
endloop
endfacet
facet normal 0.2667722932524335 -0.9637595880471632 0
outer loop
vertex 7465.51 11932.18 199.94
vertex 7851.09 12038.91 599.95
vertex 7465.51 11932.18 599.95
endloop
endfacet
facet normal 0.9644582868368801 0.2642351470786403 0
outer loop
vertex 7087.860000000001 11797.11 599.95
vertex 7087.860000000001 11797.11 199.94
vertex 7082.66 11816.09 199.94
endloop
endfacet
facet normal 0.9644582868368801 0.2642351470786403 0
outer loop
vertex 7087.860000000001 11797.11 599.95
vertex 7082.66 11816.09 199.94
vertex 7082.66 11816.09 599.95
endloop
endfacet
facet normal 0.9757162520935725 0.21903834230671182 0
outer loop
vertex 7092.150000000001 11778 599.95
vertex 7092.150000000001 11778 199.94
vertex 7087.860000000001 11797.11 199.94
endloop
endfacet
facet normal 0.9757162520935725 0.21903834230671182 0
outer loop
vertex 7092.150000000001 11778 599.95
vertex 7087.860000000001 11797.11 199.94
vertex 7087.860000000001 11797.11 599.95
endloop
endfacet
facet normal -0.2190636015336134 0.9757105813114472 0
outer loop
vertex 7484.62 11856.130000000001 599.95
vertex 7874.88 11943.75 599.95
vertex 7874.88 11943.75 199.94
endloop
endfacet
facet normal -0.2190636015336134 0.9757105813114472 0
outer loop
vertex 7484.62 11856.130000000001 599.95
vertex 7874.88 11943.75 199.94
vertex 7484.62 11856.130000000001 199.94
endloop
endfacet
facet normal -0.9856694305119925 -0.1686883924701538 0
outer loop
vertex 7885.41 11885.77 199.94
vertex 7885.41 11885.77 599.95
vertex 7878.780000000001 11924.51 599.95
endloop
endfacet
facet normal -0.9856694305119925 -0.1686883924701538 0
outer loop
vertex 7885.41 11885.77 199.94
vertex 7878.780000000001 11924.51 599.95
vertex 7878.780000000001 11924.51 199.94
endloop
endfacet
facet normal -0.17098448607937444 0.9852737211151896 0
outer loop
vertex 7491.38 11817.390000000001 599.95
vertex 7885.41 11885.77 599.95
vertex 7885.41 11885.77 199.94
endloop
endfacet
facet normal -0.17098448607937444 0.9852737211151896 0
outer loop
vertex 7491.38 11817.390000000001 599.95
vertex 7885.41 11885.77 199.94
vertex 7491.38 11817.390000000001 199.94
endloop
endfacet
facet normal -0.9924801257500117 -0.12240588217582181 0
outer loop
vertex 7893.08 11827.4 199.94
vertex 7893.08 11827.4 599.95
vertex 7888.27 11866.4 599.95
endloop
endfacet
facet normal -0.9924801257500117 -0.12240588217582181 0
outer loop
vertex 7893.08 11827.4 199.94
vertex 7888.27 11866.4 599.95
vertex 7888.27 11866.4 199.94
endloop
endfacet
facet normal 0.12255424332288112 -0.9924618166174233 0
outer loop
vertex 7491.38 11817.390000000001 199.94
vertex 7888.27 11866.4 199.94
vertex 7888.27 11866.4 599.95
endloop
endfacet
facet normal 0.12255424332288112 -0.9924618166174233 0
outer loop
vertex 7491.38 11817.390000000001 199.94
vertex 7888.27 11866.4 599.95
vertex 7491.38 11817.390000000001 599.95
endloop
endfacet
facet normal -0.1225542433228814 0.9924618166174232 0
outer loop
vertex 7496.1900000000005 11778.390000000001 599.95
vertex 7893.08 11827.4 599.95
vertex 7893.08 11827.4 199.94
endloop
endfacet
facet normal -0.1225542433228814 0.9924618166174232 0
outer loop
vertex 7496.1900000000005 11778.390000000001 599.95
vertex 7893.08 11827.4 199.94
vertex 7496.1900000000005 11778.390000000001 199.94
endloop
endfacet
facet normal 0.9919675626861569 0.12649250799349804 0
outer loop
vertex 7095.530000000001 11758.630000000001 599.95
vertex 7098 11739.26 599.95
vertex 7098 11739.26 199.94
endloop
endfacet
facet normal 0.9919675626861569 0.12649250799349804 0
outer loop
vertex 7095.530000000001 11758.630000000001 599.95
vertex 7098 11739.26 199.94
vertex 7095.530000000001 11758.630000000001 199.94
endloop
endfacet
facet normal -0.9973571218546005 -0.07265515457218408 0
outer loop
vertex 7897.89 11768.640000000001 199.94
vertex 7897.89 11768.640000000001 599.95
vertex 7895.030000000001 11807.9 599.95
endloop
endfacet
facet normal -0.9973571218546005 -0.07265515457218408 0
outer loop
vertex 7897.89 11768.640000000001 199.94
vertex 7895.030000000001 11807.9 599.95
vertex 7895.030000000001 11807.9 199.94
endloop
endfacet
facet normal -0.07346457268418459 0.9972978274118168 0
outer loop
vertex 7499.05 11739.26 599.95
vertex 7897.89 11768.640000000001 599.95
vertex 7897.89 11768.640000000001 199.94
endloop
endfacet
facet normal -0.07346457268418459 0.9972978274118168 0
outer loop
vertex 7499.05 11739.26 599.95
vertex 7897.89 11768.640000000001 199.94
vertex 7499.05 11739.26 199.94
endloop
endfacet
facet normal -0.9997296931968459 -0.02324952774876062 0
outer loop
vertex 7899.84 11709.880000000001 199.94
vertex 7899.84 11709.880000000001 599.95
vertex 7898.93 11749.01 599.95
endloop
endfacet
facet normal -0.9997296931968459 -0.02324952774876062 0
outer loop
vertex 7899.84 11709.880000000001 199.94
vertex 7898.93 11749.01 599.95
vertex 7898.93 11749.01 199.94
endloop
endfacet
facet normal 0.024375070314562056 -0.9997028838345721 0
outer loop
vertex 7499.05 11739.26 199.94
vertex 7898.93 11749.01 199.94
vertex 7898.93 11749.01 599.95
endloop
endfacet
facet normal 0.024375070314562056 -0.9997028838345721 0
outer loop
vertex 7499.05 11739.26 199.94
vertex 7898.93 11749.01 599.95
vertex 7499.05 11739.26 599.95
endloop
endfacet
facet normal 0.07378787118002 -0.997273959384642 0
outer loop
vertex 7496.1900000000005 11778.390000000001 199.94
vertex 7895.030000000001 11807.9 199.94
vertex 7895.030000000001 11807.9 599.95
endloop
endfacet
facet normal 0.07378787118002 -0.997273959384642 0
outer loop
vertex 7496.1900000000005 11778.390000000001 199.94
vertex 7895.030000000001 11807.9 599.95
vertex 7496.1900000000005 11778.390000000001 599.95
endloop
endfacet
facet normal 0.9973571218545987 0.07265515457220706 0
outer loop
vertex 7099.43 11719.630000000001 599.95
vertex 7099.43 11719.630000000001 199.94
vertex 7098 11739.26 199.94
endloop
endfacet
facet normal 0.9973571218545987 0.07265515457220706 0
outer loop
vertex 7099.43 11719.630000000001 599.95
vertex 7098 11739.26 199.94
vertex 7098 11739.26 599.95
endloop
endfacet
facet normal 0.9851145471363123 0.1718991827217872 0
outer loop
vertex 7095.530000000001 11758.630000000001 599.95
vertex 7095.530000000001 11758.630000000001 199.94
vertex 7092.150000000001 11778 199.94
endloop
endfacet
facet normal 0.9851145471363123 0.1718991827217872 0
outer loop
vertex 7095.530000000001 11758.630000000001 599.95
vertex 7092.150000000001 11778 199.94
vertex 7092.150000000001 11778 599.95
endloop
endfacet
facet normal 0.17092974068478206 -0.9852832200689472 0
outer loop
vertex 7484.62 11856.130000000001 199.94
vertex 7878.780000000001 11924.51 199.94
vertex 7878.780000000001 11924.51 599.95
endloop
endfacet
facet normal 0.17092974068478206 -0.9852832200689472 0
outer loop
vertex 7484.62 11856.130000000001 199.94
vertex 7878.780000000001 11924.51 599.95
vertex 7484.62 11856.130000000001 599.95
endloop
endfacet
facet normal 0.35976294701892186 -0.93304374064256 0
outer loop
vertex 7439.12 12006.15 199.94
vertex 7812.35 12150.060000000001 199.94
vertex 7812.35 12150.060000000001 599.95
endloop
endfacet
facet normal 0.35976294701892186 -0.93304374064256 0
outer loop
vertex 7439.12 12006.15 199.94
vertex 7812.35 12150.060000000001 599.95
vertex 7439.12 12006.15 599.95
endloop
endfacet
facet normal 0.931632186750311 0.36340262603733836 0
outer loop
vertex 7076.55 11834.68 599.95
vertex 7076.55 11834.68 199.94
vertex 7069.400000000001 11853.01 199.94
endloop
endfacet
facet normal 0.931632186750311 0.36340262603733836 0
outer loop
vertex 7076.55 11834.68 599.95
vertex 7069.400000000001 11853.01 199.94
vertex 7069.400000000001 11853.01 599.95
endloop
endfacet
facet normal 0.7235062200047305 0.6903178612888894 0
outer loop
vertex 6982.820000000001 11982.75 599.95
vertex 6996.34 11968.58 599.95
vertex 6996.34 11968.58 199.94
endloop
endfacet
facet normal 0.7235062200047305 0.6903178612888894 0
outer loop
vertex 6982.820000000001 11982.75 599.95
vertex 6996.34 11968.58 199.94
vertex 6982.820000000001 11982.75 199.94
endloop
endfacet
facet normal 0.6896714034220333 -0.7241224725844951 0
outer loop
vertex 7265.7 12265.630000000001 199.94
vertex 7555.34 12541.49 199.94
vertex 7555.34 12541.49 599.95
endloop
endfacet
facet normal 0.6896714034220333 -0.7241224725844951 0
outer loop
vertex 7265.7 12265.630000000001 199.94
vertex 7555.34 12541.49 599.95
vertex 7265.7 12265.630000000001 599.95
endloop
endfacet
facet normal 0.9996949115658502 -0.02469987427796021 0
outer loop
vertex 6699.9400000000005 12500.02 199.94
vertex 6709.820000000001 12899.9 199.94
vertex 6709.820000000001 12899.9 599.95
endloop
endfacet
facet normal 0.9996949115658502 -0.02469987427796021 0
outer loop
vertex 6699.9400000000005 12500.02 199.94
vertex 6709.820000000001 12899.9 599.95
vertex 6699.9400000000005 12500.02 599.95
endloop
endfacet
facet normal 0.02658634363541646 0.9996465206922392 0
outer loop
vertex 6719.570000000001 12099.36 599.95
vertex 6719.570000000001 12099.36 199.94
vertex 6695.13 12100.01 199.94
endloop
endfacet
facet normal 0.02658634363541646 0.9996465206922392 0
outer loop
vertex 6719.570000000001 12099.36 599.95
vertex 6695.13 12100.01 199.94
vertex 6695.13 12100.01 599.95
endloop
endfacet
facet normal -1 0 0
outer loop
vertex 6699.9400000000005 12500.02 599.95
vertex 6699.9400000000005 12900.03 599.95
vertex 6699.9400000000005 12900.03 199.94
endloop
endfacet
facet normal -1 0 0
outer loop
vertex 6699.9400000000005 12500.02 599.95
vertex 6699.9400000000005 12900.03 199.94
vertex 6699.9400000000005 12500.02 199.94
endloop
endfacet
facet normal 0 1 0
outer loop
vertex 6695.13 12100.01 599.95
vertex 6695.13 12100.01 199.94
vertex 2500.03 12100.01 199.94
endloop
endfacet
facet normal 0 1 0
outer loop
vertex 6695.13 12100.01 599.95
vertex 2500.03 12100.01 199.94
vertex 2500.03 12100.01 599.95
endloop
endfacet
facet normal 0 1 0
outer loop
vertex 14499.94 12100.01 599.95
vertex 14499.94 12100.01 199.94
vertex 10400 12100.01 199.94
endloop
endfacet
facet normal 0 1 0
outer loop
vertex 14499.94 12100.01 599.95
vertex 10400 12100.01 199.94
vertex 10400 12100.01 599.95
endloop
endfacet
facet normal 0 1 0
outer loop
vertex 7899.97 7499.96 599.95
vertex 7899.97 7499.96 199.94
vertex 7099.95 7499.96 199.94
endloop
endfacet
facet normal 0 1 0
outer loop
vertex 7899.97 7499.96 599.95
vertex 7099.95 7499.96 199.94
vertex 7099.95 7499.96 599.95
endloop
endfacet
facet normal 0 1 0
outer loop
vertex 10400 7499.96 599.95
vertex 10400 7499.96 199.94
vertex 9599.98 7499.96 199.94
endloop
endfacet
facet normal 0 1 0
outer loop
vertex 10400 7499.96 599.95
vertex 9599.98 7499.96 199.94
vertex 9599.98 7499.96 599.95
endloop
endfacet
facet normal -1 0 0
outer loop
vertex 7899.97 10298.34 400.01
vertex 7899.97 11695.06 199.94
vertex 7899.97 7499.96 199.94
endloop
endfacet
facet normal -1 0 0
outer loop
vertex 7899.97 10298.34 400.01
vertex 7899.97 7499.96 199.94
vertex 7899.97 7499.96 599.95
endloop
endfacet
facet normal -1 0 0
outer loop
vertex 7899.97 10298.34 400.01
vertex 7899.97 7499.96 599.95
vertex 7899.97 11695.06 599.95
endloop
endfacet
facet normal -1 0 0
outer loop
vertex 7899.97 10298.34 400.01
vertex 7899.97 11695.06 599.95
vertex 7899.97 11700 599.95
endloop
endfacet
facet normal -1 0 0
outer loop
vertex 7899.97 10298.34 400.01
vertex 7899.97 11700 599.95
vertex 7899.97 11700 199.94
endloop
endfacet
facet normal -1 0 0
outer loop
vertex 7899.97 10298.34 400.01
vertex 7899.97 11700 199.94
vertex 7899.97 11695.06 199.94
endloop
endfacet
facet normal 0.9999999999999999 0 0
outer loop
vertex 7099.95 7499.96 599.95
vertex 7099.95 7499.96 199.94
vertex 7099.95 11695.06 199.94
endloop
endfacet
facet normal 0.9999999999999999 0 0
outer loop
vertex 7099.95 7499.96 599.95
vertex 7099.95 11695.06 199.94
vertex 7099.95 11695.06 599.95
endloop
endfacet
facet normal 0 -1 0
outer loop
vertex 7499.96 11700 199.94
vertex 7899.97 11700 199.94
vertex 7899.97 11700 599.95
endloop
endfacet
facet normal 0 -1 0
outer loop
vertex 7499.96 11700 199.94
vertex 7899.97 11700 599.95
vertex 7499.96 11700 599.95
endloop
endfacet
facet normal 0.9997761173117219 0.021159282906047627 0
outer loop
vertex 7099.43 11719.630000000001 599.95
vertex 7099.95 11695.06 599.95
vertex 7099.95 11695.06 199.94
endloop
endfacet
facet normal 0.9997761173117219 0.021159282906047627 0
outer loop
vertex 7099.43 11719.630000000001 599.95
vertex 7099.95 11695.06 199.94
vertex 7099.43 11719.630000000001 199.94
endloop
endfacet
facet normal -0.024699874277962428 0.9996949115658501 0
outer loop
vertex 7499.96 11700 599.95
vertex 7899.84 11709.880000000001 599.95
vertex 7899.84 11709.880000000001 199.94
endloop
endfacet
facet normal -0.024699874277962428 0.9996949115658501 0
outer loop
vertex 7499.96 11700 599.95
vertex 7899.84 11709.880000000001 199.94
vertex 7499.96 11700 199.94
endloop
endfacet
facet normal -1 0 0
outer loop
vertex 14499.94 12100.01 199.94
vertex 14499.94 12100.01 599.95
vertex 14499.94 12900.03 599.95
endloop
endfacet
facet normal -1 0 0
outer loop
vertex 14499.94 12100.01 199.94
vertex 14499.94 12900.03 599.95
vertex 14499.94 12900.03 199.94
endloop
endfacet
facet normal 0.049607720814519855 -0.9987687790652993 0
outer loop
vertex 9999.99 12900.03 199.94
vertex 9999.99 12900.03 599.95
vertex 9960.73 12898.08 599.95
endloop
endfacet
facet normal 0.049607720814519855 -0.9987687790652993 0
outer loop
vertex 9999.99 12900.03 199.94
vertex 9960.73 12898.08 599.95
vertex 9960.73 12898.08 199.94
endloop
endfacet
facet normal 0.1460673966801939 -0.9892746411523299 0
outer loop
vertex 9960.73 12898.08 199.94
vertex 9960.73 12898.08 599.95
vertex 9921.99 12892.36 599.95
endloop
endfacet
facet normal 0.1460673966801939 -0.9892746411523299 0
outer loop
vertex 9960.73 12898.08 199.94
vertex 9921.99 12892.36 599.95
vertex 9921.99 12892.36 199.94
endloop
endfacet
facet normal 0.24487073188796937 -0.9695557357185045 0
outer loop
vertex 9921.99 12892.36 199.94
vertex 9921.99 12892.36 599.95
vertex 9883.9 12882.74 599.95
endloop
endfacet
facet normal 0.24487073188796937 -0.9695557357185045 0
outer loop
vertex 9921.99 12892.36 199.94
vertex 9883.9 12882.74 599.95
vertex 9883.9 12882.74 199.94
endloop
endfacet
facet normal 0.33507511660258443 -0.9421914169815837 0
outer loop
vertex 9883.9 12882.74 199.94
vertex 9883.9 12882.74 599.95
vertex 9846.98 12869.61 599.95
endloop
endfacet
facet normal 0.33507511660258443 -0.9421914169815837 0
outer loop
vertex 9883.9 12882.74 199.94
vertex 9846.98 12869.61 599.95
vertex 9846.98 12869.61 199.94
endloop
endfacet
facet normal 0.42993358039234236 -0.9028605188239328 0
outer loop
vertex 9846.98 12869.61 199.94
vertex 9846.98 12869.61 599.95
vertex 9811.49 12852.710000000001 599.95
endloop
endfacet
facet normal 0.42993358039234236 -0.9028605188239328 0
outer loop
vertex 9846.98 12869.61 199.94
vertex 9811.49 12852.710000000001 599.95
vertex 9811.49 12852.710000000001 199.94
endloop
endfacet
facet normal 0.5135210000878441 -0.8580770259532535 0
outer loop
vertex 9811.49 12852.710000000001 199.94
vertex 9811.49 12852.710000000001 599.95
vertex 9777.82 12832.560000000001 599.95
endloop
endfacet
facet normal 0.5135210000878441 -0.8580770259532535 0
outer loop
vertex 9811.49 12852.710000000001 199.94
vertex 9777.82 12832.560000000001 599.95
vertex 9777.82 12832.560000000001 199.94
endloop
endfacet
facet normal 0.5952275506257596 -0.8035571933447293 0
outer loop
vertex 9777.82 12832.560000000001 199.94
vertex 9777.82 12832.560000000001 599.95
vertex 9746.23 12809.16 599.95
endloop
endfacet
facet normal 0.5952275506257596 -0.8035571933447293 0
outer loop
vertex 9777.82 12832.560000000001 199.94
vertex 9746.23 12809.16 599.95
vertex 9746.23 12809.16 199.94
endloop
endfacet
facet normal 0.6696970767025023 -0.7426343820859109 0
outer loop
vertex 9746.23 12809.16 199.94
vertex 9746.23 12809.16 599.95
vertex 9717.11 12782.9 599.95
endloop
endfacet
facet normal 0.6696970767025023 -0.7426343820859109 0
outer loop
vertex 9746.23 12809.16 199.94
vertex 9717.11 12782.9 599.95
vertex 9717.11 12782.9 199.94
endloop
endfacet
facet normal 0.7426343820859109 -0.6696970767025023 0
outer loop
vertex 9717.11 12782.9 199.94
vertex 9717.11 12782.9 599.95
vertex 9690.85 12753.78 599.95
endloop
endfacet
facet normal 0.7426343820859109 -0.6696970767025023 0
outer loop
vertex 9717.11 12782.9 199.94
vertex 9690.85 12753.78 599.95
vertex 9690.85 12753.78 199.94
endloop
endfacet
facet normal 0.8035571933447515 -0.5952275506257299 0
outer loop
vertex 9690.85 12753.78 199.94
vertex 9690.85 12753.78 599.95
vertex 9667.45 12722.19 599.95
endloop
endfacet
facet normal 0.8035571933447515 -0.5952275506257299 0
outer loop
vertex 9690.85 12753.78 199.94
vertex 9667.45 12722.19 599.95
vertex 9667.45 12722.19 199.94
endloop
endfacet
facet normal 0.8566161964161093 -0.5159541569147378 0
outer loop
vertex 9667.45 12722.19 199.94
vertex 9667.45 12722.19 599.95
vertex 9647.17 12688.52 599.95
endloop
endfacet
facet normal 0.8566161964161093 -0.5159541569147378 0
outer loop
vertex 9667.45 12722.19 199.94
vertex 9647.17 12688.52 599.95
vertex 9647.17 12688.52 199.94
endloop
endfacet
facet normal 0.9041420535027294 -0.4272319593474573 0
outer loop
vertex 9647.17 12688.52 199.94
vertex 9647.17 12688.52 599.95
vertex 9630.4 12653.03 599.95
endloop
endfacet
facet normal 0.9041420535027294 -0.4272319593474573 0
outer loop
vertex 9647.17 12688.52 199.94
vertex 9630.4 12653.03 599.95
vertex 9630.4 12653.03 199.94
endloop
endfacet
facet normal 0.9421914169815837 -0.33507511660258443 0
outer loop
vertex 9630.4 12653.03 199.94
vertex 9630.4 12653.03 599.95
vertex 9617.27 12616.11 599.95
endloop
endfacet
facet normal 0.9421914169815837 -0.33507511660258443 0
outer loop
vertex 9630.4 12653.03 199.94
vertex 9617.27 12616.11 599.95
vertex 9617.27 12616.11 199.94
endloop
endfacet
facet normal 0.9695557357185045 -0.24487073188796937 0
outer loop
vertex 9617.27 12616.11 199.94
vertex 9617.27 12616.11 599.95
vertex 9607.65 12578.02 599.95
endloop
endfacet
facet normal 0.9695557357185045 -0.24487073188796937 0
outer loop
vertex 9617.27 12616.11 199.94
vertex 9607.65 12578.02 599.95
vertex 9607.65 12578.02 199.94
endloop
endfacet
facet normal 0.9893451221143958 -0.14558924873922255 0
outer loop
vertex 9607.65 12578.02 199.94
vertex 9607.65 12578.02 599.95
vertex 9601.93 12539.15 599.95
endloop
endfacet
facet normal 0.9893451221143958 -0.14558924873922255 0
outer loop
vertex 9607.65 12578.02 199.94
vertex 9601.93 12539.15 599.95
vertex 9601.93 12539.15 199.94
endloop
endfacet
facet normal 0.9987605998338648 -0.04977212291532847 0
outer loop
vertex 9601.93 12539.15 199.94
vertex 9601.93 12539.15 599.95
vertex 9599.98 12500.02 599.95
endloop
endfacet
facet normal 0.9987605998338648 -0.04977212291532847 0
outer loop
vertex 9601.93 12539.15 199.94
vertex 9599.98 12500.02 599.95
vertex 9599.98 12500.02 199.94
endloop
endfacet
facet normal 1 0 0
outer loop
vertex 9599.98 10700.04 400.01
vertex 9599.98 12500.02 599.95
vertex 9599.98 12100.01 599.95
endloop
endfacet
facet normal 1 0 0
outer loop
vertex 9599.98 10700.04 400.01
vertex 9599.98 12100.01 599.95
vertex 9599.98 7499.96 599.95
endloop
endfacet
facet normal 0.9999999999999999 0 0
outer loop
vertex 9599.98 10700.04 400.01
vertex 9599.98 7499.96 599.95
vertex 9599.98 7499.96 199.94
endloop
endfacet
facet normal 0.9999999999999999 0 0
outer loop
vertex 9599.98 10700.04 400.01
vertex 9599.98 7499.96 199.94
vertex 9599.98 12100.01 199.94
endloop
endfacet
facet normal 1 0 0
outer loop
vertex 9599.98 10700.04 400.01
vertex 9599.98 12100.01 199.94
vertex 9599.98 12500.02 199.94
endloop
endfacet
facet normal 1 0 0
outer loop
vertex 9599.98 10700.04 400.01
vertex 9599.98 12500.02 199.94
vertex 9599.98 12500.02 599.95
endloop
endfacet
facet normal -0.9999999999999999 0 0
outer loop
vertex 10400 12100.01 599.95
vertex 10400 12100.01 199.94
vertex 10400 7499.96 199.94
endloop
endfacet
facet normal -0.9999999999999999 0 0
outer loop
vertex 10400 12100.01 599.95
vertex 10400 7499.96 199.94
vertex 10400 7499.96 599.95
endloop
endfacet
endsolid JSCAD
