solid JSCAD
facet normal 0.7071067811865503 -0.7071067811865447 0
outer loop
vertex 2469.7400000000002 12469.73 422.11
vertex 2641.4700000000003 12641.460000000001 199.94
vertex 2641.4700000000003 12641.460000000001 403.39
endloop
endfacet
facet normal 0.7071067811865505 -0.7071067811865447 0
outer loop
vertex 2469.7400000000002 12469.73 422.11
vertex 2641.4700000000003 12641.460000000001 403.39
vertex 2641.4700000000003 12641.460000000001 405.34000000000003
endloop
endfacet
facet normal 0.7071067811865502 -0.7071067811865447 0
outer loop
vertex 2469.7400000000002 12469.73 422.11
vertex 2641.4700000000003 12641.460000000001 405.34000000000003
vertex 2641.4700000000003 12641.460000000001 407.03000000000003
endloop
endfacet
facet normal 0.7071067811865503 -0.7071067811865447 0
outer loop
vertex 2469.7400000000002 12469.73 422.11
vertex 2641.4700000000003 12641.460000000001 407.03000000000003
vertex 2641.4700000000003 12641.460000000001 425.75
endloop
endfacet
facet normal 0.7071067811865502 -0.7071067811865447 0
outer loop
vertex 2469.7400000000002 12469.73 422.11
vertex 2641.4700000000003 12641.460000000001 425.75
vertex 2641.4700000000003 12641.460000000001 429.91
endloop
endfacet
facet normal 0.7071067811865503 -0.7071067811865447 0
outer loop
vertex 2469.7400000000002 12469.73 422.11
vertex 2641.4700000000003 12641.460000000001 429.91
vertex 2641.4700000000003 12641.460000000001 441.35
endloop
endfacet
facet normal 0.7071067811865503 -0.7071067811865448 0
outer loop
vertex 2469.7400000000002 12469.73 422.11
vertex 2641.4700000000003 12641.460000000001 441.35
vertex 2641.4700000000003 12641.460000000001 444.08000000000004
endloop
endfacet
facet normal 0.7071067811865505 -0.7071067811865448 0
outer loop
vertex 2469.7400000000002 12469.73 422.11
vertex 2641.4700000000003 12641.460000000001 444.08000000000004
vertex 2641.4700000000003 12641.460000000001 450.71000000000004
endloop
endfacet
facet normal 0.70710678118655 -0.7071067811865449 0
outer loop
vertex 2469.7400000000002 12469.73 422.11
vertex 2641.4700000000003 12641.460000000001 450.71000000000004
vertex 2641.4700000000003 12641.460000000001 452.92
endloop
endfacet
facet normal 0.7071067811865503 -0.7071067811865447 0
outer loop
vertex 2469.7400000000002 12469.73 422.11
vertex 2641.4700000000003 12641.460000000001 452.92
vertex 2641.4700000000003 12641.460000000001 599.95
endloop
endfacet
facet normal 0.7071067811865487 -0.7071067811865464 3.221469495897969e-15
outer loop
vertex 2469.7400000000002 12469.73 422.11
vertex 2641.4700000000003 12641.460000000001 599.95
vertex 2358.59 12358.58 599.95
endloop
endfacet
facet normal 0.707106781186546 -0.7071067811865489 0
outer loop
vertex 2469.7400000000002 12469.73 422.11
vertex 2358.59 12358.58 599.95
vertex 2358.59 12358.58 453.44
endloop
endfacet
facet normal 0.7071067811865458 -0.7071067811865491 0
outer loop
vertex 2469.7400000000002 12469.73 422.11
vertex 2358.59 12358.58 453.44
vertex 2358.59 12358.58 447.33000000000004
endloop
endfacet
facet normal 0.7071067811865461 -0.7071067811865489 0
outer loop
vertex 2469.7400000000002 12469.73 422.11
vertex 2358.59 12358.58 447.33000000000004
vertex 2358.59 12358.58 436.15000000000003
endloop
endfacet
facet normal 0.7071067811865457 -0.7071067811865493 0
outer loop
vertex 2469.7400000000002 12469.73 422.11
vertex 2358.59 12358.58 436.15000000000003
vertex 2358.59 12358.58 435.76
endloop
endfacet
facet normal 0.7071067811865461 -0.7071067811865489 0
outer loop
vertex 2469.7400000000002 12469.73 422.11
vertex 2358.59 12358.58 435.76
vertex 2358.59 12358.58 431.08000000000004
endloop
endfacet
facet normal 0.7071067811865461 -0.7071067811865489 0
outer loop
vertex 2469.7400000000002 12469.73 422.11
vertex 2358.59 12358.58 431.08000000000004
vertex 2358.59 12358.58 430.56
endloop
endfacet
facet normal 0.7071067811865461 -0.707106781186549 0
outer loop
vertex 2469.7400000000002 12469.73 422.11
vertex 2358.59 12358.58 430.56
vertex 2358.59 12358.58 421.98
endloop
endfacet
facet normal 0.707106781186546 -0.7071067811865489 0
outer loop
vertex 2469.7400000000002 12469.73 422.11
vertex 2358.59 12358.58 421.98
vertex 2358.59 12358.58 421.33000000000004
endloop
endfacet
facet normal 0.7071067811865461 -0.707106781186549 0
outer loop
vertex 2469.7400000000002 12469.73 422.11
vertex 2358.59 12358.58 421.33000000000004
vertex 2358.59 12358.58 418.08000000000004
endloop
endfacet
facet normal 0.7071067811865461 -0.7071067811865489 0
outer loop
vertex 2469.7400000000002 12469.73 422.11
vertex 2358.59 12358.58 418.08000000000004
vertex 2358.59 12358.58 417.3
endloop
endfacet
facet normal 0.7071067811865461 -0.7071067811865491 0
outer loop
vertex 2469.7400000000002 12469.73 422.11
vertex 2358.59 12358.58 417.3
vertex 2358.59 12358.58 414.44
endloop
endfacet
facet normal 0.707106781186546 -0.707106781186549 0
outer loop
vertex 2469.7400000000002 12469.73 422.11
vertex 2358.59 12358.58 414.44
vertex 2358.59 12358.58 411.32
endloop
endfacet
facet normal 0.7071067811865467 -0.7071067811865486 0
outer loop
vertex 2469.7400000000002 12469.73 422.11
vertex 2358.59 12358.58 411.32
vertex 2358.59 12358.58 410.54
endloop
endfacet
facet normal 0.707106781186546 -0.7071067811865491 0
outer loop
vertex 2469.7400000000002 12469.73 422.11
vertex 2358.59 12358.58 410.54
vertex 2358.59 12358.58 407.68
endloop
endfacet
facet normal 0.7071067811865464 -0.7071067811865487 0
outer loop
vertex 2469.7400000000002 12469.73 422.11
vertex 2358.59 12358.58 407.68
vertex 2358.59 12358.58 403.39
endloop
endfacet
facet normal 0.707106781186546 -0.707106781186549 0
outer loop
vertex 2469.7400000000002 12469.73 422.11
vertex 2358.59 12358.58 403.39
vertex 2358.59 12358.58 199.94
endloop
endfacet
facet normal 0.7071067811865487 -0.7071067811865464 -2.57868359882295e-15
outer loop
vertex 2469.7400000000002 12469.73 422.11
vertex 2358.59 12358.58 199.94
vertex 2641.4700000000003 12641.460000000001 199.94
endloop
endfacet
facet normal 0.7071067811865407 0.7071067811865543 5.563727948134437e-15
outer loop
vertex 5134.4800000000005 9582.69 1233.7
vertex 5072.08 9645.09 1196
vertex 5099.25 9617.92 1262.43
endloop
endfacet
facet normal 0.7073319025934421 0.7068813727191784 -0.0005517936129119827
outer loop
vertex 4737.46 9979.58 1137.5
vertex 4533.49 10183.68 1137.5
vertex 4686.5 10030.67 1262.43
endloop
endfacet
facet normal 0.7071067811865475 0.7071067811865475 0
outer loop
vertex 4765.93 9951.24 1135.94
vertex 5020.34 9696.83 1137.5
vertex 5007.34 9709.83 1136.2
endloop
endfacet
facet normal 0.7071067811865474 0.7071067811865477 3.584932798290871e-13
outer loop
vertex 4765.93 9951.24 1135.94
vertex 5007.34 9709.83 1136.2
vertex 4738.89 9978.28 1134.1200000000001
endloop
endfacet
facet normal 0.707106781186546 0.707106781186549 3.9793982151548215e-13
outer loop
vertex 4765.93 9951.24 1135.94
vertex 4738.89 9978.28 1134.1200000000001
vertex 4529.33 10187.84 1134.1200000000001
endloop
endfacet
facet normal 0.7071067811865476 0.7071067811865476 0
outer loop
vertex 4765.93 9951.24 1135.94
vertex 4529.33 10187.84 1134.1200000000001
vertex 4533.49 10183.68 1137.5
endloop
endfacet
facet normal 0.7071067811865476 0.7071067811865476 0
outer loop
vertex 4765.93 9951.24 1135.94
vertex 4533.49 10183.68 1137.5
vertex 5020.34 9696.83 1137.5
endloop
endfacet
facet normal 0.7071067811865459 0.7071067811865489 -1.1914713330541525e-15
outer loop
vertex 4738.89 9978.28 1134.1200000000001
vertex 4740.06 9977.11 1131.13
vertex 4525.6900000000005 10191.48 1131.13
endloop
endfacet
facet normal 0.707106781186546 0.707106781186549 8.210991158756872e-15
outer loop
vertex 4738.89 9978.28 1134.1200000000001
vertex 4525.6900000000005 10191.48 1131.13
vertex 4529.33 10187.84 1134.1200000000001
endloop
endfacet
facet normal 0.7071067811865489 0.7071067811865462 -2.467936929762714e-13
outer loop
vertex 4982.51 9734.66 1131.13
vertex 4740.06 9977.11 1131.13
vertex 4993.95 9723.220000000001 1133.8600000000001
endloop
endfacet
facet normal 0.7071067811865488 0.7071067811865461 -4.723572985839149e-12
outer loop
vertex 4750.85 9966.32 1131
vertex 4740.06 9977.11 1131.13
vertex 4982.51 9734.66 1131.13
endloop
endfacet
facet normal 0.6882131054902814 0.6880840332649454 -0.2300067055484878
outer loop
vertex 4750.85 9966.32 1131
vertex 4982.51 9734.66 1131.13
vertex 4980.56 9736.48 1130.74
endloop
endfacet
facet normal 0.6965989546761782 0.696400153604638 -0.17255933009690477
outer loop
vertex 4750.85 9966.32 1131
vertex 4980.56 9736.48 1130.74
vertex 4525.17 10192 1130.74
endloop
endfacet
facet normal 0.7071067811865475 0.7071067811865475 0
outer loop
vertex 4750.85 9966.32 1131
vertex 4525.17 10192 1130.74
vertex 4525.6900000000005 10191.48 1131.13
endloop
endfacet
facet normal 0.7071067811865461 0.7071067811865491 -5.192306651410596e-12
outer loop
vertex 4750.85 9966.32 1131
vertex 4525.6900000000005 10191.48 1131.13
vertex 4740.06 9977.11 1131.13
endloop
endfacet
facet normal 0.7069146502243666 0.7072988429690569 -0.00015502514255088515
outer loop
vertex 4740.32 9976.85 1130.74
vertex 4746.3 9970.87 1115.92
vertex 4506.97 10210.07 1115.92
endloop
endfacet
facet normal 0.7070931791863502 0.7070931791863502 -0.006202571747253395
outer loop
vertex 4740.32 9976.85 1130.74
vertex 4506.97 10210.07 1115.92
vertex 4525.17 10192 1130.74
endloop
endfacet
facet normal 0.7071067811865477 0.7071067811865477 0
outer loop
vertex 4941.56 9775.61 1115.92
vertex 4748.12 9969.050000000001 1111.5
vertex 4501.64 10215.53 1111.5
endloop
endfacet
facet normal 0.7068443318016823 0.7070558351924086 0.02105080806522721
outer loop
vertex 4941.56 9775.61 1115.92
vertex 4501.64 10215.53 1111.5
vertex 4506.97 10210.07 1115.92
endloop
endfacet
facet normal 0.7071067811865461 0.7071067811865487 -1.0543686915591085e-15
outer loop
vertex 4748.12 9969.050000000001 1111.5
vertex 4749.03 9968.140000000001 1109.29
vertex 4498.91 10218.26 1109.29
endloop
endfacet
facet normal 0.7071067811865477 0.7071067811865477 -2.9279448852891703e-13
outer loop
vertex 4748.12 9969.050000000001 1111.5
vertex 4498.91 10218.26 1109.29
vertex 4501.64 10215.53 1111.5
endloop
endfacet
facet normal 0.7071067811865476 0.7071067811865476 -3.5351418943780076e-13
outer loop
vertex 4684.16 10033.01 1107.47
vertex 4749.03 9968.140000000001 1109.29
vertex 4928.95 9788.220000000001 1109.29
endloop
endfacet
facet normal 0.7071067811865464 0.7071067811865487 -5.5380653177476755e-14
outer loop
vertex 4684.16 10033.01 1107.47
vertex 4928.95 9788.220000000001 1109.29
vertex 4750.85 9966.32 1104.74
endloop
endfacet
facet normal 0.7071067811865476 0.7071067811865476 0
outer loop
vertex 4684.16 10033.01 1107.47
vertex 4750.85 9966.32 1104.74
vertex 4493.32 10223.85 1104.74
endloop
endfacet
facet normal 0.7071067811865476 0.7071067811865476 0
outer loop
vertex 4684.16 10033.01 1107.47
vertex 4493.32 10223.85 1104.74
vertex 4498.91 10218.26 1109.29
endloop
endfacet
facet normal 0.7071067811865464 0.7071067811865489 -2.627715312480846e-13
outer loop
vertex 4684.16 10033.01 1107.47
vertex 4498.91 10218.26 1109.29
vertex 4749.03 9968.140000000001 1109.29
endloop
endfacet
facet normal 0.7071067811865462 0.7071067811865487 2.1403594008691386e-13
outer loop
vertex 4750.85 9966.32 1104.74
vertex 4752.150000000001 9965.02 1101.75
vertex 4489.68 10227.49 1101.75
endloop
endfacet
facet normal 0.7071067811865475 0.7071067811865475 0
outer loop
vertex 4750.85 9966.32 1104.74
vertex 4489.68 10227.49 1101.75
vertex 4493.32 10223.85 1104.74
endloop
endfacet
facet normal 0.7071067811865476 0.7071067811865476 0
outer loop
vertex 4715.62 10001.550000000001 1096.03
vertex 4752.150000000001 9965.02 1101.75
vertex 4916.47 9800.7 1101.75
endloop
endfacet
facet normal 0.7071067811865476 0.7071067811865476 0
outer loop
vertex 4715.62 10001.550000000001 1096.03
vertex 4916.47 9800.7 1101.75
vertex 4904.38 9812.79 1093.43
endloop
endfacet
facet normal 0.7071067811865468 0.7071067811865482 -9.741451038601295e-14
outer loop
vertex 4715.62 10001.550000000001 1096.03
vertex 4904.38 9812.79 1093.43
vertex 4757.35 9959.82 1088.88
endloop
endfacet
facet normal 0.7071067811865475 0.7071067811865475 -9.009453662768279e-14
outer loop
vertex 4715.62 10001.550000000001 1096.03
vertex 4757.35 9959.82 1088.88
vertex 4473.82 10243.35 1088.88
endloop
endfacet
facet normal 0.707106781186546 0.7071067811865488 3.4315584534979863e-15
outer loop
vertex 4715.62 10001.550000000001 1096.03
vertex 4473.82 10243.35 1088.88
vertex 4489.68 10227.49 1101.75
endloop
endfacet
facet normal 0.7071067811865462 0.7071067811865487 1.5420980085880866e-14
outer loop
vertex 4715.62 10001.550000000001 1096.03
vertex 4489.68 10227.49 1101.75
vertex 4752.150000000001 9965.02 1101.75
endloop
endfacet
facet normal 0.7071067811865852 0.7071067811865096 1.5727615114221832e-13
outer loop
vertex 5106.14 9611.03 1114.6200000000001
vertex 5061.29 9655.880000000001 1136.2
vertex 5074.68 9642.49 1133.8600000000001
endloop
endfacet
facet normal 0.7071067811865539 0.7071067811865411 5.428653751719136e-14
outer loop
vertex 5106.14 9611.03 1114.6200000000001
vertex 5074.68 9642.49 1133.8600000000001
vertex 5087.9400000000005 9629.23 1130.74
endloop
endfacet
facet normal 0.7071067811865198 0.7071067811865752 -2.2615650904969672e-14
outer loop
vertex 5106.14 9611.03 1114.6200000000001
vertex 5087.9400000000005 9629.23 1130.74
vertex 5101.2 9615.970000000001 1126.71
endloop
endfacet
facet normal 0.7071067811865474 0.7071067811865474 0
outer loop
vertex 5106.14 9611.03 1114.6200000000001
vertex 5101.2 9615.970000000001 1126.71
vertex 5114.2 9602.970000000001 1121.77
endloop
endfacet
facet normal 0.7071067811865476 0.7071067811865476 0
outer loop
vertex 5106.14 9611.03 1114.6200000000001
vertex 5114.2 9602.970000000001 1121.77
vertex 5127.070000000001 9590.1 1115.92
endloop
endfacet
facet normal 0.7071067811865502 0.7071067811865448 -8.652367707382189e-14
outer loop
vertex 5106.14 9611.03 1114.6200000000001
vertex 5127.070000000001 9590.1 1115.92
vertex 5139.68 9577.49 1109.29
endloop
endfacet
facet normal 0.7071067811865515 0.7071067811865438 -7.219537528506942e-14
outer loop
vertex 5106.14 9611.03 1114.6200000000001
vertex 5139.68 9577.49 1109.29
vertex 5152.03 9565.14 1101.75
endloop
endfacet
facet normal 0.7071067811865898 0.7071067811865053 2.0049440740389184e-13
outer loop
vertex 5106.14 9611.03 1114.6200000000001
vertex 5152.03 9565.14 1101.75
vertex 5164.25 9552.92 1093.43
endloop
endfacet
facet normal 0.7071067811865579 0.707106781186537 2.5888496393780873e-14
outer loop
vertex 5106.14 9611.03 1114.6200000000001
vertex 5164.25 9552.92 1093.43
vertex 5176.08 9541.09 1084.2
endloop
endfacet
facet normal 0.7071067811865497 0.7071067811865455 -1.116180372138471e-14
outer loop
vertex 5106.14 9611.03 1114.6200000000001
vertex 5176.08 9541.09 1084.2
vertex 5026.45 9690.720000000001 1084.2
endloop
endfacet
facet normal 0.7071067811865448 0.7071067811865502 1.4342889970510056e-14
outer loop
vertex 5106.14 9611.03 1114.6200000000001
vertex 5026.45 9690.720000000001 1084.2
vertex 5048.16 9669.01 1137.5
endloop
endfacet
facet normal 0.7071067811865168 0.7071067811865782 -1.2717000708726872e-13
outer loop
vertex 5106.14 9611.03 1114.6200000000001
vertex 5048.16 9669.01 1137.5
vertex 5061.29 9655.880000000001 1136.2
endloop
endfacet
facet normal 0.7071067811865475 0.7071067811865475 0
outer loop
vertex 5631.21 9085.960000000001 514.41
vertex 5449.7300000000005 9267.44 514.41
vertex 4957.81 9759.36 915.98
endloop
endfacet
facet normal 0.7073515249629443 0.7068614749868798 0.0008217736730376264
outer loop
vertex 5631.21 9085.960000000001 514.41
vertex 4957.81 9759.36 915.98
vertex 4994.47 9722.57 1005.94
endloop
endfacet
facet normal 0.7073129411366025 0.7068722477153302 -0.006326824682745443
outer loop
vertex 5839.7300000000005 8877.31 514.41
vertex 5631.21 9085.960000000001 514.41
vertex 5845.84 8871.33 529.36
endloop
endfacet
facet normal 0.7071067811865476 0.7071067811865476 0
outer loop
vertex 4365.66 10351.51 770.51
vertex 4757.35 9959.82 1088.88
vertex 4827.9400000000005 9889.23 915.98
endloop
endfacet
facet normal 0.7071067811865476 0.7071067811865476 0
outer loop
vertex 4365.66 10351.51 770.51
vertex 4827.9400000000005 9889.23 915.98
vertex 4261.66 10455.51 453.7
endloop
endfacet
facet normal 0.7071067811865486 0.7071067811865464 -7.256316195154383e-16
outer loop
vertex 4365.66 10351.51 770.51
vertex 4261.66 10455.51 453.7
vertex 3970.7200000000003 10746.45 453.7
endloop
endfacet
facet normal 0.7071067811865469 0.7071067811865481 3.5006064675966376e-15
outer loop
vertex 4365.66 10351.51 770.51
vertex 3970.7200000000003 10746.45 453.7
vertex 3902.08 10815.09 621.9200000000001
endloop
endfacet
facet normal 0.7071067811865476 0.7071067811865476 0
outer loop
vertex 4365.66 10351.51 770.51
vertex 3902.08 10815.09 621.9200000000001
vertex 4473.82 10243.35 1088.88
endloop
endfacet
facet normal 0.7071067811865476 0.7071067811865476 0
outer loop
vertex 4365.66 10351.51 770.51
vertex 4473.82 10243.35 1088.88
vertex 4757.35 9959.82 1088.88
endloop
endfacet
facet normal 0.7069478672628791 0.7072637510284101 0.0016430014271412515
outer loop
vertex 5839.7300000000005 8877.31 514.41
vertex 5815.03 8902.14 453.7
vertex 5523.96 9193.08 453.7
endloop
endfacet
facet normal 0.7072240715698129 0.7069884087668887 -0.0012257493539675137
outer loop
vertex 5839.7300000000005 8877.31 514.41
vertex 5523.96 9193.08 453.7
vertex 5449.7300000000005 9267.44 514.41
endloop
endfacet
facet normal 0.7071067811865475 0.7071067811865475 0
outer loop
vertex 3837.08 10880.09 599.95
vertex 3837.08 10880.09 453.44
vertex 2358.59 12358.58 453.44
endloop
endfacet
facet normal 0.7071067811865475 0.7071067811865475 0
outer loop
vertex 3837.08 10880.09 599.95
vertex 2358.59 12358.58 453.44
vertex 2358.59 12358.58 599.95
endloop
endfacet
facet normal 0.7071067811865486 0.7071067811865464 1.0882241580056522e-12
outer loop
vertex 4033.6400000000003 10683.53 453.57
vertex 3970.7200000000003 10746.45 453.7
vertex 4261.66 10455.51 453.7
endloop
endfacet
facet normal 0.7071067811865483 0.7071067811865469 2.431277760883706e-12
outer loop
vertex 4033.6400000000003 10683.53 453.57
vertex 4261.66 10455.51 453.7
vertex 4261.400000000001 10455.77 453.44
endloop
endfacet
facet normal 0.7071067811865467 0.7071067811865482 -2.7048071500797652e-12
outer loop
vertex 4033.6400000000003 10683.53 453.57
vertex 4261.400000000001 10455.77 453.44
vertex 3837.08 10880.09 453.44
endloop
endfacet
facet normal 0.7071067811865467 0.7071067811865483 -2.4185160532439425e-12
outer loop
vertex 4033.6400000000003 10683.53 453.57
vertex 3837.08 10880.09 453.44
vertex 3837.4700000000003 10879.7 453.7
endloop
endfacet
facet normal 0.7071067811865476 0.7071067811865476 0
outer loop
vertex 4033.6400000000003 10683.53 453.57
vertex 3837.4700000000003 10879.7 453.7
vertex 3970.7200000000003 10746.45 453.7
endloop
endfacet
facet normal 0.7071067811865476 0.7071067811865476 0
outer loop
vertex 5948.280000000001 8768.89 453.7
vertex 5948.67 8768.5 453.44
vertex 5524.35 9192.82 453.44
endloop
endfacet
facet normal 0.6666212410453676 0.6668255380852223 0.33310632348319036
outer loop
vertex 5948.280000000001 8768.89 453.7
vertex 5524.35 9192.82 453.44
vertex 5523.96 9193.08 453.7
endloop
endfacet
facet normal 0.7071393795213816 0.707074181348828 0
outer loop
vertex 7358.52 7358.52 599.95
vertex 7358.52 7358.52 453.44
vertex 5948.67 8768.5 453.44
endloop
endfacet
facet normal 0.7071393795213816 0.707074181348828 0
outer loop
vertex 7358.52 7358.52 599.95
vertex 5948.67 8768.5 453.44
vertex 5948.67 8768.5 599.95
endloop
endfacet
facet normal 0.7071067811865467 0.7071067811865482 1.105412883812895e-13
outer loop
vertex 3574.09 11143.08 449.93
vertex 3837.08 10880.09 453.44
vertex 4261.400000000001 10455.77 453.44
endloop
endfacet
facet normal 0.7071067811865474 0.7071067811865477 -9.863178665481068e-14
outer loop
vertex 3574.09 11143.08 449.93
vertex 4261.400000000001 10455.77 453.44
vertex 4253.860000000001 10463.31 447.33000000000004
endloop
endfacet
facet normal 0.7071067811865476 0.7071067811865476 0
outer loop
vertex 3574.09 11143.08 449.93
vertex 4253.860000000001 10463.31 447.33000000000004
vertex 4112.16 10605.01 447.33000000000004
endloop
endfacet
facet normal 0.7071067811865475 0.7071067811865475 0
outer loop
vertex 3574.09 11143.08 449.93
vertex 4112.16 10605.01 447.33000000000004
vertex 3837.08 10880.09 447.33000000000004
endloop
endfacet
facet normal 0.7071067811865475 0.7071067811865475 0
outer loop
vertex 3574.09 11143.08 449.93
vertex 3837.08 10880.09 447.33000000000004
vertex 2358.59 12358.58 447.33000000000004
endloop
endfacet
facet normal 0.7071067811865475 0.7071067811865475 0
outer loop
vertex 3574.09 11143.08 449.93
vertex 2358.59 12358.58 447.33000000000004
vertex 2358.59 12358.58 453.44
endloop
endfacet
facet normal 0.7071067811865476 0.7071067811865476 0
outer loop
vertex 3574.09 11143.08 449.93
vertex 2358.59 12358.58 453.44
vertex 3837.08 10880.09 453.44
endloop
endfacet
facet normal 0.7071067811865498 0.7071067811865452 -5.467288837305803e-15
outer loop
vertex 4253.860000000001 10463.31 447.33000000000004
vertex 4246.58 10470.59 441.35
vertex 4103.97 10613.2 441.35
endloop
endfacet
facet normal 0.7071067811865476 0.7071067811865476 1.0625323880207806e-13
outer loop
vertex 4253.860000000001 10463.31 447.33000000000004
vertex 4103.97 10613.2 441.35
vertex 4112.16 10605.01 447.33000000000004
endloop
endfacet
facet normal 0.7071320426688013 0.7070815188017917 0
outer loop
vertex 7358.52 7358.52 453.44
vertex 7358.52 7358.52 441.35
vertex 5539.17 9178 441.35
endloop
endfacet
facet normal 0.7071318372338407 0.707081721582726 0.00006143208847498414
outer loop
vertex 7358.52 7358.52 453.44
vertex 5539.17 9178 441.35
vertex 5524.35 9192.82 453.44
endloop
endfacet
facet normal 0.7071067811865487 0.7071067811865461 -1.241763371684086e-13
outer loop
vertex 5964.66 8752.51 441.35
vertex 5808.66 8908.51 438.23
vertex 5543.070000000001 9174.1 438.23
endloop
endfacet
facet normal 0.7071067811865475 0.7071067811865475 2.0152761007367935e-13
outer loop
vertex 5964.66 8752.51 441.35
vertex 5543.070000000001 9174.1 438.23
vertex 5539.17 9178 441.35
endloop
endfacet
facet normal 0.7071067811865476 0.7071067811865476 0
outer loop
vertex 3837.08 10880.09 447.33000000000004
vertex 3837.08 10880.09 436.15000000000003
vertex 2358.59 12358.58 436.15000000000003
endloop
endfacet
facet normal 0.7071067811865476 0.7071067811865476 0
outer loop
vertex 3837.08 10880.09 447.33000000000004
vertex 2358.59 12358.58 436.15000000000003
vertex 2358.59 12358.58 447.33000000000004
endloop
endfacet
facet normal 0.7071068075953859 0.7068788556909386 -0.017951212475236455
outer loop
vertex 4246.58 10470.59 441.35
vertex 4240.21 10476.83 436.15000000000003
vertex 3837.08 10880.09 436.15000000000003
endloop
endfacet
facet normal 0.7071067811865497 0.7071067811865452 -3.5382785137433054e-13
outer loop
vertex 4246.58 10470.59 441.35
vertex 3837.08 10880.09 436.15000000000003
vertex 4103.97 10613.2 441.35
endloop
endfacet
facet normal 0.6882777937682217 0.6882362737227505 0.22935673118043098
outer loop
vertex 3521.57 11195.6 435.89000000000004
vertex 4240.21 10476.83 436.15000000000003
vertex 4239.6900000000005 10477.48 435.76
endloop
endfacet
facet normal 0.7071067811865462 0.7071067811865489 -1.5372515472776435e-11
outer loop
vertex 3521.57 11195.6 435.89000000000004
vertex 4239.6900000000005 10477.48 435.76
vertex 4095.52 10621.65 435.76
endloop
endfacet
facet normal 0.7071067811865483 0.7071067811865468 6.125366362212231e-13
outer loop
vertex 3521.57 11195.6 435.89000000000004
vertex 4095.52 10621.65 435.76
vertex 3837.08 10880.09 435.76
endloop
endfacet
facet normal 0.7071067811865476 0.7071067811865476 -2.569713179230373e-12
outer loop
vertex 3521.57 11195.6 435.89000000000004
vertex 3837.08 10880.09 435.76
vertex 2358.59 12358.58 435.76
endloop
endfacet
facet normal 0.7071067811865475 0.7071067811865476 0
outer loop
vertex 3521.57 11195.6 435.89000000000004
vertex 2358.59 12358.58 435.76
vertex 2358.59 12358.58 436.15000000000003
endloop
endfacet
facet normal 0.6908304290749027 0.6907827033112359 0.2134773408823679
outer loop
vertex 3521.57 11195.6 435.89000000000004
vertex 2358.59 12358.58 436.15000000000003
vertex 4240.21 10476.83 436.15000000000003
endloop
endfacet
facet normal 0.7071067811865488 0.7071067811865464 -9.016731028189252e-16
outer loop
vertex 5808.66 8908.51 438.23
vertex 5807.75 8909.42 435.76
vertex 5546.06 9171.11 435.76
endloop
endfacet
facet normal 0.7071067811865488 0.7071067811865464 0
outer loop
vertex 5808.66 8908.51 438.23
vertex 5546.06 9171.11 435.76
vertex 5543.070000000001 9174.1 438.23
endloop
endfacet
facet normal 0.7071067811865474 0.7071067811865478 0
outer loop
vertex 7358.52 7358.52 441.35
vertex 7358.52 7358.52 435.76
vertex 5972.9800000000005 8744.06 435.76
endloop
endfacet
facet normal 0.707045308087933 0.7069793708214885 -0.016343241529512414
outer loop
vertex 7358.52 7358.52 441.35
vertex 5972.9800000000005 8744.06 435.76
vertex 5964.66 8752.51 441.35
endloop
endfacet
facet normal 0.7071067811865476 0.7071067811865476 0
outer loop
vertex 3837.08 10880.09 435.76
vertex 3837.08 10880.09 431.08000000000004
vertex 2358.59 12358.58 431.08000000000004
endloop
endfacet
facet normal 0.7071067811865476 0.7071067811865476 0
outer loop
vertex 3837.08 10880.09 435.76
vertex 2358.59 12358.58 431.08000000000004
vertex 2358.59 12358.58 435.76
endloop
endfacet
facet normal 0.7071067811865468 0.7071067811865483 1.3935900941166111e-13
outer loop
vertex 4239.6900000000005 10477.48 435.76
vertex 4233.97 10483.2 431.08000000000004
vertex 3837.08 10880.09 431.08000000000004
endloop
endfacet
facet normal 0.7071067811865466 0.7071067811865487 1.9063139227161187e-13
outer loop
vertex 4239.6900000000005 10477.48 435.76
vertex 3837.08 10880.09 431.08000000000004
vertex 4095.52 10621.65 435.76
endloop
endfacet
facet normal 0.7071067811865467 0.7071067811865482 5.982915981696983e-13
outer loop
vertex 3563.69 11153.48 430.82
vertex 3837.08 10880.09 431.08000000000004
vertex 4233.97 10483.2 431.08000000000004
endloop
endfacet
facet normal 0.707106781186547 0.707106781186548 -1.1814522487709256e-12
outer loop
vertex 3563.69 11153.48 430.82
vertex 4233.97 10483.2 431.08000000000004
vertex 4233.32 10483.85 430.56
endloop
endfacet
facet normal 0.7071067811865486 0.7071067811865465 6.494521774977744e-12
outer loop
vertex 3563.69 11153.48 430.82
vertex 4233.32 10483.85 430.56
vertex 4087.07 10630.1 430.56
endloop
endfacet
facet normal 0.707106781186547 0.707106781186548 0
outer loop
vertex 3563.69 11153.48 430.82
vertex 4087.07 10630.1 430.56
vertex 3837.08 10880.09 430.56
endloop
endfacet
facet normal 0.7071067811865476 0.7071067811865476 1.1777852071477693e-12
outer loop
vertex 3563.69 11153.48 430.82
vertex 3837.08 10880.09 430.56
vertex 2358.59 12358.58 430.56
endloop
endfacet
facet normal 0.7071067811865477 0.7071067811865474 0
outer loop
vertex 3563.69 11153.48 430.82
vertex 2358.59 12358.58 430.56
vertex 2358.59 12358.58 431.08000000000004
endloop
endfacet
facet normal 0.7071067811865476 0.7071067811865476 -1.1777852071475118e-12
outer loop
vertex 3563.69 11153.48 430.82
vertex 2358.59 12358.58 431.08000000000004
vertex 3837.08 10880.09 431.08000000000004
endloop
endfacet
facet normal 0.7071067811865464 0.7071067811865486 2.6923615767128102e-15
outer loop
vertex 4233.32 10483.85 430.56
vertex 4227.34 10489.83 425.75
vertex 4078.36 10638.81 425.75
endloop
endfacet
facet normal 0.7071067811865485 0.7071067811865464 -1.389593623024468e-13
outer loop
vertex 4233.32 10483.85 430.56
vertex 4078.36 10638.81 425.75
vertex 4087.07 10630.1 430.56
endloop
endfacet
facet normal 0.7071067811865476 0.7071067811865476 0
outer loop
vertex 3344.25 11372.92 426.14
vertex 3837.08 10880.09 430.56
vertex 3837.08 10880.09 426.40000000000003
endloop
endfacet
facet normal 0.7071067811865475 0.7071067811865475 0
outer loop
vertex 3344.25 11372.92 426.14
vertex 3837.08 10880.09 426.40000000000003
vertex 3837.08 10880.09 425.75
endloop
endfacet
facet normal 0.7071067811865476 0.7071067811865476 0
outer loop
vertex 3344.25 11372.92 426.14
vertex 3837.08 10880.09 425.75
vertex 3837.08 10880.09 421.98
endloop
endfacet
facet normal 0.7071067811865476 0.7071067811865476 0
outer loop
vertex 3344.25 11372.92 426.14
vertex 3837.08 10880.09 421.98
vertex 2358.59 12358.58 421.98
endloop
endfacet
facet normal 0.7071067811865476 0.7071067811865476 0
outer loop
vertex 3344.25 11372.92 426.14
vertex 2358.59 12358.58 421.98
vertex 2358.59 12358.58 430.56
endloop
endfacet
facet normal 0.7071067811865476 0.7071067811865476 0
outer loop
vertex 3344.25 11372.92 426.14
vertex 2358.59 12358.58 430.56
vertex 3837.08 10880.09 430.56
endloop
endfacet
facet normal 0.7071067811865476 0.7071067811865476 0
outer loop
vertex 4227.34 10489.83 425.75
vertex 4222.92 10494.25 421.98
vertex 3837.08 10880.09 421.98
endloop
endfacet
facet normal 0.7071067811865465 0.7071067811865486 2.1984524874675758e-13
outer loop
vertex 4227.34 10489.83 425.75
vertex 3837.08 10880.09 421.98
vertex 4078.36 10638.81 425.75
endloop
endfacet
facet normal 0.7071067811865475 0.7071067811865477 1.6411358932726748e-12
outer loop
vertex 3557.9700000000003 11159.2 421.59000000000003
vertex 3837.08 10880.09 421.98
vertex 4222.92 10494.25 421.98
endloop
endfacet
facet normal 0.707106781186548 0.707106781186547 0
outer loop
vertex 3557.9700000000003 11159.2 421.59000000000003
vertex 4222.92 10494.25 421.98
vertex 4222.01 10495.16 421.33000000000004
endloop
endfacet
facet normal 0.7071067811865485 0.7071067811865465 3.1170379679393913e-12
outer loop
vertex 3557.9700000000003 11159.2 421.59000000000003
vertex 4222.01 10495.16 421.33000000000004
vertex 4069.65 10647.52 421.33000000000004
endloop
endfacet
facet normal 0.7071067811865468 0.7071067811865483 -4.084034095500253e-12
outer loop
vertex 3557.9700000000003 11159.2 421.59000000000003
vertex 4069.65 10647.52 421.33000000000004
vertex 3837.08 10880.09 421.33000000000004
endloop
endfacet
facet normal 0.7071067811865476 0.7071067811865476 -2.4626417967635172e-12
outer loop
vertex 3557.9700000000003 11159.2 421.59000000000003
vertex 3837.08 10880.09 421.33000000000004
vertex 2358.59 12358.58 421.33000000000004
endloop
endfacet
facet normal 0.7071067811865474 0.7071067811865479 0
outer loop
vertex 3557.9700000000003 11159.2 421.59000000000003
vertex 2358.59 12358.58 421.33000000000004
vertex 2358.59 12358.58 421.98
endloop
endfacet
facet normal 0.7071067811865475 0.7071067811865475 1.641761197842345e-12
outer loop
vertex 3557.9700000000003 11159.2 421.59000000000003
vertex 2358.59 12358.58 421.98
vertex 3837.08 10880.09 421.98
endloop
endfacet
facet normal 0.7071067811865475 0.7071067811865475 0
outer loop
vertex 3837.08 10880.09 421.33000000000004
vertex 3837.08 10880.09 418.08000000000004
vertex 2358.59 12358.58 418.08000000000004
endloop
endfacet
facet normal 0.7071067811865475 0.7071067811865475 0
outer loop
vertex 3837.08 10880.09 421.33000000000004
vertex 2358.59 12358.58 418.08000000000004
vertex 2358.59 12358.58 421.33000000000004
endloop
endfacet
facet normal 0.7071067811865476 0.7071067811865476 0
outer loop
vertex 4222.01 10495.16 421.33000000000004
vertex 4218.110000000001 10499.06 418.08000000000004
vertex 3837.08 10880.09 418.08000000000004
endloop
endfacet
facet normal 0.7071067811865486 0.7071067811865465 -2.597531639949402e-13
outer loop
vertex 4222.01 10495.16 421.33000000000004
vertex 3837.08 10880.09 418.08000000000004
vertex 4069.65 10647.52 421.33000000000004
endloop
endfacet
facet normal 0.6882472016115335 0.6882472016115333 0.22941573387147265
outer loop
vertex 3508.44 11208.86 417.69
vertex 3837.08 10880.09 418.08000000000004
vertex 4218.110000000001 10499.06 418.08000000000004
endloop
endfacet
facet normal 0.7071715744366823 0.7070419608783172 -0.00017281807776896318
outer loop
vertex 3508.44 11208.86 417.69
vertex 4218.110000000001 10499.06 418.08000000000004
vertex 4217.07 10500.1 417.3
endloop
endfacet
facet normal 0.688247201612094 0.6882472016120916 -0.2294157338681162
outer loop
vertex 3508.44 11208.86 417.69
vertex 4217.07 10500.1 417.3
vertex 4060.81 10656.36 417.3
endloop
endfacet
facet normal 0.6882472016116123 0.6882472016116127 -0.22941573387099803
outer loop
vertex 3508.44 11208.86 417.69
vertex 4060.81 10656.36 417.3
vertex 2358.59 12358.58 417.3
endloop
endfacet
facet normal 0.7070668056781949 0.7071467544350563 0
outer loop
vertex 3508.44 11208.86 417.69
vertex 2358.59 12358.58 417.3
vertex 2358.59 12358.58 418.08000000000004
endloop
endfacet
facet normal 0.6882472016115224 0.6882472016115224 0.2294157338715395
outer loop
vertex 3508.44 11208.86 417.69
vertex 2358.59 12358.58 418.08000000000004
vertex 3837.08 10880.09 418.08000000000004
endloop
endfacet
facet normal 0.7071067811865476 0.7071067811865476 -1.1680514451051794e-13
outer loop
vertex 4060.81 10656.36 417.3
vertex 3837.08 10880.09 414.44
vertex 2358.59 12358.58 414.44
endloop
endfacet
facet normal 0.7071067811865474 0.7071067811865475 0
outer loop
vertex 4060.81 10656.36 417.3
vertex 2358.59 12358.58 414.44
vertex 2358.59 12358.58 417.3
endloop
endfacet
facet normal 0.7068206222217278 0.707392483566568 0.0006944030617681993
outer loop
vertex 4217.07 10500.1 417.3
vertex 4212.650000000001 10504.52 413.66
vertex 4051.84 10665.2 413.66
endloop
endfacet
facet normal 0.7068814085015623 0.7068814085015602 -0.02524576458928267
outer loop
vertex 4217.07 10500.1 417.3
vertex 4051.84 10665.2 413.66
vertex 4060.81 10656.36 417.3
endloop
endfacet
facet normal 0.7071325227100729 0.7070810387258933 0
outer loop
vertex 7358.52 7358.52 435.76
vertex 7358.52 7358.52 413.66
vertex 5573.1 9144.07 413.66
endloop
endfacet
facet normal 0.7071321373328237 0.707081421408178 0.00006205242542030984
outer loop
vertex 7358.52 7358.52 435.76
vertex 5573.1 9144.07 413.66
vertex 5546.06 9171.11 435.76
endloop
endfacet
facet normal 0.7071067811865475 0.7071067811865475 0
outer loop
vertex 3837.08 10880.09 414.44
vertex 3837.08 10880.09 411.32
vertex 2358.59 12358.58 411.32
endloop
endfacet
facet normal 0.7071067811865475 0.7071067811865475 0
outer loop
vertex 3837.08 10880.09 414.44
vertex 2358.59 12358.58 411.32
vertex 2358.59 12358.58 414.44
endloop
endfacet
facet normal 0.7071067811865467 0.7071067811865485 2.0278273058260764e-15
outer loop
vertex 4212.650000000001 10504.52 413.66
vertex 4209.79 10507.380000000001 411.32
vertex 3837.08 10880.09 411.32
endloop
endfacet
facet normal 0.7038622511215566 0.7044317189622704 0.09139958843427815
outer loop
vertex 4212.650000000001 10504.52 413.66
vertex 3837.08 10880.09 411.32
vertex 4051.84 10665.2 413.66
endloop
endfacet
facet normal 0.7071067811865465 0.7071067811865483 1.2742129398064107e-12
outer loop
vertex 3550.4300000000003 11166.74 410.93
vertex 3837.08 10880.09 411.32
vertex 4209.79 10507.380000000001 411.32
endloop
endfacet
facet normal 0.7071067811865474 0.7071067811865478 -8.009226735124483e-13
outer loop
vertex 3550.4300000000003 11166.74 410.93
vertex 4209.79 10507.380000000001 411.32
vertex 4208.75 10508.42 410.54
endloop
endfacet
facet normal 0.7071067811865506 0.7071067811865447 1.0179501214698623e-11
outer loop
vertex 3550.4300000000003 11166.74 410.93
vertex 4208.75 10508.42 410.54
vertex 4042.8700000000003 10674.300000000001 410.54
endloop
endfacet
facet normal 0.707106781186545 0.7071067811865498 -3.333416893347704e-12
outer loop
vertex 3550.4300000000003 11166.74 410.93
vertex 4042.8700000000003 10674.300000000001 410.54
vertex 3837.08 10880.09 410.54
endloop
endfacet
facet normal 0.7071067811865475 0.7071067811865475 0
outer loop
vertex 3550.4300000000003 11166.74 410.93
vertex 3837.08 10880.09 410.54
vertex 2358.59 12358.58 410.54
endloop
endfacet
facet normal 0.7071067811865476 0.7071067811865476 0
outer loop
vertex 3550.4300000000003 11166.74 410.93
vertex 2358.59 12358.58 410.54
vertex 2358.59 12358.58 411.32
endloop
endfacet
facet normal 0.7071067811865475 0.7071067811865475 0
outer loop
vertex 3550.4300000000003 11166.74 410.93
vertex 2358.59 12358.58 411.32
vertex 3837.08 10880.09 411.32
endloop
endfacet
facet normal 0.7071067811865475 0.7071067811865475 -2.0608987955005063e-13
outer loop
vertex 5798.650000000001 8918.52 413.66
vertex 5797.35 8919.82 410.54
vertex 5577 9140.17 410.54
endloop
endfacet
facet normal 0.7071067811865461 0.707106781186549 -7.311016047119851e-15
outer loop
vertex 5798.650000000001 8918.52 413.66
vertex 5577 9140.17 410.54
vertex 5573.1 9144.07 413.66
endloop
endfacet
facet normal 0.7071412615854223 0.7070722991062351 0
outer loop
vertex 7358.52 7358.52 413.66
vertex 7358.52 7358.52 410.54
vertex 6025.63 8691.54 410.54
endloop
endfacet
facet normal 0.707141017395673 0.7070725158924869 0.0001969418219028071
outer loop
vertex 7358.52 7358.52 413.66
vertex 6025.63 8691.54 410.54
vertex 6016.66 8700.51 413.66
endloop
endfacet
facet normal 0.7071067811865481 0.7071067811865469 0
outer loop
vertex 3245.71 11471.460000000001 408.98
vertex 3837.08 10880.09 410.54
vertex 3837.08 10880.09 408.46000000000004
endloop
endfacet
facet normal 0.7071067811865481 0.7071067811865469 0
outer loop
vertex 3245.71 11471.460000000001 408.98
vertex 3837.08 10880.09 408.46000000000004
vertex 3837.08 10880.09 407.68
endloop
endfacet
facet normal 0.7071067811865476 0.7071067811865476 -5.139426358462769e-13
outer loop
vertex 3245.71 11471.460000000001 408.98
vertex 3837.08 10880.09 407.68
vertex 2358.59 12358.58 407.68
endloop
endfacet
facet normal 0.7071067811865472 0.707106781186548 0
outer loop
vertex 3245.71 11471.460000000001 408.98
vertex 2358.59 12358.58 407.68
vertex 2358.59 12358.58 410.54
endloop
endfacet
facet normal 0.7071067811865475 0.7071067811865475 4.2828552987190047e-13
outer loop
vertex 3245.71 11471.460000000001 408.98
vertex 2358.59 12358.58 410.54
vertex 3837.08 10880.09 410.54
endloop
endfacet
facet normal 0.7068386437109568 0.7073745335090721 0.0006333243070884719
outer loop
vertex 4208.75 10508.42 410.54
vertex 4205.37 10511.800000000001 407.68
vertex 4033.77 10683.27 407.68
endloop
endfacet
facet normal 0.7067418228235559 0.7067418228235501 -0.03212462831043121
outer loop
vertex 4208.75 10508.42 410.54
vertex 4033.77 10683.27 407.68
vertex 4042.8700000000003 10674.300000000001 410.54
endloop
endfacet
facet normal 0.7071326280943601 0.7070809333339173 0
outer loop
vertex 7358.52 7358.52 410.54
vertex 7358.52 7358.52 407.68
vertex 5580.38 9136.79 407.68
endloop
endfacet
facet normal 0.7071325777441684 0.7070809810584523 0.00006097790149959086
outer loop
vertex 7358.52 7358.52 410.54
vertex 5580.38 9136.79 407.68
vertex 5577 9140.17 410.54
endloop
endfacet
facet normal 0.7071067811865467 0.7071067811865485 2.0360609908177476e-13
outer loop
vertex 3544.58 11172.59 405.21000000000004
vertex 3837.08 10880.09 407.68
vertex 4205.37 10511.800000000001 407.68
endloop
endfacet
facet normal 0.7071067811865474 0.7071067811865477 -1.4585341064544365e-13
outer loop
vertex 3544.58 11172.59 405.21000000000004
vertex 4205.37 10511.800000000001 407.68
vertex 4200.17 10517 403.39
endloop
endfacet
facet normal 0.7071067811865485 0.7071067811865466 6.125366362214529e-13
outer loop
vertex 3544.58 11172.59 405.21000000000004
vertex 4200.17 10517 403.39
vertex 4015.57 10701.6 403.39
endloop
endfacet
facet normal 0.7071067811865466 0.7071067811865486 -3.1675237561342455e-13
outer loop
vertex 3544.58 11172.59 405.21000000000004
vertex 4015.57 10701.6 403.39
vertex 3837.08 10880.09 403.39
endloop
endfacet
facet normal 0.7071067811865476 0.7071067811865476 0
outer loop
vertex 3544.58 11172.59 405.21000000000004
vertex 3837.08 10880.09 403.39
vertex 2358.59 12358.58 403.39
endloop
endfacet
facet normal 0.7071067811865475 0.7071067811865475 0
outer loop
vertex 3544.58 11172.59 405.21000000000004
vertex 2358.59 12358.58 403.39
vertex 2358.59 12358.58 407.68
endloop
endfacet
facet normal 0.7071067811865476 0.7071067811865476 0
outer loop
vertex 3544.58 11172.59 405.21000000000004
vertex 2358.59 12358.58 407.68
vertex 3837.08 10880.09 407.68
endloop
endfacet
facet normal 0.7058605832898868 0.7053826817439893 -0.06477738226664247
outer loop
vertex 4200.17 10517 403.39
vertex 4198.22 10518.82 401.96000000000004
vertex 4006.34 10710.83 401.96000000000004
endloop
endfacet
facet normal 0.7071067811865485 0.7071067811865466 -2.338776247391148e-13
outer loop
vertex 4200.17 10517 403.39
vertex 4006.34 10710.83 401.96000000000004
vertex 4015.57 10701.6 403.39
endloop
endfacet
facet normal 0.7067906324373341 0.7072359951546863 0.016255739183242645
outer loop
vertex 5796.18 8920.86 407.68
vertex 5793.84 8923.33 401.96000000000004
vertex 5587.400000000001 9129.64 401.96000000000004
endloop
endfacet
facet normal 0.7072342439573075 0.7068084557309633 -0.015541270261679613
outer loop
vertex 5796.18 8920.86 407.68
vertex 5587.400000000001 9129.64 401.96000000000004
vertex 5580.38 9136.79 407.68
endloop
endfacet
facet normal 0.7071594030863239 0.7070541553704314 0
outer loop
vertex 6485.18 8231.99 404.69
vertex 7358.52 7358.52 407.68
vertex 7358.52 7358.52 401.96000000000004
endloop
endfacet
facet normal 0.7070995771604393 0.7070286686589189 -0.010984064544806814
outer loop
vertex 6485.18 8231.99 404.69
vertex 7358.52 7358.52 401.96000000000004
vertex 6062.29 8654.880000000001 401.96000000000004
endloop
endfacet
facet normal 0.7071067811865482 0.7071067811865469 3.266949704373892e-14
outer loop
vertex 6485.18 8231.99 404.69
vertex 6062.29 8654.880000000001 401.96000000000004
vertex 6053.06 8664.11 403.39
endloop
endfacet
facet normal 0.7071067811865478 0.7071067811865472 3.371192339196272e-13
outer loop
vertex 6485.18 8231.99 404.69
vertex 6053.06 8664.11 403.39
vertex 6043.83 8673.34 405.34000000000003
endloop
endfacet
facet normal 0.7071067811865472 0.7071067811865477 -2.805812978820956e-13
outer loop
vertex 6485.18 8231.99 404.69
vertex 6043.83 8673.34 405.34000000000003
vertex 6034.7300000000005 8682.44 407.68
endloop
endfacet
facet normal 0.7071028113875942 0.7070333786684871 0.010460190073980732
outer loop
vertex 6485.18 8231.99 404.69
vertex 6034.7300000000005 8682.44 407.68
vertex 7358.52 7358.52 407.68
endloop
endfacet
facet normal 0.7043607250604936 0.7043607250604953 0.08804509063263594
outer loop
vertex 4198.22 10518.82 401.96000000000004
vertex 4196.92 10520.25 400.92
vertex 3997.11 10720.06 400.92
endloop
endfacet
facet normal 0.7073398052858444 0.706860902235549 -0.0042502645717025
outer loop
vertex 4198.22 10518.82 401.96000000000004
vertex 3997.11 10720.06 400.92
vertex 4006.34 10710.83 401.96000000000004
endloop
endfacet
facet normal 0.7071327515026055 0.7070808099166279 0
outer loop
vertex 7358.52 7358.52 401.96000000000004
vertex 7358.52 7358.52 400.92
vertex 5588.83 9128.34 400.92
endloop
endfacet
facet normal 0.7043607250604984 0.7043607250604987 0.08804509063256974
outer loop
vertex 7358.52 7358.52 401.96000000000004
vertex 5588.83 9128.34 400.92
vertex 5587.400000000001 9129.64 401.96000000000004
endloop
endfacet
facet normal 0.7071667283509213 0.7070468289395367 0
outer loop
vertex 6591.91 8125.26 400.40000000000003
vertex 7358.52 7358.52 400.92
vertex 7358.52 7358.52 400.01
endloop
endfacet
facet normal 0.7040889258034188 0.7040167707587581 -0.09283949079674067
outer loop
vertex 6591.91 8125.26 400.40000000000003
vertex 7358.52 7358.52 400.01
vertex 6090.110000000001 8627.06 400.01
endloop
endfacet
facet normal 0.7071067811865476 0.7071067811865476 0
outer loop
vertex 6591.91 8125.26 400.40000000000003
vertex 6090.110000000001 8627.06 400.01
vertex 6080.75 8636.42 400.27000000000004
endloop
endfacet
facet normal 0.7071067811865475 0.7071067811865475 0
outer loop
vertex 6591.91 8125.26 400.40000000000003
vertex 6080.75 8636.42 400.27000000000004
vertex 6071.52 8645.65 400.92
endloop
endfacet
facet normal 0.7053431072965533 0.7052718677139563 0.0712930122838887
outer loop
vertex 6591.91 8125.26 400.40000000000003
vertex 6071.52 8645.65 400.92
vertex 7358.52 7358.52 400.92
endloop
endfacet
facet normal 0.7071072908462525 0.7071058900836609 -0.00073446651886529
outer loop
vertex 4196.92 10520.25 400.92
vertex 4043.3900000000003 10673.65 275.47
vertex 3992.4300000000003 10724.74 400.53000000000003
endloop
endfacet
facet normal 0.7071067811865467 0.7071067811865483 8.582952085506534e-13
outer loop
vertex 4196.92 10520.25 400.92
vertex 3992.4300000000003 10724.74 400.53000000000003
vertex 3997.11 10720.06 400.92
endloop
endfacet
facet normal 0.7071067811865459 0.707106781186549 1.3027760718630234e-15
outer loop
vertex 5793.45 8923.720000000001 400.92
vertex 5742.2300000000005 8974.94 275.47
vertex 5588.83 9128.34 400.92
endloop
endfacet
facet normal 0.7071067811865475 0.7071067811865475 0
outer loop
vertex 3590.73 11126.44 367.90000000000003
vertex 3837.08 10880.09 403.39
vertex 3837.08 10880.09 402.48
endloop
endfacet
facet normal 0.7071067811865475 0.7071067811865475 0
outer loop
vertex 3590.73 11126.44 367.90000000000003
vertex 3837.08 10880.09 402.48
vertex 3837.08 10880.09 401.96000000000004
endloop
endfacet
facet normal 0.7071067811865516 0.7071067811865436 0
outer loop
vertex 3590.73 11126.44 367.90000000000003
vertex 3837.08 10880.09 401.96000000000004
vertex 3837.08 10880.09 401.31
endloop
endfacet
facet normal 0.7071067811865475 0.7071067811865475 0
outer loop
vertex 3590.73 11126.44 367.90000000000003
vertex 3837.08 10880.09 401.31
vertex 3837.08 10880.09 400.92
endloop
endfacet
facet normal 0.7071067811865475 0.7071067811865475 0
outer loop
vertex 3590.73 11126.44 367.90000000000003
vertex 3837.08 10880.09 400.92
vertex 3837.08 10880.09 400.53000000000003
endloop
endfacet
facet normal 0.7071067811865475 0.7071067811865475 0
outer loop
vertex 3590.73 11126.44 367.90000000000003
vertex 3837.08 10880.09 400.53000000000003
vertex 3837.08 10880.09 400.27000000000004
endloop
endfacet
facet normal 0.7071067811865475 0.7071067811865475 0
outer loop
vertex 3590.73 11126.44 367.90000000000003
vertex 3837.08 10880.09 400.27000000000004
vertex 3837.08 10880.09 400.14
endloop
endfacet
facet normal 0.7071067811865475 0.7071067811865475 0
outer loop
vertex 3590.73 11126.44 367.90000000000003
vertex 3837.08 10880.09 400.14
vertex 3837.08 10880.09 400.01
endloop
endfacet
facet normal 0.7071067811865481 0.7071067811865469 0
outer loop
vertex 3590.73 11126.44 367.90000000000003
vertex 3837.08 10880.09 400.01
vertex 3837.08 10880.09 199.94
endloop
endfacet
facet normal 0.7071067811865476 0.7071067811865476 -1.9889420891883946e-15
outer loop
vertex 3590.73 11126.44 367.90000000000003
vertex 3837.08 10880.09 199.94
vertex 2358.59 12358.58 199.94
endloop
endfacet
facet normal 0.7071067811865475 0.7071067811865476 0
outer loop
vertex 3590.73 11126.44 367.90000000000003
vertex 2358.59 12358.58 199.94
vertex 2358.59 12358.58 403.39
endloop
endfacet
facet normal 0.7071067811865475 0.7071067811865475 9.412868788393444e-15
outer loop
vertex 3590.73 11126.44 367.90000000000003
vertex 2358.59 12358.58 403.39
vertex 3837.08 10880.09 403.39
endloop
endfacet
facet normal 0.7071393795213816 0.7070741813488279 0
outer loop
vertex 7358.52 7358.52 400.01
vertex 7358.52 7358.52 199.94
vertex 5948.67 8768.5 199.94
endloop
endfacet
facet normal 0.7071393795213816 0.7070741813488279 0
outer loop
vertex 7358.52 7358.52 400.01
vertex 5948.67 8768.5 199.94
vertex 5948.67 8768.5 400.01
endloop
endfacet
facet normal 0.7071067811873651 0.7071067811857301 -1.4714150896391411e-9
outer loop
vertex 5136.43 10146.37 1137.63
vertex 5020.7300000000005 10262.07 1137.5
vertex 5020.34 10262.460000000001 1137.5
endloop
endfacet
facet normal -0.7071067811865486 -0.7071067811865462 2.0286053625580464e-12
outer loop
vertex 5136.43 10146.37 1137.63
vertex 5020.34 10262.460000000001 1137.5
vertex 5303.22 9979.58 1137.5
endloop
endfacet
facet normal -0.7071067811857052 -0.7071067811873899 2.1310149574133386e-9
outer loop
vertex 5136.43 10146.37 1137.63
vertex 5303.22 9979.58 1137.5
vertex 5303.610000000001 9979.19 1137.5
endloop
endfacet
facet normal -0.7071067811865476 -0.7071067811865476 0
outer loop
vertex 5136.43 10146.37 1137.63
vertex 5303.610000000001 9979.19 1137.5
vertex 5034.25 10248.550000000001 1138.02
endloop
endfacet
facet normal -0.7071067811865454 -0.7071067811865497 1.1231167620302815e-12
outer loop
vertex 5136.43 10146.37 1137.63
vertex 5034.25 10248.550000000001 1138.02
vertex 5020.7300000000005 10262.07 1137.5
endloop
endfacet
facet normal -0.7070804922458833 -0.7070804922458896 0.008622932832277327
outer loop
vertex 4816.24 10466.56 1137.5
vertex 5020.34 10262.460000000001 1137.5
vertex 5016.05 10266.880000000001 1148.16
endloop
endfacet
facet normal -0.7068603889003392 -0.7073528297647418 -0.0006040094977053664
outer loop
vertex 4816.24 10466.56 1137.5
vertex 5016.05 10266.880000000001 1148.16
vertex 4836.650000000001 10446.15 1154.14
endloop
endfacet
facet normal -0.7071067811865445 -0.7071067811865508 3.514526488001745e-13
outer loop
vertex 5048.9400000000005 10233.86 1136.98
vertex 5020.34 10262.460000000001 1137.5
vertex 4816.24 10466.56 1137.5
endloop
endfacet
facet normal -0.7071067811865459 -0.7071067811865492 -1.0007472578517272e-12
outer loop
vertex 5048.9400000000005 10233.86 1136.98
vertex 4816.24 10466.56 1137.5
vertex 4814.68 10468.12 1136.2
endloop
endfacet
facet normal -0.7058213125677274 -0.7060143181221623 -0.05796600151527321
outer loop
vertex 5048.9400000000005 10233.86 1136.98
vertex 4814.68 10468.12 1136.2
vertex 5290.22 9992.710000000001 1136.2
endloop
endfacet
facet normal -0.7051975898675257 -0.7053448434882943 -0.07200702055707373
outer loop
vertex 5048.9400000000005 10233.86 1136.98
vertex 5290.22 9992.710000000001 1136.2
vertex 5303.22 9979.58 1137.5
endloop
endfacet
facet normal -0.7071067811865488 -0.7071067811865465 -1.2678783515998882e-13
outer loop
vertex 5048.9400000000005 10233.86 1136.98
vertex 5303.22 9979.58 1137.5
vertex 5020.34 10262.460000000001 1137.5
endloop
endfacet
facet normal -0.7068883320025876 -0.7073249523435348 -0.0005457754261838411
outer loop
vertex 4814.68 10468.12 1136.2
vertex 4811.43 10471.37 1133.6000000000001
vertex 5022.03 10260.9 1133.6000000000001
endloop
endfacet
facet normal -0.7066652533375851 -0.7066652533375851 -0.03533326266640658
outer loop
vertex 4814.68 10468.12 1136.2
vertex 5022.03 10260.9 1133.6000000000001
vertex 5020.860000000001 10261.94 1136.2
endloop
endfacet
facet normal -0.7069003128620392 -0.707313008152805 -0.0005061357338655112
outer loop
vertex 5030.09 10252.84 1130.22
vertex 4811.43 10471.37 1133.6000000000001
vertex 4802.9800000000005 10479.82 1126.71
endloop
endfacet
facet normal -0.7069452404000262 -0.7071507477373533 0.012893682571384513
outer loop
vertex 5030.09 10252.84 1130.22
vertex 4802.9800000000005 10479.82 1126.71
vertex 5250.31 10032.62 1126.71
endloop
endfacet
facet normal -0.7071133850165385 -0.7067679398874347 -0.021673483285440057
outer loop
vertex 5030.09 10252.84 1130.22
vertex 5250.31 10032.62 1126.71
vertex 5263.4400000000005 10019.36 1130.74
endloop
endfacet
facet normal -0.7073023157226201 -0.7069105753466688 -0.0009341501274587784
outer loop
vertex 5030.09 10252.84 1130.22
vertex 5263.4400000000005 10019.36 1130.74
vertex 5022.03 10260.9 1133.6000000000001
endloop
endfacet
facet normal -0.7068880541364536 -0.7073246743057725 0.0010411711728006998
outer loop
vertex 5030.09 10252.84 1130.22
vertex 5022.03 10260.9 1133.6000000000001
vertex 4811.43 10471.37 1133.6000000000001
endloop
endfacet
facet normal -0.7050491714744755 -0.7048435578344989 -0.07811033723113193
outer loop
vertex 4802.9800000000005 10479.82 1126.71
vertex 4801.81 10481.12 1125.54
vertex 5247.45 10035.35 1125.54
endloop
endfacet
facet normal -0.704858890036335 -0.7050637908764634 0.07783955248879876
outer loop
vertex 4802.9800000000005 10479.82 1126.71
vertex 5247.45 10035.35 1125.54
vertex 5250.31 10032.62 1126.71
endloop
endfacet
facet normal -0.7071067811865476 -0.7071067811865476 -1.7189070033591546e-13
outer loop
vertex 5025.150000000001 10257.65 1125.54
vertex 5237.18 10045.62 1121.77
vertex 5247.45 10035.35 1125.54
endloop
endfacet
facet normal -0.7067052595107111 -0.707105205894133 0.023872661714073075
outer loop
vertex 4801.81 10481.12 1125.54
vertex 4797 10485.800000000001 1121.77
vertex 5026.84 10256.09 1121.77
endloop
endfacet
facet normal -0.7070992521991643 -0.7066879088296443 -0.02455294388393023
outer loop
vertex 4801.81 10481.12 1125.54
vertex 5026.84 10256.09 1121.77
vertex 5025.150000000001 10257.65 1125.54
endloop
endfacet
facet normal -0.7070009745078701 -0.7072125247695408 -0.00025856143093087294
outer loop
vertex 4797 10485.800000000001 1121.77
vertex 4789.85 10492.95 1115.92
vertex 5224.4400000000005 10058.49 1115.92
endloop
endfacet
facet normal -0.707019500215879 -0.707019500215879 -0.01571154444914281
outer loop
vertex 4797 10485.800000000001 1121.77
vertex 5224.4400000000005 10058.49 1115.92
vertex 5237.18 10045.62 1121.77
endloop
endfacet
facet normal -0.7071067811865476 -0.7071067811865476 0
outer loop
vertex 4789.85 10492.95 1115.92
vertex 4781.66 10501.140000000001 1109.29
vertex 5031.91 10250.890000000001 1109.29
endloop
endfacet
facet normal -0.7071067811865475 -0.7071067811865475 0
outer loop
vertex 4789.85 10492.95 1115.92
vertex 5031.91 10250.890000000001 1109.29
vertex 5029.18 10253.62 1115.92
endloop
endfacet
facet normal -0.7071067811865475 -0.7071067811865475 0
outer loop
vertex 4999.41 10283.390000000001 1106.3
vertex 5031.91 10250.890000000001 1109.29
vertex 4781.66 10501.140000000001 1109.29
endloop
endfacet
facet normal -0.7071382663085677 -0.7069736207711259 -0.011990490226738208
outer loop
vertex 4999.41 10283.390000000001 1106.3
vertex 4781.66 10501.140000000001 1109.29
vertex 4772.56 10510.37 1101.75
endloop
endfacet
facet normal -0.7071827848503071 -0.7069674429547983 -0.0094627381512156
outer loop
vertex 4999.41 10283.390000000001 1106.3
vertex 4772.56 10510.37 1101.75
vertex 5199.35 10083.45 1101.75
endloop
endfacet
facet normal -0.7071067811865483 -0.7071067811865466 -8.225278242552915e-14
outer loop
vertex 4999.41 10283.390000000001 1106.3
vertex 5199.35 10083.45 1101.75
vertex 5211.7 10071.1 1109.29
endloop
endfacet
facet normal -0.7071067811865493 -0.7071067811865458 3.828233621956918e-14
outer loop
vertex 4999.41 10283.390000000001 1106.3
vertex 5211.7 10071.1 1109.29
vertex 5031.91 10250.890000000001 1109.29
endloop
endfacet
facet normal -0.7069575026796864 -0.7071738299448884 0.010782562124991645
outer loop
vertex 4772.56 10510.37 1101.75
vertex 4762.29 10520.51 1093.43
vertex 5187.26 10095.67 1093.43
endloop
endfacet
facet normal -0.7071737106378673 -0.7069583715055169 -0.01073330987801231
outer loop
vertex 4772.56 10510.37 1101.75
vertex 5187.26 10095.67 1093.43
vertex 5199.35 10083.45 1101.75
endloop
endfacet
facet normal -0.7071378217465495 -0.70681374391807 -0.019246622146919225
outer loop
vertex 4762.29 10520.51 1093.43
vertex 4756.7 10526.23 1088.75
vertex 5040.2300000000005 10242.57 1088.75
endloop
endfacet
facet normal -0.7068020681715124 -0.7071349942516688 0.019772109982626733
outer loop
vertex 4762.29 10520.51 1093.43
vertex 5040.2300000000005 10242.57 1088.75
vertex 5038.41 10244.52 1093.43
endloop
endfacet
facet normal -0.706798497187777 -0.7074131045766365 -0.001607434709345898
outer loop
vertex 5388.89 9893.91 1114.6200000000001
vertex 5309.33 9973.470000000001 1084.2
vertex 5458.96 9823.970000000001 1084.2
endloop
endfacet
facet normal -0.7103987846632795 -0.7035486307411388 -0.018785391430684816
outer loop
vertex 5388.89 9893.91 1114.6200000000001
vertex 5458.96 9823.970000000001 1084.2
vertex 5447 9835.800000000001 1093.43
endloop
endfacet
facet normal -0.7071067811865357 -0.7071067811865595 3.395390455075723e-14
outer loop
vertex 5388.89 9893.91 1114.6200000000001
vertex 5447 9835.800000000001 1093.43
vertex 5434.91 9847.890000000001 1101.75
endloop
endfacet
facet normal -0.7037603857920113 -0.7100781476884348 0.022590784962917745
outer loop
vertex 5388.89 9893.91 1114.6200000000001
vertex 5434.91 9847.890000000001 1101.75
vertex 5422.56 9860.37 1109.29
endloop
endfacet
facet normal -0.7066675264670315 -0.7074372329548568 -0.01239227445398984
outer loop
vertex 5388.89 9893.91 1114.6200000000001
vertex 5422.56 9860.37 1109.29
vertex 5409.820000000001 9872.98 1115.92
endloop
endfacet
facet normal -0.7071067811865476 -0.7071067811865476 0
outer loop
vertex 5388.89 9893.91 1114.6200000000001
vertex 5409.820000000001 9872.98 1115.92
vertex 5396.95 9885.85 1121.77
endloop
endfacet
facet normal -0.7071067811865474 -0.7071067811865474 0
outer loop
vertex 5388.89 9893.91 1114.6200000000001
vertex 5396.95 9885.85 1121.77
vertex 5383.95 9898.85 1126.71
endloop
endfacet
facet normal -0.7110717200193625 -0.703111961959382 -0.003252374261067647
outer loop
vertex 5388.89 9893.91 1114.6200000000001
vertex 5383.95 9898.85 1126.71
vertex 5370.820000000001 9912.11 1130.74
endloop
endfacet
facet normal -0.7013785430248867 -0.7125546869060118 0.01827450553538654
outer loop
vertex 5388.89 9893.91 1114.6200000000001
vertex 5370.820000000001 9912.11 1130.74
vertex 5357.43 9925.37 1133.8600000000001
endloop
endfacet
facet normal -0.7071067811865097 -0.7071067811865853 1.5640239474700052e-13
outer loop
vertex 5388.89 9893.91 1114.6200000000001
vertex 5357.43 9925.37 1133.8600000000001
vertex 5344.04 9938.76 1136.2
endloop
endfacet
facet normal -0.7071067811865476 -0.7071067811865476 0
outer loop
vertex 5388.89 9893.91 1114.6200000000001
vertex 5344.04 9938.76 1136.2
vertex 5331.04 9951.76 1137.5
endloop
endfacet
facet normal -0.7071067811865496 -0.7071067811865455 -1.041872071857798e-14
outer loop
vertex 5388.89 9893.91 1114.6200000000001
vertex 5331.04 9951.76 1137.5
vertex 5309.33 9973.470000000001 1084.2
endloop
endfacet
facet normal -0.7068292170575142 -0.7071052862739177 0.019863837427407532
outer loop
vertex 4953.13 10329.800000000001 1086.02
vertex 4756.7 10526.23 1088.75
vertex 4751.110000000001 10531.69 1084.2
endloop
endfacet
facet normal -0.7062065812274363 -0.7062065812274342 0.05044332723082223
outer loop
vertex 4953.13 10329.800000000001 1086.02
vertex 4751.110000000001 10531.69 1084.2
vertex 5042.05 10240.75 1084.2
endloop
endfacet
facet normal -0.7062065812274314 -0.7062065812274313 0.05044332723093048
outer loop
vertex 4953.13 10329.800000000001 1086.02
vertex 5042.05 10240.75 1084.2
vertex 5175.3 10107.5 1084.2
endloop
endfacet
facet normal -0.7072869066327833 -0.7067404859694347 -0.01622088769197387
outer loop
vertex 4953.13 10329.800000000001 1086.02
vertex 5175.3 10107.5 1084.2
vertex 5040.2300000000005 10242.57 1088.75
endloop
endfacet
facet normal -0.7070765545727445 -0.7067525048227131 -0.023316151062250337
outer loop
vertex 4953.13 10329.800000000001 1086.02
vertex 5040.2300000000005 10242.57 1088.75
vertex 4756.7 10526.23 1088.75
endloop
endfacet
facet normal -0.7071067811865458 -0.7071067811865489 -4.288337214278102e-14
outer loop
vertex 5913.96 9368.84 514.41
vertex 6122.610000000001 9160.19 514.41
vertex 6128.72 9154.08 529.36
endloop
endfacet
facet normal -0.7073599520004097 -0.7068532471637329 -0.0006207093240489454
outer loop
vertex 5240.6900000000005 10042.24 915.98
vertex 5732.610000000001 9550.32 514.41
vertex 5913.96 9368.84 514.41
endloop
endfacet
facet normal -0.7074064431036137 -0.7068065652093618 -0.0007769378598641358
outer loop
vertex 5240.6900000000005 10042.24 915.98
vertex 5913.96 9368.84 514.41
vertex 5277.35 10005.45 1005.94
endloop
endfacet
facet normal -0.7069442321796178 -0.7072691808228461 -0.00039805294991608457
outer loop
vertex 4647.89 10635.04 768.95
vertex 4751.110000000001 10531.69 1084.2
vertex 4184.83 11097.970000000001 621.9200000000001
endloop
endfacet
facet normal -0.7069420237442451 -0.7072713802885693 -0.00041193336038393706
outer loop
vertex 4647.89 10635.04 768.95
vertex 4184.83 11097.970000000001 621.9200000000001
vertex 4253.6 11029.33 453.7
endloop
endfacet
facet normal -0.7072646504444885 -0.7069487662772509 0.00039508316669555266
outer loop
vertex 4647.89 10635.04 768.95
vertex 4253.6 11029.33 453.7
vertex 4544.54 10738.26 453.7
endloop
endfacet
facet normal -0.7071584255564988 -0.7070550581407946 0.00032545655819840146
outer loop
vertex 4647.89 10635.04 768.95
vertex 4544.54 10738.26 453.7
vertex 5110.820000000001 10172.11 915.98
endloop
endfacet
facet normal -0.7070298801602927 -0.7071835084262647 -0.00048370491169444195
outer loop
vertex 4647.89 10635.04 768.95
vertex 5110.820000000001 10172.11 915.98
vertex 5042.05 10240.75 1084.2
endloop
endfacet
facet normal -0.7071067511256819 -0.7071067511256797 -0.0002915904128348454
outer loop
vertex 4647.89 10635.04 768.95
vertex 5042.05 10240.75 1084.2
vertex 4751.110000000001 10531.69 1084.2
endloop
endfacet
facet normal 0 0 1
outer loop
vertex 4120.35 11162.58 453.7
vertex 4120.87 11161.93 453.7
vertex 4544.54 10738.26 453.7
endloop
endfacet
facet normal -0.5774683910795316 -0.5772911991829156 -0.5772911991793817
outer loop
vertex 4120.87 11161.93 453.7
vertex 4120.87 11162.06 453.57
vertex 4544.41 10738.390000000001 453.57
endloop
endfacet
facet normal -0.7071067811865476 -0.7071067811865476 -5.231089186657426e-12
outer loop
vertex 4120.87 11161.93 453.7
vertex 4544.41 10738.390000000001 453.57
vertex 4544.54 10738.26 453.7
endloop
endfacet
facet normal -0.7071067811865476 -0.7071067811865476 0
outer loop
vertex 6231.42 9051.380000000001 599.95
vertex 6231.42 9051.380000000001 453.44
vertex 7641.400000000001 7641.400000000001 453.44
endloop
endfacet
facet normal -0.7071067811865476 -0.7071067811865476 0
outer loop
vertex 6231.42 9051.380000000001 599.95
vertex 7641.400000000001 7641.400000000001 453.44
vertex 7641.400000000001 7641.400000000001 599.95
endloop
endfacet
facet normal -0.6676412063759827 -0.657965246863346 -0.34833454245721684
outer loop
vertex 6222.06 9060.74 453.7
vertex 6222.58 9060.35 453.44
vertex 6231.42 9051.380000000001 453.44
endloop
endfacet
facet normal -0.6591788431718975 -0.668732159739615 0.34391939643548614
outer loop
vertex 6222.06 9060.74 453.7
vertex 6231.42 9051.380000000001 453.44
vertex 6231.16 9051.77 453.7
endloop
endfacet
facet normal -0.6963106238226162 -0.6963106238226145 -0.17407765595710567
outer loop
vertex 4124.64 11158.16 453.57
vertex 4149.47 11133.460000000001 453.05
vertex 4543.76 10739.17 453.05
endloop
endfacet
facet normal -0.6963106238229204 -0.6963106238229219 -0.1740776559546601
outer loop
vertex 4124.64 11158.16 453.57
vertex 4543.76 10739.17 453.05
vertex 4544.41 10738.390000000001 453.57
endloop
endfacet
facet normal -0.718967998275454 -0.6941759983349032 0.0347087999148243
outer loop
vertex 4120.87 11162.06 453.57
vertex 4119.96 11162.970000000001 452.92
vertex 4123.6 11159.2 452.92
endloop
endfacet
facet normal -0.7184603510992881 -0.6945116727294569 0.03831788539075797
outer loop
vertex 4120.87 11162.06 453.57
vertex 4123.6 11159.2 452.92
vertex 4124.64 11158.16 453.57
endloop
endfacet
facet normal -0.7071067811865479 -0.7071067811865471 0
outer loop
vertex 3528.59 11754.34 511.81
vertex 2641.4700000000003 12641.460000000001 599.95
vertex 2641.4700000000003 12641.460000000001 452.92
endloop
endfacet
facet normal -0.7071067811865475 -0.7071067811865475 -1.0399869378787888e-14
outer loop
vertex 3528.59 11754.34 511.81
vertex 2641.4700000000003 12641.460000000001 452.92
vertex 4119.96 11162.970000000001 452.92
endloop
endfacet
facet normal -0.7071067811865392 -0.707106781186556 0
outer loop
vertex 3528.59 11754.34 511.81
vertex 4119.96 11162.970000000001 452.92
vertex 4119.96 11162.970000000001 453.44
endloop
endfacet
facet normal -0.7071067811865469 -0.7071067811865481 0
outer loop
vertex 3528.59 11754.34 511.81
vertex 4119.96 11162.970000000001 453.44
vertex 4119.96 11162.970000000001 599.95
endloop
endfacet
facet normal -0.7071067811865475 -0.7071067811865476 6.9485852929069465e-15
outer loop
vertex 3528.59 11754.34 511.81
vertex 4119.96 11162.970000000001 599.95
vertex 2641.4700000000003 12641.460000000001 599.95
endloop
endfacet
facet normal -0.7071067811865475 -0.7071067811865475 0
outer loop
vertex 2641.4700000000003 12641.460000000001 452.92
vertex 2641.4700000000003 12641.460000000001 450.71000000000004
vertex 4119.96 11162.970000000001 450.71000000000004
endloop
endfacet
facet normal -0.7065299180320578 -0.7064679525945878 -0.04145487766746925
outer loop
vertex 2641.4700000000003 12641.460000000001 452.92
vertex 4119.96 11162.970000000001 450.71000000000004
vertex 4123.6 11159.2 452.92
endloop
endfacet
facet normal -0.7069767702302209 -0.7070733588250454 0.015202354906857143
outer loop
vertex 6795.49 8487.44 449.8
vertex 6222.58 9060.35 453.44
vertex 6232.59 9050.210000000001 447.33000000000004
endloop
endfacet
facet normal -0.7066176031398224 -0.7066176031397242 0.03719040018612081
outer loop
vertex 6795.49 8487.44 449.8
vertex 6232.59 9050.210000000001 447.33000000000004
vertex 6239.22 9043.58 447.33000000000004
endloop
endfacet
facet normal -0.7066176031403236 -0.7066176031403241 0.03719040016520054
outer loop
vertex 6795.49 8487.44 449.8
vertex 6239.22 9043.58 447.33000000000004
vertex 7641.400000000001 7641.400000000001 447.33000000000004
endloop
endfacet
facet normal -0.7071611092398724 -0.7070524489587975 0
outer loop
vertex 6795.49 8487.44 449.8
vertex 7641.400000000001 7641.400000000001 447.33000000000004
vertex 7641.400000000001 7641.400000000001 453.44
endloop
endfacet
facet normal -0.7071024136229174 -0.7070376309922606 -0.010196323332299714
outer loop
vertex 6795.49 8487.44 449.8
vertex 7641.400000000001 7641.400000000001 453.44
vertex 6222.58 9060.35 453.44
endloop
endfacet
facet normal -0.7070995463087866 -0.7069212959049797 0.016507967952853003
outer loop
vertex 4352.01 10930.79 449.67
vertex 4149.47 11133.460000000001 453.05
vertex 4135.3 11147.5 447.33000000000004
endloop
endfacet
facet normal -0.7071067811865476 -0.7071067811865476 2.7510838662460825e-13
outer loop
vertex 4352.01 10930.79 449.67
vertex 4135.3 11147.5 447.33000000000004
vertex 4395.04 10887.76 447.33000000000004
endloop
endfacet
facet normal -0.7071067811865499 -0.7071067811865452 1.920147815494729e-13
outer loop
vertex 4352.01 10930.79 449.67
vertex 4395.04 10887.76 447.33000000000004
vertex 4536.74 10746.06 447.33000000000004
endloop
endfacet
facet normal -0.7069180016782761 -0.7071184573326741 0.015824860272742183
outer loop
vertex 4352.01 10930.79 449.67
vertex 4536.74 10746.06 447.33000000000004
vertex 4543.76 10739.17 453.05
endloop
endfacet
facet normal -0.7068454221751501 -0.7068454221751485 0.02718636239127575
outer loop
vertex 4352.01 10930.79 449.67
vertex 4543.76 10739.17 453.05
vertex 4149.47 11133.460000000001 453.05
endloop
endfacet
facet normal -0.7067062675429697 -0.7067062675427962 -0.03365267940616364
outer loop
vertex 4119.96 11162.970000000001 444.08000000000004
vertex 4127.37 11155.56 444.08000000000004
vertex 4134.13 11148.67 446.81
endloop
endfacet
facet normal -0.707293768600775 -0.7063379662106964 -0.028674071699889014
outer loop
vertex 4119.96 11162.970000000001 444.08000000000004
vertex 4134.13 11148.67 446.81
vertex 4126.33 11156.470000000001 447.07
endloop
endfacet
facet normal -0.7071067811865475 -0.7071067811865475 0
outer loop
vertex 3627.13 11655.800000000001 447.33000000000004
vertex 2641.4700000000003 12641.460000000001 450.71000000000004
vertex 2641.4700000000003 12641.460000000001 444.08000000000004
endloop
endfacet
facet normal -0.7071067811865475 -0.7071067811865475 0
outer loop
vertex 3627.13 11655.800000000001 447.33000000000004
vertex 2641.4700000000003 12641.460000000001 444.08000000000004
vertex 4119.96 11162.970000000001 444.08000000000004
endloop
endfacet
facet normal -0.7071067811865475 -0.7071067811865475 0
outer loop
vertex 3627.13 11655.800000000001 447.33000000000004
vertex 4119.96 11162.970000000001 444.08000000000004
vertex 4119.96 11162.970000000001 447.2
endloop
endfacet
facet normal -0.7071067811865475 -0.7071067811865475 0
outer loop
vertex 3627.13 11655.800000000001 447.33000000000004
vertex 4119.96 11162.970000000001 447.2
vertex 4119.96 11162.970000000001 447.33000000000004
endloop
endfacet
facet normal -0.7071067811865475 -0.7071067811865475 0
outer loop
vertex 3627.13 11655.800000000001 447.33000000000004
vertex 4119.96 11162.970000000001 447.33000000000004
vertex 4119.96 11162.970000000001 450.71000000000004
endloop
endfacet
facet normal -0.7071067811865475 -0.7071067811865475 0
outer loop
vertex 3627.13 11655.800000000001 447.33000000000004
vertex 4119.96 11162.970000000001 450.71000000000004
vertex 2641.4700000000003 12641.460000000001 450.71000000000004
endloop
endfacet
facet normal -0.7067842795560263 -0.7074285678692093 -0.0008964011313847441
outer loop
vertex 4395.04 10887.76 447.33000000000004
vertex 4386.72 10896.08 441.35
vertex 4529.46 10753.470000000001 441.35
endloop
endfacet
facet normal -0.707023253127525 -0.7070232531275205 -0.015370070720386797
outer loop
vertex 4395.04 10887.76 447.33000000000004
vertex 4529.46 10753.470000000001 441.35
vertex 4536.74 10746.06 447.33000000000004
endloop
endfacet
facet normal -0.7071067811865476 -0.7071067811865476 3.212141474039195e-13
outer loop
vertex 3530.15 11752.78 443.04
vertex 4119.96 11162.970000000001 444.08000000000004
vertex 2641.4700000000003 12641.460000000001 444.08000000000004
endloop
endfacet
facet normal -0.7071067811865476 -0.7071067811865474 0
outer loop
vertex 3530.15 11752.78 443.04
vertex 2641.4700000000003 12641.460000000001 444.08000000000004
vertex 2641.4700000000003 12641.460000000001 441.35
endloop
endfacet
facet normal -0.7067605263710749 -0.7066984099598976 0.032663675908165546
outer loop
vertex 3530.15 11752.78 443.04
vertex 2641.4700000000003 12641.460000000001 441.35
vertex 4120.4800000000005 11162.32 441.35
endloop
endfacet
facet normal -0.7067321891512757 -0.7066733303626965 0.033799659340599045
outer loop
vertex 3530.15 11752.78 443.04
vertex 4120.4800000000005 11162.32 441.35
vertex 4127.37 11155.56 444.08000000000004
endloop
endfacet
facet normal -0.707106781186631 -0.7071067811864641 9.613601311643164e-11
outer loop
vertex 3530.15 11752.78 443.04
vertex 4127.37 11155.56 444.08000000000004
vertex 4119.96 11162.970000000001 444.08000000000004
endloop
endfacet
facet normal -0.7071014084225775 -0.7069402175421015 -0.015592531171476857
outer loop
vertex 6805.110000000001 8477.69 441.48
vertex 6239.22 9043.58 447.33000000000004
vertex 6247.54 9035.39 441.35
endloop
endfacet
facet normal -0.7070984054375969 -0.7069298069070263 0.016189290719557294
outer loop
vertex 6805.110000000001 8477.69 441.48
vertex 6247.54 9035.39 441.35
vertex 6255.860000000001 9026.94 435.76
endloop
endfacet
facet normal -0.7071067811865476 -0.7071067811865476 0
outer loop
vertex 6805.110000000001 8477.69 441.48
vertex 6255.860000000001 9026.94 435.76
vertex 7641.400000000001 7641.400000000001 435.76
endloop
endfacet
facet normal -0.7071067811865476 -0.7071067811865476 0
outer loop
vertex 6805.110000000001 8477.69 441.48
vertex 7641.400000000001 7641.400000000001 435.76
vertex 7641.400000000001 7641.400000000001 447.33000000000004
endloop
endfacet
facet normal -0.7071067811865472 -0.7071067811865477 -7.024793316157114e-14
outer loop
vertex 6805.110000000001 8477.69 441.48
vertex 7641.400000000001 7641.400000000001 447.33000000000004
vertex 6239.22 9043.58 447.33000000000004
endloop
endfacet
facet normal -0.7067874431564491 -0.7074253379607426 -0.0009494248249945532
outer loop
vertex 4386.72 10896.08 441.35
vertex 4378.400000000001 10904.4 435.76
vertex 4522.57 10760.36 435.76
endloop
endfacet
facet normal -0.7067843406589346 -0.7074286290278174 -0.000794122873159147
outer loop
vertex 4386.72 10896.08 441.35
vertex 4522.57 10760.36 435.76
vertex 4529.46 10753.470000000001 441.35
endloop
endfacet
facet normal -0.7067922016153975 -0.7074204613501672 -0.0010366285622463924
outer loop
vertex 4378.400000000001 10904.4 435.76
vertex 4369.82 10912.98 430.56
vertex 4516.2 10766.73 430.56
endloop
endfacet
facet normal -0.7067875459193046 -0.7074254408163443 -0.0007814212487481789
outer loop
vertex 4378.400000000001 10904.4 435.76
vertex 4516.2 10766.73 430.56
vertex 4522.57 10760.36 435.76
endloop
endfacet
facet normal -0.7071067811865479 -0.7071067811865471 0
outer loop
vertex 3750.3700000000003 11532.56 435.63
vertex 2641.4700000000003 12641.460000000001 441.35
vertex 2641.4700000000003 12641.460000000001 429.91
endloop
endfacet
facet normal -0.7071067811865477 -0.7071067811865476 -1.7034083574450702e-13
outer loop
vertex 3750.3700000000003 11532.56 435.63
vertex 2641.4700000000003 12641.460000000001 429.91
vertex 4119.96 11162.970000000001 429.91
endloop
endfacet
facet normal -0.7071067811865466 -0.7071067811865486 0
outer loop
vertex 3750.3700000000003 11532.56 435.63
vertex 4119.96 11162.970000000001 429.91
vertex 4119.96 11162.970000000001 430.56
endloop
endfacet
facet normal -0.7071067811865461 -0.7071067811865489 0
outer loop
vertex 3750.3700000000003 11532.56 435.63
vertex 4119.96 11162.970000000001 430.56
vertex 4119.96 11162.970000000001 435.24
endloop
endfacet
facet normal -0.7071067811865464 -0.7071067811865489 0
outer loop
vertex 3750.3700000000003 11532.56 435.63
vertex 4119.96 11162.970000000001 435.24
vertex 4119.96 11162.970000000001 435.76
endloop
endfacet
facet normal -0.7071067811865464 -0.7071067811865489 0
outer loop
vertex 3750.3700000000003 11532.56 435.63
vertex 4119.96 11162.970000000001 435.76
vertex 4119.96 11162.970000000001 441.09000000000003
endloop
endfacet
facet normal -0.707106781186545 -0.70710678118655 0
outer loop
vertex 3750.3700000000003 11532.56 435.63
vertex 4119.96 11162.970000000001 441.09000000000003
vertex 4119.96 11162.970000000001 441.35
endloop
endfacet
facet normal -0.7071067811865476 -0.7071067811865476 1.703408357445053e-13
outer loop
vertex 3750.3700000000003 11532.56 435.63
vertex 4119.96 11162.970000000001 441.35
vertex 2641.4700000000003 12641.460000000001 441.35
endloop
endfacet
facet normal -0.7071067811865454 -0.7071067811865496 -7.628357800686284e-15
outer loop
vertex 4369.82 10912.98 430.56
vertex 4361.24 10921.56 425.75
vertex 4510.22 10772.58 425.75
endloop
endfacet
facet normal -0.7066737652324749 -0.7073019196904599 0.018335319314019688
outer loop
vertex 4369.82 10912.98 430.56
vertex 4510.22 10772.58 425.75
vertex 4516.2 10766.73 430.56
endloop
endfacet
facet normal -0.7071335053038 -0.7070800560592562 0
outer loop
vertex 2641.4700000000003 12641.460000000001 429.91
vertex 2641.4700000000003 12641.460000000001 425.75
vertex 4361.24 10921.56 425.75
endloop
endfacet
facet normal -0.7069342108896013 -0.7069342108896013 0.022091694090615822
outer loop
vertex 2641.4700000000003 12641.460000000001 429.91
vertex 4361.24 10921.56 425.75
vertex 4119.96 11162.970000000001 429.91
endloop
endfacet
facet normal -0.7072726868697019 -0.7066692118809133 -0.01959518787154907
outer loop
vertex 4361.24 10921.56 425.75
vertex 4352.53 10930.4 421.33000000000004
vertex 4504.76 10778.04 421.33000000000004
endloop
endfacet
facet normal -0.7071067811865454 -0.7071067811865497 -1.5235599039986735e-13
outer loop
vertex 4361.24 10921.56 425.75
vertex 4504.76 10778.04 421.33000000000004
vertex 4510.22 10772.58 425.75
endloop
endfacet
facet normal -0.7071067811865496 -0.7071067811865455 -1.5063445822756817e-13
outer loop
vertex 4352.53 10930.4 421.33000000000004
vertex 4343.6900000000005 10939.24 417.3
vertex 4499.95 10782.98 417.3
endloop
endfacet
facet normal -0.7072361390851872 -0.7066326952805149 -0.022074363693491923
outer loop
vertex 4352.53 10930.4 421.33000000000004
vertex 4499.95 10782.98 417.3
vertex 4504.76 10778.04 421.33000000000004
endloop
endfacet
facet normal -0.7066197698279997 -0.707191468670899 0.02384800887540832
outer loop
vertex 4343.6900000000005 10939.24 417.3
vertex 4334.72 10948.08 413.66
vertex 4495.53 10787.4 413.66
endloop
endfacet
facet normal -0.7071067811865498 -0.7071067811865455 4.522681070270863e-15
outer loop
vertex 4343.6900000000005 10939.24 417.3
vertex 4495.53 10787.4 413.66
vertex 4499.95 10782.98 417.3
endloop
endfacet
facet normal -0.7071356213506467 -0.7070690089496706 0.00355381484681301
outer loop
vertex 6827.21 8455.59 420.68
vertex 6251.83 9031.1 435.76
vertex 6293.17 8989.630000000001 410.67
endloop
endfacet
facet normal -0.7071067811865475 -0.7071067811865475 0
outer loop
vertex 6827.21 8455.59 420.68
vertex 6293.17 8989.630000000001 410.67
vertex 6308.51 8974.29 410.54
endloop
endfacet
facet normal -0.7071067811865475 -0.7071067811865475 -6.395171266689665e-14
outer loop
vertex 6827.21 8455.59 420.68
vertex 6308.51 8974.29 410.54
vertex 7641.400000000001 7641.400000000001 410.54
endloop
endfacet
facet normal -0.7071067811865471 -0.707106781186548 0
outer loop
vertex 6827.21 8455.59 420.68
vertex 7641.400000000001 7641.400000000001 410.54
vertex 7641.400000000001 7641.400000000001 435.76
endloop
endfacet
facet normal -0.7071353452561605 -0.7070691960189993 0.003571488554695303
outer loop
vertex 6827.21 8455.59 420.68
vertex 7641.400000000001 7641.400000000001 435.76
vertex 6251.83 9031.1 435.76
endloop
endfacet
facet normal -0.706828641025612 -0.7073830164303384 -0.001593829288794954
outer loop
vertex 4334.72 10948.08 413.66
vertex 4325.75 10957.050000000001 410.54
vertex 4491.63 10791.300000000001 410.54
endloop
endfacet
facet normal -0.7068206120500257 -0.7073924733866322 -0.0007148266711697847
outer loop
vertex 4334.72 10948.08 413.66
vertex 4491.63 10791.300000000001 410.54
vertex 4495.53 10787.4 413.66
endloop
endfacet
facet normal -0.7068377579449713 -0.707373647071541 -0.0017051017661335007
outer loop
vertex 4325.75 10957.050000000001 410.54
vertex 4316.650000000001 10966.15 407.68
vertex 4488.25 10794.68 407.68
endloop
endfacet
facet normal -0.706829387099568 -0.7073837630894505 -0.0006551716241825612
outer loop
vertex 4325.75 10957.050000000001 410.54
vertex 4488.25 10794.68 407.68
vertex 4491.63 10791.300000000001 410.54
endloop
endfacet
facet normal -0.7071067811865476 -0.7071067811865476 0
outer loop
vertex 3908.71 11374.220000000001 415.74
vertex 2641.4700000000003 12641.460000000001 425.75
vertex 2641.4700000000003 12641.460000000001 407.03000000000003
endloop
endfacet
facet normal -0.7071067811865475 -0.7071067811865475 0
outer loop
vertex 3908.71 11374.220000000001 415.74
vertex 2641.4700000000003 12641.460000000001 407.03000000000003
vertex 4119.96 11162.970000000001 407.03000000000003
endloop
endfacet
facet normal -0.7071067811865475 -0.7071067811865475 0
outer loop
vertex 3908.71 11374.220000000001 415.74
vertex 4119.96 11162.970000000001 407.03000000000003
vertex 4119.96 11162.970000000001 407.68
endloop
endfacet
facet normal -0.7071067811865476 -0.7071067811865476 0
outer loop
vertex 3908.71 11374.220000000001 415.74
vertex 4119.96 11162.970000000001 407.68
vertex 4119.96 11162.970000000001 409.76
endloop
endfacet
facet normal -0.7071067811865476 -0.7071067811865476 0
outer loop
vertex 3908.71 11374.220000000001 415.74
vertex 4119.96 11162.970000000001 409.76
vertex 4119.96 11162.970000000001 410.54
endloop
endfacet
facet normal -0.7071067811865476 -0.7071067811865476 0
outer loop
vertex 3908.71 11374.220000000001 415.74
vertex 4119.96 11162.970000000001 410.54
vertex 4119.96 11162.970000000001 412.88
endloop
endfacet
facet normal -0.7071067811865476 -0.7071067811865476 0
outer loop
vertex 3908.71 11374.220000000001 415.74
vertex 4119.96 11162.970000000001 412.88
vertex 4119.96 11162.970000000001 413.66
endloop
endfacet
facet normal -0.7071067811865476 -0.7071067811865476 0
outer loop
vertex 3908.71 11374.220000000001 415.74
vertex 4119.96 11162.970000000001 413.66
vertex 4119.96 11162.970000000001 416.52000000000004
endloop
endfacet
facet normal -0.7071067811865476 -0.7071067811865476 0
outer loop
vertex 3908.71 11374.220000000001 415.74
vertex 4119.96 11162.970000000001 416.52000000000004
vertex 4119.96 11162.970000000001 417.3
endloop
endfacet
facet normal -0.7071067811865475 -0.7071067811865475 0
outer loop
vertex 3908.71 11374.220000000001 415.74
vertex 4119.96 11162.970000000001 417.3
vertex 4119.96 11162.970000000001 420.55
endloop
endfacet
facet normal -0.7071067811865475 -0.7071067811865475 0
outer loop
vertex 3908.71 11374.220000000001 415.74
vertex 4119.96 11162.970000000001 420.55
vertex 4119.96 11162.970000000001 421.33000000000004
endloop
endfacet
facet normal -0.7071067811865475 -0.7071067811865475 0
outer loop
vertex 3908.71 11374.220000000001 415.74
vertex 4119.96 11162.970000000001 421.33000000000004
vertex 4119.96 11162.970000000001 424.97
endloop
endfacet
facet normal -0.7071067811865476 -0.7071067811865476 0
outer loop
vertex 3908.71 11374.220000000001 415.74
vertex 4119.96 11162.970000000001 424.97
vertex 4119.96 11162.970000000001 425.75
endloop
endfacet
facet normal -0.7071067811865475 -0.7071067811865475 0
outer loop
vertex 3908.71 11374.220000000001 415.74
vertex 4119.96 11162.970000000001 425.75
vertex 2641.4700000000003 12641.460000000001 425.75
endloop
endfacet
facet normal -0.7069285434270222 -0.7070355821829192 0.01878084171194792
outer loop
vertex 6840.99 8441.94 407.42
vertex 6293.56 8989.37 410.54
vertex 6301.62 8981.18 405.6
endloop
endfacet
facet normal -0.7069880718580863 -0.707116638519635 0.012406682839380944
outer loop
vertex 6840.99 8441.94 407.42
vertex 6301.62 8981.18 405.6
vertex 6326.71 8956.09 405.34000000000003
endloop
endfacet
facet normal -0.7064172571013592 -0.7064172571013595 0.044151078568749814
outer loop
vertex 6840.99 8441.94 407.42
vertex 6326.71 8956.09 405.34000000000003
vertex 7641.400000000001 7641.400000000001 405.34000000000003
endloop
endfacet
facet normal -0.707164197188958 -0.7070493605216657 0
outer loop
vertex 6840.99 8441.94 407.42
vertex 7641.400000000001 7641.400000000001 405.34000000000003
vertex 7641.400000000001 7641.400000000001 410.54
endloop
endfacet
facet normal -0.7070902599421665 -0.7070220672273488 -0.01196498008715346
outer loop
vertex 6840.99 8441.94 407.42
vertex 7641.400000000001 7641.400000000001 410.54
vertex 6293.56 8989.37 410.54
endloop
endfacet
facet normal -0.7071067811865457 -0.7071067811865493 -1.391874123089222e-14
outer loop
vertex 4316.650000000001 10966.15 407.68
vertex 4307.55 10975.25 405.34000000000003
vertex 4485.26 10797.54 405.34000000000003
endloop
endfacet
facet normal -0.7063124154499438 -0.7068479062880413 0.03858508983374908
outer loop
vertex 4316.650000000001 10966.15 407.68
vertex 4485.26 10797.54 405.34000000000003
vertex 4488.25 10794.68 407.68
endloop
endfacet
facet normal -0.7071343664472566 -0.7070791948496554 0
outer loop
vertex 2641.4700000000003 12641.460000000001 407.03000000000003
vertex 2641.4700000000003 12641.460000000001 405.34000000000003
vertex 4307.55 10975.25 405.34000000000003
endloop
endfacet
facet normal -0.7060630805716243 -0.7060630805716243 0.054312544659737706
outer loop
vertex 2641.4700000000003 12641.460000000001 407.03000000000003
vertex 4307.55 10975.25 405.34000000000003
vertex 4119.96 11162.970000000001 407.03000000000003
endloop
endfacet
facet normal -0.705996911294625 -0.7061143252239946 0.05450615521124152
outer loop
vertex 6845.150000000001 8437.78 404.17
vertex 6302.01 8980.92 405.34000000000003
vertex 6304.74 8978.06 403.65000000000003
endloop
endfacet
facet normal -0.6772983152754489 -0.6777367906629861 -0.28625134882979075
outer loop
vertex 6845.150000000001 8437.78 404.17
vertex 6304.74 8978.06 403.65000000000003
vertex 6335.9400000000005 8946.99 403.39
endloop
endfacet
facet normal -0.7063960870264104 -0.7063257498674917 0.045918441914998304
outer loop
vertex 6845.150000000001 8437.78 404.17
vertex 6335.9400000000005 8946.99 403.39
vertex 7641.400000000001 7641.400000000001 403.39
endloop
endfacet
facet normal -0.7071644971215476 -0.7070490605402349 0
outer loop
vertex 6845.150000000001 8437.78 404.17
vertex 7641.400000000001 7641.400000000001 403.39
vertex 7641.400000000001 7641.400000000001 405.34000000000003
endloop
endfacet
facet normal -0.7067825044567465 -0.7067139114341872 -0.03184240536204966
outer loop
vertex 6845.150000000001 8437.78 404.17
vertex 7641.400000000001 7641.400000000001 405.34000000000003
vertex 6302.01 8980.92 405.34000000000003
endloop
endfacet
facet normal -0.7071317395113988 -0.7070818219807259 0
outer loop
vertex 2641.4700000000003 12641.460000000001 405.34000000000003
vertex 2641.4700000000003 12641.460000000001 403.39
vertex 4482.92 10799.880000000001 403.39
endloop
endfacet
facet normal -0.7071317065724159 -0.7070818523911854 0.0000598250175020098
outer loop
vertex 2641.4700000000003 12641.460000000001 405.34000000000003
vertex 4482.92 10799.880000000001 403.39
vertex 4485.26 10797.54 405.34000000000003
endloop
endfacet
facet normal -0.7053173119487774 -0.7053850267444728 -0.07042338752183194
outer loop
vertex 6848.14 8434.79 402.61
vertex 6305.13 8977.67 403.39
vertex 6307.34 8975.59 402.09000000000003
endloop
endfacet
facet normal -0.7071067811865471 -0.707106781186548 0
outer loop
vertex 6848.14 8434.79 402.61
vertex 6307.34 8975.59 402.09000000000003
vertex 6345.17 8937.76 401.96000000000004
endloop
endfacet
facet normal -0.7060800426379852 -0.7060092363761887 0.05478988537907436
outer loop
vertex 6848.14 8434.79 402.61
vertex 6345.17 8937.76 401.96000000000004
vertex 7641.400000000001 7641.400000000001 401.96000000000004
endloop
endfacet
facet normal -0.7071647146409434 -0.7070488429852589 0
outer loop
vertex 6848.14 8434.79 402.61
vertex 7641.400000000001 7641.400000000001 401.96000000000004
vertex 7641.400000000001 7641.400000000001 403.39
endloop
endfacet
facet normal -0.7022468831767328 -0.7022468831767332 -0.11704114719673497
outer loop
vertex 6848.14 8434.79 402.61
vertex 7641.400000000001 7641.400000000001 403.39
vertex 6305.13 8977.67 403.39
endloop
endfacet
facet normal -0.7071067811865477 -0.7071067811865475 -8.994075210007933e-13
outer loop
vertex 4298.32 10984.48 403.39
vertex 4289.09 10993.710000000001 401.96000000000004
vertex 4481.1 10801.7 401.96000000000004
endloop
endfacet
facet normal -0.707106781186544 -0.707106781186551 -1.948980206159297e-14
outer loop
vertex 4298.32 10984.48 403.39
vertex 4481.1 10801.7 401.96000000000004
vertex 4482.92 10799.880000000001 403.39
endloop
endfacet
facet normal -0.7043878961570171 -0.7043191552673761 -0.08816019096475018
outer loop
vertex 6307.6 8975.2 401.96000000000004
vertex 6309.42 8973.51 400.92
vertex 7641.400000000001 7641.400000000001 400.92
endloop
endfacet
facet normal -0.7071067811865476 -0.7071067811865476 0
outer loop
vertex 6307.6 8975.2 401.96000000000004
vertex 7641.400000000001 7641.400000000001 400.92
vertex 7641.400000000001 7641.400000000001 401.96000000000004
endloop
endfacet
facet normal -0.7071067811865491 -0.7071067811865458 2.8608420542802104e-14
outer loop
vertex 4289.09 10993.710000000001 401.96000000000004
vertex 4279.860000000001 11002.94 400.92
vertex 4479.8 10803 400.92
endloop
endfacet
facet normal -0.7071067811865476 -0.7071067811865476 6.183426706880115e-13
outer loop
vertex 4289.09 10993.710000000001 401.96000000000004
vertex 4479.8 10803 400.92
vertex 4481.1 10801.7 401.96000000000004
endloop
endfacet
facet normal -0.6998687162849604 -0.7000106271109913 0.14201725915295865
outer loop
vertex 6874.79 8408.14 400.40000000000003
vertex 6354.400000000001 8928.53 400.92
vertex 6363.63 8919.17 400.27000000000004
endloop
endfacet
facet normal -0.7070034976165228 -0.7071817412816218 0.006327650108606021
outer loop
vertex 6874.79 8408.14 400.40000000000003
vertex 6363.63 8919.17 400.27000000000004
vertex 6372.860000000001 8909.94 400.01
endloop
endfacet
facet normal -0.6882472016121659 -0.6882472016121659 0.22941573386767805
outer loop
vertex 6874.79 8408.14 400.40000000000003
vertex 6372.860000000001 8909.94 400.01
vertex 7641.400000000001 7641.400000000001 400.01
endloop
endfacet
facet normal -0.7071667283509208 -0.7070468289395371 0
outer loop
vertex 6874.79 8408.14 400.40000000000003
vertex 7641.400000000001 7641.400000000001 400.01
vertex 7641.400000000001 7641.400000000001 400.92
endloop
endfacet
facet normal -0.7053431072966522 -0.7052718677140547 -0.0712930122819357
outer loop
vertex 6874.79 8408.14 400.40000000000003
vertex 7641.400000000001 7641.400000000001 400.92
vertex 6354.400000000001 8928.53 400.92
endloop
endfacet
facet normal -0.7072245995889184 -0.7069889366100498 0.00009616280421737675
outer loop
vertex 5732.610000000001 9550.32 514.41
vertex 6025.110000000001 9257.69 275.47
vertex 6122.610000000001 9160.19 514.41
endloop
endfacet
facet normal -0.716678981196226 -0.6973666130173173 -0.007144575585357905
outer loop
vertex 4279.860000000001 11002.94 400.92
vertex 4275.31 11007.62 400.53000000000003
vertex 4326.27 10956.53 275.47
endloop
endfacet
facet normal -0.7071067811865491 -0.7071067811865459 -1.179431313233596e-15
outer loop
vertex 4279.860000000001 11002.94 400.92
vertex 4326.27 10956.53 275.47
vertex 4479.8 10803 400.92
endloop
endfacet
facet normal -0.7071067811865476 -0.7071067811865476 7.267730810782793e-15
outer loop
vertex 6823.7 8459.1 319.93
vertex 6372.860000000001 8909.94 400.01
vertex 6231.42 9051.380000000001 400.01
endloop
endfacet
facet normal -0.7071067811865479 -0.7071067811865469 0
outer loop
vertex 6823.7 8459.1 319.93
vertex 6231.42 9051.380000000001 400.01
vertex 6231.42 9051.380000000001 199.94
endloop
endfacet
facet normal -0.7071067811865476 -0.7071067811865476 -5.352169079170278e-15
outer loop
vertex 6823.7 8459.1 319.93
vertex 6231.42 9051.380000000001 199.94
vertex 7641.400000000001 7641.400000000001 199.94
endloop
endfacet
facet normal -0.7071067811865471 -0.7071067811865479 0
outer loop
vertex 6823.7 8459.1 319.93
vertex 7641.400000000001 7641.400000000001 199.94
vertex 7641.400000000001 7641.400000000001 400.01
endloop
endfacet
facet normal -0.7071067811865476 -0.7071067811865476 7.698223576578318e-15
outer loop
vertex 6823.7 8459.1 319.93
vertex 7641.400000000001 7641.400000000001 400.01
vertex 6372.860000000001 8909.94 400.01
endloop
endfacet
facet normal -0.7071067811865477 -0.7071067811865474 0
outer loop
vertex 3873.48 11409.45 367.90000000000003
vertex 2641.4700000000003 12641.460000000001 403.39
vertex 2641.4700000000003 12641.460000000001 199.94
endloop
endfacet
facet normal -0.7071067811865476 -0.7071067811865476 -1.823196915089362e-15
outer loop
vertex 3873.48 11409.45 367.90000000000003
vertex 2641.4700000000003 12641.460000000001 199.94
vertex 4119.96 11162.970000000001 199.94
endloop
endfacet
facet normal -0.7071067811865469 -0.7071067811865482 0
outer loop
vertex 3873.48 11409.45 367.90000000000003
vertex 4119.96 11162.970000000001 199.94
vertex 4119.96 11162.970000000001 400.01
endloop
endfacet
facet normal -0.7071067811865475 -0.7071067811865475 0
outer loop
vertex 3873.48 11409.45 367.90000000000003
vertex 4119.96 11162.970000000001 400.01
vertex 4119.96 11162.970000000001 400.14
endloop
endfacet
facet normal -0.7071067811865474 -0.7071067811865474 0
outer loop
vertex 3873.48 11409.45 367.90000000000003
vertex 4119.96 11162.970000000001 400.14
vertex 4119.96 11162.970000000001 400.27000000000004
endloop
endfacet
facet normal -0.7071067811865426 -0.7071067811865526 0
outer loop
vertex 3873.48 11409.45 367.90000000000003
vertex 4119.96 11162.970000000001 400.27000000000004
vertex 4119.96 11162.970000000001 400.53000000000003
endloop
endfacet
facet normal -0.7071067811865508 -0.7071067811865441 0
outer loop
vertex 3873.48 11409.45 367.90000000000003
vertex 4119.96 11162.970000000001 400.53000000000003
vertex 4119.96 11162.970000000001 400.92
endloop
endfacet
facet normal -0.7071067811865476 -0.7071067811865476 0
outer loop
vertex 3873.48 11409.45 367.90000000000003
vertex 4119.96 11162.970000000001 400.92
vertex 4119.96 11162.970000000001 401.44
endloop
endfacet
facet normal -0.7071067811865425 -0.7071067811865525 0
outer loop
vertex 3873.48 11409.45 367.90000000000003
vertex 4119.96 11162.970000000001 401.44
vertex 4119.96 11162.970000000001 401.96000000000004
endloop
endfacet
facet normal -0.7071067811865503 -0.7071067811865446 0
outer loop
vertex 3873.48 11409.45 367.90000000000003
vertex 4119.96 11162.970000000001 401.96000000000004
vertex 4119.96 11162.970000000001 402.87
endloop
endfacet
facet normal -0.7071067811865426 -0.7071067811865526 0
outer loop
vertex 3873.48 11409.45 367.90000000000003
vertex 4119.96 11162.970000000001 402.87
vertex 4119.96 11162.970000000001 403.39
endloop
endfacet
facet normal -0.7071067811865475 -0.7071067811865475 8.628463056027323e-15
outer loop
vertex 3873.48 11409.45 367.90000000000003
vertex 4119.96 11162.970000000001 403.39
vertex 2641.4700000000003 12641.460000000001 403.39
endloop
endfacet
facet normal 0 0 1
outer loop
vertex 2358.59 12358.58 199.94
vertex 3837.08 10880.09 199.94
vertex 4119.96 11162.970000000001 199.94
endloop
endfacet
facet normal 0 0 1
outer loop
vertex 2358.59 12358.58 199.94
vertex 4119.96 11162.970000000001 199.94
vertex 2641.4700000000003 12641.460000000001 199.94
endloop
endfacet
facet normal 0 0 0.9999999999999999
outer loop
vertex 5948.67 8768.5 199.94
vertex 7358.52 7358.52 199.94
vertex 7641.400000000001 7641.400000000001 199.94
endloop
endfacet
facet normal 0 0 1
outer loop
vertex 5948.67 8768.5 199.94
vertex 7641.400000000001 7641.400000000001 199.94
vertex 6231.42 9051.380000000001 199.94
endloop
endfacet
facet normal 0 0 -1
outer loop
vertex 4119.96 11162.970000000001 599.95
vertex 3837.08 10880.09 599.95
vertex 2358.59 12358.58 599.95
endloop
endfacet
facet normal 0 0 -1
outer loop
vertex 4119.96 11162.970000000001 599.95
vertex 2358.59 12358.58 599.95
vertex 2641.4700000000003 12641.460000000001 599.95
endloop
endfacet
facet normal 0 0 -1
outer loop
vertex 7641.400000000001 7641.400000000001 599.95
vertex 7358.52 7358.52 599.95
vertex 5948.67 8768.5 599.95
endloop
endfacet
facet normal 0 0 -0.9999999999999999
outer loop
vertex 7641.400000000001 7641.400000000001 599.95
vertex 5948.67 8768.5 599.95
vertex 6231.42 9051.380000000001 599.95
endloop
endfacet
facet normal -0.014081713882676705 0.014081713882676683 0.9998016856698397
outer loop
vertex 4261.400000000001 11021.53 400.01
vertex 3978.52 10738.65 400.01
vertex 3987.75 10729.42 400.27000000000004
endloop
endfacet
facet normal -0.013980042735602953 0.013986470341458408 0.9998044494062318
outer loop
vertex 4261.400000000001 11021.53 400.01
vertex 3987.75 10729.42 400.27000000000004
vertex 4270.63 11012.17 400.27000000000004
endloop
endfacet
facet normal 0.7071067811865481 0.7071067811865469 -1.28709022159286e-12
outer loop
vertex 3837.08 10880.09 400.14
vertex 3987.75 10729.42 400.27000000000004
vertex 3978.52 10738.65 400.01
endloop
endfacet
facet normal 0.7071067811865488 0.7071067811865465 0
outer loop
vertex 3837.08 10880.09 400.14
vertex 3978.52 10738.65 400.01
vertex 3837.08 10880.09 400.01
endloop
endfacet
facet normal 0.7071067811865476 0.7071067811865476 0
outer loop
vertex 3837.08 10880.09 400.27000000000004
vertex 3987.75 10729.42 400.27000000000004
vertex 3837.08 10880.09 400.14
endloop
endfacet
facet normal 0.7071067811865491 0.707106781186546 5.432158680429153e-13
outer loop
vertex 4954.43 9762.74 1121.77
vertex 4743.96 9973.210000000001 1121.77
vertex 4743.4400000000005 9973.73 1122.94
endloop
endfacet
facet normal 0.7071067811865476 0.7071067811865476 0
outer loop
vertex 4954.43 9762.74 1121.77
vertex 4743.4400000000005 9973.73 1122.94
vertex 4967.43 9749.74 1126.71
endloop
endfacet
facet normal 0.7071067811865476 0.7071067811865476 0
outer loop
vertex 4928.95 9788.220000000001 1109.29
vertex 4749.03 9968.140000000001 1109.29
vertex 4748.12 9969.050000000001 1111.5
endloop
endfacet
facet normal 0.7071067811865476 0.7071067811865476 0
outer loop
vertex 4928.95 9788.220000000001 1109.29
vertex 4748.12 9969.050000000001 1111.5
vertex 4941.56 9775.61 1115.92
endloop
endfacet
facet normal 0.7071067811865475 0.7071067811865475 1.361275524480785e-13
outer loop
vertex 4892.55 9824.62 1084.2
vertex 4759.3 9957.87 1084.2
vertex 4757.35 9959.82 1088.88
endloop
endfacet
facet normal 0.7071067811865451 0.7071067811865498 5.921547568638246e-15
outer loop
vertex 4892.55 9824.62 1084.2
vertex 4757.35 9959.82 1088.88
vertex 4904.38 9812.79 1093.43
endloop
endfacet
facet normal 0.7071067811865476 0.7071067811865476 0
outer loop
vertex 3987.75 10729.42 400.27000000000004
vertex 3837.08 10880.09 400.27000000000004
vertex 3837.08 10880.09 400.53000000000003
endloop
endfacet
facet normal 0.7071067811865479 0.7071067811865469 4.821605234931508e-13
outer loop
vertex 3987.75 10729.42 400.27000000000004
vertex 3837.08 10880.09 400.53000000000003
vertex 3997.11 10720.06 400.92
endloop
endfacet
facet normal 0.7071067811865486 0.7071067811865465 0
outer loop
vertex 3997.11 10720.06 400.92
vertex 3837.08 10880.09 400.53000000000003
vertex 3837.08 10880.09 400.92
endloop
endfacet
facet normal 0.7071067811865493 0.7071067811865458 4.6670352322869887e-14
outer loop
vertex 5907.46 8809.710000000001 400.53000000000003
vertex 6071.52 8645.65 400.92
vertex 6080.75 8636.42 400.27000000000004
endloop
endfacet
facet normal 0.7071067811865476 0.7071067811865476 -2.4844345152123878e-12
outer loop
vertex 5907.46 8809.710000000001 400.53000000000003
vertex 6080.75 8636.42 400.27000000000004
vertex 5798 8919.17 400.27000000000004
endloop
endfacet
facet normal 0.7071067811865475 0.7071067811865475 -2.4704655990203192e-12
outer loop
vertex 5907.46 8809.710000000001 400.53000000000003
vertex 5798 8919.17 400.27000000000004
vertex 5793.320000000001 8923.85 400.53000000000003
endloop
endfacet
facet normal 0.7071067811865475 0.7071067811865475 0
outer loop
vertex 5907.46 8809.710000000001 400.53000000000003
vertex 5793.320000000001 8923.85 400.53000000000003
vertex 5793.45 8923.720000000001 400.92
endloop
endfacet
facet normal 0.7071067811865487 0.7071067811865465 6.641779515083562e-13
outer loop
vertex 5907.46 8809.710000000001 400.53000000000003
vertex 5793.45 8923.720000000001 400.92
vertex 6071.52 8645.65 400.92
endloop
endfacet
facet normal 0.7071067811865481 0.7071067811865469 -3.177141870710342e-13
outer loop
vertex 3837.08 10880.09 401.31
vertex 4006.34 10710.83 401.96000000000004
vertex 3997.11 10720.06 400.92
endloop
endfacet
facet normal 0.7071067811865486 0.7071067811865465 0
outer loop
vertex 3837.08 10880.09 401.31
vertex 3997.11 10720.06 400.92
vertex 3837.08 10880.09 400.92
endloop
endfacet
facet normal 0.7071067811865476 0.7071067811865476 0
outer loop
vertex 3837.08 10880.09 401.96000000000004
vertex 4006.34 10710.83 401.96000000000004
vertex 3837.08 10880.09 401.31
endloop
endfacet
facet normal 0.6954449419522765 0.6951253440929208 -0.18209088036662735
outer loop
vertex 5020.7300000000005 9696.31 1137.5
vertex 4737.9800000000005 9979.19 1137.5
vertex 5034.25 9682.92 1138.02
endloop
endfacet
facet normal 0.7020305484569037 0.7024354103648953 -0.11720752236439581
outer loop
vertex 4967.43 9749.74 1126.71
vertex 4741.88 9975.16 1126.71
vertex 4741.62 9975.550000000001 1127.49
endloop
endfacet
facet normal 0.7069659341493504 0.7068880444414041 0.022549070449658697
outer loop
vertex 4967.43 9749.74 1126.71
vertex 4741.62 9975.550000000001 1127.49
vertex 4980.56 9736.48 1130.74
endloop
endfacet
facet normal 0.7071067811865476 0.7071067811865476 0
outer loop
vertex 4941.56 9775.61 1115.92
vertex 4746.3 9970.87 1115.92
vertex 4745.650000000001 9971.52 1117.6100000000001
endloop
endfacet
facet normal 0.7071067811865479 0.7071067811865471 1.0793540492244569e-13
outer loop
vertex 4941.56 9775.61 1115.92
vertex 4745.650000000001 9971.52 1117.6100000000001
vertex 4954.43 9762.74 1121.77
endloop
endfacet
facet normal 0.7071067811865476 0.7071067811865476 2.1466804891794307e-13
outer loop
vertex 4916.47 9800.7 1101.75
vertex 4752.150000000001 9965.02 1101.75
vertex 4750.85 9966.32 1104.74
endloop
endfacet
facet normal 0.7071067811865458 0.7071067811865495 6.250630506777131e-15
outer loop
vertex 4916.47 9800.7 1101.75
vertex 4750.85 9966.32 1104.74
vertex 4928.95 9788.220000000001 1109.29
endloop
endfacet
facet normal 0.7071067811865452 0.7071067811865499 1.1384936132690173e-13
outer loop
vertex 4112.16 10605.01 447.33000000000004
vertex 4103.97 10613.2 441.35
vertex 3837.08 10880.09 436.15000000000003
endloop
endfacet
facet normal 0.7071067811865476 0.7071067811865476 0
outer loop
vertex 4112.16 10605.01 447.33000000000004
vertex 3837.08 10880.09 436.15000000000003
vertex 3837.08 10880.09 447.33000000000004
endloop
endfacet
facet normal 0.7073847717250585 0.7068286516215007 -0.00020488635394551687
outer loop
vertex 5972.9800000000005 8744.06 435.76
vertex 5807.75 8909.42 435.76
vertex 5808.66 8908.51 438.23
endloop
endfacet
facet normal 0.7071762954324124 0.7068570284818784 -0.015963347526704297
outer loop
vertex 5972.9800000000005 8744.06 435.76
vertex 5808.66 8908.51 438.23
vertex 5964.66 8752.51 441.35
endloop
endfacet
facet normal 0.7071067811865481 0.7071067811865468 0
outer loop
vertex 4078.36 10638.81 425.75
vertex 3837.08 10880.09 425.75
vertex 3837.08 10880.09 426.40000000000003
endloop
endfacet
facet normal 0.707106781186548 0.707106781186547 -1.3538072018709728e-13
outer loop
vertex 4078.36 10638.81 425.75
vertex 3837.08 10880.09 426.40000000000003
vertex 4087.07 10630.1 430.56
endloop
endfacet
facet normal 0.707106781186546 0.7071067811865489 0
outer loop
vertex 6025.63 8691.54 410.54
vertex 5797.35 8919.82 410.54
vertex 5797.610000000001 8919.56 411.06
endloop
endfacet
facet normal 0.7071067811865462 0.7071067811865486 1.9950511948022517e-13
outer loop
vertex 6025.63 8691.54 410.54
vertex 5797.610000000001 8919.56 411.06
vertex 6016.66 8700.51 413.66
endloop
endfacet
facet normal 0.7073403424494076 0.7068731427516218 0
outer loop
vertex 4033.77 10683.27 407.68
vertex 3837.08 10880.09 407.68
vertex 3837.08 10880.09 408.46000000000004
endloop
endfacet
facet normal 0.7068850481020083 0.7065496539744489 -0.03318305649587009
outer loop
vertex 4033.77 10683.27 407.68
vertex 3837.08 10880.09 408.46000000000004
vertex 4042.8700000000003 10674.300000000001 410.54
endloop
endfacet
facet normal 0.7071067811865475 0.7071067811865475 0
outer loop
vertex 4006.34 10710.83 401.96000000000004
vertex 3837.08 10880.09 401.96000000000004
vertex 3837.08 10880.09 402.48
endloop
endfacet
facet normal 0.7071067811865471 0.7071067811865478 -2.201526328484514e-13
outer loop
vertex 4006.34 10710.83 401.96000000000004
vertex 3837.08 10880.09 402.48
vertex 4015.57 10701.6 403.39
endloop
endfacet
facet normal 0.7071067811865467 0.7071067811865485 0
outer loop
vertex 3837.08 10880.09 403.39
vertex 4015.57 10701.6 403.39
vertex 3837.08 10880.09 402.48
endloop
endfacet
facet normal 0.7071067811865462 0.7071067811865488 2.3656012876001645e-13
outer loop
vertex 4993.95 9723.220000000001 1133.8600000000001
vertex 4740.06 9977.11 1131.13
vertex 4739.02 9978.15 1133.8600000000001
endloop
endfacet
facet normal 0.7071067811865482 0.7071067811865469 0
outer loop
vertex 4095.52 10621.65 435.76
vertex 3837.08 10880.09 431.08000000000004
vertex 3837.08 10880.09 435.76
endloop
endfacet
facet normal 0.7071067811865482 0.7071067811865469 0
outer loop
vertex 4078.36 10638.81 425.75
vertex 3837.08 10880.09 421.98
vertex 3837.08 10880.09 425.75
endloop
endfacet
facet normal 0.7071067811865451 0.7071067811865498 0
outer loop
vertex 4042.8700000000003 10674.300000000001 410.54
vertex 3837.08 10880.09 408.46000000000004
vertex 3837.08 10880.09 410.54
endloop
endfacet
facet normal 0.7071067811865489 0.7071067811865459 0
outer loop
vertex 4954.43 9762.74 1121.77
vertex 4745.650000000001 9971.52 1117.6100000000001
vertex 4743.96 9973.210000000001 1121.77
endloop
endfacet
facet normal 0.707320699423617 0.7068927982140469 0
outer loop
vertex 4051.84 10665.2 413.66
vertex 3837.08 10880.09 411.32
vertex 3837.08 10880.09 414.44
endloop
endfacet
facet normal 0.707033177552475 0.7067000427562349 -0.026060226560533167
outer loop
vertex 4051.84 10665.2 413.66
vertex 3837.08 10880.09 414.44
vertex 4060.81 10656.36 417.3
endloop
endfacet
facet normal -0.7072845578672926 -0.7069289597989805 0
outer loop
vertex 4119.96 11162.970000000001 441.35
vertex 4119.96 11162.970000000001 441.09000000000003
vertex 4378.400000000001 10904.4 435.76
endloop
endfacet
facet normal -0.7072789222222889 -0.7069344122747839 0.0005127589916337356
outer loop
vertex 4119.96 11162.970000000001 441.35
vertex 4378.400000000001 10904.4 435.76
vertex 4386.72 10896.08 441.35
endloop
endfacet
facet normal -0.707106781186549 -0.7071067811865461 0
outer loop
vertex 4119.96 11162.970000000001 421.33000000000004
vertex 4119.96 11162.970000000001 420.55
vertex 4343.6900000000005 10939.24 417.3
endloop
endfacet
facet normal -0.7071067811865502 -0.7071067811865448 -1.4821091475605086e-13
outer loop
vertex 4119.96 11162.970000000001 421.33000000000004
vertex 4343.6900000000005 10939.24 417.3
vertex 4352.53 10930.4 421.33000000000004
endloop
endfacet
facet normal -0.7073300193012484 -0.7068834725718911 0
outer loop
vertex 4119.96 11162.970000000001 413.66
vertex 4119.96 11162.970000000001 412.88
vertex 4325.75 10957.050000000001 410.54
endloop
endfacet
facet normal -0.7073201641835667 -0.70689226329779 0.0012302150464014864
outer loop
vertex 4119.96 11162.970000000001 413.66
vertex 4325.75 10957.050000000001 410.54
vertex 4334.72 10948.08 413.66
endloop
endfacet
facet normal -0.707279015201825 -0.7069345052090303 0
outer loop
vertex 4119.96 11162.970000000001 447.33000000000004
vertex 4119.96 11162.970000000001 447.2
vertex 4386.72 10896.08 441.35
endloop
endfacet
facet normal -0.7072737312942627 -0.7069396388373427 0.00046482428789355374
outer loop
vertex 4119.96 11162.970000000001 447.33000000000004
vertex 4386.72 10896.08 441.35
vertex 4395.04 10887.76 447.33000000000004
endloop
endfacet
facet normal -0.7072906601997647 -0.7069228543442212 0
outer loop
vertex 4119.96 11162.970000000001 435.76
vertex 4119.96 11162.970000000001 435.24
vertex 4369.82 10912.98 430.56
endloop
endfacet
facet normal -0.7072844361224022 -0.706928838115299 0.0005867367118429858
outer loop
vertex 4119.96 11162.970000000001 435.76
vertex 4369.82 10912.98 430.56
vertex 4378.400000000001 10904.4 435.76
endloop
endfacet
facet normal -0.7071067811865502 -0.7071067811865448 0
outer loop
vertex 4119.96 11162.970000000001 425.75
vertex 4119.96 11162.970000000001 424.97
vertex 4352.53 10930.4 421.33000000000004
endloop
endfacet
facet normal -0.7071551977619415 -0.7067743925935126 -0.02003707195028014
outer loop
vertex 4119.96 11162.970000000001 425.75
vertex 4352.53 10930.4 421.33000000000004
vertex 4361.24 10921.56 425.75
endloop
endfacet
facet normal -0.70732069942362 -0.7068927982140439 0
outer loop
vertex 4119.96 11162.970000000001 413.66
vertex 4334.72 10948.08 413.66
vertex 4119.96 11162.970000000001 416.52000000000004
endloop
endfacet
facet normal -0.7056031678673707 -0.7085930117990146 0.004484765894990111
outer loop
vertex 6305.13 8977.67 403.39
vertex 6335.9400000000005 8946.99 403.39
vertex 6304.74 8978.06 403.65000000000003
endloop
endfacet
facet normal -0.7071067811865489 -0.707106781186546 0
outer loop
vertex 4343.6900000000005 10939.24 417.3
vertex 4119.96 11162.970000000001 417.3
vertex 4119.96 11162.970000000001 416.52000000000004
endloop
endfacet
facet normal -0.7069219008578623 -0.7068331287480822 0.02546280015441064
outer loop
vertex 4343.6900000000005 10939.24 417.3
vertex 4119.96 11162.970000000001 416.52000000000004
vertex 4334.72 10948.08 413.66
endloop
endfacet
facet normal 0.7072980120526924 0.7069154820299486 0.00015301200929654816
outer loop
vertex 4980.56 9736.48 1130.74
vertex 4741.62 9975.550000000001 1127.49
vertex 4740.32 9976.85 1130.74
endloop
endfacet
facet normal 0.7071067811865469 0.7071067811865481 0
outer loop
vertex 4087.07 10630.1 430.56
vertex 3837.08 10880.09 426.40000000000003
vertex 3837.08 10880.09 430.56
endloop
endfacet
facet normal 0.7071067811865468 0.7071067811865481 0
outer loop
vertex 4069.65 10647.52 421.33000000000004
vertex 3837.08 10880.09 418.08000000000004
vertex 3837.08 10880.09 421.33000000000004
endloop
endfacet
facet normal 0.707106781186549 0.7071067811865461 -2.450694430964772e-13
outer loop
vertex 6016.66 8700.51 413.66
vertex 5797.610000000001 8919.56 411.06
vertex 5798.650000000001 8918.52 413.66
endloop
endfacet
facet normal 0.7071067811865462 0.7071067811865488 -2.448914696446573e-12
outer loop
vertex 6053.06 8664.11 403.39
vertex 5794.49 8922.68 403.39
vertex 5794.62 8922.550000000001 403.65000000000003
endloop
endfacet
facet normal 0.7071067811865477 0.7071067811865474 3.3145485742904397e-13
outer loop
vertex 6053.06 8664.11 403.39
vertex 5794.62 8922.550000000001 403.65000000000003
vertex 6043.83 8673.34 405.34000000000003
endloop
endfacet
facet normal -0.7071067811865475 -0.7071067811865475 0
outer loop
vertex 4120.4800000000005 11162.32 441.35
vertex 4386.72 10896.08 441.35
vertex 4134.13 11148.67 446.81
endloop
endfacet
facet normal -0.7071067811865476 -0.7071067811865476 0
outer loop
vertex 6092.84 9189.960000000001 441.35
vertex 6090.5 9192.300000000001 435.76
vertex 6255.860000000001 9026.94 435.76
endloop
endfacet
facet normal -0.7067033025949867 -0.7072976703852186 0.017333423463971577
outer loop
vertex 6092.84 9189.960000000001 441.35
vertex 6255.860000000001 9026.94 435.76
vertex 6247.54 9035.39 441.35
endloop
endfacet
facet normal -0.7066176031403195 -0.7066176031403223 0.0371904001653106
outer loop
vertex 6080.2300000000005 9202.57 410.54
vertex 6308.51 8974.29 410.54
vertex 6081.27 9201.66 413.01
endloop
endfacet
facet normal -0.7073403424494102 -0.7068731427516195 0
outer loop
vertex 4119.96 11162.970000000001 407.68
vertex 4316.650000000001 10966.15 407.68
vertex 4119.96 11162.970000000001 409.76
endloop
endfacet
facet normal -0.707308365161366 -0.706904880640455 -0.0006052267838863273
outer loop
vertex 6077.37 9205.56 403.39
vertex 6305.13 8977.67 403.39
vertex 6304.74 8978.06 403.65000000000003
endloop
endfacet
facet normal -0.7062394250557228 -0.7058977664368629 -0.05416842102563495
outer loop
vertex 6077.37 9205.56 403.39
vertex 6304.74 8978.06 403.65000000000003
vertex 6078.02 9204.78 405.08000000000004
endloop
endfacet
facet normal -0.7073783796896862 -0.7068350783227967 0
outer loop
vertex 4119.96 11162.970000000001 401.96000000000004
vertex 4289.09 10993.710000000001 401.96000000000004
vertex 4119.96 11162.970000000001 402.87
endloop
endfacet
facet normal 0.301511344577836 -0.301511344577835 -0.9045340337332429
outer loop
vertex 3837.4700000000003 10879.7 453.7
vertex 3837.08 10880.09 453.44
vertex 4119.96 11162.970000000001 453.44
endloop
endfacet
facet normal 0.3015113445772523 -0.3015113445772533 -0.9045340337336315
outer loop
vertex 3837.4700000000003 10879.7 453.7
vertex 4119.96 11162.970000000001 453.44
vertex 4120.35 11162.58 453.7
endloop
endfacet
facet normal -0.7071067811865477 -0.7071067811865477 0
outer loop
vertex 4119.96 11162.970000000001 400.14
vertex 4119.96 11162.970000000001 400.01
vertex 4261.400000000001 11021.53 400.01
endloop
endfacet
facet normal -0.7074116342508215 -0.7068017966350834 0
outer loop
vertex 4270.63 11012.17 400.27000000000004
vertex 4119.96 11162.970000000001 400.27000000000004
vertex 4119.96 11162.970000000001 400.14
endloop
endfacet
facet normal -0.6691466979796424 -0.6688490348577631 -0.3238574766047251
outer loop
vertex 4270.63 11012.17 400.27000000000004
vertex 4119.96 11162.970000000001 400.14
vertex 4261.400000000001 11021.53 400.01
endloop
endfacet
facet normal -0.7069539097587164 -0.7069539097587129 0.02079276205159701
outer loop
vertex 5031.91 10250.890000000001 1109.29
vertex 5211.7 10071.1 1109.29
vertex 5030.09 10252.84 1113.71
endloop
endfacet
facet normal -0.7066312494131498 -0.7073018775139519 0.01990807419238248
outer loop
vertex 5038.41 10244.52 1093.43
vertex 5040.2300000000005 10242.57 1088.75
vertex 5175.3 10107.5 1084.2
endloop
endfacet
facet normal -0.7070717160117875 -0.7070717160117875 0.00995875656355586
outer loop
vertex 5038.41 10244.52 1093.43
vertex 5175.3 10107.5 1084.2
vertex 5187.26 10095.67 1093.43
endloop
endfacet
facet normal -0.7525766947072041 -0.6585046078681454 0
outer loop
vertex 4119.96 11162.970000000001 453.44
vertex 4119.96 11162.970000000001 452.92
vertex 4120.87 11161.93 453.7
endloop
endfacet
facet normal -0.7602859212700829 -0.6082287370158536 0.22808577637941574
outer loop
vertex 4119.96 11162.970000000001 453.44
vertex 4120.87 11161.93 453.7
vertex 4120.35 11162.58 453.7
endloop
endfacet
facet normal -0.70744132146181 -0.7067720297669544 0.00027318028351358374
outer loop
vertex 6097.91 9185.02 453.7
vertex 6095.31 9187.62 447.33000000000004
vertex 6232.59 9050.210000000001 447.33000000000004
endloop
endfacet
facet normal -0.7074761741893826 -0.7067361363502717 -0.0012233278565902971
outer loop
vertex 6097.91 9185.02 453.7
vertex 6232.59 9050.210000000001 447.33000000000004
vertex 6222.06 9060.74 453.7
endloop
endfacet
facet normal -0.7117131925977859 -0.7024701641224823 0
outer loop
vertex 4129.84 11152.960000000001 450.45
vertex 4119.96 11162.970000000001 450.71000000000004
vertex 4119.96 11162.970000000001 447.33000000000004
endloop
endfacet
facet normal -0.7100453211445029 -0.7040785537398812 -0.010441842957883463
outer loop
vertex 4129.84 11152.960000000001 450.45
vertex 4119.96 11162.970000000001 447.33000000000004
vertex 4135.3 11147.5 447.33000000000004
endloop
endfacet
facet normal -0.705182581302396 -0.7089943790391466 0.006670646039520214
outer loop
vertex 4129.84 11152.960000000001 450.45
vertex 4135.3 11147.5 447.33000000000004
vertex 4149.47 11133.460000000001 453.05
endloop
endfacet
facet normal -0.7051664548391513 -0.709012817320118 0.006410604134737478
outer loop
vertex 4129.84 11152.960000000001 450.45
vertex 4149.47 11133.460000000001 453.05
vertex 4124.64 11158.16 453.57
endloop
endfacet
facet normal -0.711829993773288 -0.702167143179067 -0.01610475099057252
outer loop
vertex 4129.84 11152.960000000001 450.45
vertex 4124.64 11158.16 453.57
vertex 4119.96 11162.970000000001 450.71000000000004
endloop
endfacet
facet normal -0.7142128391425132 -0.6999285823596509 0
outer loop
vertex 4119.96 11162.970000000001 444.08000000000004
vertex 4126.33 11156.470000000001 447.07
vertex 4119.96 11162.970000000001 447.2
endloop
endfacet
facet normal -0.7065077891290557 -0.7071019924840766 0.029214998288935822
outer loop
vertex 6092.84 9189.960000000001 441.35
vertex 6247.54 9035.39 441.35
vertex 6094.14 9188.79 444.47
endloop
endfacet
facet normal -0.7072845578672926 -0.7069289597989804 0
outer loop
vertex 4119.96 11162.970000000001 435.76
vertex 4378.400000000001 10904.4 435.76
vertex 4119.96 11162.970000000001 441.09000000000003
endloop
endfacet
facet normal -0.7072906601997647 -0.7069228543442211 0
outer loop
vertex 4119.96 11162.970000000001 430.56
vertex 4369.82 10912.98 430.56
vertex 4119.96 11162.970000000001 435.24
endloop
endfacet
facet normal -0.7071067811865502 -0.7071067811865448 0
outer loop
vertex 4119.96 11162.970000000001 421.33000000000004
vertex 4352.53 10930.4 421.33000000000004
vertex 4119.96 11162.970000000001 424.97
endloop
endfacet
facet normal -0.707106781186549 -0.7071067811865461 0
outer loop
vertex 4119.96 11162.970000000001 417.3
vertex 4343.6900000000005 10939.24 417.3
vertex 4119.96 11162.970000000001 420.55
endloop
endfacet
facet normal -0.7073395764223565 -0.7068634461833831 -0.0038460468526395806
outer loop
vertex 6090.5 9192.300000000001 435.76
vertex 6081.27 9201.66 413.01
vertex 6293.17 8989.630000000001 410.67
endloop
endfacet
facet normal -0.706814222488091 -0.7073842339578359 0.004604393167525469
outer loop
vertex 6090.5 9192.300000000001 435.76
vertex 6293.17 8989.630000000001 410.67
vertex 6251.83 9031.1 435.76
endloop
endfacet
facet normal -0.7073300193012484 -0.7068834725718912 0
outer loop
vertex 4119.96 11162.970000000001 410.54
vertex 4325.75 10957.050000000001 410.54
vertex 4119.96 11162.970000000001 412.88
endloop
endfacet
facet normal -0.7071067811865497 -0.7071067811865454 -1.961161332447715e-13
outer loop
vertex 6080.2300000000005 9202.57 410.54
vertex 6078.93 9203.87 407.29
vertex 6301.62 8981.18 405.6
endloop
endfacet
facet normal -0.7067593825593189 -0.7071903334023462 0.019313402254622657
outer loop
vertex 6080.2300000000005 9202.57 410.54
vertex 6301.62 8981.18 405.6
vertex 6293.56 8989.37 410.54
endloop
endfacet
facet normal -0.7073516666298608 -0.706861810905044 0
outer loop
vertex 4119.96 11162.970000000001 407.68
vertex 4119.96 11162.970000000001 407.03000000000003
vertex 4307.55 10975.25 405.34000000000003
endloop
endfacet
facet normal -0.7073391749584307 -0.7068719760317702 0.0018168847147835138
outer loop
vertex 4119.96 11162.970000000001 407.68
vertex 4307.55 10975.25 405.34000000000003
vertex 4316.650000000001 10966.15 407.68
endloop
endfacet
facet normal -0.6657327387504772 -0.6678322399334597 0.3328663693755297
outer loop
vertex 6078.150000000001 9204.78 405.34000000000003
vertex 6078.02 9204.78 405.08000000000004
vertex 6304.74 8978.06 403.65000000000003
endloop
endfacet
facet normal -0.7060630805716238 -0.7060630805716209 0.05431254465978404
outer loop
vertex 6078.150000000001 9204.78 405.34000000000003
vertex 6304.74 8978.06 403.65000000000003
vertex 6302.01 8980.92 405.34000000000003
endloop
endfacet
facet normal -0.5762623736122612 -0.5795199336666034 0.5762623736127651
outer loop
vertex 6077.37 9205.56 403.39
vertex 6077.24 9205.56 403.26
vertex 6307.34 8975.59 402.09000000000003
endloop
endfacet
facet normal -0.7055136250856985 -0.705111164375441 -0.07119529964503593
outer loop
vertex 6077.37 9205.56 403.39
vertex 6307.34 8975.59 402.09000000000003
vertex 6305.13 8977.67 403.39
endloop
endfacet
facet normal -0.7043607250604945 -0.7043607250604946 -0.08804509063263401
outer loop
vertex 6076.72 9206.08 401.96000000000004
vertex 6076.33 9206.6 400.92
vertex 6309.42 8973.51 400.92
endloop
endfacet
facet normal -0.704360725060532 -0.7043607250605349 -0.08804509063201023
outer loop
vertex 6076.72 9206.08 401.96000000000004
vertex 6309.42 8973.51 400.92
vertex 6307.6 8975.2 401.96000000000004
endloop
endfacet
facet normal -0.707394047769375 -0.7068193978524212 0
outer loop
vertex 4119.96 11162.970000000001 401.96000000000004
vertex 4119.96 11162.970000000001 401.44
vertex 4279.860000000001 11002.94 400.92
endloop
endfacet
facet normal -0.7073701566472369 -0.7068268615960481 0.004821743579309616
outer loop
vertex 4119.96 11162.970000000001 401.96000000000004
vertex 4279.860000000001 11002.94 400.92
vertex 4289.09 10993.710000000001 401.96000000000004
endloop
endfacet
facet normal -0.7074116342508215 -0.7068017966350834 0
outer loop
vertex 4119.96 11162.970000000001 400.27000000000004
vertex 4270.63 11012.17 400.27000000000004
vertex 4119.96 11162.970000000001 400.53000000000003
endloop
endfacet
facet normal -0.7073940477693749 -0.7068193978524212 0
outer loop
vertex 4279.860000000001 11002.94 400.92
vertex 4119.96 11162.970000000001 400.92
vertex 4119.96 11162.970000000001 400.53000000000003
endloop
endfacet
facet normal -0.7073790776684726 -0.7067838411507412 0.008452358552776
outer loop
vertex 4279.860000000001 11002.94 400.92
vertex 4119.96 11162.970000000001 400.53000000000003
vertex 4270.63 11012.17 400.27000000000004
endloop
endfacet
facet normal -0.7073940477693749 -0.7068193978524213 0
outer loop
vertex 4119.96 11162.970000000001 401.44
vertex 4119.96 11162.970000000001 400.92
vertex 4279.860000000001 11002.94 400.92
endloop
endfacet
facet normal -0.7073643323469261 -0.7068491361835193 0
outer loop
vertex 4298.32 10984.48 403.39
vertex 4119.96 11162.970000000001 403.39
vertex 4119.96 11162.970000000001 402.87
endloop
endfacet
facet normal -0.7073652067136227 -0.706840136380002 0.0033890903342893085
outer loop
vertex 4298.32 10984.48 403.39
vertex 4119.96 11162.970000000001 402.87
vertex 4289.09 10993.710000000001 401.96000000000004
endloop
endfacet
facet normal -0.6681072886848389 -0.6637665807995582 -0.33622399828069494
outer loop
vertex 5021.77 10261.03 1133.8600000000001
vertex 5022.03 10260.9 1133.6000000000001
vertex 5263.4400000000005 10019.36 1130.74
endloop
endfacet
facet normal -0.7066510761967406 -0.7070114286068335 0.027912297098455875
outer loop
vertex 5021.77 10261.03 1133.8600000000001
vertex 5263.4400000000005 10019.36 1130.74
vertex 5276.83 10006.1 1133.8600000000001
endloop
endfacet
facet normal -0.7073403424494099 -0.7068731427516193 0
outer loop
vertex 4119.96 11162.970000000001 410.54
vertex 4119.96 11162.970000000001 409.76
vertex 4316.650000000001 10966.15 407.68
endloop
endfacet
facet normal -0.7073293053377959 -0.7068827590591731 0.001420829068567741
outer loop
vertex 4119.96 11162.970000000001 410.54
vertex 4316.650000000001 10966.15 407.68
vertex 4325.75 10957.050000000001 410.54
endloop
endfacet
facet normal -0.7063117269387805 -0.7066719062997875 0.04169605779185537
outer loop
vertex 5021.77 10261.03 1133.8600000000001
vertex 5276.83 10006.1 1133.8600000000001
vertex 5020.99 10261.94 1136.07
endloop
endfacet
facet normal -0.707111765702239 -0.7066750073540623 -0.02456389192692944
outer loop
vertex 5026.84 10256.09 1121.77
vertex 5237.18 10045.62 1121.77
vertex 5025.150000000001 10257.65 1125.54
endloop
endfacet
facet normal -0.7072435846125052 -0.705712754342787 -0.042142856836850394
outer loop
vertex 5029.18 10253.62 1115.92
vertex 5030.09 10252.84 1113.71
vertex 5211.7 10071.1 1109.29
endloop
endfacet
facet normal -0.7068118776219884 -0.7072827716110742 0.012963434523159702
outer loop
vertex 5029.18 10253.62 1115.92
vertex 5211.7 10071.1 1109.29
vertex 5224.4400000000005 10058.49 1115.92
endloop
endfacet
facet normal -0.7071067811865517 -0.7071067811865435 3.4072694087551427e-15
outer loop
vertex 6095.31 9187.62 447.33000000000004
vertex 6094.14 9188.79 444.47
vertex 6247.54 9035.39 441.35
endloop
endfacet
facet normal -0.7073325234408075 -0.7066941366867946 -0.01625110628128929
outer loop
vertex 6095.31 9187.62 447.33000000000004
vertex 6247.54 9035.39 441.35
vertex 6239.22 9043.58 447.33000000000004
endloop
endfacet
facet normal -0.7072971963589538 -0.7069163147238599 0
outer loop
vertex 4119.96 11162.970000000001 430.56
vertex 4119.96 11162.970000000001 429.91
vertex 4361.24 10921.56 425.75
endloop
endfacet
facet normal -0.7072905079735361 -0.7069227021971534 0.000656085979493794
outer loop
vertex 4119.96 11162.970000000001 430.56
vertex 4361.24 10921.56 425.75
vertex 4369.82 10912.98 430.56
endloop
endfacet
facet normal -0.7065123645668745 -0.706143042891719 -0.04692847418942561
outer loop
vertex 6078.150000000001 9204.78 405.34000000000003
vertex 6326.71 8956.09 405.34000000000003
vertex 6078.93 9203.87 407.29
endloop
endfacet
facet normal 0 0 1
outer loop
vertex 3837.08 10880.09 400.01
vertex 3978.52 10738.65 400.01
vertex 4261.400000000001 11021.53 400.01
endloop
endfacet
facet normal 0 0 1
outer loop
vertex 3837.08 10880.09 400.01
vertex 4261.400000000001 11021.53 400.01
vertex 4119.96 11162.970000000001 400.01
endloop
endfacet
facet normal 0 0 1
outer loop
vertex 5807.2300000000005 8909.94 400.01
vertex 5948.67 8768.5 400.01
vertex 6231.42 9051.380000000001 400.01
endloop
endfacet
facet normal 0 0 1
outer loop
vertex 5807.2300000000005 8909.94 400.01
vertex 6231.42 9051.380000000001 400.01
vertex 6090.110000000001 9192.82 400.01
endloop
endfacet
facet normal -0.7071067811865486 0.7071067811865464 0
outer loop
vertex 4119.96 11162.970000000001 599.95
vertex 4119.96 11162.970000000001 453.44
vertex 3837.08 10880.09 453.44
endloop
endfacet
facet normal -0.7071067811865486 0.7071067811865464 0
outer loop
vertex 4119.96 11162.970000000001 599.95
vertex 3837.08 10880.09 453.44
vertex 3837.08 10880.09 599.95
endloop
endfacet
facet normal -0.7071067811865487 0.7071067811865464 0
outer loop
vertex 4119.96 11162.970000000001 400.01
vertex 4119.96 11162.970000000001 199.94
vertex 3837.08 10880.09 199.94
endloop
endfacet
facet normal -0.7071067811865487 0.7071067811865464 0
outer loop
vertex 4119.96 11162.970000000001 400.01
vertex 3837.08 10880.09 199.94
vertex 3837.08 10880.09 400.01
endloop
endfacet
facet normal -0.3535453923282909 0.35354539232828974 0.86603193424196
outer loop
vertex 4827.9400000000005 9889.23 915.98
vertex 5110.820000000001 10172.11 915.98
vertex 4326.27 10956.53 275.47
endloop
endfacet
facet normal -0.35354539232829085 0.3535453923282898 0.8660319342419599
outer loop
vertex 4827.9400000000005 9889.23 915.98
vertex 4326.27 10956.53 275.47
vertex 4043.3900000000003 10673.65 275.47
endloop
endfacet
facet normal 0.6124516291382144 -0.6124516291382163 0.4998059662828082
outer loop
vertex 3902.08 10815.09 621.9200000000001
vertex 3970.7200000000003 10746.45 453.7
vertex 4253.6 11029.33 453.7
endloop
endfacet
facet normal 0.6124474135800393 -0.6121659579671787 0.5001609795908182
outer loop
vertex 3902.08 10815.09 621.9200000000001
vertex 4253.6 11029.33 453.7
vertex 4184.83 11097.970000000001 621.9200000000001
endloop
endfacet
facet normal 0.6124639785176841 -0.6124639785176821 0.49977569972596897
outer loop
vertex 3992.4300000000003 10724.74 400.53000000000003
vertex 4043.3900000000003 10673.65 275.47
vertex 4326.27 10956.53 275.47
endloop
endfacet
facet normal 0.6124639785176841 -0.6124639785176822 0.49977569972596897
outer loop
vertex 3992.4300000000003 10724.74 400.53000000000003
vertex 4326.27 10956.53 275.47
vertex 4275.31 11007.62 400.53000000000003
endloop
endfacet
facet normal -0.028140310658769013 0.028153248732635125 0.9992074446789446
outer loop
vertex 4275.31 11007.62 400.53000000000003
vertex 4270.63 11012.17 400.27000000000004
vertex 3987.75 10729.42 400.27000000000004
endloop
endfacet
facet normal -0.02775636908266572 0.027756369082665627 0.9992292869760642
outer loop
vertex 4275.31 11007.62 400.53000000000003
vertex 3987.75 10729.42 400.27000000000004
vertex 3992.4300000000003 10724.74 400.53000000000003
endloop
endfacet
facet normal 0 0 -1
outer loop
vertex 4253.6 11029.33 453.7
vertex 3970.7200000000003 10746.45 453.7
vertex 3837.4700000000003 10879.7 453.7
endloop
endfacet
facet normal 0 0 -1
outer loop
vertex 4253.6 11029.33 453.7
vertex 3837.4700000000003 10879.7 453.7
vertex 4120.35 11162.58 453.7
endloop
endfacet
facet normal 0 0 -1
outer loop
vertex 6231.16 9051.77 453.7
vertex 5948.280000000001 8768.89 453.7
vertex 5815.03 8902.14 453.7
endloop
endfacet
facet normal 0 0 -0.9999999999999999
outer loop
vertex 6231.16 9051.77 453.7
vertex 5815.03 8902.14 453.7
vertex 6097.91 9185.02 453.7
endloop
endfacet
facet normal -0.3415751895948239 0.341575189594825 0.8755871057219374
outer loop
vertex 4892.55 9824.62 1084.2
vertex 4904.38 9812.79 1093.43
vertex 5187.26 10095.67 1093.43
endloop
endfacet
facet normal -0.3402193154886212 0.34006296470025427 0.8767029128545928
outer loop
vertex 4892.55 9824.62 1084.2
vertex 5187.26 10095.67 1093.43
vertex 5175.3 10107.5 1084.2
endloop
endfacet
facet normal -0.30932794179810846 0.30947016154146406 0.8991909939153341
outer loop
vertex 4904.38 9812.79 1093.43
vertex 4916.47 9800.7 1101.75
vertex 5199.35 10083.45 1101.75
endloop
endfacet
facet normal -0.308059229479115 0.30805922947911596 0.9001105611342795
outer loop
vertex 4904.38 9812.79 1093.43
vertex 5199.35 10083.45 1101.75
vertex 5187.26 10095.67 1093.43
endloop
endfacet
facet normal -0.27785895480799955 0.2777312622736216 0.9195976006867934
outer loop
vertex 4916.47 9800.7 1101.75
vertex 4928.95 9788.220000000001 1109.29
vertex 5211.7 10071.1 1109.29
endloop
endfacet
facet normal -0.28019750796819803 0.2803263344086433 0.9180993969965482
outer loop
vertex 4916.47 9800.7 1101.75
vertex 5211.7 10071.1 1109.29
vertex 5199.35 10083.45 1101.75
endloop
endfacet
facet normal -0.2464084420504638 0.2464084420504646 0.9373183874076759
outer loop
vertex 4928.95 9788.220000000001 1109.29
vertex 4941.56 9775.61 1115.92
vertex 5224.4400000000005 10058.49 1115.92
endloop
endfacet
facet normal -0.24535334304362993 0.2452405887499525 0.9379012691573094
outer loop
vertex 4928.95 9788.220000000001 1109.29
vertex 5224.4400000000005 10058.49 1115.92
vertex 5211.7 10071.1 1109.29
endloop
endfacet
facet normal -0.21642088973360485 0.2163214316041309 0.9520331069430591
outer loop
vertex 4941.56 9775.61 1115.92
vertex 4954.43 9762.74 1121.77
vertex 5237.18 10045.62 1121.77
endloop
endfacet
facet normal -0.2173659416484648 0.2173659416484655 0.9515797889943608
outer loop
vertex 4941.56 9775.61 1115.92
vertex 5237.18 10045.62 1121.77
vertex 5224.4400000000005 10058.49 1115.92
endloop
endfacet
facet normal -0.1834913937692752 0.18349139376927462 0.9657441777330151
outer loop
vertex 4954.43 9762.74 1121.77
vertex 4967.43 9749.74 1126.71
vertex 5250.31 10032.62 1126.71
endloop
endfacet
facet normal -0.1826813275792163 0.1825973747632325 0.9660671463637869
outer loop
vertex 4954.43 9762.74 1121.77
vertex 5250.31 10032.62 1126.71
vertex 5237.18 10045.62 1121.77
endloop
endfacet
facet normal -0.1492680743214644 0.1492680743214639 0.9774651318470259
outer loop
vertex 4967.43 9749.74 1126.71
vertex 4980.56 9736.48 1130.74
vertex 5263.4400000000005 10019.36 1130.74
endloop
endfacet
facet normal -0.1492680743214644 0.14926807432146394 0.9774651318470259
outer loop
vertex 4967.43 9749.74 1126.71
vertex 5263.4400000000005 10019.36 1130.74
vertex 5250.31 10032.62 1126.71
endloop
endfacet
facet normal -0.11550080467346138 0.11550080467346173 0.9865693732523658
outer loop
vertex 4980.56 9736.48 1130.74
vertex 4993.95 9723.220000000001 1133.8600000000001
vertex 5276.83 10006.1 1133.8600000000001
endloop
endfacet
facet normal -0.11550080467345414 0.11550080467345376 0.9865693732523676
outer loop
vertex 4980.56 9736.48 1130.74
vertex 5276.83 10006.1 1133.8600000000001
vertex 5263.4400000000005 10019.36 1130.74
endloop
endfacet
facet normal -0.08671904699159455 0.08671904699159427 0.992451315570562
outer loop
vertex 4993.95 9723.220000000001 1133.8600000000001
vertex 5007.34 9709.83 1136.2
vertex 5290.22 9992.710000000001 1136.2
endloop
endfacet
facet normal -0.08671904699160012 0.08671904699160038 0.992451315570561
outer loop
vertex 4993.95 9723.220000000001 1133.8600000000001
vertex 5290.22 9992.710000000001 1136.2
vertex 5276.83 10006.1 1133.8600000000001
endloop
endfacet
facet normal -0.04819682905177672 0.04819682905177656 0.9976743613718396
outer loop
vertex 5007.34 9709.83 1136.2
vertex 5020.7300000000005 9696.31 1137.5
vertex 5303.610000000001 9979.19 1137.5
endloop
endfacet
facet normal -0.04819682905177671 0.04819682905177656 0.9976743613718394
outer loop
vertex 5007.34 9709.83 1136.2
vertex 5303.610000000001 9979.19 1137.5
vertex 5290.22 9992.710000000001 1136.2
endloop
endfacet
facet normal 0.019228079419122256 -0.019219242985565602 -0.9996303825219167
outer loop
vertex 5034.25 10248.550000000001 1138.02
vertex 4751.5 9965.67 1138.02
vertex 4737.9800000000005 9979.19 1137.5
endloop
endfacet
facet normal 0.019228079419123464 -0.019219242985566935 -0.9996303825219167
outer loop
vertex 5034.25 10248.550000000001 1138.02
vertex 4737.9800000000005 9979.19 1137.5
vertex 5020.7300000000005 10262.07 1137.5
endloop
endfacet
facet normal 0.7071067811865476 0.7071067811865476 1.237843253178003e-12
outer loop
vertex 4751.5 9965.67 1138.02
vertex 5034.25 9682.92 1138.02
vertex 4737.9800000000005 9979.19 1137.5
endloop
endfacet
facet normal -0.019312041875755553 0.01932092097546855 0.9996268038879553
outer loop
vertex 5020.7300000000005 9696.31 1137.5
vertex 5034.25 9682.92 1138.02
vertex 5317.13 9965.67 1138.02
endloop
endfacet
facet normal -0.01922366120271919 0.01922366120271913 0.9996303825414302
outer loop
vertex 5020.7300000000005 9696.31 1137.5
vertex 5317.13 9965.67 1138.02
vertex 5303.610000000001 9979.19 1137.5
endloop
endfacet
facet normal -0.7071067811865488 -0.7071067811865465 -1.1782524681247237e-12
outer loop
vertex 5317.13 9965.67 1138.02
vertex 5034.25 10248.550000000001 1138.02
vertex 5303.610000000001 9979.19 1137.5
endloop
endfacet
facet normal -0.019405697652495592 0.019414619812335828 -0.9996231747194352
outer loop
vertex 5047.77 10235.03 1137.5
vertex 4764.89 9952.28 1137.5
vertex 4751.5 9965.67 1138.02
endloop
endfacet
facet normal -0.01922807941912159 0.019219242985564936 -0.9996303825219168
outer loop
vertex 5047.77 10235.03 1137.5
vertex 4751.5 9965.67 1138.02
vertex 5034.25 10248.550000000001 1138.02
endloop
endfacet
facet normal -0.7071067811865476 -0.7071067811865476 0
outer loop
vertex 4751.5 9965.67 1138.02
vertex 5047.77 9669.4 1137.5
vertex 5034.25 9682.92 1138.02
endloop
endfacet
facet normal -0.7071067811865488 -0.7071067811865461 -1.9757536497700608e-13
outer loop
vertex 4805.06 9912.11 1130.74
vertex 5044.13 9673.04 1127.49
vertex 5045.43 9671.74 1130.74
endloop
endfacet
facet normal -0.7071067811865476 -0.7071067811865476 1.5277946288708574e-13
outer loop
vertex 4831.320000000001 9885.85 1121.77
vertex 5040.1 9677.07 1117.6100000000001
vertex 5041.79 9675.380000000001 1121.77
endloop
endfacet
facet normal -0.7071067811865495 -0.7071067811865456 -6.488337264918903e-15
outer loop
vertex 4856.8 9860.37 1109.29
vertex 4869.28 9847.890000000001 1101.75
vertex 5033.6 9683.57 1101.75
endloop
endfacet
facet normal -0.7071067811865475 -0.7071067811865475 8.533101124360449e-14
outer loop
vertex 4856.8 9860.37 1109.29
vertex 5033.6 9683.57 1101.75
vertex 5036.72 9680.45 1109.29
endloop
endfacet
facet normal -0.7071067811865488 -0.7071067811865465 -1.2962963146529891e-12
outer loop
vertex 4764.89 9952.28 1137.5
vertex 5047.77 9669.4 1137.5
vertex 4751.5 9965.67 1138.02
endloop
endfacet
facet normal 0.01922366120271855 -0.019223661202718487 0.9996303825414302
outer loop
vertex 5034.25 9682.92 1138.02
vertex 5047.77 9669.4 1137.5
vertex 5330.650000000001 9952.28 1137.5
endloop
endfacet
facet normal 0.01931204187575491 -0.01932092097546791 0.9996268038879553
outer loop
vertex 5034.25 9682.92 1138.02
vertex 5330.650000000001 9952.28 1137.5
vertex 5317.13 9965.67 1138.02
endloop
endfacet
facet normal 0.7071067811865488 0.7071067811865465 6.995190905378693e-14
outer loop
vertex 5317.13 9965.67 1138.02
vertex 5047.77 10235.03 1137.5
vertex 5034.25 10248.550000000001 1138.02
endloop
endfacet
facet normal 0.7073105078470449 0.7069029770174512 -0.0001630123318376283
outer loop
vertex 5328.31 9954.49 1130.74
vertex 5328.05 9954.75 1130.0900000000001
vertex 5101.2 10181.73 1126.71
endloop
endfacet
facet normal 0.7069229021609023 0.7069229021608995 0.022803964585541455
outer loop
vertex 5328.31 9954.49 1130.74
vertex 5101.2 10181.73 1126.71
vertex 5087.9400000000005 10194.86 1130.74
endloop
endfacet
facet normal 0.7072527344018364 0.7067818604108861 -0.015905077027545504
outer loop
vertex 5324.67 9958.26 1121.77
vertex 5322.2 9960.6 1115.92
vertex 5127.070000000001 10155.86 1115.92
endloop
endfacet
facet normal 0.7071067811865458 0.707106781186549 2.1310776361685345e-13
outer loop
vertex 5324.67 9958.26 1121.77
vertex 5127.070000000001 10155.86 1115.92
vertex 5114.2 10168.73 1121.77
endloop
endfacet
facet normal 0.6971323934666476 0.6974529141073221 0.16602969187066388
outer loop
vertex 5330.650000000001 9952.28 1137.5
vertex 5047.77 10235.03 1137.5
vertex 5317.13 9965.67 1138.02
endloop
endfacet
facet normal -0.04796618233218316 0.04796618233218301 -0.997696592509442
outer loop
vertex 5061.29 10221.640000000001 1136.2
vertex 4778.41 9938.76 1136.2
vertex 4764.89 9952.28 1137.5
endloop
endfacet
facet normal -0.04818580511370035 0.04820795950685609 -0.9976743561030973
outer loop
vertex 5061.29 10221.640000000001 1136.2
vertex 4764.89 9952.28 1137.5
vertex 5047.77 10235.03 1137.5
endloop
endfacet
facet normal 0.705346484138223 0.7056707813723099 0.06719438690278454
outer loop
vertex 5330.650000000001 9952.28 1137.5
vertex 5061.29 10221.640000000001 1136.2
vertex 5047.77 10235.03 1137.5
endloop
endfacet
facet normal 0.7067418228235548 0.706741822823552 -0.03212462831041287
outer loop
vertex 5328.31 9954.49 1130.74
vertex 5087.9400000000005 10194.86 1130.74
vertex 5329.4800000000005 9953.45 1133.6000000000001
endloop
endfacet
facet normal -0.08671904699160012 0.08671904699160038 -0.992451315570561
outer loop
vertex 5074.68 10208.25 1133.8600000000001
vertex 4791.8 9925.37 1133.8600000000001
vertex 4778.41 9938.76 1136.2
endloop
endfacet
facet normal -0.08671904699159455 0.08671904699159427 -0.992451315570562
outer loop
vertex 5074.68 10208.25 1133.8600000000001
vertex 4778.41 9938.76 1136.2
vertex 5061.29 10221.640000000001 1136.2
endloop
endfacet
facet normal -0.1160250981182239 0.11607844299092197 -0.9864400497138485
outer loop
vertex 5087.9400000000005 10194.86 1130.74
vertex 4805.06 9912.11 1130.74
vertex 4791.8 9925.37 1133.8600000000001
endloop
endfacet
facet normal -0.11550080467345368 0.11550080467345407 -0.9865693732523676
outer loop
vertex 5087.9400000000005 10194.86 1130.74
vertex 4791.8 9925.37 1133.8600000000001
vertex 5074.68 10208.25 1133.8600000000001
endloop
endfacet
facet normal -0.14856874553036734 0.14856874553036734 -0.9776781963934074
outer loop
vertex 5101.2 10181.73 1126.71
vertex 4818.320000000001 9898.85 1126.71
vertex 4805.06 9912.11 1130.74
endloop
endfacet
facet normal -0.1492339289628337 0.14930254226350637 -0.9774650813814116
outer loop
vertex 5101.2 10181.73 1126.71
vertex 4805.06 9912.11 1130.74
vertex 5087.9400000000005 10194.86 1130.74
endloop
endfacet
facet normal -0.183491393769275 0.183491393769275 -0.9657441777330152
outer loop
vertex 5114.2 10168.73 1121.77
vertex 4831.320000000001 9885.85 1121.77
vertex 4818.320000000001 9898.85 1126.71
endloop
endfacet
facet normal -0.1834913937692749 0.1834913937692749 -0.9657441777330151
outer loop
vertex 5114.2 10168.73 1121.77
vertex 4818.320000000001 9898.85 1126.71
vertex 5101.2 10181.73 1126.71
endloop
endfacet
facet normal -0.2163711612039499 0.21637116120394922 -0.9520331092974177
outer loop
vertex 5127.070000000001 10155.86 1115.92
vertex 4844.1900000000005 9872.98 1115.92
vertex 4831.320000000001 9885.85 1121.77
endloop
endfacet
facet normal -0.2163711612039563 0.2163711612039563 -0.9520331092974146
outer loop
vertex 5127.070000000001 10155.86 1115.92
vertex 4831.320000000001 9885.85 1121.77
vertex 5114.2 10168.73 1121.77
endloop
endfacet
facet normal -0.24635180866050166 0.2464650738598859 -0.9373183844014481
outer loop
vertex 5139.68 10143.12 1109.29
vertex 4856.8 9860.37 1109.29
vertex 4844.1900000000005 9872.98 1115.92
endloop
endfacet
facet normal -0.24529722099769968 0.24529722099769888 -0.9379011391088146
outer loop
vertex 5139.68 10143.12 1109.29
vertex 4844.1900000000005 9872.98 1115.92
vertex 5127.070000000001 10155.86 1115.92
endloop
endfacet
facet normal -0.27785895480799977 0.2777312622736219 -0.9195976006867932
outer loop
vertex 5152.03 10130.77 1101.75
vertex 4869.28 9847.890000000001 1101.75
vertex 4856.8 9860.37 1109.29
endloop
endfacet
facet normal -0.2801975079681981 0.2803263344086433 -0.9180993969965482
outer loop
vertex 5152.03 10130.77 1101.75
vertex 4856.8 9860.37 1109.29
vertex 5139.68 10143.12 1109.29
endloop
endfacet
facet normal -0.30939905323429717 0.3093990532342981 -0.8991909984621957
outer loop
vertex 5164.25 10118.68 1093.43
vertex 4881.37 9835.800000000001 1093.43
vertex 4869.28 9847.890000000001 1101.75
endloop
endfacet
facet normal -0.30812972304407166 0.3079881193110559 -0.90011076659488
outer loop
vertex 5164.25 10118.68 1093.43
vertex 4869.28 9847.890000000001 1101.75
vertex 5152.03 10130.77 1101.75
endloop
endfacet
facet normal -0.34149668250520104 0.34165369247416905 -0.8755871003256659
outer loop
vertex 5176.08 10106.720000000001 1084.2
vertex 4893.2 9823.970000000001 1084.2
vertex 4881.37 9835.800000000001 1093.43
endloop
endfacet
facet normal -0.34014147051311805 0.34014147051311916 -0.8767026634351845
outer loop
vertex 5176.08 10106.720000000001 1084.2
vertex 4881.37 9835.800000000001 1093.43
vertex 5164.25 10118.68 1093.43
endloop
endfacet
facet normal 0.7071067811865464 0.7071067811865488 -2.483881351980276e-12
outer loop
vertex 4993.95 9723.220000000001 1133.8600000000001
vertex 4739.02 9978.15 1133.8600000000001
vertex 4738.89 9978.28 1134.1200000000001
endloop
endfacet
facet normal 0.7071067811865477 0.7071067811865475 2.7317518225160066e-13
outer loop
vertex 4993.95 9723.220000000001 1133.8600000000001
vertex 4738.89 9978.28 1134.1200000000001
vertex 5007.34 9709.83 1136.2
endloop
endfacet
facet normal 0.7066956467575265 0.707103199033627 0.02421422661106666
outer loop
vertex 4967.43 9749.74 1126.71
vertex 4743.4400000000005 9973.73 1122.94
vertex 4741.88 9975.16 1126.71
endloop
endfacet
facet normal 0.7071067811865475 0.7071067811865475 -2.467926766282568e-12
outer loop
vertex 6043.83 8673.34 405.34000000000003
vertex 5795.27 8921.9 405.34000000000003
vertex 5795.400000000001 8921.77 405.6
endloop
endfacet
facet normal 0.7071067811865488 0.7071067811865464 -2.660369644112205e-13
outer loop
vertex 6043.83 8673.34 405.34000000000003
vertex 5795.400000000001 8921.77 405.6
vertex 6034.7300000000005 8682.44 407.68
endloop
endfacet
facet normal 0.7071067811865475 0.7071067811865475 2.519426550637363e-12
outer loop
vertex 6080.75 8636.42 400.27000000000004
vertex 5807.2300000000005 8909.94 400.01
vertex 5798 8919.17 400.27000000000004
endloop
endfacet
facet normal -0.5790126660412794 -0.5740110322391291 -0.5790126660372287
outer loop
vertex 5020.860000000001 10261.94 1136.2
vertex 5020.99 10261.94 1136.07
vertex 5276.83 10006.1 1133.8600000000001
endloop
endfacet
facet normal -0.706934736946275 -0.7072760864088278 -0.001953277479894666
outer loop
vertex 5020.860000000001 10261.94 1136.2
vertex 5276.83 10006.1 1133.8600000000001
vertex 5290.22 9992.710000000001 1136.2
endloop
endfacet
facet normal -0.7069355000576326 -0.7072780075673508 -0.0001370030043819372
outer loop
vertex 6076.72 9206.08 401.96000000000004
vertex 6345.17 8937.76 401.96000000000004
vertex 6077.24 9205.56 403.26
endloop
endfacet
facet normal 0 0 -1
outer loop
vertex 5020.7300000000005 10262.07 1137.5
vertex 4737.9800000000005 9979.19 1137.5
vertex 4737.46 9979.58 1137.5
endloop
endfacet
facet normal 0 0 -1
outer loop
vertex 5020.7300000000005 10262.07 1137.5
vertex 4737.46 9979.58 1137.5
vertex 5020.34 10262.460000000001 1137.5
endloop
endfacet
facet normal 0 0 1
outer loop
vertex 4759.3 9957.87 1084.2
vertex 4892.55 9824.62 1084.2
vertex 5175.3 10107.5 1084.2
endloop
endfacet
facet normal 0 0 1
outer loop
vertex 4759.3 9957.87 1084.2
vertex 5175.3 10107.5 1084.2
vertex 5042.05 10240.75 1084.2
endloop
endfacet
facet normal -1 0 0
outer loop
vertex 0 14717.17 3999.9700000000003
vertex 0 14717.17 1297.92
vertex 0 0 1297.92
endloop
endfacet
facet normal -1 0 0
outer loop
vertex 0 14717.17 3999.9700000000003
vertex 0 0 1297.92
vertex 0 0 3999.9700000000003
endloop
endfacet
facet normal -1 0 0
outer loop
vertex 0 15000.050000000001 1297.92
vertex 0 14717.17 1297.92
vertex 0 15000.050000000001 1302.73
endloop
endfacet
facet normal -1 0 0
outer loop
vertex 0 8834.28 556.27
vertex 0 14717.17 1297.92
vertex 0 15000.050000000001 1297.92
endloop
endfacet
facet normal -1 0 0
outer loop
vertex 0 8834.28 556.27
vertex 0 15000.050000000001 1297.92
vertex 0 15000.050000000001 0
endloop
endfacet
facet normal -1 0 0
outer loop
vertex 0 8834.28 556.27
vertex 0 15000.050000000001 0
vertex 0 8702.720000000001 0
endloop
endfacet
facet normal -1 0 0
outer loop
vertex 0 8834.28 556.27
vertex 0 8702.720000000001 0
vertex 0 8419.84 0
endloop
endfacet
facet normal -0.9999999999999999 0 0
outer loop
vertex 0 8834.28 556.27
vertex 0 8419.84 0
vertex 0 0 0
endloop
endfacet
facet normal -0.9999999999999999 0 0
outer loop
vertex 0 8834.28 556.27
vertex 0 0 0
vertex 0 0 1297.92
endloop
endfacet
facet normal -1 0 0
outer loop
vertex 0 8834.28 556.27
vertex 0 0 1297.92
vertex 0 14717.17 1297.92
endloop
endfacet
facet normal 1 0 0
outer loop
vertex 19999.98 7740.59 339.69
vertex 19999.98 0 723.0600000000001
vertex 19999.98 0 0
endloop
endfacet
facet normal 1 0 0
outer loop
vertex 19999.98 7740.59 339.69
vertex 19999.98 0 0
vertex 19999.98 8702.720000000001 0
endloop
endfacet
facet normal 1 0 0
outer loop
vertex 19999.98 7740.59 339.69
vertex 19999.98 8702.720000000001 0
vertex 19999.98 15000.050000000001 0
endloop
endfacet
facet normal 1 0 0
outer loop
vertex 19999.98 7740.59 339.69
vertex 19999.98 15000.050000000001 0
vertex 19999.98 15000.050000000001 975.52
endloop
endfacet
facet normal 1 0 0
outer loop
vertex 19999.98 7740.59 339.69
vertex 19999.98 15000.050000000001 975.52
vertex 19999.98 0 723.0600000000001
endloop
endfacet
facet normal 0 0 -1
outer loop
vertex 9316.06 11221.6 0
vertex 19999.98 15000.050000000001 0
vertex 19999.98 8702.720000000001 0
endloop
endfacet
facet normal 0 0 -1
outer loop
vertex 9316.06 11221.6 0
vertex 19999.98 8702.720000000001 0
vertex 6580.08 8702.720000000001 0
endloop
endfacet
facet normal 0 0 -1
outer loop
vertex 9316.06 11221.6 0
vertex 6580.08 8702.720000000001 0
vertex 0 8702.720000000001 0
endloop
endfacet
facet normal 0 0 -1
outer loop
vertex 9316.06 11221.6 0
vertex 0 8702.720000000001 0
vertex 0 15000.050000000001 0
endloop
endfacet
facet normal 0 0 -1
outer loop
vertex 9316.06 11221.6 0
vertex 0 15000.050000000001 0
vertex 19999.98 15000.050000000001 0
endloop
endfacet
facet normal 0 0 -1
outer loop
vertex 6580.08 8702.720000000001 0
vertex 6297.33 8419.84 0
vertex 0 8419.84 0
endloop
endfacet
facet normal 0 0 -1
outer loop
vertex 6580.08 8702.720000000001 0
vertex 0 8419.84 0
vertex 0 8702.720000000001 0
endloop
endfacet
facet normal 0 0 -0.9999999999999999
outer loop
vertex 6297.33 8419.84 0
vertex 14717.17 0 0
vertex 0 0 0
endloop
endfacet
facet normal 0 0 -0.9999999999999999
outer loop
vertex 6297.33 8419.84 0
vertex 0 0 0
vertex 0 8419.84 0
endloop
endfacet
facet normal 0 0 -1
outer loop
vertex 19999.98 8702.720000000001 0
vertex 19999.98 0 0
vertex 15282.800000000001 0 0
endloop
endfacet
facet normal 0 0 -1
outer loop
vertex 19999.98 8702.720000000001 0
vertex 15282.800000000001 0 0
vertex 6580.08 8702.720000000001 0
endloop
endfacet
facet normal 0 -1 0
outer loop
vertex 15282.800000000001 0 0
vertex 19999.98 0 0
vertex 19999.98 0 723.0600000000001
endloop
endfacet
facet normal 0 -1 0
outer loop
vertex 15282.800000000001 0 0
vertex 19999.98 0 723.0600000000001
vertex 15282.800000000001 0 802.49
endloop
endfacet
facet normal 0 -1 0
outer loop
vertex 5886.92 0 1859.52
vertex 0 0 3999.9700000000003
vertex 0 0 1297.92
endloop
endfacet
facet normal 0 -1 0
outer loop
vertex 5886.92 0 1859.52
vertex 0 0 1297.92
vertex 0 0 0
endloop
endfacet
facet normal 0 -1 0
outer loop
vertex 5886.92 0 1859.52
vertex 0 0 0
vertex 14717.17 0 0
endloop
endfacet
facet normal 0 -1 0
outer loop
vertex 5886.92 0 1859.52
vertex 14717.17 0 0
vertex 14717.17 0 3999.9700000000003
endloop
endfacet
facet normal 0 -1 0
outer loop
vertex 5886.92 0 1859.52
vertex 14717.17 0 3999.9700000000003
vertex 0 0 3999.9700000000003
endloop
endfacet
facet normal 0 1 0
outer loop
vertex 282.88 15000.050000000001 1297.92
vertex 0 15000.050000000001 1297.92
vertex 0 15000.050000000001 1302.73
endloop
endfacet
facet normal 0 0.9999999999999999 0
outer loop
vertex 848.51 15000.050000000001 1297.92
vertex 282.88 15000.050000000001 1297.92
vertex 282.88 15000.050000000001 1307.41
endloop
endfacet
facet normal 0 1 0
outer loop
vertex 6855.16 15000.050000000001 811.59
vertex 282.88 15000.050000000001 1297.92
vertex 848.51 15000.050000000001 1297.92
endloop
endfacet
facet normal 0 1 0
outer loop
vertex 6855.16 15000.050000000001 811.59
vertex 848.51 15000.050000000001 1297.92
vertex 19999.98 15000.050000000001 975.52
endloop
endfacet
facet normal 0 1 0
outer loop
vertex 6855.16 15000.050000000001 811.59
vertex 19999.98 15000.050000000001 975.52
vertex 19999.98 15000.050000000001 0
endloop
endfacet
facet normal 0 1 0
outer loop
vertex 6855.16 15000.050000000001 811.59
vertex 19999.98 15000.050000000001 0
vertex 0 15000.050000000001 0
endloop
endfacet
facet normal 0 1 0
outer loop
vertex 6855.16 15000.050000000001 811.59
vertex 0 15000.050000000001 0
vertex 0 15000.050000000001 1297.92
endloop
endfacet
facet normal 0 1 0
outer loop
vertex 6855.16 15000.050000000001 811.59
vertex 0 15000.050000000001 1297.92
vertex 282.88 15000.050000000001 1297.92
endloop
endfacet
facet normal 0 0 1
outer loop
vertex 0 0 3999.9700000000003
vertex 14717.17 0 3999.9700000000003
vertex 0 14717.17 3999.9700000000003
endloop
endfacet
facet normal 0.35357347985163323 -0.3535734798516344 -0.8660090003523131
outer loop
vertex 4184.83 11097.970000000001 621.9200000000001
vertex 4825.47 10457.33 1145.04
vertex 4542.59 10174.45 1145.04
endloop
endfacet
facet normal 0.3536816586002878 -0.35351912107335626 -0.865987018035069
outer loop
vertex 4184.83 11097.970000000001 621.9200000000001
vertex 4542.59 10174.45 1145.04
vertex 3902.08 10815.09 621.9200000000001
endloop
endfacet
facet normal -0.6047078979070206 0.6047078979070186 -0.5183210553486581
outer loop
vertex 5019.95 10262.85 1138.41
vertex 5020.34 10262.460000000001 1137.5
vertex 4737.46 9979.58 1137.5
endloop
endfacet
facet normal -0.604707897906635 0.6047078979066369 -0.5183210553495537
outer loop
vertex 5019.95 10262.85 1138.41
vertex 4737.46 9979.58 1137.5
vertex 4737.07 9979.970000000001 1138.41
endloop
endfacet
facet normal -0.6123067312060794 0.6123067312060775 -0.5001609079480867
outer loop
vertex 5042.05 10240.75 1084.2
vertex 5110.820000000001 10172.11 915.98
vertex 4827.9400000000005 9889.23 915.98
endloop
endfacet
facet normal -0.6125923781195803 0.6123108558869904 -0.499805956379812
outer loop
vertex 5042.05 10240.75 1084.2
vertex 4827.9400000000005 9889.23 915.98
vertex 4759.3 9957.87 1084.2
endloop
endfacet
facet normal 0.35346412882286893 -0.35362664106600605 0.8660319326467498
outer loop
vertex 5742.2300000000005 8974.94 275.47
vertex 6025.110000000001 9257.69 275.47
vertex 5240.6900000000005 10042.24 915.98
endloop
endfacet
facet normal 0.3535673640555038 -0.35356736405550504 0.866013994199681
outer loop
vertex 5742.2300000000005 8974.94 275.47
vertex 5240.6900000000005 10042.24 915.98
vertex 4957.81 9759.36 915.98
endloop
endfacet
facet normal 0.6125807069131575 -0.6128623532151868 -0.4991438805888739
outer loop
vertex 5048.16 9669.01 1137.5
vertex 5026.45 9690.720000000001 1084.2
vertex 5309.33 9973.470000000001 1084.2
endloop
endfacet
facet normal 0.6125807069131575 -0.6128623532151868 -0.4991438805888739
outer loop
vertex 5048.16 9669.01 1137.5
vertex 5309.33 9973.470000000001 1084.2
vertex 5331.04 9951.76 1137.5
endloop
endfacet
facet normal 0.6123766717727184 -0.6123766717727204 -0.499989623629465
outer loop
vertex 4994.47 9722.57 1005.94
vertex 4957.81 9759.36 915.98
vertex 5240.6900000000005 10042.24 915.98
endloop
endfacet
facet normal 0.6123766717727241 -0.6123766717727223 -0.49998962362945565
outer loop
vertex 4994.47 9722.57 1005.94
vertex 5240.6900000000005 10042.24 915.98
vertex 5277.35 10005.45 1005.94
endloop
endfacet
facet normal -0.7071067811865487 -0.7071067811865464 -5.029603256206942e-13
outer loop
vertex 4764.89 9952.28 1137.5
vertex 5047.64 9669.53 1136.2
vertex 5048.16 9669.01 1137.5
endloop
endfacet
facet normal 0 0 0
outer loop
vertex 4764.89 9952.28 1137.5
vertex 5048.16 9669.01 1137.5
vertex 5047.77 9669.4 1137.5
endloop
endfacet
facet normal -0.7071067811865464 -0.7071067811865488 5.200017529043277e-13
outer loop
vertex 4778.41 9938.76 1136.2
vertex 5047.64 9669.53 1136.2
vertex 4764.89 9952.28 1137.5
endloop
endfacet
facet normal 0 0 0.9999999999999999
outer loop
vertex 5047.77 9669.4 1137.5
vertex 5048.16 9669.01 1137.5
vertex 5331.04 9951.76 1137.5
endloop
endfacet
facet normal 0 0 1
outer loop
vertex 5047.77 9669.4 1137.5
vertex 5331.04 9951.76 1137.5
vertex 5330.650000000001 9952.28 1137.5
endloop
endfacet
facet normal 0.7071193756802248 0.706650214735632 0.025053194440919017
outer loop
vertex 5225.4800000000005 10057.45 1135.81
vertex 5331.04 9951.76 1137.5
vertex 5329.610000000001 9953.32 1133.8600000000001
endloop
endfacet
facet normal 0.7071067811865476 0.7071067811865477 -3.311841802640544e-13
outer loop
vertex 5225.4800000000005 10057.45 1135.81
vertex 5329.610000000001 9953.32 1133.8600000000001
vertex 5074.68 10208.25 1133.8600000000001
endloop
endfacet
facet normal 0.7071067811865471 0.7071067811865479 -2.7829786034081057e-13
outer loop
vertex 5225.4800000000005 10057.45 1135.81
vertex 5074.68 10208.25 1133.8600000000001
vertex 5061.29 10221.640000000001 1136.2
endloop
endfacet
facet normal 0.7071067811865476 0.7071067811865476 0
outer loop
vertex 5225.4800000000005 10057.45 1135.81
vertex 5061.29 10221.640000000001 1136.2
vertex 5330.650000000001 9952.28 1137.5
endloop
endfacet
facet normal 0.06407041454620332 0.04805281090953905 -0.9967877955430482
outer loop
vertex 5225.4800000000005 10057.45 1135.81
vertex 5330.650000000001 9952.28 1137.5
vertex 5331.04 9951.76 1137.5
endloop
endfacet
facet normal 0.7069152701260317 0.7072982144760757 0.0001914721774962799
outer loop
vertex 5329.610000000001 9953.32 1133.8600000000001
vertex 5329.4800000000005 9953.45 1133.6000000000001
vertex 5087.9400000000005 10194.86 1130.74
endloop
endfacet
facet normal 0.7068000768645164 0.7068000768645164 -0.02945000320250467
outer loop
vertex 5329.610000000001 9953.32 1133.8600000000001
vertex 5087.9400000000005 10194.86 1130.74
vertex 5074.68 10208.25 1133.8600000000001
endloop
endfacet
facet normal 0.7071067811865476 0.7071067811865476 1.4134282880810566e-13
outer loop
vertex 5309.33 9973.470000000001 1084.2
vertex 5176.08 10106.720000000001 1084.2
vertex 5311.150000000001 9971.65 1088.75
endloop
endfacet
facet normal -0.7071067811865505 -0.7071067811865447 -3.085508716167161e-13
outer loop
vertex 4778.41 9938.76 1136.2
vertex 4791.8 9925.37 1133.8600000000001
vertex 5045.6900000000005 9671.48 1131.13
endloop
endfacet
facet normal -0.7071067811865465 -0.7071067811865488 1.2815119759896163e-13
outer loop
vertex 4778.41 9938.76 1136.2
vertex 5045.6900000000005 9671.48 1131.13
vertex 5047.64 9669.53 1136.2
endloop
endfacet
facet normal -0.7024354103649623 -0.7020305484569707 0.11720752236359402
outer loop
vertex 4818.320000000001 9898.85 1126.71
vertex 5043.74 9673.300000000001 1126.71
vertex 5044.13 9673.04 1127.49
endloop
endfacet
facet normal -0.7071067811865475 -0.7071067811865475 0
outer loop
vertex 4818.320000000001 9898.85 1126.71
vertex 5044.13 9673.04 1127.49
vertex 4805.06 9912.11 1130.74
endloop
endfacet
facet normal -0.7071067811865475 -0.7071067811865475 0
outer loop
vertex 4831.320000000001 9885.85 1121.77
vertex 5041.79 9675.380000000001 1121.77
vertex 5042.31 9674.86 1122.94
endloop
endfacet
facet normal -0.7071067811865476 -0.7071067811865476 0
outer loop
vertex 4831.320000000001 9885.85 1121.77
vertex 5042.31 9674.86 1122.94
vertex 4818.320000000001 9898.85 1126.71
endloop
endfacet
facet normal -0.707106781186547 -0.707106781186548 -1.0782873402640364e-13
outer loop
vertex 4844.1900000000005 9872.98 1115.92
vertex 5037.63 9679.54 1111.5
vertex 5040.1 9677.07 1117.6100000000001
endloop
endfacet
facet normal -0.7071067811865479 -0.7071067811865471 1.0793540492244569e-13
outer loop
vertex 4844.1900000000005 9872.98 1115.92
vertex 5040.1 9677.07 1117.6100000000001
vertex 4831.320000000001 9885.85 1121.77
endloop
endfacet
facet normal -0.7071067811865476 -0.7071067811865476 0
outer loop
vertex 4869.28 9847.890000000001 1101.75
vertex 4881.37 9835.800000000001 1093.43
vertex 5028.400000000001 9688.77 1088.88
endloop
endfacet
facet normal -0.7071067811865495 -0.7071067811865455 -4.865597561086677e-14
outer loop
vertex 4869.28 9847.890000000001 1101.75
vertex 5028.400000000001 9688.77 1088.88
vertex 5033.6 9683.57 1101.75
endloop
endfacet
facet normal -0.7071067811865489 -0.7071067811865464 0
outer loop
vertex 4805.06 9912.11 1130.74
vertex 5045.43 9671.74 1130.74
vertex 5045.6900000000005 9671.48 1131.13
endloop
endfacet
facet normal -0.7071067811865489 -0.7071067811865462 -1.1059689265109414e-14
outer loop
vertex 4805.06 9912.11 1130.74
vertex 5045.6900000000005 9671.48 1131.13
vertex 4791.8 9925.37 1133.8600000000001
endloop
endfacet
facet normal 0.7073105771905596 0.7069029053881467 -0.0001724765317900883
outer loop
vertex 5326.62 9956.18 1126.71
vertex 5101.2 10181.73 1126.71
vertex 5328.05 9954.75 1130.0900000000001
endloop
endfacet
facet normal -0.7071031990336271 -0.7066956467575266 -0.02421422661106676
outer loop
vertex 4818.320000000001 9898.85 1126.71
vertex 5042.31 9674.86 1122.94
vertex 5043.74 9673.300000000001 1126.71
endloop
endfacet
facet normal -0.7071067811865476 -0.7071067811865476 0
outer loop
vertex 4856.8 9860.37 1109.29
vertex 5036.72 9680.45 1109.29
vertex 5037.63 9679.54 1111.5
endloop
endfacet
facet normal -0.7071067811865469 -0.7071067811865481 -9.462347229383e-14
outer loop
vertex 4856.8 9860.37 1109.29
vertex 5037.63 9679.54 1111.5
vertex 4844.1900000000005 9872.98 1115.92
endloop
endfacet
facet normal -0.7071067811865475 -0.7071067811865475 0
outer loop
vertex 4893.2 9823.970000000001 1084.2
vertex 5026.45 9690.720000000001 1084.2
vertex 5028.400000000001 9688.77 1088.88
endloop
endfacet
facet normal -0.7071067811865476 -0.7071067811865476 0
outer loop
vertex 4893.2 9823.970000000001 1084.2
vertex 5028.400000000001 9688.77 1088.88
vertex 4881.37 9835.800000000001 1093.43
endloop
endfacet
facet normal 0.7042026869585833 0.7056049995261895 0.07886799302605399
outer loop
vertex 5326.62 9956.18 1126.71
vertex 5326.2300000000005 9956.7 1125.54
vertex 5114.2 10168.73 1121.77
endloop
endfacet
facet normal 0.7073101806740896 0.7069025091002165 0.001072819931243695
outer loop
vertex 5326.62 9956.18 1126.71
vertex 5114.2 10168.73 1121.77
vertex 5101.2 10181.73 1126.71
endloop
endfacet
facet normal 0.7071067811865492 0.7071067811865458 -1.4836751016468862e-15
outer loop
vertex 5322.2 9960.6 1115.92
vertex 5319.47 9963.33 1109.29
vertex 5139.68 10143.12 1109.29
endloop
endfacet
facet normal 0.7072827716110777 0.7068118776219854 -0.01296343452314784
outer loop
vertex 5322.2 9960.6 1115.92
vertex 5139.68 10143.12 1109.29
vertex 5127.070000000001 10155.86 1115.92
endloop
endfacet
facet normal 0.7067726335350223 0.7073317890995322 0.012417109777393182
outer loop
vertex 5319.47 9963.33 1109.29
vertex 5316.4800000000005 9966.45 1101.75
vertex 5152.03 10130.77 1101.75
endloop
endfacet
facet normal 0.7071067811865493 0.7071067811865457 -7.78022479634785e-14
outer loop
vertex 5319.47 9963.33 1109.29
vertex 5152.03 10130.77 1101.75
vertex 5139.68 10143.12 1109.29
endloop
endfacet
facet normal 0.7071067811865475 0.7071067811865475 -7.730984184563233e-14
outer loop
vertex 5316.4800000000005 9966.45 1101.75
vertex 5313.1 9969.83 1093.43
vertex 5164.25 10118.68 1093.43
endloop
endfacet
facet normal 0.7067901322346559 0.7073493016430737 0.010231052769569374
outer loop
vertex 5316.4800000000005 9966.45 1101.75
vertex 5164.25 10118.68 1093.43
vertex 5152.03 10130.77 1101.75
endloop
endfacet
facet normal 0.7073018775139542 0.7066312494131475 -0.019908074192384304
outer loop
vertex 5313.1 9969.83 1093.43
vertex 5311.150000000001 9971.65 1088.75
vertex 5176.08 10106.720000000001 1084.2
endloop
endfacet
facet normal 0.707071716011788 0.707071716011788 -0.00995875656348472
outer loop
vertex 5313.1 9969.83 1093.43
vertex 5176.08 10106.720000000001 1084.2
vertex 5164.25 10118.68 1093.43
endloop
endfacet
facet normal 0.707106781186546 0.7071067811865491 -1.692934233980849e-13
outer loop
vertex 5324.67 9958.26 1121.77
vertex 5114.2 10168.73 1121.77
vertex 5326.2300000000005 9956.7 1125.54
endloop
endfacet
facet normal 0 0 -1
outer loop
vertex 5309.33 9973.470000000001 1084.2
vertex 5026.45 9690.720000000001 1084.2
vertex 4893.2 9823.970000000001 1084.2
endloop
endfacet
facet normal 0 0 -1
outer loop
vertex 5309.33 9973.470000000001 1084.2
vertex 4893.2 9823.970000000001 1084.2
vertex 5176.08 10106.720000000001 1084.2
endloop
endfacet
facet normal -0.6643584742203147 -0.664053162421502 -0.34301780596589676
outer loop
vertex 6080.75 9202.050000000001 400.27000000000004
vertex 6090.110000000001 9192.82 400.01
vertex 6372.860000000001 8909.94 400.01
endloop
endfacet
facet normal -0.7071067811865487 -0.7071067811865464 -2.553244680462665e-12
outer loop
vertex 6363.63 8919.17 400.27000000000004
vertex 6080.75 9202.050000000001 400.27000000000004
vertex 6372.860000000001 8909.94 400.01
endloop
endfacet
facet normal 0.014081713882676332 -0.014081713882676376 0.9998016856698396
outer loop
vertex 5798 8919.17 400.27000000000004
vertex 5807.2300000000005 8909.94 400.01
vertex 6090.110000000001 9192.82 400.01
endloop
endfacet
facet normal 0.013986470341457084 -0.013980042735601585 0.9998044494062317
outer loop
vertex 5798 8919.17 400.27000000000004
vertex 6090.110000000001 9192.82 400.01
vertex 6080.75 9202.050000000001 400.27000000000004
endloop
endfacet
facet normal 0.7071067811865476 0.7071067811865476 0
outer loop
vertex 6080.75 8636.42 400.27000000000004
vertex 6090.110000000001 8627.06 400.01
vertex 5948.67 8768.5 400.01
endloop
endfacet
facet normal 0.7071067811865498 0.7071067811865451 -2.238461089720696e-12
outer loop
vertex 6080.75 8636.42 400.27000000000004
vertex 5948.67 8768.5 400.01
vertex 5807.2300000000005 8909.94 400.01
endloop
endfacet
facet normal -0.7071067811865475 -0.7071067811865475 0
outer loop
vertex 6210.1 9072.83 400.66
vertex 6309.42 8973.51 400.92
vertex 6076.33 9206.6 400.92
endloop
endfacet
facet normal -0.7071067811865459 -0.7071067811865492 1.6261271237728501e-12
outer loop
vertex 6210.1 9072.83 400.66
vertex 6076.33 9206.6 400.92
vertex 6076.2 9206.73 400.53000000000003
endloop
endfacet
facet normal -0.6680737767800348 -0.6677550392911218 0.3282996135851715
outer loop
vertex 6210.1 9072.83 400.66
vertex 6076.2 9206.73 400.53000000000003
vertex 6080.75 9202.050000000001 400.27000000000004
endloop
endfacet
facet normal -0.6882472016117908 -0.6882472016117884 0.2294157338699361
outer loop
vertex 6210.1 9072.83 400.66
vertex 6080.75 9202.050000000001 400.27000000000004
vertex 6363.63 8919.17 400.27000000000004
endloop
endfacet
facet normal -0.700603825229414 -0.7003577402890477 0.13657714190570594
outer loop
vertex 6210.1 9072.83 400.66
vertex 6363.63 8919.17 400.27000000000004
vertex 6354.400000000001 8928.53 400.92
endloop
endfacet
facet normal -0.7071067811865406 -0.7071067811865547 -5.499109613476899e-12
outer loop
vertex 6210.1 9072.83 400.66
vertex 6354.400000000001 8928.53 400.92
vertex 6309.42 8973.51 400.92
endloop
endfacet
facet normal 0.027762748389532854 -0.02774998977354492 0.9992292869353999
outer loop
vertex 5793.320000000001 8923.85 400.53000000000003
vertex 5798 8919.17 400.27000000000004
vertex 6080.75 9202.050000000001 400.27000000000004
endloop
endfacet
facet normal 0.028146688728053017 -0.028146688728053017 0.9992074498457726
outer loop
vertex 5793.320000000001 8923.85 400.53000000000003
vertex 6080.75 9202.050000000001 400.27000000000004
vertex 6076.2 9206.73 400.53000000000003
endloop
endfacet
facet normal 0.7062198078340004 0.7066048786125362 0.044307206455276166
outer loop
vertex 6034.7300000000005 8682.44 407.68
vertex 5795.400000000001 8921.77 405.6
vertex 5796.18 8920.86 407.68
endloop
endfacet
facet normal 0.7071067811865462 0.7071067811865488 4.4525721753583777e-13
outer loop
vertex 6053.06 8664.11 403.39
vertex 5793.97 8923.2 401.96000000000004
vertex 5794.49 8922.68 403.39
endloop
endfacet
facet normal 0.7071067811865475 0.7071067811865475 3.7968104096653613e-13
outer loop
vertex 6043.83 8673.34 405.34000000000003
vertex 5794.62 8922.550000000001 403.65000000000003
vertex 5795.27 8921.9 405.34000000000003
endloop
endfacet
facet normal -0.6124371906776408 0.6124371906776389 0.49984134977986794
outer loop
vertex 6128.72 9154.08 529.36
vertex 6097.91 9185.02 453.7
vertex 5815.03 8902.14 453.7
endloop
endfacet
facet normal -0.6126183923066473 0.6129000559352943 0.4990513268614084
outer loop
vertex 6128.72 9154.08 529.36
vertex 5815.03 8902.14 453.7
vertex 5845.84 8871.33 529.36
endloop
endfacet
facet normal -0.6123232472062158 0.6126047751359658 0.49977558004713335
outer loop
vertex 6076.2 9206.73 400.53000000000003
vertex 6025.110000000001 9257.69 275.47
vertex 5742.2300000000005 8974.94 275.47
endloop
endfacet
facet normal -0.6122690702112552 0.6122690702112552 0.5002531072620041
outer loop
vertex 6076.2 9206.73 400.53000000000003
vertex 5742.2300000000005 8974.94 275.47
vertex 5793.320000000001 8923.85 400.53000000000003
endloop
endfacet
facet normal -0.7071067811865475 0.7071067811865475 0
outer loop
vertex 7499.96 7499.96 414.7
vertex 7358.52 7358.52 400.01
vertex 7358.52 7358.52 400.92
endloop
endfacet
facet normal -0.7071067811865476 0.7071067811865476 0
outer loop
vertex 7499.96 7499.96 414.7
vertex 7358.52 7358.52 400.92
vertex 7358.52 7358.52 401.96000000000004
endloop
endfacet
facet normal -0.7071067811865475 0.7071067811865475 0
outer loop
vertex 7499.96 7499.96 414.7
vertex 7358.52 7358.52 401.96000000000004
vertex 7358.52 7358.52 407.68
endloop
endfacet
facet normal -0.7071067811865476 0.7071067811865476 0
outer loop
vertex 7499.96 7499.96 414.7
vertex 7358.52 7358.52 407.68
vertex 7358.52 7358.52 410.54
endloop
endfacet
facet normal -0.7071067811865476 0.7071067811865476 0
outer loop
vertex 7499.96 7499.96 414.7
vertex 7358.52 7358.52 410.54
vertex 7358.52 7358.52 413.66
endloop
endfacet
facet normal -0.7071067811865476 0.7071067811865476 0
outer loop
vertex 7499.96 7499.96 414.7
vertex 7358.52 7358.52 413.66
vertex 7358.52 7358.52 435.76
endloop
endfacet
facet normal -0.7071067811865476 0.7071067811865476 0
outer loop
vertex 7499.96 7499.96 414.7
vertex 7358.52 7358.52 435.76
vertex 7358.52 7358.52 441.35
endloop
endfacet
facet normal -0.7071067811865475 0.7071067811865475 0
outer loop
vertex 7499.96 7499.96 414.7
vertex 7358.52 7358.52 441.35
vertex 7358.52 7358.52 453.44
endloop
endfacet
facet normal -0.7071067811865475 0.7071067811865475 0
outer loop
vertex 7499.96 7499.96 414.7
vertex 7358.52 7358.52 453.44
vertex 7358.52 7358.52 599.95
endloop
endfacet
facet normal -0.7071067811865477 0.7071067811865477 0
outer loop
vertex 7499.96 7499.96 414.7
vertex 7358.52 7358.52 599.95
vertex 7641.400000000001 7641.400000000001 599.95
endloop
endfacet
facet normal -0.7071067811865476 0.7071067811865476 0
outer loop
vertex 7499.96 7499.96 414.7
vertex 7641.400000000001 7641.400000000001 599.95
vertex 7641.400000000001 7641.400000000001 453.44
endloop
endfacet
facet normal -0.7071067811865475 0.7071067811865475 0
outer loop
vertex 7499.96 7499.96 414.7
vertex 7641.400000000001 7641.400000000001 453.44
vertex 7641.400000000001 7641.400000000001 447.33000000000004
endloop
endfacet
facet normal -0.7071067811865475 0.7071067811865475 0
outer loop
vertex 7499.96 7499.96 414.7
vertex 7641.400000000001 7641.400000000001 447.33000000000004
vertex 7641.400000000001 7641.400000000001 435.76
endloop
endfacet
facet normal -0.7071067811865475 0.7071067811865475 0
outer loop
vertex 7499.96 7499.96 414.7
vertex 7641.400000000001 7641.400000000001 435.76
vertex 7641.400000000001 7641.400000000001 410.54
endloop
endfacet
facet normal -0.7071067811865475 0.7071067811865475 0
outer loop
vertex 7499.96 7499.96 414.7
vertex 7641.400000000001 7641.400000000001 410.54
vertex 7641.400000000001 7641.400000000001 405.34000000000003
endloop
endfacet
facet normal -0.7071067811865476 0.7071067811865476 0
outer loop
vertex 7499.96 7499.96 414.7
vertex 7641.400000000001 7641.400000000001 405.34000000000003
vertex 7641.400000000001 7641.400000000001 403.39
endloop
endfacet
facet normal -0.7071067811865475 0.7071067811865475 0
outer loop
vertex 7499.96 7499.96 414.7
vertex 7641.400000000001 7641.400000000001 403.39
vertex 7641.400000000001 7641.400000000001 401.96000000000004
endloop
endfacet
facet normal -0.7071067811865476 0.7071067811865476 0
outer loop
vertex 7499.96 7499.96 414.7
vertex 7641.400000000001 7641.400000000001 401.96000000000004
vertex 7641.400000000001 7641.400000000001 400.92
endloop
endfacet
facet normal -0.7071067811865476 0.7071067811865476 0
outer loop
vertex 7499.96 7499.96 414.7
vertex 7641.400000000001 7641.400000000001 400.92
vertex 7641.400000000001 7641.400000000001 400.01
endloop
endfacet
facet normal -0.7071067811865475 0.7071067811865475 0
outer loop
vertex 7499.96 7499.96 414.7
vertex 7641.400000000001 7641.400000000001 400.01
vertex 7641.400000000001 7641.400000000001 199.94
endloop
endfacet
facet normal -0.7071067811865476 0.7071067811865476 0
outer loop
vertex 7499.96 7499.96 414.7
vertex 7641.400000000001 7641.400000000001 199.94
vertex 7358.52 7358.52 199.94
endloop
endfacet
facet normal -0.7071067811865476 0.7071067811865476 0
outer loop
vertex 7499.96 7499.96 414.7
vertex 7358.52 7358.52 199.94
vertex 7358.52 7358.52 400.01
endloop
endfacet
facet normal 0.7072692784296084 -0.7069442465920922 0
outer loop
vertex 5948.67 8768.5 599.95
vertex 5948.67 8768.5 453.44
vertex 6231.42 9051.380000000001 453.44
endloop
endfacet
facet normal 0.7072692784296084 -0.7069442465920922 0
outer loop
vertex 5948.67 8768.5 599.95
vertex 6231.42 9051.380000000001 453.44
vertex 6231.42 9051.380000000001 599.95
endloop
endfacet
facet normal 0.7072692784296085 -0.7069442465920923 0
outer loop
vertex 5948.67 8768.5 400.01
vertex 5948.67 8768.5 199.94
vertex 6231.42 9051.380000000001 199.94
endloop
endfacet
facet normal 0.7072692784296085 -0.7069442465920923 0
outer loop
vertex 5948.67 8768.5 400.01
vertex 6231.42 9051.380000000001 199.94
vertex 6231.42 9051.380000000001 400.01
endloop
endfacet
facet normal -0.30158064015233743 0.3014420461081487 -0.9045340293894085
outer loop
vertex 6231.42 9051.380000000001 453.44
vertex 5948.67 8768.5 453.44
vertex 5948.280000000001 8768.89 453.7
endloop
endfacet
facet normal -0.3481553119115353 0.3481553119115331 -0.8703882797783783
outer loop
vertex 6231.42 9051.380000000001 453.44
vertex 5948.280000000001 8768.89 453.7
vertex 6231.16 9051.77 453.7
endloop
endfacet
endsolid JSCAD
