solid JSCAD
facet normal -1 0 0
outer loop
vertex 0 0 0
vertex 0 0 3999.9700000000003
vertex 0 15000.050000000001 3999.9700000000003
endloop
endfacet
facet normal -1 0 0
outer loop
vertex 0 0 0
vertex 0 15000.050000000001 3999.9700000000003
vertex 0 15000.050000000001 0
endloop
endfacet
facet normal 1 0 0
outer loop
vertex 19999.98 0 0
vertex 19999.98 15000.050000000001 0
vertex 19999.98 15000.050000000001 3999.9700000000003
endloop
endfacet
facet normal 1 0 0
outer loop
vertex 19999.98 0 0
vertex 19999.98 15000.050000000001 3999.9700000000003
vertex 19999.98 0 3999.9700000000003
endloop
endfacet
facet normal 0 -1 0
outer loop
vertex 0 0 0
vertex 19999.98 0 0
vertex 19999.98 0 3999.9700000000003
endloop
endfacet
facet normal 0 -1 0
outer loop
vertex 0 0 0
vertex 19999.98 0 3999.9700000000003
vertex 0 0 3999.9700000000003
endloop
endfacet
facet normal 0 1 0
outer loop
vertex 0 15000.050000000001 0
vertex 0 15000.050000000001 3999.9700000000003
vertex 19999.98 15000.050000000001 3999.9700000000003
endloop
endfacet
facet normal 0 1 0
outer loop
vertex 0 15000.050000000001 0
vertex 19999.98 15000.050000000001 3999.9700000000003
vertex 19999.98 15000.050000000001 0
endloop
endfacet
facet normal 0 0 -1
outer loop
vertex 0 0 0
vertex 0 15000.050000000001 0
vertex 19999.98 15000.050000000001 0
endloop
endfacet
facet normal 0 0 -1
outer loop
vertex 0 0 0
vertex 19999.98 15000.050000000001 0
vertex 19999.98 0 0
endloop
endfacet
facet normal 0 0 1
outer loop
vertex 0 0 3999.9700000000003
vertex 19999.98 0 3999.9700000000003
vertex 19999.98 15000.050000000001 3999.9700000000003
endloop
endfacet
facet normal 0 0 1
outer loop
vertex 0 0 3999.9700000000003
vertex 19999.98 15000.050000000001 3999.9700000000003
vertex 0 15000.050000000001 3999.9700000000003
endloop
endfacet
facet normal 0 1 0
outer loop
vertex 3599.96 9800.050000000001 599.95
vertex 3599.96 9800.050000000001 199.94
vertex 3499.9900000000002 9800.050000000001 199.94
endloop
endfacet
facet normal 0 1 0
outer loop
vertex 3599.96 9800.050000000001 599.95
vertex 3499.9900000000002 9800.050000000001 199.94
vertex 3499.9900000000002 9800.050000000001 599.95
endloop
endfacet
facet normal 0 1 0
outer loop
vertex 7700.030000000001 9800.050000000001 599.95
vertex 7700.030000000001 9800.050000000001 199.94
vertex 7600.06 9800.050000000001 199.94
endloop
endfacet
facet normal 0 1 0
outer loop
vertex 7700.030000000001 9800.050000000001 599.95
vertex 7600.06 9800.050000000001 199.94
vertex 7600.06 9800.050000000001 599.95
endloop
endfacet
facet normal 0 -1 0
outer loop
vertex 7600.06 10200.06 599.95
vertex 7600.06 10200.06 199.94
vertex 7700.030000000001 10200.06 199.94
endloop
endfacet
facet normal 0 -1 0
outer loop
vertex 7600.06 10200.06 599.95
vertex 7700.030000000001 10200.06 199.94
vertex 7700.030000000001 10200.06 599.95
endloop
endfacet
facet normal 0 -1 0
outer loop
vertex 3499.9900000000002 10200.06 599.95
vertex 3499.9900000000002 10200.06 199.94
vertex 3599.96 10200.06 199.94
endloop
endfacet
facet normal 0 -1 0
outer loop
vertex 3499.9900000000002 10200.06 599.95
vertex 3599.96 10200.06 199.94
vertex 3599.96 10200.06 599.95
endloop
endfacet
facet normal 0 0 1
outer loop
vertex 6000.02 12025.78 199.94
vertex 5906.16 12192.57 199.94
vertex 5814.64 12170.6 199.94
endloop
endfacet
facet normal 0 0 1
outer loop
vertex 6000.02 12025.78 199.94
vertex 5814.64 12170.6 199.94
vertex 5727.67 12134.59 199.94
endloop
endfacet
facet normal 0 0 1
outer loop
vertex 6000.02 12025.78 199.94
vertex 5727.67 12134.59 199.94
vertex 5647.33 12085.45 199.94
endloop
endfacet
facet normal 0 0 1
outer loop
vertex 6000.02 12025.78 199.94
vertex 5647.33 12085.45 199.94
vertex 5575.7 12024.220000000001 199.94
endloop
endfacet
facet normal 0 0 0.9999999999999999
outer loop
vertex 6000.02 12025.78 199.94
vertex 5575.7 12024.220000000001 199.94
vertex 5514.6 11952.720000000001 199.94
endloop
endfacet
facet normal 0 0 1
outer loop
vertex 6000.02 12025.78 199.94
vertex 5514.6 11952.720000000001 199.94
vertex 5465.46 11872.380000000001 199.94
endloop
endfacet
facet normal 0 0 1
outer loop
vertex 6000.02 12025.78 199.94
vertex 5465.46 11872.380000000001 199.94
vertex 5435.43 11799.970000000001 199.94
endloop
endfacet
facet normal 0 0 0.9999999999999999
outer loop
vertex 6000.02 12025.78 199.94
vertex 5435.43 11799.970000000001 199.94
vertex 6000.02 11799.970000000001 199.94
endloop
endfacet
facet normal 0 0 0.9999999999999999
outer loop
vertex 6000.02 12025.78 199.94
vertex 6000.02 11799.970000000001 199.94
vertex 6564.610000000001 11799.970000000001 199.94
endloop
endfacet
facet normal 0 0 1
outer loop
vertex 6000.02 12025.78 199.94
vertex 6564.610000000001 11799.970000000001 199.94
vertex 6534.58 11872.380000000001 199.94
endloop
endfacet
facet normal 0 0 1
outer loop
vertex 6000.02 12025.78 199.94
vertex 6534.58 11872.380000000001 199.94
vertex 6485.4400000000005 11952.720000000001 199.94
endloop
endfacet
facet normal 0 0 1
outer loop
vertex 6000.02 12025.78 199.94
vertex 6485.4400000000005 11952.720000000001 199.94
vertex 6424.21 12024.220000000001 199.94
endloop
endfacet
facet normal 0 0 1
outer loop
vertex 6000.02 12025.78 199.94
vertex 6424.21 12024.220000000001 199.94
vertex 6352.71 12085.45 199.94
endloop
endfacet
facet normal 0 0 1
outer loop
vertex 6000.02 12025.78 199.94
vertex 6352.71 12085.45 199.94
vertex 6272.37 12134.59 199.94
endloop
endfacet
facet normal 0 0 1
outer loop
vertex 6000.02 12025.78 199.94
vertex 6272.37 12134.59 199.94
vertex 6185.400000000001 12170.6 199.94
endloop
endfacet
facet normal 0 0 1
outer loop
vertex 6000.02 12025.78 199.94
vertex 6185.400000000001 12170.6 199.94
vertex 6093.88 12192.57 199.94
endloop
endfacet
facet normal 0 0 1
outer loop
vertex 6000.02 12025.78 199.94
vertex 6093.88 12192.57 199.94
vertex 6000.02 12199.98 199.94
endloop
endfacet
facet normal 0 0 1
outer loop
vertex 6000.02 12025.78 199.94
vertex 6000.02 12199.98 199.94
vertex 5906.16 12192.57 199.94
endloop
endfacet
facet normal 0 0 1
outer loop
vertex 4399.9800000000005 12025.78 199.94
vertex 4306.12 12192.57 199.94
vertex 4214.6 12170.6 199.94
endloop
endfacet
facet normal 0 0 1
outer loop
vertex 4399.9800000000005 12025.78 199.94
vertex 4214.6 12170.6 199.94
vertex 4127.63 12134.59 199.94
endloop
endfacet
facet normal 0 0 1
outer loop
vertex 4399.9800000000005 12025.78 199.94
vertex 4127.63 12134.59 199.94
vertex 4047.29 12085.45 199.94
endloop
endfacet
facet normal 0 0 1
outer loop
vertex 4399.9800000000005 12025.78 199.94
vertex 4047.29 12085.45 199.94
vertex 3975.79 12024.220000000001 199.94
endloop
endfacet
facet normal 0 0 1
outer loop
vertex 4399.9800000000005 12025.78 199.94
vertex 3975.79 12024.220000000001 199.94
vertex 3914.56 11952.720000000001 199.94
endloop
endfacet
facet normal 0 0 1
outer loop
vertex 4399.9800000000005 12025.78 199.94
vertex 3914.56 11952.720000000001 199.94
vertex 3865.42 11872.380000000001 199.94
endloop
endfacet
facet normal 0 0 1
outer loop
vertex 4399.9800000000005 12025.78 199.94
vertex 3865.42 11872.380000000001 199.94
vertex 3835.3900000000003 11799.970000000001 199.94
endloop
endfacet
facet normal 0 0 0.9999999999999999
outer loop
vertex 4399.9800000000005 12025.78 199.94
vertex 3835.3900000000003 11799.970000000001 199.94
vertex 4399.9800000000005 11799.970000000001 199.94
endloop
endfacet
facet normal 0 0 0.9999999999999999
outer loop
vertex 4399.9800000000005 12025.78 199.94
vertex 4399.9800000000005 11799.970000000001 199.94
vertex 4964.570000000001 11799.970000000001 199.94
endloop
endfacet
facet normal 0 0 1
outer loop
vertex 4399.9800000000005 12025.78 199.94
vertex 4964.570000000001 11799.970000000001 199.94
vertex 4934.54 11872.380000000001 199.94
endloop
endfacet
facet normal 0 0 1
outer loop
vertex 4399.9800000000005 12025.78 199.94
vertex 4934.54 11872.380000000001 199.94
vertex 4885.400000000001 11952.720000000001 199.94
endloop
endfacet
facet normal 0 0 1
outer loop
vertex 4399.9800000000005 12025.78 199.94
vertex 4885.400000000001 11952.720000000001 199.94
vertex 4824.3 12024.220000000001 199.94
endloop
endfacet
facet normal 0 0 1
outer loop
vertex 4399.9800000000005 12025.78 199.94
vertex 4824.3 12024.220000000001 199.94
vertex 4752.67 12085.45 199.94
endloop
endfacet
facet normal 0 0 1
outer loop
vertex 4399.9800000000005 12025.78 199.94
vertex 4752.67 12085.45 199.94
vertex 4672.33 12134.59 199.94
endloop
endfacet
facet normal 0 0 1
outer loop
vertex 4399.9800000000005 12025.78 199.94
vertex 4672.33 12134.59 199.94
vertex 4585.360000000001 12170.6 199.94
endloop
endfacet
facet normal 0 0 1
outer loop
vertex 4399.9800000000005 12025.78 199.94
vertex 4585.360000000001 12170.6 199.94
vertex 4493.84 12192.57 199.94
endloop
endfacet
facet normal 0 0 1
outer loop
vertex 4399.9800000000005 12025.78 199.94
vertex 4493.84 12192.57 199.94
vertex 4399.9800000000005 12199.98 199.94
endloop
endfacet
facet normal 0 0 1
outer loop
vertex 4399.9800000000005 12025.78 199.94
vertex 4399.9800000000005 12199.98 199.94
vertex 4306.12 12192.57 199.94
endloop
endfacet
facet normal 0 0 1
outer loop
vertex 6000.02 11799.970000000001 199.94
vertex 6031.35 11797.5 199.94
vertex 6565.650000000001 11797.5 199.94
endloop
endfacet
facet normal 0 0 1
outer loop
vertex 6000.02 11799.970000000001 199.94
vertex 6565.650000000001 11797.5 199.94
vertex 6564.610000000001 11799.970000000001 199.94
endloop
endfacet
facet normal 0 0 1
outer loop
vertex 5435.43 11799.970000000001 199.94
vertex 5434.39 11797.5 199.94
vertex 5968.6900000000005 11797.5 199.94
endloop
endfacet
facet normal 0 0 1
outer loop
vertex 5435.43 11799.970000000001 199.94
vertex 5968.6900000000005 11797.5 199.94
vertex 6000.02 11799.970000000001 199.94
endloop
endfacet
facet normal 0 0 1
outer loop
vertex 4399.9800000000005 11799.970000000001 199.94
vertex 4431.31 11797.5 199.94
vertex 4965.610000000001 11797.5 199.94
endloop
endfacet
facet normal 0 0 1
outer loop
vertex 4399.9800000000005 11799.970000000001 199.94
vertex 4965.610000000001 11797.5 199.94
vertex 4964.570000000001 11799.970000000001 199.94
endloop
endfacet
facet normal 0 0 1
outer loop
vertex 3835.3900000000003 11799.970000000001 199.94
vertex 3834.35 11797.5 199.94
vertex 4368.650000000001 11797.5 199.94
endloop
endfacet
facet normal 0 0 1
outer loop
vertex 3835.3900000000003 11799.970000000001 199.94
vertex 4368.650000000001 11797.5 199.94
vertex 4399.9800000000005 11799.970000000001 199.94
endloop
endfacet
facet normal 0 0 1
outer loop
vertex 6031.35 11797.5 199.94
vertex 6061.77 11790.220000000001 199.94
vertex 6568.64 11790.220000000001 199.94
endloop
endfacet
facet normal 0 0 1
outer loop
vertex 6031.35 11797.5 199.94
vertex 6568.64 11790.220000000001 199.94
vertex 6565.650000000001 11797.5 199.94
endloop
endfacet
facet normal 0 0 1
outer loop
vertex 5434.39 11797.5 199.94
vertex 5431.400000000001 11790.220000000001 199.94
vertex 5938.14 11790.220000000001 199.94
endloop
endfacet
facet normal 0 0 1
outer loop
vertex 5434.39 11797.5 199.94
vertex 5938.14 11790.220000000001 199.94
vertex 5968.6900000000005 11797.5 199.94
endloop
endfacet
facet normal 0 0 1
outer loop
vertex 4431.31 11797.5 199.94
vertex 4461.860000000001 11790.220000000001 199.94
vertex 4968.6 11790.220000000001 199.94
endloop
endfacet
facet normal 0 0 1
outer loop
vertex 4431.31 11797.5 199.94
vertex 4968.6 11790.220000000001 199.94
vertex 4965.610000000001 11797.5 199.94
endloop
endfacet
facet normal 0 0 1
outer loop
vertex 3834.35 11797.5 199.94
vertex 3831.36 11790.220000000001 199.94
vertex 4338.2300000000005 11790.220000000001 199.94
endloop
endfacet
facet normal 0 0 1
outer loop
vertex 3834.35 11797.5 199.94
vertex 4338.2300000000005 11790.220000000001 199.94
vertex 4368.650000000001 11797.5 199.94
endloop
endfacet
facet normal 0 0 1
outer loop
vertex 6372.860000000001 11784.5 199.94
vertex 6061.77 11790.220000000001 199.94
vertex 6090.76 11778.26 199.94
endloop
endfacet
facet normal 0 0 1
outer loop
vertex 6372.860000000001 11784.5 199.94
vertex 6090.76 11778.26 199.94
vertex 6572.41 11778.26 199.94
endloop
endfacet
facet normal 0 0 0.9999999999999999
outer loop
vertex 6372.860000000001 11784.5 199.94
vertex 6572.41 11778.26 199.94
vertex 6570.59 11785.41 199.94
endloop
endfacet
facet normal 0 0 0.9999999999999999
outer loop
vertex 6372.860000000001 11784.5 199.94
vertex 6570.59 11785.41 199.94
vertex 6568.64 11790.220000000001 199.94
endloop
endfacet
facet normal 0 0 1
outer loop
vertex 6372.860000000001 11784.5 199.94
vertex 6568.64 11790.220000000001 199.94
vertex 6061.77 11790.220000000001 199.94
endloop
endfacet
facet normal 0 0 1
outer loop
vertex 5627.18 11784.5 199.94
vertex 5431.400000000001 11790.220000000001 199.94
vertex 5429.320000000001 11785.41 199.94
endloop
endfacet
facet normal 0 0 1
outer loop
vertex 5627.18 11784.5 199.94
vertex 5429.320000000001 11785.41 199.94
vertex 5427.63 11778.26 199.94
endloop
endfacet
facet normal 0 0 1
outer loop
vertex 5627.18 11784.5 199.94
vertex 5427.63 11778.26 199.94
vertex 5909.150000000001 11778.26 199.94
endloop
endfacet
facet normal 0 0 1
outer loop
vertex 5627.18 11784.5 199.94
vertex 5909.150000000001 11778.26 199.94
vertex 5938.14 11790.220000000001 199.94
endloop
endfacet
facet normal 0 0 1
outer loop
vertex 5627.18 11784.5 199.94
vertex 5938.14 11790.220000000001 199.94
vertex 5431.400000000001 11790.220000000001 199.94
endloop
endfacet
facet normal 0 0 1
outer loop
vertex 4772.82 11784.5 199.94
vertex 4461.860000000001 11790.220000000001 199.94
vertex 4490.85 11778.26 199.94
endloop
endfacet
facet normal 0 0 0.9999999999999999
outer loop
vertex 4772.82 11784.5 199.94
vertex 4490.85 11778.26 199.94
vertex 4972.37 11778.26 199.94
endloop
endfacet
facet normal 0 0 1
outer loop
vertex 4772.82 11784.5 199.94
vertex 4972.37 11778.26 199.94
vertex 4970.68 11785.41 199.94
endloop
endfacet
facet normal 0 0 1
outer loop
vertex 4772.82 11784.5 199.94
vertex 4970.68 11785.41 199.94
vertex 4968.6 11790.220000000001 199.94
endloop
endfacet
facet normal 0 0 1
outer loop
vertex 4772.82 11784.5 199.94
vertex 4968.6 11790.220000000001 199.94
vertex 4461.860000000001 11790.220000000001 199.94
endloop
endfacet
facet normal 0 0 1
outer loop
vertex 4027.1400000000003 11784.5 199.94
vertex 3831.36 11790.220000000001 199.94
vertex 3829.4100000000003 11785.41 199.94
endloop
endfacet
facet normal 0 0 1
outer loop
vertex 4027.1400000000003 11784.5 199.94
vertex 3829.4100000000003 11785.41 199.94
vertex 3827.59 11778.26 199.94
endloop
endfacet
facet normal 0 0 1
outer loop
vertex 4027.1400000000003 11784.5 199.94
vertex 3827.59 11778.26 199.94
vertex 4309.24 11778.26 199.94
endloop
endfacet
facet normal 0 0 1
outer loop
vertex 4027.1400000000003 11784.5 199.94
vertex 4309.24 11778.26 199.94
vertex 4338.2300000000005 11790.220000000001 199.94
endloop
endfacet
facet normal 0 0 1
outer loop
vertex 4027.1400000000003 11784.5 199.94
vertex 4338.2300000000005 11790.220000000001 199.94
vertex 3831.36 11790.220000000001 199.94
endloop
endfacet
facet normal 0 0 1
outer loop
vertex 6090.76 11778.26 199.94
vertex 6117.54 11761.75 199.94
vertex 6576.31 11761.75 199.94
endloop
endfacet
facet normal 0 0 1
outer loop
vertex 6090.76 11778.26 199.94
vertex 6576.31 11761.75 199.94
vertex 6572.41 11778.26 199.94
endloop
endfacet
facet normal 0 0 1
outer loop
vertex 5427.63 11778.26 199.94
vertex 5423.7300000000005 11761.75 199.94
vertex 5882.5 11761.75 199.94
endloop
endfacet
facet normal 0 0 1
outer loop
vertex 5427.63 11778.26 199.94
vertex 5882.5 11761.75 199.94
vertex 5909.150000000001 11778.26 199.94
endloop
endfacet
facet normal 0 0 1
outer loop
vertex 4490.85 11778.26 199.94
vertex 4517.5 11761.75 199.94
vertex 4976.27 11761.75 199.94
endloop
endfacet
facet normal 0 0 1
outer loop
vertex 4490.85 11778.26 199.94
vertex 4976.27 11761.75 199.94
vertex 4972.37 11778.26 199.94
endloop
endfacet
facet normal 0 0 1
outer loop
vertex 3827.59 11778.26 199.94
vertex 3823.69 11761.75 199.94
vertex 4282.46 11761.75 199.94
endloop
endfacet
facet normal 0 0 1
outer loop
vertex 3827.59 11778.26 199.94
vertex 4282.46 11761.75 199.94
vertex 4309.24 11778.26 199.94
endloop
endfacet
facet normal 0 0 1
outer loop
vertex 6117.54 11761.75 199.94
vertex 6141.46 11741.470000000001 199.94
vertex 6581.25 11741.470000000001 199.94
endloop
endfacet
facet normal 0 0 1
outer loop
vertex 6117.54 11761.75 199.94
vertex 6581.25 11741.470000000001 199.94
vertex 6576.31 11761.75 199.94
endloop
endfacet
facet normal 0 0 1
outer loop
vertex 5423.7300000000005 11761.75 199.94
vertex 5418.79 11741.470000000001 199.94
vertex 5858.58 11741.470000000001 199.94
endloop
endfacet
facet normal 0 0 0.9999999999999999
outer loop
vertex 5423.7300000000005 11761.75 199.94
vertex 5858.58 11741.470000000001 199.94
vertex 5882.5 11761.75 199.94
endloop
endfacet
facet normal 0 0 1
outer loop
vertex 4517.5 11761.75 199.94
vertex 4541.42 11741.470000000001 199.94
vertex 4981.21 11741.470000000001 199.94
endloop
endfacet
facet normal 0 0 1
outer loop
vertex 4517.5 11761.75 199.94
vertex 4981.21 11741.470000000001 199.94
vertex 4976.27 11761.75 199.94
endloop
endfacet
facet normal 0 0 1
outer loop
vertex 3823.69 11761.75 199.94
vertex 3818.75 11741.470000000001 199.94
vertex 4258.54 11741.470000000001 199.94
endloop
endfacet
facet normal 0 0 1
outer loop
vertex 3823.69 11761.75 199.94
vertex 4258.54 11741.470000000001 199.94
vertex 4282.46 11761.75 199.94
endloop
endfacet
facet normal 0 0 1
outer loop
vertex 6141.46 11741.470000000001 199.94
vertex 6161.74 11717.550000000001 199.94
vertex 6586.97 11717.550000000001 199.94
endloop
endfacet
facet normal 0 0 1
outer loop
vertex 6141.46 11741.470000000001 199.94
vertex 6586.97 11717.550000000001 199.94
vertex 6581.25 11741.470000000001 199.94
endloop
endfacet
facet normal 0 0 1
outer loop
vertex 5418.79 11741.470000000001 199.94
vertex 5413.070000000001 11717.550000000001 199.94
vertex 5838.17 11717.550000000001 199.94
endloop
endfacet
facet normal 0 0 1
outer loop
vertex 5418.79 11741.470000000001 199.94
vertex 5838.17 11717.550000000001 199.94
vertex 5858.58 11741.470000000001 199.94
endloop
endfacet
facet normal 0 0 1
outer loop
vertex 4541.42 11741.470000000001 199.94
vertex 4561.83 11717.550000000001 199.94
vertex 4986.93 11717.550000000001 199.94
endloop
endfacet
facet normal 0 0 1
outer loop
vertex 4541.42 11741.470000000001 199.94
vertex 4986.93 11717.550000000001 199.94
vertex 4981.21 11741.470000000001 199.94
endloop
endfacet
facet normal 0 0 1
outer loop
vertex 3818.75 11741.470000000001 199.94
vertex 3813.03 11717.550000000001 199.94
vertex 4238.26 11717.550000000001 199.94
endloop
endfacet
facet normal 0 0 1
outer loop
vertex 3818.75 11741.470000000001 199.94
vertex 4238.26 11717.550000000001 199.94
vertex 4258.54 11741.470000000001 199.94
endloop
endfacet
facet normal 0 0 1
outer loop
vertex 6422.52 11702.08 199.94
vertex 6161.74 11717.550000000001 199.94
vertex 6178.25 11690.77 199.94
endloop
endfacet
facet normal 0 0 1
outer loop
vertex 6422.52 11702.08 199.94
vertex 6178.25 11690.77 199.94
vertex 6592.820000000001 11690.77 199.94
endloop
endfacet
facet normal 0 0 1
outer loop
vertex 6422.52 11702.08 199.94
vertex 6592.820000000001 11690.77 199.94
vertex 6592.56 11693.890000000001 199.94
endloop
endfacet
facet normal 0 0 0.9999999999999999
outer loop
vertex 6422.52 11702.08 199.94
vertex 6592.56 11693.890000000001 199.94
vertex 6586.97 11717.550000000001 199.94
endloop
endfacet
facet normal 0 0 1
outer loop
vertex 6422.52 11702.08 199.94
vertex 6586.97 11717.550000000001 199.94
vertex 6161.74 11717.550000000001 199.94
endloop
endfacet
facet normal 0 0 1
outer loop
vertex 5577.52 11702.08 199.94
vertex 5413.070000000001 11717.550000000001 199.94
vertex 5407.35 11693.890000000001 199.94
endloop
endfacet
facet normal 0 0 1
outer loop
vertex 5577.52 11702.08 199.94
vertex 5407.35 11693.890000000001 199.94
vertex 5407.09 11690.77 199.94
endloop
endfacet
facet normal 0 0 1
outer loop
vertex 5577.52 11702.08 199.94
vertex 5407.09 11690.77 199.94
vertex 5821.79 11690.77 199.94
endloop
endfacet
facet normal 0 0 0.9999999999999999
outer loop
vertex 5577.52 11702.08 199.94
vertex 5821.79 11690.77 199.94
vertex 5838.17 11717.550000000001 199.94
endloop
endfacet
facet normal 0 0 1
outer loop
vertex 5577.52 11702.08 199.94
vertex 5838.17 11717.550000000001 199.94
vertex 5413.070000000001 11717.550000000001 199.94
endloop
endfacet
facet normal 0 0 0.9999999999999999
outer loop
vertex 4822.4800000000005 11702.08 199.94
vertex 4561.83 11717.550000000001 199.94
vertex 4578.21 11690.77 199.94
endloop
endfacet
facet normal 0 0 1
outer loop
vertex 4822.4800000000005 11702.08 199.94
vertex 4578.21 11690.77 199.94
vertex 4992.91 11690.77 199.94
endloop
endfacet
facet normal 0 0 1
outer loop
vertex 4822.4800000000005 11702.08 199.94
vertex 4992.91 11690.77 199.94
vertex 4992.650000000001 11693.890000000001 199.94
endloop
endfacet
facet normal 0 0 1
outer loop
vertex 4822.4800000000005 11702.08 199.94
vertex 4992.650000000001 11693.890000000001 199.94
vertex 4986.93 11717.550000000001 199.94
endloop
endfacet
facet normal 0 0 0.9999999999999999
outer loop
vertex 4822.4800000000005 11702.08 199.94
vertex 4986.93 11717.550000000001 199.94
vertex 4561.83 11717.550000000001 199.94
endloop
endfacet
facet normal 0 0 0.9999999999999999
outer loop
vertex 3977.48 11702.08 199.94
vertex 3813.03 11717.550000000001 199.94
vertex 3807.44 11693.890000000001 199.94
endloop
endfacet
facet normal 0 0 1
outer loop
vertex 3977.48 11702.08 199.94
vertex 3807.44 11693.890000000001 199.94
vertex 3807.1800000000003 11690.77 199.94
endloop
endfacet
facet normal 0 0 1
outer loop
vertex 3977.48 11702.08 199.94
vertex 3807.1800000000003 11690.77 199.94
vertex 4221.75 11690.77 199.94
endloop
endfacet
facet normal 0 0 1
outer loop
vertex 3977.48 11702.08 199.94
vertex 4221.75 11690.77 199.94
vertex 4238.26 11717.550000000001 199.94
endloop
endfacet
facet normal 0 0 1
outer loop
vertex 3977.48 11702.08 199.94
vertex 4238.26 11717.550000000001 199.94
vertex 3813.03 11717.550000000001 199.94
endloop
endfacet
facet normal 0 0 1
outer loop
vertex 6178.25 11690.77 199.94
vertex 6190.21 11661.78 199.94
vertex 6595.16 11661.78 199.94
endloop
endfacet
facet normal 0 0 1
outer loop
vertex 6178.25 11690.77 199.94
vertex 6595.16 11661.78 199.94
vertex 6592.820000000001 11690.77 199.94
endloop
endfacet
facet normal 0 0 1
outer loop
vertex 5407.09 11690.77 199.94
vertex 5404.88 11661.78 199.94
vertex 5809.83 11661.78 199.94
endloop
endfacet
facet normal 0 0 1
outer loop
vertex 5407.09 11690.77 199.94
vertex 5809.83 11661.78 199.94
vertex 5821.79 11690.77 199.94
endloop
endfacet
facet normal 0 0 1
outer loop
vertex 4578.21 11690.77 199.94
vertex 4590.17 11661.78 199.94
vertex 4995.12 11661.78 199.94
endloop
endfacet
facet normal 0 0 1
outer loop
vertex 4578.21 11690.77 199.94
vertex 4995.12 11661.78 199.94
vertex 4992.91 11690.77 199.94
endloop
endfacet
facet normal 0 0 1
outer loop
vertex 3807.1800000000003 11690.77 199.94
vertex 3804.84 11661.78 199.94
vertex 4209.79 11661.78 199.94
endloop
endfacet
facet normal 0 0 1
outer loop
vertex 3807.1800000000003 11690.77 199.94
vertex 4209.79 11661.78 199.94
vertex 4221.75 11690.77 199.94
endloop
endfacet
facet normal 0 0 1
outer loop
vertex 6190.21 11661.78 199.94
vertex 6197.49 11631.23 199.94
vertex 6597.5 11631.23 199.94
endloop
endfacet
facet normal 0 0 0.9999999999999999
outer loop
vertex 6190.21 11661.78 199.94
vertex 6597.5 11631.23 199.94
vertex 6595.16 11661.78 199.94
endloop
endfacet
facet normal 0 0 1
outer loop
vertex 5404.88 11661.78 199.94
vertex 5402.41 11631.23 199.94
vertex 5802.42 11631.23 199.94
endloop
endfacet
facet normal 0 0 0.9999999999999999
outer loop
vertex 5404.88 11661.78 199.94
vertex 5802.42 11631.23 199.94
vertex 5809.83 11661.78 199.94
endloop
endfacet
facet normal 0 0 1
outer loop
vertex 4590.17 11661.78 199.94
vertex 4597.58 11631.23 199.94
vertex 4997.59 11631.23 199.94
endloop
endfacet
facet normal 0 0 0.9999999999999999
outer loop
vertex 4590.17 11661.78 199.94
vertex 4997.59 11631.23 199.94
vertex 4995.12 11661.78 199.94
endloop
endfacet
facet normal 0 0 1
outer loop
vertex 3804.84 11661.78 199.94
vertex 3802.5 11631.23 199.94
vertex 4202.51 11631.23 199.94
endloop
endfacet
facet normal 0 0 0.9999999999999999
outer loop
vertex 3804.84 11661.78 199.94
vertex 4202.51 11631.23 199.94
vertex 4209.79 11661.78 199.94
endloop
endfacet
facet normal 0 0 1
outer loop
vertex 6197.49 11631.23 199.94
vertex 6199.96 11600.03 199.94
vertex 6599.97 11600.03 199.94
endloop
endfacet
facet normal 0 0 1
outer loop
vertex 6197.49 11631.23 199.94
vertex 6599.97 11600.03 199.94
vertex 6597.5 11631.23 199.94
endloop
endfacet
facet normal 0 0 0.9999999999999999
outer loop
vertex 5402.41 11631.23 199.94
vertex 5399.9400000000005 11600.03 199.94
vertex 5799.95 11600.03 199.94
endloop
endfacet
facet normal 0 0 1
outer loop
vertex 5402.41 11631.23 199.94
vertex 5799.95 11600.03 199.94
vertex 5802.42 11631.23 199.94
endloop
endfacet
facet normal 0 0 1
outer loop
vertex 4597.58 11631.23 199.94
vertex 4600.05 11600.03 199.94
vertex 5000.06 11600.03 199.94
endloop
endfacet
facet normal 0 0 1
outer loop
vertex 4597.58 11631.23 199.94
vertex 5000.06 11600.03 199.94
vertex 4997.59 11631.23 199.94
endloop
endfacet
facet normal 0 0 1
outer loop
vertex 3802.5 11631.23 199.94
vertex 3800.03 11600.03 199.94
vertex 4200.04 11600.03 199.94
endloop
endfacet
facet normal 0 0 1
outer loop
vertex 3802.5 11631.23 199.94
vertex 4200.04 11600.03 199.94
vertex 4202.51 11631.23 199.94
endloop
endfacet
facet normal 0 0 0.9999999999999999
outer loop
vertex 3800.03 11600.03 199.94
vertex 3800.03 10400 199.94
vertex 4200.04 10400 199.94
endloop
endfacet
facet normal 0 0 0.9999999999999999
outer loop
vertex 3800.03 11600.03 199.94
vertex 4200.04 10400 199.94
vertex 4200.04 11600.03 199.94
endloop
endfacet
facet normal 0 0 1
outer loop
vertex 3800.03 10400 199.94
vertex 3797.56 10368.67 199.94
vertex 4197.57 10368.67 199.94
endloop
endfacet
facet normal 0 0 1
outer loop
vertex 3800.03 10400 199.94
vertex 4197.57 10368.67 199.94
vertex 4200.04 10400 199.94
endloop
endfacet
facet normal 0 0 1
outer loop
vertex 3797.56 10368.67 199.94
vertex 3790.15 10338.25 199.94
vertex 4195.1 10338.25 199.94
endloop
endfacet
facet normal 0 0 1
outer loop
vertex 3797.56 10368.67 199.94
vertex 4195.1 10338.25 199.94
vertex 4197.57 10368.67 199.94
endloop
endfacet
facet normal 0 0 1
outer loop
vertex 3790.15 10338.25 199.94
vertex 3778.19 10309.26 199.94
vertex 4192.89 10309.26 199.94
endloop
endfacet
facet normal 0 0 0.9999999999999999
outer loop
vertex 3790.15 10338.25 199.94
vertex 4192.89 10309.26 199.94
vertex 4195.1 10338.25 199.94
endloop
endfacet
facet normal 0 0 1
outer loop
vertex 4022.46 10297.95 199.94
vertex 3778.19 10309.26 199.94
vertex 3761.81 10282.48 199.94
endloop
endfacet
facet normal 0 0 1
outer loop
vertex 4022.46 10297.95 199.94
vertex 3761.81 10282.48 199.94
vertex 4186.91 10282.48 199.94
endloop
endfacet
facet normal 0 0 1
outer loop
vertex 4022.46 10297.95 199.94
vertex 4186.91 10282.48 199.94
vertex 4192.63 10306.140000000001 199.94
endloop
endfacet
facet normal 0 0 1
outer loop
vertex 4022.46 10297.95 199.94
vertex 4192.63 10306.140000000001 199.94
vertex 4192.89 10309.26 199.94
endloop
endfacet
facet normal 0 0 1
outer loop
vertex 4022.46 10297.95 199.94
vertex 4192.89 10309.26 199.94
vertex 3778.19 10309.26 199.94
endloop
endfacet
facet normal 0 0 0.9999999999999999
outer loop
vertex 3761.81 10282.48 199.94
vertex 3741.4 10258.56 199.94
vertex 4181.1900000000005 10258.56 199.94
endloop
endfacet
facet normal 0 0 1
outer loop
vertex 3761.81 10282.48 199.94
vertex 4181.1900000000005 10258.56 199.94
vertex 4186.91 10282.48 199.94
endloop
endfacet
facet normal 0 0 1
outer loop
vertex 3741.4 10258.56 199.94
vertex 3717.61 10238.15 199.94
vertex 4176.25 10238.15 199.94
endloop
endfacet
facet normal 0 0 1
outer loop
vertex 3741.4 10258.56 199.94
vertex 4176.25 10238.15 199.94
vertex 4181.1900000000005 10258.56 199.94
endloop
endfacet
facet normal 0 0 0.9999999999999999
outer loop
vertex 3717.61 10238.15 199.94
vertex 3690.83 10221.77 199.94
vertex 4172.35 10221.77 199.94
endloop
endfacet
facet normal 0 0 1
outer loop
vertex 3717.61 10238.15 199.94
vertex 4172.35 10221.77 199.94
vertex 4176.25 10238.15 199.94
endloop
endfacet
facet normal 0 0 1
outer loop
vertex 3972.9300000000003 10215.53 199.94
vertex 3690.83 10221.77 199.94
vertex 3661.84 10209.81 199.94
endloop
endfacet
facet normal 0 0 1
outer loop
vertex 3972.9300000000003 10215.53 199.94
vertex 3661.84 10209.81 199.94
vertex 4168.71 10209.81 199.94
endloop
endfacet
facet normal 0 0 0.9999999999999999
outer loop
vertex 3972.9300000000003 10215.53 199.94
vertex 4168.71 10209.81 199.94
vertex 4170.66 10214.62 199.94
endloop
endfacet
facet normal 0 0 1
outer loop
vertex 3972.9300000000003 10215.53 199.94
vertex 4170.66 10214.62 199.94
vertex 4172.35 10221.77 199.94
endloop
endfacet
facet normal 0 0 1
outer loop
vertex 3972.9300000000003 10215.53 199.94
vertex 4172.35 10221.77 199.94
vertex 3690.83 10221.77 199.94
endloop
endfacet
facet normal 0 0 0.9999999999999999
outer loop
vertex 3661.84 10209.81 199.94
vertex 3631.29 10202.4 199.94
vertex 4165.59 10202.4 199.94
endloop
endfacet
facet normal 0 0 1
outer loop
vertex 3661.84 10209.81 199.94
vertex 4165.59 10202.4 199.94
vertex 4168.71 10209.81 199.94
endloop
endfacet
facet normal 0 0 1
outer loop
vertex 3631.29 10202.4 199.94
vertex 3599.96 10200.06 199.94
vertex 4164.55 10200.06 199.94
endloop
endfacet
facet normal 0 0 1
outer loop
vertex 3631.29 10202.4 199.94
vertex 4164.55 10200.06 199.94
vertex 4165.59 10202.4 199.94
endloop
endfacet
facet normal 0 0 1
outer loop
vertex 7585.5 10187.45 199.94
vertex 7600.06 10200.06 199.94
vertex 7506.2 10192.65 199.94
endloop
endfacet
facet normal 0 0 1
outer loop
vertex 7585.5 10187.45 199.94
vertex 7506.2 10192.65 199.94
vertex 7421.31 10172.24 199.94
endloop
endfacet
facet normal 0 0 1
outer loop
vertex 7585.5 10187.45 199.94
vertex 7421.31 10172.24 199.94
vertex 7700.030000000001 10172.24 199.94
endloop
endfacet
facet normal 0 0 1
outer loop
vertex 7585.5 10187.45 199.94
vertex 7700.030000000001 10172.24 199.94
vertex 7700.030000000001 10200.06 199.94
endloop
endfacet
facet normal 0 0 1
outer loop
vertex 7585.5 10187.45 199.94
vertex 7700.030000000001 10200.06 199.94
vertex 7600.06 10200.06 199.94
endloop
endfacet
facet normal 0 0 1
outer loop
vertex 3783.52 10188.880000000001 199.94
vertex 3599.96 10200.06 199.94
vertex 3499.9900000000002 10200.06 199.94
endloop
endfacet
facet normal 0 0 1
outer loop
vertex 3783.52 10188.880000000001 199.94
vertex 3499.9900000000002 10200.06 199.94
vertex 3499.9900000000002 10172.24 199.94
endloop
endfacet
facet normal 0 0 0.9999999999999999
outer loop
vertex 3783.52 10188.880000000001 199.94
vertex 3499.9900000000002 10172.24 199.94
vertex 4153.110000000001 10172.24 199.94
endloop
endfacet
facet normal 0 0 1
outer loop
vertex 3783.52 10188.880000000001 199.94
vertex 4153.110000000001 10172.24 199.94
vertex 4164.55 10200.06 199.94
endloop
endfacet
facet normal 0 0 1
outer loop
vertex 3783.52 10188.880000000001 199.94
vertex 4164.55 10200.06 199.94
vertex 3599.96 10200.06 199.94
endloop
endfacet
facet normal 0 0 1
outer loop
vertex 7553 10011.43 199.94
vertex 7421.31 10172.24 199.94
vertex 7414.55 10170.68 199.94
endloop
endfacet
facet normal 0 0 1
outer loop
vertex 7553 10011.43 199.94
vertex 7414.55 10170.68 199.94
vertex 7327.58 10134.54 199.94
endloop
endfacet
facet normal 0 0 1
outer loop
vertex 7553 10011.43 199.94
vertex 7327.58 10134.54 199.94
vertex 7247.37 10085.4 199.94
endloop
endfacet
facet normal 0 0 1
outer loop
vertex 7553 10011.43 199.94
vertex 7247.37 10085.4 199.94
vertex 7175.740000000001 10024.300000000001 199.94
endloop
endfacet
facet normal 0 0 1
outer loop
vertex 7553 10011.43 199.94
vertex 7175.740000000001 10024.300000000001 199.94
vertex 7114.64 9952.67 199.94
endloop
endfacet
facet normal 0 0 1
outer loop
vertex 7553 10011.43 199.94
vertex 7114.64 9952.67 199.94
vertex 7065.37 9872.33 199.94
endloop
endfacet
facet normal 0 0 1
outer loop
vertex 7553 10011.43 199.94
vertex 7065.37 9872.33 199.94
vertex 7046.91 9827.74 199.94
endloop
endfacet
facet normal 0 0 1
outer loop
vertex 7553 10011.43 199.94
vertex 7046.91 9827.74 199.94
vertex 7700.030000000001 9827.74 199.94
endloop
endfacet
facet normal 0 0 1
outer loop
vertex 7553 10011.43 199.94
vertex 7700.030000000001 9827.74 199.94
vertex 7711.08 9833.720000000001 199.94
endloop
endfacet
facet normal 0 0 1
outer loop
vertex 7553 10011.43 199.94
vertex 7711.08 9833.720000000001 199.94
vertex 7741.37 9858.550000000001 199.94
endloop
endfacet
facet normal 0 0 1
outer loop
vertex 7553 10011.43 199.94
vertex 7741.37 9858.550000000001 199.94
vertex 7766.33 9888.84 199.94
endloop
endfacet
facet normal 0 0 1
outer loop
vertex 7553 10011.43 199.94
vertex 7766.33 9888.84 199.94
vertex 7784.79 9923.42 199.94
endloop
endfacet
facet normal 0 0 1
outer loop
vertex 7553 10011.43 199.94
vertex 7784.79 9923.42 199.94
vertex 7796.1 9960.99 199.94
endloop
endfacet
facet normal 0 0 1
outer loop
vertex 7553 10011.43 199.94
vertex 7796.1 9960.99 199.94
vertex 7800 9999.99 199.94
endloop
endfacet
facet normal 0 0 1
outer loop
vertex 7553 10011.43 199.94
vertex 7800 9999.99 199.94
vertex 7796.1 10038.99 199.94
endloop
endfacet
facet normal 0 0 1
outer loop
vertex 7553 10011.43 199.94
vertex 7796.1 10038.99 199.94
vertex 7784.79 10076.56 199.94
endloop
endfacet
facet normal 0 0 1
outer loop
vertex 7553 10011.43 199.94
vertex 7784.79 10076.56 199.94
vertex 7766.33 10111.140000000001 199.94
endloop
endfacet
facet normal 0 0 1
outer loop
vertex 7553 10011.43 199.94
vertex 7766.33 10111.140000000001 199.94
vertex 7741.37 10141.43 199.94
endloop
endfacet
facet normal 0 0 1
outer loop
vertex 7553 10011.43 199.94
vertex 7741.37 10141.43 199.94
vertex 7711.08 10166.26 199.94
endloop
endfacet
facet normal 0 0 1
outer loop
vertex 7553 10011.43 199.94
vertex 7711.08 10166.26 199.94
vertex 7700.030000000001 10172.24 199.94
endloop
endfacet
facet normal 0 0 1
outer loop
vertex 7553 10011.43 199.94
vertex 7700.030000000001 10172.24 199.94
vertex 7421.31 10172.24 199.94
endloop
endfacet
facet normal 0 0 1
outer loop
vertex 3647.02 9988.550000000001 199.94
vertex 3499.9900000000002 10172.24 199.94
vertex 3488.94 10166.26 199.94
endloop
endfacet
facet normal 0 0 1
outer loop
vertex 3647.02 9988.550000000001 199.94
vertex 3488.94 10166.26 199.94
vertex 3458.52 10141.43 199.94
endloop
endfacet
facet normal 0 0 1
outer loop
vertex 3647.02 9988.550000000001 199.94
vertex 3458.52 10141.43 199.94
vertex 3433.69 10111.140000000001 199.94
endloop
endfacet
facet normal 0 0 0.9999999999999999
outer loop
vertex 3647.02 9988.550000000001 199.94
vertex 3433.69 10111.140000000001 199.94
vertex 3415.23 10076.56 199.94
endloop
endfacet
facet normal 0 0 1
outer loop
vertex 3647.02 9988.550000000001 199.94
vertex 3415.23 10076.56 199.94
vertex 3403.79 10038.99 199.94
endloop
endfacet
facet normal 0 0 1
outer loop
vertex 3647.02 9988.550000000001 199.94
vertex 3403.79 10038.99 199.94
vertex 3400.02 9999.99 199.94
endloop
endfacet
facet normal 0 0 1
outer loop
vertex 3647.02 9988.550000000001 199.94
vertex 3400.02 9999.99 199.94
vertex 3403.79 9960.99 199.94
endloop
endfacet
facet normal 0 0 1
outer loop
vertex 3647.02 9988.550000000001 199.94
vertex 3403.79 9960.99 199.94
vertex 3415.23 9923.42 199.94
endloop
endfacet
facet normal 0 0 1
outer loop
vertex 3647.02 9988.550000000001 199.94
vertex 3415.23 9923.42 199.94
vertex 3433.69 9888.84 199.94
endloop
endfacet
facet normal 0 0 1
outer loop
vertex 3647.02 9988.550000000001 199.94
vertex 3433.69 9888.84 199.94
vertex 3458.52 9858.550000000001 199.94
endloop
endfacet
facet normal 0 0 1
outer loop
vertex 3647.02 9988.550000000001 199.94
vertex 3458.52 9858.550000000001 199.94
vertex 3488.94 9833.720000000001 199.94
endloop
endfacet
facet normal 0 0 1
outer loop
vertex 3647.02 9988.550000000001 199.94
vertex 3488.94 9833.720000000001 199.94
vertex 3499.9900000000002 9827.74 199.94
endloop
endfacet
facet normal 0 0 1
outer loop
vertex 3647.02 9988.550000000001 199.94
vertex 3499.9900000000002 9827.74 199.94
vertex 3778.71 9827.74 199.94
endloop
endfacet
facet normal 0 0 1
outer loop
vertex 3647.02 9988.550000000001 199.94
vertex 3778.71 9827.74 199.94
vertex 3785.4700000000003 9829.43 199.94
endloop
endfacet
facet normal 0 0 1
outer loop
vertex 3647.02 9988.550000000001 199.94
vertex 3785.4700000000003 9829.43 199.94
vertex 3872.44 9865.44 199.94
endloop
endfacet
facet normal 0 0 1
outer loop
vertex 3647.02 9988.550000000001 199.94
vertex 3872.44 9865.44 199.94
vertex 3952.65 9914.58 199.94
endloop
endfacet
facet normal 0 0 1
outer loop
vertex 3647.02 9988.550000000001 199.94
vertex 3952.65 9914.58 199.94
vertex 4024.28 9975.68 199.94
endloop
endfacet
facet normal 0 0 1
outer loop
vertex 3647.02 9988.550000000001 199.94
vertex 4024.28 9975.68 199.94
vertex 4085.38 10047.31 199.94
endloop
endfacet
facet normal 0 0 1
outer loop
vertex 3647.02 9988.550000000001 199.94
vertex 4085.38 10047.31 199.94
vertex 4134.650000000001 10127.65 199.94
endloop
endfacet
facet normal 0 0 1
outer loop
vertex 3647.02 9988.550000000001 199.94
vertex 4134.650000000001 10127.65 199.94
vertex 4153.110000000001 10172.24 199.94
endloop
endfacet
facet normal 0 0 0.9999999999999999
outer loop
vertex 3647.02 9988.550000000001 199.94
vertex 4153.110000000001 10172.24 199.94
vertex 3499.9900000000002 10172.24 199.94
endloop
endfacet
facet normal 0 0 1
outer loop
vertex 7416.5 9811.1 199.94
vertex 7046.91 9827.74 199.94
vertex 7035.47 9800.050000000001 199.94
endloop
endfacet
facet normal 0 0 0.9999999999999999
outer loop
vertex 7416.5 9811.1 199.94
vertex 7035.47 9800.050000000001 199.94
vertex 7600.06 9800.050000000001 199.94
endloop
endfacet
facet normal 0 0 1
outer loop
vertex 7416.5 9811.1 199.94
vertex 7600.06 9800.050000000001 199.94
vertex 7700.030000000001 9800.050000000001 199.94
endloop
endfacet
facet normal 0 0 1
outer loop
vertex 7416.5 9811.1 199.94
vertex 7700.030000000001 9800.050000000001 199.94
vertex 7700.030000000001 9827.74 199.94
endloop
endfacet
facet normal 0 0 1
outer loop
vertex 7416.5 9811.1 199.94
vertex 7700.030000000001 9827.74 199.94
vertex 7046.91 9827.74 199.94
endloop
endfacet
facet normal 0 0 1
outer loop
vertex 3614.52 9812.53 199.94
vertex 3499.9900000000002 9827.74 199.94
vertex 3499.9900000000002 9800.050000000001 199.94
endloop
endfacet
facet normal 0 0 1
outer loop
vertex 3614.52 9812.53 199.94
vertex 3499.9900000000002 9800.050000000001 199.94
vertex 3599.96 9800.050000000001 199.94
endloop
endfacet
facet normal 0 0 1
outer loop
vertex 3614.52 9812.53 199.94
vertex 3599.96 9800.050000000001 199.94
vertex 3693.82 9807.33 199.94
endloop
endfacet
facet normal 0 0 1
outer loop
vertex 3614.52 9812.53 199.94
vertex 3693.82 9807.33 199.94
vertex 3778.71 9827.74 199.94
endloop
endfacet
facet normal 0 0 1
outer loop
vertex 3614.52 9812.53 199.94
vertex 3778.71 9827.74 199.94
vertex 3499.9900000000002 9827.74 199.94
endloop
endfacet
facet normal 0 0 1
outer loop
vertex 7035.47 9800.050000000001 199.94
vertex 7034.43 9797.58 199.94
vertex 7568.7300000000005 9797.58 199.94
endloop
endfacet
facet normal 0 0 1
outer loop
vertex 7035.47 9800.050000000001 199.94
vertex 7568.7300000000005 9797.58 199.94
vertex 7600.06 9800.050000000001 199.94
endloop
endfacet
facet normal 0 0 1
outer loop
vertex 7034.43 9797.58 199.94
vertex 7031.31 9790.17 199.94
vertex 7538.18 9790.17 199.94
endloop
endfacet
facet normal 0 0 0.9999999999999999
outer loop
vertex 7034.43 9797.58 199.94
vertex 7538.18 9790.17 199.94
vertex 7568.7300000000005 9797.58 199.94
endloop
endfacet
facet normal 0 0 0.9999999999999999
outer loop
vertex 7227.09 9784.45 199.94
vertex 7031.31 9790.17 199.94
vertex 7029.360000000001 9785.36 199.94
endloop
endfacet
facet normal 0 0 1
outer loop
vertex 7227.09 9784.45 199.94
vertex 7029.360000000001 9785.36 199.94
vertex 7027.67 9778.210000000001 199.94
endloop
endfacet
facet normal 0 0 1
outer loop
vertex 7227.09 9784.45 199.94
vertex 7027.67 9778.210000000001 199.94
vertex 7509.1900000000005 9778.210000000001 199.94
endloop
endfacet
facet normal 0 0 1
outer loop
vertex 7227.09 9784.45 199.94
vertex 7509.1900000000005 9778.210000000001 199.94
vertex 7538.18 9790.17 199.94
endloop
endfacet
facet normal 0 0 1
outer loop
vertex 7227.09 9784.45 199.94
vertex 7538.18 9790.17 199.94
vertex 7031.31 9790.17 199.94
endloop
endfacet
facet normal 0 0 1
outer loop
vertex 7027.67 9778.210000000001 199.94
vertex 7023.64 9761.83 199.94
vertex 7482.41 9761.83 199.94
endloop
endfacet
facet normal 0 0 1
outer loop
vertex 7027.67 9778.210000000001 199.94
vertex 7482.41 9761.83 199.94
vertex 7509.1900000000005 9778.210000000001 199.94
endloop
endfacet
facet normal 0 0 1
outer loop
vertex 7023.64 9761.83 199.94
vertex 7018.83 9741.42 199.94
vertex 7458.62 9741.42 199.94
endloop
endfacet
facet normal 0 0 0.9999999999999999
outer loop
vertex 7023.64 9761.83 199.94
vertex 7458.62 9741.42 199.94
vertex 7482.41 9761.83 199.94
endloop
endfacet
facet normal 0 0 1
outer loop
vertex 7018.83 9741.42 199.94
vertex 7013.110000000001 9717.5 199.94
vertex 7438.21 9717.5 199.94
endloop
endfacet
facet normal 0 0 1
outer loop
vertex 7018.83 9741.42 199.94
vertex 7438.21 9717.5 199.94
vertex 7458.62 9741.42 199.94
endloop
endfacet
facet normal 0 0 0.9999999999999999
outer loop
vertex 7177.56 9702.16 199.94
vertex 7013.110000000001 9717.5 199.94
vertex 7007.39 9693.84 199.94
endloop
endfacet
facet normal 0 0 0.9999999999999999
outer loop
vertex 7177.56 9702.16 199.94
vertex 7007.39 9693.84 199.94
vertex 7007.13 9690.85 199.94
endloop
endfacet
facet normal 0 0 1
outer loop
vertex 7177.56 9702.16 199.94
vertex 7007.13 9690.85 199.94
vertex 7421.83 9690.85 199.94
endloop
endfacet
facet normal 0 0 1
outer loop
vertex 7177.56 9702.16 199.94
vertex 7421.83 9690.85 199.94
vertex 7438.21 9717.5 199.94
endloop
endfacet
facet normal 0 0 1
outer loop
vertex 7177.56 9702.16 199.94
vertex 7438.21 9717.5 199.94
vertex 7013.110000000001 9717.5 199.94
endloop
endfacet
facet normal 0 0 0.9999999999999999
outer loop
vertex 7007.13 9690.85 199.94
vertex 7004.92 9661.86 199.94
vertex 7409.740000000001 9661.86 199.94
endloop
endfacet
facet normal 0 0 1
outer loop
vertex 7007.13 9690.85 199.94
vertex 7409.740000000001 9661.86 199.94
vertex 7421.83 9690.85 199.94
endloop
endfacet
facet normal 0 0 1
outer loop
vertex 7004.92 9661.86 199.94
vertex 7002.45 9631.31 199.94
vertex 7402.46 9631.31 199.94
endloop
endfacet
facet normal 0 0 1
outer loop
vertex 7004.92 9661.86 199.94
vertex 7402.46 9631.31 199.94
vertex 7409.740000000001 9661.86 199.94
endloop
endfacet
facet normal 0 0 1
outer loop
vertex 7002.45 9631.31 199.94
vertex 6999.9800000000005 9599.98 199.94
vertex 7399.990000000001 9599.98 199.94
endloop
endfacet
facet normal 0 0 1
outer loop
vertex 7002.45 9631.31 199.94
vertex 7399.990000000001 9599.98 199.94
vertex 7402.46 9631.31 199.94
endloop
endfacet
facet normal 0 0 1
outer loop
vertex 6999.9800000000005 9599.98 199.94
vertex 6999.9800000000005 8399.95 199.94
vertex 7399.990000000001 8399.95 199.94
endloop
endfacet
facet normal 0 0 1
outer loop
vertex 6999.9800000000005 9599.98 199.94
vertex 7399.990000000001 8399.95 199.94
vertex 7399.990000000001 9599.98 199.94
endloop
endfacet
facet normal 0 0 1
outer loop
vertex 6199.96 11600.03 199.94
vertex 6199.96 8399.95 199.94
vertex 6599.97 8399.95 199.94
endloop
endfacet
facet normal 0 0 1
outer loop
vertex 6199.96 11600.03 199.94
vertex 6599.97 8399.95 199.94
vertex 6599.97 11600.03 199.94
endloop
endfacet
facet normal 0 0 1
outer loop
vertex 5399.9400000000005 11600.03 199.94
vertex 5399.9400000000005 8399.95 199.94
vertex 5799.95 8399.95 199.94
endloop
endfacet
facet normal 0 0 1
outer loop
vertex 5399.9400000000005 11600.03 199.94
vertex 5799.95 8399.95 199.94
vertex 5799.95 11600.03 199.94
endloop
endfacet
facet normal 0 0 1
outer loop
vertex 4600.05 11600.03 199.94
vertex 4600.05 8399.95 199.94
vertex 5000.06 8399.95 199.94
endloop
endfacet
facet normal 0 0 1
outer loop
vertex 4600.05 11600.03 199.94
vertex 5000.06 8399.95 199.94
vertex 5000.06 11600.03 199.94
endloop
endfacet
facet normal 0 0 1
outer loop
vertex 6999.9800000000005 8399.95 199.94
vertex 6997.51 8368.75 199.94
vertex 7397.52 8368.75 199.94
endloop
endfacet
facet normal 0 0 1
outer loop
vertex 6999.9800000000005 8399.95 199.94
vertex 7397.52 8368.75 199.94
vertex 7399.990000000001 8399.95 199.94
endloop
endfacet
facet normal 0 0 1
outer loop
vertex 6199.96 8399.95 199.94
vertex 6202.43 8368.75 199.94
vertex 6602.4400000000005 8368.75 199.94
endloop
endfacet
facet normal 0 0 1
outer loop
vertex 6199.96 8399.95 199.94
vertex 6602.4400000000005 8368.75 199.94
vertex 6599.97 8399.95 199.94
endloop
endfacet
facet normal 0 0 1
outer loop
vertex 5399.9400000000005 8399.95 199.94
vertex 5397.6 8368.75 199.94
vertex 5797.4800000000005 8368.75 199.94
endloop
endfacet
facet normal 0 0 1
outer loop
vertex 5399.9400000000005 8399.95 199.94
vertex 5797.4800000000005 8368.75 199.94
vertex 5799.95 8399.95 199.94
endloop
endfacet
facet normal 0 0 1
outer loop
vertex 4600.05 8399.95 199.94
vertex 4602.52 8368.75 199.94
vertex 5002.400000000001 8368.75 199.94
endloop
endfacet
facet normal 0 0 1
outer loop
vertex 4600.05 8399.95 199.94
vertex 5002.400000000001 8368.75 199.94
vertex 5000.06 8399.95 199.94
endloop
endfacet
facet normal 0 0 1
outer loop
vertex 6997.51 8368.75 199.94
vertex 6990.2300000000005 8338.2 199.94
vertex 7395.18 8338.2 199.94
endloop
endfacet
facet normal 0 0 1
outer loop
vertex 6997.51 8368.75 199.94
vertex 7395.18 8338.2 199.94
vertex 7397.52 8368.75 199.94
endloop
endfacet
facet normal 0 0 1
outer loop
vertex 6202.43 8368.75 199.94
vertex 6204.900000000001 8338.2 199.94
vertex 6609.85 8338.2 199.94
endloop
endfacet
facet normal 0 0 1
outer loop
vertex 6202.43 8368.75 199.94
vertex 6609.85 8338.2 199.94
vertex 6602.4400000000005 8368.75 199.94
endloop
endfacet
facet normal 0 0 1
outer loop
vertex 5397.6 8368.75 199.94
vertex 5390.1900000000005 8338.2 199.94
vertex 5795.14 8338.2 199.94
endloop
endfacet
facet normal 0 0 1
outer loop
vertex 5397.6 8368.75 199.94
vertex 5795.14 8338.2 199.94
vertex 5797.4800000000005 8368.75 199.94
endloop
endfacet
facet normal 0 0 1
outer loop
vertex 4602.52 8368.75 199.94
vertex 4604.860000000001 8338.2 199.94
vertex 5009.81 8338.2 199.94
endloop
endfacet
facet normal 0 0 1
outer loop
vertex 4602.52 8368.75 199.94
vertex 5009.81 8338.2 199.94
vertex 5002.400000000001 8368.75 199.94
endloop
endfacet
facet normal 0 0 1
outer loop
vertex 6990.2300000000005 8338.2 199.94
vertex 6978.14 8309.210000000001 199.94
vertex 7392.84 8309.210000000001 199.94
endloop
endfacet
facet normal 0 0 1
outer loop
vertex 6990.2300000000005 8338.2 199.94
vertex 7392.84 8309.210000000001 199.94
vertex 7395.18 8338.2 199.94
endloop
endfacet
facet normal 0 0 1
outer loop
vertex 6204.900000000001 8338.2 199.94
vertex 6207.110000000001 8309.210000000001 199.94
vertex 6621.81 8309.210000000001 199.94
endloop
endfacet
facet normal 0 0 1
outer loop
vertex 6204.900000000001 8338.2 199.94
vertex 6621.81 8309.210000000001 199.94
vertex 6609.85 8338.2 199.94
endloop
endfacet
facet normal 0 0 1
outer loop
vertex 5390.1900000000005 8338.2 199.94
vertex 5378.2300000000005 8309.210000000001 199.94
vertex 5792.8 8309.210000000001 199.94
endloop
endfacet
facet normal 0 0 1
outer loop
vertex 5390.1900000000005 8338.2 199.94
vertex 5792.8 8309.210000000001 199.94
vertex 5795.14 8338.2 199.94
endloop
endfacet
facet normal 0 0 1
outer loop
vertex 4604.860000000001 8338.2 199.94
vertex 4607.2 8309.210000000001 199.94
vertex 5021.77 8309.210000000001 199.94
endloop
endfacet
facet normal 0 0 1
outer loop
vertex 4604.860000000001 8338.2 199.94
vertex 5021.77 8309.210000000001 199.94
vertex 5009.81 8338.2 199.94
endloop
endfacet
facet normal 0 0 1
outer loop
vertex 7222.41 8297.9 199.94
vertex 6978.14 8309.210000000001 199.94
vertex 6961.76 8282.43 199.94
endloop
endfacet
facet normal 0 0 1
outer loop
vertex 7222.41 8297.9 199.94
vertex 6961.76 8282.43 199.94
vertex 7386.860000000001 8282.43 199.94
endloop
endfacet
facet normal 0 0 1
outer loop
vertex 7222.41 8297.9 199.94
vertex 7386.860000000001 8282.43 199.94
vertex 7392.58 8306.09 199.94
endloop
endfacet
facet normal 0 0 1
outer loop
vertex 7222.41 8297.9 199.94
vertex 7392.58 8306.09 199.94
vertex 7392.84 8309.210000000001 199.94
endloop
endfacet
facet normal 0 0 1
outer loop
vertex 7222.41 8297.9 199.94
vertex 7392.84 8309.210000000001 199.94
vertex 6978.14 8309.210000000001 199.94
endloop
endfacet
facet normal 0 0 1
outer loop
vertex 6377.54 8297.9 199.94
vertex 6207.110000000001 8309.210000000001 199.94
vertex 6207.37 8306.09 199.94
endloop
endfacet
facet normal 0 0 1
outer loop
vertex 6377.54 8297.9 199.94
vertex 6207.37 8306.09 199.94
vertex 6213.09 8282.43 199.94
endloop
endfacet
facet normal 0 0 1
outer loop
vertex 6377.54 8297.9 199.94
vertex 6213.09 8282.43 199.94
vertex 6638.1900000000005 8282.43 199.94
endloop
endfacet
facet normal 0 0 1
outer loop
vertex 6377.54 8297.9 199.94
vertex 6638.1900000000005 8282.43 199.94
vertex 6621.81 8309.210000000001 199.94
endloop
endfacet
facet normal 0 0 1
outer loop
vertex 6377.54 8297.9 199.94
vertex 6621.81 8309.210000000001 199.94
vertex 6207.110000000001 8309.210000000001 199.94
endloop
endfacet
facet normal 0 0 1
outer loop
vertex 5622.5 8297.9 199.94
vertex 5378.2300000000005 8309.210000000001 199.94
vertex 5361.85 8282.43 199.94
endloop
endfacet
facet normal 0 0 0.9999999999999999
outer loop
vertex 5622.5 8297.9 199.94
vertex 5361.85 8282.43 199.94
vertex 5786.95 8282.43 199.94
endloop
endfacet
facet normal 0 0 1
outer loop
vertex 5622.5 8297.9 199.94
vertex 5786.95 8282.43 199.94
vertex 5792.67 8306.09 199.94
endloop
endfacet
facet normal 0 0 1
outer loop
vertex 5622.5 8297.9 199.94
vertex 5792.67 8306.09 199.94
vertex 5792.8 8309.210000000001 199.94
endloop
endfacet
facet normal 0 0 1
outer loop
vertex 5622.5 8297.9 199.94
vertex 5792.8 8309.210000000001 199.94
vertex 5378.2300000000005 8309.210000000001 199.94
endloop
endfacet
facet normal 0 0 1
outer loop
vertex 4777.5 8297.9 199.94
vertex 4607.2 8309.210000000001 199.94
vertex 4607.33 8306.09 199.94
endloop
endfacet
facet normal 0 0 1
outer loop
vertex 4777.5 8297.9 199.94
vertex 4607.33 8306.09 199.94
vertex 4613.05 8282.43 199.94
endloop
endfacet
facet normal 0 0 1
outer loop
vertex 4777.5 8297.9 199.94
vertex 4613.05 8282.43 199.94
vertex 5038.150000000001 8282.43 199.94
endloop
endfacet
facet normal 0 0 1
outer loop
vertex 4777.5 8297.9 199.94
vertex 5038.150000000001 8282.43 199.94
vertex 5021.77 8309.210000000001 199.94
endloop
endfacet
facet normal 0 0 1
outer loop
vertex 4777.5 8297.9 199.94
vertex 5021.77 8309.210000000001 199.94
vertex 4607.2 8309.210000000001 199.94
endloop
endfacet
facet normal 0 0 1
outer loop
vertex 6961.76 8282.43 199.94
vertex 6941.4800000000005 8258.64 199.94
vertex 7381.14 8258.64 199.94
endloop
endfacet
facet normal 0 0 1
outer loop
vertex 6961.76 8282.43 199.94
vertex 7381.14 8258.64 199.94
vertex 7386.860000000001 8282.43 199.94
endloop
endfacet
facet normal 0 0 1
outer loop
vertex 6213.09 8282.43 199.94
vertex 6218.81 8258.64 199.94
vertex 6658.6 8258.64 199.94
endloop
endfacet
facet normal 0 0 1
outer loop
vertex 6213.09 8282.43 199.94
vertex 6658.6 8258.64 199.94
vertex 6638.1900000000005 8282.43 199.94
endloop
endfacet
facet normal 0 0 1
outer loop
vertex 5361.85 8282.43 199.94
vertex 5341.4400000000005 8258.64 199.94
vertex 5781.2300000000005 8258.64 199.94
endloop
endfacet
facet normal 0 0 1
outer loop
vertex 5361.85 8282.43 199.94
vertex 5781.2300000000005 8258.64 199.94
vertex 5786.95 8282.43 199.94
endloop
endfacet
facet normal 0 0 1
outer loop
vertex 4613.05 8282.43 199.94
vertex 4618.77 8258.64 199.94
vertex 5058.56 8258.64 199.94
endloop
endfacet
facet normal 0 0 1
outer loop
vertex 4613.05 8282.43 199.94
vertex 5058.56 8258.64 199.94
vertex 5038.150000000001 8282.43 199.94
endloop
endfacet
facet normal 0 0 0.9999999999999999
outer loop
vertex 6941.4800000000005 8258.64 199.94
vertex 6917.56 8238.23 199.94
vertex 7376.33 8238.23 199.94
endloop
endfacet
facet normal 0 0 1
outer loop
vertex 6941.4800000000005 8258.64 199.94
vertex 7376.33 8238.23 199.94
vertex 7381.14 8258.64 199.94
endloop
endfacet
facet normal 0 0 1
outer loop
vertex 6218.81 8258.64 199.94
vertex 6223.75 8238.23 199.94
vertex 6682.39 8238.23 199.94
endloop
endfacet
facet normal 0 0 1
outer loop
vertex 6218.81 8258.64 199.94
vertex 6682.39 8238.23 199.94
vertex 6658.6 8258.64 199.94
endloop
endfacet
facet normal 0 0 0.9999999999999999
outer loop
vertex 5341.4400000000005 8258.64 199.94
vertex 5317.52 8238.23 199.94
vertex 5776.29 8238.23 199.94
endloop
endfacet
facet normal 0 0 1
outer loop
vertex 5341.4400000000005 8258.64 199.94
vertex 5776.29 8238.23 199.94
vertex 5781.2300000000005 8258.64 199.94
endloop
endfacet
facet normal 0 0 1
outer loop
vertex 4618.77 8258.64 199.94
vertex 4623.71 8238.23 199.94
vertex 5082.4800000000005 8238.23 199.94
endloop
endfacet
facet normal 0 0 1
outer loop
vertex 4618.77 8258.64 199.94
vertex 5082.4800000000005 8238.23 199.94
vertex 5058.56 8258.64 199.94
endloop
endfacet
facet normal 0 0 1
outer loop
vertex 6917.56 8238.23 199.94
vertex 6890.780000000001 8221.85 199.94
vertex 7372.3 8221.85 199.94
endloop
endfacet
facet normal 0 0 1
outer loop
vertex 6917.56 8238.23 199.94
vertex 7372.3 8221.85 199.94
vertex 7376.33 8238.23 199.94
endloop
endfacet
facet normal 0 0 1
outer loop
vertex 6223.75 8238.23 199.94
vertex 6227.650000000001 8221.85 199.94
vertex 6709.17 8221.85 199.94
endloop
endfacet
facet normal 0 0 1
outer loop
vertex 6223.75 8238.23 199.94
vertex 6709.17 8221.85 199.94
vertex 6682.39 8238.23 199.94
endloop
endfacet
facet normal 0 0 1
outer loop
vertex 5317.52 8238.23 199.94
vertex 5290.74 8221.85 199.94
vertex 5772.39 8221.85 199.94
endloop
endfacet
facet normal 0 0 1
outer loop
vertex 5317.52 8238.23 199.94
vertex 5772.39 8221.85 199.94
vertex 5776.29 8238.23 199.94
endloop
endfacet
facet normal 0 0 0.9999999999999999
outer loop
vertex 4623.71 8238.23 199.94
vertex 4627.610000000001 8221.85 199.94
vertex 5109.26 8221.85 199.94
endloop
endfacet
facet normal 0 0 1
outer loop
vertex 4623.71 8238.23 199.94
vertex 5109.26 8221.85 199.94
vertex 5082.4800000000005 8238.23 199.94
endloop
endfacet
facet normal 0 0 1
outer loop
vertex 7172.88 8215.61 199.94
vertex 6890.780000000001 8221.85 199.94
vertex 6861.79 8209.76 199.94
endloop
endfacet
facet normal 0 0 1
outer loop
vertex 7172.88 8215.61 199.94
vertex 6861.79 8209.76 199.94
vertex 7368.66 8209.76 199.94
endloop
endfacet
facet normal 0 0 0.9999999999999999
outer loop
vertex 7172.88 8215.61 199.94
vertex 7368.66 8209.76 199.94
vertex 7370.610000000001 8214.57 199.94
endloop
endfacet
facet normal 0 0 0.9999999999999999
outer loop
vertex 7172.88 8215.61 199.94
vertex 7370.610000000001 8214.57 199.94
vertex 7372.3 8221.85 199.94
endloop
endfacet
facet normal 0 0 0.9999999999999999
outer loop
vertex 7172.88 8215.61 199.94
vertex 7372.3 8221.85 199.94
vertex 6890.780000000001 8221.85 199.94
endloop
endfacet
facet normal 0 0 0.9999999999999999
outer loop
vertex 6427.070000000001 8215.61 199.94
vertex 6227.650000000001 8221.85 199.94
vertex 6229.34 8214.57 199.94
endloop
endfacet
facet normal 0 0 1
outer loop
vertex 6427.070000000001 8215.61 199.94
vertex 6229.34 8214.57 199.94
vertex 6231.29 8209.76 199.94
endloop
endfacet
facet normal 0 0 1
outer loop
vertex 6427.070000000001 8215.61 199.94
vertex 6231.29 8209.76 199.94
vertex 6738.16 8209.76 199.94
endloop
endfacet
facet normal 0 0 1
outer loop
vertex 6427.070000000001 8215.61 199.94
vertex 6738.16 8209.76 199.94
vertex 6709.17 8221.85 199.94
endloop
endfacet
facet normal 0 0 0.9999999999999999
outer loop
vertex 6427.070000000001 8215.61 199.94
vertex 6709.17 8221.85 199.94
vertex 6227.650000000001 8221.85 199.94
endloop
endfacet
facet normal 0 0 1
outer loop
vertex 5572.84 8215.61 199.94
vertex 5290.74 8221.85 199.94
vertex 5261.75 8209.76 199.94
endloop
endfacet
facet normal 0 0 1
outer loop
vertex 5572.84 8215.61 199.94
vertex 5261.75 8209.76 199.94
vertex 5768.62 8209.76 199.94
endloop
endfacet
facet normal 0 0 0.9999999999999999
outer loop
vertex 5572.84 8215.61 199.94
vertex 5768.62 8209.76 199.94
vertex 5770.570000000001 8214.57 199.94
endloop
endfacet
facet normal 0 0 0.9999999999999999
outer loop
vertex 5572.84 8215.61 199.94
vertex 5770.570000000001 8214.57 199.94
vertex 5772.39 8221.85 199.94
endloop
endfacet
facet normal 0 0 1
outer loop
vertex 5572.84 8215.61 199.94
vertex 5772.39 8221.85 199.94
vertex 5290.74 8221.85 199.94
endloop
endfacet
facet normal 0 0 1
outer loop
vertex 4827.16 8215.61 199.94
vertex 4627.610000000001 8221.85 199.94
vertex 4629.43 8214.57 199.94
endloop
endfacet
facet normal 0 0 1
outer loop
vertex 4827.16 8215.61 199.94
vertex 4629.43 8214.57 199.94
vertex 4631.38 8209.76 199.94
endloop
endfacet
facet normal 0 0 1
outer loop
vertex 4827.16 8215.61 199.94
vertex 4631.38 8209.76 199.94
vertex 5138.25 8209.76 199.94
endloop
endfacet
facet normal 0 0 1
outer loop
vertex 4827.16 8215.61 199.94
vertex 5138.25 8209.76 199.94
vertex 5109.26 8221.85 199.94
endloop
endfacet
facet normal 0 0 1
outer loop
vertex 4827.16 8215.61 199.94
vertex 5109.26 8221.85 199.94
vertex 4627.610000000001 8221.85 199.94
endloop
endfacet
facet normal 0 0 0.9999999999999999
outer loop
vertex 6861.79 8209.76 199.94
vertex 6831.24 8202.48 199.94
vertex 7365.67 8202.48 199.94
endloop
endfacet
facet normal 0 0 1
outer loop
vertex 6861.79 8209.76 199.94
vertex 7365.67 8202.48 199.94
vertex 7368.66 8209.76 199.94
endloop
endfacet
facet normal 0 0 1
outer loop
vertex 6231.29 8209.76 199.94
vertex 6234.41 8202.48 199.94
vertex 6768.71 8202.48 199.94
endloop
endfacet
facet normal 0 0 1
outer loop
vertex 6231.29 8209.76 199.94
vertex 6768.71 8202.48 199.94
vertex 6738.16 8209.76 199.94
endloop
endfacet
facet normal 0 0 1
outer loop
vertex 5261.75 8209.76 199.94
vertex 5231.33 8202.48 199.94
vertex 5765.63 8202.48 199.94
endloop
endfacet
facet normal 0 0 1
outer loop
vertex 5261.75 8209.76 199.94
vertex 5765.63 8202.48 199.94
vertex 5768.62 8209.76 199.94
endloop
endfacet
facet normal 0 0 1
outer loop
vertex 4631.38 8209.76 199.94
vertex 4634.37 8202.48 199.94
vertex 5168.67 8202.48 199.94
endloop
endfacet
facet normal 0 0 1
outer loop
vertex 4631.38 8209.76 199.94
vertex 5168.67 8202.48 199.94
vertex 5138.25 8209.76 199.94
endloop
endfacet
facet normal 0 0 1
outer loop
vertex 6831.24 8202.48 199.94
vertex 6800.04 8200.01 199.94
vertex 7364.63 8200.01 199.94
endloop
endfacet
facet normal 0 0 1
outer loop
vertex 6831.24 8202.48 199.94
vertex 7364.63 8200.01 199.94
vertex 7365.67 8202.48 199.94
endloop
endfacet
facet normal 0 0 1
outer loop
vertex 6234.41 8202.48 199.94
vertex 6235.45 8200.01 199.94
vertex 6800.04 8200.01 199.94
endloop
endfacet
facet normal 0 0 1
outer loop
vertex 6234.41 8202.48 199.94
vertex 6800.04 8200.01 199.94
vertex 6768.71 8202.48 199.94
endloop
endfacet
facet normal 0 0 1
outer loop
vertex 5231.33 8202.48 199.94
vertex 5200 8200.01 199.94
vertex 5764.59 8200.01 199.94
endloop
endfacet
facet normal 0 0 1
outer loop
vertex 5231.33 8202.48 199.94
vertex 5764.59 8200.01 199.94
vertex 5765.63 8202.48 199.94
endloop
endfacet
facet normal 0 0 1
outer loop
vertex 4634.37 8202.48 199.94
vertex 4635.41 8200.01 199.94
vertex 5200 8200.01 199.94
endloop
endfacet
facet normal 0 0 1
outer loop
vertex 4634.37 8202.48 199.94
vertex 5200 8200.01 199.94
vertex 5168.67 8202.48 199.94
endloop
endfacet
facet normal 0 0 1
outer loop
vertex 6800.04 7974.2 199.94
vertex 6800.04 8200.01 199.94
vertex 6235.45 8200.01 199.94
endloop
endfacet
facet normal 0 0 1
outer loop
vertex 6800.04 7974.2 199.94
vertex 6235.45 8200.01 199.94
vertex 6265.35 8127.6 199.94
endloop
endfacet
facet normal 0 0 1
outer loop
vertex 6800.04 7974.2 199.94
vertex 6265.35 8127.6 199.94
vertex 6314.62 8047.39 199.94
endloop
endfacet
facet normal 0 0 0.9999999999999999
outer loop
vertex 6800.04 7974.2 199.94
vertex 6314.62 8047.39 199.94
vertex 6375.72 7975.76 199.94
endloop
endfacet
facet normal 0 0 1
outer loop
vertex 6800.04 7974.2 199.94
vertex 6375.72 7975.76 199.94
vertex 6447.35 7914.530000000001 199.94
endloop
endfacet
facet normal 0 0 1
outer loop
vertex 6800.04 7974.2 199.94
vertex 6447.35 7914.530000000001 199.94
vertex 6527.56 7865.39 199.94
endloop
endfacet
facet normal 0 0 1
outer loop
vertex 6800.04 7974.2 199.94
vertex 6527.56 7865.39 199.94
vertex 6614.530000000001 7829.38 199.94
endloop
endfacet
facet normal 0 0 1
outer loop
vertex 6800.04 7974.2 199.94
vertex 6614.530000000001 7829.38 199.94
vertex 6706.18 7807.41 199.94
endloop
endfacet
facet normal 0 0 1
outer loop
vertex 6800.04 7974.2 199.94
vertex 6706.18 7807.41 199.94
vertex 6800.04 7800 199.94
endloop
endfacet
facet normal 0 0 1
outer loop
vertex 6800.04 7974.2 199.94
vertex 6800.04 7800 199.94
vertex 6893.900000000001 7807.41 199.94
endloop
endfacet
facet normal 0 0 1
outer loop
vertex 6800.04 7974.2 199.94
vertex 6893.900000000001 7807.41 199.94
vertex 6985.42 7829.38 199.94
endloop
endfacet
facet normal 0 0 1
outer loop
vertex 6800.04 7974.2 199.94
vertex 6985.42 7829.38 199.94
vertex 7072.39 7865.39 199.94
endloop
endfacet
facet normal 0 0 1
outer loop
vertex 6800.04 7974.2 199.94
vertex 7072.39 7865.39 199.94
vertex 7152.7300000000005 7914.530000000001 199.94
endloop
endfacet
facet normal 0 0 1
outer loop
vertex 6800.04 7974.2 199.94
vertex 7152.7300000000005 7914.530000000001 199.94
vertex 7224.2300000000005 7975.76 199.94
endloop
endfacet
facet normal 0 0 1
outer loop
vertex 6800.04 7974.2 199.94
vertex 7224.2300000000005 7975.76 199.94
vertex 7285.46 8047.39 199.94
endloop
endfacet
facet normal 0 0 1
outer loop
vertex 6800.04 7974.2 199.94
vertex 7285.46 8047.39 199.94
vertex 7334.6 8127.6 199.94
endloop
endfacet
facet normal 0 0 1
outer loop
vertex 6800.04 7974.2 199.94
vertex 7334.6 8127.6 199.94
vertex 7364.63 8200.01 199.94
endloop
endfacet
facet normal 0 0 1
outer loop
vertex 6800.04 7974.2 199.94
vertex 7364.63 8200.01 199.94
vertex 6800.04 8200.01 199.94
endloop
endfacet
facet normal 0 0 1
outer loop
vertex 5200 7974.2 199.94
vertex 5200 8200.01 199.94
vertex 4635.41 8200.01 199.94
endloop
endfacet
facet normal 0 0 1
outer loop
vertex 5200 7974.2 199.94
vertex 4635.41 8200.01 199.94
vertex 4665.4400000000005 8127.6 199.94
endloop
endfacet
facet normal 0 0 1
outer loop
vertex 5200 7974.2 199.94
vertex 4665.4400000000005 8127.6 199.94
vertex 4714.58 8047.39 199.94
endloop
endfacet
facet normal 0 0 0.9999999999999999
outer loop
vertex 5200 7974.2 199.94
vertex 4714.58 8047.39 199.94
vertex 4775.68 7975.76 199.94
endloop
endfacet
facet normal 0 0 1
outer loop
vertex 5200 7974.2 199.94
vertex 4775.68 7975.76 199.94
vertex 4847.31 7914.530000000001 199.94
endloop
endfacet
facet normal 0 0 1
outer loop
vertex 5200 7974.2 199.94
vertex 4847.31 7914.530000000001 199.94
vertex 4927.650000000001 7865.39 199.94
endloop
endfacet
facet normal 0 0 1
outer loop
vertex 5200 7974.2 199.94
vertex 4927.650000000001 7865.39 199.94
vertex 5014.62 7829.38 199.94
endloop
endfacet
facet normal 0 0 1
outer loop
vertex 5200 7974.2 199.94
vertex 5014.62 7829.38 199.94
vertex 5106.14 7807.41 199.94
endloop
endfacet
facet normal 0 0 1
outer loop
vertex 5200 7974.2 199.94
vertex 5106.14 7807.41 199.94
vertex 5200 7800 199.94
endloop
endfacet
facet normal 0 0 1
outer loop
vertex 5200 7974.2 199.94
vertex 5200 7800 199.94
vertex 5293.860000000001 7807.41 199.94
endloop
endfacet
facet normal 0 0 1
outer loop
vertex 5200 7974.2 199.94
vertex 5293.860000000001 7807.41 199.94
vertex 5385.38 7829.38 199.94
endloop
endfacet
facet normal 0 0 1
outer loop
vertex 5200 7974.2 199.94
vertex 5385.38 7829.38 199.94
vertex 5472.35 7865.39 199.94
endloop
endfacet
facet normal 0 0 1
outer loop
vertex 5200 7974.2 199.94
vertex 5472.35 7865.39 199.94
vertex 5552.6900000000005 7914.530000000001 199.94
endloop
endfacet
facet normal 0 0 1
outer loop
vertex 5200 7974.2 199.94
vertex 5552.6900000000005 7914.530000000001 199.94
vertex 5624.320000000001 7975.76 199.94
endloop
endfacet
facet normal 0 0 1
outer loop
vertex 5200 7974.2 199.94
vertex 5624.320000000001 7975.76 199.94
vertex 5685.42 8047.39 199.94
endloop
endfacet
facet normal 0 0 1
outer loop
vertex 5200 7974.2 199.94
vertex 5685.42 8047.39 199.94
vertex 5734.56 8127.6 199.94
endloop
endfacet
facet normal 0 0 1
outer loop
vertex 5200 7974.2 199.94
vertex 5734.56 8127.6 199.94
vertex 5764.59 8200.01 199.94
endloop
endfacet
facet normal 0 0 1
outer loop
vertex 5200 7974.2 199.94
vertex 5764.59 8200.01 199.94
vertex 5200 8200.01 199.94
endloop
endfacet
facet normal 0 0 -1
outer loop
vertex 4399.9800000000005 12025.78 599.95
vertex 4493.84 12192.57 599.95
vertex 4585.360000000001 12170.6 599.95
endloop
endfacet
facet normal 0 0 -1
outer loop
vertex 4399.9800000000005 12025.78 599.95
vertex 4585.360000000001 12170.6 599.95
vertex 4672.33 12134.59 599.95
endloop
endfacet
facet normal 0 0 -1
outer loop
vertex 4399.9800000000005 12025.78 599.95
vertex 4672.33 12134.59 599.95
vertex 4752.67 12085.45 599.95
endloop
endfacet
facet normal 0 0 -1
outer loop
vertex 4399.9800000000005 12025.78 599.95
vertex 4752.67 12085.45 599.95
vertex 4824.3 12024.220000000001 599.95
endloop
endfacet
facet normal 0 0 -1
outer loop
vertex 4399.9800000000005 12025.78 599.95
vertex 4824.3 12024.220000000001 599.95
vertex 4885.400000000001 11952.720000000001 599.95
endloop
endfacet
facet normal 0 0 -1
outer loop
vertex 4399.9800000000005 12025.78 599.95
vertex 4885.400000000001 11952.720000000001 599.95
vertex 4934.54 11872.380000000001 599.95
endloop
endfacet
facet normal 0 0 -1
outer loop
vertex 4399.9800000000005 12025.78 599.95
vertex 4934.54 11872.380000000001 599.95
vertex 4964.570000000001 11799.970000000001 599.95
endloop
endfacet
facet normal 0 0 -0.9999999999999999
outer loop
vertex 4399.9800000000005 12025.78 599.95
vertex 4964.570000000001 11799.970000000001 599.95
vertex 4399.9800000000005 11799.970000000001 599.95
endloop
endfacet
facet normal 0 0 -0.9999999999999999
outer loop
vertex 4399.9800000000005 12025.78 599.95
vertex 4399.9800000000005 11799.970000000001 599.95
vertex 3835.3900000000003 11799.970000000001 599.95
endloop
endfacet
facet normal 0 0 -1
outer loop
vertex 4399.9800000000005 12025.78 599.95
vertex 3835.3900000000003 11799.970000000001 599.95
vertex 3865.42 11872.380000000001 599.95
endloop
endfacet
facet normal 0 0 -1
outer loop
vertex 4399.9800000000005 12025.78 599.95
vertex 3865.42 11872.380000000001 599.95
vertex 3914.56 11952.720000000001 599.95
endloop
endfacet
facet normal 0 0 -1
outer loop
vertex 4399.9800000000005 12025.78 599.95
vertex 3914.56 11952.720000000001 599.95
vertex 3975.79 12024.220000000001 599.95
endloop
endfacet
facet normal 0 0 -1
outer loop
vertex 4399.9800000000005 12025.78 599.95
vertex 3975.79 12024.220000000001 599.95
vertex 4047.29 12085.45 599.95
endloop
endfacet
facet normal 0 0 -1
outer loop
vertex 4399.9800000000005 12025.78 599.95
vertex 4047.29 12085.45 599.95
vertex 4127.63 12134.59 599.95
endloop
endfacet
facet normal 0 0 -1
outer loop
vertex 4399.9800000000005 12025.78 599.95
vertex 4127.63 12134.59 599.95
vertex 4214.6 12170.6 599.95
endloop
endfacet
facet normal 0 0 -1
outer loop
vertex 4399.9800000000005 12025.78 599.95
vertex 4214.6 12170.6 599.95
vertex 4306.12 12192.57 599.95
endloop
endfacet
facet normal 0 0 -1
outer loop
vertex 4399.9800000000005 12025.78 599.95
vertex 4306.12 12192.57 599.95
vertex 4399.9800000000005 12199.98 599.95
endloop
endfacet
facet normal 0 0 -1
outer loop
vertex 4399.9800000000005 12025.78 599.95
vertex 4399.9800000000005 12199.98 599.95
vertex 4493.84 12192.57 599.95
endloop
endfacet
facet normal 0 0 -1
outer loop
vertex 6000.02 12025.78 599.95
vertex 6093.88 12192.57 599.95
vertex 6185.400000000001 12170.6 599.95
endloop
endfacet
facet normal 0 0 -1
outer loop
vertex 6000.02 12025.78 599.95
vertex 6185.400000000001 12170.6 599.95
vertex 6272.37 12134.59 599.95
endloop
endfacet
facet normal 0 0 -1
outer loop
vertex 6000.02 12025.78 599.95
vertex 6272.37 12134.59 599.95
vertex 6352.71 12085.45 599.95
endloop
endfacet
facet normal 0 0 -1
outer loop
vertex 6000.02 12025.78 599.95
vertex 6352.71 12085.45 599.95
vertex 6424.21 12024.220000000001 599.95
endloop
endfacet
facet normal 0 0 -1
outer loop
vertex 6000.02 12025.78 599.95
vertex 6424.21 12024.220000000001 599.95
vertex 6485.4400000000005 11952.720000000001 599.95
endloop
endfacet
facet normal 0 0 -1
outer loop
vertex 6000.02 12025.78 599.95
vertex 6485.4400000000005 11952.720000000001 599.95
vertex 6534.58 11872.380000000001 599.95
endloop
endfacet
facet normal 0 0 -1
outer loop
vertex 6000.02 12025.78 599.95
vertex 6534.58 11872.380000000001 599.95
vertex 6564.610000000001 11799.970000000001 599.95
endloop
endfacet
facet normal 0 0 -0.9999999999999999
outer loop
vertex 6000.02 12025.78 599.95
vertex 6564.610000000001 11799.970000000001 599.95
vertex 6000.02 11799.970000000001 599.95
endloop
endfacet
facet normal 0 0 -0.9999999999999999
outer loop
vertex 6000.02 12025.78 599.95
vertex 6000.02 11799.970000000001 599.95
vertex 5435.43 11799.970000000001 599.95
endloop
endfacet
facet normal 0 0 -1
outer loop
vertex 6000.02 12025.78 599.95
vertex 5435.43 11799.970000000001 599.95
vertex 5465.46 11872.380000000001 599.95
endloop
endfacet
facet normal 0 0 -1
outer loop
vertex 6000.02 12025.78 599.95
vertex 5465.46 11872.380000000001 599.95
vertex 5514.6 11952.720000000001 599.95
endloop
endfacet
facet normal 0 0 -0.9999999999999999
outer loop
vertex 6000.02 12025.78 599.95
vertex 5514.6 11952.720000000001 599.95
vertex 5575.7 12024.220000000001 599.95
endloop
endfacet
facet normal 0 0 -1
outer loop
vertex 6000.02 12025.78 599.95
vertex 5575.7 12024.220000000001 599.95
vertex 5647.33 12085.45 599.95
endloop
endfacet
facet normal 0 0 -1
outer loop
vertex 6000.02 12025.78 599.95
vertex 5647.33 12085.45 599.95
vertex 5727.67 12134.59 599.95
endloop
endfacet
facet normal 0 0 -1
outer loop
vertex 6000.02 12025.78 599.95
vertex 5727.67 12134.59 599.95
vertex 5814.64 12170.6 599.95
endloop
endfacet
facet normal 0 0 -1
outer loop
vertex 6000.02 12025.78 599.95
vertex 5814.64 12170.6 599.95
vertex 5906.16 12192.57 599.95
endloop
endfacet
facet normal 0 0 -1
outer loop
vertex 6000.02 12025.78 599.95
vertex 5906.16 12192.57 599.95
vertex 6000.02 12199.98 599.95
endloop
endfacet
facet normal 0 0 -1
outer loop
vertex 6000.02 12025.78 599.95
vertex 6000.02 12199.98 599.95
vertex 6093.88 12192.57 599.95
endloop
endfacet
facet normal 0 0 -1
outer loop
vertex 4399.9800000000005 11799.970000000001 599.95
vertex 4368.650000000001 11797.5 599.95
vertex 3834.35 11797.5 599.95
endloop
endfacet
facet normal 0 0 -1
outer loop
vertex 4399.9800000000005 11799.970000000001 599.95
vertex 3834.35 11797.5 599.95
vertex 3835.3900000000003 11799.970000000001 599.95
endloop
endfacet
facet normal 0 0 -1
outer loop
vertex 4964.570000000001 11799.970000000001 599.95
vertex 4965.610000000001 11797.5 599.95
vertex 4431.31 11797.5 599.95
endloop
endfacet
facet normal 0 0 -1
outer loop
vertex 4964.570000000001 11799.970000000001 599.95
vertex 4431.31 11797.5 599.95
vertex 4399.9800000000005 11799.970000000001 599.95
endloop
endfacet
facet normal 0 0 -1
outer loop
vertex 6000.02 11799.970000000001 599.95
vertex 5968.6900000000005 11797.5 599.95
vertex 5434.39 11797.5 599.95
endloop
endfacet
facet normal 0 0 -1
outer loop
vertex 6000.02 11799.970000000001 599.95
vertex 5434.39 11797.5 599.95
vertex 5435.43 11799.970000000001 599.95
endloop
endfacet
facet normal 0 0 -1
outer loop
vertex 6564.610000000001 11799.970000000001 599.95
vertex 6565.650000000001 11797.5 599.95
vertex 6031.35 11797.5 599.95
endloop
endfacet
facet normal 0 0 -1
outer loop
vertex 6564.610000000001 11799.970000000001 599.95
vertex 6031.35 11797.5 599.95
vertex 6000.02 11799.970000000001 599.95
endloop
endfacet
facet normal 0 0 -1
outer loop
vertex 4368.650000000001 11797.5 599.95
vertex 4338.2300000000005 11790.220000000001 599.95
vertex 3831.36 11790.220000000001 599.95
endloop
endfacet
facet normal 0 0 -1
outer loop
vertex 4368.650000000001 11797.5 599.95
vertex 3831.36 11790.220000000001 599.95
vertex 3834.35 11797.5 599.95
endloop
endfacet
facet normal 0 0 -1
outer loop
vertex 4965.610000000001 11797.5 599.95
vertex 4968.6 11790.220000000001 599.95
vertex 4461.860000000001 11790.220000000001 599.95
endloop
endfacet
facet normal 0 0 -1
outer loop
vertex 4965.610000000001 11797.5 599.95
vertex 4461.860000000001 11790.220000000001 599.95
vertex 4431.31 11797.5 599.95
endloop
endfacet
facet normal 0 0 -1
outer loop
vertex 5968.6900000000005 11797.5 599.95
vertex 5938.14 11790.220000000001 599.95
vertex 5431.400000000001 11790.220000000001 599.95
endloop
endfacet
facet normal 0 0 -1
outer loop
vertex 5968.6900000000005 11797.5 599.95
vertex 5431.400000000001 11790.220000000001 599.95
vertex 5434.39 11797.5 599.95
endloop
endfacet
facet normal 0 0 -1
outer loop
vertex 6565.650000000001 11797.5 599.95
vertex 6568.64 11790.220000000001 599.95
vertex 6061.77 11790.220000000001 599.95
endloop
endfacet
facet normal 0 0 -1
outer loop
vertex 6565.650000000001 11797.5 599.95
vertex 6061.77 11790.220000000001 599.95
vertex 6031.35 11797.5 599.95
endloop
endfacet
facet normal 0 0 -1
outer loop
vertex 4027.1400000000003 11784.5 599.95
vertex 4338.2300000000005 11790.220000000001 599.95
vertex 4309.24 11778.26 599.95
endloop
endfacet
facet normal 0 0 -1
outer loop
vertex 4027.1400000000003 11784.5 599.95
vertex 4309.24 11778.26 599.95
vertex 3827.59 11778.26 599.95
endloop
endfacet
facet normal 0 0 -1
outer loop
vertex 4027.1400000000003 11784.5 599.95
vertex 3827.59 11778.26 599.95
vertex 3829.4100000000003 11785.41 599.95
endloop
endfacet
facet normal 0 0 -1
outer loop
vertex 4027.1400000000003 11784.5 599.95
vertex 3829.4100000000003 11785.41 599.95
vertex 3831.36 11790.220000000001 599.95
endloop
endfacet
facet normal 0 0 -1
outer loop
vertex 4027.1400000000003 11784.5 599.95
vertex 3831.36 11790.220000000001 599.95
vertex 4338.2300000000005 11790.220000000001 599.95
endloop
endfacet
facet normal 0 0 -1
outer loop
vertex 4772.82 11784.5 599.95
vertex 4968.6 11790.220000000001 599.95
vertex 4970.68 11785.41 599.95
endloop
endfacet
facet normal 0 0 -1
outer loop
vertex 4772.82 11784.5 599.95
vertex 4970.68 11785.41 599.95
vertex 4972.37 11778.26 599.95
endloop
endfacet
facet normal 0 0 -0.9999999999999999
outer loop
vertex 4772.82 11784.5 599.95
vertex 4972.37 11778.26 599.95
vertex 4490.85 11778.26 599.95
endloop
endfacet
facet normal 0 0 -1
outer loop
vertex 4772.82 11784.5 599.95
vertex 4490.85 11778.26 599.95
vertex 4461.860000000001 11790.220000000001 599.95
endloop
endfacet
facet normal 0 0 -1
outer loop
vertex 4772.82 11784.5 599.95
vertex 4461.860000000001 11790.220000000001 599.95
vertex 4968.6 11790.220000000001 599.95
endloop
endfacet
facet normal 0 0 -1
outer loop
vertex 5627.18 11784.5 599.95
vertex 5938.14 11790.220000000001 599.95
vertex 5909.150000000001 11778.26 599.95
endloop
endfacet
facet normal 0 0 -1
outer loop
vertex 5627.18 11784.5 599.95
vertex 5909.150000000001 11778.26 599.95
vertex 5427.63 11778.26 599.95
endloop
endfacet
facet normal 0 0 -1
outer loop
vertex 5627.18 11784.5 599.95
vertex 5427.63 11778.26 599.95
vertex 5429.320000000001 11785.41 599.95
endloop
endfacet
facet normal 0 0 -1
outer loop
vertex 5627.18 11784.5 599.95
vertex 5429.320000000001 11785.41 599.95
vertex 5431.400000000001 11790.220000000001 599.95
endloop
endfacet
facet normal 0 0 -1
outer loop
vertex 5627.18 11784.5 599.95
vertex 5431.400000000001 11790.220000000001 599.95
vertex 5938.14 11790.220000000001 599.95
endloop
endfacet
facet normal 0 0 -0.9999999999999999
outer loop
vertex 6372.860000000001 11784.5 599.95
vertex 6568.64 11790.220000000001 599.95
vertex 6570.59 11785.41 599.95
endloop
endfacet
facet normal 0 0 -0.9999999999999999
outer loop
vertex 6372.860000000001 11784.5 599.95
vertex 6570.59 11785.41 599.95
vertex 6572.41 11778.26 599.95
endloop
endfacet
facet normal 0 0 -1
outer loop
vertex 6372.860000000001 11784.5 599.95
vertex 6572.41 11778.26 599.95
vertex 6090.76 11778.26 599.95
endloop
endfacet
facet normal 0 0 -1
outer loop
vertex 6372.860000000001 11784.5 599.95
vertex 6090.76 11778.26 599.95
vertex 6061.77 11790.220000000001 599.95
endloop
endfacet
facet normal 0 0 -1
outer loop
vertex 6372.860000000001 11784.5 599.95
vertex 6061.77 11790.220000000001 599.95
vertex 6568.64 11790.220000000001 599.95
endloop
endfacet
facet normal 0 0 -1
outer loop
vertex 4309.24 11778.26 599.95
vertex 4282.46 11761.75 599.95
vertex 3823.69 11761.75 599.95
endloop
endfacet
facet normal 0 0 -1
outer loop
vertex 4309.24 11778.26 599.95
vertex 3823.69 11761.75 599.95
vertex 3827.59 11778.26 599.95
endloop
endfacet
facet normal 0 0 -1
outer loop
vertex 4972.37 11778.26 599.95
vertex 4976.27 11761.75 599.95
vertex 4517.5 11761.75 599.95
endloop
endfacet
facet normal 0 0 -1
outer loop
vertex 4972.37 11778.26 599.95
vertex 4517.5 11761.75 599.95
vertex 4490.85 11778.26 599.95
endloop
endfacet
facet normal 0 0 -1
outer loop
vertex 5909.150000000001 11778.26 599.95
vertex 5882.5 11761.75 599.95
vertex 5423.7300000000005 11761.75 599.95
endloop
endfacet
facet normal 0 0 -1
outer loop
vertex 5909.150000000001 11778.26 599.95
vertex 5423.7300000000005 11761.75 599.95
vertex 5427.63 11778.26 599.95
endloop
endfacet
facet normal 0 0 -1
outer loop
vertex 6572.41 11778.26 599.95
vertex 6576.31 11761.75 599.95
vertex 6117.54 11761.75 599.95
endloop
endfacet
facet normal 0 0 -1
outer loop
vertex 6572.41 11778.26 599.95
vertex 6117.54 11761.75 599.95
vertex 6090.76 11778.26 599.95
endloop
endfacet
facet normal 0 0 -1
outer loop
vertex 4282.46 11761.75 599.95
vertex 4258.54 11741.470000000001 599.95
vertex 3818.75 11741.470000000001 599.95
endloop
endfacet
facet normal 0 0 -1
outer loop
vertex 4282.46 11761.75 599.95
vertex 3818.75 11741.470000000001 599.95
vertex 3823.69 11761.75 599.95
endloop
endfacet
facet normal 0 0 -1
outer loop
vertex 4976.27 11761.75 599.95
vertex 4981.21 11741.470000000001 599.95
vertex 4541.42 11741.470000000001 599.95
endloop
endfacet
facet normal 0 0 -1
outer loop
vertex 4976.27 11761.75 599.95
vertex 4541.42 11741.470000000001 599.95
vertex 4517.5 11761.75 599.95
endloop
endfacet
facet normal 0 0 -1
outer loop
vertex 5882.5 11761.75 599.95
vertex 5858.58 11741.470000000001 599.95
vertex 5418.79 11741.470000000001 599.95
endloop
endfacet
facet normal 0 0 -0.9999999999999999
outer loop
vertex 5882.5 11761.75 599.95
vertex 5418.79 11741.470000000001 599.95
vertex 5423.7300000000005 11761.75 599.95
endloop
endfacet
facet normal 0 0 -1
outer loop
vertex 6576.31 11761.75 599.95
vertex 6581.25 11741.470000000001 599.95
vertex 6141.46 11741.470000000001 599.95
endloop
endfacet
facet normal 0 0 -1
outer loop
vertex 6576.31 11761.75 599.95
vertex 6141.46 11741.470000000001 599.95
vertex 6117.54 11761.75 599.95
endloop
endfacet
facet normal 0 0 -1
outer loop
vertex 4258.54 11741.470000000001 599.95
vertex 4238.26 11717.550000000001 599.95
vertex 3813.03 11717.550000000001 599.95
endloop
endfacet
facet normal 0 0 -1
outer loop
vertex 4258.54 11741.470000000001 599.95
vertex 3813.03 11717.550000000001 599.95
vertex 3818.75 11741.470000000001 599.95
endloop
endfacet
facet normal 0 0 -1
outer loop
vertex 4981.21 11741.470000000001 599.95
vertex 4986.93 11717.550000000001 599.95
vertex 4561.83 11717.550000000001 599.95
endloop
endfacet
facet normal 0 0 -1
outer loop
vertex 4981.21 11741.470000000001 599.95
vertex 4561.83 11717.550000000001 599.95
vertex 4541.42 11741.470000000001 599.95
endloop
endfacet
facet normal 0 0 -1
outer loop
vertex 5858.58 11741.470000000001 599.95
vertex 5838.17 11717.550000000001 599.95
vertex 5413.070000000001 11717.550000000001 599.95
endloop
endfacet
facet normal 0 0 -1
outer loop
vertex 5858.58 11741.470000000001 599.95
vertex 5413.070000000001 11717.550000000001 599.95
vertex 5418.79 11741.470000000001 599.95
endloop
endfacet
facet normal 0 0 -1
outer loop
vertex 6581.25 11741.470000000001 599.95
vertex 6586.97 11717.550000000001 599.95
vertex 6161.74 11717.550000000001 599.95
endloop
endfacet
facet normal 0 0 -1
outer loop
vertex 6581.25 11741.470000000001 599.95
vertex 6161.74 11717.550000000001 599.95
vertex 6141.46 11741.470000000001 599.95
endloop
endfacet
facet normal 0 0 -1
outer loop
vertex 3977.48 11702.08 599.95
vertex 4238.26 11717.550000000001 599.95
vertex 4221.75 11690.77 599.95
endloop
endfacet
facet normal 0 0 -1
outer loop
vertex 3977.48 11702.08 599.95
vertex 4221.75 11690.77 599.95
vertex 3807.1800000000003 11690.77 599.95
endloop
endfacet
facet normal 0 0 -1
outer loop
vertex 3977.48 11702.08 599.95
vertex 3807.1800000000003 11690.77 599.95
vertex 3807.44 11693.890000000001 599.95
endloop
endfacet
facet normal 0 0 -0.9999999999999999
outer loop
vertex 3977.48 11702.08 599.95
vertex 3807.44 11693.890000000001 599.95
vertex 3813.03 11717.550000000001 599.95
endloop
endfacet
facet normal 0 0 -1
outer loop
vertex 3977.48 11702.08 599.95
vertex 3813.03 11717.550000000001 599.95
vertex 4238.26 11717.550000000001 599.95
endloop
endfacet
facet normal 0 0 -1
outer loop
vertex 4822.4800000000005 11702.08 599.95
vertex 4986.93 11717.550000000001 599.95
vertex 4992.650000000001 11693.890000000001 599.95
endloop
endfacet
facet normal 0 0 -1
outer loop
vertex 4822.4800000000005 11702.08 599.95
vertex 4992.650000000001 11693.890000000001 599.95
vertex 4992.91 11690.77 599.95
endloop
endfacet
facet normal 0 0 -1
outer loop
vertex 4822.4800000000005 11702.08 599.95
vertex 4992.91 11690.77 599.95
vertex 4578.21 11690.77 599.95
endloop
endfacet
facet normal 0 0 -0.9999999999999999
outer loop
vertex 4822.4800000000005 11702.08 599.95
vertex 4578.21 11690.77 599.95
vertex 4561.83 11717.550000000001 599.95
endloop
endfacet
facet normal 0 0 -0.9999999999999999
outer loop
vertex 4822.4800000000005 11702.08 599.95
vertex 4561.83 11717.550000000001 599.95
vertex 4986.93 11717.550000000001 599.95
endloop
endfacet
facet normal 0 0 -0.9999999999999999
outer loop
vertex 5577.52 11702.08 599.95
vertex 5838.17 11717.550000000001 599.95
vertex 5821.79 11690.77 599.95
endloop
endfacet
facet normal 0 0 -1
outer loop
vertex 5577.52 11702.08 599.95
vertex 5821.79 11690.77 599.95
vertex 5407.09 11690.77 599.95
endloop
endfacet
facet normal 0 0 -1
outer loop
vertex 5577.52 11702.08 599.95
vertex 5407.09 11690.77 599.95
vertex 5407.35 11693.890000000001 599.95
endloop
endfacet
facet normal 0 0 -1
outer loop
vertex 5577.52 11702.08 599.95
vertex 5407.35 11693.890000000001 599.95
vertex 5413.070000000001 11717.550000000001 599.95
endloop
endfacet
facet normal 0 0 -1
outer loop
vertex 5577.52 11702.08 599.95
vertex 5413.070000000001 11717.550000000001 599.95
vertex 5838.17 11717.550000000001 599.95
endloop
endfacet
facet normal 0 0 -0.9999999999999999
outer loop
vertex 6422.52 11702.08 599.95
vertex 6586.97 11717.550000000001 599.95
vertex 6592.56 11693.890000000001 599.95
endloop
endfacet
facet normal 0 0 -1
outer loop
vertex 6422.52 11702.08 599.95
vertex 6592.56 11693.890000000001 599.95
vertex 6592.820000000001 11690.77 599.95
endloop
endfacet
facet normal 0 0 -1
outer loop
vertex 6422.52 11702.08 599.95
vertex 6592.820000000001 11690.77 599.95
vertex 6178.25 11690.77 599.95
endloop
endfacet
facet normal 0 0 -1
outer loop
vertex 6422.52 11702.08 599.95
vertex 6178.25 11690.77 599.95
vertex 6161.74 11717.550000000001 599.95
endloop
endfacet
facet normal 0 0 -1
outer loop
vertex 6422.52 11702.08 599.95
vertex 6161.74 11717.550000000001 599.95
vertex 6586.97 11717.550000000001 599.95
endloop
endfacet
facet normal 0 0 -1
outer loop
vertex 4221.75 11690.77 599.95
vertex 4209.79 11661.78 599.95
vertex 3804.84 11661.78 599.95
endloop
endfacet
facet normal 0 0 -1
outer loop
vertex 4221.75 11690.77 599.95
vertex 3804.84 11661.78 599.95
vertex 3807.1800000000003 11690.77 599.95
endloop
endfacet
facet normal 0 0 -1
outer loop
vertex 4992.91 11690.77 599.95
vertex 4995.12 11661.78 599.95
vertex 4590.17 11661.78 599.95
endloop
endfacet
facet normal 0 0 -1
outer loop
vertex 4992.91 11690.77 599.95
vertex 4590.17 11661.78 599.95
vertex 4578.21 11690.77 599.95
endloop
endfacet
facet normal 0 0 -1
outer loop
vertex 5821.79 11690.77 599.95
vertex 5809.83 11661.78 599.95
vertex 5404.88 11661.78 599.95
endloop
endfacet
facet normal 0 0 -1
outer loop
vertex 5821.79 11690.77 599.95
vertex 5404.88 11661.78 599.95
vertex 5407.09 11690.77 599.95
endloop
endfacet
facet normal 0 0 -1
outer loop
vertex 6592.820000000001 11690.77 599.95
vertex 6595.16 11661.78 599.95
vertex 6190.21 11661.78 599.95
endloop
endfacet
facet normal 0 0 -1
outer loop
vertex 6592.820000000001 11690.77 599.95
vertex 6190.21 11661.78 599.95
vertex 6178.25 11690.77 599.95
endloop
endfacet
facet normal 0 0 -1
outer loop
vertex 4209.79 11661.78 599.95
vertex 4202.51 11631.23 599.95
vertex 3802.5 11631.23 599.95
endloop
endfacet
facet normal 0 0 -0.9999999999999999
outer loop
vertex 4209.79 11661.78 599.95
vertex 3802.5 11631.23 599.95
vertex 3804.84 11661.78 599.95
endloop
endfacet
facet normal 0 0 -1
outer loop
vertex 4995.12 11661.78 599.95
vertex 4997.59 11631.23 599.95
vertex 4597.58 11631.23 599.95
endloop
endfacet
facet normal 0 0 -0.9999999999999999
outer loop
vertex 4995.12 11661.78 599.95
vertex 4597.58 11631.23 599.95
vertex 4590.17 11661.78 599.95
endloop
endfacet
facet normal 0 0 -1
outer loop
vertex 5809.83 11661.78 599.95
vertex 5802.42 11631.23 599.95
vertex 5402.41 11631.23 599.95
endloop
endfacet
facet normal 0 0 -0.9999999999999999
outer loop
vertex 5809.83 11661.78 599.95
vertex 5402.41 11631.23 599.95
vertex 5404.88 11661.78 599.95
endloop
endfacet
facet normal 0 0 -1
outer loop
vertex 6595.16 11661.78 599.95
vertex 6597.5 11631.23 599.95
vertex 6197.49 11631.23 599.95
endloop
endfacet
facet normal 0 0 -0.9999999999999999
outer loop
vertex 6595.16 11661.78 599.95
vertex 6197.49 11631.23 599.95
vertex 6190.21 11661.78 599.95
endloop
endfacet
facet normal 0 0 -1
outer loop
vertex 4202.51 11631.23 599.95
vertex 4200.04 11600.03 599.95
vertex 3800.03 11600.03 599.95
endloop
endfacet
facet normal 0 0 -1
outer loop
vertex 4202.51 11631.23 599.95
vertex 3800.03 11600.03 599.95
vertex 3802.5 11631.23 599.95
endloop
endfacet
facet normal 0 0 -1
outer loop
vertex 4997.59 11631.23 599.95
vertex 5000.06 11600.03 599.95
vertex 4600.05 11600.03 599.95
endloop
endfacet
facet normal 0 0 -1
outer loop
vertex 4997.59 11631.23 599.95
vertex 4600.05 11600.03 599.95
vertex 4597.58 11631.23 599.95
endloop
endfacet
facet normal 0 0 -0.9999999999999999
outer loop
vertex 5802.42 11631.23 599.95
vertex 5799.95 11600.03 599.95
vertex 5399.9400000000005 11600.03 599.95
endloop
endfacet
facet normal 0 0 -1
outer loop
vertex 5802.42 11631.23 599.95
vertex 5399.9400000000005 11600.03 599.95
vertex 5402.41 11631.23 599.95
endloop
endfacet
facet normal 0 0 -1
outer loop
vertex 6597.5 11631.23 599.95
vertex 6599.97 11600.03 599.95
vertex 6199.96 11600.03 599.95
endloop
endfacet
facet normal 0 0 -1
outer loop
vertex 6597.5 11631.23 599.95
vertex 6199.96 11600.03 599.95
vertex 6197.49 11631.23 599.95
endloop
endfacet
facet normal 0 0 -0.9999999999999999
outer loop
vertex 4200.04 11600.03 599.95
vertex 4200.04 10400 599.95
vertex 3800.03 10400 599.95
endloop
endfacet
facet normal 0 0 -0.9999999999999999
outer loop
vertex 4200.04 11600.03 599.95
vertex 3800.03 10400 599.95
vertex 3800.03 11600.03 599.95
endloop
endfacet
facet normal 0 0 -1
outer loop
vertex 4200.04 10400 599.95
vertex 4197.57 10368.67 599.95
vertex 3797.56 10368.67 599.95
endloop
endfacet
facet normal 0 0 -1
outer loop
vertex 4200.04 10400 599.95
vertex 3797.56 10368.67 599.95
vertex 3800.03 10400 599.95
endloop
endfacet
facet normal 0 0 -1
outer loop
vertex 4197.57 10368.67 599.95
vertex 4195.1 10338.25 599.95
vertex 3790.15 10338.25 599.95
endloop
endfacet
facet normal 0 0 -1
outer loop
vertex 4197.57 10368.67 599.95
vertex 3790.15 10338.25 599.95
vertex 3797.56 10368.67 599.95
endloop
endfacet
facet normal 0 0 -1
outer loop
vertex 4195.1 10338.25 599.95
vertex 4192.89 10309.26 599.95
vertex 3778.19 10309.26 599.95
endloop
endfacet
facet normal 0 0 -0.9999999999999999
outer loop
vertex 4195.1 10338.25 599.95
vertex 3778.19 10309.26 599.95
vertex 3790.15 10338.25 599.95
endloop
endfacet
facet normal 0 0 -1
outer loop
vertex 4022.46 10297.95 599.95
vertex 4192.89 10309.26 599.95
vertex 4192.63 10306.140000000001 599.95
endloop
endfacet
facet normal 0 0 -1
outer loop
vertex 4022.46 10297.95 599.95
vertex 4192.63 10306.140000000001 599.95
vertex 4186.91 10282.48 599.95
endloop
endfacet
facet normal 0 0 -1
outer loop
vertex 4022.46 10297.95 599.95
vertex 4186.91 10282.48 599.95
vertex 3761.81 10282.48 599.95
endloop
endfacet
facet normal 0 0 -1
outer loop
vertex 4022.46 10297.95 599.95
vertex 3761.81 10282.48 599.95
vertex 3778.19 10309.26 599.95
endloop
endfacet
facet normal 0 0 -1
outer loop
vertex 4022.46 10297.95 599.95
vertex 3778.19 10309.26 599.95
vertex 4192.89 10309.26 599.95
endloop
endfacet
facet normal 0 0 -1
outer loop
vertex 4186.91 10282.48 599.95
vertex 4181.1900000000005 10258.56 599.95
vertex 3741.4 10258.56 599.95
endloop
endfacet
facet normal 0 0 -1
outer loop
vertex 4186.91 10282.48 599.95
vertex 3741.4 10258.56 599.95
vertex 3761.81 10282.48 599.95
endloop
endfacet
facet normal 0 0 -1
outer loop
vertex 4181.1900000000005 10258.56 599.95
vertex 4176.25 10238.15 599.95
vertex 3717.61 10238.15 599.95
endloop
endfacet
facet normal 0 0 -1
outer loop
vertex 4181.1900000000005 10258.56 599.95
vertex 3717.61 10238.15 599.95
vertex 3741.4 10258.56 599.95
endloop
endfacet
facet normal 0 0 -1
outer loop
vertex 4176.25 10238.15 599.95
vertex 4172.35 10221.77 599.95
vertex 3690.83 10221.77 599.95
endloop
endfacet
facet normal 0 0 -1
outer loop
vertex 4176.25 10238.15 599.95
vertex 3690.83 10221.77 599.95
vertex 3717.61 10238.15 599.95
endloop
endfacet
facet normal 0 0 -1
outer loop
vertex 3972.9300000000003 10215.53 599.95
vertex 4172.35 10221.77 599.95
vertex 4170.66 10214.62 599.95
endloop
endfacet
facet normal 0 0 -0.9999999999999999
outer loop
vertex 3972.9300000000003 10215.53 599.95
vertex 4170.66 10214.62 599.95
vertex 4168.71 10209.81 599.95
endloop
endfacet
facet normal 0 0 -1
outer loop
vertex 3972.9300000000003 10215.53 599.95
vertex 4168.71 10209.81 599.95
vertex 3661.84 10209.81 599.95
endloop
endfacet
facet normal 0 0 -1
outer loop
vertex 3972.9300000000003 10215.53 599.95
vertex 3661.84 10209.81 599.95
vertex 3690.83 10221.77 599.95
endloop
endfacet
facet normal 0 0 -1
outer loop
vertex 3972.9300000000003 10215.53 599.95
vertex 3690.83 10221.77 599.95
vertex 4172.35 10221.77 599.95
endloop
endfacet
facet normal 0 0 -0.9999999999999999
outer loop
vertex 4168.71 10209.81 599.95
vertex 4165.59 10202.4 599.95
vertex 3631.29 10202.4 599.95
endloop
endfacet
facet normal 0 0 -1
outer loop
vertex 4168.71 10209.81 599.95
vertex 3631.29 10202.4 599.95
vertex 3661.84 10209.81 599.95
endloop
endfacet
facet normal 0 0 -1
outer loop
vertex 4165.59 10202.4 599.95
vertex 4164.55 10200.06 599.95
vertex 3599.96 10200.06 599.95
endloop
endfacet
facet normal 0 0 -1
outer loop
vertex 4165.59 10202.4 599.95
vertex 3599.96 10200.06 599.95
vertex 3631.29 10202.4 599.95
endloop
endfacet
facet normal 0 0 -1
outer loop
vertex 3783.52 10188.880000000001 599.95
vertex 3599.96 10200.06 599.95
vertex 4164.55 10200.06 599.95
endloop
endfacet
facet normal 0 0 -1
outer loop
vertex 3783.52 10188.880000000001 599.95
vertex 4164.55 10200.06 599.95
vertex 4153.110000000001 10172.24 599.95
endloop
endfacet
facet normal 0 0 -0.9999999999999999
outer loop
vertex 3783.52 10188.880000000001 599.95
vertex 4153.110000000001 10172.24 599.95
vertex 3499.9900000000002 10172.24 599.95
endloop
endfacet
facet normal 0 0 -1
outer loop
vertex 3783.52 10188.880000000001 599.95
vertex 3499.9900000000002 10172.24 599.95
vertex 3499.9900000000002 10200.06 599.95
endloop
endfacet
facet normal 0 0 -1
outer loop
vertex 3783.52 10188.880000000001 599.95
vertex 3499.9900000000002 10200.06 599.95
vertex 3599.96 10200.06 599.95
endloop
endfacet
facet normal 0 0 -1
outer loop
vertex 7585.5 10187.45 599.95
vertex 7700.030000000001 10200.06 599.95
vertex 7700.030000000001 10172.24 599.95
endloop
endfacet
facet normal 0 0 -1
outer loop
vertex 7585.5 10187.45 599.95
vertex 7700.030000000001 10172.24 599.95
vertex 7421.31 10172.24 599.95
endloop
endfacet
facet normal 0 0 -1
outer loop
vertex 7585.5 10187.45 599.95
vertex 7421.31 10172.24 599.95
vertex 7506.2 10192.65 599.95
endloop
endfacet
facet normal 0 0 -1
outer loop
vertex 7585.5 10187.45 599.95
vertex 7506.2 10192.65 599.95
vertex 7600.06 10200.06 599.95
endloop
endfacet
facet normal 0 0 -1
outer loop
vertex 7585.5 10187.45 599.95
vertex 7600.06 10200.06 599.95
vertex 7700.030000000001 10200.06 599.95
endloop
endfacet
facet normal 0 0 -1
outer loop
vertex 3647.02 9988.550000000001 599.95
vertex 4153.110000000001 10172.24 599.95
vertex 4134.650000000001 10127.65 599.95
endloop
endfacet
facet normal 0 0 -1
outer loop
vertex 3647.02 9988.550000000001 599.95
vertex 4134.650000000001 10127.65 599.95
vertex 4085.38 10047.31 599.95
endloop
endfacet
facet normal 0 0 -1
outer loop
vertex 3647.02 9988.550000000001 599.95
vertex 4085.38 10047.31 599.95
vertex 4024.28 9975.68 599.95
endloop
endfacet
facet normal 0 0 -1
outer loop
vertex 3647.02 9988.550000000001 599.95
vertex 4024.28 9975.68 599.95
vertex 3952.65 9914.58 599.95
endloop
endfacet
facet normal 0 0 -1
outer loop
vertex 3647.02 9988.550000000001 599.95
vertex 3952.65 9914.58 599.95
vertex 3872.44 9865.44 599.95
endloop
endfacet
facet normal 0 0 -1
outer loop
vertex 3647.02 9988.550000000001 599.95
vertex 3872.44 9865.44 599.95
vertex 3785.4700000000003 9829.43 599.95
endloop
endfacet
facet normal 0 0 -1
outer loop
vertex 3647.02 9988.550000000001 599.95
vertex 3785.4700000000003 9829.43 599.95
vertex 3778.71 9827.74 599.95
endloop
endfacet
facet normal 0 0 -1
outer loop
vertex 3647.02 9988.550000000001 599.95
vertex 3778.71 9827.74 599.95
vertex 3499.9900000000002 9827.74 599.95
endloop
endfacet
facet normal 0 0 -1
outer loop
vertex 3647.02 9988.550000000001 599.95
vertex 3499.9900000000002 9827.74 599.95
vertex 3488.94 9833.720000000001 599.95
endloop
endfacet
facet normal 0 0 -1
outer loop
vertex 3647.02 9988.550000000001 599.95
vertex 3488.94 9833.720000000001 599.95
vertex 3458.52 9858.550000000001 599.95
endloop
endfacet
facet normal 0 0 -1
outer loop
vertex 3647.02 9988.550000000001 599.95
vertex 3458.52 9858.550000000001 599.95
vertex 3433.69 9888.84 599.95
endloop
endfacet
facet normal 0 0 -1
outer loop
vertex 3647.02 9988.550000000001 599.95
vertex 3433.69 9888.84 599.95
vertex 3415.23 9923.42 599.95
endloop
endfacet
facet normal 0 0 -1
outer loop
vertex 3647.02 9988.550000000001 599.95
vertex 3415.23 9923.42 599.95
vertex 3403.79 9960.99 599.95
endloop
endfacet
facet normal 0 0 -1
outer loop
vertex 3647.02 9988.550000000001 599.95
vertex 3403.79 9960.99 599.95
vertex 3400.02 9999.99 599.95
endloop
endfacet
facet normal 0 0 -1
outer loop
vertex 3647.02 9988.550000000001 599.95
vertex 3400.02 9999.99 599.95
vertex 3403.79 10038.99 599.95
endloop
endfacet
facet normal 0 0 -1
outer loop
vertex 3647.02 9988.550000000001 599.95
vertex 3403.79 10038.99 599.95
vertex 3415.23 10076.56 599.95
endloop
endfacet
facet normal 0 0 -0.9999999999999999
outer loop
vertex 3647.02 9988.550000000001 599.95
vertex 3415.23 10076.56 599.95
vertex 3433.69 10111.140000000001 599.95
endloop
endfacet
facet normal 0 0 -1
outer loop
vertex 3647.02 9988.550000000001 599.95
vertex 3433.69 10111.140000000001 599.95
vertex 3458.52 10141.43 599.95
endloop
endfacet
facet normal 0 0 -1
outer loop
vertex 3647.02 9988.550000000001 599.95
vertex 3458.52 10141.43 599.95
vertex 3488.94 10166.26 599.95
endloop
endfacet
facet normal 0 0 -1
outer loop
vertex 3647.02 9988.550000000001 599.95
vertex 3488.94 10166.26 599.95
vertex 3499.9900000000002 10172.24 599.95
endloop
endfacet
facet normal 0 0 -0.9999999999999999
outer loop
vertex 3647.02 9988.550000000001 599.95
vertex 3499.9900000000002 10172.24 599.95
vertex 4153.110000000001 10172.24 599.95
endloop
endfacet
facet normal 0 0 -1
outer loop
vertex 7553 10011.43 599.95
vertex 7700.030000000001 10172.24 599.95
vertex 7711.08 10166.26 599.95
endloop
endfacet
facet normal 0 0 -1
outer loop
vertex 7553 10011.43 599.95
vertex 7711.08 10166.26 599.95
vertex 7741.37 10141.43 599.95
endloop
endfacet
facet normal 0 0 -1
outer loop
vertex 7553 10011.43 599.95
vertex 7741.37 10141.43 599.95
vertex 7766.33 10111.140000000001 599.95
endloop
endfacet
facet normal 0 0 -1
outer loop
vertex 7553 10011.43 599.95
vertex 7766.33 10111.140000000001 599.95
vertex 7784.79 10076.56 599.95
endloop
endfacet
facet normal 0 0 -1
outer loop
vertex 7553 10011.43 599.95
vertex 7784.79 10076.56 599.95
vertex 7796.1 10038.99 599.95
endloop
endfacet
facet normal 0 0 -1
outer loop
vertex 7553 10011.43 599.95
vertex 7796.1 10038.99 599.95
vertex 7800 9999.99 599.95
endloop
endfacet
facet normal 0 0 -1
outer loop
vertex 7553 10011.43 599.95
vertex 7800 9999.99 599.95
vertex 7796.1 9960.99 599.95
endloop
endfacet
facet normal 0 0 -1
outer loop
vertex 7553 10011.43 599.95
vertex 7796.1 9960.99 599.95
vertex 7784.79 9923.42 599.95
endloop
endfacet
facet normal 0 0 -1
outer loop
vertex 7553 10011.43 599.95
vertex 7784.79 9923.42 599.95
vertex 7766.33 9888.84 599.95
endloop
endfacet
facet normal 0 0 -1
outer loop
vertex 7553 10011.43 599.95
vertex 7766.33 9888.84 599.95
vertex 7741.37 9858.550000000001 599.95
endloop
endfacet
facet normal 0 0 -1
outer loop
vertex 7553 10011.43 599.95
vertex 7741.37 9858.550000000001 599.95
vertex 7711.08 9833.720000000001 599.95
endloop
endfacet
facet normal 0 0 -1
outer loop
vertex 7553 10011.43 599.95
vertex 7711.08 9833.720000000001 599.95
vertex 7700.030000000001 9827.74 599.95
endloop
endfacet
facet normal 0 0 -1
outer loop
vertex 7553 10011.43 599.95
vertex 7700.030000000001 9827.74 599.95
vertex 7046.91 9827.74 599.95
endloop
endfacet
facet normal 0 0 -1
outer loop
vertex 7553 10011.43 599.95
vertex 7046.91 9827.74 599.95
vertex 7065.37 9872.33 599.95
endloop
endfacet
facet normal 0 0 -1
outer loop
vertex 7553 10011.43 599.95
vertex 7065.37 9872.33 599.95
vertex 7114.64 9952.67 599.95
endloop
endfacet
facet normal 0 0 -1
outer loop
vertex 7553 10011.43 599.95
vertex 7114.64 9952.67 599.95
vertex 7175.740000000001 10024.300000000001 599.95
endloop
endfacet
facet normal 0 0 -1
outer loop
vertex 7553 10011.43 599.95
vertex 7175.740000000001 10024.300000000001 599.95
vertex 7247.37 10085.4 599.95
endloop
endfacet
facet normal 0 0 -1
outer loop
vertex 7553 10011.43 599.95
vertex 7247.37 10085.4 599.95
vertex 7327.58 10134.54 599.95
endloop
endfacet
facet normal 0 0 -1
outer loop
vertex 7553 10011.43 599.95
vertex 7327.58 10134.54 599.95
vertex 7414.55 10170.68 599.95
endloop
endfacet
facet normal 0 0 -1
outer loop
vertex 7553 10011.43 599.95
vertex 7414.55 10170.68 599.95
vertex 7421.31 10172.24 599.95
endloop
endfacet
facet normal 0 0 -1
outer loop
vertex 7553 10011.43 599.95
vertex 7421.31 10172.24 599.95
vertex 7700.030000000001 10172.24 599.95
endloop
endfacet
facet normal 0 0 -1
outer loop
vertex 3614.52 9812.53 599.95
vertex 3778.71 9827.74 599.95
vertex 3693.82 9807.33 599.95
endloop
endfacet
facet normal 0 0 -1
outer loop
vertex 3614.52 9812.53 599.95
vertex 3693.82 9807.33 599.95
vertex 3599.96 9800.050000000001 599.95
endloop
endfacet
facet normal 0 0 -1
outer loop
vertex 3614.52 9812.53 599.95
vertex 3599.96 9800.050000000001 599.95
vertex 3499.9900000000002 9800.050000000001 599.95
endloop
endfacet
facet normal 0 0 -1
outer loop
vertex 3614.52 9812.53 599.95
vertex 3499.9900000000002 9800.050000000001 599.95
vertex 3499.9900000000002 9827.74 599.95
endloop
endfacet
facet normal 0 0 -1
outer loop
vertex 3614.52 9812.53 599.95
vertex 3499.9900000000002 9827.74 599.95
vertex 3778.71 9827.74 599.95
endloop
endfacet
facet normal 0 0 -1
outer loop
vertex 7416.5 9811.1 599.95
vertex 7700.030000000001 9827.74 599.95
vertex 7700.030000000001 9800.050000000001 599.95
endloop
endfacet
facet normal 0 0 -1
outer loop
vertex 7416.5 9811.1 599.95
vertex 7700.030000000001 9800.050000000001 599.95
vertex 7600.06 9800.050000000001 599.95
endloop
endfacet
facet normal 0 0 -0.9999999999999999
outer loop
vertex 7416.5 9811.1 599.95
vertex 7600.06 9800.050000000001 599.95
vertex 7035.47 9800.050000000001 599.95
endloop
endfacet
facet normal 0 0 -1
outer loop
vertex 7416.5 9811.1 599.95
vertex 7035.47 9800.050000000001 599.95
vertex 7046.91 9827.74 599.95
endloop
endfacet
facet normal 0 0 -1
outer loop
vertex 7416.5 9811.1 599.95
vertex 7046.91 9827.74 599.95
vertex 7700.030000000001 9827.74 599.95
endloop
endfacet
facet normal 0 0 -1
outer loop
vertex 7600.06 9800.050000000001 599.95
vertex 7568.7300000000005 9797.58 599.95
vertex 7034.43 9797.58 599.95
endloop
endfacet
facet normal 0 0 -1
outer loop
vertex 7600.06 9800.050000000001 599.95
vertex 7034.43 9797.58 599.95
vertex 7035.47 9800.050000000001 599.95
endloop
endfacet
facet normal 0 0 -1
outer loop
vertex 7568.7300000000005 9797.58 599.95
vertex 7538.18 9790.17 599.95
vertex 7031.31 9790.17 599.95
endloop
endfacet
facet normal 0 0 -0.9999999999999999
outer loop
vertex 7568.7300000000005 9797.58 599.95
vertex 7031.31 9790.17 599.95
vertex 7034.43 9797.58 599.95
endloop
endfacet
facet normal 0 0 -1
outer loop
vertex 7227.09 9784.45 599.95
vertex 7538.18 9790.17 599.95
vertex 7509.1900000000005 9778.210000000001 599.95
endloop
endfacet
facet normal 0 0 -1
outer loop
vertex 7227.09 9784.45 599.95
vertex 7509.1900000000005 9778.210000000001 599.95
vertex 7027.67 9778.210000000001 599.95
endloop
endfacet
facet normal 0 0 -1
outer loop
vertex 7227.09 9784.45 599.95
vertex 7027.67 9778.210000000001 599.95
vertex 7029.360000000001 9785.36 599.95
endloop
endfacet
facet normal 0 0 -0.9999999999999999
outer loop
vertex 7227.09 9784.45 599.95
vertex 7029.360000000001 9785.36 599.95
vertex 7031.31 9790.17 599.95
endloop
endfacet
facet normal 0 0 -1
outer loop
vertex 7227.09 9784.45 599.95
vertex 7031.31 9790.17 599.95
vertex 7538.18 9790.17 599.95
endloop
endfacet
facet normal 0 0 -1
outer loop
vertex 7509.1900000000005 9778.210000000001 599.95
vertex 7482.41 9761.83 599.95
vertex 7023.64 9761.83 599.95
endloop
endfacet
facet normal 0 0 -1
outer loop
vertex 7509.1900000000005 9778.210000000001 599.95
vertex 7023.64 9761.83 599.95
vertex 7027.67 9778.210000000001 599.95
endloop
endfacet
facet normal 0 0 -1
outer loop
vertex 7482.41 9761.83 599.95
vertex 7458.62 9741.42 599.95
vertex 7018.83 9741.42 599.95
endloop
endfacet
facet normal 0 0 -0.9999999999999999
outer loop
vertex 7482.41 9761.83 599.95
vertex 7018.83 9741.42 599.95
vertex 7023.64 9761.83 599.95
endloop
endfacet
facet normal 0 0 -1
outer loop
vertex 7458.62 9741.42 599.95
vertex 7438.21 9717.5 599.95
vertex 7013.110000000001 9717.5 599.95
endloop
endfacet
facet normal 0 0 -1
outer loop
vertex 7458.62 9741.42 599.95
vertex 7013.110000000001 9717.5 599.95
vertex 7018.83 9741.42 599.95
endloop
endfacet
facet normal 0 0 -1
outer loop
vertex 7177.56 9702.16 599.95
vertex 7438.21 9717.5 599.95
vertex 7421.83 9690.85 599.95
endloop
endfacet
facet normal 0 0 -1
outer loop
vertex 7177.56 9702.16 599.95
vertex 7421.83 9690.85 599.95
vertex 7007.13 9690.85 599.95
endloop
endfacet
facet normal 0 0 -0.9999999999999999
outer loop
vertex 7177.56 9702.16 599.95
vertex 7007.13 9690.85 599.95
vertex 7007.39 9693.84 599.95
endloop
endfacet
facet normal 0 0 -0.9999999999999999
outer loop
vertex 7177.56 9702.16 599.95
vertex 7007.39 9693.84 599.95
vertex 7013.110000000001 9717.5 599.95
endloop
endfacet
facet normal 0 0 -1
outer loop
vertex 7177.56 9702.16 599.95
vertex 7013.110000000001 9717.5 599.95
vertex 7438.21 9717.5 599.95
endloop
endfacet
facet normal 0 0 -1
outer loop
vertex 7421.83 9690.85 599.95
vertex 7409.740000000001 9661.86 599.95
vertex 7004.92 9661.86 599.95
endloop
endfacet
facet normal 0 0 -1
outer loop
vertex 7421.83 9690.85 599.95
vertex 7004.92 9661.86 599.95
vertex 7007.13 9690.85 599.95
endloop
endfacet
facet normal 0 0 -1
outer loop
vertex 7409.740000000001 9661.86 599.95
vertex 7402.46 9631.31 599.95
vertex 7002.45 9631.31 599.95
endloop
endfacet
facet normal 0 0 -1
outer loop
vertex 7409.740000000001 9661.86 599.95
vertex 7002.45 9631.31 599.95
vertex 7004.92 9661.86 599.95
endloop
endfacet
facet normal 0 0 -1
outer loop
vertex 7402.46 9631.31 599.95
vertex 7399.990000000001 9599.98 599.95
vertex 6999.9800000000005 9599.98 599.95
endloop
endfacet
facet normal 0 0 -1
outer loop
vertex 7402.46 9631.31 599.95
vertex 6999.9800000000005 9599.98 599.95
vertex 7002.45 9631.31 599.95
endloop
endfacet
facet normal 0 0 -1
outer loop
vertex 5000.06 11600.03 599.95
vertex 5000.06 8399.95 599.95
vertex 4600.05 8399.95 599.95
endloop
endfacet
facet normal 0 0 -1
outer loop
vertex 5000.06 11600.03 599.95
vertex 4600.05 8399.95 599.95
vertex 4600.05 11600.03 599.95
endloop
endfacet
facet normal 0 0 -1
outer loop
vertex 5799.95 11600.03 599.95
vertex 5799.95 8399.95 599.95
vertex 5399.9400000000005 8399.95 599.95
endloop
endfacet
facet normal 0 0 -1
outer loop
vertex 5799.95 11600.03 599.95
vertex 5399.9400000000005 8399.95 599.95
vertex 5399.9400000000005 11600.03 599.95
endloop
endfacet
facet normal 0 0 -1
outer loop
vertex 6599.97 11600.03 599.95
vertex 6599.97 8399.95 599.95
vertex 6199.96 8399.95 599.95
endloop
endfacet
facet normal 0 0 -1
outer loop
vertex 6599.97 11600.03 599.95
vertex 6199.96 8399.95 599.95
vertex 6199.96 11600.03 599.95
endloop
endfacet
facet normal 0 0 -1
outer loop
vertex 7399.990000000001 9599.98 599.95
vertex 7399.990000000001 8399.95 599.95
vertex 6999.9800000000005 8399.95 599.95
endloop
endfacet
facet normal 0 0 -1
outer loop
vertex 7399.990000000001 9599.98 599.95
vertex 6999.9800000000005 8399.95 599.95
vertex 6999.9800000000005 9599.98 599.95
endloop
endfacet
facet normal 0 0 -1
outer loop
vertex 5000.06 8399.95 599.95
vertex 5002.400000000001 8368.75 599.95
vertex 4602.52 8368.75 599.95
endloop
endfacet
facet normal 0 0 -1
outer loop
vertex 5000.06 8399.95 599.95
vertex 4602.52 8368.75 599.95
vertex 4600.05 8399.95 599.95
endloop
endfacet
facet normal 0 0 -1
outer loop
vertex 5799.95 8399.95 599.95
vertex 5797.4800000000005 8368.75 599.95
vertex 5397.6 8368.75 599.95
endloop
endfacet
facet normal 0 0 -1
outer loop
vertex 5799.95 8399.95 599.95
vertex 5397.6 8368.75 599.95
vertex 5399.9400000000005 8399.95 599.95
endloop
endfacet
facet normal 0 0 -1
outer loop
vertex 6599.97 8399.95 599.95
vertex 6602.4400000000005 8368.75 599.95
vertex 6202.43 8368.75 599.95
endloop
endfacet
facet normal 0 0 -1
outer loop
vertex 6599.97 8399.95 599.95
vertex 6202.43 8368.75 599.95
vertex 6199.96 8399.95 599.95
endloop
endfacet
facet normal 0 0 -1
outer loop
vertex 7399.990000000001 8399.95 599.95
vertex 7397.52 8368.75 599.95
vertex 6997.51 8368.75 599.95
endloop
endfacet
facet normal 0 0 -1
outer loop
vertex 7399.990000000001 8399.95 599.95
vertex 6997.51 8368.75 599.95
vertex 6999.9800000000005 8399.95 599.95
endloop
endfacet
facet normal 0 0 -1
outer loop
vertex 5002.400000000001 8368.75 599.95
vertex 5009.81 8338.2 599.95
vertex 4604.860000000001 8338.2 599.95
endloop
endfacet
facet normal 0 0 -1
outer loop
vertex 5002.400000000001 8368.75 599.95
vertex 4604.860000000001 8338.2 599.95
vertex 4602.52 8368.75 599.95
endloop
endfacet
facet normal 0 0 -1
outer loop
vertex 5797.4800000000005 8368.75 599.95
vertex 5795.14 8338.2 599.95
vertex 5390.1900000000005 8338.2 599.95
endloop
endfacet
facet normal 0 0 -1
outer loop
vertex 5797.4800000000005 8368.75 599.95
vertex 5390.1900000000005 8338.2 599.95
vertex 5397.6 8368.75 599.95
endloop
endfacet
facet normal 0 0 -1
outer loop
vertex 6602.4400000000005 8368.75 599.95
vertex 6609.85 8338.2 599.95
vertex 6204.900000000001 8338.2 599.95
endloop
endfacet
facet normal 0 0 -1
outer loop
vertex 6602.4400000000005 8368.75 599.95
vertex 6204.900000000001 8338.2 599.95
vertex 6202.43 8368.75 599.95
endloop
endfacet
facet normal 0 0 -1
outer loop
vertex 7397.52 8368.75 599.95
vertex 7395.18 8338.2 599.95
vertex 6990.2300000000005 8338.2 599.95
endloop
endfacet
facet normal 0 0 -1
outer loop
vertex 7397.52 8368.75 599.95
vertex 6990.2300000000005 8338.2 599.95
vertex 6997.51 8368.75 599.95
endloop
endfacet
facet normal 0 0 -1
outer loop
vertex 5009.81 8338.2 599.95
vertex 5021.77 8309.210000000001 599.95
vertex 4607.2 8309.210000000001 599.95
endloop
endfacet
facet normal 0 0 -1
outer loop
vertex 5009.81 8338.2 599.95
vertex 4607.2 8309.210000000001 599.95
vertex 4604.860000000001 8338.2 599.95
endloop
endfacet
facet normal 0 0 -1
outer loop
vertex 5795.14 8338.2 599.95
vertex 5792.8 8309.210000000001 599.95
vertex 5378.2300000000005 8309.210000000001 599.95
endloop
endfacet
facet normal 0 0 -1
outer loop
vertex 5795.14 8338.2 599.95
vertex 5378.2300000000005 8309.210000000001 599.95
vertex 5390.1900000000005 8338.2 599.95
endloop
endfacet
facet normal 0 0 -1
outer loop
vertex 6609.85 8338.2 599.95
vertex 6621.81 8309.210000000001 599.95
vertex 6207.110000000001 8309.210000000001 599.95
endloop
endfacet
facet normal 0 0 -1
outer loop
vertex 6609.85 8338.2 599.95
vertex 6207.110000000001 8309.210000000001 599.95
vertex 6204.900000000001 8338.2 599.95
endloop
endfacet
facet normal 0 0 -1
outer loop
vertex 7395.18 8338.2 599.95
vertex 7392.84 8309.210000000001 599.95
vertex 6978.14 8309.210000000001 599.95
endloop
endfacet
facet normal 0 0 -1
outer loop
vertex 7395.18 8338.2 599.95
vertex 6978.14 8309.210000000001 599.95
vertex 6990.2300000000005 8338.2 599.95
endloop
endfacet
facet normal 0 0 -1
outer loop
vertex 4777.5 8297.9 599.95
vertex 5021.77 8309.210000000001 599.95
vertex 5038.150000000001 8282.43 599.95
endloop
endfacet
facet normal 0 0 -1
outer loop
vertex 4777.5 8297.9 599.95
vertex 5038.150000000001 8282.43 599.95
vertex 4613.05 8282.43 599.95
endloop
endfacet
facet normal 0 0 -1
outer loop
vertex 4777.5 8297.9 599.95
vertex 4613.05 8282.43 599.95
vertex 4607.33 8306.09 599.95
endloop
endfacet
facet normal 0 0 -1
outer loop
vertex 4777.5 8297.9 599.95
vertex 4607.33 8306.09 599.95
vertex 4607.2 8309.210000000001 599.95
endloop
endfacet
facet normal 0 0 -1
outer loop
vertex 4777.5 8297.9 599.95
vertex 4607.2 8309.210000000001 599.95
vertex 5021.77 8309.210000000001 599.95
endloop
endfacet
facet normal 0 0 -1
outer loop
vertex 5622.5 8297.9 599.95
vertex 5792.8 8309.210000000001 599.95
vertex 5792.67 8306.09 599.95
endloop
endfacet
facet normal 0 0 -1
outer loop
vertex 5622.5 8297.9 599.95
vertex 5792.67 8306.09 599.95
vertex 5786.95 8282.43 599.95
endloop
endfacet
facet normal 0 0 -0.9999999999999999
outer loop
vertex 5622.5 8297.9 599.95
vertex 5786.95 8282.43 599.95
vertex 5361.85 8282.43 599.95
endloop
endfacet
facet normal 0 0 -1
outer loop
vertex 5622.5 8297.9 599.95
vertex 5361.85 8282.43 599.95
vertex 5378.2300000000005 8309.210000000001 599.95
endloop
endfacet
facet normal 0 0 -1
outer loop
vertex 5622.5 8297.9 599.95
vertex 5378.2300000000005 8309.210000000001 599.95
vertex 5792.8 8309.210000000001 599.95
endloop
endfacet
facet normal 0 0 -1
outer loop
vertex 6377.54 8297.9 599.95
vertex 6621.81 8309.210000000001 599.95
vertex 6638.1900000000005 8282.43 599.95
endloop
endfacet
facet normal 0 0 -1
outer loop
vertex 6377.54 8297.9 599.95
vertex 6638.1900000000005 8282.43 599.95
vertex 6213.09 8282.43 599.95
endloop
endfacet
facet normal 0 0 -1
outer loop
vertex 6377.54 8297.9 599.95
vertex 6213.09 8282.43 599.95
vertex 6207.37 8306.09 599.95
endloop
endfacet
facet normal 0 0 -1
outer loop
vertex 6377.54 8297.9 599.95
vertex 6207.37 8306.09 599.95
vertex 6207.110000000001 8309.210000000001 599.95
endloop
endfacet
facet normal 0 0 -1
outer loop
vertex 6377.54 8297.9 599.95
vertex 6207.110000000001 8309.210000000001 599.95
vertex 6621.81 8309.210000000001 599.95
endloop
endfacet
facet normal 0 0 -1
outer loop
vertex 7222.41 8297.9 599.95
vertex 7392.84 8309.210000000001 599.95
vertex 7392.58 8306.09 599.95
endloop
endfacet
facet normal 0 0 -1
outer loop
vertex 7222.41 8297.9 599.95
vertex 7392.58 8306.09 599.95
vertex 7386.860000000001 8282.43 599.95
endloop
endfacet
facet normal 0 0 -1
outer loop
vertex 7222.41 8297.9 599.95
vertex 7386.860000000001 8282.43 599.95
vertex 6961.76 8282.43 599.95
endloop
endfacet
facet normal 0 0 -1
outer loop
vertex 7222.41 8297.9 599.95
vertex 6961.76 8282.43 599.95
vertex 6978.14 8309.210000000001 599.95
endloop
endfacet
facet normal 0 0 -1
outer loop
vertex 7222.41 8297.9 599.95
vertex 6978.14 8309.210000000001 599.95
vertex 7392.84 8309.210000000001 599.95
endloop
endfacet
facet normal 0 0 -1
outer loop
vertex 5038.150000000001 8282.43 599.95
vertex 5058.56 8258.64 599.95
vertex 4618.77 8258.64 599.95
endloop
endfacet
facet normal 0 0 -1
outer loop
vertex 5038.150000000001 8282.43 599.95
vertex 4618.77 8258.64 599.95
vertex 4613.05 8282.43 599.95
endloop
endfacet
facet normal 0 0 -1
outer loop
vertex 5786.95 8282.43 599.95
vertex 5781.2300000000005 8258.64 599.95
vertex 5341.4400000000005 8258.64 599.95
endloop
endfacet
facet normal 0 0 -1
outer loop
vertex 5786.95 8282.43 599.95
vertex 5341.4400000000005 8258.64 599.95
vertex 5361.85 8282.43 599.95
endloop
endfacet
facet normal 0 0 -1
outer loop
vertex 6638.1900000000005 8282.43 599.95
vertex 6658.6 8258.64 599.95
vertex 6218.81 8258.64 599.95
endloop
endfacet
facet normal 0 0 -1
outer loop
vertex 6638.1900000000005 8282.43 599.95
vertex 6218.81 8258.64 599.95
vertex 6213.09 8282.43 599.95
endloop
endfacet
facet normal 0 0 -1
outer loop
vertex 7386.860000000001 8282.43 599.95
vertex 7381.14 8258.64 599.95
vertex 6941.4800000000005 8258.64 599.95
endloop
endfacet
facet normal 0 0 -1
outer loop
vertex 7386.860000000001 8282.43 599.95
vertex 6941.4800000000005 8258.64 599.95
vertex 6961.76 8282.43 599.95
endloop
endfacet
facet normal 0 0 -1
outer loop
vertex 5058.56 8258.64 599.95
vertex 5082.4800000000005 8238.23 599.95
vertex 4623.71 8238.23 599.95
endloop
endfacet
facet normal 0 0 -1
outer loop
vertex 5058.56 8258.64 599.95
vertex 4623.71 8238.23 599.95
vertex 4618.77 8258.64 599.95
endloop
endfacet
facet normal 0 0 -1
outer loop
vertex 5781.2300000000005 8258.64 599.95
vertex 5776.29 8238.23 599.95
vertex 5317.52 8238.23 599.95
endloop
endfacet
facet normal 0 0 -1
outer loop
vertex 5781.2300000000005 8258.64 599.95
vertex 5317.52 8238.23 599.95
vertex 5341.4400000000005 8258.64 599.95
endloop
endfacet
facet normal 0 0 -1
outer loop
vertex 6658.6 8258.64 599.95
vertex 6682.39 8238.23 599.95
vertex 6223.75 8238.23 599.95
endloop
endfacet
facet normal 0 0 -1
outer loop
vertex 6658.6 8258.64 599.95
vertex 6223.75 8238.23 599.95
vertex 6218.81 8258.64 599.95
endloop
endfacet
facet normal 0 0 -1
outer loop
vertex 7381.14 8258.64 599.95
vertex 7376.33 8238.23 599.95
vertex 6917.56 8238.23 599.95
endloop
endfacet
facet normal 0 0 -1
outer loop
vertex 7381.14 8258.64 599.95
vertex 6917.56 8238.23 599.95
vertex 6941.4800000000005 8258.64 599.95
endloop
endfacet
facet normal 0 0 -0.9999999999999999
outer loop
vertex 5082.4800000000005 8238.23 599.95
vertex 5109.26 8221.85 599.95
vertex 4627.610000000001 8221.85 599.95
endloop
endfacet
facet normal 0 0 -1
outer loop
vertex 5082.4800000000005 8238.23 599.95
vertex 4627.610000000001 8221.85 599.95
vertex 4623.71 8238.23 599.95
endloop
endfacet
facet normal 0 0 -1
outer loop
vertex 5776.29 8238.23 599.95
vertex 5772.39 8221.85 599.95
vertex 5290.74 8221.85 599.95
endloop
endfacet
facet normal 0 0 -1
outer loop
vertex 5776.29 8238.23 599.95
vertex 5290.74 8221.85 599.95
vertex 5317.52 8238.23 599.95
endloop
endfacet
facet normal 0 0 -1
outer loop
vertex 6682.39 8238.23 599.95
vertex 6709.17 8221.85 599.95
vertex 6227.650000000001 8221.85 599.95
endloop
endfacet
facet normal 0 0 -1
outer loop
vertex 6682.39 8238.23 599.95
vertex 6227.650000000001 8221.85 599.95
vertex 6223.75 8238.23 599.95
endloop
endfacet
facet normal 0 0 -1
outer loop
vertex 7376.33 8238.23 599.95
vertex 7372.3 8221.85 599.95
vertex 6890.780000000001 8221.85 599.95
endloop
endfacet
facet normal 0 0 -1
outer loop
vertex 7376.33 8238.23 599.95
vertex 6890.780000000001 8221.85 599.95
vertex 6917.56 8238.23 599.95
endloop
endfacet
facet normal 0 0 -1
outer loop
vertex 4827.16 8215.61 599.95
vertex 5109.26 8221.85 599.95
vertex 5138.25 8209.76 599.95
endloop
endfacet
facet normal 0 0 -1
outer loop
vertex 4827.16 8215.61 599.95
vertex 5138.25 8209.76 599.95
vertex 4631.38 8209.76 599.95
endloop
endfacet
facet normal 0 0 -1
outer loop
vertex 4827.16 8215.61 599.95
vertex 4631.38 8209.76 599.95
vertex 4629.43 8214.57 599.95
endloop
endfacet
facet normal 0 0 -1
outer loop
vertex 4827.16 8215.61 599.95
vertex 4629.43 8214.57 599.95
vertex 4627.610000000001 8221.85 599.95
endloop
endfacet
facet normal 0 0 -1
outer loop
vertex 4827.16 8215.61 599.95
vertex 4627.610000000001 8221.85 599.95
vertex 5109.26 8221.85 599.95
endloop
endfacet
facet normal 0 0 -0.9999999999999999
outer loop
vertex 5572.84 8215.61 599.95
vertex 5772.39 8221.85 599.95
vertex 5770.570000000001 8214.57 599.95
endloop
endfacet
facet normal 0 0 -0.9999999999999999
outer loop
vertex 5572.84 8215.61 599.95
vertex 5770.570000000001 8214.57 599.95
vertex 5768.62 8209.76 599.95
endloop
endfacet
facet normal 0 0 -1
outer loop
vertex 5572.84 8215.61 599.95
vertex 5768.62 8209.76 599.95
vertex 5261.75 8209.76 599.95
endloop
endfacet
facet normal 0 0 -1
outer loop
vertex 5572.84 8215.61 599.95
vertex 5261.75 8209.76 599.95
vertex 5290.74 8221.85 599.95
endloop
endfacet
facet normal 0 0 -1
outer loop
vertex 5572.84 8215.61 599.95
vertex 5290.74 8221.85 599.95
vertex 5772.39 8221.85 599.95
endloop
endfacet
facet normal 0 0 -1
outer loop
vertex 6427.070000000001 8215.61 599.95
vertex 6709.17 8221.85 599.95
vertex 6738.16 8209.76 599.95
endloop
endfacet
facet normal 0 0 -1
outer loop
vertex 6427.070000000001 8215.61 599.95
vertex 6738.16 8209.76 599.95
vertex 6231.29 8209.76 599.95
endloop
endfacet
facet normal 0 0 -1
outer loop
vertex 6427.070000000001 8215.61 599.95
vertex 6231.29 8209.76 599.95
vertex 6229.34 8214.57 599.95
endloop
endfacet
facet normal 0 0 -0.9999999999999999
outer loop
vertex 6427.070000000001 8215.61 599.95
vertex 6229.34 8214.57 599.95
vertex 6227.650000000001 8221.85 599.95
endloop
endfacet
facet normal 0 0 -0.9999999999999999
outer loop
vertex 6427.070000000001 8215.61 599.95
vertex 6227.650000000001 8221.85 599.95
vertex 6709.17 8221.85 599.95
endloop
endfacet
facet normal 0 0 -0.9999999999999999
outer loop
vertex 7172.88 8215.61 599.95
vertex 7372.3 8221.85 599.95
vertex 7370.610000000001 8214.57 599.95
endloop
endfacet
facet normal 0 0 -0.9999999999999999
outer loop
vertex 7172.88 8215.61 599.95
vertex 7370.610000000001 8214.57 599.95
vertex 7368.66 8209.76 599.95
endloop
endfacet
facet normal 0 0 -1
outer loop
vertex 7172.88 8215.61 599.95
vertex 7368.66 8209.76 599.95
vertex 6861.79 8209.76 599.95
endloop
endfacet
facet normal 0 0 -1
outer loop
vertex 7172.88 8215.61 599.95
vertex 6861.79 8209.76 599.95
vertex 6890.780000000001 8221.85 599.95
endloop
endfacet
facet normal 0 0 -0.9999999999999999
outer loop
vertex 7172.88 8215.61 599.95
vertex 6890.780000000001 8221.85 599.95
vertex 7372.3 8221.85 599.95
endloop
endfacet
facet normal 0 0 -1
outer loop
vertex 5138.25 8209.76 599.95
vertex 5168.67 8202.48 599.95
vertex 4634.37 8202.48 599.95
endloop
endfacet
facet normal 0 0 -1
outer loop
vertex 5138.25 8209.76 599.95
vertex 4634.37 8202.48 599.95
vertex 4631.38 8209.76 599.95
endloop
endfacet
facet normal 0 0 -1
outer loop
vertex 5768.62 8209.76 599.95
vertex 5765.63 8202.48 599.95
vertex 5231.33 8202.48 599.95
endloop
endfacet
facet normal 0 0 -1
outer loop
vertex 5768.62 8209.76 599.95
vertex 5231.33 8202.48 599.95
vertex 5261.75 8209.76 599.95
endloop
endfacet
facet normal 0 0 -1
outer loop
vertex 6738.16 8209.76 599.95
vertex 6768.71 8202.48 599.95
vertex 6234.41 8202.48 599.95
endloop
endfacet
facet normal 0 0 -1
outer loop
vertex 6738.16 8209.76 599.95
vertex 6234.41 8202.48 599.95
vertex 6231.29 8209.76 599.95
endloop
endfacet
facet normal 0 0 -1
outer loop
vertex 7368.66 8209.76 599.95
vertex 7365.67 8202.48 599.95
vertex 6831.24 8202.48 599.95
endloop
endfacet
facet normal 0 0 -1
outer loop
vertex 7368.66 8209.76 599.95
vertex 6831.24 8202.48 599.95
vertex 6861.79 8209.76 599.95
endloop
endfacet
facet normal 0 0 -1
outer loop
vertex 5168.67 8202.48 599.95
vertex 5200 8200.01 599.95
vertex 4635.41 8200.01 599.95
endloop
endfacet
facet normal 0 0 -1
outer loop
vertex 5168.67 8202.48 599.95
vertex 4635.41 8200.01 599.95
vertex 4634.37 8202.48 599.95
endloop
endfacet
facet normal 0 0 -1
outer loop
vertex 5765.63 8202.48 599.95
vertex 5764.59 8200.01 599.95
vertex 5200 8200.01 599.95
endloop
endfacet
facet normal 0 0 -1
outer loop
vertex 5765.63 8202.48 599.95
vertex 5200 8200.01 599.95
vertex 5231.33 8202.48 599.95
endloop
endfacet
facet normal 0 0 -1
outer loop
vertex 6768.71 8202.48 599.95
vertex 6800.04 8200.01 599.95
vertex 6235.45 8200.01 599.95
endloop
endfacet
facet normal 0 0 -1
outer loop
vertex 6768.71 8202.48 599.95
vertex 6235.45 8200.01 599.95
vertex 6234.41 8202.48 599.95
endloop
endfacet
facet normal 0 0 -1
outer loop
vertex 7365.67 8202.48 599.95
vertex 7364.63 8200.01 599.95
vertex 6800.04 8200.01 599.95
endloop
endfacet
facet normal 0 0 -1
outer loop
vertex 7365.67 8202.48 599.95
vertex 6800.04 8200.01 599.95
vertex 6831.24 8202.48 599.95
endloop
endfacet
facet normal 0 0 -1
outer loop
vertex 5200 7974.2 599.95
vertex 5200 8200.01 599.95
vertex 5764.59 8200.01 599.95
endloop
endfacet
facet normal 0 0 -1
outer loop
vertex 5200 7974.2 599.95
vertex 5764.59 8200.01 599.95
vertex 5734.56 8127.6 599.95
endloop
endfacet
facet normal 0 0 -1
outer loop
vertex 5200 7974.2 599.95
vertex 5734.56 8127.6 599.95
vertex 5685.42 8047.39 599.95
endloop
endfacet
facet normal 0 0 -1
outer loop
vertex 5200 7974.2 599.95
vertex 5685.42 8047.39 599.95
vertex 5624.320000000001 7975.76 599.95
endloop
endfacet
facet normal 0 0 -1
outer loop
vertex 5200 7974.2 599.95
vertex 5624.320000000001 7975.76 599.95
vertex 5552.6900000000005 7914.530000000001 599.95
endloop
endfacet
facet normal 0 0 -1
outer loop
vertex 5200 7974.2 599.95
vertex 5552.6900000000005 7914.530000000001 599.95
vertex 5472.35 7865.39 599.95
endloop
endfacet
facet normal 0 0 -1
outer loop
vertex 5200 7974.2 599.95
vertex 5472.35 7865.39 599.95
vertex 5385.38 7829.38 599.95
endloop
endfacet
facet normal 0 0 -1
outer loop
vertex 5200 7974.2 599.95
vertex 5385.38 7829.38 599.95
vertex 5293.860000000001 7807.41 599.95
endloop
endfacet
facet normal 0 0 -1
outer loop
vertex 5200 7974.2 599.95
vertex 5293.860000000001 7807.41 599.95
vertex 5200 7800 599.95
endloop
endfacet
facet normal 0 0 -1
outer loop
vertex 5200 7974.2 599.95
vertex 5200 7800 599.95
vertex 5106.14 7807.41 599.95
endloop
endfacet
facet normal 0 0 -1
outer loop
vertex 5200 7974.2 599.95
vertex 5106.14 7807.41 599.95
vertex 5014.62 7829.38 599.95
endloop
endfacet
facet normal 0 0 -1
outer loop
vertex 5200 7974.2 599.95
vertex 5014.62 7829.38 599.95
vertex 4927.650000000001 7865.39 599.95
endloop
endfacet
facet normal 0 0 -1
outer loop
vertex 5200 7974.2 599.95
vertex 4927.650000000001 7865.39 599.95
vertex 4847.31 7914.530000000001 599.95
endloop
endfacet
facet normal 0 0 -1
outer loop
vertex 5200 7974.2 599.95
vertex 4847.31 7914.530000000001 599.95
vertex 4775.68 7975.76 599.95
endloop
endfacet
facet normal 0 0 -0.9999999999999999
outer loop
vertex 5200 7974.2 599.95
vertex 4775.68 7975.76 599.95
vertex 4714.58 8047.39 599.95
endloop
endfacet
facet normal 0 0 -1
outer loop
vertex 5200 7974.2 599.95
vertex 4714.58 8047.39 599.95
vertex 4665.4400000000005 8127.6 599.95
endloop
endfacet
facet normal 0 0 -1
outer loop
vertex 5200 7974.2 599.95
vertex 4665.4400000000005 8127.6 599.95
vertex 4635.41 8200.01 599.95
endloop
endfacet
facet normal 0 0 -1
outer loop
vertex 5200 7974.2 599.95
vertex 4635.41 8200.01 599.95
vertex 5200 8200.01 599.95
endloop
endfacet
facet normal 0 0 -1
outer loop
vertex 6800.04 7974.2 599.95
vertex 6800.04 8200.01 599.95
vertex 7364.63 8200.01 599.95
endloop
endfacet
facet normal 0 0 -1
outer loop
vertex 6800.04 7974.2 599.95
vertex 7364.63 8200.01 599.95
vertex 7334.6 8127.6 599.95
endloop
endfacet
facet normal 0 0 -1
outer loop
vertex 6800.04 7974.2 599.95
vertex 7334.6 8127.6 599.95
vertex 7285.46 8047.39 599.95
endloop
endfacet
facet normal 0 0 -1
outer loop
vertex 6800.04 7974.2 599.95
vertex 7285.46 8047.39 599.95
vertex 7224.2300000000005 7975.76 599.95
endloop
endfacet
facet normal 0 0 -1
outer loop
vertex 6800.04 7974.2 599.95
vertex 7224.2300000000005 7975.76 599.95
vertex 7152.7300000000005 7914.530000000001 599.95
endloop
endfacet
facet normal 0 0 -1
outer loop
vertex 6800.04 7974.2 599.95
vertex 7152.7300000000005 7914.530000000001 599.95
vertex 7072.39 7865.39 599.95
endloop
endfacet
facet normal 0 0 -1
outer loop
vertex 6800.04 7974.2 599.95
vertex 7072.39 7865.39 599.95
vertex 6985.42 7829.38 599.95
endloop
endfacet
facet normal 0 0 -1
outer loop
vertex 6800.04 7974.2 599.95
vertex 6985.42 7829.38 599.95
vertex 6893.900000000001 7807.41 599.95
endloop
endfacet
facet normal 0 0 -1
outer loop
vertex 6800.04 7974.2 599.95
vertex 6893.900000000001 7807.41 599.95
vertex 6800.04 7800 599.95
endloop
endfacet
facet normal 0 0 -1
outer loop
vertex 6800.04 7974.2 599.95
vertex 6800.04 7800 599.95
vertex 6706.18 7807.41 599.95
endloop
endfacet
facet normal 0 0 -1
outer loop
vertex 6800.04 7974.2 599.95
vertex 6706.18 7807.41 599.95
vertex 6614.530000000001 7829.38 599.95
endloop
endfacet
facet normal 0 0 -1
outer loop
vertex 6800.04 7974.2 599.95
vertex 6614.530000000001 7829.38 599.95
vertex 6527.56 7865.39 599.95
endloop
endfacet
facet normal 0 0 -1
outer loop
vertex 6800.04 7974.2 599.95
vertex 6527.56 7865.39 599.95
vertex 6447.35 7914.530000000001 599.95
endloop
endfacet
facet normal 0 0 -1
outer loop
vertex 6800.04 7974.2 599.95
vertex 6447.35 7914.530000000001 599.95
vertex 6375.72 7975.76 599.95
endloop
endfacet
facet normal 0 0 -0.9999999999999999
outer loop
vertex 6800.04 7974.2 599.95
vertex 6375.72 7975.76 599.95
vertex 6314.62 8047.39 599.95
endloop
endfacet
facet normal 0 0 -1
outer loop
vertex 6800.04 7974.2 599.95
vertex 6314.62 8047.39 599.95
vertex 6265.35 8127.6 599.95
endloop
endfacet
facet normal 0 0 -1
outer loop
vertex 6800.04 7974.2 599.95
vertex 6265.35 8127.6 599.95
vertex 6235.45 8200.01 599.95
endloop
endfacet
facet normal 0 0 -1
outer loop
vertex 6800.04 7974.2 599.95
vertex 6235.45 8200.01 599.95
vertex 6800.04 8200.01 599.95
endloop
endfacet
facet normal 0.6323359436049082 -0.7746942974007817 0
outer loop
vertex 3488.94 10166.26 199.94
vertex 3488.94 10166.26 599.95
vertex 3458.52 10141.43 599.95
endloop
endfacet
facet normal 0.6323359436049082 -0.7746942974007817 0
outer loop
vertex 3488.94 10166.26 199.94
vertex 3458.52 10141.43 599.95
vertex 3458.52 10141.43 199.94
endloop
endfacet
facet normal 0.7733654271742612 -0.6339605003875025 0
outer loop
vertex 3458.52 10141.43 199.94
vertex 3458.52 10141.43 599.95
vertex 3433.69 10111.140000000001 599.95
endloop
endfacet
facet normal 0.7733654271742612 -0.6339605003875025 0
outer loop
vertex 3458.52 10141.43 199.94
vertex 3433.69 10111.140000000001 599.95
vertex 3433.69 10111.140000000001 199.94
endloop
endfacet
facet normal 0.8821692656664153 -0.4709324651301688 0
outer loop
vertex 3433.69 10111.140000000001 199.94
vertex 3433.69 10111.140000000001 599.95
vertex 3415.23 10076.56 599.95
endloop
endfacet
facet normal 0.8821692656664153 -0.4709324651301688 0
outer loop
vertex 3433.69 10111.140000000001 199.94
vertex 3415.23 10076.56 599.95
vertex 3415.23 10076.56 199.94
endloop
endfacet
facet normal 0.9566337830211142 -0.29129333185418377 0
outer loop
vertex 3415.23 10076.56 199.94
vertex 3415.23 10076.56 599.95
vertex 3403.79 10038.99 599.95
endloop
endfacet
facet normal 0.9566337830211142 -0.29129333185418377 0
outer loop
vertex 3415.23 10076.56 199.94
vertex 3403.79 10038.99 599.95
vertex 3403.79 10038.99 199.94
endloop
endfacet
facet normal 0.9953602693534084 -0.096218159370829 0
outer loop
vertex 3403.79 10038.99 199.94
vertex 3403.79 10038.99 599.95
vertex 3400.02 9999.99 599.95
endloop
endfacet
facet normal 0.9953602693534084 -0.096218159370829 0
outer loop
vertex 3403.79 10038.99 199.94
vertex 3400.02 9999.99 599.95
vertex 3400.02 9999.99 199.94
endloop
endfacet
facet normal 0.9953602693534084 0.096218159370829 0
outer loop
vertex 3400.02 9999.99 199.94
vertex 3400.02 9999.99 599.95
vertex 3403.79 9960.99 599.95
endloop
endfacet
facet normal 0.9953602693534084 0.096218159370829 0
outer loop
vertex 3400.02 9999.99 199.94
vertex 3403.79 9960.99 599.95
vertex 3403.79 9960.99 199.94
endloop
endfacet
facet normal 0.9566337830211142 0.29129333185418377 0
outer loop
vertex 3403.79 9960.99 199.94
vertex 3403.79 9960.99 599.95
vertex 3415.23 9923.42 599.95
endloop
endfacet
facet normal 0.9566337830211142 0.29129333185418377 0
outer loop
vertex 3403.79 9960.99 199.94
vertex 3415.23 9923.42 599.95
vertex 3415.23 9923.42 199.94
endloop
endfacet
facet normal 0.8821692656664049 0.470932465130188 0
outer loop
vertex 3415.23 9923.42 199.94
vertex 3415.23 9923.42 599.95
vertex 3433.69 9888.84 599.95
endloop
endfacet
facet normal 0.8821692656664049 0.470932465130188 0
outer loop
vertex 3415.23 9923.42 199.94
vertex 3433.69 9888.84 599.95
vertex 3433.69 9888.84 199.94
endloop
endfacet
facet normal 0.7733654271742612 0.6339605003875025 0
outer loop
vertex 3433.69 9888.84 199.94
vertex 3433.69 9888.84 599.95
vertex 3458.52 9858.550000000001 599.95
endloop
endfacet
facet normal 0.7733654271742612 0.6339605003875025 0
outer loop
vertex 3433.69 9888.84 199.94
vertex 3458.52 9858.550000000001 599.95
vertex 3458.52 9858.550000000001 199.94
endloop
endfacet
facet normal 0.6323359436049082 0.7746942974007817 0
outer loop
vertex 3458.52 9858.550000000001 199.94
vertex 3458.52 9858.550000000001 599.95
vertex 3488.94 9833.720000000001 599.95
endloop
endfacet
facet normal 0.6323359436049082 0.7746942974007817 0
outer loop
vertex 3458.52 9858.550000000001 199.94
vertex 3488.94 9833.720000000001 599.95
vertex 3488.94 9833.720000000001 199.94
endloop
endfacet
facet normal 0.47594979669201554 -0.8794724504092378 0
outer loop
vertex 3499.9900000000002 10172.24 199.94
vertex 3499.9900000000002 10172.24 599.95
vertex 3488.94 10166.26 599.95
endloop
endfacet
facet normal 0.47594979669201554 -0.8794724504092378 0
outer loop
vertex 3499.9900000000002 10172.24 199.94
vertex 3488.94 10166.26 599.95
vertex 3488.94 10166.26 199.94
endloop
endfacet
facet normal 0.4759497966921275 0.8794724504091772 0
outer loop
vertex 3499.9900000000002 9827.74 199.94
vertex 3488.94 9833.720000000001 199.94
vertex 3488.94 9833.720000000001 599.95
endloop
endfacet
facet normal 0.4759497966921275 0.8794724504091772 0
outer loop
vertex 3499.9900000000002 9827.74 199.94
vertex 3488.94 9833.720000000001 599.95
vertex 3499.9900000000002 9827.74 599.95
endloop
endfacet
facet normal 1 0 0
outer loop
vertex 3499.9900000000002 10172.24 599.95
vertex 3499.9900000000002 10172.24 199.94
vertex 3499.9900000000002 10200.06 199.94
endloop
endfacet
facet normal 1 0 0
outer loop
vertex 3499.9900000000002 10172.24 599.95
vertex 3499.9900000000002 10200.06 199.94
vertex 3499.9900000000002 10200.06 599.95
endloop
endfacet
facet normal 0.9999999999999999 0 0
outer loop
vertex 3499.9900000000002 9800.050000000001 599.95
vertex 3499.9900000000002 9800.050000000001 199.94
vertex 3499.9900000000002 9827.74 199.94
endloop
endfacet
facet normal 0.9999999999999999 0 0
outer loop
vertex 3499.9900000000002 9800.050000000001 599.95
vertex 3499.9900000000002 9827.74 199.94
vertex 3499.9900000000002 9827.74 599.95
endloop
endfacet
facet normal -0.07733007010828455 0.9970055467534008 0
outer loop
vertex 3693.82 9807.33 599.95
vertex 3693.82 9807.33 199.94
vertex 3599.96 9800.050000000001 199.94
endloop
endfacet
facet normal -0.07733007010828455 0.9970055467534008 0
outer loop
vertex 3693.82 9807.33 599.95
vertex 3599.96 9800.050000000001 199.94
vertex 3599.96 9800.050000000001 599.95
endloop
endfacet
facet normal -0.23441587183832419 0.9721364096824471 0
outer loop
vertex 3785.4700000000003 9829.43 599.95
vertex 3785.4700000000003 9829.43 199.94
vertex 3693.82 9807.33 199.94
endloop
endfacet
facet normal -0.23441587183832419 0.9721364096824471 0
outer loop
vertex 3785.4700000000003 9829.43 599.95
vertex 3693.82 9807.33 199.94
vertex 3693.82 9807.33 599.95
endloop
endfacet
facet normal -0.3825550875001537 0.9239326842512661 0
outer loop
vertex 3872.44 9865.44 599.95
vertex 3872.44 9865.44 199.94
vertex 3785.4700000000003 9829.43 199.94
endloop
endfacet
facet normal -0.3825550875001537 0.9239326842512661 0
outer loop
vertex 3872.44 9865.44 599.95
vertex 3785.4700000000003 9829.43 199.94
vertex 3785.4700000000003 9829.43 599.95
endloop
endfacet
facet normal -0.522400012451838 0.852700549425365 0
outer loop
vertex 3952.65 9914.58 599.95
vertex 3952.65 9914.58 199.94
vertex 3872.44 9865.44 199.94
endloop
endfacet
facet normal -0.522400012451838 0.852700549425365 0
outer loop
vertex 3952.65 9914.58 599.95
vertex 3872.44 9865.44 199.94
vertex 3872.44 9865.44 599.95
endloop
endfacet
facet normal -0.6489701144230631 0.7608139001002258 0
outer loop
vertex 4024.28 9975.68 599.95
vertex 4024.28 9975.68 199.94
vertex 3952.65 9914.58 199.94
endloop
endfacet
facet normal -0.6489701144230631 0.7608139001002258 0
outer loop
vertex 4024.28 9975.68 599.95
vertex 3952.65 9914.58 199.94
vertex 3952.65 9914.58 599.95
endloop
endfacet
facet normal -0.7608139001002241 0.648970114423065 0
outer loop
vertex 4085.38 10047.31 599.95
vertex 4085.38 10047.31 199.94
vertex 4024.28 9975.68 199.94
endloop
endfacet
facet normal -0.7608139001002241 0.648970114423065 0
outer loop
vertex 4085.38 10047.31 599.95
vertex 4024.28 9975.68 199.94
vertex 4024.28 9975.68 599.95
endloop
endfacet
facet normal -0.8524624487102314 0.5227884596459222 0
outer loop
vertex 4134.650000000001 10127.65 599.95
vertex 4134.650000000001 10127.65 199.94
vertex 4085.38 10047.31 199.94
endloop
endfacet
facet normal -0.8524624487102314 0.5227884596459222 0
outer loop
vertex 4134.650000000001 10127.65 599.95
vertex 4085.38 10047.31 199.94
vertex 4085.38 10047.31 599.95
endloop
endfacet
facet normal -0.9239326842512717 0.3825550875001404 0
outer loop
vertex 4170.66 10214.62 599.95
vertex 4170.66 10214.62 199.94
vertex 4134.650000000001 10127.65 199.94
endloop
endfacet
facet normal -0.9239326842512717 0.3825550875001404 0
outer loop
vertex 4170.66 10214.62 599.95
vertex 4134.650000000001 10127.65 199.94
vertex 4134.650000000001 10127.65 599.95
endloop
endfacet
facet normal -0.9723747630811983 0.23342519170557335 0
outer loop
vertex 4192.63 10306.140000000001 599.95
vertex 4192.63 10306.140000000001 199.94
vertex 4170.66 10214.62 199.94
endloop
endfacet
facet normal -0.9723747630811983 0.23342519170557335 0
outer loop
vertex 4192.63 10306.140000000001 599.95
vertex 4170.66 10214.62 199.94
vertex 4170.66 10214.62 599.95
endloop
endfacet
facet normal -0.9968981486534686 0.07870248542001018 0
outer loop
vertex 4200.04 10400 599.95
vertex 4200.04 10400 199.94
vertex 4192.63 10306.140000000001 199.94
endloop
endfacet
facet normal -0.9968981486534686 0.07870248542001018 0
outer loop
vertex 4200.04 10400 599.95
vertex 4192.63 10306.140000000001 199.94
vertex 4192.63 10306.140000000001 599.95
endloop
endfacet
facet normal 0.9969066834764632 -0.07859430284670041 0
outer loop
vertex 3797.56 10368.67 599.95
vertex 3797.56 10368.67 199.94
vertex 3800.03 10400 199.94
endloop
endfacet
facet normal 0.9969066834764632 -0.07859430284670041 0
outer loop
vertex 3797.56 10368.67 599.95
vertex 3800.03 10400 199.94
vertex 3800.03 10400 599.95
endloop
endfacet
facet normal 0.9715902363017865 -0.23666941653504533 0
outer loop
vertex 3790.15 10338.25 599.95
vertex 3790.15 10338.25 199.94
vertex 3797.56 10368.67 199.94
endloop
endfacet
facet normal 0.9715902363017865 -0.23666941653504533 0
outer loop
vertex 3790.15 10338.25 599.95
vertex 3797.56 10368.67 199.94
vertex 3797.56 10368.67 599.95
endloop
endfacet
facet normal 0.9244203335627806 -0.38137520487792254 0
outer loop
vertex 3778.19 10309.26 599.95
vertex 3778.19 10309.26 199.94
vertex 3790.15 10338.25 199.94
endloop
endfacet
facet normal 0.9244203335627806 -0.38137520487792254 0
outer loop
vertex 3778.19 10309.26 599.95
vertex 3790.15 10338.25 199.94
vertex 3790.15 10338.25 599.95
endloop
endfacet
facet normal 0.8530770368414116 -0.5217849836991065 0
outer loop
vertex 3761.81 10282.48 599.95
vertex 3761.81 10282.48 199.94
vertex 3778.19 10309.26 199.94
endloop
endfacet
facet normal 0.8530770368414116 -0.5217849836991065 0
outer loop
vertex 3761.81 10282.48 599.95
vertex 3778.19 10309.26 199.94
vertex 3778.19 10309.26 599.95
endloop
endfacet
facet normal 0.7607138637022841 -0.6490873728329205 0
outer loop
vertex 3741.4 10258.56 599.95
vertex 3741.4 10258.56 199.94
vertex 3761.81 10282.48 199.94
endloop
endfacet
facet normal 0.7607138637022841 -0.6490873728329205 0
outer loop
vertex 3741.4 10258.56 599.95
vertex 3761.81 10282.48 199.94
vertex 3761.81 10282.48 599.95
endloop
endfacet
facet normal 0.6511328535048819 -0.7589637719197075 0
outer loop
vertex 3717.61 10238.15 599.95
vertex 3717.61 10238.15 199.94
vertex 3741.4 10258.56 199.94
endloop
endfacet
facet normal 0.6511328535048819 -0.7589637719197075 0
outer loop
vertex 3717.61 10238.15 599.95
vertex 3741.4 10258.56 199.94
vertex 3741.4 10258.56 599.95
endloop
endfacet
facet normal 0.521784983699092 -0.8530770368414206 0
outer loop
vertex 3690.83 10221.77 599.95
vertex 3690.83 10221.77 199.94
vertex 3717.61 10238.15 199.94
endloop
endfacet
facet normal 0.521784983699092 -0.8530770368414206 0
outer loop
vertex 3690.83 10221.77 599.95
vertex 3717.61 10238.15 199.94
vertex 3717.61 10238.15 599.95
endloop
endfacet
facet normal 0.3813752048779473 -0.9244203335627704 0
outer loop
vertex 3661.84 10209.81 599.95
vertex 3661.84 10209.81 199.94
vertex 3690.83 10221.77 199.94
endloop
endfacet
facet normal 0.3813752048779473 -0.9244203335627704 0
outer loop
vertex 3661.84 10209.81 599.95
vertex 3690.83 10221.77 199.94
vertex 3690.83 10221.77 599.95
endloop
endfacet
facet normal 0.23571838340396975 -0.9718214052620054 0
outer loop
vertex 3631.29 10202.4 599.95
vertex 3631.29 10202.4 199.94
vertex 3661.84 10209.81 199.94
endloop
endfacet
facet normal 0.23571838340396975 -0.9718214052620054 0
outer loop
vertex 3631.29 10202.4 599.95
vertex 3661.84 10209.81 199.94
vertex 3661.84 10209.81 599.95
endloop
endfacet
facet normal 0.074481341628863 -0.9972224073641569 0
outer loop
vertex 3599.96 10200.06 599.95
vertex 3599.96 10200.06 199.94
vertex 3631.29 10202.4 199.94
endloop
endfacet
facet normal 0.074481341628863 -0.9972224073641569 0
outer loop
vertex 3599.96 10200.06 599.95
vertex 3631.29 10202.4 199.94
vertex 3631.29 10202.4 599.95
endloop
endfacet
facet normal -1 0 0
outer loop
vertex 4200.04 10400 599.95
vertex 4200.04 11600.03 599.95
vertex 4200.04 11600.03 199.94
endloop
endfacet
facet normal -1 0 0
outer loop
vertex 4200.04 10400 599.95
vertex 4200.04 11600.03 199.94
vertex 4200.04 10400 199.94
endloop
endfacet
facet normal 1 0 0
outer loop
vertex 3800.03 11600.03 199.94
vertex 3800.03 11600.03 599.95
vertex 3800.03 10400 599.95
endloop
endfacet
facet normal 1 0 0
outer loop
vertex 3800.03 11600.03 199.94
vertex 3800.03 10400 599.95
vertex 3800.03 10400 199.94
endloop
endfacet
facet normal -0.9968809728632059 0.0789197436850147 0
outer loop
vertex 4202.51 11631.23 599.95
vertex 4202.51 11631.23 199.94
vertex 4200.04 11600.03 199.94
endloop
endfacet
facet normal -0.9968809728632059 0.0789197436850147 0
outer loop
vertex 4202.51 11631.23 599.95
vertex 4200.04 11600.03 199.94
vertex 4200.04 11600.03 599.95
endloop
endfacet
facet normal -0.9727617825102878 0.23180706306626492 0
outer loop
vertex 4209.79 11661.78 599.95
vertex 4209.79 11661.78 199.94
vertex 4202.51 11631.23 199.94
endloop
endfacet
facet normal -0.9727617825102878 0.23180706306626492 0
outer loop
vertex 4209.79 11661.78 599.95
vertex 4202.51 11631.23 199.94
vertex 4202.51 11631.23 599.95
endloop
endfacet
facet normal -0.9244203335627806 0.38137520487792254 0
outer loop
vertex 4221.75 11690.77 599.95
vertex 4221.75 11690.77 199.94
vertex 4209.79 11661.78 199.94
endloop
endfacet
facet normal -0.9244203335627806 0.38137520487792254 0
outer loop
vertex 4221.75 11690.77 599.95
vertex 4209.79 11661.78 199.94
vertex 4209.79 11661.78 599.95
endloop
endfacet
facet normal -0.851232401912712 0.5247889079753069 0
outer loop
vertex 4238.26 11717.550000000001 599.95
vertex 4238.26 11717.550000000001 199.94
vertex 4221.75 11690.77 199.94
endloop
endfacet
facet normal -0.851232401912712 0.5247889079753069 0
outer loop
vertex 4238.26 11717.550000000001 599.95
vertex 4221.75 11690.77 199.94
vertex 4221.75 11690.77 599.95
endloop
endfacet
facet normal -0.7627569634671171 0.6466852516351543 0
outer loop
vertex 4258.54 11741.470000000001 599.95
vertex 4258.54 11741.470000000001 199.94
vertex 4238.26 11717.550000000001 199.94
endloop
endfacet
facet normal -0.7627569634671171 0.6466852516351543 0
outer loop
vertex 4258.54 11741.470000000001 599.95
vertex 4238.26 11717.550000000001 199.94
vertex 4238.26 11717.550000000001 599.95
endloop
endfacet
facet normal -0.6466852516351376 0.7627569634671314 0
outer loop
vertex 4282.46 11761.75 599.95
vertex 4282.46 11761.75 199.94
vertex 4258.54 11741.470000000001 199.94
endloop
endfacet
facet normal -0.6466852516351376 0.7627569634671314 0
outer loop
vertex 4282.46 11761.75 599.95
vertex 4258.54 11741.470000000001 199.94
vertex 4258.54 11741.470000000001 599.95
endloop
endfacet
facet normal -0.5247889079753197 0.851232401912704 0
outer loop
vertex 4309.24 11778.26 599.95
vertex 4309.24 11778.26 199.94
vertex 4282.46 11761.75 199.94
endloop
endfacet
facet normal -0.5247889079753197 0.851232401912704 0
outer loop
vertex 4309.24 11778.26 599.95
vertex 4282.46 11761.75 199.94
vertex 4282.46 11761.75 599.95
endloop
endfacet
facet normal -0.38137520487793714 0.9244203335627748 0
outer loop
vertex 4338.2300000000005 11790.220000000001 599.95
vertex 4338.2300000000005 11790.220000000001 199.94
vertex 4309.24 11778.26 199.94
endloop
endfacet
facet normal -0.38137520487793714 0.9244203335627748 0
outer loop
vertex 4338.2300000000005 11790.220000000001 599.95
vertex 4309.24 11778.26 199.94
vertex 4309.24 11778.26 599.95
endloop
endfacet
facet normal -0.23274413737626296 0.9725380026081138 0
outer loop
vertex 4368.650000000001 11797.5 599.95
vertex 4368.650000000001 11797.5 199.94
vertex 4338.2300000000005 11790.220000000001 199.94
endloop
endfacet
facet normal -0.23274413737626296 0.9725380026081138 0
outer loop
vertex 4368.650000000001 11797.5 599.95
vertex 4338.2300000000005 11790.220000000001 199.94
vertex 4338.2300000000005 11790.220000000001 599.95
endloop
endfacet
facet normal -0.07859430284672916 0.9969066834764609 0
outer loop
vertex 4399.9800000000005 11799.970000000001 599.95
vertex 4399.9800000000005 11799.970000000001 199.94
vertex 4368.650000000001 11797.5 199.94
endloop
endfacet
facet normal -0.07859430284672916 0.9969066834764609 0
outer loop
vertex 4399.9800000000005 11799.970000000001 599.95
vertex 4368.650000000001 11797.5 199.94
vertex 4368.650000000001 11797.5 599.95
endloop
endfacet
facet normal 0.07870248542000866 -0.9968981486534686 0
outer loop
vertex 4306.12 12192.57 599.95
vertex 4306.12 12192.57 199.94
vertex 4399.9800000000005 12199.98 199.94
endloop
endfacet
facet normal 0.07870248542000866 -0.9968981486534686 0
outer loop
vertex 4306.12 12192.57 599.95
vertex 4399.9800000000005 12199.98 199.94
vertex 4399.9800000000005 12199.98 599.95
endloop
endfacet
facet normal 0.2334251917055664 -0.9723747630811999 0
outer loop
vertex 4214.6 12170.6 599.95
vertex 4214.6 12170.6 199.94
vertex 4306.12 12192.57 199.94
endloop
endfacet
facet normal 0.2334251917055664 -0.9723747630811999 0
outer loop
vertex 4214.6 12170.6 599.95
vertex 4306.12 12192.57 199.94
vertex 4306.12 12192.57 599.95
endloop
endfacet
facet normal 0.3825550875001521 -0.9239326842512668 0
outer loop
vertex 4127.63 12134.59 599.95
vertex 4127.63 12134.59 199.94
vertex 4214.6 12170.6 199.94
endloop
endfacet
facet normal 0.3825550875001521 -0.9239326842512668 0
outer loop
vertex 4127.63 12134.59 599.95
vertex 4214.6 12170.6 199.94
vertex 4214.6 12170.6 599.95
endloop
endfacet
facet normal 0.5217849836991082 -0.8530770368414107 0
outer loop
vertex 4047.29 12085.45 599.95
vertex 4047.29 12085.45 199.94
vertex 4127.63 12134.59 199.94
endloop
endfacet
facet normal 0.5217849836991082 -0.8530770368414107 0
outer loop
vertex 4047.29 12085.45 599.95
vertex 4127.63 12134.59 199.94
vertex 4127.63 12134.59 599.95
endloop
endfacet
facet normal 0.6504501199737777 -0.7595489723685356 0
outer loop
vertex 3975.79 12024.220000000001 599.95
vertex 3975.79 12024.220000000001 199.94
vertex 4047.29 12085.45 199.94
endloop
endfacet
facet normal 0.6504501199737777 -0.7595489723685356 0
outer loop
vertex 3975.79 12024.220000000001 599.95
vertex 4047.29 12085.45 199.94
vertex 4047.29 12085.45 599.95
endloop
endfacet
facet normal 0.759548972368533 -0.6504501199737803 0
outer loop
vertex 3914.56 11952.720000000001 599.95
vertex 3914.56 11952.720000000001 199.94
vertex 3975.79 12024.220000000001 199.94
endloop
endfacet
facet normal 0.759548972368533 -0.6504501199737803 0
outer loop
vertex 3914.56 11952.720000000001 599.95
vertex 3975.79 12024.220000000001 199.94
vertex 3975.79 12024.220000000001 599.95
endloop
endfacet
facet normal 0.8530770368414085 -0.5217849836991115 0
outer loop
vertex 3865.42 11872.380000000001 599.95
vertex 3865.42 11872.380000000001 199.94
vertex 3914.56 11952.720000000001 199.94
endloop
endfacet
facet normal 0.8530770368414085 -0.5217849836991115 0
outer loop
vertex 3865.42 11872.380000000001 599.95
vertex 3914.56 11952.720000000001 199.94
vertex 3914.56 11952.720000000001 599.95
endloop
endfacet
facet normal 0.92393268425127 -0.3825550875001445 0
outer loop
vertex 3829.4100000000003 11785.41 599.95
vertex 3829.4100000000003 11785.41 199.94
vertex 3865.42 11872.380000000001 199.94
endloop
endfacet
facet normal 0.92393268425127 -0.3825550875001445 0
outer loop
vertex 3829.4100000000003 11785.41 599.95
vertex 3865.42 11872.380000000001 199.94
vertex 3865.42 11872.380000000001 599.95
endloop
endfacet
facet normal 0.9723747630811972 -0.23342519170557774 0
outer loop
vertex 3807.44 11693.890000000001 599.95
vertex 3807.44 11693.890000000001 199.94
vertex 3829.4100000000003 11785.41 199.94
endloop
endfacet
facet normal 0.9723747630811972 -0.23342519170557774 0
outer loop
vertex 3807.44 11693.890000000001 599.95
vertex 3829.4100000000003 11785.41 199.94
vertex 3829.4100000000003 11785.41 599.95
endloop
endfacet
facet normal 0.9968981486534686 -0.07870248542000866 0
outer loop
vertex 3800.03 11600.03 599.95
vertex 3800.03 11600.03 199.94
vertex 3807.44 11693.890000000001 199.94
endloop
endfacet
facet normal 0.9968981486534686 -0.07870248542000866 0
outer loop
vertex 3800.03 11600.03 599.95
vertex 3807.44 11693.890000000001 199.94
vertex 3807.44 11693.890000000001 599.95
endloop
endfacet
facet normal 0.07859430284672916 0.9969066834764609 0
outer loop
vertex 4431.31 11797.5 599.95
vertex 4431.31 11797.5 199.94
vertex 4399.9800000000005 11799.970000000001 199.94
endloop
endfacet
facet normal 0.07859430284672916 0.9969066834764609 0
outer loop
vertex 4431.31 11797.5 599.95
vertex 4399.9800000000005 11799.970000000001 199.94
vertex 4399.9800000000005 11799.970000000001 599.95
endloop
endfacet
facet normal 0.2318070630662441 0.9727617825102929 0
outer loop
vertex 4461.860000000001 11790.220000000001 599.95
vertex 4461.860000000001 11790.220000000001 199.94
vertex 4431.31 11797.5 199.94
endloop
endfacet
facet normal 0.2318070630662441 0.9727617825102929 0
outer loop
vertex 4461.860000000001 11790.220000000001 599.95
vertex 4431.31 11797.5 199.94
vertex 4431.31 11797.5 599.95
endloop
endfacet
facet normal 0.3813752048779473 0.9244203335627704 0
outer loop
vertex 4490.85 11778.26 599.95
vertex 4490.85 11778.26 199.94
vertex 4461.860000000001 11790.220000000001 199.94
endloop
endfacet
facet normal 0.3813752048779473 0.9244203335627704 0
outer loop
vertex 4490.85 11778.26 599.95
vertex 4461.860000000001 11790.220000000001 199.94
vertex 4461.860000000001 11790.220000000001 599.95
endloop
endfacet
facet normal 0.5266401004205078 0.8500883510724504 0
outer loop
vertex 4517.5 11761.75 599.95
vertex 4517.5 11761.75 199.94
vertex 4490.85 11778.26 199.94
endloop
endfacet
facet normal 0.5266401004205078 0.8500883510724504 0
outer loop
vertex 4517.5 11761.75 599.95
vertex 4490.85 11778.26 199.94
vertex 4490.85 11778.26 599.95
endloop
endfacet
facet normal 0.6466852516351376 0.7627569634671314 0
outer loop
vertex 4541.42 11741.470000000001 599.95
vertex 4541.42 11741.470000000001 199.94
vertex 4517.5 11761.75 199.94
endloop
endfacet
facet normal 0.6466852516351376 0.7627569634671314 0
outer loop
vertex 4541.42 11741.470000000001 599.95
vertex 4517.5 11761.75 199.94
vertex 4517.5 11761.75 599.95
endloop
endfacet
facet normal 0.7607138637022841 0.6490873728329205 0
outer loop
vertex 4561.83 11717.550000000001 599.95
vertex 4561.83 11717.550000000001 199.94
vertex 4541.42 11741.470000000001 199.94
endloop
endfacet
facet normal 0.7607138637022841 0.6490873728329205 0
outer loop
vertex 4561.83 11717.550000000001 599.95
vertex 4541.42 11741.470000000001 199.94
vertex 4541.42 11741.470000000001 599.95
endloop
endfacet
facet normal 0.8530770368414116 0.5217849836991065 0
outer loop
vertex 4578.21 11690.77 599.95
vertex 4578.21 11690.77 199.94
vertex 4561.83 11717.550000000001 199.94
endloop
endfacet
facet normal 0.8530770368414116 0.5217849836991065 0
outer loop
vertex 4578.21 11690.77 599.95
vertex 4561.83 11717.550000000001 199.94
vertex 4561.83 11717.550000000001 599.95
endloop
endfacet
facet normal 0.9244203335627806 0.38137520487792254 0
outer loop
vertex 4590.17 11661.78 599.95
vertex 4590.17 11661.78 199.94
vertex 4578.21 11690.77 199.94
endloop
endfacet
facet normal 0.9244203335627806 0.38137520487792254 0
outer loop
vertex 4590.17 11661.78 599.95
vertex 4578.21 11690.77 199.94
vertex 4578.21 11690.77 599.95
endloop
endfacet
facet normal 0.9718214052620071 0.23571838340396312 0
outer loop
vertex 4597.58 11631.23 599.95
vertex 4597.58 11631.23 199.94
vertex 4590.17 11661.78 199.94
endloop
endfacet
facet normal 0.9718214052620071 0.23571838340396312 0
outer loop
vertex 4597.58 11631.23 599.95
vertex 4590.17 11661.78 199.94
vertex 4590.17 11661.78 599.95
endloop
endfacet
facet normal 0.9968809728632059 0.0789197436850147 0
outer loop
vertex 4600.05 11600.03 599.95
vertex 4600.05 11600.03 199.94
vertex 4597.58 11631.23 199.94
endloop
endfacet
facet normal 0.9968809728632059 0.0789197436850147 0
outer loop
vertex 4600.05 11600.03 599.95
vertex 4597.58 11631.23 199.94
vertex 4597.58 11631.23 599.95
endloop
endfacet
facet normal -0.9968981486534686 -0.07870248542000866 0
outer loop
vertex 4992.650000000001 11693.890000000001 599.95
vertex 4992.650000000001 11693.890000000001 199.94
vertex 5000.06 11600.03 199.94
endloop
endfacet
facet normal -0.9968981486534686 -0.07870248542000866 0
outer loop
vertex 4992.650000000001 11693.890000000001 599.95
vertex 5000.06 11600.03 199.94
vertex 5000.06 11600.03 599.95
endloop
endfacet
facet normal -0.9723747630811972 -0.23342519170557774 0
outer loop
vertex 4970.68 11785.41 599.95
vertex 4970.68 11785.41 199.94
vertex 4992.650000000001 11693.890000000001 199.94
endloop
endfacet
facet normal -0.9723747630811972 -0.23342519170557774 0
outer loop
vertex 4970.68 11785.41 599.95
vertex 4992.650000000001 11693.890000000001 199.94
vertex 4992.650000000001 11693.890000000001 599.95
endloop
endfacet
facet normal -0.9234440463937758 -0.3837331014909844 0
outer loop
vertex 4934.54 11872.380000000001 599.95
vertex 4934.54 11872.380000000001 199.94
vertex 4970.68 11785.41 199.94
endloop
endfacet
facet normal -0.9234440463937758 -0.3837331014909844 0
outer loop
vertex 4934.54 11872.380000000001 599.95
vertex 4970.68 11785.41 199.94
vertex 4970.68 11785.41 599.95
endloop
endfacet
facet normal -0.8530770368414107 -0.5217849836991082 0
outer loop
vertex 4885.400000000001 11952.720000000001 599.95
vertex 4885.400000000001 11952.720000000001 199.94
vertex 4934.54 11872.380000000001 199.94
endloop
endfacet
facet normal -0.8530770368414107 -0.5217849836991082 0
outer loop
vertex 4885.400000000001 11952.720000000001 599.95
vertex 4934.54 11872.380000000001 199.94
vertex 4934.54 11872.380000000001 599.95
endloop
endfacet
facet normal -0.7602314471705947 -0.6496523275821484 0
outer loop
vertex 4824.3 12024.220000000001 599.95
vertex 4824.3 12024.220000000001 199.94
vertex 4885.400000000001 11952.720000000001 199.94
endloop
endfacet
facet normal -0.7602314471705947 -0.6496523275821484 0
outer loop
vertex 4824.3 12024.220000000001 599.95
vertex 4885.400000000001 11952.720000000001 199.94
vertex 4885.400000000001 11952.720000000001 599.95
endloop
endfacet
facet normal -0.6497682929360598 -0.7601323341990912 0
outer loop
vertex 4752.67 12085.45 599.95
vertex 4752.67 12085.45 199.94
vertex 4824.3 12024.220000000001 199.94
endloop
endfacet
facet normal -0.6497682929360598 -0.7601323341990912 0
outer loop
vertex 4752.67 12085.45 599.95
vertex 4824.3 12024.220000000001 199.94
vertex 4824.3 12024.220000000001 599.95
endloop
endfacet
facet normal -0.5217849836991082 -0.8530770368414107 0
outer loop
vertex 4672.33 12134.59 599.95
vertex 4672.33 12134.59 199.94
vertex 4752.67 12085.45 199.94
endloop
endfacet
facet normal -0.5217849836991082 -0.8530770368414107 0
outer loop
vertex 4672.33 12134.59 599.95
vertex 4752.67 12085.45 199.94
vertex 4752.67 12085.45 599.95
endloop
endfacet
facet normal -0.38255508750015543 -0.9239326842512654 0
outer loop
vertex 4585.360000000001 12170.6 599.95
vertex 4585.360000000001 12170.6 199.94
vertex 4672.33 12134.59 199.94
endloop
endfacet
facet normal -0.38255508750015543 -0.9239326842512654 0
outer loop
vertex 4585.360000000001 12170.6 599.95
vertex 4672.33 12134.59 199.94
vertex 4672.33 12134.59 599.95
endloop
endfacet
facet normal -0.2334251917055642 -0.9723747630812004 0
outer loop
vertex 4493.84 12192.57 599.95
vertex 4493.84 12192.57 199.94
vertex 4585.360000000001 12170.6 199.94
endloop
endfacet
facet normal -0.2334251917055642 -0.9723747630812004 0
outer loop
vertex 4493.84 12192.57 599.95
vertex 4585.360000000001 12170.6 199.94
vertex 4585.360000000001 12170.6 599.95
endloop
endfacet
facet normal -0.07870248542000942 -0.9968981486534686 0
outer loop
vertex 4399.9800000000005 12199.98 599.95
vertex 4399.9800000000005 12199.98 199.94
vertex 4493.84 12192.57 199.94
endloop
endfacet
facet normal -0.07870248542000942 -0.9968981486534686 0
outer loop
vertex 4399.9800000000005 12199.98 599.95
vertex 4493.84 12192.57 199.94
vertex 4493.84 12192.57 599.95
endloop
endfacet
facet normal 1 0 0
outer loop
vertex 4600.05 11600.03 599.95
vertex 4600.05 8399.95 599.95
vertex 4600.05 8399.95 199.94
endloop
endfacet
facet normal 1 0 0
outer loop
vertex 4600.05 11600.03 599.95
vertex 4600.05 8399.95 199.94
vertex 4600.05 11600.03 199.94
endloop
endfacet
facet normal -1 0 0
outer loop
vertex 5000.06 8399.95 199.94
vertex 5000.06 8399.95 599.95
vertex 5000.06 11600.03 599.95
endloop
endfacet
facet normal -1 0 0
outer loop
vertex 5000.06 8399.95 199.94
vertex 5000.06 11600.03 599.95
vertex 5000.06 11600.03 199.94
endloop
endfacet
facet normal 0.9970055467534 0.07733007010829378 0
outer loop
vertex 4607.33 8306.09 599.95
vertex 4607.33 8306.09 199.94
vertex 4600.05 8399.95 199.94
endloop
endfacet
facet normal 0.9970055467534 0.07733007010829378 0
outer loop
vertex 4607.33 8306.09 599.95
vertex 4600.05 8399.95 199.94
vertex 4600.05 8399.95 599.95
endloop
endfacet
facet normal 0.972060484466704 0.23473051471497391 0
outer loop
vertex 4629.43 8214.57 599.95
vertex 4629.43 8214.57 199.94
vertex 4607.33 8306.09 199.94
endloop
endfacet
facet normal 0.972060484466704 0.23473051471497391 0
outer loop
vertex 4629.43 8214.57 599.95
vertex 4607.33 8306.09 199.94
vertex 4607.33 8306.09 599.95
endloop
endfacet
facet normal 0.9239326842512654 0.38255508750015543 0
outer loop
vertex 4665.4400000000005 8127.6 599.95
vertex 4665.4400000000005 8127.6 199.94
vertex 4629.43 8214.57 199.94
endloop
endfacet
facet normal 0.9239326842512654 0.38255508750015543 0
outer loop
vertex 4665.4400000000005 8127.6 599.95
vertex 4629.43 8214.57 199.94
vertex 4629.43 8214.57 599.95
endloop
endfacet
facet normal 0.852700549425365 0.522400012451838 0
outer loop
vertex 4714.58 8047.39 599.95
vertex 4714.58 8047.39 199.94
vertex 4665.4400000000005 8127.6 199.94
endloop
endfacet
facet normal 0.852700549425365 0.522400012451838 0
outer loop
vertex 4714.58 8047.39 599.95
vertex 4665.4400000000005 8127.6 199.94
vertex 4665.4400000000005 8127.6 599.95
endloop
endfacet
facet normal 0.7608139001002258 0.6489701144230631 0
outer loop
vertex 4775.68 7975.76 599.95
vertex 4775.68 7975.76 199.94
vertex 4714.58 8047.39 199.94
endloop
endfacet
facet normal 0.7608139001002258 0.6489701144230631 0
outer loop
vertex 4775.68 7975.76 599.95
vertex 4714.58 8047.39 199.94
vertex 4714.58 8047.39 599.95
endloop
endfacet
facet normal 0.6497682929360598 0.7601323341990912 0
outer loop
vertex 4847.31 7914.530000000001 599.95
vertex 4847.31 7914.530000000001 199.94
vertex 4775.68 7975.76 199.94
endloop
endfacet
facet normal 0.6497682929360598 0.7601323341990912 0
outer loop
vertex 4847.31 7914.530000000001 599.95
vertex 4775.68 7975.76 199.94
vertex 4775.68 7975.76 599.95
endloop
endfacet
facet normal 0.5217849836991151 0.8530770368414062 0
outer loop
vertex 4927.650000000001 7865.39 599.95
vertex 4927.650000000001 7865.39 199.94
vertex 4847.31 7914.530000000001 199.94
endloop
endfacet
facet normal 0.5217849836991151 0.8530770368414062 0
outer loop
vertex 4927.650000000001 7865.39 599.95
vertex 4847.31 7914.530000000001 199.94
vertex 4847.31 7914.530000000001 599.95
endloop
endfacet
facet normal 0.38255508750015543 0.9239326842512654 0
outer loop
vertex 5014.62 7829.38 599.95
vertex 5014.62 7829.38 199.94
vertex 4927.650000000001 7865.39 199.94
endloop
endfacet
facet normal 0.38255508750015543 0.9239326842512654 0
outer loop
vertex 5014.62 7829.38 599.95
vertex 4927.650000000001 7865.39 199.94
vertex 4927.650000000001 7865.39 599.95
endloop
endfacet
facet normal 0.23342519170557335 0.9723747630811983 0
outer loop
vertex 5106.14 7807.41 599.95
vertex 5106.14 7807.41 199.94
vertex 5014.62 7829.38 199.94
endloop
endfacet
facet normal 0.23342519170557335 0.9723747630811983 0
outer loop
vertex 5106.14 7807.41 599.95
vertex 5014.62 7829.38 199.94
vertex 5014.62 7829.38 599.95
endloop
endfacet
facet normal 0.07870248542000942 0.9968981486534686 0
outer loop
vertex 5200 7800 599.95
vertex 5200 7800 199.94
vertex 5106.14 7807.41 199.94
endloop
endfacet
facet normal 0.07870248542000942 0.9968981486534686 0
outer loop
vertex 5200 7800 599.95
vertex 5106.14 7807.41 199.94
vertex 5106.14 7807.41 599.95
endloop
endfacet
facet normal -0.07859430284667165 -0.9969066834764655 0
outer loop
vertex 5168.67 8202.48 599.95
vertex 5168.67 8202.48 199.94
vertex 5200 8200.01 199.94
endloop
endfacet
facet normal -0.07859430284667165 -0.9969066834764655 0
outer loop
vertex 5168.67 8202.48 599.95
vertex 5200 8200.01 199.94
vertex 5200 8200.01 599.95
endloop
endfacet
facet normal -0.2327441373763179 -0.9725380026081004 0
outer loop
vertex 5138.25 8209.76 599.95
vertex 5138.25 8209.76 199.94
vertex 5168.67 8202.48 199.94
endloop
endfacet
facet normal -0.2327441373763179 -0.9725380026081004 0
outer loop
vertex 5138.25 8209.76 599.95
vertex 5168.67 8202.48 199.94
vertex 5168.67 8202.48 599.95
endloop
endfacet
facet normal -0.3849092450583425 -0.9229544263226742 0
outer loop
vertex 5109.26 8221.85 599.95
vertex 5109.26 8221.85 199.94
vertex 5138.25 8209.76 199.94
endloop
endfacet
facet normal -0.3849092450583425 -0.9229544263226742 0
outer loop
vertex 5109.26 8221.85 599.95
vertex 5138.25 8209.76 199.94
vertex 5138.25 8209.76 599.95
endloop
endfacet
facet normal -0.5217849836990983 -0.8530770368414166 0
outer loop
vertex 5082.4800000000005 8238.23 599.95
vertex 5082.4800000000005 8238.23 199.94
vertex 5109.26 8221.85 199.94
endloop
endfacet
facet normal -0.5217849836990983 -0.8530770368414166 0
outer loop
vertex 5082.4800000000005 8238.23 599.95
vertex 5109.26 8221.85 199.94
vertex 5109.26 8221.85 599.95
endloop
endfacet
facet normal -0.6490873728329205 -0.7607138637022841 0
outer loop
vertex 5058.56 8258.64 599.95
vertex 5058.56 8258.64 199.94
vertex 5082.4800000000005 8238.23 199.94
endloop
endfacet
facet normal -0.6490873728329205 -0.7607138637022841 0
outer loop
vertex 5058.56 8258.64 599.95
vertex 5082.4800000000005 8238.23 199.94
vertex 5082.4800000000005 8238.23 599.95
endloop
endfacet
facet normal -0.7589637719197199 -0.6511328535048677 0
outer loop
vertex 5038.150000000001 8282.43 599.95
vertex 5038.150000000001 8282.43 199.94
vertex 5058.56 8258.64 199.94
endloop
endfacet
facet normal -0.7589637719197199 -0.6511328535048677 0
outer loop
vertex 5038.150000000001 8282.43 599.95
vertex 5058.56 8258.64 199.94
vertex 5058.56 8258.64 599.95
endloop
endfacet
facet normal -0.8530770368414116 -0.5217849836991065 0
outer loop
vertex 5021.77 8309.210000000001 599.95
vertex 5021.77 8309.210000000001 199.94
vertex 5038.150000000001 8282.43 199.94
endloop
endfacet
facet normal -0.8530770368414116 -0.5217849836991065 0
outer loop
vertex 5021.77 8309.210000000001 599.95
vertex 5038.150000000001 8282.43 199.94
vertex 5038.150000000001 8282.43 599.95
endloop
endfacet
facet normal -0.9244203335627806 -0.38137520487792254 0
outer loop
vertex 5009.81 8338.2 599.95
vertex 5009.81 8338.2 199.94
vertex 5021.77 8309.210000000001 199.94
endloop
endfacet
facet normal -0.9244203335627806 -0.38137520487792254 0
outer loop
vertex 5009.81 8338.2 599.95
vertex 5021.77 8309.210000000001 199.94
vertex 5021.77 8309.210000000001 599.95
endloop
endfacet
facet normal -0.971821405262004 -0.2357183834039764 0
outer loop
vertex 5002.400000000001 8368.75 599.95
vertex 5002.400000000001 8368.75 199.94
vertex 5009.81 8338.2 199.94
endloop
endfacet
facet normal -0.971821405262004 -0.2357183834039764 0
outer loop
vertex 5002.400000000001 8368.75 599.95
vertex 5009.81 8338.2 199.94
vertex 5009.81 8338.2 599.95
endloop
endfacet
facet normal -0.9971993098884563 -0.07478994824163714 0
outer loop
vertex 5000.06 8399.95 599.95
vertex 5000.06 8399.95 199.94
vertex 5002.400000000001 8368.75 199.94
endloop
endfacet
facet normal -0.9971993098884563 -0.07478994824163714 0
outer loop
vertex 5000.06 8399.95 599.95
vertex 5002.400000000001 8368.75 199.94
vertex 5002.400000000001 8368.75 599.95
endloop
endfacet
facet normal -0.07870248542000866 0.9968981486534686 0
outer loop
vertex 5293.860000000001 7807.41 599.95
vertex 5293.860000000001 7807.41 199.94
vertex 5200 7800 199.94
endloop
endfacet
facet normal -0.07870248542000866 0.9968981486534686 0
outer loop
vertex 5293.860000000001 7807.41 599.95
vertex 5200 7800 199.94
vertex 5200 7800 599.95
endloop
endfacet
facet normal -0.23342519170557552 0.9723747630811976 0
outer loop
vertex 5385.38 7829.38 599.95
vertex 5385.38 7829.38 199.94
vertex 5293.860000000001 7807.41 199.94
endloop
endfacet
facet normal -0.23342519170557552 0.9723747630811976 0
outer loop
vertex 5385.38 7829.38 599.95
vertex 5293.860000000001 7807.41 199.94
vertex 5293.860000000001 7807.41 599.95
endloop
endfacet
facet normal -0.3825550875001521 0.9239326842512668 0
outer loop
vertex 5472.35 7865.39 599.95
vertex 5472.35 7865.39 199.94
vertex 5385.38 7829.38 199.94
endloop
endfacet
facet normal -0.3825550875001521 0.9239326842512668 0
outer loop
vertex 5472.35 7865.39 599.95
vertex 5385.38 7829.38 199.94
vertex 5385.38 7829.38 599.95
endloop
endfacet
facet normal -0.5217849836991151 0.8530770368414062 0
outer loop
vertex 5552.6900000000005 7914.530000000001 599.95
vertex 5552.6900000000005 7914.530000000001 199.94
vertex 5472.35 7865.39 199.94
endloop
endfacet
facet normal -0.5217849836991151 0.8530770368414062 0
outer loop
vertex 5552.6900000000005 7914.530000000001 599.95
vertex 5472.35 7865.39 199.94
vertex 5472.35 7865.39 599.95
endloop
endfacet
facet normal -0.6497682929360598 0.7601323341990912 0
outer loop
vertex 5624.320000000001 7975.76 599.95
vertex 5624.320000000001 7975.76 199.94
vertex 5552.6900000000005 7914.530000000001 199.94
endloop
endfacet
facet normal -0.6497682929360598 0.7601323341990912 0
outer loop
vertex 5624.320000000001 7975.76 599.95
vertex 5552.6900000000005 7914.530000000001 199.94
vertex 5552.6900000000005 7914.530000000001 599.95
endloop
endfacet
facet normal -0.7608139001002306 0.6489701144230575 0
outer loop
vertex 5685.42 8047.39 599.95
vertex 5685.42 8047.39 199.94
vertex 5624.320000000001 7975.76 199.94
endloop
endfacet
facet normal -0.7608139001002306 0.6489701144230575 0
outer loop
vertex 5685.42 8047.39 599.95
vertex 5624.320000000001 7975.76 199.94
vertex 5624.320000000001 7975.76 599.95
endloop
endfacet
facet normal -0.8527005494253607 0.522400012451845 0
outer loop
vertex 5734.56 8127.6 599.95
vertex 5734.56 8127.6 199.94
vertex 5685.42 8047.39 199.94
endloop
endfacet
facet normal -0.8527005494253607 0.522400012451845 0
outer loop
vertex 5734.56 8127.6 599.95
vertex 5685.42 8047.39 199.94
vertex 5685.42 8047.39 599.95
endloop
endfacet
facet normal -0.9239326842512654 0.38255508750015543 0
outer loop
vertex 5770.570000000001 8214.57 599.95
vertex 5770.570000000001 8214.57 199.94
vertex 5734.56 8127.6 199.94
endloop
endfacet
facet normal -0.9239326842512654 0.38255508750015543 0
outer loop
vertex 5770.570000000001 8214.57 599.95
vertex 5734.56 8127.6 199.94
vertex 5734.56 8127.6 599.95
endloop
endfacet
facet normal -0.9720604844667062 0.23473051471496478 0
outer loop
vertex 5792.67 8306.09 599.95
vertex 5792.67 8306.09 199.94
vertex 5770.570000000001 8214.57 199.94
endloop
endfacet
facet normal -0.9720604844667062 0.23473051471496478 0
outer loop
vertex 5792.67 8306.09 599.95
vertex 5770.570000000001 8214.57 199.94
vertex 5770.570000000001 8214.57 599.95
endloop
endfacet
facet normal -0.9970055467534 0.07733007010829378 0
outer loop
vertex 5799.95 8399.95 599.95
vertex 5799.95 8399.95 199.94
vertex 5792.67 8306.09 199.94
endloop
endfacet
facet normal -0.9970055467534 0.07733007010829378 0
outer loop
vertex 5799.95 8399.95 599.95
vertex 5792.67 8306.09 199.94
vertex 5792.67 8306.09 599.95
endloop
endfacet
facet normal 0.9971993098884563 -0.07478994824163714 0
outer loop
vertex 5397.6 8368.75 599.95
vertex 5397.6 8368.75 199.94
vertex 5399.9400000000005 8399.95 199.94
endloop
endfacet
facet normal 0.9971993098884563 -0.07478994824163714 0
outer loop
vertex 5397.6 8368.75 599.95
vertex 5399.9400000000005 8399.95 199.94
vertex 5399.9400000000005 8399.95 599.95
endloop
endfacet
facet normal 0.971821405262004 -0.2357183834039764 0
outer loop
vertex 5390.1900000000005 8338.2 599.95
vertex 5390.1900000000005 8338.2 199.94
vertex 5397.6 8368.75 199.94
endloop
endfacet
facet normal 0.971821405262004 -0.2357183834039764 0
outer loop
vertex 5390.1900000000005 8338.2 599.95
vertex 5397.6 8368.75 199.94
vertex 5397.6 8368.75 599.95
endloop
endfacet
facet normal 0.9244203335627806 -0.38137520487792254 0
outer loop
vertex 5378.2300000000005 8309.210000000001 599.95
vertex 5378.2300000000005 8309.210000000001 199.94
vertex 5390.1900000000005 8338.2 199.94
endloop
endfacet
facet normal 0.9244203335627806 -0.38137520487792254 0
outer loop
vertex 5378.2300000000005 8309.210000000001 599.95
vertex 5390.1900000000005 8338.2 199.94
vertex 5390.1900000000005 8338.2 599.95
endloop
endfacet
facet normal 0.8530770368414116 -0.5217849836991065 0
outer loop
vertex 5361.85 8282.43 599.95
vertex 5361.85 8282.43 199.94
vertex 5378.2300000000005 8309.210000000001 199.94
endloop
endfacet
facet normal 0.8530770368414116 -0.5217849836991065 0
outer loop
vertex 5361.85 8282.43 599.95
vertex 5378.2300000000005 8309.210000000001 199.94
vertex 5378.2300000000005 8309.210000000001 599.95
endloop
endfacet
facet normal 0.7589637719197199 -0.6511328535048677 0
outer loop
vertex 5341.4400000000005 8258.64 599.95
vertex 5341.4400000000005 8258.64 199.94
vertex 5361.85 8282.43 199.94
endloop
endfacet
facet normal 0.7589637719197199 -0.6511328535048677 0
outer loop
vertex 5341.4400000000005 8258.64 599.95
vertex 5361.85 8282.43 199.94
vertex 5361.85 8282.43 599.95
endloop
endfacet
facet normal 0.6490873728329205 -0.7607138637022841 0
outer loop
vertex 5317.52 8238.23 599.95
vertex 5317.52 8238.23 199.94
vertex 5341.4400000000005 8258.64 199.94
endloop
endfacet
facet normal 0.6490873728329205 -0.7607138637022841 0
outer loop
vertex 5317.52 8238.23 599.95
vertex 5341.4400000000005 8258.64 199.94
vertex 5341.4400000000005 8258.64 599.95
endloop
endfacet
facet normal 0.5217849836990854 -0.8530770368414244 0
outer loop
vertex 5290.74 8221.85 599.95
vertex 5290.74 8221.85 199.94
vertex 5317.52 8238.23 199.94
endloop
endfacet
facet normal 0.5217849836990854 -0.8530770368414244 0
outer loop
vertex 5290.74 8221.85 599.95
vertex 5317.52 8238.23 199.94
vertex 5317.52 8238.23 599.95
endloop
endfacet
facet normal 0.3849092450583425 -0.9229544263226742 0
outer loop
vertex 5261.75 8209.76 599.95
vertex 5261.75 8209.76 199.94
vertex 5290.74 8221.85 199.94
endloop
endfacet
facet normal 0.3849092450583425 -0.9229544263226742 0
outer loop
vertex 5261.75 8209.76 599.95
vertex 5290.74 8221.85 199.94
vertex 5290.74 8221.85 599.95
endloop
endfacet
facet normal 0.2327441373763179 -0.9725380026081004 0
outer loop
vertex 5231.33 8202.48 599.95
vertex 5231.33 8202.48 199.94
vertex 5261.75 8209.76 199.94
endloop
endfacet
facet normal 0.2327441373763179 -0.9725380026081004 0
outer loop
vertex 5231.33 8202.48 599.95
vertex 5261.75 8209.76 199.94
vertex 5261.75 8209.76 599.95
endloop
endfacet
facet normal 0.07859430284667165 -0.9969066834764655 0
outer loop
vertex 5200 8200.01 599.95
vertex 5200 8200.01 199.94
vertex 5231.33 8202.48 199.94
endloop
endfacet
facet normal 0.07859430284667165 -0.9969066834764655 0
outer loop
vertex 5200 8200.01 599.95
vertex 5231.33 8202.48 199.94
vertex 5231.33 8202.48 599.95
endloop
endfacet
facet normal -1 0 0
outer loop
vertex 5799.95 8399.95 599.95
vertex 5799.95 11600.03 599.95
vertex 5799.95 11600.03 199.94
endloop
endfacet
facet normal -1 0 0
outer loop
vertex 5799.95 8399.95 599.95
vertex 5799.95 11600.03 199.94
vertex 5799.95 8399.95 199.94
endloop
endfacet
facet normal 1 0 0
outer loop
vertex 5399.9400000000005 11600.03 199.94
vertex 5399.9400000000005 11600.03 599.95
vertex 5399.9400000000005 8399.95 599.95
endloop
endfacet
facet normal 1 0 0
outer loop
vertex 5399.9400000000005 11600.03 199.94
vertex 5399.9400000000005 8399.95 599.95
vertex 5399.9400000000005 8399.95 199.94
endloop
endfacet
facet normal -0.9968809728632059 0.0789197436850147 0
outer loop
vertex 5802.42 11631.23 599.95
vertex 5802.42 11631.23 199.94
vertex 5799.95 11600.03 199.94
endloop
endfacet
facet normal -0.9968809728632059 0.0789197436850147 0
outer loop
vertex 5802.42 11631.23 599.95
vertex 5799.95 11600.03 199.94
vertex 5799.95 11600.03 599.95
endloop
endfacet
facet normal -0.9718214052620071 0.23571838340396312 0
outer loop
vertex 5809.83 11661.78 599.95
vertex 5809.83 11661.78 199.94
vertex 5802.42 11631.23 199.94
endloop
endfacet
facet normal -0.9718214052620071 0.23571838340396312 0
outer loop
vertex 5809.83 11661.78 599.95
vertex 5802.42 11631.23 199.94
vertex 5802.42 11631.23 599.95
endloop
endfacet
facet normal -0.9244203335627806 0.38137520487792254 0
outer loop
vertex 5821.79 11690.77 599.95
vertex 5821.79 11690.77 199.94
vertex 5809.83 11661.78 199.94
endloop
endfacet
facet normal -0.9244203335627806 0.38137520487792254 0
outer loop
vertex 5821.79 11690.77 599.95
vertex 5809.83 11661.78 199.94
vertex 5809.83 11661.78 599.95
endloop
endfacet
facet normal -0.8530770368414116 0.5217849836991065 0
outer loop
vertex 5838.17 11717.550000000001 599.95
vertex 5838.17 11717.550000000001 199.94
vertex 5821.79 11690.77 199.94
endloop
endfacet
facet normal -0.8530770368414116 0.5217849836991065 0
outer loop
vertex 5838.17 11717.550000000001 599.95
vertex 5821.79 11690.77 199.94
vertex 5821.79 11690.77 599.95
endloop
endfacet
facet normal -0.7607138637022841 0.6490873728329205 0
outer loop
vertex 5858.58 11741.470000000001 599.95
vertex 5858.58 11741.470000000001 199.94
vertex 5838.17 11717.550000000001 199.94
endloop
endfacet
facet normal -0.7607138637022841 0.6490873728329205 0
outer loop
vertex 5858.58 11741.470000000001 599.95
vertex 5838.17 11717.550000000001 199.94
vertex 5838.17 11717.550000000001 599.95
endloop
endfacet
facet normal -0.6466852516351376 0.7627569634671314 0
outer loop
vertex 5882.5 11761.75 599.95
vertex 5882.5 11761.75 199.94
vertex 5858.58 11741.470000000001 199.94
endloop
endfacet
facet normal -0.6466852516351376 0.7627569634671314 0
outer loop
vertex 5882.5 11761.75 599.95
vertex 5858.58 11741.470000000001 199.94
vertex 5858.58 11741.470000000001 599.95
endloop
endfacet
facet normal -0.5266401004204947 0.8500883510724583 0
outer loop
vertex 5909.150000000001 11778.26 599.95
vertex 5909.150000000001 11778.26 199.94
vertex 5882.5 11761.75 199.94
endloop
endfacet
facet normal -0.5266401004204947 0.8500883510724583 0
outer loop
vertex 5909.150000000001 11778.26 599.95
vertex 5882.5 11761.75 199.94
vertex 5882.5 11761.75 599.95
endloop
endfacet
facet normal -0.3813752048779473 0.9244203335627704 0
outer loop
vertex 5938.14 11790.220000000001 599.95
vertex 5938.14 11790.220000000001 199.94
vertex 5909.150000000001 11778.26 199.94
endloop
endfacet
facet normal -0.3813752048779473 0.9244203335627704 0
outer loop
vertex 5938.14 11790.220000000001 599.95
vertex 5909.150000000001 11778.26 199.94
vertex 5909.150000000001 11778.26 599.95
endloop
endfacet
facet normal -0.2318070630662441 0.9727617825102929 0
outer loop
vertex 5968.6900000000005 11797.5 599.95
vertex 5968.6900000000005 11797.5 199.94
vertex 5938.14 11790.220000000001 199.94
endloop
endfacet
facet normal -0.2318070630662441 0.9727617825102929 0
outer loop
vertex 5968.6900000000005 11797.5 599.95
vertex 5938.14 11790.220000000001 199.94
vertex 5938.14 11790.220000000001 599.95
endloop
endfacet
facet normal -0.07859430284672916 0.9969066834764609 0
outer loop
vertex 6000.02 11799.970000000001 599.95
vertex 6000.02 11799.970000000001 199.94
vertex 5968.6900000000005 11797.5 199.94
endloop
endfacet
facet normal -0.07859430284672916 0.9969066834764609 0
outer loop
vertex 6000.02 11799.970000000001 599.95
vertex 5968.6900000000005 11797.5 199.94
vertex 5968.6900000000005 11797.5 599.95
endloop
endfacet
facet normal 0.07870248542000866 -0.9968981486534686 0
outer loop
vertex 5906.16 12192.57 599.95
vertex 5906.16 12192.57 199.94
vertex 6000.02 12199.98 199.94
endloop
endfacet
facet normal 0.07870248542000866 -0.9968981486534686 0
outer loop
vertex 5906.16 12192.57 599.95
vertex 6000.02 12199.98 199.94
vertex 6000.02 12199.98 599.95
endloop
endfacet
facet normal 0.2334251917055664 -0.9723747630811999 0
outer loop
vertex 5814.64 12170.6 599.95
vertex 5814.64 12170.6 199.94
vertex 5906.16 12192.57 199.94
endloop
endfacet
facet normal 0.2334251917055664 -0.9723747630811999 0
outer loop
vertex 5814.64 12170.6 599.95
vertex 5906.16 12192.57 199.94
vertex 5906.16 12192.57 599.95
endloop
endfacet
facet normal 0.3825550875001521 -0.9239326842512668 0
outer loop
vertex 5727.67 12134.59 599.95
vertex 5727.67 12134.59 199.94
vertex 5814.64 12170.6 199.94
endloop
endfacet
facet normal 0.3825550875001521 -0.9239326842512668 0
outer loop
vertex 5727.67 12134.59 599.95
vertex 5814.64 12170.6 199.94
vertex 5814.64 12170.6 599.95
endloop
endfacet
facet normal 0.5217849836991082 -0.8530770368414107 0
outer loop
vertex 5647.33 12085.45 599.95
vertex 5647.33 12085.45 199.94
vertex 5727.67 12134.59 199.94
endloop
endfacet
facet normal 0.5217849836991082 -0.8530770368414107 0
outer loop
vertex 5647.33 12085.45 599.95
vertex 5727.67 12134.59 199.94
vertex 5727.67 12134.59 599.95
endloop
endfacet
facet normal 0.6497682929360598 -0.7601323341990912 0
outer loop
vertex 5575.7 12024.220000000001 599.95
vertex 5575.7 12024.220000000001 199.94
vertex 5647.33 12085.45 199.94
endloop
endfacet
facet normal 0.6497682929360598 -0.7601323341990912 0
outer loop
vertex 5575.7 12024.220000000001 599.95
vertex 5647.33 12085.45 199.94
vertex 5647.33 12085.45 599.95
endloop
endfacet
facet normal 0.7602314471705995 -0.649652327582143 0
outer loop
vertex 5514.6 11952.720000000001 599.95
vertex 5514.6 11952.720000000001 199.94
vertex 5575.7 12024.220000000001 199.94
endloop
endfacet
facet normal 0.7602314471705995 -0.649652327582143 0
outer loop
vertex 5514.6 11952.720000000001 599.95
vertex 5575.7 12024.220000000001 199.94
vertex 5575.7 12024.220000000001 599.95
endloop
endfacet
facet normal 0.8530770368414062 -0.5217849836991151 0
outer loop
vertex 5465.46 11872.380000000001 599.95
vertex 5465.46 11872.380000000001 199.94
vertex 5514.6 11952.720000000001 199.94
endloop
endfacet
facet normal 0.8530770368414062 -0.5217849836991151 0
outer loop
vertex 5465.46 11872.380000000001 599.95
vertex 5514.6 11952.720000000001 199.94
vertex 5514.6 11952.720000000001 599.95
endloop
endfacet
facet normal 0.9234440463937792 -0.38373310149097617 0
outer loop
vertex 5429.320000000001 11785.41 599.95
vertex 5429.320000000001 11785.41 199.94
vertex 5465.46 11872.380000000001 199.94
endloop
endfacet
facet normal 0.9234440463937792 -0.38373310149097617 0
outer loop
vertex 5429.320000000001 11785.41 599.95
vertex 5465.46 11872.380000000001 199.94
vertex 5465.46 11872.380000000001 599.95
endloop
endfacet
facet normal 0.9723747630811972 -0.23342519170557774 0
outer loop
vertex 5407.35 11693.890000000001 599.95
vertex 5407.35 11693.890000000001 199.94
vertex 5429.320000000001 11785.41 199.94
endloop
endfacet
facet normal 0.9723747630811972 -0.23342519170557774 0
outer loop
vertex 5407.35 11693.890000000001 599.95
vertex 5429.320000000001 11785.41 199.94
vertex 5429.320000000001 11785.41 599.95
endloop
endfacet
facet normal 0.9968981486534686 -0.07870248542000866 0
outer loop
vertex 5399.9400000000005 11600.03 599.95
vertex 5399.9400000000005 11600.03 199.94
vertex 5407.35 11693.890000000001 199.94
endloop
endfacet
facet normal 0.9968981486534686 -0.07870248542000866 0
outer loop
vertex 5399.9400000000005 11600.03 599.95
vertex 5407.35 11693.890000000001 199.94
vertex 5407.35 11693.890000000001 599.95
endloop
endfacet
facet normal 0.07859430284672916 0.9969066834764609 0
outer loop
vertex 6031.35 11797.5 599.95
vertex 6031.35 11797.5 199.94
vertex 6000.02 11799.970000000001 199.94
endloop
endfacet
facet normal 0.07859430284672916 0.9969066834764609 0
outer loop
vertex 6031.35 11797.5 599.95
vertex 6000.02 11799.970000000001 199.94
vertex 6000.02 11799.970000000001 599.95
endloop
endfacet
facet normal 0.23274413737626296 0.9725380026081138 0
outer loop
vertex 6061.77 11790.220000000001 599.95
vertex 6061.77 11790.220000000001 199.94
vertex 6031.35 11797.5 199.94
endloop
endfacet
facet normal 0.23274413737626296 0.9725380026081138 0
outer loop
vertex 6061.77 11790.220000000001 599.95
vertex 6031.35 11797.5 199.94
vertex 6031.35 11797.5 599.95
endloop
endfacet
facet normal 0.3813752048779473 0.9244203335627704 0
outer loop
vertex 6090.76 11778.26 599.95
vertex 6090.76 11778.26 199.94
vertex 6061.77 11790.220000000001 199.94
endloop
endfacet
facet normal 0.3813752048779473 0.9244203335627704 0
outer loop
vertex 6090.76 11778.26 599.95
vertex 6061.77 11790.220000000001 199.94
vertex 6061.77 11790.220000000001 599.95
endloop
endfacet
facet normal 0.5247889079753197 0.851232401912704 0
outer loop
vertex 6117.54 11761.75 599.95
vertex 6117.54 11761.75 199.94
vertex 6090.76 11778.26 199.94
endloop
endfacet
facet normal 0.5247889079753197 0.851232401912704 0
outer loop
vertex 6117.54 11761.75 599.95
vertex 6090.76 11778.26 199.94
vertex 6090.76 11778.26 599.95
endloop
endfacet
facet normal 0.6466852516351376 0.7627569634671314 0
outer loop
vertex 6141.46 11741.470000000001 599.95
vertex 6141.46 11741.470000000001 199.94
vertex 6117.54 11761.75 199.94
endloop
endfacet
facet normal 0.6466852516351376 0.7627569634671314 0
outer loop
vertex 6141.46 11741.470000000001 599.95
vertex 6117.54 11761.75 199.94
vertex 6117.54 11761.75 599.95
endloop
endfacet
facet normal 0.7627569634671171 0.6466852516351543 0
outer loop
vertex 6161.74 11717.550000000001 599.95
vertex 6161.74 11717.550000000001 199.94
vertex 6141.46 11741.470000000001 199.94
endloop
endfacet
facet normal 0.7627569634671171 0.6466852516351543 0
outer loop
vertex 6161.74 11717.550000000001 599.95
vertex 6141.46 11741.470000000001 199.94
vertex 6141.46 11741.470000000001 599.95
endloop
endfacet
facet normal 0.851232401912712 0.5247889079753069 0
outer loop
vertex 6178.25 11690.77 599.95
vertex 6178.25 11690.77 199.94
vertex 6161.74 11717.550000000001 199.94
endloop
endfacet
facet normal 0.851232401912712 0.5247889079753069 0
outer loop
vertex 6178.25 11690.77 599.95
vertex 6161.74 11717.550000000001 199.94
vertex 6161.74 11717.550000000001 599.95
endloop
endfacet
facet normal 0.9244203335627806 0.38137520487792254 0
outer loop
vertex 6190.21 11661.78 599.95
vertex 6190.21 11661.78 199.94
vertex 6178.25 11690.77 199.94
endloop
endfacet
facet normal 0.9244203335627806 0.38137520487792254 0
outer loop
vertex 6190.21 11661.78 599.95
vertex 6178.25 11690.77 199.94
vertex 6178.25 11690.77 599.95
endloop
endfacet
facet normal 0.9727617825102878 0.23180706306626492 0
outer loop
vertex 6197.49 11631.23 599.95
vertex 6197.49 11631.23 199.94
vertex 6190.21 11661.78 199.94
endloop
endfacet
facet normal 0.9727617825102878 0.23180706306626492 0
outer loop
vertex 6197.49 11631.23 599.95
vertex 6190.21 11661.78 199.94
vertex 6190.21 11661.78 599.95
endloop
endfacet
facet normal 0.9968809728632059 0.0789197436850147 0
outer loop
vertex 6199.96 11600.03 599.95
vertex 6199.96 11600.03 199.94
vertex 6197.49 11631.23 199.94
endloop
endfacet
facet normal 0.9968809728632059 0.0789197436850147 0
outer loop
vertex 6199.96 11600.03 599.95
vertex 6197.49 11631.23 199.94
vertex 6197.49 11631.23 599.95
endloop
endfacet
facet normal -0.9968981486534686 -0.07870248542000866 0
outer loop
vertex 6592.56 11693.890000000001 599.95
vertex 6592.56 11693.890000000001 199.94
vertex 6599.97 11600.03 199.94
endloop
endfacet
facet normal -0.9968981486534686 -0.07870248542000866 0
outer loop
vertex 6592.56 11693.890000000001 599.95
vertex 6599.97 11600.03 199.94
vertex 6599.97 11600.03 599.95
endloop
endfacet
facet normal -0.9723747630811972 -0.23342519170557774 0
outer loop
vertex 6570.59 11785.41 599.95
vertex 6570.59 11785.41 199.94
vertex 6592.56 11693.890000000001 199.94
endloop
endfacet
facet normal -0.9723747630811972 -0.23342519170557774 0
outer loop
vertex 6570.59 11785.41 599.95
vertex 6592.56 11693.890000000001 199.94
vertex 6592.56 11693.890000000001 599.95
endloop
endfacet
facet normal -0.9239326842512683 -0.38255508750014866 0
outer loop
vertex 6534.58 11872.380000000001 599.95
vertex 6534.58 11872.380000000001 199.94
vertex 6570.59 11785.41 199.94
endloop
endfacet
facet normal -0.9239326842512683 -0.38255508750014866 0
outer loop
vertex 6534.58 11872.380000000001 599.95
vertex 6570.59 11785.41 199.94
vertex 6570.59 11785.41 599.95
endloop
endfacet
facet normal -0.8530770368414107 -0.5217849836991082 0
outer loop
vertex 6485.4400000000005 11952.720000000001 599.95
vertex 6485.4400000000005 11952.720000000001 199.94
vertex 6534.58 11872.380000000001 199.94
endloop
endfacet
facet normal -0.8530770368414107 -0.5217849836991082 0
outer loop
vertex 6485.4400000000005 11952.720000000001 599.95
vertex 6534.58 11872.380000000001 199.94
vertex 6534.58 11872.380000000001 599.95
endloop
endfacet
facet normal -0.7595489723685307 -0.6504501199737832 0
outer loop
vertex 6424.21 12024.220000000001 599.95
vertex 6424.21 12024.220000000001 199.94
vertex 6485.4400000000005 11952.720000000001 199.94
endloop
endfacet
facet normal -0.7595489723685307 -0.6504501199737832 0
outer loop
vertex 6424.21 12024.220000000001 599.95
vertex 6485.4400000000005 11952.720000000001 199.94
vertex 6485.4400000000005 11952.720000000001 599.95
endloop
endfacet
facet normal -0.6504501199737777 -0.7595489723685356 0
outer loop
vertex 6352.71 12085.45 599.95
vertex 6352.71 12085.45 199.94
vertex 6424.21 12024.220000000001 199.94
endloop
endfacet
facet normal -0.6504501199737777 -0.7595489723685356 0
outer loop
vertex 6352.71 12085.45 599.95
vertex 6424.21 12024.220000000001 199.94
vertex 6424.21 12024.220000000001 599.95
endloop
endfacet
facet normal -0.5217849836991082 -0.8530770368414107 0
outer loop
vertex 6272.37 12134.59 599.95
vertex 6272.37 12134.59 199.94
vertex 6352.71 12085.45 199.94
endloop
endfacet
facet normal -0.5217849836991082 -0.8530770368414107 0
outer loop
vertex 6272.37 12134.59 599.95
vertex 6352.71 12085.45 199.94
vertex 6352.71 12085.45 599.95
endloop
endfacet
facet normal -0.38255508750015543 -0.9239326842512654 0
outer loop
vertex 6185.400000000001 12170.6 599.95
vertex 6185.400000000001 12170.6 199.94
vertex 6272.37 12134.59 199.94
endloop
endfacet
facet normal -0.38255508750015543 -0.9239326842512654 0
outer loop
vertex 6185.400000000001 12170.6 599.95
vertex 6272.37 12134.59 199.94
vertex 6272.37 12134.59 599.95
endloop
endfacet
facet normal -0.2334251917055642 -0.9723747630812004 0
outer loop
vertex 6093.88 12192.57 599.95
vertex 6093.88 12192.57 199.94
vertex 6185.400000000001 12170.6 199.94
endloop
endfacet
facet normal -0.2334251917055642 -0.9723747630812004 0
outer loop
vertex 6093.88 12192.57 599.95
vertex 6185.400000000001 12170.6 199.94
vertex 6185.400000000001 12170.6 599.95
endloop
endfacet
facet normal -0.07870248542000942 -0.9968981486534686 0
outer loop
vertex 6000.02 12199.98 599.95
vertex 6000.02 12199.98 199.94
vertex 6093.88 12192.57 199.94
endloop
endfacet
facet normal -0.07870248542000942 -0.9968981486534686 0
outer loop
vertex 6000.02 12199.98 599.95
vertex 6093.88 12192.57 199.94
vertex 6093.88 12192.57 599.95
endloop
endfacet
facet normal 1 0 0
outer loop
vertex 6199.96 11600.03 599.95
vertex 6199.96 8399.95 599.95
vertex 6199.96 8399.95 199.94
endloop
endfacet
facet normal 1 0 0
outer loop
vertex 6199.96 11600.03 599.95
vertex 6199.96 8399.95 199.94
vertex 6199.96 11600.03 199.94
endloop
endfacet
facet normal -1 0 0
outer loop
vertex 6599.97 8399.95 199.94
vertex 6599.97 8399.95 599.95
vertex 6599.97 11600.03 599.95
endloop
endfacet
facet normal -1 0 0
outer loop
vertex 6599.97 8399.95 199.94
vertex 6599.97 11600.03 599.95
vertex 6599.97 11600.03 199.94
endloop
endfacet
facet normal 0.9968981486534686 0.07870248542000866 0
outer loop
vertex 6207.37 8306.09 599.95
vertex 6207.37 8306.09 199.94
vertex 6199.96 8399.95 199.94
endloop
endfacet
facet normal 0.9968981486534686 0.07870248542000866 0
outer loop
vertex 6207.37 8306.09 599.95
vertex 6199.96 8399.95 199.94
vertex 6199.96 8399.95 599.95
endloop
endfacet
facet normal 0.9723747630811983 0.23342519170557335 0
outer loop
vertex 6229.34 8214.57 599.95
vertex 6229.34 8214.57 199.94
vertex 6207.37 8306.09 199.94
endloop
endfacet
facet normal 0.9723747630811983 0.23342519170557335 0
outer loop
vertex 6229.34 8214.57 599.95
vertex 6207.37 8306.09 199.94
vertex 6207.37 8306.09 599.95
endloop
endfacet
facet normal 0.9239326842512654 0.38255508750015543 0
outer loop
vertex 6265.35 8127.6 599.95
vertex 6265.35 8127.6 199.94
vertex 6229.34 8214.57 199.94
endloop
endfacet
facet normal 0.9239326842512654 0.38255508750015543 0
outer loop
vertex 6265.35 8127.6 599.95
vertex 6229.34 8214.57 199.94
vertex 6229.34 8214.57 599.95
endloop
endfacet
facet normal 0.8520847850528194 0.5234037820664754 0
outer loop
vertex 6314.62 8047.39 599.95
vertex 6314.62 8047.39 199.94
vertex 6265.35 8127.6 199.94
endloop
endfacet
facet normal 0.8520847850528194 0.5234037820664754 0
outer loop
vertex 6314.62 8047.39 599.95
vertex 6265.35 8127.6 199.94
vertex 6265.35 8127.6 599.95
endloop
endfacet
facet normal 0.7608139001002258 0.6489701144230631 0
outer loop
vertex 6375.72 7975.76 599.95
vertex 6375.72 7975.76 199.94
vertex 6314.62 8047.39 199.94
endloop
endfacet
facet normal 0.7608139001002258 0.6489701144230631 0
outer loop
vertex 6375.72 7975.76 599.95
vertex 6314.62 8047.39 199.94
vertex 6314.62 8047.39 599.95
endloop
endfacet
facet normal 0.6497682929360598 0.7601323341990912 0
outer loop
vertex 6447.35 7914.530000000001 599.95
vertex 6447.35 7914.530000000001 199.94
vertex 6375.72 7975.76 199.94
endloop
endfacet
facet normal 0.6497682929360598 0.7601323341990912 0
outer loop
vertex 6447.35 7914.530000000001 599.95
vertex 6375.72 7975.76 199.94
vertex 6375.72 7975.76 599.95
endloop
endfacet
facet normal 0.522400012451845 0.8527005494253607 0
outer loop
vertex 6527.56 7865.39 599.95
vertex 6527.56 7865.39 199.94
vertex 6447.35 7914.530000000001 199.94
endloop
endfacet
facet normal 0.522400012451845 0.8527005494253607 0
outer loop
vertex 6527.56 7865.39 599.95
vertex 6447.35 7914.530000000001 199.94
vertex 6447.35 7914.530000000001 599.95
endloop
endfacet
facet normal 0.3825550875001521 0.9239326842512668 0
outer loop
vertex 6614.530000000001 7829.38 599.95
vertex 6614.530000000001 7829.38 199.94
vertex 6527.56 7865.39 199.94
endloop
endfacet
facet normal 0.3825550875001521 0.9239326842512668 0
outer loop
vertex 6614.530000000001 7829.38 599.95
vertex 6527.56 7865.39 199.94
vertex 6527.56 7865.39 599.95
endloop
endfacet
facet normal 0.2331120965901697 0.9724498703909294 0
outer loop
vertex 6706.18 7807.41 599.95
vertex 6706.18 7807.41 199.94
vertex 6614.530000000001 7829.38 199.94
endloop
endfacet
facet normal 0.2331120965901697 0.9724498703909294 0
outer loop
vertex 6706.18 7807.41 599.95
vertex 6614.530000000001 7829.38 199.94
vertex 6614.530000000001 7829.38 599.95
endloop
endfacet
facet normal 0.07870248542000942 0.9968981486534686 0
outer loop
vertex 6800.04 7800 599.95
vertex 6800.04 7800 199.94
vertex 6706.18 7807.41 199.94
endloop
endfacet
facet normal 0.07870248542000942 0.9968981486534686 0
outer loop
vertex 6800.04 7800 599.95
vertex 6706.18 7807.41 199.94
vertex 6706.18 7807.41 599.95
endloop
endfacet
facet normal -0.07859430284667165 -0.9969066834764655 0
outer loop
vertex 6768.71 8202.48 599.95
vertex 6768.71 8202.48 199.94
vertex 6800.04 8200.01 199.94
endloop
endfacet
facet normal -0.07859430284667165 -0.9969066834764655 0
outer loop
vertex 6768.71 8202.48 599.95
vertex 6800.04 8200.01 199.94
vertex 6800.04 8200.01 599.95
endloop
endfacet
facet normal -0.2318070630662989 -0.9727617825102798 0
outer loop
vertex 6738.16 8209.76 599.95
vertex 6738.16 8209.76 199.94
vertex 6768.71 8202.48 199.94
endloop
endfacet
facet normal -0.2318070630662989 -0.9727617825102798 0
outer loop
vertex 6738.16 8209.76 599.95
vertex 6768.71 8202.48 199.94
vertex 6768.71 8202.48 599.95
endloop
endfacet
facet normal -0.3849092450583425 -0.9229544263226742 0
outer loop
vertex 6709.17 8221.85 599.95
vertex 6709.17 8221.85 199.94
vertex 6738.16 8209.76 199.94
endloop
endfacet
facet normal -0.3849092450583425 -0.9229544263226742 0
outer loop
vertex 6709.17 8221.85 599.95
vertex 6738.16 8209.76 199.94
vertex 6738.16 8209.76 599.95
endloop
endfacet
facet normal -0.5217849836990983 -0.8530770368414166 0
outer loop
vertex 6682.39 8238.23 599.95
vertex 6682.39 8238.23 199.94
vertex 6709.17 8221.85 199.94
endloop
endfacet
facet normal -0.5217849836990983 -0.8530770368414166 0
outer loop
vertex 6682.39 8238.23 599.95
vertex 6709.17 8221.85 199.94
vertex 6709.17 8221.85 599.95
endloop
endfacet
facet normal -0.6511328535048819 -0.7589637719197075 0
outer loop
vertex 6658.6 8258.64 599.95
vertex 6658.6 8258.64 199.94
vertex 6682.39 8238.23 199.94
endloop
endfacet
facet normal -0.6511328535048819 -0.7589637719197075 0
outer loop
vertex 6658.6 8258.64 599.95
vertex 6682.39 8238.23 199.94
vertex 6682.39 8238.23 599.95
endloop
endfacet
facet normal -0.7589637719197199 -0.6511328535048677 0
outer loop
vertex 6638.1900000000005 8282.43 599.95
vertex 6638.1900000000005 8282.43 199.94
vertex 6658.6 8258.64 199.94
endloop
endfacet
facet normal -0.7589637719197199 -0.6511328535048677 0
outer loop
vertex 6638.1900000000005 8282.43 599.95
vertex 6658.6 8258.64 199.94
vertex 6658.6 8258.64 599.95
endloop
endfacet
facet normal -0.8530770368414116 -0.5217849836991065 0
outer loop
vertex 6621.81 8309.210000000001 599.95
vertex 6621.81 8309.210000000001 199.94
vertex 6638.1900000000005 8282.43 199.94
endloop
endfacet
facet normal -0.8530770368414116 -0.5217849836991065 0
outer loop
vertex 6621.81 8309.210000000001 599.95
vertex 6638.1900000000005 8282.43 199.94
vertex 6638.1900000000005 8282.43 599.95
endloop
endfacet
facet normal -0.9244203335627806 -0.38137520487792254 0
outer loop
vertex 6609.85 8338.2 599.95
vertex 6609.85 8338.2 199.94
vertex 6621.81 8309.210000000001 199.94
endloop
endfacet
facet normal -0.9244203335627806 -0.38137520487792254 0
outer loop
vertex 6609.85 8338.2 599.95
vertex 6621.81 8309.210000000001 199.94
vertex 6621.81 8309.210000000001 599.95
endloop
endfacet
facet normal -0.971821405262004 -0.2357183834039764 0
outer loop
vertex 6602.4400000000005 8368.75 599.95
vertex 6602.4400000000005 8368.75 199.94
vertex 6609.85 8338.2 199.94
endloop
endfacet
facet normal -0.971821405262004 -0.2357183834039764 0
outer loop
vertex 6602.4400000000005 8368.75 599.95
vertex 6609.85 8338.2 199.94
vertex 6609.85 8338.2 599.95
endloop
endfacet
facet normal -0.9968809728632061 -0.07891974368501012 0
outer loop
vertex 6599.97 8399.95 599.95
vertex 6599.97 8399.95 199.94
vertex 6602.4400000000005 8368.75 199.94
endloop
endfacet
facet normal -0.9968809728632061 -0.07891974368501012 0
outer loop
vertex 6599.97 8399.95 599.95
vertex 6602.4400000000005 8368.75 199.94
vertex 6602.4400000000005 8368.75 599.95
endloop
endfacet
facet normal -0.07870248542000866 0.9968981486534686 0
outer loop
vertex 6893.900000000001 7807.41 599.95
vertex 6893.900000000001 7807.41 199.94
vertex 6800.04 7800 199.94
endloop
endfacet
facet normal -0.07870248542000866 0.9968981486534686 0
outer loop
vertex 6893.900000000001 7807.41 599.95
vertex 6800.04 7800 199.94
vertex 6800.04 7800 599.95
endloop
endfacet
facet normal -0.23342519170557552 0.9723747630811976 0
outer loop
vertex 6985.42 7829.38 599.95
vertex 6985.42 7829.38 199.94
vertex 6893.900000000001 7807.41 199.94
endloop
endfacet
facet normal -0.23342519170557552 0.9723747630811976 0
outer loop
vertex 6985.42 7829.38 599.95
vertex 6893.900000000001 7807.41 199.94
vertex 6893.900000000001 7807.41 599.95
endloop
endfacet
facet normal -0.3825550875001521 0.9239326842512668 0
outer loop
vertex 7072.39 7865.39 599.95
vertex 7072.39 7865.39 199.94
vertex 6985.42 7829.38 199.94
endloop
endfacet
facet normal -0.3825550875001521 0.9239326842512668 0
outer loop
vertex 7072.39 7865.39 599.95
vertex 6985.42 7829.38 199.94
vertex 6985.42 7829.38 599.95
endloop
endfacet
facet normal -0.5217849836991151 0.8530770368414062 0
outer loop
vertex 7152.7300000000005 7914.530000000001 599.95
vertex 7152.7300000000005 7914.530000000001 199.94
vertex 7072.39 7865.39 199.94
endloop
endfacet
facet normal -0.5217849836991151 0.8530770368414062 0
outer loop
vertex 7152.7300000000005 7914.530000000001 599.95
vertex 7072.39 7865.39 199.94
vertex 7072.39 7865.39 599.95
endloop
endfacet
facet normal -0.6504501199737777 0.7595489723685356 0
outer loop
vertex 7224.2300000000005 7975.76 599.95
vertex 7224.2300000000005 7975.76 199.94
vertex 7152.7300000000005 7914.530000000001 199.94
endloop
endfacet
facet normal -0.6504501199737777 0.7595489723685356 0
outer loop
vertex 7224.2300000000005 7975.76 599.95
vertex 7152.7300000000005 7914.530000000001 199.94
vertex 7152.7300000000005 7914.530000000001 599.95
endloop
endfacet
facet normal -0.7601323341990912 0.6497682929360598 0
outer loop
vertex 7285.46 8047.39 599.95
vertex 7285.46 8047.39 199.94
vertex 7224.2300000000005 7975.76 199.94
endloop
endfacet
facet normal -0.7601323341990912 0.6497682929360598 0
outer loop
vertex 7285.46 8047.39 599.95
vertex 7224.2300000000005 7975.76 199.94
vertex 7224.2300000000005 7975.76 599.95
endloop
endfacet
facet normal -0.8527005494253607 0.522400012451845 0
outer loop
vertex 7334.6 8127.6 599.95
vertex 7334.6 8127.6 199.94
vertex 7285.46 8047.39 199.94
endloop
endfacet
facet normal -0.8527005494253607 0.522400012451845 0
outer loop
vertex 7334.6 8127.6 599.95
vertex 7285.46 8047.39 199.94
vertex 7285.46 8047.39 599.95
endloop
endfacet
facet normal -0.9239326842512654 0.38255508750015543 0
outer loop
vertex 7370.610000000001 8214.57 599.95
vertex 7370.610000000001 8214.57 199.94
vertex 7334.6 8127.6 199.94
endloop
endfacet
facet normal -0.9239326842512654 0.38255508750015543 0
outer loop
vertex 7370.610000000001 8214.57 599.95
vertex 7334.6 8127.6 199.94
vertex 7334.6 8127.6 599.95
endloop
endfacet
facet normal -0.9723747630812004 0.2334251917055642 0
outer loop
vertex 7392.58 8306.09 599.95
vertex 7392.58 8306.09 199.94
vertex 7370.610000000001 8214.57 199.94
endloop
endfacet
facet normal -0.9723747630812004 0.2334251917055642 0
outer loop
vertex 7392.58 8306.09 599.95
vertex 7370.610000000001 8214.57 199.94
vertex 7370.610000000001 8214.57 599.95
endloop
endfacet
facet normal -0.9968981486534678 0.07870248542001824 0
outer loop
vertex 7399.990000000001 8399.95 599.95
vertex 7399.990000000001 8399.95 199.94
vertex 7392.58 8306.09 199.94
endloop
endfacet
facet normal -0.9968981486534678 0.07870248542001824 0
outer loop
vertex 7399.990000000001 8399.95 599.95
vertex 7392.58 8306.09 199.94
vertex 7392.58 8306.09 599.95
endloop
endfacet
facet normal 0.9968809728632061 -0.07891974368501012 0
outer loop
vertex 6997.51 8368.75 599.95
vertex 6997.51 8368.75 199.94
vertex 6999.9800000000005 8399.95 199.94
endloop
endfacet
facet normal 0.9968809728632061 -0.07891974368501012 0
outer loop
vertex 6997.51 8368.75 599.95
vertex 6999.9800000000005 8399.95 199.94
vertex 6999.9800000000005 8399.95 599.95
endloop
endfacet
facet normal 0.9727617825102848 -0.23180706306627805 0
outer loop
vertex 6990.2300000000005 8338.2 599.95
vertex 6990.2300000000005 8338.2 199.94
vertex 6997.51 8368.75 199.94
endloop
endfacet
facet normal 0.9727617825102848 -0.23180706306627805 0
outer loop
vertex 6990.2300000000005 8338.2 599.95
vertex 6997.51 8368.75 199.94
vertex 6997.51 8368.75 599.95
endloop
endfacet
facet normal 0.9229544263226742 -0.3849092450583425 0
outer loop
vertex 6978.14 8309.210000000001 599.95
vertex 6978.14 8309.210000000001 199.94
vertex 6990.2300000000005 8338.2 199.94
endloop
endfacet
facet normal 0.9229544263226742 -0.3849092450583425 0
outer loop
vertex 6978.14 8309.210000000001 599.95
vertex 6990.2300000000005 8338.2 199.94
vertex 6990.2300000000005 8338.2 599.95
endloop
endfacet
facet normal 0.8530770368414116 -0.5217849836991065 0
outer loop
vertex 6961.76 8282.43 599.95
vertex 6961.76 8282.43 199.94
vertex 6978.14 8309.210000000001 199.94
endloop
endfacet
facet normal 0.8530770368414116 -0.5217849836991065 0
outer loop
vertex 6961.76 8282.43 599.95
vertex 6978.14 8309.210000000001 199.94
vertex 6978.14 8309.210000000001 599.95
endloop
endfacet
facet normal 0.7610150910932184 -0.6487341760138591 0
outer loop
vertex 6941.4800000000005 8258.64 599.95
vertex 6941.4800000000005 8258.64 199.94
vertex 6961.76 8282.43 199.94
endloop
endfacet
facet normal 0.7610150910932184 -0.6487341760138591 0
outer loop
vertex 6941.4800000000005 8258.64 599.95
vertex 6961.76 8282.43 199.94
vertex 6961.76 8282.43 599.95
endloop
endfacet
facet normal 0.6490873728329205 -0.7607138637022841 0
outer loop
vertex 6917.56 8238.23 599.95
vertex 6917.56 8238.23 199.94
vertex 6941.4800000000005 8258.64 199.94
endloop
endfacet
facet normal 0.6490873728329205 -0.7607138637022841 0
outer loop
vertex 6917.56 8238.23 599.95
vertex 6941.4800000000005 8258.64 199.94
vertex 6941.4800000000005 8258.64 599.95
endloop
endfacet
facet normal 0.5217849836990983 -0.8530770368414166 0
outer loop
vertex 6890.780000000001 8221.85 599.95
vertex 6890.780000000001 8221.85 199.94
vertex 6917.56 8238.23 199.94
endloop
endfacet
facet normal 0.5217849836990983 -0.8530770368414166 0
outer loop
vertex 6890.780000000001 8221.85 599.95
vertex 6917.56 8238.23 199.94
vertex 6917.56 8238.23 599.95
endloop
endfacet
facet normal 0.3849092450583323 -0.9229544263226787 0
outer loop
vertex 6861.79 8209.76 599.95
vertex 6861.79 8209.76 199.94
vertex 6890.780000000001 8221.85 199.94
endloop
endfacet
facet normal 0.3849092450583323 -0.9229544263226787 0
outer loop
vertex 6861.79 8209.76 599.95
vertex 6890.780000000001 8221.85 199.94
vertex 6890.780000000001 8221.85 599.95
endloop
endfacet
facet normal 0.2318070630662989 -0.9727617825102798 0
outer loop
vertex 6831.24 8202.48 599.95
vertex 6831.24 8202.48 199.94
vertex 6861.79 8209.76 199.94
endloop
endfacet
facet normal 0.2318070630662989 -0.9727617825102798 0
outer loop
vertex 6831.24 8202.48 599.95
vertex 6861.79 8209.76 199.94
vertex 6861.79 8209.76 599.95
endloop
endfacet
facet normal 0.07891974368498353 -0.9968809728632083 0
outer loop
vertex 6800.04 8200.01 599.95
vertex 6800.04 8200.01 199.94
vertex 6831.24 8202.48 199.94
endloop
endfacet
facet normal 0.07891974368498353 -0.9968809728632083 0
outer loop
vertex 6800.04 8200.01 599.95
vertex 6831.24 8202.48 199.94
vertex 6831.24 8202.48 599.95
endloop
endfacet
facet normal -1 0 0
outer loop
vertex 7399.990000000001 8399.95 599.95
vertex 7399.990000000001 9599.98 599.95
vertex 7399.990000000001 9599.98 199.94
endloop
endfacet
facet normal -1 0 0
outer loop
vertex 7399.990000000001 8399.95 599.95
vertex 7399.990000000001 9599.98 199.94
vertex 7399.990000000001 8399.95 199.94
endloop
endfacet
facet normal 1 0 0
outer loop
vertex 6999.9800000000005 9599.98 199.94
vertex 6999.9800000000005 9599.98 599.95
vertex 6999.9800000000005 8399.95 599.95
endloop
endfacet
facet normal 1 0 0
outer loop
vertex 6999.9800000000005 9599.98 199.94
vertex 6999.9800000000005 8399.95 599.95
vertex 6999.9800000000005 8399.95 199.94
endloop
endfacet
facet normal -0.9969066834764655 0.07859430284667165 0
outer loop
vertex 7402.46 9631.31 599.95
vertex 7402.46 9631.31 199.94
vertex 7399.990000000001 9599.98 199.94
endloop
endfacet
facet normal -0.9969066834764655 0.07859430284667165 0
outer loop
vertex 7402.46 9631.31 599.95
vertex 7399.990000000001 9599.98 199.94
vertex 7399.990000000001 9599.98 599.95
endloop
endfacet
facet normal -0.9727617825102812 0.23180706306629234 0
outer loop
vertex 7409.740000000001 9661.86 599.95
vertex 7409.740000000001 9661.86 199.94
vertex 7402.46 9631.31 199.94
endloop
endfacet
facet normal -0.9727617825102812 0.23180706306629234 0
outer loop
vertex 7409.740000000001 9661.86 599.95
vertex 7402.46 9631.31 199.94
vertex 7402.46 9631.31 599.95
endloop
endfacet
facet normal -0.9229544263226847 0.3849092450583179 0
outer loop
vertex 7421.83 9690.85 599.95
vertex 7421.83 9690.85 199.94
vertex 7409.740000000001 9661.86 199.94
endloop
endfacet
facet normal -0.9229544263226847 0.3849092450583179 0
outer loop
vertex 7421.83 9690.85 599.95
vertex 7409.740000000001 9661.86 199.94
vertex 7409.740000000001 9661.86 599.95
endloop
endfacet
facet normal -0.8519435688025909 0.5236336081420909 0
outer loop
vertex 7438.21 9717.5 599.95
vertex 7438.21 9717.5 199.94
vertex 7421.83 9690.85 199.94
endloop
endfacet
facet normal -0.8519435688025909 0.5236336081420909 0
outer loop
vertex 7438.21 9717.5 599.95
vertex 7421.83 9690.85 199.94
vertex 7421.83 9690.85 599.95
endloop
endfacet
facet normal -0.7607138637022841 0.6490873728329205 0
outer loop
vertex 7458.62 9741.42 599.95
vertex 7458.62 9741.42 199.94
vertex 7438.21 9717.5 199.94
endloop
endfacet
facet normal -0.7607138637022841 0.6490873728329205 0
outer loop
vertex 7458.62 9741.42 599.95
vertex 7438.21 9717.5 199.94
vertex 7438.21 9717.5 599.95
endloop
endfacet
facet normal -0.6511328535048819 0.7589637719197075 0
outer loop
vertex 7482.41 9761.83 599.95
vertex 7482.41 9761.83 199.94
vertex 7458.62 9741.42 199.94
endloop
endfacet
facet normal -0.6511328535048819 0.7589637719197075 0
outer loop
vertex 7482.41 9761.83 599.95
vertex 7458.62 9741.42 199.94
vertex 7458.62 9741.42 599.95
endloop
endfacet
facet normal -0.5217849836991276 0.8530770368413987 0
outer loop
vertex 7509.1900000000005 9778.210000000001 599.95
vertex 7509.1900000000005 9778.210000000001 199.94
vertex 7482.41 9761.83 199.94
endloop
endfacet
facet normal -0.5217849836991276 0.8530770368413987 0
outer loop
vertex 7509.1900000000005 9778.210000000001 599.95
vertex 7482.41 9761.83 199.94
vertex 7482.41 9761.83 599.95
endloop
endfacet
facet normal -0.3813752048778977 0.9244203335627909 0
outer loop
vertex 7538.18 9790.17 599.95
vertex 7538.18 9790.17 199.94
vertex 7509.1900000000005 9778.210000000001 199.94
endloop
endfacet
facet normal -0.3813752048778977 0.9244203335627909 0
outer loop
vertex 7538.18 9790.17 599.95
vertex 7509.1900000000005 9778.210000000001 199.94
vertex 7509.1900000000005 9778.210000000001 599.95
endloop
endfacet
facet normal -0.23571838340396975 0.9718214052620054 0
outer loop
vertex 7568.7300000000005 9797.58 599.95
vertex 7568.7300000000005 9797.58 199.94
vertex 7538.18 9790.17 199.94
endloop
endfacet
facet normal -0.23571838340396975 0.9718214052620054 0
outer loop
vertex 7568.7300000000005 9797.58 599.95
vertex 7538.18 9790.17 199.94
vertex 7538.18 9790.17 599.95
endloop
endfacet
facet normal -0.07859430284672916 0.9969066834764609 0
outer loop
vertex 7600.06 9800.050000000001 599.95
vertex 7600.06 9800.050000000001 199.94
vertex 7568.7300000000005 9797.58 199.94
endloop
endfacet
facet normal -0.07859430284672916 0.9969066834764609 0
outer loop
vertex 7600.06 9800.050000000001 599.95
vertex 7568.7300000000005 9797.58 199.94
vertex 7568.7300000000005 9797.58 599.95
endloop
endfacet
facet normal 0.07870248542000866 -0.9968981486534686 0
outer loop
vertex 7506.2 10192.65 599.95
vertex 7506.2 10192.65 199.94
vertex 7600.06 10200.06 199.94
endloop
endfacet
facet normal 0.07870248542000866 -0.9968981486534686 0
outer loop
vertex 7506.2 10192.65 599.95
vertex 7600.06 10200.06 199.94
vertex 7600.06 10200.06 599.95
endloop
endfacet
facet normal 0.23311209659016055 -0.9724498703909316 0
outer loop
vertex 7414.55 10170.68 599.95
vertex 7414.55 10170.68 199.94
vertex 7506.2 10192.65 199.94
endloop
endfacet
facet normal 0.23311209659016055 -0.9724498703909316 0
outer loop
vertex 7414.55 10170.68 599.95
vertex 7506.2 10192.65 199.94
vertex 7506.2 10192.65 599.95
endloop
endfacet
facet normal 0.3837331014909796 -0.9234440463937779 0
outer loop
vertex 7327.58 10134.54 599.95
vertex 7327.58 10134.54 199.94
vertex 7414.55 10170.68 199.94
endloop
endfacet
facet normal 0.3837331014909796 -0.9234440463937779 0
outer loop
vertex 7327.58 10134.54 599.95
vertex 7414.55 10170.68 199.94
vertex 7414.55 10170.68 599.95
endloop
endfacet
facet normal 0.5224000124518521 -0.8527005494253564 0
outer loop
vertex 7247.37 10085.4 599.95
vertex 7247.37 10085.4 199.94
vertex 7327.58 10134.54 199.94
endloop
endfacet
facet normal 0.5224000124518521 -0.8527005494253564 0
outer loop
vertex 7247.37 10085.4 599.95
vertex 7327.58 10134.54 199.94
vertex 7327.58 10134.54 599.95
endloop
endfacet
facet normal 0.6489701144230566 -0.7608139001002313 0
outer loop
vertex 7175.740000000001 10024.300000000001 599.95
vertex 7175.740000000001 10024.300000000001 199.94
vertex 7247.37 10085.4 199.94
endloop
endfacet
facet normal 0.6489701144230566 -0.7608139001002313 0
outer loop
vertex 7175.740000000001 10024.300000000001 599.95
vertex 7247.37 10085.4 199.94
vertex 7247.37 10085.4 599.95
endloop
endfacet
facet normal 0.7608139001002299 -0.6489701144230583 0
outer loop
vertex 7114.64 9952.67 599.95
vertex 7114.64 9952.67 199.94
vertex 7175.740000000001 10024.300000000001 199.94
endloop
endfacet
facet normal 0.7608139001002299 -0.6489701144230583 0
outer loop
vertex 7114.64 9952.67 599.95
vertex 7175.740000000001 10024.300000000001 199.94
vertex 7175.740000000001 10024.300000000001 599.95
endloop
endfacet
facet normal 0.8524624487102314 -0.5227884596459222 0
outer loop
vertex 7065.37 9872.33 599.95
vertex 7065.37 9872.33 199.94
vertex 7114.64 9952.67 199.94
endloop
endfacet
facet normal 0.8524624487102314 -0.5227884596459222 0
outer loop
vertex 7065.37 9872.33 599.95
vertex 7114.64 9952.67 199.94
vertex 7114.64 9952.67 599.95
endloop
endfacet
facet normal 0.9239326842512687 -0.3825550875001472 0
outer loop
vertex 7029.360000000001 9785.36 599.95
vertex 7029.360000000001 9785.36 199.94
vertex 7065.37 9872.33 199.94
endloop
endfacet
facet normal 0.9239326842512687 -0.3825550875001472 0
outer loop
vertex 7029.360000000001 9785.36 599.95
vertex 7065.37 9872.33 199.94
vertex 7065.37 9872.33 599.95
endloop
endfacet
facet normal 0.9723747630811983 -0.23342519170557335 0
outer loop
vertex 7007.39 9693.84 599.95
vertex 7007.39 9693.84 199.94
vertex 7029.360000000001 9785.36 199.94
endloop
endfacet
facet normal 0.9723747630811983 -0.23342519170557335 0
outer loop
vertex 7007.39 9693.84 599.95
vertex 7029.360000000001 9785.36 199.94
vertex 7029.360000000001 9785.36 599.95
endloop
endfacet
facet normal 0.9968981486534686 -0.07870248542000866 0
outer loop
vertex 6999.9800000000005 9599.98 599.95
vertex 6999.9800000000005 9599.98 199.94
vertex 7007.39 9693.84 199.94
endloop
endfacet
facet normal 0.9968981486534686 -0.07870248542000866 0
outer loop
vertex 6999.9800000000005 9599.98 599.95
vertex 7007.39 9693.84 199.94
vertex 7007.39 9693.84 599.95
endloop
endfacet
facet normal -0.99503719020999 -0.09950371902098973 0
outer loop
vertex 7800 9999.99 199.94
vertex 7800 9999.99 599.95
vertex 7796.1 10038.99 599.95
endloop
endfacet
facet normal -0.99503719020999 -0.09950371902098973 0
outer loop
vertex 7800 9999.99 199.94
vertex 7796.1 10038.99 599.95
vertex 7796.1 10038.99 199.94
endloop
endfacet
facet normal -0.9575522734299445 -0.28825968092875004 0
outer loop
vertex 7796.1 10038.99 199.94
vertex 7796.1 10038.99 599.95
vertex 7784.79 10076.56 599.95
endloop
endfacet
facet normal -0.9575522734299445 -0.28825968092875004 0
outer loop
vertex 7796.1 10038.99 199.94
vertex 7784.79 10076.56 599.95
vertex 7784.79 10076.56 199.94
endloop
endfacet
facet normal -0.8821692656664153 -0.4709324651301688 0
outer loop
vertex 7784.79 10076.56 199.94
vertex 7784.79 10076.56 599.95
vertex 7766.33 10111.140000000001 599.95
endloop
endfacet
facet normal -0.8821692656664153 -0.4709324651301688 0
outer loop
vertex 7784.79 10076.56 199.94
vertex 7766.33 10111.140000000001 599.95
vertex 7766.33 10111.140000000001 199.94
endloop
endfacet
facet normal -0.7717389817980329 -0.6359394184773698 0
outer loop
vertex 7766.33 10111.140000000001 199.94
vertex 7766.33 10111.140000000001 599.95
vertex 7741.37 10141.43 599.95
endloop
endfacet
facet normal -0.7717389817980329 -0.6359394184773698 0
outer loop
vertex 7766.33 10111.140000000001 199.94
vertex 7741.37 10141.43 599.95
vertex 7741.37 10141.43 199.94
endloop
endfacet
facet normal -0.6339605003874911 -0.7733654271742705 0
outer loop
vertex 7741.37 10141.43 199.94
vertex 7741.37 10141.43 599.95
vertex 7711.08 10166.26 599.95
endloop
endfacet
facet normal -0.6339605003874911 -0.7733654271742705 0
outer loop
vertex 7741.37 10141.43 199.94
vertex 7711.08 10166.26 599.95
vertex 7711.08 10166.26 199.94
endloop
endfacet
facet normal -0.6339605003874911 0.7733654271742705 0
outer loop
vertex 7711.08 9833.720000000001 199.94
vertex 7711.08 9833.720000000001 599.95
vertex 7741.37 9858.550000000001 599.95
endloop
endfacet
facet normal -0.6339605003874911 0.7733654271742705 0
outer loop
vertex 7711.08 9833.720000000001 199.94
vertex 7741.37 9858.550000000001 599.95
vertex 7741.37 9858.550000000001 199.94
endloop
endfacet
facet normal -0.7717389817980329 0.6359394184773698 0
outer loop
vertex 7741.37 9858.550000000001 199.94
vertex 7741.37 9858.550000000001 599.95
vertex 7766.33 9888.84 599.95
endloop
endfacet
facet normal -0.7717389817980329 0.6359394184773698 0
outer loop
vertex 7741.37 9858.550000000001 199.94
vertex 7766.33 9888.84 599.95
vertex 7766.33 9888.84 199.94
endloop
endfacet
facet normal -0.8821692656664049 0.470932465130188 0
outer loop
vertex 7766.33 9888.84 199.94
vertex 7766.33 9888.84 599.95
vertex 7784.79 9923.42 599.95
endloop
endfacet
facet normal -0.8821692656664049 0.470932465130188 0
outer loop
vertex 7766.33 9888.84 199.94
vertex 7784.79 9923.42 599.95
vertex 7784.79 9923.42 199.94
endloop
endfacet
facet normal -0.9575522734299445 0.28825968092875004 0
outer loop
vertex 7784.79 9923.42 199.94
vertex 7784.79 9923.42 599.95
vertex 7796.1 9960.99 599.95
endloop
endfacet
facet normal -0.9575522734299445 0.28825968092875004 0
outer loop
vertex 7784.79 9923.42 199.94
vertex 7796.1 9960.99 599.95
vertex 7796.1 9960.99 199.94
endloop
endfacet
facet normal -0.99503719020999 0.09950371902098973 0
outer loop
vertex 7796.1 9960.99 199.94
vertex 7796.1 9960.99 599.95
vertex 7800 9999.99 599.95
endloop
endfacet
facet normal -0.99503719020999 0.09950371902098973 0
outer loop
vertex 7796.1 9960.99 199.94
vertex 7800 9999.99 599.95
vertex 7800 9999.99 199.94
endloop
endfacet
facet normal -0.9999999999999999 0 0
outer loop
vertex 7700.030000000001 9827.74 599.95
vertex 7700.030000000001 9827.74 199.94
vertex 7700.030000000001 9800.050000000001 199.94
endloop
endfacet
facet normal -0.9999999999999999 0 0
outer loop
vertex 7700.030000000001 9827.74 599.95
vertex 7700.030000000001 9800.050000000001 199.94
vertex 7700.030000000001 9800.050000000001 599.95
endloop
endfacet
facet normal -1 0 0
outer loop
vertex 7700.030000000001 10200.06 599.95
vertex 7700.030000000001 10200.06 199.94
vertex 7700.030000000001 10172.24 199.94
endloop
endfacet
facet normal -1 0 0
outer loop
vertex 7700.030000000001 10200.06 599.95
vertex 7700.030000000001 10172.24 199.94
vertex 7700.030000000001 10172.24 599.95
endloop
endfacet
facet normal -0.4759497966920458 -0.8794724504092214 0
outer loop
vertex 7700.030000000001 10172.24 199.94
vertex 7711.08 10166.26 199.94
vertex 7711.08 10166.26 599.95
endloop
endfacet
facet normal -0.4759497966920458 -0.8794724504092214 0
outer loop
vertex 7700.030000000001 10172.24 199.94
vertex 7711.08 10166.26 599.95
vertex 7700.030000000001 10172.24 599.95
endloop
endfacet
facet normal -0.4759497966921577 0.8794724504091607 0
outer loop
vertex 7700.030000000001 9827.74 199.94
vertex 7700.030000000001 9827.74 599.95
vertex 7711.08 9833.720000000001 599.95
endloop
endfacet
facet normal -0.4759497966921577 0.8794724504091607 0
outer loop
vertex 7700.030000000001 9827.74 199.94
vertex 7711.08 9833.720000000001 599.95
vertex 7711.08 9833.720000000001 199.94
endloop
endfacet
facet normal 0.2873193268565278 -0.9578348523700271 0
outer loop
vertex 3442.53 5291.52 999.96
vertex 3442.53 5291.52 1399.97
vertex 1442.48 4691.57 1399.97
endloop
endfacet
facet normal 0.2873193268565278 -0.9578348523700271 0
outer loop
vertex 3442.53 5291.52 999.96
vertex 1442.48 4691.57 1399.97
vertex 1442.48 4691.57 999.96
endloop
endfacet
facet normal 0 0 1
outer loop
vertex 7460.96 5296.2 999.96
vertex 7442.76 5290.610000000001 999.96
vertex 7618.91 5290.610000000001 999.96
endloop
endfacet
facet normal 0 0 0.9999999999999999
outer loop
vertex 7460.96 5296.2 999.96
vertex 7618.91 5290.610000000001 999.96
vertex 7499.96 5299.97 999.96
endloop
endfacet
facet normal 0 0 1
outer loop
vertex 7439.51 5290.610000000001 999.96
vertex 7442.76 5290.610000000001 999.96
vertex 7442.5 5291.52 999.96
endloop
endfacet
facet normal 0 0 1
outer loop
vertex 3460.9900000000002 5296.2 999.96
vertex 3442.79 5290.610000000001 999.96
vertex 3618.94 5290.610000000001 999.96
endloop
endfacet
facet normal 0 0 0.9999999999999999
outer loop
vertex 3460.9900000000002 5296.2 999.96
vertex 3618.94 5290.610000000001 999.96
vertex 3499.9900000000002 5299.97 999.96
endloop
endfacet
facet normal 0 0 1
outer loop
vertex 3439.4100000000003 5290.610000000001 999.96
vertex 3442.79 5290.610000000001 999.96
vertex 3442.53 5291.52 999.96
endloop
endfacet
facet normal 0 0 1
outer loop
vertex 7647.12 5126.16 999.96
vertex 7442.76 5290.610000000001 999.96
vertex 7439.51 5290.610000000001 999.96
endloop
endfacet
facet normal 0 0 1
outer loop
vertex 7647.12 5126.16 999.96
vertex 7439.51 5290.610000000001 999.96
vertex 6131.1900000000005 4898.14 999.96
endloop
endfacet
facet normal 0 0 1
outer loop
vertex 7647.12 5126.16 999.96
vertex 6131.1900000000005 4898.14 999.96
vertex 7523.2300000000005 4898.14 999.96
endloop
endfacet
facet normal 0 0 1
outer loop
vertex 7647.12 5126.16 999.96
vertex 7523.2300000000005 4898.14 999.96
vertex 8191.43 4898.14 999.96
endloop
endfacet
facet normal 0 0 0.9999999999999999
outer loop
vertex 7647.12 5126.16 999.96
vertex 8191.43 4898.14 999.96
vertex 8147.2300000000005 4970.29 999.96
endloop
endfacet
facet normal 0 0 0.9999999999999999
outer loop
vertex 7647.12 5126.16 999.96
vertex 8147.2300000000005 4970.29 999.96
vertex 8065.72 5065.71 999.96
endloop
endfacet
facet normal 0 0 0.9999999999999999
outer loop
vertex 7647.12 5126.16 999.96
vertex 8065.72 5065.71 999.96
vertex 7970.17 5147.22 999.96
endloop
endfacet
facet normal 0 0 0.9999999999999999
outer loop
vertex 7647.12 5126.16 999.96
vertex 7970.17 5147.22 999.96
vertex 7863.18 5212.87 999.96
endloop
endfacet
facet normal 0 0 1
outer loop
vertex 7647.12 5126.16 999.96
vertex 7863.18 5212.87 999.96
vertex 7747.22 5260.84 999.96
endloop
endfacet
facet normal 0 0 1
outer loop
vertex 7647.12 5126.16 999.96
vertex 7747.22 5260.84 999.96
vertex 7625.150000000001 5290.09 999.96
endloop
endfacet
facet normal 0 0 1
outer loop
vertex 7647.12 5126.16 999.96
vertex 7625.150000000001 5290.09 999.96
vertex 7618.91 5290.610000000001 999.96
endloop
endfacet
facet normal 0 0 0.9999999999999999
outer loop
vertex 7647.12 5126.16 999.96
vertex 7618.91 5290.610000000001 999.96
vertex 7442.76 5290.610000000001 999.96
endloop
endfacet
facet normal 0 0 1
outer loop
vertex 3647.15 5126.16 999.96
vertex 3442.79 5290.610000000001 999.96
vertex 3439.4100000000003 5290.610000000001 999.96
endloop
endfacet
facet normal 0 0 1
outer loop
vertex 3647.15 5126.16 999.96
vertex 3439.4100000000003 5290.610000000001 999.96
vertex 2131.2200000000003 4898.14 999.96
endloop
endfacet
facet normal 0 0 1
outer loop
vertex 3647.15 5126.16 999.96
vertex 2131.2200000000003 4898.14 999.96
vertex 3523.26 4898.14 999.96
endloop
endfacet
facet normal 0 0 1
outer loop
vertex 3647.15 5126.16 999.96
vertex 3523.26 4898.14 999.96
vertex 4191.33 4898.14 999.96
endloop
endfacet
facet normal 0 0 1
outer loop
vertex 3647.15 5126.16 999.96
vertex 4191.33 4898.14 999.96
vertex 4147.26 4970.29 999.96
endloop
endfacet
facet normal 0 0 1
outer loop
vertex 3647.15 5126.16 999.96
vertex 4147.26 4970.29 999.96
vertex 4065.75 5065.71 999.96
endloop
endfacet
facet normal 0 0 1
outer loop
vertex 3647.15 5126.16 999.96
vertex 4065.75 5065.71 999.96
vertex 3970.2000000000003 5147.22 999.96
endloop
endfacet
facet normal 0 0 1
outer loop
vertex 3647.15 5126.16 999.96
vertex 3970.2000000000003 5147.22 999.96
vertex 3863.21 5212.87 999.96
endloop
endfacet
facet normal 0 0 1
outer loop
vertex 3647.15 5126.16 999.96
vertex 3863.21 5212.87 999.96
vertex 3747.25 5260.84 999.96
endloop
endfacet
facet normal 0 0 0.9999999999999999
outer loop
vertex 3647.15 5126.16 999.96
vertex 3747.25 5260.84 999.96
vertex 3625.1800000000003 5290.09 999.96
endloop
endfacet
facet normal 0 0 0.9999999999999999
outer loop
vertex 3647.15 5126.16 999.96
vertex 3625.1800000000003 5290.09 999.96
vertex 3618.94 5290.610000000001 999.96
endloop
endfacet
facet normal 0 0 1
outer loop
vertex 3647.15 5126.16 999.96
vertex 3618.94 5290.610000000001 999.96
vertex 3442.79 5290.610000000001 999.96
endloop
endfacet
facet normal 0 0 1
outer loop
vertex 7523.2300000000005 4898.14 999.96
vertex 7562.62 4895.02 999.96
vertex 8193.25 4895.02 999.96
endloop
endfacet
facet normal 0 0 1
outer loop
vertex 7523.2300000000005 4898.14 999.96
vertex 8193.25 4895.02 999.96
vertex 8191.43 4898.14 999.96
endloop
endfacet
facet normal 0 0 1
outer loop
vertex 3523.26 4898.14 999.96
vertex 3562.52 4895.02 999.96
vertex 4193.28 4895.02 999.96
endloop
endfacet
facet normal 0 0 1
outer loop
vertex 3523.26 4898.14 999.96
vertex 4193.28 4895.02 999.96
vertex 4191.33 4898.14 999.96
endloop
endfacet
facet normal 0 0 1
outer loop
vertex 7562.62 4895.02 999.96
vertex 7623.59 4880.46 999.96
vertex 8202.220000000001 4880.46 999.96
endloop
endfacet
facet normal 0 0 1
outer loop
vertex 7562.62 4895.02 999.96
vertex 8202.220000000001 4880.46 999.96
vertex 8193.25 4895.02 999.96
endloop
endfacet
facet normal 0 0 1
outer loop
vertex 3562.52 4895.02 999.96
vertex 3623.6200000000003 4880.46 999.96
vertex 4202.25 4880.46 999.96
endloop
endfacet
facet normal 0 0 1
outer loop
vertex 3562.52 4895.02 999.96
vertex 4202.25 4880.46 999.96
vertex 4193.28 4895.02 999.96
endloop
endfacet
facet normal 0 0 1
outer loop
vertex 7987.200000000001 4867.33 999.96
vertex 7623.59 4880.46 999.96
vertex 7681.570000000001 4856.41 999.96
endloop
endfacet
facet normal 0 0 1
outer loop
vertex 7987.200000000001 4867.33 999.96
vertex 7681.570000000001 4856.41 999.96
vertex 8215.61 4856.41 999.96
endloop
endfacet
facet normal 0 0 1
outer loop
vertex 7987.200000000001 4867.33 999.96
vertex 8215.61 4856.41 999.96
vertex 8212.75 4863.17 999.96
endloop
endfacet
facet normal 0 0 1
outer loop
vertex 7987.200000000001 4867.33 999.96
vertex 8212.75 4863.17 999.96
vertex 8202.220000000001 4880.46 999.96
endloop
endfacet
facet normal 0 0 1
outer loop
vertex 7987.200000000001 4867.33 999.96
vertex 8202.220000000001 4880.46 999.96
vertex 7623.59 4880.46 999.96
endloop
endfacet
facet normal 0 0 1
outer loop
vertex 3987.23 4867.33 999.96
vertex 3623.6200000000003 4880.46 999.96
vertex 3681.6 4856.41 999.96
endloop
endfacet
facet normal 0 0 1
outer loop
vertex 3987.23 4867.33 999.96
vertex 3681.6 4856.41 999.96
vertex 4215.64 4856.41 999.96
endloop
endfacet
facet normal 0 0 1
outer loop
vertex 3987.23 4867.33 999.96
vertex 4215.64 4856.41 999.96
vertex 4212.78 4863.17 999.96
endloop
endfacet
facet normal 0 0 1
outer loop
vertex 3987.23 4867.33 999.96
vertex 4212.78 4863.17 999.96
vertex 4202.25 4880.46 999.96
endloop
endfacet
facet normal 0 0 0.9999999999999999
outer loop
vertex 3987.23 4867.33 999.96
vertex 4202.25 4880.46 999.96
vertex 3623.6200000000003 4880.46 999.96
endloop
endfacet
facet normal 0 0 0.9999999999999999
outer loop
vertex 7681.570000000001 4856.41 999.96
vertex 7735.13 4823.650000000001 999.96
vertex 8229.26 4823.650000000001 999.96
endloop
endfacet
facet normal 0 0 1
outer loop
vertex 7681.570000000001 4856.41 999.96
vertex 8229.26 4823.650000000001 999.96
vertex 8215.61 4856.41 999.96
endloop
endfacet
facet normal 0 0 0.9999999999999999
outer loop
vertex 3681.6 4856.41 999.96
vertex 3735.1600000000003 4823.650000000001 999.96
vertex 4229.16 4823.650000000001 999.96
endloop
endfacet
facet normal 0 0 1
outer loop
vertex 3681.6 4856.41 999.96
vertex 4229.16 4823.650000000001 999.96
vertex 4215.64 4856.41 999.96
endloop
endfacet
facet normal 0 0 1
outer loop
vertex 7735.13 4823.650000000001 999.96
vertex 7782.84 4782.83 999.96
vertex 8246.03 4782.83 999.96
endloop
endfacet
facet normal 0 0 1
outer loop
vertex 7735.13 4823.650000000001 999.96
vertex 8246.03 4782.83 999.96
vertex 8229.26 4823.650000000001 999.96
endloop
endfacet
facet normal 0 0 1
outer loop
vertex 3735.1600000000003 4823.650000000001 999.96
vertex 3782.8700000000003 4782.83 999.96
vertex 4246.06 4782.83 999.96
endloop
endfacet
facet normal 0 0 1
outer loop
vertex 3735.1600000000003 4823.650000000001 999.96
vertex 4246.06 4782.83 999.96
vertex 4229.16 4823.650000000001 999.96
endloop
endfacet
facet normal 0 0 1
outer loop
vertex 8075.47 4756.57 999.96
vertex 7782.84 4782.83 999.96
vertex 7823.66 4735.12 999.96
endloop
endfacet
facet normal 0 0 1
outer loop
vertex 8075.47 4756.57 999.96
vertex 7823.66 4735.12 999.96
vertex 8263.710000000001 4735.12 999.96
endloop
endfacet
facet normal 0 0 0.9999999999999999
outer loop
vertex 8075.47 4756.57 999.96
vertex 8263.710000000001 4735.12 999.96
vertex 8260.85 4747.21 999.96
endloop
endfacet
facet normal 0 0 1
outer loop
vertex 8075.47 4756.57 999.96
vertex 8260.85 4747.21 999.96
vertex 8246.03 4782.83 999.96
endloop
endfacet
facet normal 0 0 1
outer loop
vertex 8075.47 4756.57 999.96
vertex 8246.03 4782.83 999.96
vertex 7782.84 4782.83 999.96
endloop
endfacet
facet normal 0 0 1
outer loop
vertex 4075.3700000000003 4756.57 999.96
vertex 3782.8700000000003 4782.83 999.96
vertex 3823.56 4735.12 999.96
endloop
endfacet
facet normal 0 0 1
outer loop
vertex 4075.3700000000003 4756.57 999.96
vertex 3823.56 4735.12 999.96
vertex 4263.74 4735.12 999.96
endloop
endfacet
facet normal 0 0 1
outer loop
vertex 4075.3700000000003 4756.57 999.96
vertex 4263.74 4735.12 999.96
vertex 4260.88 4747.21 999.96
endloop
endfacet
facet normal 0 0 1
outer loop
vertex 4075.3700000000003 4756.57 999.96
vertex 4260.88 4747.21 999.96
vertex 4246.06 4782.83 999.96
endloop
endfacet
facet normal 0 0 1
outer loop
vertex 4075.3700000000003 4756.57 999.96
vertex 4246.06 4782.83 999.96
vertex 3782.8700000000003 4782.83 999.96
endloop
endfacet
facet normal 0 0 1
outer loop
vertex 9720.75 4695.47 999.96
vertex 9500.01 4700.02 999.96
vertex 9461.01 4696.12 999.96
endloop
endfacet
facet normal 0 0 1
outer loop
vertex 9720.75 4695.47 999.96
vertex 9461.01 4696.12 999.96
vertex 9442.81 4690.66 999.96
endloop
endfacet
facet normal 0 0 1
outer loop
vertex 9720.75 4695.47 999.96
vertex 9442.81 4690.66 999.96
vertex 10099.960000000001 4690.66 999.96
endloop
endfacet
facet normal 0 0 1
outer loop
vertex 9720.75 4695.47 999.96
vertex 10099.960000000001 4690.66 999.96
vertex 10099.960000000001 4700.02 999.96
endloop
endfacet
facet normal 0 0 1
outer loop
vertex 9720.75 4695.47 999.96
vertex 10099.960000000001 4700.02 999.96
vertex 9500.01 4700.02 999.96
endloop
endfacet
facet normal 0 0 0.9999999999999999
outer loop
vertex 9439.43 4690.66 999.96
vertex 9442.81 4690.66 999.96
vertex 9442.550000000001 4691.57 999.96
endloop
endfacet
facet normal 0 0 1
outer loop
vertex 7823.66 4735.12 999.96
vertex 7856.42 4681.56 999.96
vertex 8276.58 4681.56 999.96
endloop
endfacet
facet normal 0 0 1
outer loop
vertex 7823.66 4735.12 999.96
vertex 8276.58 4681.56 999.96
vertex 8263.710000000001 4735.12 999.96
endloop
endfacet
facet normal 0 0 1
outer loop
vertex 3823.56 4735.12 999.96
vertex 3856.4500000000003 4681.56 999.96
vertex 4276.610000000001 4681.56 999.96
endloop
endfacet
facet normal 0 0 1
outer loop
vertex 3823.56 4735.12 999.96
vertex 4276.610000000001 4681.56 999.96
vertex 4263.74 4735.12 999.96
endloop
endfacet
facet normal 0 0 1
outer loop
vertex 8118.76 4647.110000000001 999.96
vertex 7856.42 4681.56 999.96
vertex 7880.47 4623.58 999.96
endloop
endfacet
facet normal 0 0 0.9999999999999999
outer loop
vertex 8118.76 4647.110000000001 999.96
vertex 7880.47 4623.58 999.96
vertex 8290.23 4623.58 999.96
endloop
endfacet
facet normal 0 0 1
outer loop
vertex 8118.76 4647.110000000001 999.96
vertex 8290.23 4623.58 999.96
vertex 8290.1 4625.14 999.96
endloop
endfacet
facet normal 0 0 1
outer loop
vertex 8118.76 4647.110000000001 999.96
vertex 8290.1 4625.14 999.96
vertex 8276.58 4681.56 999.96
endloop
endfacet
facet normal 0 0 1
outer loop
vertex 8118.76 4647.110000000001 999.96
vertex 8276.58 4681.56 999.96
vertex 7856.42 4681.56 999.96
endloop
endfacet
facet normal 0 0 0.9999999999999999
outer loop
vertex 4118.79 4647.110000000001 999.96
vertex 3856.4500000000003 4681.56 999.96
vertex 3880.3700000000003 4623.58 999.96
endloop
endfacet
facet normal 0 0 1
outer loop
vertex 4118.79 4647.110000000001 999.96
vertex 3880.3700000000003 4623.58 999.96
vertex 4290.26 4623.58 999.96
endloop
endfacet
facet normal 0 0 1
outer loop
vertex 4118.79 4647.110000000001 999.96
vertex 4290.26 4623.58 999.96
vertex 4290.13 4625.14 999.96
endloop
endfacet
facet normal 0 0 1
outer loop
vertex 4118.79 4647.110000000001 999.96
vertex 4290.13 4625.14 999.96
vertex 4276.610000000001 4681.56 999.96
endloop
endfacet
facet normal 0 0 1
outer loop
vertex 4118.79 4647.110000000001 999.96
vertex 4276.610000000001 4681.56 999.96
vertex 3856.4500000000003 4681.56 999.96
endloop
endfacet
facet normal 0 0 1
outer loop
vertex 7880.47 4623.58 999.96
vertex 7895.030000000001 4562.610000000001 999.96
vertex 8295.04 4562.610000000001 999.96
endloop
endfacet
facet normal 0 0 1
outer loop
vertex 7880.47 4623.58 999.96
vertex 8295.04 4562.610000000001 999.96
vertex 8290.23 4623.58 999.96
endloop
endfacet
facet normal 0 0 1
outer loop
vertex 3880.3700000000003 4623.58 999.96
vertex 3895.06 4562.610000000001 999.96
vertex 4295.07 4562.610000000001 999.96
endloop
endfacet
facet normal 0 0 1
outer loop
vertex 3880.3700000000003 4623.58 999.96
vertex 4295.07 4562.610000000001 999.96
vertex 4290.26 4623.58 999.96
endloop
endfacet
facet normal 0 0 1
outer loop
vertex 7895.030000000001 4562.610000000001 999.96
vertex 7899.97 4499.95 999.96
vertex 8299.98 4499.95 999.96
endloop
endfacet
facet normal 0 0 1
outer loop
vertex 7895.030000000001 4562.610000000001 999.96
vertex 8299.98 4499.95 999.96
vertex 8295.04 4562.610000000001 999.96
endloop
endfacet
facet normal 0 0 1
outer loop
vertex 6131.1900000000005 4898.14 999.96
vertex 4804.02 4499.95 999.96
vertex 6196.06 4499.95 999.96
endloop
endfacet
facet normal 0 0 1
outer loop
vertex 6131.1900000000005 4898.14 999.96
vertex 6196.06 4499.95 999.96
vertex 7523.2300000000005 4898.14 999.96
endloop
endfacet
facet normal 0 0 1
outer loop
vertex 3895.06 4562.610000000001 999.96
vertex 3900 4499.95 999.96
vertex 4300.01 4499.95 999.96
endloop
endfacet
facet normal 0 0 1
outer loop
vertex 3895.06 4562.610000000001 999.96
vertex 4300.01 4499.95 999.96
vertex 4295.07 4562.610000000001 999.96
endloop
endfacet
facet normal 0 0 1
outer loop
vertex 2158.52 4697.55 999.96
vertex 2131.2200000000003 4898.14 999.96
vertex 1442.48 4691.57 999.96
endloop
endfacet
facet normal 0 0 1
outer loop
vertex 2158.52 4697.55 999.96
vertex 1442.48 4691.57 999.96
vertex 1499.94 4499.95 999.96
endloop
endfacet
facet normal 0 0 1
outer loop
vertex 2158.52 4697.55 999.96
vertex 1499.94 4499.95 999.96
vertex 2195.96 4499.95 999.96
endloop
endfacet
facet normal 0 0 1
outer loop
vertex 2158.52 4697.55 999.96
vertex 2195.96 4499.95 999.96
vertex 3523.26 4898.14 999.96
endloop
endfacet
facet normal 0 0 1
outer loop
vertex 2158.52 4697.55 999.96
vertex 3523.26 4898.14 999.96
vertex 2131.2200000000003 4898.14 999.96
endloop
endfacet
facet normal 0 0 1
outer loop
vertex 7899.97 4499.95 999.96
vertex 7895.030000000001 4437.42 999.96
vertex 8295.04 4437.42 999.96
endloop
endfacet
facet normal 0 0 1
outer loop
vertex 7899.97 4499.95 999.96
vertex 8295.04 4437.42 999.96
vertex 8299.98 4499.95 999.96
endloop
endfacet
facet normal 0 0 1
outer loop
vertex 3900 4499.95 999.96
vertex 3895.06 4437.42 999.96
vertex 4295.07 4437.42 999.96
endloop
endfacet
facet normal 0 0 1
outer loop
vertex 3900 4499.95 999.96
vertex 4295.07 4437.42 999.96
vertex 4300.01 4499.95 999.96
endloop
endfacet
facet normal 0 0 1
outer loop
vertex 9527.57 4584.58 999.96
vertex 9442.81 4690.66 999.96
vertex 9439.43 4690.66 999.96
endloop
endfacet
facet normal 0 0 1
outer loop
vertex 9527.57 4584.58 999.96
vertex 9439.43 4690.66 999.96
vertex 8555.69 4425.46 999.96
endloop
endfacet
facet normal 0 0 1
outer loop
vertex 9527.57 4584.58 999.96
vertex 8555.69 4425.46 999.96
vertex 10099.960000000001 4425.46 999.96
endloop
endfacet
facet normal 0 0 1
outer loop
vertex 9527.57 4584.58 999.96
vertex 10099.960000000001 4425.46 999.96
vertex 10099.960000000001 4690.66 999.96
endloop
endfacet
facet normal 0 0 1
outer loop
vertex 9527.57 4584.58 999.96
vertex 10099.960000000001 4690.66 999.96
vertex 9442.81 4690.66 999.96
endloop
endfacet
facet normal 0 0 1
outer loop
vertex 7895.030000000001 4437.42 999.96
vertex 7880.47 4376.45 999.96
vertex 8290.23 4376.45 999.96
endloop
endfacet
facet normal 0 0 1
outer loop
vertex 7895.030000000001 4437.42 999.96
vertex 8290.23 4376.45 999.96
vertex 8295.04 4437.42 999.96
endloop
endfacet
facet normal 0 0 1
outer loop
vertex 3895.06 4437.42 999.96
vertex 3880.3700000000003 4376.45 999.96
vertex 4290.26 4376.45 999.96
endloop
endfacet
facet normal 0 0 1
outer loop
vertex 3895.06 4437.42 999.96
vertex 4290.26 4376.45 999.96
vertex 4295.07 4437.42 999.96
endloop
endfacet
facet normal 0 0 1
outer loop
vertex 9449.83 4381.650000000001 999.96
vertex 8555.69 4425.46 999.96
vertex 8282.69 4343.56 999.96
endloop
endfacet
facet normal 0 0 1
outer loop
vertex 9449.83 4381.650000000001 999.96
vertex 8282.69 4343.56 999.96
vertex 10163.53 4343.56 999.96
endloop
endfacet
facet normal 0 0 1
outer loop
vertex 9449.83 4381.650000000001 999.96
vertex 10163.53 4343.56 999.96
vertex 10147.15 4370.21 999.96
endloop
endfacet
facet normal 0 0 1
outer loop
vertex 9449.83 4381.650000000001 999.96
vertex 10147.15 4370.21 999.96
vertex 10099.960000000001 4425.46 999.96
endloop
endfacet
facet normal 0 0 1
outer loop
vertex 9449.83 4381.650000000001 999.96
vertex 10099.960000000001 4425.46 999.96
vertex 8555.69 4425.46 999.96
endloop
endfacet
facet normal 0 0 1
outer loop
vertex 8122.01 4362.93 999.96
vertex 7880.47 4376.45 999.96
vertex 7866.820000000001 4343.56 999.96
endloop
endfacet
facet normal 0 0 1
outer loop
vertex 8122.01 4362.93 999.96
vertex 7866.820000000001 4343.56 999.96
vertex 8282.69 4343.56 999.96
endloop
endfacet
facet normal 0 0 1
outer loop
vertex 8122.01 4362.93 999.96
vertex 8282.69 4343.56 999.96
vertex 8290.1 4374.89 999.96
endloop
endfacet
facet normal 0 0 1
outer loop
vertex 8122.01 4362.93 999.96
vertex 8290.1 4374.89 999.96
vertex 8290.23 4376.45 999.96
endloop
endfacet
facet normal 0 0 1
outer loop
vertex 8122.01 4362.93 999.96
vertex 8290.23 4376.45 999.96
vertex 7880.47 4376.45 999.96
endloop
endfacet
facet normal 0 0 1
outer loop
vertex 4804.02 4499.95 999.96
vertex 4282.59 4343.56 999.96
vertex 6717.360000000001 4343.56 999.96
endloop
endfacet
facet normal 0 0 1
outer loop
vertex 4804.02 4499.95 999.96
vertex 6717.360000000001 4343.56 999.96
vertex 6196.06 4499.95 999.96
endloop
endfacet
facet normal 0 0 1
outer loop
vertex 4122.04 4362.93 999.96
vertex 3880.3700000000003 4376.45 999.96
vertex 3866.85 4343.56 999.96
endloop
endfacet
facet normal 0 0 1
outer loop
vertex 4122.04 4362.93 999.96
vertex 3866.85 4343.56 999.96
vertex 4282.59 4343.56 999.96
endloop
endfacet
facet normal 0 0 1
outer loop
vertex 4122.04 4362.93 999.96
vertex 4282.59 4343.56 999.96
vertex 4290.13 4374.89 999.96
endloop
endfacet
facet normal 0 0 1
outer loop
vertex 4122.04 4362.93 999.96
vertex 4290.13 4374.89 999.96
vertex 4290.26 4376.45 999.96
endloop
endfacet
facet normal 0 0 1
outer loop
vertex 4122.04 4362.93 999.96
vertex 4290.26 4376.45 999.96
vertex 3880.3700000000003 4376.45 999.96
endloop
endfacet
facet normal 0 0 1
outer loop
vertex 8869.64 4333.42 999.96
vertex 8282.69 4343.56 999.96
vertex 7866.820000000001 4343.56 999.96
endloop
endfacet
facet normal 0 0 1
outer loop
vertex 8869.64 4333.42 999.96
vertex 7866.820000000001 4343.56 999.96
vertex 7856.42 4318.34 999.96
endloop
endfacet
facet normal 0 0 1
outer loop
vertex 8869.64 4333.42 999.96
vertex 7856.42 4318.34 999.96
vertex 10179 4318.34 999.96
endloop
endfacet
facet normal 0 0 1
outer loop
vertex 8869.64 4333.42 999.96
vertex 10179 4318.34 999.96
vertex 10163.53 4343.56 999.96
endloop
endfacet
facet normal 0 0 1
outer loop
vertex 8869.64 4333.42 999.96
vertex 10163.53 4343.56 999.96
vertex 8282.69 4343.56 999.96
endloop
endfacet
facet normal 0 0 1
outer loop
vertex 5104.97 4333.42 999.96
vertex 4282.59 4343.56 999.96
vertex 3866.85 4343.56 999.96
endloop
endfacet
facet normal 0 0 0.9999999999999999
outer loop
vertex 5104.97 4333.42 999.96
vertex 3866.85 4343.56 999.96
vertex 3856.4500000000003 4318.34 999.96
endloop
endfacet
facet normal 0 0 1
outer loop
vertex 5104.97 4333.42 999.96
vertex 3856.4500000000003 4318.34 999.96
vertex 6801.34 4318.34 999.96
endloop
endfacet
facet normal 0 0 1
outer loop
vertex 5104.97 4333.42 999.96
vertex 6801.34 4318.34 999.96
vertex 6717.360000000001 4343.56 999.96
endloop
endfacet
facet normal 0 0 1
outer loop
vertex 5104.97 4333.42 999.96
vertex 6717.360000000001 4343.56 999.96
vertex 4282.59 4343.56 999.96
endloop
endfacet
facet normal 0 0 0.9999999999999999
outer loop
vertex 9118.85 4306.25 999.96
vertex 7856.42 4318.34 999.96
vertex 7843.9400000000005 4298.1900000000005 999.96
endloop
endfacet
facet normal 0 0 1
outer loop
vertex 9118.85 4306.25 999.96
vertex 7843.9400000000005 4298.1900000000005 999.96
vertex 9523.28 4298.1900000000005 999.96
endloop
endfacet
facet normal 0 0 1
outer loop
vertex 9118.85 4306.25 999.96
vertex 9523.28 4298.1900000000005 999.96
vertex 10191.35 4298.1900000000005 999.96
endloop
endfacet
facet normal 0 0 0.9999999999999999
outer loop
vertex 9118.85 4306.25 999.96
vertex 10191.35 4298.1900000000005 999.96
vertex 10179 4318.34 999.96
endloop
endfacet
facet normal 0 0 1
outer loop
vertex 9118.85 4306.25 999.96
vertex 10179 4318.34 999.96
vertex 7856.42 4318.34 999.96
endloop
endfacet
facet normal 0 0 1
outer loop
vertex 9523.28 4298.1900000000005 999.96
vertex 9562.54 4295.07 999.96
vertex 10193.300000000001 4295.07 999.96
endloop
endfacet
facet normal 0 0 1
outer loop
vertex 9523.28 4298.1900000000005 999.96
vertex 10193.300000000001 4295.07 999.96
vertex 10191.35 4298.1900000000005 999.96
endloop
endfacet
facet normal 0 0 1
outer loop
vertex 5377.97 4302.09 999.96
vertex 3856.4500000000003 4318.34 999.96
vertex 3839.6800000000003 4291.17 999.96
endloop
endfacet
facet normal 0 0 1
outer loop
vertex 5377.97 4302.09 999.96
vertex 3839.6800000000003 4291.17 999.96
vertex 5500.04 4291.17 999.96
endloop
endfacet
facet normal 0 0 1
outer loop
vertex 5377.97 4302.09 999.96
vertex 5500.04 4291.17 999.96
vertex 6892.08 4291.17 999.96
endloop
endfacet
facet normal 0 0 1
outer loop
vertex 5377.97 4302.09 999.96
vertex 6892.08 4291.17 999.96
vertex 6801.34 4318.34 999.96
endloop
endfacet
facet normal 0 0 0.9999999999999999
outer loop
vertex 5377.97 4302.09 999.96
vertex 6801.34 4318.34 999.96
vertex 3856.4500000000003 4318.34 999.96
endloop
endfacet
facet normal 0 0 1
outer loop
vertex 9562.54 4295.07 999.96
vertex 9623.640000000001 4280.38 999.96
vertex 10202.27 4280.38 999.96
endloop
endfacet
facet normal 0 0 0.9999999999999999
outer loop
vertex 9562.54 4295.07 999.96
vertex 10202.27 4280.38 999.96
vertex 10193.300000000001 4295.07 999.96
endloop
endfacet
facet normal 0 0 1
outer loop
vertex 7843.9400000000005 4298.1900000000005 999.96
vertex 7823.66 4264.91 999.96
vertex 9412.26 4264.91 999.96
endloop
endfacet
facet normal 0 0 1
outer loop
vertex 7843.9400000000005 4298.1900000000005 999.96
vertex 9412.26 4264.91 999.96
vertex 9523.28 4298.1900000000005 999.96
endloop
endfacet
facet normal 0 0 1
outer loop
vertex 3839.6800000000003 4291.17 999.96
vertex 3823.56 4264.91 999.96
vertex 5412.29 4264.91 999.96
endloop
endfacet
facet normal 0 0 1
outer loop
vertex 3839.6800000000003 4291.17 999.96
vertex 5412.29 4264.91 999.96
vertex 5500.04 4291.17 999.96
endloop
endfacet
facet normal 0 0 1
outer loop
vertex 9987.25 4267.38 999.96
vertex 9623.640000000001 4280.38 999.96
vertex 9681.62 4256.46 999.96
endloop
endfacet
facet normal 0 0 1
outer loop
vertex 9987.25 4267.38 999.96
vertex 9681.62 4256.46 999.96
vertex 10215.66 4256.46 999.96
endloop
endfacet
facet normal 0 0 0.9999999999999999
outer loop
vertex 9987.25 4267.38 999.96
vertex 10215.66 4256.46 999.96
vertex 10212.800000000001 4263.22 999.96
endloop
endfacet
facet normal 0 0 1
outer loop
vertex 9987.25 4267.38 999.96
vertex 10212.800000000001 4263.22 999.96
vertex 10202.27 4280.38 999.96
endloop
endfacet
facet normal 0 0 1
outer loop
vertex 9987.25 4267.38 999.96
vertex 10202.27 4280.38 999.96
vertex 9623.640000000001 4280.38 999.96
endloop
endfacet
facet normal 0 0 1
outer loop
vertex 9681.62 4256.46 999.96
vertex 9735.050000000001 4223.57 999.96
vertex 10229.18 4223.57 999.96
endloop
endfacet
facet normal 0 0 1
outer loop
vertex 9681.62 4256.46 999.96
vertex 10229.18 4223.57 999.96
vertex 10215.66 4256.46 999.96
endloop
endfacet
facet normal 0 0 1
outer loop
vertex 5500.04 4291.17 999.96
vertex 5740.41 4219.02 999.96
vertex 7132.45 4219.02 999.96
endloop
endfacet
facet normal 0 0 1
outer loop
vertex 5500.04 4291.17 999.96
vertex 7132.45 4219.02 999.96
vertex 6892.08 4291.17 999.96
endloop
endfacet
facet normal 0 0 1
outer loop
vertex 7823.66 4264.91 999.96
vertex 7782.84 4217.2 999.96
vertex 9253.27 4217.2 999.96
endloop
endfacet
facet normal 0 0 1
outer loop
vertex 7823.66 4264.91 999.96
vertex 9253.27 4217.2 999.96
vertex 9412.26 4264.91 999.96
endloop
endfacet
facet normal 0 0 1
outer loop
vertex 3823.56 4264.91 999.96
vertex 3782.8700000000003 4217.2 999.96
vertex 5253.17 4217.2 999.96
endloop
endfacet
facet normal 0 0 1
outer loop
vertex 3823.56 4264.91 999.96
vertex 5253.17 4217.2 999.96
vertex 5412.29 4264.91 999.96
endloop
endfacet
facet normal 0 0 1
outer loop
vertex 9735.050000000001 4223.57 999.96
vertex 9782.890000000001 4182.88 999.96
vertex 10246.08 4182.88 999.96
endloop
endfacet
facet normal 0 0 1
outer loop
vertex 9735.050000000001 4223.57 999.96
vertex 10246.08 4182.88 999.96
vertex 10229.18 4223.57 999.96
endloop
endfacet
facet normal 0 0 1
outer loop
vertex 5740.41 4219.02 999.96
vertex 5782.79 4182.88 999.96
vertex 7253.22 4182.88 999.96
endloop
endfacet
facet normal 0 0 1
outer loop
vertex 5740.41 4219.02 999.96
vertex 7253.22 4182.88 999.96
vertex 7132.45 4219.02 999.96
endloop
endfacet
facet normal 0 0 1
outer loop
vertex 7782.84 4217.2 999.96
vertex 7740.46 4180.93 999.96
vertex 9132.5 4180.93 999.96
endloop
endfacet
facet normal 0 0 0.9999999999999999
outer loop
vertex 7782.84 4217.2 999.96
vertex 9132.5 4180.93 999.96
vertex 9253.27 4217.2 999.96
endloop
endfacet
facet normal 0 0 1
outer loop
vertex 3782.8700000000003 4217.2 999.96
vertex 3740.4900000000002 4180.93 999.96
vertex 5132.53 4180.93 999.96
endloop
endfacet
facet normal 0 0 1
outer loop
vertex 3782.8700000000003 4217.2 999.96
vertex 5132.53 4180.93 999.96
vertex 5253.17 4217.2 999.96
endloop
endfacet
facet normal 0 0 1
outer loop
vertex 10075.390000000001 4156.62 999.96
vertex 9782.890000000001 4182.88 999.96
vertex 9823.58 4135.17 999.96
endloop
endfacet
facet normal 0 0 1
outer loop
vertex 10075.390000000001 4156.62 999.96
vertex 9823.58 4135.17 999.96
vertex 10263.76 4135.17 999.96
endloop
endfacet
facet normal 0 0 0.9999999999999999
outer loop
vertex 10075.390000000001 4156.62 999.96
vertex 10263.76 4135.17 999.96
vertex 10260.9 4147.26 999.96
endloop
endfacet
facet normal 0 0 1
outer loop
vertex 10075.390000000001 4156.62 999.96
vertex 10260.9 4147.26 999.96
vertex 10246.08 4182.88 999.96
endloop
endfacet
facet normal 0 0 1
outer loop
vertex 10075.390000000001 4156.62 999.96
vertex 10246.08 4182.88 999.96
vertex 9782.890000000001 4182.88 999.96
endloop
endfacet
facet normal 0 0 1
outer loop
vertex 5782.79 4182.88 999.96
vertex 5823.610000000001 4135.17 999.96
vertex 7412.34 4135.17 999.96
endloop
endfacet
facet normal 0 0 1
outer loop
vertex 5782.79 4182.88 999.96
vertex 7412.34 4135.17 999.96
vertex 7253.22 4182.88 999.96
endloop
endfacet
facet normal 0 0 1
outer loop
vertex 7740.46 4180.93 999.96
vertex 7499.96 4108.78 999.96
vertex 8892 4108.78 999.96
endloop
endfacet
facet normal 0 0 1
outer loop
vertex 7740.46 4180.93 999.96
vertex 8892 4108.78 999.96
vertex 9132.5 4180.93 999.96
endloop
endfacet
facet normal 0 0 0.9999999999999999
outer loop
vertex 5823.610000000001 4135.17 999.96
vertex 5839.7300000000005 4108.78 999.96
vertex 7499.96 4108.78 999.96
endloop
endfacet
facet normal 0 0 1
outer loop
vertex 5823.610000000001 4135.17 999.96
vertex 7499.96 4108.78 999.96
vertex 7412.34 4135.17 999.96
endloop
endfacet
facet normal 0 0 1
outer loop
vertex 3740.4900000000002 4180.93 999.96
vertex 3499.9900000000002 4108.78 999.96
vertex 4892.03 4108.78 999.96
endloop
endfacet
facet normal 0 0 0.9999999999999999
outer loop
vertex 3740.4900000000002 4180.93 999.96
vertex 4892.03 4108.78 999.96
vertex 5132.53 4180.93 999.96
endloop
endfacet
facet normal 0 0 1
outer loop
vertex 2149.29 4305.21 999.96
vertex 1499.94 4499.95 999.96
vertex 1442.48 4308.46 999.96
endloop
endfacet
facet normal 0 0 1
outer loop
vertex 2149.29 4305.21 999.96
vertex 1442.48 4308.46 999.96
vertex 2107.9500000000003 4108.78 999.96
endloop
endfacet
facet normal 0 0 1
outer loop
vertex 2149.29 4305.21 999.96
vertex 2107.9500000000003 4108.78 999.96
vertex 3499.9900000000002 4108.78 999.96
endloop
endfacet
facet normal 0 0 1
outer loop
vertex 2149.29 4305.21 999.96
vertex 3499.9900000000002 4108.78 999.96
vertex 2195.96 4499.95 999.96
endloop
endfacet
facet normal 0 0 1
outer loop
vertex 2149.29 4305.21 999.96
vertex 2195.96 4499.95 999.96
vertex 1499.94 4499.95 999.96
endloop
endfacet
facet normal 0 0 1
outer loop
vertex 9823.58 4135.17 999.96
vertex 9856.34 4081.61 999.96
vertex 10276.630000000001 4081.61 999.96
endloop
endfacet
facet normal 0 0 1
outer loop
vertex 9823.58 4135.17 999.96
vertex 10276.630000000001 4081.61 999.96
vertex 10263.76 4135.17 999.96
endloop
endfacet
facet normal 0 0 1
outer loop
vertex 7377.89 4097.860000000001 999.96
vertex 7499.96 4108.78 999.96
vertex 5839.7300000000005 4108.78 999.96
endloop
endfacet
facet normal 0 0 1
outer loop
vertex 7377.89 4097.860000000001 999.96
vertex 5839.7300000000005 4108.78 999.96
vertex 5856.37 4081.61 999.96
endloop
endfacet
facet normal 0 0 1
outer loop
vertex 7377.89 4097.860000000001 999.96
vertex 5856.37 4081.61 999.96
vertex 8801.39 4081.61 999.96
endloop
endfacet
facet normal 0 0 1
outer loop
vertex 7377.89 4097.860000000001 999.96
vertex 8801.39 4081.61 999.96
vertex 8892 4108.78 999.96
endloop
endfacet
facet normal 0 0 1
outer loop
vertex 7377.89 4097.860000000001 999.96
vertex 8892 4108.78 999.96
vertex 7499.96 4108.78 999.96
endloop
endfacet
facet normal 0 0 0.9999999999999999
outer loop
vertex 7104.89 4066.53 999.96
vertex 5856.37 4081.61 999.96
vertex 5866.900000000001 4056.3900000000003 999.96
endloop
endfacet
facet normal 0 0 1
outer loop
vertex 7104.89 4066.53 999.96
vertex 5866.900000000001 4056.3900000000003 999.96
vertex 6282.64 4056.3900000000003 999.96
endloop
endfacet
facet normal 0 0 0.9999999999999999
outer loop
vertex 7104.89 4066.53 999.96
vertex 6282.64 4056.3900000000003 999.96
vertex 8717.41 4056.3900000000003 999.96
endloop
endfacet
facet normal 0 0 1
outer loop
vertex 7104.89 4066.53 999.96
vertex 8717.41 4056.3900000000003 999.96
vertex 8801.39 4081.61 999.96
endloop
endfacet
facet normal 0 0 1
outer loop
vertex 7104.89 4066.53 999.96
vertex 8801.39 4081.61 999.96
vertex 5856.37 4081.61 999.96
endloop
endfacet
facet normal 0 0 1
outer loop
vertex 10118.81 4047.1600000000003 999.96
vertex 9856.34 4081.61 999.96
vertex 9880.390000000001 4023.63 999.96
endloop
endfacet
facet normal 0 0 1
outer loop
vertex 10118.81 4047.1600000000003 999.96
vertex 9880.390000000001 4023.63 999.96
vertex 10290.28 4023.63 999.96
endloop
endfacet
facet normal 0 0 1
outer loop
vertex 10118.81 4047.1600000000003 999.96
vertex 10290.28 4023.63 999.96
vertex 10290.15 4025.19 999.96
endloop
endfacet
facet normal 0 0 1
outer loop
vertex 10118.81 4047.1600000000003 999.96
vertex 10290.15 4025.19 999.96
vertex 10276.630000000001 4081.61 999.96
endloop
endfacet
facet normal 0 0 1
outer loop
vertex 10118.81 4047.1600000000003 999.96
vertex 10276.630000000001 4081.61 999.96
vertex 9856.34 4081.61 999.96
endloop
endfacet
facet normal 0 0 0.9999999999999999
outer loop
vertex 6122.09 4037.02 999.96
vertex 5866.900000000001 4056.3900000000003 999.96
vertex 5880.42 4023.63 999.96
endloop
endfacet
facet normal 0 0 1
outer loop
vertex 6122.09 4037.02 999.96
vertex 5880.42 4023.63 999.96
vertex 6290.31 4023.63 999.96
endloop
endfacet
facet normal 0 0 1
outer loop
vertex 6122.09 4037.02 999.96
vertex 6290.31 4023.63 999.96
vertex 6290.18 4025.19 999.96
endloop
endfacet
facet normal 0 0 1
outer loop
vertex 6122.09 4037.02 999.96
vertex 6290.18 4025.19 999.96
vertex 6282.64 4056.3900000000003 999.96
endloop
endfacet
facet normal 0 0 1
outer loop
vertex 6122.09 4037.02 999.96
vertex 6282.64 4056.3900000000003 999.96
vertex 5866.900000000001 4056.3900000000003 999.96
endloop
endfacet
facet normal 0 0 1
outer loop
vertex 9880.390000000001 4023.63 999.96
vertex 9895.08 3962.53 999.96
vertex 10295.09 3962.53 999.96
endloop
endfacet
facet normal 0 0 1
outer loop
vertex 9880.390000000001 4023.63 999.96
vertex 10295.09 3962.53 999.96
vertex 10290.28 4023.63 999.96
endloop
endfacet
facet normal 0 0 1
outer loop
vertex 5880.42 4023.63 999.96
vertex 5895.110000000001 3962.53 999.96
vertex 6295.12 3962.53 999.96
endloop
endfacet
facet normal 0 0 1
outer loop
vertex 5880.42 4023.63 999.96
vertex 6295.12 3962.53 999.96
vertex 6290.31 4023.63 999.96
endloop
endfacet
facet normal 0 0 1
outer loop
vertex 9895.08 3962.53 999.96
vertex 9900.02 3900 999.96
vertex 10300.03 3900 999.96
endloop
endfacet
facet normal 0 0 1
outer loop
vertex 9895.08 3962.53 999.96
vertex 10300.03 3900 999.96
vertex 10295.09 3962.53 999.96
endloop
endfacet
facet normal 0 0 1
outer loop
vertex 6282.64 4056.3900000000003 999.96
vertex 6803.9400000000005 3900 999.96
vertex 8195.98 3900 999.96
endloop
endfacet
facet normal 0 0 1
outer loop
vertex 6282.64 4056.3900000000003 999.96
vertex 8195.98 3900 999.96
vertex 8717.41 4056.3900000000003 999.96
endloop
endfacet
facet normal 0 0 1
outer loop
vertex 5895.110000000001 3962.53 999.96
vertex 5900.05 3900 999.96
vertex 6300.06 3900 999.96
endloop
endfacet
facet normal 0 0 1
outer loop
vertex 5895.110000000001 3962.53 999.96
vertex 6300.06 3900 999.96
vertex 6295.12 3962.53 999.96
endloop
endfacet
facet normal 0 0 0.9999999999999999
outer loop
vertex 3499.9900000000002 4025.32 999.96
vertex 3499.9900000000002 4108.78 999.96
vertex 2107.9500000000003 4108.78 999.96
endloop
endfacet
facet normal 0 0 1
outer loop
vertex 3499.9900000000002 4025.32 999.96
vertex 2107.9500000000003 4108.78 999.96
vertex 2803.9700000000003 3900 999.96
endloop
endfacet
facet normal 0 0 0.9999999999999999
outer loop
vertex 3499.9900000000002 4025.32 999.96
vertex 2803.9700000000003 3900 999.96
vertex 4196.01 3900 999.96
endloop
endfacet
facet normal 0 0 1
outer loop
vertex 3499.9900000000002 4025.32 999.96
vertex 4196.01 3900 999.96
vertex 4892.03 4108.78 999.96
endloop
endfacet
facet normal 0 0 0.9999999999999999
outer loop
vertex 3499.9900000000002 4025.32 999.96
vertex 4892.03 4108.78 999.96
vertex 3499.9900000000002 4108.78 999.96
endloop
endfacet
facet normal 0 0 1
outer loop
vertex 9900.02 3900 999.96
vertex 9895.08 3837.4700000000003 999.96
vertex 10295.09 3837.4700000000003 999.96
endloop
endfacet
facet normal 0 0 1
outer loop
vertex 9900.02 3900 999.96
vertex 10295.09 3837.4700000000003 999.96
vertex 10300.03 3900 999.96
endloop
endfacet
facet normal 0 0 1
outer loop
vertex 5900.05 3900 999.96
vertex 5895.110000000001 3837.4700000000003 999.96
vertex 6295.12 3837.4700000000003 999.96
endloop
endfacet
facet normal 0 0 1
outer loop
vertex 5900.05 3900 999.96
vertex 6295.12 3837.4700000000003 999.96
vertex 6300.06 3900 999.96
endloop
endfacet
facet normal 0 0 1
outer loop
vertex 9895.08 3837.4700000000003 999.96
vertex 9880.390000000001 3776.3700000000003 999.96
vertex 10290.28 3776.3700000000003 999.96
endloop
endfacet
facet normal 0 0 1
outer loop
vertex 9895.08 3837.4700000000003 999.96
vertex 10290.28 3776.3700000000003 999.96
vertex 10295.09 3837.4700000000003 999.96
endloop
endfacet
facet normal 0 0 1
outer loop
vertex 5895.110000000001 3837.4700000000003 999.96
vertex 5880.42 3776.3700000000003 999.96
vertex 6290.31 3776.3700000000003 999.96
endloop
endfacet
facet normal 0 0 1
outer loop
vertex 5895.110000000001 3837.4700000000003 999.96
vertex 6290.31 3776.3700000000003 999.96
vertex 6295.12 3837.4700000000003 999.96
endloop
endfacet
facet normal 0 0 1
outer loop
vertex 10118.81 3752.84 999.96
vertex 9880.390000000001 3776.3700000000003 999.96
vertex 9856.34 3718.3900000000003 999.96
endloop
endfacet
facet normal 0 0 1
outer loop
vertex 10118.81 3752.84 999.96
vertex 9856.34 3718.3900000000003 999.96
vertex 10276.630000000001 3718.3900000000003 999.96
endloop
endfacet
facet normal 0 0 1
outer loop
vertex 10118.81 3752.84 999.96
vertex 10276.630000000001 3718.3900000000003 999.96
vertex 10290.15 3774.81 999.96
endloop
endfacet
facet normal 0 0 1
outer loop
vertex 10118.81 3752.84 999.96
vertex 10290.15 3774.81 999.96
vertex 10290.28 3776.3700000000003 999.96
endloop
endfacet
facet normal 0 0 1
outer loop
vertex 10118.81 3752.84 999.96
vertex 10290.28 3776.3700000000003 999.96
vertex 9880.390000000001 3776.3700000000003 999.96
endloop
endfacet
facet normal 0 0 1
outer loop
vertex 6118.84 3752.84 999.96
vertex 5880.42 3776.3700000000003 999.96
vertex 5856.37 3718.3900000000003 999.96
endloop
endfacet
facet normal 0 0 1
outer loop
vertex 6118.84 3752.84 999.96
vertex 5856.37 3718.3900000000003 999.96
vertex 6276.66 3718.3900000000003 999.96
endloop
endfacet
facet normal 0 0 1
outer loop
vertex 6118.84 3752.84 999.96
vertex 6276.66 3718.3900000000003 999.96
vertex 6290.18 3774.81 999.96
endloop
endfacet
facet normal 0 0 1
outer loop
vertex 6118.84 3752.84 999.96
vertex 6290.18 3774.81 999.96
vertex 6290.31 3776.3700000000003 999.96
endloop
endfacet
facet normal 0 0 0.9999999999999999
outer loop
vertex 6118.84 3752.84 999.96
vertex 6290.31 3776.3700000000003 999.96
vertex 5880.42 3776.3700000000003 999.96
endloop
endfacet
facet normal 0 0 1
outer loop
vertex 9856.34 3718.3900000000003 999.96
vertex 9823.58 3664.83 999.96
vertex 10263.76 3664.83 999.96
endloop
endfacet
facet normal 0 0 0.9999999999999999
outer loop
vertex 9856.34 3718.3900000000003 999.96
vertex 10263.76 3664.83 999.96
vertex 10276.630000000001 3718.3900000000003 999.96
endloop
endfacet
facet normal 0 0 1
outer loop
vertex 5856.37 3718.3900000000003 999.96
vertex 5823.610000000001 3664.83 999.96
vertex 6263.79 3664.83 999.96
endloop
endfacet
facet normal 0 0 1
outer loop
vertex 5856.37 3718.3900000000003 999.96
vertex 6263.79 3664.83 999.96
vertex 6276.66 3718.3900000000003 999.96
endloop
endfacet
facet normal 0 0 1
outer loop
vertex 10075.390000000001 3643.38 999.96
vertex 9823.58 3664.83 999.96
vertex 9782.890000000001 3617.1200000000003 999.96
endloop
endfacet
facet normal 0 0 1
outer loop
vertex 10075.390000000001 3643.38 999.96
vertex 9782.890000000001 3617.1200000000003 999.96
vertex 10246.08 3617.1200000000003 999.96
endloop
endfacet
facet normal 0 0 0.9999999999999999
outer loop
vertex 10075.390000000001 3643.38 999.96
vertex 10246.08 3617.1200000000003 999.96
vertex 10260.9 3652.7400000000002 999.96
endloop
endfacet
facet normal 0 0 1
outer loop
vertex 10075.390000000001 3643.38 999.96
vertex 10260.9 3652.7400000000002 999.96
vertex 10263.76 3664.83 999.96
endloop
endfacet
facet normal 0 0 1
outer loop
vertex 10075.390000000001 3643.38 999.96
vertex 10263.76 3664.83 999.96
vertex 9823.58 3664.83 999.96
endloop
endfacet
facet normal 0 0 1
outer loop
vertex 6075.42 3643.38 999.96
vertex 5823.610000000001 3664.83 999.96
vertex 5782.79 3617.1200000000003 999.96
endloop
endfacet
facet normal 0 0 1
outer loop
vertex 6075.42 3643.38 999.96
vertex 5782.79 3617.1200000000003 999.96
vertex 6246.110000000001 3617.1200000000003 999.96
endloop
endfacet
facet normal 0 0 1
outer loop
vertex 6075.42 3643.38 999.96
vertex 6246.110000000001 3617.1200000000003 999.96
vertex 6260.8 3652.7400000000002 999.96
endloop
endfacet
facet normal 0 0 1
outer loop
vertex 6075.42 3643.38 999.96
vertex 6260.8 3652.7400000000002 999.96
vertex 6263.79 3664.83 999.96
endloop
endfacet
facet normal 0 0 1
outer loop
vertex 6075.42 3643.38 999.96
vertex 6263.79 3664.83 999.96
vertex 5823.610000000001 3664.83 999.96
endloop
endfacet
facet normal 0 0 1
outer loop
vertex 9782.890000000001 3617.1200000000003 999.96
vertex 9735.050000000001 3576.4300000000003 999.96
vertex 10229.18 3576.4300000000003 999.96
endloop
endfacet
facet normal 0 0 1
outer loop
vertex 9782.890000000001 3617.1200000000003 999.96
vertex 10229.18 3576.4300000000003 999.96
vertex 10246.08 3617.1200000000003 999.96
endloop
endfacet
facet normal 0 0 1
outer loop
vertex 5782.79 3617.1200000000003 999.96
vertex 5735.08 3576.4300000000003 999.96
vertex 6229.21 3576.4300000000003 999.96
endloop
endfacet
facet normal 0 0 1
outer loop
vertex 5782.79 3617.1200000000003 999.96
vertex 6229.21 3576.4300000000003 999.96
vertex 6246.110000000001 3617.1200000000003 999.96
endloop
endfacet
facet normal 0 0 1
outer loop
vertex 9735.050000000001 3576.4300000000003 999.96
vertex 9681.62 3543.54 999.96
vertex 10215.66 3543.54 999.96
endloop
endfacet
facet normal 0 0 0.9999999999999999
outer loop
vertex 9735.050000000001 3576.4300000000003 999.96
vertex 10215.66 3543.54 999.96
vertex 10229.18 3576.4300000000003 999.96
endloop
endfacet
facet normal 0 0 1
outer loop
vertex 5735.08 3576.4300000000003 999.96
vertex 5681.650000000001 3543.54 999.96
vertex 6215.56 3543.54 999.96
endloop
endfacet
facet normal 0 0 1
outer loop
vertex 5735.08 3576.4300000000003 999.96
vertex 6215.56 3543.54 999.96
vertex 6229.21 3576.4300000000003 999.96
endloop
endfacet
facet normal 0 0 1
outer loop
vertex 9987.25 3532.6200000000003 999.96
vertex 9681.62 3543.54 999.96
vertex 9623.640000000001 3519.6200000000003 999.96
endloop
endfacet
facet normal 0 0 1
outer loop
vertex 9987.25 3532.6200000000003 999.96
vertex 9623.640000000001 3519.6200000000003 999.96
vertex 10202.27 3519.6200000000003 999.96
endloop
endfacet
facet normal 0 0 1
outer loop
vertex 9987.25 3532.6200000000003 999.96
vertex 10202.27 3519.6200000000003 999.96
vertex 10212.800000000001 3536.78 999.96
endloop
endfacet
facet normal 0 0 1
outer loop
vertex 9987.25 3532.6200000000003 999.96
vertex 10212.800000000001 3536.78 999.96
vertex 10215.66 3543.54 999.96
endloop
endfacet
facet normal 0 0 1
outer loop
vertex 9987.25 3532.6200000000003 999.96
vertex 10215.66 3543.54 999.96
vertex 9681.62 3543.54 999.96
endloop
endfacet
facet normal 0 0 1
outer loop
vertex 5987.150000000001 3532.6200000000003 999.96
vertex 5681.650000000001 3543.54 999.96
vertex 5623.67 3519.6200000000003 999.96
endloop
endfacet
facet normal 0 0 0.9999999999999999
outer loop
vertex 5987.150000000001 3532.6200000000003 999.96
vertex 5623.67 3519.6200000000003 999.96
vertex 6202.3 3519.6200000000003 999.96
endloop
endfacet
facet normal 0 0 1
outer loop
vertex 5987.150000000001 3532.6200000000003 999.96
vertex 6202.3 3519.6200000000003 999.96
vertex 6212.83 3536.78 999.96
endloop
endfacet
facet normal 0 0 1
outer loop
vertex 5987.150000000001 3532.6200000000003 999.96
vertex 6212.83 3536.78 999.96
vertex 6215.56 3543.54 999.96
endloop
endfacet
facet normal 0 0 0.9999999999999999
outer loop
vertex 5987.150000000001 3532.6200000000003 999.96
vertex 6215.56 3543.54 999.96
vertex 5681.650000000001 3543.54 999.96
endloop
endfacet
facet normal 0 0 1
outer loop
vertex 9623.640000000001 3519.6200000000003 999.96
vertex 9562.54 3504.9300000000003 999.96
vertex 10193.300000000001 3504.9300000000003 999.96
endloop
endfacet
facet normal 0 0 1
outer loop
vertex 9623.640000000001 3519.6200000000003 999.96
vertex 10193.300000000001 3504.9300000000003 999.96
vertex 10202.27 3519.6200000000003 999.96
endloop
endfacet
facet normal 0 0 1
outer loop
vertex 5623.67 3519.6200000000003 999.96
vertex 5562.570000000001 3504.9300000000003 999.96
vertex 6193.33 3504.9300000000003 999.96
endloop
endfacet
facet normal 0 0 1
outer loop
vertex 5623.67 3519.6200000000003 999.96
vertex 6193.33 3504.9300000000003 999.96
vertex 6202.3 3519.6200000000003 999.96
endloop
endfacet
facet normal 0 0 1
outer loop
vertex 9562.54 3504.9300000000003 999.96
vertex 9523.28 3501.81 999.96
vertex 10191.35 3501.81 999.96
endloop
endfacet
facet normal 0 0 0.9999999999999999
outer loop
vertex 9562.54 3504.9300000000003 999.96
vertex 10191.35 3501.81 999.96
vertex 10193.300000000001 3504.9300000000003 999.96
endloop
endfacet
facet normal 0 0 1
outer loop
vertex 6803.9400000000005 3900 999.96
vertex 8131.240000000001 3501.81 999.96
vertex 9523.28 3501.81 999.96
endloop
endfacet
facet normal 0 0 1
outer loop
vertex 6803.9400000000005 3900 999.96
vertex 9523.28 3501.81 999.96
vertex 8195.98 3900 999.96
endloop
endfacet
facet normal 0 0 1
outer loop
vertex 5562.570000000001 3504.9300000000003 999.96
vertex 5523.31 3501.81 999.96
vertex 6191.38 3501.81 999.96
endloop
endfacet
facet normal 0 0 0.9999999999999999
outer loop
vertex 5562.570000000001 3504.9300000000003 999.96
vertex 6191.38 3501.81 999.96
vertex 6193.33 3504.9300000000003 999.96
endloop
endfacet
facet normal 0 0 1
outer loop
vertex 2803.9700000000003 3900 999.96
vertex 4131.27 3501.81 999.96
vertex 5523.31 3501.81 999.96
endloop
endfacet
facet normal 0 0 1
outer loop
vertex 2803.9700000000003 3900 999.96
vertex 5523.31 3501.81 999.96
vertex 4196.01 3900 999.96
endloop
endfacet
facet normal 0 0 1
outer loop
vertex 9647.17 3273.92 999.96
vertex 9523.28 3501.81 999.96
vertex 8131.240000000001 3501.81 999.96
endloop
endfacet
facet normal 0 0 1
outer loop
vertex 9647.17 3273.92 999.96
vertex 8131.240000000001 3501.81 999.96
vertex 9439.43 3109.34 999.96
endloop
endfacet
facet normal 0 0 1
outer loop
vertex 9647.17 3273.92 999.96
vertex 9439.43 3109.34 999.96
vertex 9442.81 3109.34 999.96
endloop
endfacet
facet normal 0 0 1
outer loop
vertex 9647.17 3273.92 999.96
vertex 9442.81 3109.34 999.96
vertex 9618.83 3109.34 999.96
endloop
endfacet
facet normal 0 0 1
outer loop
vertex 9647.17 3273.92 999.96
vertex 9618.83 3109.34 999.96
vertex 9625.2 3109.86 999.96
endloop
endfacet
facet normal 0 0 1
outer loop
vertex 9647.17 3273.92 999.96
vertex 9625.2 3109.86 999.96
vertex 9747.27 3139.11 999.96
endloop
endfacet
facet normal 0 0 1
outer loop
vertex 9647.17 3273.92 999.96
vertex 9747.27 3139.11 999.96
vertex 9863.23 3187.21 999.96
endloop
endfacet
facet normal 0 0 1
outer loop
vertex 9647.17 3273.92 999.96
vertex 9863.23 3187.21 999.96
vertex 9970.220000000001 3252.73 999.96
endloop
endfacet
facet normal 0 0 0.9999999999999999
outer loop
vertex 9647.17 3273.92 999.96
vertex 9970.220000000001 3252.73 999.96
vertex 10065.640000000001 3334.37 999.96
endloop
endfacet
facet normal 0 0 1
outer loop
vertex 9647.17 3273.92 999.96
vertex 10065.640000000001 3334.37 999.96
vertex 10147.15 3429.79 999.96
endloop
endfacet
facet normal 0 0 1
outer loop
vertex 9647.17 3273.92 999.96
vertex 10147.15 3429.79 999.96
vertex 10191.35 3501.81 999.96
endloop
endfacet
facet normal 0 0 1
outer loop
vertex 9647.17 3273.92 999.96
vertex 10191.35 3501.81 999.96
vertex 9523.28 3501.81 999.96
endloop
endfacet
facet normal 0 0 1
outer loop
vertex 5647.070000000001 3273.92 999.96
vertex 5523.31 3501.81 999.96
vertex 4131.27 3501.81 999.96
endloop
endfacet
facet normal 0 0 1
outer loop
vertex 5647.070000000001 3273.92 999.96
vertex 4131.27 3501.81 999.96
vertex 5439.46 3109.34 999.96
endloop
endfacet
facet normal 0 0 1
outer loop
vertex 5647.070000000001 3273.92 999.96
vertex 5439.46 3109.34 999.96
vertex 5442.84 3109.34 999.96
endloop
endfacet
facet normal 0 0 1
outer loop
vertex 5647.070000000001 3273.92 999.96
vertex 5442.84 3109.34 999.96
vertex 5618.860000000001 3109.34 999.96
endloop
endfacet
facet normal 0 0 0.9999999999999999
outer loop
vertex 5647.070000000001 3273.92 999.96
vertex 5618.860000000001 3109.34 999.96
vertex 5625.1 3109.86 999.96
endloop
endfacet
facet normal 0 0 1
outer loop
vertex 5647.070000000001 3273.92 999.96
vertex 5625.1 3109.86 999.96
vertex 5747.17 3139.11 999.96
endloop
endfacet
facet normal 0 0 1
outer loop
vertex 5647.070000000001 3273.92 999.96
vertex 5747.17 3139.11 999.96
vertex 5863.13 3187.21 999.96
endloop
endfacet
facet normal 0 0 1
outer loop
vertex 5647.070000000001 3273.92 999.96
vertex 5863.13 3187.21 999.96
vertex 5970.25 3252.73 999.96
endloop
endfacet
facet normal 0 0 1
outer loop
vertex 5647.070000000001 3273.92 999.96
vertex 5970.25 3252.73 999.96
vertex 6065.67 3334.37 999.96
endloop
endfacet
facet normal 0 0 1
outer loop
vertex 5647.070000000001 3273.92 999.96
vertex 6065.67 3334.37 999.96
vertex 6147.18 3429.79 999.96
endloop
endfacet
facet normal 0 0 1
outer loop
vertex 5647.070000000001 3273.92 999.96
vertex 6147.18 3429.79 999.96
vertex 6191.38 3501.81 999.96
endloop
endfacet
facet normal 0 0 1
outer loop
vertex 5647.070000000001 3273.92 999.96
vertex 6191.38 3501.81 999.96
vertex 5523.31 3501.81 999.96
endloop
endfacet
facet normal 0 0 0.9999999999999999
outer loop
vertex 9439.43 3109.34 999.96
vertex 9442.550000000001 3108.4300000000003 999.96
vertex 9442.81 3109.34 999.96
endloop
endfacet
facet normal 0 0 1
outer loop
vertex 5439.46 3109.34 999.96
vertex 5442.58 3108.4300000000003 999.96
vertex 5442.84 3109.34 999.96
endloop
endfacet
facet normal 0 0 1
outer loop
vertex 9442.81 3109.34 999.96
vertex 9461.01 3103.88 999.96
vertex 9500.01 3099.98 999.96
endloop
endfacet
facet normal 0 0 1
outer loop
vertex 9442.81 3109.34 999.96
vertex 9500.01 3099.98 999.96
vertex 9618.83 3109.34 999.96
endloop
endfacet
facet normal 0 0 1
outer loop
vertex 5442.84 3109.34 999.96
vertex 5461.04 3103.88 999.96
vertex 5500.04 3099.98 999.96
endloop
endfacet
facet normal 0 0 1
outer loop
vertex 5442.84 3109.34 999.96
vertex 5500.04 3099.98 999.96
vertex 5618.860000000001 3109.34 999.96
endloop
endfacet
facet normal 0 0 -1
outer loop
vertex 3442.79 5290.610000000001 1399.97
vertex 3439.4100000000003 5290.610000000001 1399.97
vertex 3442.53 5291.52 1399.97
endloop
endfacet
facet normal 0 0 -1
outer loop
vertex 3618.94 5290.610000000001 1399.97
vertex 3442.79 5290.610000000001 1399.97
vertex 3460.9900000000002 5296.2 1399.97
endloop
endfacet
facet normal 0 0 -0.9999999999999999
outer loop
vertex 3618.94 5290.610000000001 1399.97
vertex 3460.9900000000002 5296.2 1399.97
vertex 3499.9900000000002 5299.97 1399.97
endloop
endfacet
facet normal 0 0 -1
outer loop
vertex 7442.76 5290.610000000001 1399.97
vertex 7439.51 5290.610000000001 1399.97
vertex 7442.5 5291.52 1399.97
endloop
endfacet
facet normal 0 0 -1
outer loop
vertex 7618.91 5290.610000000001 1399.97
vertex 7442.76 5290.610000000001 1399.97
vertex 7460.96 5296.2 1399.97
endloop
endfacet
facet normal 0 0 -0.9999999999999999
outer loop
vertex 7618.91 5290.610000000001 1399.97
vertex 7460.96 5296.2 1399.97
vertex 7499.96 5299.97 1399.97
endloop
endfacet
facet normal 0 0 -1
outer loop
vertex 3647.15 5126.16 1399.97
vertex 3442.79 5290.610000000001 1399.97
vertex 3618.94 5290.610000000001 1399.97
endloop
endfacet
facet normal 0 0 -0.9999999999999999
outer loop
vertex 3647.15 5126.16 1399.97
vertex 3618.94 5290.610000000001 1399.97
vertex 3625.1800000000003 5290.09 1399.97
endloop
endfacet
facet normal 0 0 -0.9999999999999999
outer loop
vertex 3647.15 5126.16 1399.97
vertex 3625.1800000000003 5290.09 1399.97
vertex 3747.25 5260.84 1399.97
endloop
endfacet
facet normal 0 0 -1
outer loop
vertex 3647.15 5126.16 1399.97
vertex 3747.25 5260.84 1399.97
vertex 3863.21 5212.87 1399.97
endloop
endfacet
facet normal 0 0 -1
outer loop
vertex 3647.15 5126.16 1399.97
vertex 3863.21 5212.87 1399.97
vertex 3970.2000000000003 5147.22 1399.97
endloop
endfacet
facet normal 0 0 -1
outer loop
vertex 3647.15 5126.16 1399.97
vertex 3970.2000000000003 5147.22 1399.97
vertex 4065.75 5065.71 1399.97
endloop
endfacet
facet normal 0 0 -1
outer loop
vertex 3647.15 5126.16 1399.97
vertex 4065.75 5065.71 1399.97
vertex 4147.26 4970.29 1399.97
endloop
endfacet
facet normal 0 0 -1
outer loop
vertex 3647.15 5126.16 1399.97
vertex 4147.26 4970.29 1399.97
vertex 4191.33 4898.14 1399.97
endloop
endfacet
facet normal 0 0 -1
outer loop
vertex 3647.15 5126.16 1399.97
vertex 4191.33 4898.14 1399.97
vertex 3523.26 4898.14 1399.97
endloop
endfacet
facet normal 0 0 -1
outer loop
vertex 3647.15 5126.16 1399.97
vertex 3523.26 4898.14 1399.97
vertex 2131.2200000000003 4898.14 1399.97
endloop
endfacet
facet normal 0 0 -1
outer loop
vertex 3647.15 5126.16 1399.97
vertex 2131.2200000000003 4898.14 1399.97
vertex 3439.4100000000003 5290.610000000001 1399.97
endloop
endfacet
facet normal 0 0 -1
outer loop
vertex 3647.15 5126.16 1399.97
vertex 3439.4100000000003 5290.610000000001 1399.97
vertex 3442.79 5290.610000000001 1399.97
endloop
endfacet
facet normal 0 0 -0.9999999999999999
outer loop
vertex 7647.12 5126.16 1399.97
vertex 7442.76 5290.610000000001 1399.97
vertex 7618.91 5290.610000000001 1399.97
endloop
endfacet
facet normal 0 0 -1
outer loop
vertex 7647.12 5126.16 1399.97
vertex 7618.91 5290.610000000001 1399.97
vertex 7625.150000000001 5290.09 1399.97
endloop
endfacet
facet normal 0 0 -1
outer loop
vertex 7647.12 5126.16 1399.97
vertex 7625.150000000001 5290.09 1399.97
vertex 7747.22 5260.84 1399.97
endloop
endfacet
facet normal 0 0 -1
outer loop
vertex 7647.12 5126.16 1399.97
vertex 7747.22 5260.84 1399.97
vertex 7863.18 5212.87 1399.97
endloop
endfacet
facet normal 0 0 -0.9999999999999999
outer loop
vertex 7647.12 5126.16 1399.97
vertex 7863.18 5212.87 1399.97
vertex 7970.17 5147.22 1399.97
endloop
endfacet
facet normal 0 0 -0.9999999999999999
outer loop
vertex 7647.12 5126.16 1399.97
vertex 7970.17 5147.22 1399.97
vertex 8065.72 5065.71 1399.97
endloop
endfacet
facet normal 0 0 -0.9999999999999999
outer loop
vertex 7647.12 5126.16 1399.97
vertex 8065.72 5065.71 1399.97
vertex 8147.2300000000005 4970.29 1399.97
endloop
endfacet
facet normal 0 0 -0.9999999999999999
outer loop
vertex 7647.12 5126.16 1399.97
vertex 8147.2300000000005 4970.29 1399.97
vertex 8191.43 4898.14 1399.97
endloop
endfacet
facet normal 0 0 -1
outer loop
vertex 7647.12 5126.16 1399.97
vertex 8191.43 4898.14 1399.97
vertex 7523.2300000000005 4898.14 1399.97
endloop
endfacet
facet normal 0 0 -1
outer loop
vertex 7647.12 5126.16 1399.97
vertex 7523.2300000000005 4898.14 1399.97
vertex 6131.1900000000005 4898.14 1399.97
endloop
endfacet
facet normal 0 0 -1
outer loop
vertex 7647.12 5126.16 1399.97
vertex 6131.1900000000005 4898.14 1399.97
vertex 7439.51 5290.610000000001 1399.97
endloop
endfacet
facet normal 0 0 -1
outer loop
vertex 7647.12 5126.16 1399.97
vertex 7439.51 5290.610000000001 1399.97
vertex 7442.76 5290.610000000001 1399.97
endloop
endfacet
facet normal 0 0 -1
outer loop
vertex 4191.33 4898.14 1399.97
vertex 4193.28 4895.02 1399.97
vertex 3562.52 4895.02 1399.97
endloop
endfacet
facet normal 0 0 -1
outer loop
vertex 4191.33 4898.14 1399.97
vertex 3562.52 4895.02 1399.97
vertex 3523.26 4898.14 1399.97
endloop
endfacet
facet normal 0 0 -1
outer loop
vertex 8191.43 4898.14 1399.97
vertex 8193.25 4895.02 1399.97
vertex 7562.62 4895.02 1399.97
endloop
endfacet
facet normal 0 0 -1
outer loop
vertex 8191.43 4898.14 1399.97
vertex 7562.62 4895.02 1399.97
vertex 7523.2300000000005 4898.14 1399.97
endloop
endfacet
facet normal 0 0 -1
outer loop
vertex 4193.28 4895.02 1399.97
vertex 4202.25 4880.46 1399.97
vertex 3623.6200000000003 4880.46 1399.97
endloop
endfacet
facet normal 0 0 -1
outer loop
vertex 4193.28 4895.02 1399.97
vertex 3623.6200000000003 4880.46 1399.97
vertex 3562.52 4895.02 1399.97
endloop
endfacet
facet normal 0 0 -1
outer loop
vertex 8193.25 4895.02 1399.97
vertex 8202.220000000001 4880.46 1399.97
vertex 7623.59 4880.46 1399.97
endloop
endfacet
facet normal 0 0 -1
outer loop
vertex 8193.25 4895.02 1399.97
vertex 7623.59 4880.46 1399.97
vertex 7562.62 4895.02 1399.97
endloop
endfacet
facet normal 0 0 -1
outer loop
vertex 3987.23 4867.33 1399.97
vertex 4202.25 4880.46 1399.97
vertex 4212.78 4863.17 1399.97
endloop
endfacet
facet normal 0 0 -1
outer loop
vertex 3987.23 4867.33 1399.97
vertex 4212.78 4863.17 1399.97
vertex 4215.64 4856.41 1399.97
endloop
endfacet
facet normal 0 0 -1
outer loop
vertex 3987.23 4867.33 1399.97
vertex 4215.64 4856.41 1399.97
vertex 3681.6 4856.41 1399.97
endloop
endfacet
facet normal 0 0 -1
outer loop
vertex 3987.23 4867.33 1399.97
vertex 3681.6 4856.41 1399.97
vertex 3623.6200000000003 4880.46 1399.97
endloop
endfacet
facet normal 0 0 -0.9999999999999999
outer loop
vertex 3987.23 4867.33 1399.97
vertex 3623.6200000000003 4880.46 1399.97
vertex 4202.25 4880.46 1399.97
endloop
endfacet
facet normal 0 0 -1
outer loop
vertex 7987.200000000001 4867.33 1399.97
vertex 8202.220000000001 4880.46 1399.97
vertex 8212.75 4863.17 1399.97
endloop
endfacet
facet normal 0 0 -1
outer loop
vertex 7987.200000000001 4867.33 1399.97
vertex 8212.75 4863.17 1399.97
vertex 8215.61 4856.41 1399.97
endloop
endfacet
facet normal 0 0 -1
outer loop
vertex 7987.200000000001 4867.33 1399.97
vertex 8215.61 4856.41 1399.97
vertex 7681.570000000001 4856.41 1399.97
endloop
endfacet
facet normal 0 0 -1
outer loop
vertex 7987.200000000001 4867.33 1399.97
vertex 7681.570000000001 4856.41 1399.97
vertex 7623.59 4880.46 1399.97
endloop
endfacet
facet normal 0 0 -1
outer loop
vertex 7987.200000000001 4867.33 1399.97
vertex 7623.59 4880.46 1399.97
vertex 8202.220000000001 4880.46 1399.97
endloop
endfacet
facet normal 0 0 -0.9999999999999999
outer loop
vertex 4215.64 4856.41 1399.97
vertex 4229.16 4823.650000000001 1399.97
vertex 3735.1600000000003 4823.650000000001 1399.97
endloop
endfacet
facet normal 0 0 -1
outer loop
vertex 4215.64 4856.41 1399.97
vertex 3735.1600000000003 4823.650000000001 1399.97
vertex 3681.6 4856.41 1399.97
endloop
endfacet
facet normal 0 0 -0.9999999999999999
outer loop
vertex 8215.61 4856.41 1399.97
vertex 8229.26 4823.650000000001 1399.97
vertex 7735.13 4823.650000000001 1399.97
endloop
endfacet
facet normal 0 0 -1
outer loop
vertex 8215.61 4856.41 1399.97
vertex 7735.13 4823.650000000001 1399.97
vertex 7681.570000000001 4856.41 1399.97
endloop
endfacet
facet normal 0 0 -1
outer loop
vertex 4229.16 4823.650000000001 1399.97
vertex 4246.06 4782.83 1399.97
vertex 3782.8700000000003 4782.83 1399.97
endloop
endfacet
facet normal 0 0 -1
outer loop
vertex 4229.16 4823.650000000001 1399.97
vertex 3782.8700000000003 4782.83 1399.97
vertex 3735.1600000000003 4823.650000000001 1399.97
endloop
endfacet
facet normal 0 0 -1
outer loop
vertex 8229.26 4823.650000000001 1399.97
vertex 8246.03 4782.83 1399.97
vertex 7782.84 4782.83 1399.97
endloop
endfacet
facet normal 0 0 -1
outer loop
vertex 8229.26 4823.650000000001 1399.97
vertex 7782.84 4782.83 1399.97
vertex 7735.13 4823.650000000001 1399.97
endloop
endfacet
facet normal 0 0 -1
outer loop
vertex 4075.3700000000003 4756.57 1399.97
vertex 4246.06 4782.83 1399.97
vertex 4260.88 4747.21 1399.97
endloop
endfacet
facet normal 0 0 -1
outer loop
vertex 4075.3700000000003 4756.57 1399.97
vertex 4260.88 4747.21 1399.97
vertex 4263.74 4735.12 1399.97
endloop
endfacet
facet normal 0 0 -1
outer loop
vertex 4075.3700000000003 4756.57 1399.97
vertex 4263.74 4735.12 1399.97
vertex 3823.56 4735.12 1399.97
endloop
endfacet
facet normal 0 0 -1
outer loop
vertex 4075.3700000000003 4756.57 1399.97
vertex 3823.56 4735.12 1399.97
vertex 3782.8700000000003 4782.83 1399.97
endloop
endfacet
facet normal 0 0 -1
outer loop
vertex 4075.3700000000003 4756.57 1399.97
vertex 3782.8700000000003 4782.83 1399.97
vertex 4246.06 4782.83 1399.97
endloop
endfacet
facet normal 0 0 -1
outer loop
vertex 8075.47 4756.57 1399.97
vertex 8246.03 4782.83 1399.97
vertex 8260.85 4747.21 1399.97
endloop
endfacet
facet normal 0 0 -0.9999999999999999
outer loop
vertex 8075.47 4756.57 1399.97
vertex 8260.85 4747.21 1399.97
vertex 8263.710000000001 4735.12 1399.97
endloop
endfacet
facet normal 0 0 -1
outer loop
vertex 8075.47 4756.57 1399.97
vertex 8263.710000000001 4735.12 1399.97
vertex 7823.66 4735.12 1399.97
endloop
endfacet
facet normal 0 0 -1
outer loop
vertex 8075.47 4756.57 1399.97
vertex 7823.66 4735.12 1399.97
vertex 7782.84 4782.83 1399.97
endloop
endfacet
facet normal 0 0 -1
outer loop
vertex 8075.47 4756.57 1399.97
vertex 7782.84 4782.83 1399.97
vertex 8246.03 4782.83 1399.97
endloop
endfacet
facet normal 0 0 -0.9999999999999999
outer loop
vertex 9442.81 4690.66 1399.97
vertex 9439.43 4690.66 1399.97
vertex 9442.550000000001 4691.57 1399.97
endloop
endfacet
facet normal 0 0 -1
outer loop
vertex 9720.75 4695.47 1399.97
vertex 10099.960000000001 4700.02 1399.97
vertex 10099.960000000001 4690.66 1399.97
endloop
endfacet
facet normal 0 0 -1
outer loop
vertex 9720.75 4695.47 1399.97
vertex 10099.960000000001 4690.66 1399.97
vertex 9442.81 4690.66 1399.97
endloop
endfacet
facet normal 0 0 -1
outer loop
vertex 9720.75 4695.47 1399.97
vertex 9442.81 4690.66 1399.97
vertex 9461.01 4696.12 1399.97
endloop
endfacet
facet normal 0 0 -1
outer loop
vertex 9720.75 4695.47 1399.97
vertex 9461.01 4696.12 1399.97
vertex 9500.01 4700.02 1399.97
endloop
endfacet
facet normal 0 0 -1
outer loop
vertex 9720.75 4695.47 1399.97
vertex 9500.01 4700.02 1399.97
vertex 10099.960000000001 4700.02 1399.97
endloop
endfacet
facet normal 0 0 -1
outer loop
vertex 4263.74 4735.12 1399.97
vertex 4276.610000000001 4681.56 1399.97
vertex 3856.4500000000003 4681.56 1399.97
endloop
endfacet
facet normal 0 0 -1
outer loop
vertex 4263.74 4735.12 1399.97
vertex 3856.4500000000003 4681.56 1399.97
vertex 3823.56 4735.12 1399.97
endloop
endfacet
facet normal 0 0 -1
outer loop
vertex 8263.710000000001 4735.12 1399.97
vertex 8276.58 4681.56 1399.97
vertex 7856.42 4681.56 1399.97
endloop
endfacet
facet normal 0 0 -1
outer loop
vertex 8263.710000000001 4735.12 1399.97
vertex 7856.42 4681.56 1399.97
vertex 7823.66 4735.12 1399.97
endloop
endfacet
facet normal 0 0 -1
outer loop
vertex 4118.79 4647.110000000001 1399.97
vertex 4276.610000000001 4681.56 1399.97
vertex 4290.13 4625.14 1399.97
endloop
endfacet
facet normal 0 0 -1
outer loop
vertex 4118.79 4647.110000000001 1399.97
vertex 4290.13 4625.14 1399.97
vertex 4290.26 4623.58 1399.97
endloop
endfacet
facet normal 0 0 -1
outer loop
vertex 4118.79 4647.110000000001 1399.97
vertex 4290.26 4623.58 1399.97
vertex 3880.3700000000003 4623.58 1399.97
endloop
endfacet
facet normal 0 0 -0.9999999999999999
outer loop
vertex 4118.79 4647.110000000001 1399.97
vertex 3880.3700000000003 4623.58 1399.97
vertex 3856.4500000000003 4681.56 1399.97
endloop
endfacet
facet normal 0 0 -1
outer loop
vertex 4118.79 4647.110000000001 1399.97
vertex 3856.4500000000003 4681.56 1399.97
vertex 4276.610000000001 4681.56 1399.97
endloop
endfacet
facet normal 0 0 -1
outer loop
vertex 8118.76 4647.110000000001 1399.97
vertex 8276.58 4681.56 1399.97
vertex 8290.1 4625.14 1399.97
endloop
endfacet
facet normal 0 0 -1
outer loop
vertex 8118.76 4647.110000000001 1399.97
vertex 8290.1 4625.14 1399.97
vertex 8290.23 4623.58 1399.97
endloop
endfacet
facet normal 0 0 -0.9999999999999999
outer loop
vertex 8118.76 4647.110000000001 1399.97
vertex 8290.23 4623.58 1399.97
vertex 7880.47 4623.58 1399.97
endloop
endfacet
facet normal 0 0 -1
outer loop
vertex 8118.76 4647.110000000001 1399.97
vertex 7880.47 4623.58 1399.97
vertex 7856.42 4681.56 1399.97
endloop
endfacet
facet normal 0 0 -1
outer loop
vertex 8118.76 4647.110000000001 1399.97
vertex 7856.42 4681.56 1399.97
vertex 8276.58 4681.56 1399.97
endloop
endfacet
facet normal 0 0 -1
outer loop
vertex 4290.26 4623.58 1399.97
vertex 4295.07 4562.610000000001 1399.97
vertex 3895.06 4562.610000000001 1399.97
endloop
endfacet
facet normal 0 0 -1
outer loop
vertex 4290.26 4623.58 1399.97
vertex 3895.06 4562.610000000001 1399.97
vertex 3880.3700000000003 4623.58 1399.97
endloop
endfacet
facet normal 0 0 -1
outer loop
vertex 8290.23 4623.58 1399.97
vertex 8295.04 4562.610000000001 1399.97
vertex 7895.030000000001 4562.610000000001 1399.97
endloop
endfacet
facet normal 0 0 -1
outer loop
vertex 8290.23 4623.58 1399.97
vertex 7895.030000000001 4562.610000000001 1399.97
vertex 7880.47 4623.58 1399.97
endloop
endfacet
facet normal 0 0 -1
outer loop
vertex 2158.52 4697.55 1399.97
vertex 3523.26 4898.14 1399.97
vertex 2195.96 4499.95 1399.97
endloop
endfacet
facet normal 0 0 -1
outer loop
vertex 2158.52 4697.55 1399.97
vertex 2195.96 4499.95 1399.97
vertex 1499.94 4499.95 1399.97
endloop
endfacet
facet normal 0 0 -1
outer loop
vertex 2158.52 4697.55 1399.97
vertex 1499.94 4499.95 1399.97
vertex 1442.48 4691.57 1399.97
endloop
endfacet
facet normal 0 0 -1
outer loop
vertex 2158.52 4697.55 1399.97
vertex 1442.48 4691.57 1399.97
vertex 2131.2200000000003 4898.14 1399.97
endloop
endfacet
facet normal 0 0 -1
outer loop
vertex 2158.52 4697.55 1399.97
vertex 2131.2200000000003 4898.14 1399.97
vertex 3523.26 4898.14 1399.97
endloop
endfacet
facet normal 0 0 -1
outer loop
vertex 4295.07 4562.610000000001 1399.97
vertex 4300.01 4499.95 1399.97
vertex 3900 4499.95 1399.97
endloop
endfacet
facet normal 0 0 -1
outer loop
vertex 4295.07 4562.610000000001 1399.97
vertex 3900 4499.95 1399.97
vertex 3895.06 4562.610000000001 1399.97
endloop
endfacet
facet normal 0 0 -1
outer loop
vertex 7523.2300000000005 4898.14 1399.97
vertex 6196.06 4499.95 1399.97
vertex 4804.02 4499.95 1399.97
endloop
endfacet
facet normal 0 0 -1
outer loop
vertex 7523.2300000000005 4898.14 1399.97
vertex 4804.02 4499.95 1399.97
vertex 6131.1900000000005 4898.14 1399.97
endloop
endfacet
facet normal 0 0 -1
outer loop
vertex 8295.04 4562.610000000001 1399.97
vertex 8299.98 4499.95 1399.97
vertex 7899.97 4499.95 1399.97
endloop
endfacet
facet normal 0 0 -1
outer loop
vertex 8295.04 4562.610000000001 1399.97
vertex 7899.97 4499.95 1399.97
vertex 7895.030000000001 4562.610000000001 1399.97
endloop
endfacet
facet normal 0 0 -1
outer loop
vertex 4300.01 4499.95 1399.97
vertex 4295.07 4437.42 1399.97
vertex 3895.06 4437.42 1399.97
endloop
endfacet
facet normal 0 0 -1
outer loop
vertex 4300.01 4499.95 1399.97
vertex 3895.06 4437.42 1399.97
vertex 3900 4499.95 1399.97
endloop
endfacet
facet normal 0 0 -1
outer loop
vertex 8299.98 4499.95 1399.97
vertex 8295.04 4437.42 1399.97
vertex 7895.030000000001 4437.42 1399.97
endloop
endfacet
facet normal 0 0 -1
outer loop
vertex 8299.98 4499.95 1399.97
vertex 7895.030000000001 4437.42 1399.97
vertex 7899.97 4499.95 1399.97
endloop
endfacet
facet normal 0 0 -1
outer loop
vertex 9527.57 4584.58 1399.97
vertex 9442.81 4690.66 1399.97
vertex 10099.960000000001 4690.66 1399.97
endloop
endfacet
facet normal 0 0 -1
outer loop
vertex 9527.57 4584.58 1399.97
vertex 10099.960000000001 4690.66 1399.97
vertex 10099.960000000001 4425.46 1399.97
endloop
endfacet
facet normal 0 0 -1
outer loop
vertex 9527.57 4584.58 1399.97
vertex 10099.960000000001 4425.46 1399.97
vertex 8555.69 4425.46 1399.97
endloop
endfacet
facet normal 0 0 -1
outer loop
vertex 9527.57 4584.58 1399.97
vertex 8555.69 4425.46 1399.97
vertex 9439.43 4690.66 1399.97
endloop
endfacet
facet normal 0 0 -1
outer loop
vertex 9527.57 4584.58 1399.97
vertex 9439.43 4690.66 1399.97
vertex 9442.81 4690.66 1399.97
endloop
endfacet
facet normal 0 0 -1
outer loop
vertex 4295.07 4437.42 1399.97
vertex 4290.26 4376.45 1399.97
vertex 3880.3700000000003 4376.45 1399.97
endloop
endfacet
facet normal 0 0 -1
outer loop
vertex 4295.07 4437.42 1399.97
vertex 3880.3700000000003 4376.45 1399.97
vertex 3895.06 4437.42 1399.97
endloop
endfacet
facet normal 0 0 -1
outer loop
vertex 8295.04 4437.42 1399.97
vertex 8290.23 4376.45 1399.97
vertex 7880.47 4376.45 1399.97
endloop
endfacet
facet normal 0 0 -1
outer loop
vertex 8295.04 4437.42 1399.97
vertex 7880.47 4376.45 1399.97
vertex 7895.030000000001 4437.42 1399.97
endloop
endfacet
facet normal 0 0 -1
outer loop
vertex 4122.04 4362.93 1399.97
vertex 4290.26 4376.45 1399.97
vertex 4290.13 4374.89 1399.97
endloop
endfacet
facet normal 0 0 -1
outer loop
vertex 4122.04 4362.93 1399.97
vertex 4290.13 4374.89 1399.97
vertex 4282.59 4343.56 1399.97
endloop
endfacet
facet normal 0 0 -1
outer loop
vertex 4122.04 4362.93 1399.97
vertex 4282.59 4343.56 1399.97
vertex 3866.85 4343.56 1399.97
endloop
endfacet
facet normal 0 0 -1
outer loop
vertex 4122.04 4362.93 1399.97
vertex 3866.85 4343.56 1399.97
vertex 3880.3700000000003 4376.45 1399.97
endloop
endfacet
facet normal 0 0 -1
outer loop
vertex 4122.04 4362.93 1399.97
vertex 3880.3700000000003 4376.45 1399.97
vertex 4290.26 4376.45 1399.97
endloop
endfacet
facet normal 0 0 -1
outer loop
vertex 6196.06 4499.95 1399.97
vertex 6717.360000000001 4343.56 1399.97
vertex 4282.59 4343.56 1399.97
endloop
endfacet
facet normal 0 0 -1
outer loop
vertex 6196.06 4499.95 1399.97
vertex 4282.59 4343.56 1399.97
vertex 4804.02 4499.95 1399.97
endloop
endfacet
facet normal 0 0 -1
outer loop
vertex 8122.01 4362.93 1399.97
vertex 8290.23 4376.45 1399.97
vertex 8290.1 4374.89 1399.97
endloop
endfacet
facet normal 0 0 -1
outer loop
vertex 8122.01 4362.93 1399.97
vertex 8290.1 4374.89 1399.97
vertex 8282.69 4343.56 1399.97
endloop
endfacet
facet normal 0 0 -1
outer loop
vertex 8122.01 4362.93 1399.97
vertex 8282.69 4343.56 1399.97
vertex 7866.820000000001 4343.56 1399.97
endloop
endfacet
facet normal 0 0 -1
outer loop
vertex 8122.01 4362.93 1399.97
vertex 7866.820000000001 4343.56 1399.97
vertex 7880.47 4376.45 1399.97
endloop
endfacet
facet normal 0 0 -1
outer loop
vertex 8122.01 4362.93 1399.97
vertex 7880.47 4376.45 1399.97
vertex 8290.23 4376.45 1399.97
endloop
endfacet
facet normal 0 0 -1
outer loop
vertex 9449.83 4381.650000000001 1399.97
vertex 10099.960000000001 4425.46 1399.97
vertex 10147.15 4370.21 1399.97
endloop
endfacet
facet normal 0 0 -1
outer loop
vertex 9449.83 4381.650000000001 1399.97
vertex 10147.15 4370.21 1399.97
vertex 10163.53 4343.56 1399.97
endloop
endfacet
facet normal 0 0 -1
outer loop
vertex 9449.83 4381.650000000001 1399.97
vertex 10163.53 4343.56 1399.97
vertex 8282.69 4343.56 1399.97
endloop
endfacet
facet normal 0 0 -1
outer loop
vertex 9449.83 4381.650000000001 1399.97
vertex 8282.69 4343.56 1399.97
vertex 8555.69 4425.46 1399.97
endloop
endfacet
facet normal 0 0 -1
outer loop
vertex 9449.83 4381.650000000001 1399.97
vertex 8555.69 4425.46 1399.97
vertex 10099.960000000001 4425.46 1399.97
endloop
endfacet
facet normal 0 0 -1
outer loop
vertex 5104.97 4333.42 1399.97
vertex 4282.59 4343.56 1399.97
vertex 6717.360000000001 4343.56 1399.97
endloop
endfacet
facet normal 0 0 -1
outer loop
vertex 5104.97 4333.42 1399.97
vertex 6717.360000000001 4343.56 1399.97
vertex 6801.34 4318.34 1399.97
endloop
endfacet
facet normal 0 0 -1
outer loop
vertex 5104.97 4333.42 1399.97
vertex 6801.34 4318.34 1399.97
vertex 3856.4500000000003 4318.34 1399.97
endloop
endfacet
facet normal 0 0 -0.9999999999999999
outer loop
vertex 5104.97 4333.42 1399.97
vertex 3856.4500000000003 4318.34 1399.97
vertex 3866.85 4343.56 1399.97
endloop
endfacet
facet normal 0 0 -1
outer loop
vertex 5104.97 4333.42 1399.97
vertex 3866.85 4343.56 1399.97
vertex 4282.59 4343.56 1399.97
endloop
endfacet
facet normal 0 0 -1
outer loop
vertex 8869.64 4333.42 1399.97
vertex 8282.69 4343.56 1399.97
vertex 10163.53 4343.56 1399.97
endloop
endfacet
facet normal 0 0 -1
outer loop
vertex 8869.64 4333.42 1399.97
vertex 10163.53 4343.56 1399.97
vertex 10179 4318.34 1399.97
endloop
endfacet
facet normal 0 0 -1
outer loop
vertex 8869.64 4333.42 1399.97
vertex 10179 4318.34 1399.97
vertex 7856.42 4318.34 1399.97
endloop
endfacet
facet normal 0 0 -1
outer loop
vertex 8869.64 4333.42 1399.97
vertex 7856.42 4318.34 1399.97
vertex 7866.820000000001 4343.56 1399.97
endloop
endfacet
facet normal 0 0 -1
outer loop
vertex 8869.64 4333.42 1399.97
vertex 7866.820000000001 4343.56 1399.97
vertex 8282.69 4343.56 1399.97
endloop
endfacet
facet normal 0 0 -0.9999999999999999
outer loop
vertex 9118.85 4306.25 1399.97
vertex 10179 4318.34 1399.97
vertex 10191.35 4298.1900000000005 1399.97
endloop
endfacet
facet normal 0 0 -1
outer loop
vertex 9118.85 4306.25 1399.97
vertex 10191.35 4298.1900000000005 1399.97
vertex 9523.28 4298.1900000000005 1399.97
endloop
endfacet
facet normal 0 0 -1
outer loop
vertex 9118.85 4306.25 1399.97
vertex 9523.28 4298.1900000000005 1399.97
vertex 7843.9400000000005 4298.1900000000005 1399.97
endloop
endfacet
facet normal 0 0 -0.9999999999999999
outer loop
vertex 9118.85 4306.25 1399.97
vertex 7843.9400000000005 4298.1900000000005 1399.97
vertex 7856.42 4318.34 1399.97
endloop
endfacet
facet normal 0 0 -1
outer loop
vertex 9118.85 4306.25 1399.97
vertex 7856.42 4318.34 1399.97
vertex 10179 4318.34 1399.97
endloop
endfacet
facet normal 0 0 -1
outer loop
vertex 10191.35 4298.1900000000005 1399.97
vertex 10193.300000000001 4295.07 1399.97
vertex 9562.54 4295.07 1399.97
endloop
endfacet
facet normal 0 0 -1
outer loop
vertex 10191.35 4298.1900000000005 1399.97
vertex 9562.54 4295.07 1399.97
vertex 9523.28 4298.1900000000005 1399.97
endloop
endfacet
facet normal 0 0 -1
outer loop
vertex 5377.97 4302.09 1399.97
vertex 6801.34 4318.34 1399.97
vertex 6892.08 4291.17 1399.97
endloop
endfacet
facet normal 0 0 -1
outer loop
vertex 5377.97 4302.09 1399.97
vertex 6892.08 4291.17 1399.97
vertex 5500.04 4291.17 1399.97
endloop
endfacet
facet normal 0 0 -1
outer loop
vertex 5377.97 4302.09 1399.97
vertex 5500.04 4291.17 1399.97
vertex 3839.6800000000003 4291.17 1399.97
endloop
endfacet
facet normal 0 0 -1
outer loop
vertex 5377.97 4302.09 1399.97
vertex 3839.6800000000003 4291.17 1399.97
vertex 3856.4500000000003 4318.34 1399.97
endloop
endfacet
facet normal 0 0 -0.9999999999999999
outer loop
vertex 5377.97 4302.09 1399.97
vertex 3856.4500000000003 4318.34 1399.97
vertex 6801.34 4318.34 1399.97
endloop
endfacet
facet normal 0 0 -1
outer loop
vertex 10193.300000000001 4295.07 1399.97
vertex 10202.27 4280.38 1399.97
vertex 9623.640000000001 4280.38 1399.97
endloop
endfacet
facet normal 0 0 -0.9999999999999999
outer loop
vertex 10193.300000000001 4295.07 1399.97
vertex 9623.640000000001 4280.38 1399.97
vertex 9562.54 4295.07 1399.97
endloop
endfacet
facet normal 0 0 -1
outer loop
vertex 5500.04 4291.17 1399.97
vertex 5412.29 4264.91 1399.97
vertex 3823.56 4264.91 1399.97
endloop
endfacet
facet normal 0 0 -1
outer loop
vertex 5500.04 4291.17 1399.97
vertex 3823.56 4264.91 1399.97
vertex 3839.6800000000003 4291.17 1399.97
endloop
endfacet
facet normal 0 0 -1
outer loop
vertex 9523.28 4298.1900000000005 1399.97
vertex 9412.26 4264.91 1399.97
vertex 7823.66 4264.91 1399.97
endloop
endfacet
facet normal 0 0 -1
outer loop
vertex 9523.28 4298.1900000000005 1399.97
vertex 7823.66 4264.91 1399.97
vertex 7843.9400000000005 4298.1900000000005 1399.97
endloop
endfacet
facet normal 0 0 -1
outer loop
vertex 9987.25 4267.38 1399.97
vertex 10202.27 4280.38 1399.97
vertex 10212.800000000001 4263.22 1399.97
endloop
endfacet
facet normal 0 0 -0.9999999999999999
outer loop
vertex 9987.25 4267.38 1399.97
vertex 10212.800000000001 4263.22 1399.97
vertex 10215.66 4256.46 1399.97
endloop
endfacet
facet normal 0 0 -1
outer loop
vertex 9987.25 4267.38 1399.97
vertex 10215.66 4256.46 1399.97
vertex 9681.62 4256.46 1399.97
endloop
endfacet
facet normal 0 0 -1
outer loop
vertex 9987.25 4267.38 1399.97
vertex 9681.62 4256.46 1399.97
vertex 9623.640000000001 4280.38 1399.97
endloop
endfacet
facet normal 0 0 -1
outer loop
vertex 9987.25 4267.38 1399.97
vertex 9623.640000000001 4280.38 1399.97
vertex 10202.27 4280.38 1399.97
endloop
endfacet
facet normal 0 0 -0.9999999999999999
outer loop
vertex 10215.66 4256.46 1399.97
vertex 10229.18 4223.57 1399.97
vertex 9735.050000000001 4223.57 1399.97
endloop
endfacet
facet normal 0 0 -1
outer loop
vertex 10215.66 4256.46 1399.97
vertex 9735.050000000001 4223.57 1399.97
vertex 9681.62 4256.46 1399.97
endloop
endfacet
facet normal 0 0 -1
outer loop
vertex 6892.08 4291.17 1399.97
vertex 7132.45 4219.02 1399.97
vertex 5740.41 4219.02 1399.97
endloop
endfacet
facet normal 0 0 -1
outer loop
vertex 6892.08 4291.17 1399.97
vertex 5740.41 4219.02 1399.97
vertex 5500.04 4291.17 1399.97
endloop
endfacet
facet normal 0 0 -1
outer loop
vertex 5412.29 4264.91 1399.97
vertex 5253.17 4217.2 1399.97
vertex 3782.8700000000003 4217.2 1399.97
endloop
endfacet
facet normal 0 0 -1
outer loop
vertex 5412.29 4264.91 1399.97
vertex 3782.8700000000003 4217.2 1399.97
vertex 3823.56 4264.91 1399.97
endloop
endfacet
facet normal 0 0 -1
outer loop
vertex 9412.26 4264.91 1399.97
vertex 9253.27 4217.2 1399.97
vertex 7782.84 4217.2 1399.97
endloop
endfacet
facet normal 0 0 -1
outer loop
vertex 9412.26 4264.91 1399.97
vertex 7782.84 4217.2 1399.97
vertex 7823.66 4264.91 1399.97
endloop
endfacet
facet normal 0 0 -1
outer loop
vertex 7132.45 4219.02 1399.97
vertex 7253.22 4182.88 1399.97
vertex 5782.79 4182.88 1399.97
endloop
endfacet
facet normal 0 0 -1
outer loop
vertex 7132.45 4219.02 1399.97
vertex 5782.79 4182.88 1399.97
vertex 5740.41 4219.02 1399.97
endloop
endfacet
facet normal 0 0 -1
outer loop
vertex 10229.18 4223.57 1399.97
vertex 10246.08 4182.88 1399.97
vertex 9782.890000000001 4182.88 1399.97
endloop
endfacet
facet normal 0 0 -1
outer loop
vertex 10229.18 4223.57 1399.97
vertex 9782.890000000001 4182.88 1399.97
vertex 9735.050000000001 4223.57 1399.97
endloop
endfacet
facet normal 0 0 -0.9999999999999999
outer loop
vertex 5253.17 4217.2 1399.97
vertex 5132.53 4180.93 1399.97
vertex 3740.4900000000002 4180.93 1399.97
endloop
endfacet
facet normal 0 0 -1
outer loop
vertex 5253.17 4217.2 1399.97
vertex 3740.4900000000002 4180.93 1399.97
vertex 3782.8700000000003 4217.2 1399.97
endloop
endfacet
facet normal 0 0 -1
outer loop
vertex 9253.27 4217.2 1399.97
vertex 9132.5 4180.93 1399.97
vertex 7740.46 4180.93 1399.97
endloop
endfacet
facet normal 0 0 -0.9999999999999999
outer loop
vertex 9253.27 4217.2 1399.97
vertex 7740.46 4180.93 1399.97
vertex 7782.84 4217.2 1399.97
endloop
endfacet
facet normal 0 0 -1
outer loop
vertex 7253.22 4182.88 1399.97
vertex 7412.34 4135.17 1399.97
vertex 5823.610000000001 4135.17 1399.97
endloop
endfacet
facet normal 0 0 -1
outer loop
vertex 7253.22 4182.88 1399.97
vertex 5823.610000000001 4135.17 1399.97
vertex 5782.79 4182.88 1399.97
endloop
endfacet
facet normal 0 0 -1
outer loop
vertex 10075.390000000001 4156.62 1399.97
vertex 10246.08 4182.88 1399.97
vertex 10260.9 4147.26 1399.97
endloop
endfacet
facet normal 0 0 -0.9999999999999999
outer loop
vertex 10075.390000000001 4156.62 1399.97
vertex 10260.9 4147.26 1399.97
vertex 10263.76 4135.17 1399.97
endloop
endfacet
facet normal 0 0 -1
outer loop
vertex 10075.390000000001 4156.62 1399.97
vertex 10263.76 4135.17 1399.97
vertex 9823.58 4135.17 1399.97
endloop
endfacet
facet normal 0 0 -1
outer loop
vertex 10075.390000000001 4156.62 1399.97
vertex 9823.58 4135.17 1399.97
vertex 9782.890000000001 4182.88 1399.97
endloop
endfacet
facet normal 0 0 -1
outer loop
vertex 10075.390000000001 4156.62 1399.97
vertex 9782.890000000001 4182.88 1399.97
vertex 10246.08 4182.88 1399.97
endloop
endfacet
facet normal 0 0 -1
outer loop
vertex 2149.29 4305.21 1399.97
vertex 2195.96 4499.95 1399.97
vertex 3499.9900000000002 4108.78 1399.97
endloop
endfacet
facet normal 0 0 -1
outer loop
vertex 2149.29 4305.21 1399.97
vertex 3499.9900000000002 4108.78 1399.97
vertex 2107.9500000000003 4108.78 1399.97
endloop
endfacet
facet normal 0 0 -1
outer loop
vertex 2149.29 4305.21 1399.97
vertex 2107.9500000000003 4108.78 1399.97
vertex 1442.48 4308.46 1399.97
endloop
endfacet
facet normal 0 0 -1
outer loop
vertex 2149.29 4305.21 1399.97
vertex 1442.48 4308.46 1399.97
vertex 1499.94 4499.95 1399.97
endloop
endfacet
facet normal 0 0 -1
outer loop
vertex 2149.29 4305.21 1399.97
vertex 1499.94 4499.95 1399.97
vertex 2195.96 4499.95 1399.97
endloop
endfacet
facet normal 0 0 -0.9999999999999999
outer loop
vertex 5132.53 4180.93 1399.97
vertex 4892.03 4108.78 1399.97
vertex 3499.9900000000002 4108.78 1399.97
endloop
endfacet
facet normal 0 0 -0.9999999999999999
outer loop
vertex 5132.53 4180.93 1399.97
vertex 3499.9900000000002 4108.78 1399.97
vertex 3740.4900000000002 4180.93 1399.97
endloop
endfacet
facet normal 0 0 -0.9999999999999999
outer loop
vertex 7412.34 4135.17 1399.97
vertex 7499.96 4108.78 1399.97
vertex 5839.7300000000005 4108.78 1399.97
endloop
endfacet
facet normal 0 0 -1
outer loop
vertex 7412.34 4135.17 1399.97
vertex 5839.7300000000005 4108.78 1399.97
vertex 5823.610000000001 4135.17 1399.97
endloop
endfacet
facet normal 0 0 -1
outer loop
vertex 9132.5 4180.93 1399.97
vertex 8892 4108.78 1399.97
vertex 7499.96 4108.78 1399.97
endloop
endfacet
facet normal 0 0 -1
outer loop
vertex 9132.5 4180.93 1399.97
vertex 7499.96 4108.78 1399.97
vertex 7740.46 4180.93 1399.97
endloop
endfacet
facet normal 0 0 -1
outer loop
vertex 7377.89 4097.860000000001 1399.97
vertex 7499.96 4108.78 1399.97
vertex 8892 4108.78 1399.97
endloop
endfacet
facet normal 0 0 -1
outer loop
vertex 7377.89 4097.860000000001 1399.97
vertex 8892 4108.78 1399.97
vertex 8801.39 4081.61 1399.97
endloop
endfacet
facet normal 0 0 -1
outer loop
vertex 7377.89 4097.860000000001 1399.97
vertex 8801.39 4081.61 1399.97
vertex 5856.37 4081.61 1399.97
endloop
endfacet
facet normal 0 0 -1
outer loop
vertex 7377.89 4097.860000000001 1399.97
vertex 5856.37 4081.61 1399.97
vertex 5839.7300000000005 4108.78 1399.97
endloop
endfacet
facet normal 0 0 -1
outer loop
vertex 7377.89 4097.860000000001 1399.97
vertex 5839.7300000000005 4108.78 1399.97
vertex 7499.96 4108.78 1399.97
endloop
endfacet
facet normal 0 0 -1
outer loop
vertex 10263.76 4135.17 1399.97
vertex 10276.630000000001 4081.61 1399.97
vertex 9856.34 4081.61 1399.97
endloop
endfacet
facet normal 0 0 -1
outer loop
vertex 10263.76 4135.17 1399.97
vertex 9856.34 4081.61 1399.97
vertex 9823.58 4135.17 1399.97
endloop
endfacet
facet normal 0 0 -1
outer loop
vertex 7104.89 4066.53 1399.97
vertex 8801.39 4081.61 1399.97
vertex 8717.41 4056.3900000000003 1399.97
endloop
endfacet
facet normal 0 0 -0.9999999999999999
outer loop
vertex 7104.89 4066.53 1399.97
vertex 8717.41 4056.3900000000003 1399.97
vertex 6282.64 4056.3900000000003 1399.97
endloop
endfacet
facet normal 0 0 -1
outer loop
vertex 7104.89 4066.53 1399.97
vertex 6282.64 4056.3900000000003 1399.97
vertex 5866.900000000001 4056.3900000000003 1399.97
endloop
endfacet
facet normal 0 0 -0.9999999999999999
outer loop
vertex 7104.89 4066.53 1399.97
vertex 5866.900000000001 4056.3900000000003 1399.97
vertex 5856.37 4081.61 1399.97
endloop
endfacet
facet normal 0 0 -1
outer loop
vertex 7104.89 4066.53 1399.97
vertex 5856.37 4081.61 1399.97
vertex 8801.39 4081.61 1399.97
endloop
endfacet
facet normal 0 0 -1
outer loop
vertex 6122.09 4037.02 1399.97
vertex 6282.64 4056.3900000000003 1399.97
vertex 6290.18 4025.19 1399.97
endloop
endfacet
facet normal 0 0 -1
outer loop
vertex 6122.09 4037.02 1399.97
vertex 6290.18 4025.19 1399.97
vertex 6290.31 4023.63 1399.97
endloop
endfacet
facet normal 0 0 -1
outer loop
vertex 6122.09 4037.02 1399.97
vertex 6290.31 4023.63 1399.97
vertex 5880.42 4023.63 1399.97
endloop
endfacet
facet normal 0 0 -0.9999999999999999
outer loop
vertex 6122.09 4037.02 1399.97
vertex 5880.42 4023.63 1399.97
vertex 5866.900000000001 4056.3900000000003 1399.97
endloop
endfacet
facet normal 0 0 -1
outer loop
vertex 6122.09 4037.02 1399.97
vertex 5866.900000000001 4056.3900000000003 1399.97
vertex 6282.64 4056.3900000000003 1399.97
endloop
endfacet
facet normal 0 0 -1
outer loop
vertex 10118.81 4047.1600000000003 1399.97
vertex 10276.630000000001 4081.61 1399.97
vertex 10290.15 4025.19 1399.97
endloop
endfacet
facet normal 0 0 -1
outer loop
vertex 10118.81 4047.1600000000003 1399.97
vertex 10290.15 4025.19 1399.97
vertex 10290.28 4023.63 1399.97
endloop
endfacet
facet normal 0 0 -1
outer loop
vertex 10118.81 4047.1600000000003 1399.97
vertex 10290.28 4023.63 1399.97
vertex 9880.390000000001 4023.63 1399.97
endloop
endfacet
facet normal 0 0 -1
outer loop
vertex 10118.81 4047.1600000000003 1399.97
vertex 9880.390000000001 4023.63 1399.97
vertex 9856.34 4081.61 1399.97
endloop
endfacet
facet normal 0 0 -1
outer loop
vertex 10118.81 4047.1600000000003 1399.97
vertex 9856.34 4081.61 1399.97
vertex 10276.630000000001 4081.61 1399.97
endloop
endfacet
facet normal 0 0 -1
outer loop
vertex 6290.31 4023.63 1399.97
vertex 6295.12 3962.53 1399.97
vertex 5895.110000000001 3962.53 1399.97
endloop
endfacet
facet normal 0 0 -1
outer loop
vertex 6290.31 4023.63 1399.97
vertex 5895.110000000001 3962.53 1399.97
vertex 5880.42 4023.63 1399.97
endloop
endfacet
facet normal 0 0 -1
outer loop
vertex 10290.28 4023.63 1399.97
vertex 10295.09 3962.53 1399.97
vertex 9895.08 3962.53 1399.97
endloop
endfacet
facet normal 0 0 -1
outer loop
vertex 10290.28 4023.63 1399.97
vertex 9895.08 3962.53 1399.97
vertex 9880.390000000001 4023.63 1399.97
endloop
endfacet
facet normal 0 0 -0.9999999999999999
outer loop
vertex 3499.9900000000002 4025.32 1399.97
vertex 3499.9900000000002 4108.78 1399.97
vertex 4892.03 4108.78 1399.97
endloop
endfacet
facet normal 0 0 -1
outer loop
vertex 3499.9900000000002 4025.32 1399.97
vertex 4892.03 4108.78 1399.97
vertex 4196.01 3900 1399.97
endloop
endfacet
facet normal 0 0 -0.9999999999999999
outer loop
vertex 3499.9900000000002 4025.32 1399.97
vertex 4196.01 3900 1399.97
vertex 2803.9700000000003 3900 1399.97
endloop
endfacet
facet normal 0 0 -1
outer loop
vertex 3499.9900000000002 4025.32 1399.97
vertex 2803.9700000000003 3900 1399.97
vertex 2107.9500000000003 4108.78 1399.97
endloop
endfacet
facet normal 0 0 -0.9999999999999999
outer loop
vertex 3499.9900000000002 4025.32 1399.97
vertex 2107.9500000000003 4108.78 1399.97
vertex 3499.9900000000002 4108.78 1399.97
endloop
endfacet
facet normal 0 0 -1
outer loop
vertex 6295.12 3962.53 1399.97
vertex 6300.06 3900 1399.97
vertex 5900.05 3900 1399.97
endloop
endfacet
facet normal 0 0 -1
outer loop
vertex 6295.12 3962.53 1399.97
vertex 5900.05 3900 1399.97
vertex 5895.110000000001 3962.53 1399.97
endloop
endfacet
facet normal 0 0 -0.9999999999999999
outer loop
vertex 8717.41 4056.3900000000003 1399.97
vertex 8195.98 3900 1399.97
vertex 6803.9400000000005 3900 1399.97
endloop
endfacet
facet normal 0 0 -1
outer loop
vertex 8717.41 4056.3900000000003 1399.97
vertex 6803.9400000000005 3900 1399.97
vertex 6282.64 4056.3900000000003 1399.97
endloop
endfacet
facet normal 0 0 -1
outer loop
vertex 10295.09 3962.53 1399.97
vertex 10300.03 3900 1399.97
vertex 9900.02 3900 1399.97
endloop
endfacet
facet normal 0 0 -1
outer loop
vertex 10295.09 3962.53 1399.97
vertex 9900.02 3900 1399.97
vertex 9895.08 3962.53 1399.97
endloop
endfacet
facet normal 0 0 -1
outer loop
vertex 6300.06 3900 1399.97
vertex 6295.12 3837.4700000000003 1399.97
vertex 5895.110000000001 3837.4700000000003 1399.97
endloop
endfacet
facet normal 0 0 -1
outer loop
vertex 6300.06 3900 1399.97
vertex 5895.110000000001 3837.4700000000003 1399.97
vertex 5900.05 3900 1399.97
endloop
endfacet
facet normal 0 0 -1
outer loop
vertex 10300.03 3900 1399.97
vertex 10295.09 3837.4700000000003 1399.97
vertex 9895.08 3837.4700000000003 1399.97
endloop
endfacet
facet normal 0 0 -1
outer loop
vertex 10300.03 3900 1399.97
vertex 9895.08 3837.4700000000003 1399.97
vertex 9900.02 3900 1399.97
endloop
endfacet
facet normal 0 0 -1
outer loop
vertex 6295.12 3837.4700000000003 1399.97
vertex 6290.31 3776.3700000000003 1399.97
vertex 5880.42 3776.3700000000003 1399.97
endloop
endfacet
facet normal 0 0 -1
outer loop
vertex 6295.12 3837.4700000000003 1399.97
vertex 5880.42 3776.3700000000003 1399.97
vertex 5895.110000000001 3837.4700000000003 1399.97
endloop
endfacet
facet normal 0 0 -1
outer loop
vertex 10295.09 3837.4700000000003 1399.97
vertex 10290.28 3776.3700000000003 1399.97
vertex 9880.390000000001 3776.3700000000003 1399.97
endloop
endfacet
facet normal 0 0 -1
outer loop
vertex 10295.09 3837.4700000000003 1399.97
vertex 9880.390000000001 3776.3700000000003 1399.97
vertex 9895.08 3837.4700000000003 1399.97
endloop
endfacet
facet normal 0 0 -1
outer loop
vertex 6118.84 3752.84 1399.97
vertex 6290.31 3776.3700000000003 1399.97
vertex 6290.18 3774.81 1399.97
endloop
endfacet
facet normal 0 0 -1
outer loop
vertex 6118.84 3752.84 1399.97
vertex 6290.18 3774.81 1399.97
vertex 6276.66 3718.3900000000003 1399.97
endloop
endfacet
facet normal 0 0 -1
outer loop
vertex 6118.84 3752.84 1399.97
vertex 6276.66 3718.3900000000003 1399.97
vertex 5856.37 3718.3900000000003 1399.97
endloop
endfacet
facet normal 0 0 -1
outer loop
vertex 6118.84 3752.84 1399.97
vertex 5856.37 3718.3900000000003 1399.97
vertex 5880.42 3776.3700000000003 1399.97
endloop
endfacet
facet normal 0 0 -0.9999999999999999
outer loop
vertex 6118.84 3752.84 1399.97
vertex 5880.42 3776.3700000000003 1399.97
vertex 6290.31 3776.3700000000003 1399.97
endloop
endfacet
facet normal 0 0 -1
outer loop
vertex 10118.81 3752.84 1399.97
vertex 10290.28 3776.3700000000003 1399.97
vertex 10290.15 3774.81 1399.97
endloop
endfacet
facet normal 0 0 -1
outer loop
vertex 10118.81 3752.84 1399.97
vertex 10290.15 3774.81 1399.97
vertex 10276.630000000001 3718.3900000000003 1399.97
endloop
endfacet
facet normal 0 0 -1
outer loop
vertex 10118.81 3752.84 1399.97
vertex 10276.630000000001 3718.3900000000003 1399.97
vertex 9856.34 3718.3900000000003 1399.97
endloop
endfacet
facet normal 0 0 -1
outer loop
vertex 10118.81 3752.84 1399.97
vertex 9856.34 3718.3900000000003 1399.97
vertex 9880.390000000001 3776.3700000000003 1399.97
endloop
endfacet
facet normal 0 0 -1
outer loop
vertex 10118.81 3752.84 1399.97
vertex 9880.390000000001 3776.3700000000003 1399.97
vertex 10290.28 3776.3700000000003 1399.97
endloop
endfacet
facet normal 0 0 -1
outer loop
vertex 6276.66 3718.3900000000003 1399.97
vertex 6263.79 3664.83 1399.97
vertex 5823.610000000001 3664.83 1399.97
endloop
endfacet
facet normal 0 0 -1
outer loop
vertex 6276.66 3718.3900000000003 1399.97
vertex 5823.610000000001 3664.83 1399.97
vertex 5856.37 3718.3900000000003 1399.97
endloop
endfacet
facet normal 0 0 -1
outer loop
vertex 10276.630000000001 3718.3900000000003 1399.97
vertex 10263.76 3664.83 1399.97
vertex 9823.58 3664.83 1399.97
endloop
endfacet
facet normal 0 0 -0.9999999999999999
outer loop
vertex 10276.630000000001 3718.3900000000003 1399.97
vertex 9823.58 3664.83 1399.97
vertex 9856.34 3718.3900000000003 1399.97
endloop
endfacet
facet normal 0 0 -1
outer loop
vertex 6075.42 3643.38 1399.97
vertex 6263.79 3664.83 1399.97
vertex 6260.8 3652.7400000000002 1399.97
endloop
endfacet
facet normal 0 0 -1
outer loop
vertex 6075.42 3643.38 1399.97
vertex 6260.8 3652.7400000000002 1399.97
vertex 6246.110000000001 3617.1200000000003 1399.97
endloop
endfacet
facet normal 0 0 -1
outer loop
vertex 6075.42 3643.38 1399.97
vertex 6246.110000000001 3617.1200000000003 1399.97
vertex 5782.79 3617.1200000000003 1399.97
endloop
endfacet
facet normal 0 0 -1
outer loop
vertex 6075.42 3643.38 1399.97
vertex 5782.79 3617.1200000000003 1399.97
vertex 5823.610000000001 3664.83 1399.97
endloop
endfacet
facet normal 0 0 -1
outer loop
vertex 6075.42 3643.38 1399.97
vertex 5823.610000000001 3664.83 1399.97
vertex 6263.79 3664.83 1399.97
endloop
endfacet
facet normal 0 0 -1
outer loop
vertex 10075.390000000001 3643.38 1399.97
vertex 10263.76 3664.83 1399.97
vertex 10260.9 3652.7400000000002 1399.97
endloop
endfacet
facet normal 0 0 -0.9999999999999999
outer loop
vertex 10075.390000000001 3643.38 1399.97
vertex 10260.9 3652.7400000000002 1399.97
vertex 10246.08 3617.1200000000003 1399.97
endloop
endfacet
facet normal 0 0 -1
outer loop
vertex 10075.390000000001 3643.38 1399.97
vertex 10246.08 3617.1200000000003 1399.97
vertex 9782.890000000001 3617.1200000000003 1399.97
endloop
endfacet
facet normal 0 0 -1
outer loop
vertex 10075.390000000001 3643.38 1399.97
vertex 9782.890000000001 3617.1200000000003 1399.97
vertex 9823.58 3664.83 1399.97
endloop
endfacet
facet normal 0 0 -1
outer loop
vertex 10075.390000000001 3643.38 1399.97
vertex 9823.58 3664.83 1399.97
vertex 10263.76 3664.83 1399.97
endloop
endfacet
facet normal 0 0 -1
outer loop
vertex 6246.110000000001 3617.1200000000003 1399.97
vertex 6229.21 3576.4300000000003 1399.97
vertex 5735.08 3576.4300000000003 1399.97
endloop
endfacet
facet normal 0 0 -1
outer loop
vertex 6246.110000000001 3617.1200000000003 1399.97
vertex 5735.08 3576.4300000000003 1399.97
vertex 5782.79 3617.1200000000003 1399.97
endloop
endfacet
facet normal 0 0 -1
outer loop
vertex 10246.08 3617.1200000000003 1399.97
vertex 10229.18 3576.4300000000003 1399.97
vertex 9735.050000000001 3576.4300000000003 1399.97
endloop
endfacet
facet normal 0 0 -1
outer loop
vertex 10246.08 3617.1200000000003 1399.97
vertex 9735.050000000001 3576.4300000000003 1399.97
vertex 9782.890000000001 3617.1200000000003 1399.97
endloop
endfacet
facet normal 0 0 -1
outer loop
vertex 6229.21 3576.4300000000003 1399.97
vertex 6215.56 3543.54 1399.97
vertex 5681.650000000001 3543.54 1399.97
endloop
endfacet
facet normal 0 0 -1
outer loop
vertex 6229.21 3576.4300000000003 1399.97
vertex 5681.650000000001 3543.54 1399.97
vertex 5735.08 3576.4300000000003 1399.97
endloop
endfacet
facet normal 0 0 -1
outer loop
vertex 10229.18 3576.4300000000003 1399.97
vertex 10215.66 3543.54 1399.97
vertex 9681.62 3543.54 1399.97
endloop
endfacet
facet normal 0 0 -0.9999999999999999
outer loop
vertex 10229.18 3576.4300000000003 1399.97
vertex 9681.62 3543.54 1399.97
vertex 9735.050000000001 3576.4300000000003 1399.97
endloop
endfacet
facet normal 0 0 -1
outer loop
vertex 5987.150000000001 3532.6200000000003 1399.97
vertex 6215.56 3543.54 1399.97
vertex 6212.83 3536.78 1399.97
endloop
endfacet
facet normal 0 0 -1
outer loop
vertex 5987.150000000001 3532.6200000000003 1399.97
vertex 6212.83 3536.78 1399.97
vertex 6202.3 3519.6200000000003 1399.97
endloop
endfacet
facet normal 0 0 -0.9999999999999999
outer loop
vertex 5987.150000000001 3532.6200000000003 1399.97
vertex 6202.3 3519.6200000000003 1399.97
vertex 5623.67 3519.6200000000003 1399.97
endloop
endfacet
facet normal 0 0 -1
outer loop
vertex 5987.150000000001 3532.6200000000003 1399.97
vertex 5623.67 3519.6200000000003 1399.97
vertex 5681.650000000001 3543.54 1399.97
endloop
endfacet
facet normal 0 0 -0.9999999999999999
outer loop
vertex 5987.150000000001 3532.6200000000003 1399.97
vertex 5681.650000000001 3543.54 1399.97
vertex 6215.56 3543.54 1399.97
endloop
endfacet
facet normal 0 0 -1
outer loop
vertex 9987.25 3532.6200000000003 1399.97
vertex 10215.66 3543.54 1399.97
vertex 10212.800000000001 3536.78 1399.97
endloop
endfacet
facet normal 0 0 -1
outer loop
vertex 9987.25 3532.6200000000003 1399.97
vertex 10212.800000000001 3536.78 1399.97
vertex 10202.27 3519.6200000000003 1399.97
endloop
endfacet
facet normal 0 0 -1
outer loop
vertex 9987.25 3532.6200000000003 1399.97
vertex 10202.27 3519.6200000000003 1399.97
vertex 9623.640000000001 3519.6200000000003 1399.97
endloop
endfacet
facet normal 0 0 -1
outer loop
vertex 9987.25 3532.6200000000003 1399.97
vertex 9623.640000000001 3519.6200000000003 1399.97
vertex 9681.62 3543.54 1399.97
endloop
endfacet
facet normal 0 0 -1
outer loop
vertex 9987.25 3532.6200000000003 1399.97
vertex 9681.62 3543.54 1399.97
vertex 10215.66 3543.54 1399.97
endloop
endfacet
facet normal 0 0 -1
outer loop
vertex 6202.3 3519.6200000000003 1399.97
vertex 6193.33 3504.9300000000003 1399.97
vertex 5562.570000000001 3504.9300000000003 1399.97
endloop
endfacet
facet normal 0 0 -1
outer loop
vertex 6202.3 3519.6200000000003 1399.97
vertex 5562.570000000001 3504.9300000000003 1399.97
vertex 5623.67 3519.6200000000003 1399.97
endloop
endfacet
facet normal 0 0 -1
outer loop
vertex 10202.27 3519.6200000000003 1399.97
vertex 10193.300000000001 3504.9300000000003 1399.97
vertex 9562.54 3504.9300000000003 1399.97
endloop
endfacet
facet normal 0 0 -1
outer loop
vertex 10202.27 3519.6200000000003 1399.97
vertex 9562.54 3504.9300000000003 1399.97
vertex 9623.640000000001 3519.6200000000003 1399.97
endloop
endfacet
facet normal 0 0 -1
outer loop
vertex 4196.01 3900 1399.97
vertex 5523.31 3501.81 1399.97
vertex 4131.27 3501.81 1399.97
endloop
endfacet
facet normal 0 0 -1
outer loop
vertex 4196.01 3900 1399.97
vertex 4131.27 3501.81 1399.97
vertex 2803.9700000000003 3900 1399.97
endloop
endfacet
facet normal 0 0 -1
outer loop
vertex 6193.33 3504.9300000000003 1399.97
vertex 6191.38 3501.81 1399.97
vertex 5523.31 3501.81 1399.97
endloop
endfacet
facet normal 0 0 -0.9999999999999999
outer loop
vertex 6193.33 3504.9300000000003 1399.97
vertex 5523.31 3501.81 1399.97
vertex 5562.570000000001 3504.9300000000003 1399.97
endloop
endfacet
facet normal 0 0 -1
outer loop
vertex 8195.98 3900 1399.97
vertex 9523.28 3501.81 1399.97
vertex 8131.240000000001 3501.81 1399.97
endloop
endfacet
facet normal 0 0 -1
outer loop
vertex 8195.98 3900 1399.97
vertex 8131.240000000001 3501.81 1399.97
vertex 6803.9400000000005 3900 1399.97
endloop
endfacet
facet normal 0 0 -1
outer loop
vertex 10193.300000000001 3504.9300000000003 1399.97
vertex 10191.35 3501.81 1399.97
vertex 9523.28 3501.81 1399.97
endloop
endfacet
facet normal 0 0 -0.9999999999999999
outer loop
vertex 10193.300000000001 3504.9300000000003 1399.97
vertex 9523.28 3501.81 1399.97
vertex 9562.54 3504.9300000000003 1399.97
endloop
endfacet
facet normal 0 0 -1
outer loop
vertex 5647.070000000001 3273.92 1399.97
vertex 5523.31 3501.81 1399.97
vertex 6191.38 3501.81 1399.97
endloop
endfacet
facet normal 0 0 -1
outer loop
vertex 5647.070000000001 3273.92 1399.97
vertex 6191.38 3501.81 1399.97
vertex 6147.18 3429.79 1399.97
endloop
endfacet
facet normal 0 0 -1
outer loop
vertex 5647.070000000001 3273.92 1399.97
vertex 6147.18 3429.79 1399.97
vertex 6065.67 3334.37 1399.97
endloop
endfacet
facet normal 0 0 -1
outer loop
vertex 5647.070000000001 3273.92 1399.97
vertex 6065.67 3334.37 1399.97
vertex 5970.25 3252.73 1399.97
endloop
endfacet
facet normal 0 0 -1
outer loop
vertex 5647.070000000001 3273.92 1399.97
vertex 5970.25 3252.73 1399.97
vertex 5863.13 3187.21 1399.97
endloop
endfacet
facet normal 0 0 -1
outer loop
vertex 5647.070000000001 3273.92 1399.97
vertex 5863.13 3187.21 1399.97
vertex 5747.17 3139.11 1399.97
endloop
endfacet
facet normal 0 0 -1
outer loop
vertex 5647.070000000001 3273.92 1399.97
vertex 5747.17 3139.11 1399.97
vertex 5625.1 3109.86 1399.97
endloop
endfacet
facet normal 0 0 -0.9999999999999999
outer loop
vertex 5647.070000000001 3273.92 1399.97
vertex 5625.1 3109.86 1399.97
vertex 5618.860000000001 3109.34 1399.97
endloop
endfacet
facet normal 0 0 -1
outer loop
vertex 5647.070000000001 3273.92 1399.97
vertex 5618.860000000001 3109.34 1399.97
vertex 5442.84 3109.34 1399.97
endloop
endfacet
facet normal 0 0 -1
outer loop
vertex 5647.070000000001 3273.92 1399.97
vertex 5442.84 3109.34 1399.97
vertex 5439.46 3109.34 1399.97
endloop
endfacet
facet normal 0 0 -1
outer loop
vertex 5647.070000000001 3273.92 1399.97
vertex 5439.46 3109.34 1399.97
vertex 4131.27 3501.81 1399.97
endloop
endfacet
facet normal 0 0 -1
outer loop
vertex 5647.070000000001 3273.92 1399.97
vertex 4131.27 3501.81 1399.97
vertex 5523.31 3501.81 1399.97
endloop
endfacet
facet normal 0 0 -1
outer loop
vertex 9647.17 3273.92 1399.97
vertex 9523.28 3501.81 1399.97
vertex 10191.35 3501.81 1399.97
endloop
endfacet
facet normal 0 0 -1
outer loop
vertex 9647.17 3273.92 1399.97
vertex 10191.35 3501.81 1399.97
vertex 10147.15 3429.79 1399.97
endloop
endfacet
facet normal 0 0 -1
outer loop
vertex 9647.17 3273.92 1399.97
vertex 10147.15 3429.79 1399.97
vertex 10065.640000000001 3334.37 1399.97
endloop
endfacet
facet normal 0 0 -0.9999999999999999
outer loop
vertex 9647.17 3273.92 1399.97
vertex 10065.640000000001 3334.37 1399.97
vertex 9970.220000000001 3252.73 1399.97
endloop
endfacet
facet normal 0 0 -1
outer loop
vertex 9647.17 3273.92 1399.97
vertex 9970.220000000001 3252.73 1399.97
vertex 9863.23 3187.21 1399.97
endloop
endfacet
facet normal 0 0 -1
outer loop
vertex 9647.17 3273.92 1399.97
vertex 9863.23 3187.21 1399.97
vertex 9747.27 3139.11 1399.97
endloop
endfacet
facet normal 0 0 -1
outer loop
vertex 9647.17 3273.92 1399.97
vertex 9747.27 3139.11 1399.97
vertex 9625.2 3109.86 1399.97
endloop
endfacet
facet normal 0 0 -1
outer loop
vertex 9647.17 3273.92 1399.97
vertex 9625.2 3109.86 1399.97
vertex 9618.83 3109.34 1399.97
endloop
endfacet
facet normal 0 0 -1
outer loop
vertex 9647.17 3273.92 1399.97
vertex 9618.83 3109.34 1399.97
vertex 9442.81 3109.34 1399.97
endloop
endfacet
facet normal 0 0 -1
outer loop
vertex 9647.17 3273.92 1399.97
vertex 9442.81 3109.34 1399.97
vertex 9439.43 3109.34 1399.97
endloop
endfacet
facet normal 0 0 -1
outer loop
vertex 9647.17 3273.92 1399.97
vertex 9439.43 3109.34 1399.97
vertex 8131.240000000001 3501.81 1399.97
endloop
endfacet
facet normal 0 0 -1
outer loop
vertex 9647.17 3273.92 1399.97
vertex 8131.240000000001 3501.81 1399.97
vertex 9523.28 3501.81 1399.97
endloop
endfacet
facet normal 0 0 -1
outer loop
vertex 5442.84 3109.34 1399.97
vertex 5442.58 3108.4300000000003 1399.97
vertex 5439.46 3109.34 1399.97
endloop
endfacet
facet normal 0 0 -0.9999999999999999
outer loop
vertex 9442.81 3109.34 1399.97
vertex 9442.550000000001 3108.4300000000003 1399.97
vertex 9439.43 3109.34 1399.97
endloop
endfacet
facet normal 0 0 -1
outer loop
vertex 5618.860000000001 3109.34 1399.97
vertex 5500.04 3099.98 1399.97
vertex 5461.04 3103.88 1399.97
endloop
endfacet
facet normal 0 0 -1
outer loop
vertex 5618.860000000001 3109.34 1399.97
vertex 5461.04 3103.88 1399.97
vertex 5442.84 3109.34 1399.97
endloop
endfacet
facet normal 0 0 -1
outer loop
vertex 9618.83 3109.34 1399.97
vertex 9500.01 3099.98 1399.97
vertex 9461.01 3103.88 1399.97
endloop
endfacet
facet normal 0 0 -1
outer loop
vertex 9618.83 3109.34 1399.97
vertex 9461.01 3103.88 1399.97
vertex 9442.81 3109.34 1399.97
endloop
endfacet
facet normal 0.09621815937084052 -0.9953602693534074 0
outer loop
vertex 3499.9900000000002 5299.97 999.96
vertex 3499.9900000000002 5299.97 1399.97
vertex 3460.9900000000002 5296.2 1399.97
endloop
endfacet
facet normal 0.09621815937084052 -0.9953602693534074 0
outer loop
vertex 3499.9900000000002 5299.97 999.96
vertex 3460.9900000000002 5296.2 1399.97
vertex 3460.9900000000002 5296.2 999.96
endloop
endfacet
facet normal 0.29360600310203905 -0.955926521727714 0
outer loop
vertex 3442.79 5290.610000000001 999.96
vertex 3460.9900000000002 5296.2 999.96
vertex 3460.9900000000002 5296.2 1399.97
endloop
endfacet
facet normal 0.29360600310203905 -0.955926521727714 0
outer loop
vertex 3442.79 5290.610000000001 999.96
vertex 3460.9900000000002 5296.2 1399.97
vertex 3442.79 5290.610000000001 1399.97
endloop
endfacet
facet normal -0.9615239476408777 -0.2747211278971877 0
outer loop
vertex 3442.53 5291.52 1399.97
vertex 3442.53 5291.52 999.96
vertex 3442.79 5290.610000000001 999.96
endloop
endfacet
facet normal -0.9615239476408777 -0.2747211278971877 0
outer loop
vertex 3442.53 5291.52 1399.97
vertex 3442.79 5290.610000000001 999.96
vertex 3442.79 5290.610000000001 1399.97
endloop
endfacet
facet normal 0.23180706306628518 0.972761782510283 0
outer loop
vertex 3623.6200000000003 4880.46 1399.97
vertex 3623.6200000000003 4880.46 999.96
vertex 3562.52 4895.02 999.96
endloop
endfacet
facet normal 0.23180706306628518 0.972761782510283 0
outer loop
vertex 3623.6200000000003 4880.46 1399.97
vertex 3562.52 4895.02 999.96
vertex 3562.52 4895.02 1399.97
endloop
endfacet
facet normal 0.3831443281873272 0.9236884884948396 0
outer loop
vertex 3681.6 4856.41 1399.97
vertex 3681.6 4856.41 999.96
vertex 3623.6200000000003 4880.46 999.96
endloop
endfacet
facet normal 0.3831443281873272 0.9236884884948396 0
outer loop
vertex 3681.6 4856.41 1399.97
vertex 3623.6200000000003 4880.46 999.96
vertex 3623.6200000000003 4880.46 1399.97
endloop
endfacet
facet normal 0.5217849836991024 0.8530770368414141 0
outer loop
vertex 3735.1600000000003 4823.650000000001 1399.97
vertex 3735.1600000000003 4823.650000000001 999.96
vertex 3681.6 4856.41 999.96
endloop
endfacet
facet normal 0.5217849836991024 0.8530770368414141 0
outer loop
vertex 3735.1600000000003 4823.650000000001 1399.97
vertex 3681.6 4856.41 999.96
vertex 3681.6 4856.41 1399.97
endloop
endfacet
facet normal 0.6501090931152389 0.7598408827174816 0
outer loop
vertex 3782.8700000000003 4782.83 1399.97
vertex 3782.8700000000003 4782.83 999.96
vertex 3735.1600000000003 4823.650000000001 999.96
endloop
endfacet
facet normal 0.6501090931152389 0.7598408827174816 0
outer loop
vertex 3782.8700000000003 4782.83 1399.97
vertex 3735.1600000000003 4823.650000000001 999.96
vertex 3735.1600000000003 4823.650000000001 1399.97
endloop
endfacet
facet normal 0.7608640576866104 0.6489113080542411 0
outer loop
vertex 3823.56 4735.12 1399.97
vertex 3823.56 4735.12 999.96
vertex 3782.8700000000003 4782.83 999.96
endloop
endfacet
facet normal 0.7608640576866104 0.6489113080542411 0
outer loop
vertex 3823.56 4735.12 1399.97
vertex 3782.8700000000003 4782.83 999.96
vertex 3782.8700000000003 4782.83 1399.97
endloop
endfacet
facet normal 0.8521550447547137 0.523289384278997 0
outer loop
vertex 3856.4500000000003 4681.56 1399.97
vertex 3856.4500000000003 4681.56 999.96
vertex 3823.56 4735.12 999.96
endloop
endfacet
facet normal 0.8521550447547137 0.523289384278997 0
outer loop
vertex 3856.4500000000003 4681.56 1399.97
vertex 3823.56 4735.12 999.96
vertex 3823.56 4735.12 1399.97
endloop
endfacet
facet normal 0.9244203335627829 0.38137520487791743 0
outer loop
vertex 3880.3700000000003 4623.58 1399.97
vertex 3880.3700000000003 4623.58 999.96
vertex 3856.4500000000003 4681.56 999.96
endloop
endfacet
facet normal 0.9244203335627829 0.38137520487791743 0
outer loop
vertex 3880.3700000000003 4623.58 1399.97
vertex 3856.4500000000003 4681.56 999.96
vertex 3856.4500000000003 4681.56 1399.97
endloop
endfacet
facet normal 0.9721799453227488 0.2342352533506797 0
outer loop
vertex 3895.06 4562.610000000001 1399.97
vertex 3895.06 4562.610000000001 999.96
vertex 3880.3700000000003 4623.58 999.96
endloop
endfacet
facet normal 0.9721799453227488 0.2342352533506797 0
outer loop
vertex 3895.06 4562.610000000001 1399.97
vertex 3880.3700000000003 4623.58 999.96
vertex 3880.3700000000003 4623.58 1399.97
endloop
endfacet
facet normal 0.9969066834764639 0.07859430284669208 0
outer loop
vertex 3900 4499.95 1399.97
vertex 3900 4499.95 999.96
vertex 3895.06 4562.610000000001 999.96
endloop
endfacet
facet normal 0.9969066834764639 0.07859430284669208 0
outer loop
vertex 3900 4499.95 1399.97
vertex 3895.06 4562.610000000001 999.96
vertex 3895.06 4562.610000000001 1399.97
endloop
endfacet
facet normal 0.9968938680104329 -0.07875668811724952 0
outer loop
vertex 3895.06 4437.42 1399.97
vertex 3895.06 4437.42 999.96
vertex 3900 4499.95 999.96
endloop
endfacet
facet normal 0.9968938680104329 -0.07875668811724952 0
outer loop
vertex 3895.06 4437.42 1399.97
vertex 3900 4499.95 999.96
vertex 3900 4499.95 1399.97
endloop
endfacet
facet normal 0.9721799453227498 -0.23423525335067646 0
outer loop
vertex 3880.3700000000003 4376.45 1399.97
vertex 3880.3700000000003 4376.45 999.96
vertex 3895.06 4437.42 999.96
endloop
endfacet
facet normal 0.9721799453227498 -0.23423525335067646 0
outer loop
vertex 3880.3700000000003 4376.45 1399.97
vertex 3895.06 4437.42 999.96
vertex 3895.06 4437.42 1399.97
endloop
endfacet
facet normal 0.9247209360778031 -0.38064575444813703 0
outer loop
vertex 3856.4500000000003 4318.34 1399.97
vertex 3856.4500000000003 4318.34 999.96
vertex 3880.3700000000003 4376.45 999.96
endloop
endfacet
facet normal 0.9247209360778031 -0.38064575444813703 0
outer loop
vertex 3856.4500000000003 4318.34 1399.97
vertex 3880.3700000000003 4376.45 999.96
vertex 3880.3700000000003 4376.45 1399.97
endloop
endfacet
facet normal 0.8515871676312318 -0.5242130253301767 0
outer loop
vertex 3823.56 4264.91 1399.97
vertex 3823.56 4264.91 999.96
vertex 3856.4500000000003 4318.34 999.96
endloop
endfacet
facet normal 0.8515871676312318 -0.5242130253301767 0
outer loop
vertex 3823.56 4264.91 1399.97
vertex 3856.4500000000003 4318.34 999.96
vertex 3856.4500000000003 4318.34 1399.97
endloop
endfacet
facet normal 0.7608640576866104 -0.6489113080542411 0
outer loop
vertex 3782.8700000000003 4217.2 1399.97
vertex 3782.8700000000003 4217.2 999.96
vertex 3823.56 4264.91 999.96
endloop
endfacet
facet normal 0.7608640576866104 -0.6489113080542411 0
outer loop
vertex 3782.8700000000003 4217.2 1399.97
vertex 3823.56 4264.91 999.96
vertex 3823.56 4264.91 1399.97
endloop
endfacet
facet normal -0.9968938680104323 0.07875668811725674 0
outer loop
vertex 4295.07 4437.42 1200.03
vertex 4295.07 4437.42 1399.97
vertex 4300.01 4499.95 1399.97
endloop
endfacet
facet normal -0.9968938680104323 0.07875668811725672 0
outer loop
vertex 4295.07 4437.42 1200.03
vertex 4300.01 4499.95 1399.97
vertex 4300.01 4499.95 999.96
endloop
endfacet
facet normal -0.9968938680104323 0.07875668811725674 0
outer loop
vertex 4295.07 4437.42 1200.03
vertex 4300.01 4499.95 999.96
vertex 4295.07 4437.42 999.96
endloop
endfacet
facet normal -0.9968938680104333 0.07875668811724232 0
outer loop
vertex 4295.07 4437.42 1200.03
vertex 4295.07 4437.42 999.96
vertex 4290.13 4374.89 999.96
endloop
endfacet
facet normal -0.9968938680104336 0.07875668811724232 0
outer loop
vertex 4295.07 4437.42 1200.03
vertex 4290.13 4374.89 999.96
vertex 4290.13 4374.89 1399.97
endloop
endfacet
facet normal -0.9968938680104334 0.07875668811724232 0
outer loop
vertex 4295.07 4437.42 1200.03
vertex 4290.13 4374.89 1399.97
vertex 4295.07 4437.42 1399.97
endloop
endfacet
facet normal -0.9969002856625574 -0.07867541195260114 0
outer loop
vertex 4290.13 4625.14 1399.97
vertex 4290.13 4625.14 999.96
vertex 4300.01 4499.95 999.96
endloop
endfacet
facet normal -0.9969002856625574 -0.07867541195260114 0
outer loop
vertex 4290.13 4625.14 1399.97
vertex 4300.01 4499.95 999.96
vertex 4300.01 4499.95 1399.97
endloop
endfacet
facet normal -0.9724718445812172 -0.2330204100434232 0
outer loop
vertex 4260.88 4747.21 1399.97
vertex 4260.88 4747.21 999.96
vertex 4290.13 4625.14 999.96
endloop
endfacet
facet normal -0.9724718445812172 -0.2330204100434232 0
outer loop
vertex 4260.88 4747.21 1399.97
vertex 4290.13 4625.14 999.96
vertex 4290.13 4625.14 1399.97
endloop
endfacet
facet normal -0.9236884884948408 -0.38314432818732463 0
outer loop
vertex 4212.78 4863.17 1399.97
vertex 4212.78 4863.17 999.96
vertex 4260.88 4747.21 999.96
endloop
endfacet
facet normal -0.9236884884948408 -0.38314432818732463 0
outer loop
vertex 4212.78 4863.17 1399.97
vertex 4260.88 4747.21 999.96
vertex 4260.88 4747.21 1399.97
endloop
endfacet
facet normal -0.8530770368414089 -0.521784983699111 0
outer loop
vertex 4147.26 4970.29 1399.97
vertex 4147.26 4970.29 999.96
vertex 4212.78 4863.17 999.96
endloop
endfacet
facet normal -0.8530770368414089 -0.521784983699111 0
outer loop
vertex 4147.26 4970.29 1399.97
vertex 4212.78 4863.17 999.96
vertex 4212.78 4863.17 1399.97
endloop
endfacet
facet normal -0.7603523618499117 -0.6495108050134817 0
outer loop
vertex 4065.75 5065.71 1399.97
vertex 4065.75 5065.71 999.96
vertex 4147.26 4970.29 999.96
endloop
endfacet
facet normal -0.7603523618499117 -0.6495108050134817 0
outer loop
vertex 4065.75 5065.71 1399.97
vertex 4147.26 4970.29 999.96
vertex 4147.26 4970.29 1399.97
endloop
endfacet
facet normal -0.6489994732499509 -0.7607888562020912 0
outer loop
vertex 3970.2000000000003 5147.22 1399.97
vertex 3970.2000000000003 5147.22 999.96
vertex 4065.75 5065.71 999.96
endloop
endfacet
facet normal -0.6489994732499509 -0.7607888562020912 0
outer loop
vertex 3970.2000000000003 5147.22 1399.97
vertex 4065.75 5065.71 999.96
vertex 4065.75 5065.71 1399.97
endloop
endfacet
facet normal -0.5229991209705143 -0.8523332209083894 0
outer loop
vertex 3863.21 5212.87 1399.97
vertex 3863.21 5212.87 999.96
vertex 3970.2000000000003 5147.22 999.96
endloop
endfacet
facet normal -0.5229991209705143 -0.8523332209083894 0
outer loop
vertex 3863.21 5212.87 1399.97
vertex 3970.2000000000003 5147.22 999.96
vertex 3970.2000000000003 5147.22 1399.97
endloop
endfacet
facet normal -0.38226029195801203 -0.9240546895028321 0
outer loop
vertex 3747.25 5260.84 1399.97
vertex 3747.25 5260.84 999.96
vertex 3863.21 5212.87 999.96
endloop
endfacet
facet normal -0.38226029195801203 -0.9240546895028321 0
outer loop
vertex 3747.25 5260.84 1399.97
vertex 3863.21 5212.87 999.96
vertex 3863.21 5212.87 1399.97
endloop
endfacet
facet normal -0.2330204100434232 -0.9724718445812172 0
outer loop
vertex 3625.1800000000003 5290.09 1399.97
vertex 3625.1800000000003 5290.09 999.96
vertex 3747.25 5260.84 999.96
endloop
endfacet
facet normal -0.2330204100434232 -0.9724718445812172 0
outer loop
vertex 3625.1800000000003 5290.09 1399.97
vertex 3747.25 5260.84 999.96
vertex 3747.25 5260.84 1399.97
endloop
endfacet
facet normal -0.07867541195260143 -0.9969002856625575 0
outer loop
vertex 3499.9900000000002 5299.97 1399.97
vertex 3499.9900000000002 5299.97 999.96
vertex 3625.1800000000003 5290.09 999.96
endloop
endfacet
facet normal -0.07867541195260143 -0.9969002856625575 0
outer loop
vertex 3499.9900000000002 5299.97 1399.97
vertex 3625.1800000000003 5290.09 999.96
vertex 3625.1800000000003 5290.09 1399.97
endloop
endfacet
facet normal 0.07922043358506997 0.9968571226121593 0
outer loop
vertex 3562.52 4895.02 1399.97
vertex 3562.52 4895.02 999.96
vertex 3523.26 4898.14 999.96
endloop
endfacet
facet normal 0.07922043358506997 0.9968571226121593 0
outer loop
vertex 3562.52 4895.02 1399.97
vertex 3523.26 4898.14 999.96
vertex 3523.26 4898.14 1399.97
endloop
endfacet
facet normal 0.2873478855663454 0.9578262852211514 0
outer loop
vertex 1442.48 4308.46 1399.97
vertex 5442.58 3108.4300000000003 1399.97
vertex 5442.58 3108.4300000000003 999.96
endloop
endfacet
facet normal 0.2873478855663454 0.9578262852211514 0
outer loop
vertex 1442.48 4308.46 1399.97
vertex 5442.58 3108.4300000000003 999.96
vertex 1442.48 4308.46 999.96
endloop
endfacet
facet normal 0.9578083867587271 -0.28740754035801636 0
outer loop
vertex 1499.94 4499.95 999.96
vertex 1499.94 4499.95 1399.97
vertex 1442.48 4308.46 1399.97
endloop
endfacet
facet normal 0.9578083867587271 -0.28740754035801636 0
outer loop
vertex 1499.94 4499.95 999.96
vertex 1442.48 4308.46 1399.97
vertex 1442.48 4308.46 999.96
endloop
endfacet
facet normal 0.9578620487298184 0.28722864690541405 0
outer loop
vertex 1499.94 4499.95 999.96
vertex 1442.48 4691.57 999.96
vertex 1442.48 4691.57 1399.97
endloop
endfacet
facet normal 0.9578620487298184 0.28722864690541405 0
outer loop
vertex 1499.94 4499.95 999.96
vertex 1442.48 4691.57 1399.97
vertex 1499.94 4499.95 1399.97
endloop
endfacet
facet normal -0.2873478855663457 0.9578262852211513 0
outer loop
vertex 2195.96 4499.95 1399.97
vertex 3523.26 4898.14 1399.97
vertex 3523.26 4898.14 999.96
endloop
endfacet
facet normal -0.2873478855663457 0.9578262852211513 0
outer loop
vertex 2195.96 4499.95 1399.97
vertex 3523.26 4898.14 999.96
vertex 2195.96 4499.95 999.96
endloop
endfacet
facet normal 0.09950371902100123 0.995037190209989 0
outer loop
vertex 5461.04 3103.88 999.96
vertex 5461.04 3103.88 1399.97
vertex 5500.04 3099.98 1399.97
endloop
endfacet
facet normal 0.09950371902100123 0.995037190209989 0
outer loop
vertex 5461.04 3103.88 999.96
vertex 5500.04 3099.98 1399.97
vertex 5500.04 3099.98 999.96
endloop
endfacet
facet normal 0.2873478855663498 0.9578262852211501 0
outer loop
vertex 5442.84 3109.34 999.96
vertex 5442.84 3109.34 1399.97
vertex 5461.04 3103.88 1399.97
endloop
endfacet
facet normal 0.2873478855663498 0.9578262852211501 0
outer loop
vertex 5442.84 3109.34 999.96
vertex 5461.04 3103.88 1399.97
vertex 5461.04 3103.88 999.96
endloop
endfacet
facet normal -0.9615239476407508 0.2747211278976319 0
outer loop
vertex 5442.84 3109.34 1399.97
vertex 5442.84 3109.34 999.96
vertex 5442.58 3108.4300000000003 999.96
endloop
endfacet
facet normal -0.9615239476407508 0.2747211278976319 0
outer loop
vertex 5442.84 3109.34 1399.97
vertex 5442.58 3108.4300000000003 999.96
vertex 5442.58 3108.4300000000003 1399.97
endloop
endfacet
facet normal -0.07875668811724895 0.996893868010433 0
outer loop
vertex 5625.1 3109.86 1399.97
vertex 5625.1 3109.86 999.96
vertex 5500.04 3099.98 999.96
endloop
endfacet
facet normal -0.07875668811724895 0.996893868010433 0
outer loop
vertex 5625.1 3109.86 1399.97
vertex 5500.04 3099.98 999.96
vertex 5500.04 3099.98 1399.97
endloop
endfacet
facet normal -0.2330204100434232 0.9724718445812172 0
outer loop
vertex 5747.17 3139.11 1399.97
vertex 5747.17 3139.11 999.96
vertex 5625.1 3109.86 999.96
endloop
endfacet
facet normal -0.2330204100434232 0.9724718445812172 0
outer loop
vertex 5747.17 3139.11 1399.97
vertex 5625.1 3109.86 999.96
vertex 5625.1 3109.86 1399.97
endloop
endfacet
facet normal -0.3831443281873216 0.9236884884948422 0
outer loop
vertex 5863.13 3187.21 1399.97
vertex 5863.13 3187.21 999.96
vertex 5747.17 3139.11 999.96
endloop
endfacet
facet normal -0.3831443281873216 0.9236884884948422 0
outer loop
vertex 5863.13 3187.21 1399.97
vertex 5747.17 3139.11 999.96
vertex 5747.17 3139.11 1399.97
endloop
endfacet
facet normal -0.5217849836991136 0.8530770368414072 0
outer loop
vertex 5970.25 3252.73 1399.97
vertex 5970.25 3252.73 999.96
vertex 5863.13 3187.21 999.96
endloop
endfacet
facet normal -0.5217849836991136 0.8530770368414072 0
outer loop
vertex 5970.25 3252.73 1399.97
vertex 5863.13 3187.21 999.96
vertex 5863.13 3187.21 1399.97
endloop
endfacet
facet normal -0.6501090931152327 0.7598408827174871 0
outer loop
vertex 6065.67 3334.37 1399.97
vertex 6065.67 3334.37 999.96
vertex 5970.25 3252.73 999.96
endloop
endfacet
facet normal -0.6501090931152327 0.7598408827174871 0
outer loop
vertex 6065.67 3334.37 1399.97
vertex 5970.25 3252.73 999.96
vertex 5970.25 3252.73 1399.97
endloop
endfacet
facet normal -0.7603523618499117 0.6495108050134817 0
outer loop
vertex 6147.18 3429.79 1399.97
vertex 6147.18 3429.79 999.96
vertex 6065.67 3334.37 999.96
endloop
endfacet
facet normal -0.7603523618499117 0.6495108050134817 0
outer loop
vertex 6147.18 3429.79 1399.97
vertex 6065.67 3334.37 999.96
vertex 6065.67 3334.37 1399.97
endloop
endfacet
facet normal -0.8523332209083894 0.5229991209705143 0
outer loop
vertex 6212.83 3536.78 1399.97
vertex 6212.83 3536.78 999.96
vertex 6147.18 3429.79 999.96
endloop
endfacet
facet normal -0.8523332209083894 0.5229991209705143 0
outer loop
vertex 6212.83 3536.78 1399.97
vertex 6147.18 3429.79 999.96
vertex 6147.18 3429.79 1399.97
endloop
endfacet
facet normal -0.9240546895028321 0.38226029195801203 0
outer loop
vertex 6260.8 3652.7400000000002 1399.97
vertex 6260.8 3652.7400000000002 999.96
vertex 6212.83 3536.78 999.96
endloop
endfacet
facet normal -0.9240546895028321 0.38226029195801203 0
outer loop
vertex 6260.8 3652.7400000000002 1399.97
vertex 6212.83 3536.78 999.96
vertex 6212.83 3536.78 1399.97
endloop
endfacet
facet normal -0.9722367249207766 0.23399946733982624 0
outer loop
vertex 6290.18 3774.81 1399.97
vertex 6290.18 3774.81 999.96
vertex 6260.8 3652.7400000000002 999.96
endloop
endfacet
facet normal -0.9722367249207766 0.23399946733982624 0
outer loop
vertex 6290.18 3774.81 1399.97
vertex 6260.8 3652.7400000000002 999.96
vertex 6260.8 3652.7400000000002 1399.97
endloop
endfacet
facet normal -0.9969002856625575 0.07867541195260143 0
outer loop
vertex 6300.06 3900 1399.97
vertex 6300.06 3900 999.96
vertex 6290.18 3774.81 999.96
endloop
endfacet
facet normal -0.9969002856625575 0.07867541195260143 0
outer loop
vertex 6300.06 3900 1399.97
vertex 6290.18 3774.81 999.96
vertex 6290.18 3774.81 1399.97
endloop
endfacet
facet normal -0.9969002856625575 -0.07867541195260143 0
outer loop
vertex 6290.18 4025.19 1399.97
vertex 6290.18 4025.19 999.96
vertex 6300.06 3900 999.96
endloop
endfacet
facet normal -0.9969002856625575 -0.07867541195260143 0
outer loop
vertex 6290.18 4025.19 1399.97
vertex 6300.06 3900 999.96
vertex 6300.06 3900 1399.97
endloop
endfacet
facet normal 0.7598408827174816 0.6501090931152389 0
outer loop
vertex 5823.610000000001 4135.17 1399.97
vertex 5823.610000000001 4135.17 999.96
vertex 5782.79 4182.88 999.96
endloop
endfacet
facet normal 0.7598408827174816 0.6501090931152389 0
outer loop
vertex 5823.610000000001 4135.17 1399.97
vertex 5782.79 4182.88 999.96
vertex 5782.79 4182.88 1399.97
endloop
endfacet
facet normal 0.853077036841412 0.5217849836991056 0
outer loop
vertex 5856.37 4081.61 1399.97
vertex 5856.37 4081.61 999.96
vertex 5823.610000000001 4135.17 999.96
endloop
endfacet
facet normal 0.853077036841412 0.5217849836991056 0
outer loop
vertex 5856.37 4081.61 1399.97
vertex 5823.610000000001 4135.17 999.96
vertex 5823.610000000001 4135.17 1399.97
endloop
endfacet
facet normal 0.9236884884948408 0.38314432818732463 0
outer loop
vertex 5880.42 4023.63 1399.97
vertex 5880.42 4023.63 999.96
vertex 5856.37 4081.61 999.96
endloop
endfacet
facet normal 0.9236884884948408 0.38314432818732463 0
outer loop
vertex 5880.42 4023.63 1399.97
vertex 5856.37 4081.61 999.96
vertex 5856.37 4081.61 1399.97
endloop
endfacet
facet normal 0.9722933333058675 0.2337641418373766 0
outer loop
vertex 5895.110000000001 3962.53 1399.97
vertex 5895.110000000001 3962.53 999.96
vertex 5880.42 4023.63 999.96
endloop
endfacet
facet normal 0.9722933333058675 0.2337641418373766 0
outer loop
vertex 5895.110000000001 3962.53 1399.97
vertex 5880.42 4023.63 999.96
vertex 5880.42 4023.63 1399.97
endloop
endfacet
facet normal 0.9968938680104334 0.07875668811724175 0
outer loop
vertex 5900.05 3900 1399.97
vertex 5900.05 3900 999.96
vertex 5895.110000000001 3962.53 999.96
endloop
endfacet
facet normal 0.9968938680104334 0.07875668811724175 0
outer loop
vertex 5900.05 3900 1399.97
vertex 5895.110000000001 3962.53 999.96
vertex 5895.110000000001 3962.53 1399.97
endloop
endfacet
facet normal 0.9968938680104336 -0.07875668811724232 0
outer loop
vertex 5895.110000000001 3837.4700000000003 1399.97
vertex 5895.110000000001 3837.4700000000003 999.96
vertex 5900.05 3900 999.96
endloop
endfacet
facet normal 0.9968938680104336 -0.07875668811724232 0
outer loop
vertex 5895.110000000001 3837.4700000000003 1399.97
vertex 5900.05 3900 999.96
vertex 5900.05 3900 1399.97
endloop
endfacet
facet normal 0.9722933333058675 -0.2337641418373766 0
outer loop
vertex 5880.42 3776.3700000000003 1399.97
vertex 5880.42 3776.3700000000003 999.96
vertex 5895.110000000001 3837.4700000000003 999.96
endloop
endfacet
facet normal 0.9722933333058675 -0.2337641418373766 0
outer loop
vertex 5880.42 3776.3700000000003 1399.97
vertex 5895.110000000001 3837.4700000000003 999.96
vertex 5895.110000000001 3837.4700000000003 1399.97
endloop
endfacet
facet normal 0.9236884884948408 -0.38314432818732463 0
outer loop
vertex 5856.37 3718.3900000000003 1399.97
vertex 5856.37 3718.3900000000003 999.96
vertex 5880.42 3776.3700000000003 999.96
endloop
endfacet
facet normal 0.9236884884948408 -0.38314432818732463 0
outer loop
vertex 5856.37 3718.3900000000003 1399.97
vertex 5880.42 3776.3700000000003 999.96
vertex 5880.42 3776.3700000000003 1399.97
endloop
endfacet
facet normal 0.8530770368414141 -0.5217849836991024 0
outer loop
vertex 5823.610000000001 3664.83 1399.97
vertex 5823.610000000001 3664.83 999.96
vertex 5856.37 3718.3900000000003 999.96
endloop
endfacet
facet normal 0.8530770368414141 -0.5217849836991024 0
outer loop
vertex 5823.610000000001 3664.83 1399.97
vertex 5856.37 3718.3900000000003 999.96
vertex 5856.37 3718.3900000000003 1399.97
endloop
endfacet
facet normal 0.7598408827174785 -0.6501090931152423 0
outer loop
vertex 5782.79 3617.1200000000003 1399.97
vertex 5782.79 3617.1200000000003 999.96
vertex 5823.610000000001 3664.83 999.96
endloop
endfacet
facet normal 0.7598408827174785 -0.6501090931152423 0
outer loop
vertex 5782.79 3617.1200000000003 1399.97
vertex 5823.610000000001 3664.83 999.96
vertex 5823.610000000001 3664.83 1399.97
endloop
endfacet
facet normal 0.6489113080542455 -0.7608640576866068 0
outer loop
vertex 5735.08 3576.4300000000003 1399.97
vertex 5735.08 3576.4300000000003 999.96
vertex 5782.79 3617.1200000000003 999.96
endloop
endfacet
facet normal 0.6489113080542455 -0.7608640576866068 0
outer loop
vertex 5735.08 3576.4300000000003 1399.97
vertex 5782.79 3617.1200000000003 999.96
vertex 5782.79 3617.1200000000003 1399.97
endloop
endfacet
facet normal 0.5242130253301832 -0.8515871676312278 0
outer loop
vertex 5681.650000000001 3543.54 1399.97
vertex 5681.650000000001 3543.54 999.96
vertex 5735.08 3576.4300000000003 999.96
endloop
endfacet
facet normal 0.5242130253301832 -0.8515871676312278 0
outer loop
vertex 5681.650000000001 3543.54 1399.97
vertex 5735.08 3576.4300000000003 999.96
vertex 5735.08 3576.4300000000003 1399.97
endloop
endfacet
facet normal 0.3813752048779112 -0.9244203335627854 0
outer loop
vertex 5623.67 3519.6200000000003 1399.97
vertex 5623.67 3519.6200000000003 999.96
vertex 5681.650000000001 3543.54 999.96
endloop
endfacet
facet normal 0.3813752048779112 -0.9244203335627854 0
outer loop
vertex 5623.67 3519.6200000000003 1399.97
vertex 5681.650000000001 3543.54 999.96
vertex 5681.650000000001 3543.54 1399.97
endloop
endfacet
facet normal 0.23376414183737138 -0.9722933333058688 0
outer loop
vertex 5562.570000000001 3504.9300000000003 1399.97
vertex 5562.570000000001 3504.9300000000003 999.96
vertex 5623.67 3519.6200000000003 999.96
endloop
endfacet
facet normal 0.23376414183737138 -0.9722933333058688 0
outer loop
vertex 5562.570000000001 3504.9300000000003 1399.97
vertex 5623.67 3519.6200000000003 999.96
vertex 5623.67 3519.6200000000003 1399.97
endloop
endfacet
facet normal 0.07922043358508052 -0.9968571226121583 0
outer loop
vertex 5523.31 3501.81 1399.97
vertex 5523.31 3501.81 999.96
vertex 5562.570000000001 3504.9300000000003 999.96
endloop
endfacet
facet normal 0.07922043358508052 -0.9968571226121583 0
outer loop
vertex 5523.31 3501.81 1399.97
vertex 5562.570000000001 3504.9300000000003 999.96
vertex 5562.570000000001 3504.9300000000003 1399.97
endloop
endfacet
facet normal 0.2873442703888093 -0.9578273697669757 0
outer loop
vertex 4282.59 4343.56 1399.97
vertex 4282.59 4343.56 999.96
vertex 7442.5 5291.52 999.96
endloop
endfacet
facet normal 0.2873442703888093 -0.9578273697669757 0
outer loop
vertex 4282.59 4343.56 1399.97
vertex 7442.5 5291.52 999.96
vertex 7442.5 5291.52 1399.97
endloop
endfacet
facet normal 0.2873478855663474 -0.9578262852211508 0
outer loop
vertex 3499.9900000000002 4108.78 1399.97
vertex 3499.9900000000002 4108.78 999.96
vertex 3740.4900000000002 4180.93 999.96
endloop
endfacet
facet normal 0.2873478855663474 -0.9578262852211508 0
outer loop
vertex 3499.9900000000002 4108.78 1399.97
vertex 3740.4900000000002 4180.93 999.96
vertex 3740.4900000000002 4180.93 1399.97
endloop
endfacet
facet normal 0.6502154105046893 -0.7597499061811185 0
outer loop
vertex 3740.4900000000002 4180.93 1399.97
vertex 3740.4900000000002 4180.93 999.96
vertex 3782.8700000000003 4217.2 999.96
endloop
endfacet
facet normal 0.6502154105046893 -0.7597499061811185 0
outer loop
vertex 3740.4900000000002 4180.93 1399.97
vertex 3782.8700000000003 4217.2 999.96
vertex 3782.8700000000003 4217.2 1399.97
endloop
endfacet
facet normal -0.9722406344362926 0.23398322322533122 0
outer loop
vertex 4282.59 4343.56 1399.97
vertex 4290.13 4374.89 1399.97
vertex 4290.13 4374.89 999.96
endloop
endfacet
facet normal -0.9722406344362926 0.23398322322533122 0
outer loop
vertex 4282.59 4343.56 1399.97
vertex 4290.13 4374.89 999.96
vertex 4282.59 4343.56 999.96
endloop
endfacet
facet normal -0.28734788556634544 -0.9578262852211515 0
outer loop
vertex 4196.01 3900 1399.97
vertex 4196.01 3900 999.96
vertex 5523.31 3501.81 999.96
endloop
endfacet
facet normal -0.28734788556634544 -0.9578262852211515 0
outer loop
vertex 4196.01 3900 1399.97
vertex 5523.31 3501.81 999.96
vertex 5523.31 3501.81 1399.97
endloop
endfacet
facet normal -0.28732160452076155 -0.9578341691418275 0
outer loop
vertex 2195.96 4499.95 1399.97
vertex 2195.96 4499.95 999.96
vertex 3499.9900000000002 4108.78 999.96
endloop
endfacet
facet normal -0.28732160452076155 -0.9578341691418275 0
outer loop
vertex 2195.96 4499.95 1399.97
vertex 3499.9900000000002 4108.78 999.96
vertex 3499.9900000000002 4108.78 1399.97
endloop
endfacet
facet normal 0.09621815937084052 -0.9953602693534074 0
outer loop
vertex 7499.96 5299.97 999.96
vertex 7499.96 5299.97 1399.97
vertex 7460.96 5296.2 1399.97
endloop
endfacet
facet normal 0.09621815937084052 -0.9953602693534074 0
outer loop
vertex 7499.96 5299.97 999.96
vertex 7460.96 5296.2 1399.97
vertex 7460.96 5296.2 999.96
endloop
endfacet
facet normal 0.2936060031020457 -0.9559265217277118 0
outer loop
vertex 7442.76 5290.610000000001 999.96
vertex 7460.96 5296.2 999.96
vertex 7460.96 5296.2 1399.97
endloop
endfacet
facet normal 0.2936060031020457 -0.9559265217277118 0
outer loop
vertex 7442.76 5290.610000000001 999.96
vertex 7460.96 5296.2 1399.97
vertex 7442.76 5290.610000000001 1399.97
endloop
endfacet
facet normal -0.9615239476407508 -0.2747211278976319 0
outer loop
vertex 7442.5 5291.52 1399.97
vertex 7442.5 5291.52 999.96
vertex 7442.76 5290.610000000001 999.96
endloop
endfacet
facet normal -0.9615239476407508 -0.2747211278976319 0
outer loop
vertex 7442.5 5291.52 1399.97
vertex 7442.76 5290.610000000001 999.96
vertex 7442.76 5290.610000000001 1399.97
endloop
endfacet
facet normal 0.23227468205582166 0.9726502311087306 0
outer loop
vertex 7623.59 4880.46 1399.97
vertex 7623.59 4880.46 999.96
vertex 7562.62 4895.02 999.96
endloop
endfacet
facet normal 0.23227468205582166 0.9726502311087306 0
outer loop
vertex 7623.59 4880.46 1399.97
vertex 7562.62 4895.02 999.96
vertex 7562.62 4895.02 1399.97
endloop
endfacet
facet normal 0.3831443281873221 0.9236884884948419 0
outer loop
vertex 7681.570000000001 4856.41 1399.97
vertex 7681.570000000001 4856.41 999.96
vertex 7623.59 4880.46 999.96
endloop
endfacet
facet normal 0.3831443281873221 0.9236884884948419 0
outer loop
vertex 7681.570000000001 4856.41 1399.97
vertex 7623.59 4880.46 999.96
vertex 7623.59 4880.46 1399.97
endloop
endfacet
facet normal 0.521784983699109 0.8530770368414102 0
outer loop
vertex 7735.13 4823.650000000001 1399.97
vertex 7735.13 4823.650000000001 999.96
vertex 7681.570000000001 4856.41 999.96
endloop
endfacet
facet normal 0.521784983699109 0.8530770368414102 0
outer loop
vertex 7735.13 4823.650000000001 1399.97
vertex 7681.570000000001 4856.41 999.96
vertex 7681.570000000001 4856.41 1399.97
endloop
endfacet
facet normal 0.6501090931152389 0.7598408827174816 0
outer loop
vertex 7782.84 4782.83 1399.97
vertex 7782.84 4782.83 999.96
vertex 7735.13 4823.650000000001 999.96
endloop
endfacet
facet normal 0.6501090931152389 0.7598408827174816 0
outer loop
vertex 7782.84 4782.83 1399.97
vertex 7735.13 4823.650000000001 999.96
vertex 7735.13 4823.650000000001 1399.97
endloop
endfacet
facet normal 0.7598408827174887 0.6501090931152305 0
outer loop
vertex 7823.66 4735.12 1399.97
vertex 7823.66 4735.12 999.96
vertex 7782.84 4782.83 999.96
endloop
endfacet
facet normal 0.7598408827174887 0.6501090931152305 0
outer loop
vertex 7823.66 4735.12 1399.97
vertex 7782.84 4782.83 999.96
vertex 7782.84 4782.83 1399.97
endloop
endfacet
facet normal 0.8530770368414038 0.5217849836991195 0
outer loop
vertex 7856.42 4681.56 1399.97
vertex 7856.42 4681.56 999.96
vertex 7823.66 4735.12 999.96
endloop
endfacet
facet normal 0.8530770368414038 0.5217849836991195 0
outer loop
vertex 7856.42 4681.56 1399.97
vertex 7823.66 4735.12 999.96
vertex 7823.66 4735.12 1399.97
endloop
endfacet
facet normal 0.9236884884948419 0.3831443281873221 0
outer loop
vertex 7880.47 4623.58 1399.97
vertex 7880.47 4623.58 999.96
vertex 7856.42 4681.56 999.96
endloop
endfacet
facet normal 0.9236884884948419 0.3831443281873221 0
outer loop
vertex 7880.47 4623.58 1399.97
vertex 7856.42 4681.56 999.96
vertex 7856.42 4681.56 1399.97
endloop
endfacet
facet normal 0.9726502311087297 0.23227468205582494 0
outer loop
vertex 7895.030000000001 4562.610000000001 1399.97
vertex 7895.030000000001 4562.610000000001 999.96
vertex 7880.47 4623.58 999.96
endloop
endfacet
facet normal 0.9726502311087297 0.23227468205582494 0
outer loop
vertex 7895.030000000001 4562.610000000001 1399.97
vertex 7880.47 4623.58 999.96
vertex 7880.47 4623.58 1399.97
endloop
endfacet
facet normal 0.9969066834764644 0.0785943028466849 0
outer loop
vertex 7899.97 4499.95 1399.97
vertex 7899.97 4499.95 999.96
vertex 7895.030000000001 4562.610000000001 999.96
endloop
endfacet
facet normal 0.9969066834764644 0.0785943028466849 0
outer loop
vertex 7899.97 4499.95 1399.97
vertex 7895.030000000001 4562.610000000001 999.96
vertex 7895.030000000001 4562.610000000001 1399.97
endloop
endfacet
facet normal 0.9968938680104336 -0.07875668811724232 0
outer loop
vertex 7895.030000000001 4437.42 1399.97
vertex 7895.030000000001 4437.42 999.96
vertex 7899.97 4499.95 999.96
endloop
endfacet
facet normal 0.9968938680104336 -0.07875668811724232 0
outer loop
vertex 7895.030000000001 4437.42 1399.97
vertex 7899.97 4499.95 999.96
vertex 7899.97 4499.95 1399.97
endloop
endfacet
facet normal 0.9726502311087306 -0.23227468205582166 0
outer loop
vertex 7880.47 4376.45 1399.97
vertex 7880.47 4376.45 999.96
vertex 7895.030000000001 4437.42 999.96
endloop
endfacet
facet normal 0.9726502311087306 -0.23227468205582166 0
outer loop
vertex 7880.47 4376.45 1399.97
vertex 7895.030000000001 4437.42 999.96
vertex 7895.030000000001 4437.42 1399.97
endloop
endfacet
facet normal 0.9239916475294949 -0.3824126505435321 0
outer loop
vertex 7856.42 4318.34 1399.97
vertex 7856.42 4318.34 999.96
vertex 7880.47 4376.45 999.96
endloop
endfacet
facet normal 0.9239916475294949 -0.3824126505435321 0
outer loop
vertex 7856.42 4318.34 1399.97
vertex 7880.47 4376.45 999.96
vertex 7880.47 4376.45 1399.97
endloop
endfacet
facet normal 0.8525118060632652 -0.5227079686811268 0
outer loop
vertex 7823.66 4264.91 1399.97
vertex 7823.66 4264.91 999.96
vertex 7856.42 4318.34 999.96
endloop
endfacet
facet normal 0.8525118060632652 -0.5227079686811268 0
outer loop
vertex 7823.66 4264.91 1399.97
vertex 7856.42 4318.34 999.96
vertex 7856.42 4318.34 1399.97
endloop
endfacet
facet normal 0.7598408827174887 -0.6501090931152305 0
outer loop
vertex 7782.84 4217.2 1399.97
vertex 7782.84 4217.2 999.96
vertex 7823.66 4264.91 999.96
endloop
endfacet
facet normal 0.7598408827174887 -0.6501090931152305 0
outer loop
vertex 7782.84 4217.2 1399.97
vertex 7823.66 4264.91 999.96
vertex 7823.66 4264.91 1399.97
endloop
endfacet
facet normal -0.9968938680104344 0.0787566881172279 0
outer loop
vertex 8295.04 4437.42 1200.03
vertex 8295.04 4437.42 1399.97
vertex 8299.98 4499.95 1399.97
endloop
endfacet
facet normal -0.9968938680104346 0.0787566881172279 0
outer loop
vertex 8295.04 4437.42 1200.03
vertex 8299.98 4499.95 1399.97
vertex 8299.98 4499.95 999.96
endloop
endfacet
facet normal -0.9968938680104346 0.07875668811722791 0
outer loop
vertex 8295.04 4437.42 1200.03
vertex 8299.98 4499.95 999.96
vertex 8295.04 4437.42 999.96
endloop
endfacet
facet normal -0.9968938680104323 0.07875668811725674 0
outer loop
vertex 8295.04 4437.42 1200.03
vertex 8295.04 4437.42 999.96
vertex 8290.1 4374.89 999.96
endloop
endfacet
facet normal -0.9968938680104323 0.07875668811725672 0
outer loop
vertex 8295.04 4437.42 1200.03
vertex 8290.1 4374.89 999.96
vertex 8290.1 4374.89 1399.97
endloop
endfacet
facet normal -0.9968938680104323 0.07875668811725674 0
outer loop
vertex 8295.04 4437.42 1200.03
vertex 8290.1 4374.89 1399.97
vertex 8295.04 4437.42 1399.97
endloop
endfacet
facet normal -0.9969002856625581 -0.07867541195259395 0
outer loop
vertex 8290.1 4625.14 1399.97
vertex 8290.1 4625.14 999.96
vertex 8299.98 4499.95 999.96
endloop
endfacet
facet normal -0.9969002856625581 -0.07867541195259395 0
outer loop
vertex 8290.1 4625.14 1399.97
vertex 8299.98 4499.95 999.96
vertex 8299.98 4499.95 1399.97
endloop
endfacet
facet normal -0.9724718445812172 -0.2330204100434232 0
outer loop
vertex 8260.85 4747.21 1399.97
vertex 8260.85 4747.21 999.96
vertex 8290.1 4625.14 999.96
endloop
endfacet
facet normal -0.9724718445812172 -0.2330204100434232 0
outer loop
vertex 8260.85 4747.21 1399.97
vertex 8290.1 4625.14 999.96
vertex 8290.1 4625.14 1399.97
endloop
endfacet
facet normal -0.9236884884948408 -0.38314432818732463 0
outer loop
vertex 8212.75 4863.17 1399.97
vertex 8212.75 4863.17 999.96
vertex 8260.85 4747.21 999.96
endloop
endfacet
facet normal -0.9236884884948408 -0.38314432818732463 0
outer loop
vertex 8212.75 4863.17 1399.97
vertex 8260.85 4747.21 999.96
vertex 8260.85 4747.21 1399.97
endloop
endfacet
facet normal -0.8530770368414089 -0.521784983699111 0
outer loop
vertex 8147.2300000000005 4970.29 1399.97
vertex 8147.2300000000005 4970.29 999.96
vertex 8212.75 4863.17 999.96
endloop
endfacet
facet normal -0.8530770368414089 -0.521784983699111 0
outer loop
vertex 8147.2300000000005 4970.29 1399.97
vertex 8212.75 4863.17 999.96
vertex 8212.75 4863.17 1399.97
endloop
endfacet
facet normal -0.7603523618499117 -0.6495108050134817 0
outer loop
vertex 8065.72 5065.71 1399.97
vertex 8065.72 5065.71 999.96
vertex 8147.2300000000005 4970.29 999.96
endloop
endfacet
facet normal -0.7603523618499117 -0.6495108050134817 0
outer loop
vertex 8065.72 5065.71 1399.97
vertex 8147.2300000000005 4970.29 999.96
vertex 8147.2300000000005 4970.29 1399.97
endloop
endfacet
facet normal -0.6489994732499491 -0.7607888562020928 0
outer loop
vertex 7970.17 5147.22 1399.97
vertex 7970.17 5147.22 999.96
vertex 8065.72 5065.71 999.96
endloop
endfacet
facet normal -0.6489994732499491 -0.7607888562020928 0
outer loop
vertex 7970.17 5147.22 1399.97
vertex 8065.72 5065.71 999.96
vertex 8065.72 5065.71 1399.97
endloop
endfacet
facet normal -0.5229991209705159 -0.8523332209083884 0
outer loop
vertex 7863.18 5212.87 1399.97
vertex 7863.18 5212.87 999.96
vertex 7970.17 5147.22 999.96
endloop
endfacet
facet normal -0.5229991209705159 -0.8523332209083884 0
outer loop
vertex 7863.18 5212.87 1399.97
vertex 7970.17 5147.22 999.96
vertex 7970.17 5147.22 1399.97
endloop
endfacet
facet normal -0.38226029195801203 -0.9240546895028321 0
outer loop
vertex 7747.22 5260.84 1399.97
vertex 7747.22 5260.84 999.96
vertex 7863.18 5212.87 999.96
endloop
endfacet
facet normal -0.38226029195801203 -0.9240546895028321 0
outer loop
vertex 7747.22 5260.84 1399.97
vertex 7863.18 5212.87 999.96
vertex 7863.18 5212.87 1399.97
endloop
endfacet
facet normal -0.2330204100434232 -0.9724718445812172 0
outer loop
vertex 7625.150000000001 5290.09 1399.97
vertex 7625.150000000001 5290.09 999.96
vertex 7747.22 5260.84 999.96
endloop
endfacet
facet normal -0.2330204100434232 -0.9724718445812172 0
outer loop
vertex 7625.150000000001 5290.09 1399.97
vertex 7747.22 5260.84 999.96
vertex 7747.22 5260.84 1399.97
endloop
endfacet
facet normal -0.07867541195260114 -0.9969002856625574 0
outer loop
vertex 7499.96 5299.97 1399.97
vertex 7499.96 5299.97 999.96
vertex 7625.150000000001 5290.09 999.96
endloop
endfacet
facet normal -0.07867541195260114 -0.9969002856625574 0
outer loop
vertex 7499.96 5299.97 1399.97
vertex 7625.150000000001 5290.09 999.96
vertex 7625.150000000001 5290.09 1399.97
endloop
endfacet
facet normal 0.07896061279595205 0.9968777365489149 0
outer loop
vertex 7562.62 4895.02 1399.97
vertex 7562.62 4895.02 999.96
vertex 7523.2300000000005 4898.14 999.96
endloop
endfacet
facet normal 0.07896061279595205 0.9968777365489149 0
outer loop
vertex 7562.62 4895.02 1399.97
vertex 7523.2300000000005 4898.14 999.96
vertex 7523.2300000000005 4898.14 1399.97
endloop
endfacet
facet normal 0.28749045141441015 0.9577835039013456 0
outer loop
vertex 5740.41 4219.02 1399.97
vertex 5740.41 4219.02 999.96
vertex 5500.04 4291.17 999.96
endloop
endfacet
facet normal 0.28749045141441015 0.9577835039013456 0
outer loop
vertex 5740.41 4219.02 1399.97
vertex 5500.04 4291.17 999.96
vertex 5500.04 4291.17 1399.97
endloop
endfacet
facet normal 0.2873442703888092 0.9578273697669757 0
outer loop
vertex 9442.550000000001 3108.4300000000003 1399.97
vertex 9442.550000000001 3108.4300000000003 999.96
vertex 6282.64 4056.3900000000003 999.96
endloop
endfacet
facet normal 0.2873442703888092 0.9578273697669757 0
outer loop
vertex 9442.550000000001 3108.4300000000003 1399.97
vertex 6282.64 4056.3900000000003 999.96
vertex 6282.64 4056.3900000000003 1399.97
endloop
endfacet
facet normal -0.9720184636660784 -0.2349044620526324 0
outer loop
vertex 6282.64 4056.3900000000003 1399.97
vertex 6282.64 4056.3900000000003 999.96
vertex 6290.18 4025.19 999.96
endloop
endfacet
facet normal -0.9720184636660784 -0.2349044620526324 0
outer loop
vertex 6282.64 4056.3900000000003 1399.97
vertex 6290.18 4025.19 999.96
vertex 6290.18 4025.19 1399.97
endloop
endfacet
facet normal 0.6488671254766266 0.7609017370697083 0
outer loop
vertex 5782.79 4182.88 1399.97
vertex 5782.79 4182.88 999.96
vertex 5740.41 4219.02 999.96
endloop
endfacet
facet normal 0.6488671254766266 0.7609017370697083 0
outer loop
vertex 5782.79 4182.88 1399.97
vertex 5740.41 4219.02 999.96
vertex 5740.41 4219.02 1399.97
endloop
endfacet
facet normal -0.28732160452076166 0.9578341691418276 0
outer loop
vertex 5500.04 4291.17 1399.97
vertex 5500.04 4291.17 999.96
vertex 4196.01 3900 999.96
endloop
endfacet
facet normal -0.28732160452076166 0.9578341691418276 0
outer loop
vertex 5500.04 4291.17 1399.97
vertex 4196.01 3900 999.96
vertex 4196.01 3900 1399.97
endloop
endfacet
facet normal -0.2873737077541313 0.957818538185414 0
outer loop
vertex 7523.2300000000005 4898.14 1399.97
vertex 7523.2300000000005 4898.14 999.96
vertex 6196.06 4499.95 999.96
endloop
endfacet
facet normal -0.2873737077541313 0.957818538185414 0
outer loop
vertex 7523.2300000000005 4898.14 1399.97
vertex 6196.06 4499.95 999.96
vertex 6196.06 4499.95 1399.97
endloop
endfacet
facet normal 0.09950371902100123 0.995037190209989 0
outer loop
vertex 9461.01 3103.88 999.96
vertex 9461.01 3103.88 1399.97
vertex 9500.01 3099.98 1399.97
endloop
endfacet
facet normal 0.09950371902100123 0.995037190209989 0
outer loop
vertex 9461.01 3103.88 999.96
vertex 9500.01 3099.98 1399.97
vertex 9500.01 3099.98 999.96
endloop
endfacet
facet normal 0.2873478855663366 0.957826285221154 0
outer loop
vertex 9442.81 3109.34 999.96
vertex 9442.81 3109.34 1399.97
vertex 9461.01 3103.88 1399.97
endloop
endfacet
facet normal 0.2873478855663366 0.957826285221154 0
outer loop
vertex 9442.81 3109.34 999.96
vertex 9461.01 3103.88 1399.97
vertex 9461.01 3103.88 999.96
endloop
endfacet
facet normal -0.9615239476412584 0.274721127895855 0
outer loop
vertex 9442.81 3109.34 1399.97
vertex 9442.81 3109.34 999.96
vertex 9442.550000000001 3108.4300000000003 999.96
endloop
endfacet
facet normal -0.9615239476412584 0.274721127895855 0
outer loop
vertex 9442.81 3109.34 1399.97
vertex 9442.550000000001 3108.4300000000003 999.96
vertex 9442.550000000001 3108.4300000000003 1399.97
endloop
endfacet
facet normal -0.07867541195260114 0.9969002856625574 0
outer loop
vertex 9625.2 3109.86 1399.97
vertex 9625.2 3109.86 999.96
vertex 9500.01 3099.98 999.96
endloop
endfacet
facet normal -0.07867541195260114 0.9969002856625574 0
outer loop
vertex 9625.2 3109.86 1399.97
vertex 9500.01 3099.98 999.96
vertex 9500.01 3099.98 1399.97
endloop
endfacet
facet normal -0.2330204100434232 0.9724718445812172 0
outer loop
vertex 9747.27 3139.11 1399.97
vertex 9747.27 3139.11 999.96
vertex 9625.2 3109.86 999.96
endloop
endfacet
facet normal -0.2330204100434232 0.9724718445812172 0
outer loop
vertex 9747.27 3139.11 1399.97
vertex 9625.2 3109.86 999.96
vertex 9625.2 3109.86 1399.97
endloop
endfacet
facet normal -0.38314432818732413 0.9236884884948411 0
outer loop
vertex 9863.23 3187.21 1399.97
vertex 9863.23 3187.21 999.96
vertex 9747.27 3139.11 999.96
endloop
endfacet
facet normal -0.38314432818732413 0.9236884884948411 0
outer loop
vertex 9863.23 3187.21 1399.97
vertex 9747.27 3139.11 999.96
vertex 9747.27 3139.11 1399.97
endloop
endfacet
facet normal -0.5222461448529707 0.8527947960595267 0
outer loop
vertex 9970.220000000001 3252.73 1399.97
vertex 9970.220000000001 3252.73 999.96
vertex 9863.23 3187.21 999.96
endloop
endfacet
facet normal -0.5222461448529707 0.8527947960595267 0
outer loop
vertex 9970.220000000001 3252.73 1399.97
vertex 9863.23 3187.21 999.96
vertex 9863.23 3187.21 1399.97
endloop
endfacet
facet normal -0.6501090931152327 0.7598408827174871 0
outer loop
vertex 10065.640000000001 3334.37 1399.97
vertex 10065.640000000001 3334.37 999.96
vertex 9970.220000000001 3252.73 999.96
endloop
endfacet
facet normal -0.6501090931152327 0.7598408827174871 0
outer loop
vertex 10065.640000000001 3334.37 1399.97
vertex 9970.220000000001 3252.73 999.96
vertex 9970.220000000001 3252.73 1399.97
endloop
endfacet
facet normal -0.7603523618499188 0.6495108050134732 0
outer loop
vertex 10147.15 3429.79 1399.97
vertex 10147.15 3429.79 999.96
vertex 10065.640000000001 3334.37 999.96
endloop
endfacet
facet normal -0.7603523618499188 0.6495108050134732 0
outer loop
vertex 10147.15 3429.79 1399.97
vertex 10065.640000000001 3334.37 999.96
vertex 10065.640000000001 3334.37 1399.97
endloop
endfacet
facet normal -0.8523332209083829 0.5229991209705249 0
outer loop
vertex 10212.800000000001 3536.78 1399.97
vertex 10212.800000000001 3536.78 999.96
vertex 10147.15 3429.79 999.96
endloop
endfacet
facet normal -0.8523332209083829 0.5229991209705249 0
outer loop
vertex 10212.800000000001 3536.78 1399.97
vertex 10147.15 3429.79 999.96
vertex 10147.15 3429.79 1399.97
endloop
endfacet
facet normal -0.9236884884948457 0.3831443281873122 0
outer loop
vertex 10260.9 3652.7400000000002 1399.97
vertex 10260.9 3652.7400000000002 999.96
vertex 10212.800000000001 3536.78 999.96
endloop
endfacet
facet normal -0.9236884884948457 0.3831443281873122 0
outer loop
vertex 10260.9 3652.7400000000002 1399.97
vertex 10212.800000000001 3536.78 999.96
vertex 10212.800000000001 3536.78 1399.97
endloop
endfacet
facet normal -0.9724718445812172 0.2330204100434232 0
outer loop
vertex 10290.15 3774.81 1399.97
vertex 10290.15 3774.81 999.96
vertex 10260.9 3652.7400000000002 999.96
endloop
endfacet
facet normal -0.9724718445812172 0.2330204100434232 0
outer loop
vertex 10290.15 3774.81 1399.97
vertex 10260.9 3652.7400000000002 999.96
vertex 10260.9 3652.7400000000002 1399.97
endloop
endfacet
facet normal -0.9969002856625567 0.07867541195260862 0
outer loop
vertex 10300.03 3900 1399.97
vertex 10300.03 3900 999.96
vertex 10290.15 3774.81 999.96
endloop
endfacet
facet normal -0.9969002856625567 0.07867541195260862 0
outer loop
vertex 10300.03 3900 1399.97
vertex 10290.15 3774.81 999.96
vertex 10290.15 3774.81 1399.97
endloop
endfacet
facet normal -0.9969002856625567 -0.07867541195260862 0
outer loop
vertex 10290.15 4025.19 1399.97
vertex 10290.15 4025.19 999.96
vertex 10300.03 3900 999.96
endloop
endfacet
facet normal -0.9969002856625567 -0.07867541195260862 0
outer loop
vertex 10290.15 4025.19 1399.97
vertex 10300.03 3900 999.96
vertex 10300.03 3900 1399.97
endloop
endfacet
facet normal -0.9724718445812174 -0.23302041004342236 0
outer loop
vertex 10260.9 4147.26 1399.97
vertex 10260.9 4147.26 999.96
vertex 10290.15 4025.19 999.96
endloop
endfacet
facet normal -0.9724718445812174 -0.23302041004342236 0
outer loop
vertex 10260.9 4147.26 1399.97
vertex 10290.15 4025.19 999.96
vertex 10290.15 4025.19 1399.97
endloop
endfacet
facet normal -0.9236884884948457 -0.3831443281873122 0
outer loop
vertex 10212.800000000001 4263.22 1399.97
vertex 10212.800000000001 4263.22 999.96
vertex 10260.9 4147.26 999.96
endloop
endfacet
facet normal -0.9236884884948457 -0.3831443281873122 0
outer loop
vertex 10212.800000000001 4263.22 1399.97
vertex 10260.9 4147.26 999.96
vertex 10260.9 4147.26 1399.97
endloop
endfacet
facet normal -0.8523332209083819 -0.5229991209705265 0
outer loop
vertex 10147.15 4370.21 1399.97
vertex 10147.15 4370.21 999.96
vertex 10212.800000000001 4263.22 999.96
endloop
endfacet
facet normal -0.8523332209083819 -0.5229991209705265 0
outer loop
vertex 10147.15 4370.21 1399.97
vertex 10212.800000000001 4263.22 999.96
vertex 10212.800000000001 4263.22 1399.97
endloop
endfacet
facet normal 0.23376414183736127 0.9722933333058713 0
outer loop
vertex 9623.640000000001 4280.38 1399.97
vertex 9623.640000000001 4280.38 999.96
vertex 9562.54 4295.07 999.96
endloop
endfacet
facet normal 0.23376414183736127 0.9722933333058713 0
outer loop
vertex 9623.640000000001 4280.38 1399.97
vertex 9562.54 4295.07 999.96
vertex 9562.54 4295.07 1399.97
endloop
endfacet
facet normal 0.3813752048779225 0.9244203335627806 0
outer loop
vertex 9681.62 4256.46 1399.97
vertex 9681.62 4256.46 999.96
vertex 9623.640000000001 4280.38 999.96
endloop
endfacet
facet normal 0.3813752048779225 0.9244203335627806 0
outer loop
vertex 9681.62 4256.46 1399.97
vertex 9623.640000000001 4280.38 999.96
vertex 9623.640000000001 4280.38 1399.97
endloop
endfacet
facet normal 0.5242130253301767 0.8515871676312318 0
outer loop
vertex 9735.050000000001 4223.57 1399.97
vertex 9735.050000000001 4223.57 999.96
vertex 9681.62 4256.46 999.96
endloop
endfacet
facet normal 0.5242130253301767 0.8515871676312318 0
outer loop
vertex 9735.050000000001 4223.57 1399.97
vertex 9681.62 4256.46 999.96
vertex 9681.62 4256.46 1399.97
endloop
endfacet
facet normal 0.6478887283157609 0.7617349904798821 0
outer loop
vertex 9782.890000000001 4182.88 1399.97
vertex 9782.890000000001 4182.88 999.96
vertex 9735.050000000001 4223.57 999.96
endloop
endfacet
facet normal 0.6478887283157609 0.7617349904798821 0
outer loop
vertex 9782.890000000001 4182.88 1399.97
vertex 9735.050000000001 4223.57 999.96
vertex 9735.050000000001 4223.57 1399.97
endloop
endfacet
facet normal 0.7608640576866176 0.6489113080542328 0
outer loop
vertex 9823.58 4135.17 1399.97
vertex 9823.58 4135.17 999.96
vertex 9782.890000000001 4182.88 999.96
endloop
endfacet
facet normal 0.7608640576866176 0.6489113080542328 0
outer loop
vertex 9823.58 4135.17 1399.97
vertex 9782.890000000001 4182.88 999.96
vertex 9782.890000000001 4182.88 1399.97
endloop
endfacet
facet normal 0.8530770368414057 0.5217849836991163 0
outer loop
vertex 9856.34 4081.61 1399.97
vertex 9856.34 4081.61 999.96
vertex 9823.58 4135.17 999.96
endloop
endfacet
facet normal 0.8530770368414057 0.5217849836991163 0
outer loop
vertex 9856.34 4081.61 1399.97
vertex 9823.58 4135.17 999.96
vertex 9823.58 4135.17 1399.97
endloop
endfacet
facet normal 0.9236884884948358 0.383144328187337 0
outer loop
vertex 9880.390000000001 4023.63 1399.97
vertex 9880.390000000001 4023.63 999.96
vertex 9856.34 4081.61 999.96
endloop
endfacet
facet normal 0.9236884884948358 0.383144328187337 0
outer loop
vertex 9880.390000000001 4023.63 1399.97
vertex 9856.34 4081.61 999.96
vertex 9856.34 4081.61 1399.97
endloop
endfacet
facet normal 0.9722933333058741 0.23376414183734923 0
outer loop
vertex 9895.08 3962.53 1399.97
vertex 9895.08 3962.53 999.96
vertex 9880.390000000001 4023.63 999.96
endloop
endfacet
facet normal 0.9722933333058741 0.23376414183734923 0
outer loop
vertex 9895.08 3962.53 1399.97
vertex 9880.390000000001 4023.63 999.96
vertex 9880.390000000001 4023.63 1399.97
endloop
endfacet
facet normal 0.9968938680104323 0.07875668811725615 0
outer loop
vertex 9900.02 3900 1399.97
vertex 9900.02 3900 999.96
vertex 9895.08 3962.53 999.96
endloop
endfacet
facet normal 0.9968938680104323 0.07875668811725615 0
outer loop
vertex 9900.02 3900 1399.97
vertex 9895.08 3962.53 999.96
vertex 9895.08 3962.53 1399.97
endloop
endfacet
facet normal 0.9968938680104323 -0.07875668811725672 0
outer loop
vertex 9895.08 3837.4700000000003 1399.97
vertex 9895.08 3837.4700000000003 999.96
vertex 9900.02 3900 999.96
endloop
endfacet
facet normal 0.9968938680104323 -0.07875668811725672 0
outer loop
vertex 9895.08 3837.4700000000003 1399.97
vertex 9900.02 3900 999.96
vertex 9900.02 3900 1399.97
endloop
endfacet
facet normal 0.9722933333058741 -0.23376414183734923 0
outer loop
vertex 9880.390000000001 3776.3700000000003 1399.97
vertex 9880.390000000001 3776.3700000000003 999.96
vertex 9895.08 3837.4700000000003 999.96
endloop
endfacet
facet normal 0.9722933333058741 -0.23376414183734923 0
outer loop
vertex 9880.390000000001 3776.3700000000003 1399.97
vertex 9895.08 3837.4700000000003 999.96
vertex 9895.08 3837.4700000000003 1399.97
endloop
endfacet
facet normal 0.9236884884948358 -0.383144328187337 0
outer loop
vertex 9856.34 3718.3900000000003 1399.97
vertex 9856.34 3718.3900000000003 999.96
vertex 9880.390000000001 3776.3700000000003 999.96
endloop
endfacet
facet normal 0.9236884884948358 -0.383144328187337 0
outer loop
vertex 9856.34 3718.3900000000003 1399.97
vertex 9880.390000000001 3776.3700000000003 999.96
vertex 9880.390000000001 3776.3700000000003 1399.97
endloop
endfacet
facet normal 0.8530770368414077 -0.5217849836991131 0
outer loop
vertex 9823.58 3664.83 1399.97
vertex 9823.58 3664.83 999.96
vertex 9856.34 3718.3900000000003 999.96
endloop
endfacet
facet normal 0.8530770368414077 -0.5217849836991131 0
outer loop
vertex 9823.58 3664.83 1399.97
vertex 9856.34 3718.3900000000003 999.96
vertex 9856.34 3718.3900000000003 1399.97
endloop
endfacet
facet normal 0.7608640576866146 -0.6489113080542365 0
outer loop
vertex 9782.890000000001 3617.1200000000003 1399.97
vertex 9782.890000000001 3617.1200000000003 999.96
vertex 9823.58 3664.83 999.96
endloop
endfacet
facet normal 0.7608640576866146 -0.6489113080542365 0
outer loop
vertex 9782.890000000001 3617.1200000000003 1399.97
vertex 9823.58 3664.83 999.96
vertex 9823.58 3664.83 1399.97
endloop
endfacet
facet normal 0.6478887283157652 -0.7617349904798786 0
outer loop
vertex 9735.050000000001 3576.4300000000003 1399.97
vertex 9735.050000000001 3576.4300000000003 999.96
vertex 9782.890000000001 3617.1200000000003 999.96
endloop
endfacet
facet normal 0.6478887283157652 -0.7617349904798786 0
outer loop
vertex 9735.050000000001 3576.4300000000003 1399.97
vertex 9782.890000000001 3617.1200000000003 999.96
vertex 9782.890000000001 3617.1200000000003 1399.97
endloop
endfacet
facet normal 0.5242130253301767 -0.8515871676312318 0
outer loop
vertex 9681.62 3543.54 1399.97
vertex 9681.62 3543.54 999.96
vertex 9735.050000000001 3576.4300000000003 999.96
endloop
endfacet
facet normal 0.5242130253301767 -0.8515871676312318 0
outer loop
vertex 9681.62 3543.54 1399.97
vertex 9735.050000000001 3576.4300000000003 999.96
vertex 9735.050000000001 3576.4300000000003 1399.97
endloop
endfacet
facet normal 0.38137520487791626 -0.9244203335627832 0
outer loop
vertex 9623.640000000001 3519.6200000000003 1399.97
vertex 9623.640000000001 3519.6200000000003 999.96
vertex 9681.62 3543.54 999.96
endloop
endfacet
facet normal 0.38137520487791626 -0.9244203335627832 0
outer loop
vertex 9623.640000000001 3519.6200000000003 1399.97
vertex 9681.62 3543.54 999.96
vertex 9681.62 3543.54 1399.97
endloop
endfacet
facet normal 0.2337641418373681 -0.9722933333058696 0
outer loop
vertex 9562.54 3504.9300000000003 1399.97
vertex 9562.54 3504.9300000000003 999.96
vertex 9623.640000000001 3519.6200000000003 999.96
endloop
endfacet
facet normal 0.2337641418373681 -0.9722933333058696 0
outer loop
vertex 9562.54 3504.9300000000003 1399.97
vertex 9623.640000000001 3519.6200000000003 999.96
vertex 9623.640000000001 3519.6200000000003 1399.97
endloop
endfacet
facet normal 0.07922043358508052 -0.9968571226121583 0
outer loop
vertex 9523.28 3501.81 1399.97
vertex 9523.28 3501.81 999.96
vertex 9562.54 3504.9300000000003 999.96
endloop
endfacet
facet normal 0.07922043358508052 -0.9968571226121583 0
outer loop
vertex 9523.28 3501.81 1399.97
vertex 9562.54 3504.9300000000003 999.96
vertex 9562.54 3504.9300000000003 1399.97
endloop
endfacet
facet normal 0.28738728137204356 -0.9578144655963313 0
outer loop
vertex 8282.69 4343.56 1399.97
vertex 8282.69 4343.56 999.96
vertex 9442.550000000001 4691.57 999.96
endloop
endfacet
facet normal 0.28738728137204356 -0.9578144655963313 0
outer loop
vertex 8282.69 4343.56 1399.97
vertex 9442.550000000001 4691.57 999.96
vertex 9442.550000000001 4691.57 1399.97
endloop
endfacet
facet normal 0.2873478855663474 -0.9578262852211508 0
outer loop
vertex 7499.96 4108.78 1399.97
vertex 7499.96 4108.78 999.96
vertex 7740.46 4180.93 999.96
endloop
endfacet
facet normal 0.2873478855663474 -0.9578262852211508 0
outer loop
vertex 7499.96 4108.78 1399.97
vertex 7740.46 4180.93 999.96
vertex 7740.46 4180.93 1399.97
endloop
endfacet
facet normal -0.2873478855663455 0.9578262852211512 0
outer loop
vertex 9523.28 4298.1900000000005 1399.97
vertex 9523.28 4298.1900000000005 999.96
vertex 8195.98 3900 999.96
endloop
endfacet
facet normal -0.2873478855663455 0.9578262852211512 0
outer loop
vertex 9523.28 4298.1900000000005 1399.97
vertex 8195.98 3900 999.96
vertex 8195.98 3900 1399.97
endloop
endfacet
facet normal 0.6502154105046893 -0.7597499061811185 0
outer loop
vertex 7740.46 4180.93 1399.97
vertex 7740.46 4180.93 999.96
vertex 7782.84 4217.2 999.96
endloop
endfacet
facet normal 0.6502154105046893 -0.7597499061811185 0
outer loop
vertex 7740.46 4180.93 1399.97
vertex 7782.84 4217.2 999.96
vertex 7782.84 4217.2 1399.97
endloop
endfacet
facet normal -0.9731517326700045 0.23016451768543278 0
outer loop
vertex 8282.69 4343.56 1399.97
vertex 8290.1 4374.89 1399.97
vertex 8290.1 4374.89 999.96
endloop
endfacet
facet normal -0.9731517326700045 0.23016451768543278 0
outer loop
vertex 8282.69 4343.56 1399.97
vertex 8290.1 4374.89 999.96
vertex 8282.69 4343.56 999.96
endloop
endfacet
facet normal -0.2873478855663453 -0.9578262852211514 0
outer loop
vertex 8195.98 3900 1399.97
vertex 8195.98 3900 999.96
vertex 9523.28 3501.81 999.96
endloop
endfacet
facet normal -0.2873478855663453 -0.9578262852211514 0
outer loop
vertex 8195.98 3900 1399.97
vertex 9523.28 3501.81 999.96
vertex 9523.28 3501.81 1399.97
endloop
endfacet
facet normal -0.2873478855663444 -0.9578262852211518 1.8220320219870986e-15
outer loop
vertex 6804.46 4317.43 1200.03
vertex 6717.360000000001 4343.56 1399.97
vertex 6196.06 4499.95 1399.97
endloop
endfacet
facet normal -0.2873478855663449 -0.9578262852211515 0
outer loop
vertex 6804.46 4317.43 1200.03
vertex 6196.06 4499.95 1399.97
vertex 6196.06 4499.95 999.96
endloop
endfacet
facet normal -0.28734788556634433 -0.9578262852211518 -1.8208481155400644e-15
outer loop
vertex 6804.46 4317.43 1200.03
vertex 6196.06 4499.95 999.96
vertex 6717.360000000001 4343.56 999.96
endloop
endfacet
facet normal -0.2873478855663462 -0.957826285221151 -8.6794000667289695e-16
outer loop
vertex 6804.46 4317.43 1200.03
vertex 6717.360000000001 4343.56 999.96
vertex 7499.96 4108.78 999.96
endloop
endfacet
facet normal -0.28734788556634605 -0.9578262852211512 0
outer loop
vertex 6804.46 4317.43 1200.03
vertex 7499.96 4108.78 999.96
vertex 7499.96 4108.78 1399.97
endloop
endfacet
facet normal -0.28734788556634633 -0.9578262852211511 8.68504336976325e-16
outer loop
vertex 6804.46 4317.43 1200.03
vertex 7499.96 4108.78 1399.97
vertex 6717.360000000001 4343.56 1399.97
endloop
endfacet
facet normal 0.079220433585092 0.9968571226121574 0
outer loop
vertex 9523.28 4298.1900000000005 1399.97
vertex 9562.54 4295.07 1399.97
vertex 9562.54 4295.07 999.96
endloop
endfacet
facet normal 0.079220433585092 0.9968571226121574 0
outer loop
vertex 9523.28 4298.1900000000005 1399.97
vertex 9562.54 4295.07 999.96
vertex 9523.28 4298.1900000000005 999.96
endloop
endfacet
facet normal 0.09950371902101271 -0.9950371902099878 0
outer loop
vertex 9500.01 4700.02 999.96
vertex 9500.01 4700.02 1399.97
vertex 9461.01 4696.12 1399.97
endloop
endfacet
facet normal 0.09950371902101271 -0.9950371902099878 0
outer loop
vertex 9500.01 4700.02 999.96
vertex 9461.01 4696.12 1399.97
vertex 9461.01 4696.12 999.96
endloop
endfacet
facet normal 0.2873478855663366 -0.957826285221154 0
outer loop
vertex 9442.81 4690.66 999.96
vertex 9461.01 4696.12 999.96
vertex 9461.01 4696.12 1399.97
endloop
endfacet
facet normal 0.2873478855663366 -0.957826285221154 0
outer loop
vertex 9442.81 4690.66 999.96
vertex 9461.01 4696.12 1399.97
vertex 9442.81 4690.66 1399.97
endloop
endfacet
facet normal -0.9615239476412584 -0.274721127895855 0
outer loop
vertex 9442.81 4690.66 1399.97
vertex 9442.550000000001 4691.57 1399.97
vertex 9442.550000000001 4691.57 999.96
endloop
endfacet
facet normal -0.9615239476412584 -0.274721127895855 0
outer loop
vertex 9442.81 4690.66 1399.97
vertex 9442.550000000001 4691.57 999.96
vertex 9442.81 4690.66 999.96
endloop
endfacet
facet normal 0 -1 0
outer loop
vertex 10099.960000000001 4700.02 999.96
vertex 10099.960000000001 4700.02 1399.97
vertex 9500.01 4700.02 1399.97
endloop
endfacet
facet normal 0 -1 0
outer loop
vertex 10099.960000000001 4700.02 999.96
vertex 9500.01 4700.02 1399.97
vertex 9500.01 4700.02 999.96
endloop
endfacet
facet normal -1 0 0
outer loop
vertex 10099.960000000001 4605.38 1200.03
vertex 10099.960000000001 4690.66 1399.97
vertex 10099.960000000001 4700.02 1399.97
endloop
endfacet
facet normal -1 0 0
outer loop
vertex 10099.960000000001 4605.38 1200.03
vertex 10099.960000000001 4700.02 1399.97
vertex 10099.960000000001 4700.02 999.96
endloop
endfacet
facet normal -1 0 0
outer loop
vertex 10099.960000000001 4605.38 1200.03
vertex 10099.960000000001 4700.02 999.96
vertex 10099.960000000001 4690.66 999.96
endloop
endfacet
facet normal -1 0 0
outer loop
vertex 10099.960000000001 4605.38 1200.03
vertex 10099.960000000001 4690.66 999.96
vertex 10099.960000000001 4425.46 999.96
endloop
endfacet
facet normal -1 0 0
outer loop
vertex 10099.960000000001 4605.38 1200.03
vertex 10099.960000000001 4425.46 999.96
vertex 10099.960000000001 4425.46 1399.97
endloop
endfacet
facet normal -0.9999999999999999 0 0
outer loop
vertex 10099.960000000001 4605.38 1200.03
vertex 10099.960000000001 4425.46 1399.97
vertex 10099.960000000001 4690.66 1399.97
endloop
endfacet
facet normal -0.7603920857855616 -0.649464299153297 0
outer loop
vertex 10099.960000000001 4425.46 1399.97
vertex 10099.960000000001 4425.46 999.96
vertex 10147.15 4370.21 999.96
endloop
endfacet
facet normal -0.7603920857855616 -0.649464299153297 0
outer loop
vertex 10099.960000000001 4425.46 1399.97
vertex 10147.15 4370.21 999.96
vertex 10147.15 4370.21 1399.97
endloop
endfacet
endsolid JSCAD
