solid JSCAD
facet normal -1 0 0
outer loop
vertex 0 0 0
vertex 0 0 3999.9700000000003
vertex 0 15000.050000000001 3999.9700000000003
endloop
endfacet
facet normal -1 0 0
outer loop
vertex 0 0 0
vertex 0 15000.050000000001 3999.9700000000003
vertex 0 15000.050000000001 0
endloop
endfacet
facet normal 1 0 0
outer loop
vertex 19999.98 0 0
vertex 19999.98 15000.050000000001 0
vertex 19999.98 15000.050000000001 3999.9700000000003
endloop
endfacet
facet normal 1 0 0
outer loop
vertex 19999.98 0 0
vertex 19999.98 15000.050000000001 3999.9700000000003
vertex 19999.98 0 3999.9700000000003
endloop
endfacet
facet normal 0 -1 0
outer loop
vertex 0 0 0
vertex 19999.98 0 0
vertex 19999.98 0 3999.9700000000003
endloop
endfacet
facet normal 0 -1 0
outer loop
vertex 0 0 0
vertex 19999.98 0 3999.9700000000003
vertex 0 0 3999.9700000000003
endloop
endfacet
facet normal 0 1 0
outer loop
vertex 0 15000.050000000001 0
vertex 0 15000.050000000001 3999.9700000000003
vertex 19999.98 15000.050000000001 3999.9700000000003
endloop
endfacet
facet normal 0 1 0
outer loop
vertex 0 15000.050000000001 0
vertex 19999.98 15000.050000000001 3999.9700000000003
vertex 19999.98 15000.050000000001 0
endloop
endfacet
facet normal 0 0 -1
outer loop
vertex 0 0 0
vertex 0 15000.050000000001 0
vertex 19999.98 15000.050000000001 0
endloop
endfacet
facet normal 0 0 -1
outer loop
vertex 0 0 0
vertex 19999.98 15000.050000000001 0
vertex 19999.98 0 0
endloop
endfacet
facet normal 0 0 1
outer loop
vertex 0 0 3999.9700000000003
vertex 19999.98 0 3999.9700000000003
vertex 19999.98 15000.050000000001 3999.9700000000003
endloop
endfacet
facet normal 0 0 1
outer loop
vertex 0 0 3999.9700000000003
vertex 19999.98 15000.050000000001 3999.9700000000003
vertex 0 15000.050000000001 3999.9700000000003
endloop
endfacet
facet normal 0.09066759924050394 -0.9958812110126204 0
outer loop
vertex 5933.59 11493.95 463.45
vertex 6199.18 11518.130000000001 199.94
vertex 6199.18 11518.130000000001 599.95
endloop
endfacet
facet normal 0.09068227317077876 -0.9958798745349913 -0.000028788023229042536
outer loop
vertex 5933.59 11493.95 463.45
vertex 6199.18 11518.130000000001 599.95
vertex 5800.860000000001 11481.86 599.95
endloop
endfacet
facet normal 0.09071163533886155 -0.9958772008707445 0
outer loop
vertex 5933.59 11493.95 463.45
vertex 5800.860000000001 11481.86 599.95
vertex 5800.860000000001 11481.86 599.82
endloop
endfacet
facet normal 0.09071163533886445 -0.9958772008707443 0
outer loop
vertex 5933.59 11493.95 463.45
vertex 5800.860000000001 11481.86 599.82
vertex 5800.860000000001 11481.86 580.97
endloop
endfacet
facet normal 0.0907116353388645 -0.9958772008707445 0
outer loop
vertex 5933.59 11493.95 463.45
vertex 5800.860000000001 11481.86 580.97
vertex 5800.860000000001 11481.86 199.94
endloop
endfacet
facet normal 0.09068227319827228 -0.9958798748369273 0.000014912394869096785
outer loop
vertex 5933.59 11493.95 463.45
vertex 5800.860000000001 11481.86 199.94
vertex 6199.18 11518.130000000001 199.94
endloop
endfacet
facet normal 0.9958945362730074 0.09052109280418796 0.00006617482103935734
outer loop
vertex 6186.4400000000005 7239.83 599.95
vertex 6114.030000000001 8036.47 599.95
vertex 6068.66 8535.41 889.2
endloop
endfacet
facet normal 0.9958950204223253 0.09051574525772711 0.00009032416365099587
outer loop
vertex 6186.4400000000005 7239.83 599.95
vertex 6068.66 8535.41 889.2
vertex 6086.7300000000005 8336.25 1235.65
endloop
endfacet
facet normal 0.9958932064677039 0.09053574604251814 0
outer loop
vertex 5916.17 10213.45 599.95
vertex 5916.17 10213.45 599.82
vertex 5800.860000000001 11481.86 599.82
endloop
endfacet
facet normal 0.9958932064677039 0.09053574604251814 0
outer loop
vertex 5916.17 10213.45 599.95
vertex 5800.860000000001 11481.86 599.82
vertex 5800.860000000001 11481.86 599.95
endloop
endfacet
facet normal 0.9958958697401085 0.09050644468024784 -0.000010292438070449018
outer loop
vertex 6033.95 8917.48 889.2
vertex 5988.58 9416.68 599.82
vertex 5916.17 10213.45 599.82
endloop
endfacet
facet normal 0.9958978008941849 0.09048513040734936 -0.00010653305447569798
outer loop
vertex 6033.95 8917.48 889.2
vertex 5916.17 10213.45 599.82
vertex 6015.88 9116.77 1235.65
endloop
endfacet
facet normal 0.9958939748891595 0.09050686481948657 -0.0019230704660507044
outer loop
vertex 5988.58 9416.68 599.82
vertex 5985.59 9449.18 580.97
vertex 5800.860000000001 11481.86 580.97
endloop
endfacet
facet normal 0.9958942341093822 0.09052444127243753 0
outer loop
vertex 5988.58 9416.68 599.82
vertex 5800.860000000001 11481.86 580.97
vertex 5800.860000000001 11481.86 599.82
endloop
endfacet
facet normal 0.9959001254909751 0.09045937523595525 -0.00020366389145347167
outer loop
vertex 5985.59 9449.18 580.97
vertex 5933.46 10022.35 248.69
vertex 5916.17 10213.45 580.97
endloop
endfacet
facet normal 0.9958508772505721 0.09100016636944158 0
outer loop
vertex 6176.04 7355.14 599.95
vertex 6176.04 7355.14 379.99
vertex 6169.150000000001 7430.54 248.69
endloop
endfacet
facet normal 0.995883852968715 0.0906385418557664 -0.00007827162508999566
outer loop
vertex 6176.04 7355.14 599.95
vertex 6169.150000000001 7430.54 248.69
vertex 6114.030000000001 8036.47 599.95
endloop
endfacet
facet normal 0.9958932064677039 0.09053574604251814 0
outer loop
vertex 5916.17 10213.45 580.97
vertex 5916.17 10213.45 199.94
vertex 5800.860000000001 11481.86 199.94
endloop
endfacet
facet normal 0.9958932064677039 0.09053574604251814 0
outer loop
vertex 5916.17 10213.45 580.97
vertex 5800.860000000001 11481.86 199.94
vertex 5800.860000000001 11481.86 580.97
endloop
endfacet
facet normal 0.9958881420507768 0.09059143735835025 0
outer loop
vertex 6300.84 5981.95 599.95
vertex 6300.84 5981.95 199.94
vertex 6186.4400000000005 7239.570000000001 199.94
endloop
endfacet
facet normal 0.9958881420507768 0.09059143735835025 0
outer loop
vertex 6300.84 5981.95 599.95
vertex 6186.4400000000005 7239.570000000001 199.94
vertex 6186.4400000000005 7239.570000000001 599.95
endloop
endfacet
facet normal -0.9958833128583143 -0.09064450987428167 0
outer loop
vertex 6471.92 8517.6 983.32
vertex 6471.92 8517.6 884.26
vertex 6540.3 7766.33 884.26
endloop
endfacet
facet normal -0.9958808935058627 -0.09067086266214894 0.00020152931820788058
outer loop
vertex 6471.92 8517.6 983.32
vertex 6540.3 7766.33 884.26
vertex 6485.18 8372.52 1235.65
endloop
endfacet
facet normal -0.9958988547137079 -0.09047359382673409 0
outer loop
vertex 6359.08 9759.1 884.26
vertex 6427.33 9007.83 884.26
vertex 6427.33 9007.83 983.32
endloop
endfacet
facet normal -0.9959010153515685 -0.09044962147387624 0.0001832947008431359
outer loop
vertex 6359.08 9759.1 884.26
vertex 6427.33 9007.83 983.32
vertex 6414.2 9152.91 1235.65
endloop
endfacet
facet normal -0.9958945326165127 -0.09052109247183483 0.00010826930780801514
outer loop
vertex 6359.08 9759.1 884.26
vertex 6314.49 10249.33 599.95
vertex 6386.900000000001 9452.69 599.95
endloop
endfacet
facet normal -0.9958958655459073 -0.09050644429908125 0.00009235207412230065
outer loop
vertex 6359.08 9759.1 884.26
vertex 6386.900000000001 9452.69 599.95
vertex 6431.49 8962.33 884.26
endloop
endfacet
facet normal -0.9958974244754468 -0.09048933596381169 0
outer loop
vertex 6584.89 7275.71 599.95
vertex 6584.89 7275.71 599.82
vertex 6699.16 6018.09 599.82
endloop
endfacet
facet normal -0.9958974244754468 -0.09048933596381169 0
outer loop
vertex 6584.89 7275.71 599.95
vertex 6699.16 6018.09 599.82
vertex 6699.16 6018.09 599.95
endloop
endfacet
facet normal -0.9958957422460611 -0.09050643309366205 -0.0005061075275409675
outer loop
vertex 6467.76 8562.970000000001 884.26
vertex 6512.4800000000005 8072.4800000000005 599.82
vertex 6584.89 7275.71 599.82
endloop
endfacet
facet normal -0.9958798312589722 -0.09068226923017385 0.0002962074738790899
outer loop
vertex 6467.76 8562.970000000001 884.26
vertex 6584.89 7275.71 599.82
vertex 6540.3 7766.33 884.26
endloop
endfacet
facet normal -0.9958802077176856 -0.09054038537342024 0.0050050467142654246
outer loop
vertex 6512.4800000000005 8072.4800000000005 599.82
vertex 6515.34 8039.9800000000005 580.97
vertex 6699.16 6018.09 580.97
endloop
endfacet
facet normal -0.9958968215451605 -0.09049597138131023 0
outer loop
vertex 6512.4800000000005 8072.4800000000005 599.82
vertex 6699.16 6018.09 580.97
vertex 6699.16 6018.09 599.82
endloop
endfacet
facet normal -0.9958848673483727 -0.09062738629552312 0.00008854239838156115
outer loop
vertex 6515.34 8039.9800000000005 580.97
vertex 6567.47 7466.81 248.69
vertex 6584.89 7275.71 580.97
endloop
endfacet
facet normal -0.9958508772505721 -0.09100016636944158 0
outer loop
vertex 6325.02 10134.02 599.95
vertex 6325.02 10134.02 379.99
vertex 6331.91 10058.62 248.69
endloop
endfacet
facet normal -0.9959009834776315 -0.09045007978159769 -0.00011906212101539891
outer loop
vertex 6325.02 10134.02 599.95
vertex 6331.91 10058.62 248.69
vertex 6386.900000000001 9452.69 599.95
endloop
endfacet
facet normal -0.995897424475447 -0.0904893359638117 0
outer loop
vertex 6584.89 7275.71 580.97
vertex 6584.89 7275.71 199.94
vertex 6699.16 6018.09 199.94
endloop
endfacet
facet normal -0.995897424475447 -0.0904893359638117 0
outer loop
vertex 6584.89 7275.71 580.97
vertex 6699.16 6018.09 199.94
vertex 6699.16 6018.09 580.97
endloop
endfacet
facet normal -0.9958940429763202 -0.09052654397622376 0
outer loop
vertex 6199.18 11518.130000000001 599.95
vertex 6199.18 11518.130000000001 199.94
vertex 6314.49 10249.59 199.94
endloop
endfacet
facet normal -0.9958940429763202 -0.09052654397622376 0
outer loop
vertex 6199.18 11518.130000000001 599.95
vertex 6314.49 10249.59 199.94
vertex 6314.49 10249.59 599.95
endloop
endfacet
facet normal 0 0 1
outer loop
vertex 5800.860000000001 11481.86 199.94
vertex 5912.79 10249.59 199.94
vertex 6314.49 10249.59 199.94
endloop
endfacet
facet normal 0 0 0.9999999999999999
outer loop
vertex 5800.860000000001 11481.86 199.94
vertex 6314.49 10249.59 199.94
vertex 6199.18 11518.130000000001 199.94
endloop
endfacet
facet normal 0 0 1
outer loop
vertex 5912.79 10249.59 199.94
vertex 5914.09 10236.59 199.94
vertex 6316.05 10236.59 199.94
endloop
endfacet
facet normal 0 0 1
outer loop
vertex 5912.79 10249.59 199.94
vertex 6316.05 10236.59 199.94
vertex 6314.49 10249.59 199.94
endloop
endfacet
facet normal 0 0 1
outer loop
vertex 5914.09 10236.59 199.94
vertex 5915.26 10223.720000000001 199.94
vertex 6318.52 10223.720000000001 199.94
endloop
endfacet
facet normal 0 0 1
outer loop
vertex 5914.09 10236.59 199.94
vertex 6318.52 10223.720000000001 199.94
vertex 6316.05 10236.59 199.94
endloop
endfacet
facet normal 0 0 1
outer loop
vertex 6077.63 10216.57 199.94
vertex 5915.26 10223.720000000001 199.94
vertex 5916.17 10213.45 199.94
endloop
endfacet
facet normal 0 0 1
outer loop
vertex 6077.63 10216.57 199.94
vertex 5916.17 10213.45 199.94
vertex 5916.43 10210.98 199.94
endloop
endfacet
facet normal 0 0 1
outer loop
vertex 6077.63 10216.57 199.94
vertex 5916.43 10210.98 199.94
vertex 6321.900000000001 10210.98 199.94
endloop
endfacet
facet normal 0 0 1
outer loop
vertex 6077.63 10216.57 199.94
vertex 6321.900000000001 10210.98 199.94
vertex 6318.52 10223.720000000001 199.94
endloop
endfacet
facet normal 0 0 1
outer loop
vertex 6077.63 10216.57 199.94
vertex 6318.52 10223.720000000001 199.94
vertex 5915.26 10223.720000000001 199.94
endloop
endfacet
facet normal 0 0 1
outer loop
vertex 5916.43 10210.98 199.94
vertex 5917.99 10198.5 199.94
vertex 6326.06 10198.5 199.94
endloop
endfacet
facet normal 0 0 1
outer loop
vertex 5916.43 10210.98 199.94
vertex 6326.06 10198.5 199.94
vertex 6321.900000000001 10210.98 199.94
endloop
endfacet
facet normal 0 0 1
outer loop
vertex 5917.99 10198.5 199.94
vertex 5919.55 10186.28 199.94
vertex 6331 10186.28 199.94
endloop
endfacet
facet normal 0 0 1
outer loop
vertex 5917.99 10198.5 199.94
vertex 6331 10186.28 199.94
vertex 6326.06 10198.5 199.94
endloop
endfacet
facet normal 0 0 1
outer loop
vertex 5919.55 10186.28 199.94
vertex 5920.9800000000005 10174.45 199.94
vertex 6336.72 10174.45 199.94
endloop
endfacet
facet normal 0 0 1
outer loop
vertex 5919.55 10186.28 199.94
vertex 6336.72 10174.45 199.94
vertex 6331 10186.28 199.94
endloop
endfacet
facet normal 0 0 1
outer loop
vertex 5920.9800000000005 10174.45 199.94
vertex 5923.1900000000005 10163.01 199.94
vertex 6343.22 10163.01 199.94
endloop
endfacet
facet normal 0 0 1
outer loop
vertex 5920.9800000000005 10174.45 199.94
vertex 6343.22 10163.01 199.94
vertex 6336.72 10174.45 199.94
endloop
endfacet
facet normal 0 0 1
outer loop
vertex 6040.71 10066.03 199.94
vertex 5923.1900000000005 10163.01 199.94
vertex 5928.39 10135.84 199.94
endloop
endfacet
facet normal 0 0 1
outer loop
vertex 6040.71 10066.03 199.94
vertex 5928.39 10135.84 199.94
vertex 5938.27 10097.75 199.94
endloop
endfacet
facet normal 0 0 1
outer loop
vertex 6040.71 10066.03 199.94
vertex 5938.27 10097.75 199.94
vertex 5950.62 10060.44 199.94
endloop
endfacet
facet normal 0 0 0.9999999999999999
outer loop
vertex 6040.71 10066.03 199.94
vertex 5950.62 10060.44 199.94
vertex 5965.4400000000005 10023.91 199.94
endloop
endfacet
facet normal 0 0 1
outer loop
vertex 6040.71 10066.03 199.94
vertex 5965.4400000000005 10023.91 199.94
vertex 5982.47 9988.550000000001 199.94
endloop
endfacet
facet normal 0 0 1
outer loop
vertex 6040.71 10066.03 199.94
vertex 5982.47 9988.550000000001 199.94
vertex 6001.97 9954.36 199.94
endloop
endfacet
facet normal 0 0 1
outer loop
vertex 6040.71 10066.03 199.94
vertex 6001.97 9954.36 199.94
vertex 6023.55 9921.470000000001 199.94
endloop
endfacet
facet normal 0 0 0.9999999999999999
outer loop
vertex 6040.71 10066.03 199.94
vertex 6023.55 9921.470000000001 199.94
vertex 6350.37 10151.960000000001 199.94
endloop
endfacet
facet normal 0 0 1
outer loop
vertex 6040.71 10066.03 199.94
vertex 6350.37 10151.960000000001 199.94
vertex 6343.22 10163.01 199.94
endloop
endfacet
facet normal 0 0 1
outer loop
vertex 6040.71 10066.03 199.94
vertex 6343.22 10163.01 199.94
vertex 5923.1900000000005 10163.01 199.94
endloop
endfacet
facet normal 0 0 1
outer loop
vertex 6460.22 7423.13 199.94
vertex 6150.56 7337.2 199.94
vertex 6157.84 7326.150000000001 199.94
endloop
endfacet
facet normal 0 0 1
outer loop
vertex 6460.22 7423.13 199.94
vertex 6157.84 7326.150000000001 199.94
vertex 6577.87 7326.150000000001 199.94
endloop
endfacet
facet normal 0 0 1
outer loop
vertex 6460.22 7423.13 199.94
vertex 6577.87 7326.150000000001 199.94
vertex 6572.67 7353.45 199.94
endloop
endfacet
facet normal 0 0 1
outer loop
vertex 6460.22 7423.13 199.94
vertex 6572.67 7353.45 199.94
vertex 6562.79 7391.41 199.94
endloop
endfacet
facet normal 0 0 1
outer loop
vertex 6460.22 7423.13 199.94
vertex 6562.79 7391.41 199.94
vertex 6550.31 7428.85 199.94
endloop
endfacet
facet normal 0 0 1
outer loop
vertex 6460.22 7423.13 199.94
vertex 6550.31 7428.85 199.94
vertex 6535.62 7465.25 199.94
endloop
endfacet
facet normal 0 0 1
outer loop
vertex 6460.22 7423.13 199.94
vertex 6535.62 7465.25 199.94
vertex 6518.46 7500.610000000001 199.94
endloop
endfacet
facet normal 0 0 1
outer loop
vertex 6460.22 7423.13 199.94
vertex 6518.46 7500.610000000001 199.94
vertex 6499.09 7534.8 199.94
endloop
endfacet
facet normal 0 0 0.9999999999999999
outer loop
vertex 6460.22 7423.13 199.94
vertex 6499.09 7534.8 199.94
vertex 6477.51 7567.6900000000005 199.94
endloop
endfacet
facet normal 0 0 1
outer loop
vertex 6460.22 7423.13 199.94
vertex 6477.51 7567.6900000000005 199.94
vertex 6150.56 7337.2 199.94
endloop
endfacet
facet normal 0 0 1
outer loop
vertex 6157.84 7326.150000000001 199.94
vertex 6164.34 7314.71 199.94
vertex 6579.95 7314.71 199.94
endloop
endfacet
facet normal 0 0 1
outer loop
vertex 6157.84 7326.150000000001 199.94
vertex 6579.95 7314.71 199.94
vertex 6577.87 7326.150000000001 199.94
endloop
endfacet
facet normal 0 0 1
outer loop
vertex 6164.34 7314.71 199.94
vertex 6170.06 7302.88 199.94
vertex 6581.51 7302.88 199.94
endloop
endfacet
facet normal 0 0 1
outer loop
vertex 6164.34 7314.71 199.94
vertex 6581.51 7302.88 199.94
vertex 6579.95 7314.71 199.94
endloop
endfacet
facet normal 0 0 1
outer loop
vertex 6170.06 7302.88 199.94
vertex 6175 7290.66 199.94
vertex 6582.9400000000005 7290.66 199.94
endloop
endfacet
facet normal 0 0 1
outer loop
vertex 6170.06 7302.88 199.94
vertex 6582.9400000000005 7290.66 199.94
vertex 6581.51 7302.88 199.94
endloop
endfacet
facet normal 0 0 1
outer loop
vertex 6175 7290.66 199.94
vertex 6179.030000000001 7278.18 199.94
vertex 6584.5 7278.18 199.94
endloop
endfacet
facet normal 0 0 1
outer loop
vertex 6175 7290.66 199.94
vertex 6584.5 7278.18 199.94
vertex 6582.9400000000005 7290.66 199.94
endloop
endfacet
facet normal 0 0 1
outer loop
vertex 6423.3 7272.59 199.94
vertex 6179.030000000001 7278.18 199.94
vertex 6182.41 7265.4400000000005 199.94
endloop
endfacet
facet normal 0 0 1
outer loop
vertex 6423.3 7272.59 199.94
vertex 6182.41 7265.4400000000005 199.94
vertex 6585.8 7265.4400000000005 199.94
endloop
endfacet
facet normal 0 0 1
outer loop
vertex 6423.3 7272.59 199.94
vertex 6585.8 7265.4400000000005 199.94
vertex 6584.89 7275.71 199.94
endloop
endfacet
facet normal 0 0 0.9999999999999999
outer loop
vertex 6423.3 7272.59 199.94
vertex 6584.89 7275.71 199.94
vertex 6584.5 7278.18 199.94
endloop
endfacet
facet normal 0 0 1
outer loop
vertex 6423.3 7272.59 199.94
vertex 6584.5 7278.18 199.94
vertex 6179.030000000001 7278.18 199.94
endloop
endfacet
facet normal 0 0 1
outer loop
vertex 6182.41 7265.4400000000005 199.94
vertex 6184.88 7252.570000000001 199.94
vertex 6586.97 7252.570000000001 199.94
endloop
endfacet
facet normal 0 0 0.9999999999999999
outer loop
vertex 6182.41 7265.4400000000005 199.94
vertex 6586.97 7252.570000000001 199.94
vertex 6585.8 7265.4400000000005 199.94
endloop
endfacet
facet normal 0 0 1
outer loop
vertex 6184.88 7252.570000000001 199.94
vertex 6186.4400000000005 7239.570000000001 199.94
vertex 6588.14 7239.570000000001 199.94
endloop
endfacet
facet normal 0 0 1
outer loop
vertex 6184.88 7252.570000000001 199.94
vertex 6588.14 7239.570000000001 199.94
vertex 6586.97 7252.570000000001 199.94
endloop
endfacet
facet normal 0 0 0.9999999999999999
outer loop
vertex 6186.4400000000005 7239.570000000001 199.94
vertex 6300.84 5981.95 199.94
vertex 6699.16 6018.09 199.94
endloop
endfacet
facet normal 0 0 0.9999999999999999
outer loop
vertex 6186.4400000000005 7239.570000000001 199.94
vertex 6699.16 6018.09 199.94
vertex 6588.14 7239.570000000001 199.94
endloop
endfacet
facet normal 0 0 -1
outer loop
vertex 6314.49 10249.59 599.95
vertex 5912.79 10249.59 599.95
vertex 5800.860000000001 11481.86 599.95
endloop
endfacet
facet normal 0 0 -0.9999999999999999
outer loop
vertex 6314.49 10249.59 599.95
vertex 5800.860000000001 11481.86 599.95
vertex 6199.18 11518.130000000001 599.95
endloop
endfacet
facet normal 0 0 -1
outer loop
vertex 6314.49 10249.59 599.95
vertex 6314.49 10249.33 599.95
vertex 5912.92 10249.33 599.95
endloop
endfacet
facet normal 0 0 -1
outer loop
vertex 6314.49 10249.59 599.95
vertex 5912.92 10249.33 599.95
vertex 5912.79 10249.59 599.95
endloop
endfacet
facet normal 0 0 -1
outer loop
vertex 6314.49 10249.33 599.95
vertex 6316.05 10236.59 599.95
vertex 6315.66 10236.59 599.95
endloop
endfacet
facet normal 0 0 -1
outer loop
vertex 6316.05 10236.59 599.95
vertex 6318.52 10223.720000000001 599.95
vertex 6316.83 10223.720000000001 599.95
endloop
endfacet
facet normal 0 0 -1
outer loop
vertex 6316.05 10236.59 599.95
vertex 6316.83 10223.720000000001 599.95
vertex 6315.66 10236.59 599.95
endloop
endfacet
facet normal 0 0 -1
outer loop
vertex 6314.49 10249.33 599.95
vertex 5916.17 10213.19 599.95
vertex 5916.17 10213.45 599.95
endloop
endfacet
facet normal 0 0 -0.9999999999999999
outer loop
vertex 6314.49 10249.33 599.95
vertex 5916.17 10213.45 599.95
vertex 5912.92 10249.33 599.95
endloop
endfacet
facet normal 0 0 -0.9999999999999999
outer loop
vertex 6318.52 10223.720000000001 599.95
vertex 6321.900000000001 10210.98 599.95
vertex 6318 10210.98 599.95
endloop
endfacet
facet normal 0 0 -1
outer loop
vertex 6318.52 10223.720000000001 599.95
vertex 6318 10210.98 599.95
vertex 6316.83 10223.720000000001 599.95
endloop
endfacet
facet normal 0 0 -1
outer loop
vertex 6321.900000000001 10210.98 599.95
vertex 6326.06 10198.5 599.95
vertex 6319.17 10198.5 599.95
endloop
endfacet
facet normal 0 0 -1
outer loop
vertex 6321.900000000001 10210.98 599.95
vertex 6319.17 10198.5 599.95
vertex 6318 10210.98 599.95
endloop
endfacet
facet normal 0 0 -1
outer loop
vertex 6326.06 10198.5 599.95
vertex 6331 10186.28 599.95
vertex 6320.21 10186.28 599.95
endloop
endfacet
facet normal 0 0 -1
outer loop
vertex 6326.06 10198.5 599.95
vertex 6320.21 10186.28 599.95
vertex 6319.17 10198.5 599.95
endloop
endfacet
facet normal 0 0 -1
outer loop
vertex 6331 10186.28 599.95
vertex 6336.72 10174.45 599.95
vertex 6321.38 10174.45 599.95
endloop
endfacet
facet normal 0 0 -1
outer loop
vertex 6331 10186.28 599.95
vertex 6321.38 10174.45 599.95
vertex 6320.21 10186.28 599.95
endloop
endfacet
facet normal 0 0 -0.9999999999999999
outer loop
vertex 6336.72 10174.45 599.95
vertex 6343.22 10163.01 599.95
vertex 6322.42 10163.01 599.95
endloop
endfacet
facet normal 0 0 -1
outer loop
vertex 6336.72 10174.45 599.95
vertex 6322.42 10163.01 599.95
vertex 6321.38 10174.45 599.95
endloop
endfacet
facet normal 0 0 -1
outer loop
vertex 6343.22 10163.01 599.95
vertex 6350.37 10151.960000000001 599.95
vertex 6325.02 10134.02 599.95
endloop
endfacet
facet normal 0 0 -1
outer loop
vertex 6343.22 10163.01 599.95
vertex 6325.02 10134.02 599.95
vertex 6322.42 10163.01 599.95
endloop
endfacet
facet normal 0 0 -1
outer loop
vertex 6178.64 7326.150000000001 599.95
vertex 6157.84 7326.150000000001 599.95
vertex 6150.56 7337.2 599.95
endloop
endfacet
facet normal 0 0 -1
outer loop
vertex 6178.64 7326.150000000001 599.95
vertex 6150.56 7337.2 599.95
vertex 6176.04 7355.14 599.95
endloop
endfacet
facet normal 0 0 -1
outer loop
vertex 6178.64 7326.150000000001 599.95
vertex 6179.68 7314.71 599.95
vertex 6164.34 7314.71 599.95
endloop
endfacet
facet normal 0 0 -0.9999999999999999
outer loop
vertex 6178.64 7326.150000000001 599.95
vertex 6164.34 7314.71 599.95
vertex 6157.84 7326.150000000001 599.95
endloop
endfacet
facet normal 0 0 -1
outer loop
vertex 6179.68 7314.71 599.95
vertex 6180.72 7302.88 599.95
vertex 6170.06 7302.88 599.95
endloop
endfacet
facet normal 0 0 -1
outer loop
vertex 6179.68 7314.71 599.95
vertex 6170.06 7302.88 599.95
vertex 6164.34 7314.71 599.95
endloop
endfacet
facet normal 0 0 -1
outer loop
vertex 6180.72 7302.88 599.95
vertex 6181.89 7290.66 599.95
vertex 6175 7290.66 599.95
endloop
endfacet
facet normal 0 0 -1
outer loop
vertex 6180.72 7302.88 599.95
vertex 6175 7290.66 599.95
vertex 6170.06 7302.88 599.95
endloop
endfacet
facet normal 0 0 -1
outer loop
vertex 6181.89 7290.66 599.95
vertex 6182.93 7278.18 599.95
vertex 6179.030000000001 7278.18 599.95
endloop
endfacet
facet normal 0 0 -1
outer loop
vertex 6181.89 7290.66 599.95
vertex 6179.030000000001 7278.18 599.95
vertex 6175 7290.66 599.95
endloop
endfacet
facet normal 0 0 -1
outer loop
vertex 6182.93 7278.18 599.95
vertex 6184.1 7265.4400000000005 599.95
vertex 6182.41 7265.4400000000005 599.95
endloop
endfacet
facet normal 0 0 -0.9999999999999999
outer loop
vertex 6182.93 7278.18 599.95
vertex 6182.41 7265.4400000000005 599.95
vertex 6179.030000000001 7278.18 599.95
endloop
endfacet
facet normal 0 0 -1
outer loop
vertex 6184.1 7265.4400000000005 599.95
vertex 6185.27 7252.570000000001 599.95
vertex 6184.88 7252.570000000001 599.95
endloop
endfacet
facet normal 0 0 -1
outer loop
vertex 6184.1 7265.4400000000005 599.95
vertex 6184.88 7252.570000000001 599.95
vertex 6182.41 7265.4400000000005 599.95
endloop
endfacet
facet normal 0 0 -1
outer loop
vertex 6185.27 7252.570000000001 599.95
vertex 6186.4400000000005 7239.83 599.95
vertex 6184.88 7252.570000000001 599.95
endloop
endfacet
facet normal 0 0 -1
outer loop
vertex 6584.89 7275.71 599.95
vertex 6588.14 7239.83 599.95
vertex 6186.4400000000005 7239.83 599.95
endloop
endfacet
facet normal 0 0 -1
outer loop
vertex 6584.89 7275.71 599.95
vertex 6186.4400000000005 7239.83 599.95
vertex 6584.76 7275.97 599.95
endloop
endfacet
facet normal 0 0 -0.9999999999999999
outer loop
vertex 6588.14 7239.83 599.95
vertex 6588.14 7239.570000000001 599.95
vertex 6186.4400000000005 7239.570000000001 599.95
endloop
endfacet
facet normal 0 0 -0.9999999999999999
outer loop
vertex 6588.14 7239.83 599.95
vertex 6186.4400000000005 7239.570000000001 599.95
vertex 6186.4400000000005 7239.83 599.95
endloop
endfacet
facet normal 0 0 -1
outer loop
vertex 6588.14 7239.570000000001 599.95
vertex 6699.16 6018.09 599.95
vertex 6300.84 5981.95 599.95
endloop
endfacet
facet normal 0 0 -0.9999999999999999
outer loop
vertex 6588.14 7239.570000000001 599.95
vertex 6300.84 5981.95 599.95
vertex 6186.4400000000005 7239.570000000001 599.95
endloop
endfacet
facet normal -0.83877966172178 -0.5444710084861237 0
outer loop
vertex 6348.030000000001 10155.6 371.41
vertex 6343.22 10163.01 599.95
vertex 6343.22 10163.01 199.94
endloop
endfacet
facet normal -0.8395701547981091 -0.5432512766340788 0.00007488473039480044
outer loop
vertex 6348.030000000001 10155.6 371.41
vertex 6343.22 10163.01 199.94
vertex 6350.37 10151.960000000001 199.94
endloop
endfacet
facet normal -0.8411784753765945 -0.540757591313435 0
outer loop
vertex 6348.030000000001 10155.6 371.41
vertex 6350.37 10151.960000000001 199.94
vertex 6350.37 10151.960000000001 248.69
endloop
endfacet
facet normal -0.8411784753765945 -0.540757591313435 0
outer loop
vertex 6348.030000000001 10155.6 371.41
vertex 6350.37 10151.960000000001 248.69
vertex 6350.37 10151.960000000001 379.99
endloop
endfacet
facet normal -0.8411784753765945 -0.540757591313435 0
outer loop
vertex 6348.030000000001 10155.6 371.41
vertex 6350.37 10151.960000000001 379.99
vertex 6350.37 10151.960000000001 599.95
endloop
endfacet
facet normal -0.8395701558269965 -0.5432512772998294 -0.00005618484613867312
outer loop
vertex 6348.030000000001 10155.6 371.41
vertex 6350.37 10151.960000000001 599.95
vertex 6343.22 10163.01 599.95
endloop
endfacet
facet normal -0.8694565573927775 -0.49400940760951073 0
outer loop
vertex 6336.72 10174.45 599.95
vertex 6336.72 10174.45 199.94
vertex 6343.22 10163.01 199.94
endloop
endfacet
facet normal -0.8694565573927775 -0.49400940760951073 0
outer loop
vertex 6336.72 10174.45 599.95
vertex 6343.22 10163.01 199.94
vertex 6343.22 10163.01 599.95
endloop
endfacet
facet normal -0.9002843394976847 -0.4353023179989025 0
outer loop
vertex 6331 10186.28 599.95
vertex 6331 10186.28 199.94
vertex 6336.72 10174.45 199.94
endloop
endfacet
facet normal -0.9002843394976847 -0.4353023179989025 0
outer loop
vertex 6331 10186.28 599.95
vertex 6336.72 10174.45 199.94
vertex 6336.72 10174.45 599.95
endloop
endfacet
facet normal -0.9271100657041578 -0.3747891754974152 0
outer loop
vertex 6326.06 10198.5 599.95
vertex 6326.06 10198.5 199.94
vertex 6331 10186.28 199.94
endloop
endfacet
facet normal -0.9271100657041578 -0.3747891754974152 0
outer loop
vertex 6326.06 10198.5 599.95
vertex 6331 10186.28 199.94
vertex 6331 10186.28 599.95
endloop
endfacet
facet normal -0.9486832980505138 -0.31622776601683794 0
outer loop
vertex 6321.900000000001 10210.98 599.95
vertex 6321.900000000001 10210.98 199.94
vertex 6326.06 10198.5 199.94
endloop
endfacet
facet normal -0.9486832980505138 -0.31622776601683794 0
outer loop
vertex 6321.900000000001 10210.98 599.95
vertex 6326.06 10198.5 199.94
vertex 6326.06 10198.5 599.95
endloop
endfacet
facet normal -0.9665615578617838 -0.256434699024531 0
outer loop
vertex 6318.52 10223.720000000001 599.95
vertex 6318.52 10223.720000000001 199.94
vertex 6321.900000000001 10210.98 199.94
endloop
endfacet
facet normal -0.9665615578617838 -0.256434699024531 0
outer loop
vertex 6318.52 10223.720000000001 599.95
vertex 6321.900000000001 10210.98 199.94
vertex 6321.900000000001 10210.98 599.95
endloop
endfacet
facet normal -0.9820771339102682 -0.18847944994240906 0
outer loop
vertex 6316.05 10236.59 599.95
vertex 6316.05 10236.59 199.94
vertex 6318.52 10223.720000000001 199.94
endloop
endfacet
facet normal -0.9820771339102682 -0.18847944994240906 0
outer loop
vertex 6316.05 10236.59 599.95
vertex 6318.52 10223.720000000001 199.94
vertex 6318.52 10223.720000000001 599.95
endloop
endfacet
facet normal -0.9928768384869184 -0.11914522061846076 0
outer loop
vertex 6314.49 10249.59 599.95
vertex 6314.49 10249.59 199.94
vertex 6316.05 10236.59 199.94
endloop
endfacet
facet normal -0.9928768384869184 -0.11914522061846076 0
outer loop
vertex 6314.49 10249.59 599.95
vertex 6316.05 10236.59 199.94
vertex 6316.05 10236.59 599.95
endloop
endfacet
facet normal 0.07889393186522596 -0.862687994091423 0.49954496530879167
outer loop
vertex 6325.02 10134.02 379.99
vertex 6201.13 10046.66 248.69
vertex 6331.91 10058.62 248.69
endloop
endfacet
facet normal 0.07837759871213269 -0.8621535858327489 0.5005478463202618
outer loop
vertex 5950.62 10060.44 311.61
vertex 5950.62 10023.91 248.69
vertex 5964.92 10025.210000000001 248.69
endloop
endfacet
facet normal 0.07748381601939902 -0.8626263554245341 0.4998720128013343
outer loop
vertex 5950.62 10060.44 311.61
vertex 5938.27 10097.75 377.91
vertex 5938.27 10022.87 248.69
endloop
endfacet
facet normal 0.07263408035724377 -0.8625297042430178 0.5007662125873806
outer loop
vertex 5950.62 10060.44 311.61
vertex 5938.27 10022.87 248.69
vertex 5950.62 10023.91 248.69
endloop
endfacet
facet normal 0.07581190820580136 -0.862672867551471 0.5000480758534295
outer loop
vertex 5933.33 10071.62 333.58
vertex 5938.27 10097.75 377.91
vertex 5928.39 10135.84 445.12
endloop
endfacet
facet normal 0.08923398790413409 -0.8614511909204494 0.49993913736020323
outer loop
vertex 5933.33 10071.62 333.58
vertex 5928.39 10135.84 445.12
vertex 5928.39 10079.03 347.23
endloop
endfacet
facet normal 0.08972731503507832 -0.8613334216008306 0.5000537428817042
outer loop
vertex 5933.33 10071.62 333.58
vertex 5928.39 10079.03 347.23
vertex 5933.46 10022.35 248.69
endloop
endfacet
facet normal 0.0930880411936869 -0.8610643810409375 0.49990273882957437
outer loop
vertex 5933.33 10071.62 333.58
vertex 5933.46 10022.35 248.69
vertex 5938.27 10022.87 248.69
endloop
endfacet
facet normal 0.07714783383962528 -0.8626488986957425 0.4998850761053745
outer loop
vertex 5933.33 10071.62 333.58
vertex 5938.27 10022.87 248.69
vertex 5938.27 10097.75 377.91
endloop
endfacet
facet normal 0.10270501715351338 -0.8597056330937878 0.5003577758747294
outer loop
vertex 5928.39 10135.84 445.12
vertex 5920.9800000000005 10174.45 512.98
vertex 5920.9800000000005 10160.15 488.41
endloop
endfacet
facet normal 0.09448664197136405 -0.8610320934291604 0.4996959161069585
outer loop
vertex 5928.39 10135.84 445.12
vertex 5920.9800000000005 10160.15 488.41
vertex 5928.39 10079.03 347.23
endloop
endfacet
facet normal 0.10204552603068816 -0.8597642934082782 0.5003919167985071
outer loop
vertex 5920.9800000000005 10174.45 512.98
vertex 5916.17 10213.45 580.97
vertex 5920.9800000000005 10160.15 488.41
endloop
endfacet
facet normal -0.04550744775200552 0.4979814996862116 0.8659927818229028
outer loop
vertex 6331.91 10058.62 248.69
vertex 6232.33 10049.52 248.69
vertex 6232.33 8944.26 884.26
endloop
endfacet
facet normal -0.04518106779816022 0.4979668767394423 0.8660182797048704
outer loop
vertex 6331.91 10058.62 248.69
vertex 6232.33 8944.26 884.26
vertex 6431.49 8962.33 884.26
endloop
endfacet
facet normal -0.04565006185402101 0.4980006747710389 0.8659742489129304
outer loop
vertex 6137.820000000001 9406.54 613.47
vertex 6232.33 10049.52 248.69
vertex 6201.13 10046.66 248.69
endloop
endfacet
facet normal -0.04482814650319688 0.49795787649219536 0.8660417949039592
outer loop
vertex 6137.820000000001 9406.54 613.47
vertex 6201.13 10046.66 248.69
vertex 6023.55 9921.470000000001 311.48
endloop
endfacet
facet normal -0.04508412154793292 0.49790956838704936 0.8660562820584315
outer loop
vertex 6137.820000000001 9406.54 613.47
vertex 6023.55 9921.470000000001 311.48
vertex 6023.55 9032.14 822.77
endloop
endfacet
facet normal -0.044493084692091935 0.49778597883079273 0.8661578867008325
outer loop
vertex 6137.820000000001 9406.54 613.47
vertex 6023.55 9032.14 822.77
vertex 6033.95 8917.48 889.2
endloop
endfacet
facet normal -0.04532765222426071 0.4979014201688045 0.8660482548551923
outer loop
vertex 6137.820000000001 9406.54 613.47
vertex 6033.95 8917.48 889.2
vertex 6218.16 8934.25 889.2
endloop
endfacet
facet normal -0.04933065458991189 0.4972958792057804 0.866177403909084
outer loop
vertex 6137.820000000001 9406.54 613.47
vertex 6218.16 8934.25 889.2
vertex 6232.33 8944.26 884.26
endloop
endfacet
facet normal -0.045448199264948315 0.4979828442762345 0.8659951200729282
outer loop
vertex 6137.820000000001 9406.54 613.47
vertex 6232.33 8944.26 884.26
vertex 6232.33 10049.52 248.69
endloop
endfacet
facet normal -0.0444635932639567 0.4979843187819711 0.866045383984762
outer loop
vertex 6023.55 9921.470000000001 311.48
vertex 6001.97 9954.36 291.46000000000004
vertex 6001.97 9269.78 685.1
endloop
endfacet
facet normal -0.04202315294899184 0.4979760786104665 0.8661719689230125
outer loop
vertex 6023.55 9921.470000000001 311.48
vertex 6001.97 9269.78 685.1
vertex 6023.55 9032.14 822.77
endloop
endfacet
facet normal -0.044899218706755804 0.4979642408178914 0.8660344537177398
outer loop
vertex 6001.97 9954.36 291.46000000000004
vertex 5982.47 9988.550000000001 270.79
vertex 5982.47 9483.24 561.34
endloop
endfacet
facet normal -0.04523146661086766 0.49796713531719605 0.8660155001916625
outer loop
vertex 6001.97 9954.36 291.46000000000004
vertex 5982.47 9483.24 561.34
vertex 6001.97 9269.78 685.1
endloop
endfacet
facet normal -0.050397737309349364 0.497777651440006 0.8658391754829355
outer loop
vertex 5982.47 9988.550000000001 270.79
vertex 5965.4400000000005 10023.91 249.47
vertex 5965.4400000000005 9671.61 452.01
endloop
endfacet
facet normal -0.051775043686585406 0.4977983766510839 0.8657459910705898
outer loop
vertex 5982.47 9988.550000000001 270.79
vertex 5965.4400000000005 9671.61 452.01
vertex 5982.47 9483.24 561.34
endloop
endfacet
facet normal -0.05135612593452607 0.49863215297687347 0.8652910055851989
outer loop
vertex 5955.95 9953.45 289.51
vertex 5965.4400000000005 10023.91 249.47
vertex 5964.92 10025.210000000001 248.69
endloop
endfacet
facet normal -0.04529147194485528 0.4982061913929935 0.8658748601424783
outer loop
vertex 5955.95 9953.45 289.51
vertex 5964.92 10025.210000000001 248.69
vertex 5950.62 10023.91 248.69
endloop
endfacet
facet normal -0.04529147194480349 0.49820619139299754 0.8658748601424785
outer loop
vertex 5955.95 9953.45 289.51
vertex 5950.62 10023.91 248.69
vertex 5933.46 10022.35 248.69
endloop
endfacet
facet normal -0.046992516971639565 0.49775198997869413 0.8660454144101914
outer loop
vertex 5955.95 9953.45 289.51
vertex 5933.46 10022.35 248.69
vertex 5965.4400000000005 9671.61 452.01
endloop
endfacet
facet normal -0.042714228363194856 0.49795613454943305 0.8661496306989479
outer loop
vertex 5955.95 9953.45 289.51
vertex 5965.4400000000005 9671.61 452.01
vertex 5965.4400000000005 10023.91 249.47
endloop
endfacet
facet normal 0.04477469835276425 -0.4979997545816148 -0.8660204794484195
outer loop
vertex 6115.33 9789 854.23
vertex 6015.88 9116.77 1235.65
vertex 5916.17 10213.06 600.08
endloop
endfacet
facet normal -0.5165444255285125 -0.6054675286296763 -0.6054675286342704
outer loop
vertex 6115.33 9789 854.23
vertex 5916.17 10213.06 600.08
vertex 5916.17 10213.19 599.95
endloop
endfacet
facet normal 0.04517803618513507 -0.497933463565669 -0.8660376498212714
outer loop
vertex 6115.33 9789 854.23
vertex 5916.17 10213.19 599.95
vertex 6314.49 10249.33 599.95
endloop
endfacet
facet normal 0.04533506483964999 -0.49798158439156753 -0.866001774537933
outer loop
vertex 6115.33 9789 854.23
vertex 6314.49 10249.33 599.95
vertex 6414.2 9152.91 1235.65
endloop
endfacet
facet normal 0.04518739550242252 -0.49803661805548555 -0.8659778440373416
outer loop
vertex 6115.33 9789 854.23
vertex 6414.2 9152.91 1235.65
vertex 6015.88 9116.77 1235.65
endloop
endfacet
facet normal -1 0 0
outer loop
vertex 5916.17 10213.06 600.08
vertex 5916.17 10213.45 599.82
vertex 5916.17 10213.19 599.95
endloop
endfacet
facet normal 1 0 0
outer loop
vertex 5916.17 10213.19 599.95
vertex 5916.17 10213.45 599.82
vertex 5916.17 10213.45 599.95
endloop
endfacet
facet normal 0.9924801257500088 0.12240588217584458 0
outer loop
vertex 5920.9800000000005 10174.45 512.98
vertex 5920.9800000000005 10174.45 199.94
vertex 5916.17 10213.45 199.94
endloop
endfacet
facet normal 0.9924801257500089 0.12240588217584461 0
outer loop
vertex 5920.9800000000005 10174.45 512.98
vertex 5916.17 10213.45 199.94
vertex 5916.17 10213.45 580.97
endloop
endfacet
facet normal 0.9820771339102757 0.18847944994236962 0
outer loop
vertex 5928.39 10135.84 445.12
vertex 5928.39 10135.84 199.94
vertex 5920.9800000000005 10174.45 199.94
endloop
endfacet
facet normal 0.9820771339102758 0.18847944994236962 0
outer loop
vertex 5928.39 10135.84 445.12
vertex 5920.9800000000005 10174.45 199.94
vertex 5920.9800000000005 10174.45 512.98
endloop
endfacet
facet normal 0.9679671670888805 0.25107680784558173 0
outer loop
vertex 5938.27 10097.75 377.91
vertex 5938.27 10097.75 199.94
vertex 5928.39 10135.84 199.94
endloop
endfacet
facet normal 0.9679671670888805 0.25107680784558173 0
outer loop
vertex 5938.27 10097.75 377.91
vertex 5928.39 10135.84 199.94
vertex 5928.39 10135.84 445.12
endloop
endfacet
facet normal 0.9495057215610331 0.313749716689692 0
outer loop
vertex 5945.68 10075.390000000001 267.67
vertex 5950.62 10060.44 311.61
vertex 5950.62 10060.44 248.69
endloop
endfacet
facet normal 0.9495057215610331 0.3137497166896919 0
outer loop
vertex 5945.68 10075.390000000001 267.67
vertex 5950.62 10060.44 248.69
vertex 5950.62 10060.44 199.94
endloop
endfacet
facet normal 0.9493427780275818 0.3142423829707927 -0.00012063047331619146
outer loop
vertex 5945.68 10075.390000000001 267.67
vertex 5950.62 10060.44 199.94
vertex 5938.27 10097.75 199.94
endloop
endfacet
facet normal 0.9492337334169336 0.31457164421376244 0
outer loop
vertex 5945.68 10075.390000000001 267.67
vertex 5938.27 10097.75 199.94
vertex 5938.27 10097.75 377.91
endloop
endfacet
facet normal 0.9494041952924648 0.31405677915149877 0.00011588811039460466
outer loop
vertex 5945.68 10075.390000000001 267.67
vertex 5938.27 10097.75 377.91
vertex 5950.62 10060.44 311.61
endloop
endfacet
facet normal 0.9265783092932314 0.3761018967610996 0
outer loop
vertex 5964.92 10025.210000000001 248.69
vertex 5950.62 10060.44 248.69
vertex 5950.62 10060.44 311.61
endloop
endfacet
facet normal 0.9284766908852594 0.37139067635410383 0
outer loop
vertex 5965.4400000000005 10023.91 248.69
vertex 5964.92 10025.210000000001 248.69
vertex 5965.4400000000005 10023.91 249.47
endloop
endfacet
facet normal 0.9266461436056248 0.3759347344165258 0
outer loop
vertex 5965.4400000000005 10023.91 248.69
vertex 5965.4400000000005 10023.91 199.94
vertex 5950.62 10060.44 199.94
endloop
endfacet
facet normal 0.9266461436056248 0.3759347344165258 0
outer loop
vertex 5965.4400000000005 10023.91 248.69
vertex 5950.62 10060.44 199.94
vertex 5950.62 10060.44 248.69
endloop
endfacet
facet normal 0.8998797711695508 0.4361380486036928 0
outer loop
vertex 5972.2 10009.74 233.74
vertex 5982.47 9988.550000000001 270.79
vertex 5982.47 9988.550000000001 199.94
endloop
endfacet
facet normal 0.9009523804559755 0.43391456558726155 0.0017198610204070043
outer loop
vertex 5972.2 10009.74 233.74
vertex 5982.47 9988.550000000001 199.94
vertex 5965.4400000000005 10023.91 199.94
endloop
endfacet
facet normal 0.9025541785688014 0.43057630537222596 0
outer loop
vertex 5972.2 10009.74 233.74
vertex 5965.4400000000005 10023.91 199.94
vertex 5965.4400000000005 10023.91 248.69
endloop
endfacet
facet normal 0.9025541785688014 0.4305763053722257 0
outer loop
vertex 5972.2 10009.74 233.74
vertex 5965.4400000000005 10023.91 248.69
vertex 5965.4400000000005 10023.91 249.47
endloop
endfacet
facet normal 0.901515206113418 0.4327407893565109 -0.002396324974933792
outer loop
vertex 5972.2 10009.74 233.74
vertex 5965.4400000000005 10023.91 249.47
vertex 5982.47 9988.550000000001 270.79
endloop
endfacet
facet normal 0.868649355217806 0.49542738890748655 0
outer loop
vertex 6001.97 9954.36 291.46000000000004
vertex 6001.97 9954.36 199.94
vertex 5982.47 9988.550000000001 199.94
endloop
endfacet
facet normal 0.8686493552178061 0.49542738890748655 0
outer loop
vertex 6001.97 9954.36 291.46000000000004
vertex 5982.47 9988.550000000001 199.94
vertex 5982.47 9988.550000000001 270.79
endloop
endfacet
facet normal 0.8371155952136636 0.5470260325158881 0
outer loop
vertex 6014.97 9934.6 250.25
vertex 6023.55 9921.470000000001 311.48
vertex 6023.55 9921.470000000001 248.69
endloop
endfacet
facet normal 0.8371155952136637 0.5470260325158882 0
outer loop
vertex 6014.97 9934.6 250.25
vertex 6023.55 9921.470000000001 248.69
vertex 6023.55 9921.470000000001 199.94
endloop
endfacet
facet normal 0.8360951382384201 0.5485841618481413 -0.0005806749946346868
outer loop
vertex 6014.97 9934.6 250.25
vertex 6023.55 9921.470000000001 199.94
vertex 6001.97 9954.36 199.94
endloop
endfacet
facet normal 0.8354170822439428 0.5496165014762721 0
outer loop
vertex 6014.97 9934.6 250.25
vertex 6001.97 9954.36 199.94
vertex 6001.97 9954.36 291.46000000000004
endloop
endfacet
facet normal 0.8359419461339301 0.5488176032962646 0.0005486401020815875
outer loop
vertex 6014.97 9934.6 250.25
vertex 6001.97 9954.36 291.46000000000004
vertex 6023.55 9921.470000000001 311.48
endloop
endfacet
facet normal -0.5776688575142591 0.8162712117048907 0
outer loop
vertex 6350.37 10151.960000000001 599.95
vertex 6350.37 10151.960000000001 379.99
vertex 6325.02 10134.02 379.99
endloop
endfacet
facet normal -0.5776688575142591 0.8162712117048907 0
outer loop
vertex 6350.37 10151.960000000001 599.95
vertex 6325.02 10134.02 379.99
vertex 6325.02 10134.02 599.95
endloop
endfacet
facet normal -0.5761897828452045 0.817315932883237 0
outer loop
vertex 6201.13 10046.66 248.69
vertex 6023.55 9921.470000000001 248.69
vertex 6023.55 9921.470000000001 311.48
endloop
endfacet
facet normal -0.5765155220572636 0.8170861966934949 0
outer loop
vertex 6350.37 10151.960000000001 379.99
vertex 6350.37 10151.960000000001 248.69
vertex 6201.13 10046.66 248.69
endloop
endfacet
facet normal -0.5776677428055981 0.8162696365730869 0.0019645179372458736
outer loop
vertex 6350.37 10151.960000000001 379.99
vertex 6201.13 10046.66 248.69
vertex 6325.02 10134.02 379.99
endloop
endfacet
facet normal -0.576338563393351 0.8172110255898953 0
outer loop
vertex 6350.37 10151.960000000001 248.69
vertex 6350.37 10151.960000000001 199.94
vertex 6023.55 9921.470000000001 199.94
endloop
endfacet
facet normal -0.576338563393351 0.8172110255898953 0
outer loop
vertex 6350.37 10151.960000000001 248.69
vertex 6023.55 9921.470000000001 199.94
vertex 6023.55 9921.470000000001 248.69
endloop
endfacet
facet normal 0.8530770368413829 0.5217849836991535 0
outer loop
vertex 6074.38 8819.98 1045.2
vertex 6082.570000000001 8806.59 1284.27
vertex 6082.570000000001 8806.59 884.26
endloop
endfacet
facet normal 0.8535270666792837 0.5210485000077095 0.00008417584814739102
outer loop
vertex 6074.38 8819.98 1045.2
vertex 6082.570000000001 8806.59 884.26
vertex 6068.92 8828.95 884.26
endloop
endfacet
facet normal 0.8541985556144677 0.5199469468956974 0
outer loop
vertex 6074.38 8819.98 1045.2
vertex 6068.92 8828.95 884.26
vertex 6068.92 8828.95 889.2
endloop
endfacet
facet normal 0.854198555614467 0.5199469468956985 0
outer loop
vertex 6074.38 8819.98 1045.2
vertex 6068.92 8828.95 889.2
vertex 6068.92 8828.95 1284.27
endloop
endfacet
facet normal 0.8535270683327708 0.5210485010171056 -0.000056666503647824566
outer loop
vertex 6074.38 8819.98 1045.2
vertex 6068.92 8828.95 1284.27
vertex 6082.570000000001 8806.59 1284.27
endloop
endfacet
facet normal 0.9142186532377563 0.4052212408945798 0
outer loop
vertex 6093.2300000000005 8782.54 1284.27
vertex 6093.2300000000005 8782.54 884.26
vertex 6082.570000000001 8806.59 884.26
endloop
endfacet
facet normal 0.9142186532377563 0.4052212408945798 0
outer loop
vertex 6093.2300000000005 8782.54 1284.27
vertex 6082.570000000001 8806.59 884.26
vertex 6082.570000000001 8806.59 1284.27
endloop
endfacet
facet normal 0.9580977087501059 0.2864415830283676 0
outer loop
vertex 6100.77 8757.32 1284.27
vertex 6100.77 8757.32 884.26
vertex 6093.2300000000005 8782.54 884.26
endloop
endfacet
facet normal 0.9580977087501059 0.2864415830283676 0
outer loop
vertex 6100.77 8757.32 1284.27
vertex 6093.2300000000005 8782.54 884.26
vertex 6093.2300000000005 8782.54 1284.27
endloop
endfacet
facet normal 0.9881997058915547 0.1531709544131813 0
outer loop
vertex 6104.8 8731.32 1284.27
vertex 6104.8 8731.32 884.26
vertex 6100.77 8757.32 884.26
endloop
endfacet
facet normal 0.9881997058915547 0.1531709544131813 0
outer loop
vertex 6104.8 8731.32 1284.27
vertex 6100.77 8757.32 884.26
vertex 6100.77 8757.32 1284.27
endloop
endfacet
facet normal 0.999693798181332 0.02474489599457337 0
outer loop
vertex 6105.45 8705.06 1284.27
vertex 6105.45 8705.06 884.26
vertex 6104.8 8731.32 884.26
endloop
endfacet
facet normal 0.999693798181332 0.02474489599457337 0
outer loop
vertex 6105.45 8705.06 1284.27
vertex 6104.8 8731.32 884.26
vertex 6104.8 8731.32 1284.27
endloop
endfacet
facet normal 0.9945864928494086 -0.10391202164096955 0
outer loop
vertex 6102.72 8678.93 1284.27
vertex 6102.72 8678.93 884.26
vertex 6105.45 8705.06 884.26
endloop
endfacet
facet normal 0.9945864928494086 -0.10391202164096955 0
outer loop
vertex 6102.72 8678.93 1284.27
vertex 6105.45 8705.06 884.26
vertex 6105.45 8705.06 1284.27
endloop
endfacet
facet normal 0.9715756952488489 -0.23672910341087336 0
outer loop
vertex 6096.4800000000005 8653.32 1284.27
vertex 6096.4800000000005 8653.32 884.26
vertex 6102.72 8678.93 884.26
endloop
endfacet
facet normal 0.9715756952488489 -0.23672910341087336 0
outer loop
vertex 6096.4800000000005 8653.32 1284.27
vertex 6102.72 8678.93 884.26
vertex 6102.72 8678.93 1284.27
endloop
endfacet
facet normal 0.9327030850436587 -0.3606451928835898 0
outer loop
vertex 6090.89 8638.630000000001 1045.2
vertex 6087.12 8628.880000000001 1284.27
vertex 6087.12 8628.880000000001 889.2
endloop
endfacet
facet normal 0.9327030850436585 -0.36064519288359026 0
outer loop
vertex 6090.89 8638.630000000001 1045.2
vertex 6087.12 8628.880000000001 889.2
vertex 6087.12 8628.880000000001 884.26
endloop
endfacet
facet normal 0.93385673136975 -0.35764725882249887 -0.0002086436171554697
outer loop
vertex 6090.89 8638.630000000001 1045.2
vertex 6087.12 8628.880000000001 884.26
vertex 6096.4800000000005 8653.32 884.26
endloop
endfacet
facet normal 0.9346186967740006 -0.3556513624892624 0
outer loop
vertex 6090.89 8638.630000000001 1045.2
vertex 6096.4800000000005 8653.32 884.26
vertex 6096.4800000000005 8653.32 1284.27
endloop
endfacet
facet normal 0.9338567424844818 -0.3576472630792046 0.0001404572056078081
outer loop
vertex 6090.89 8638.630000000001 1045.2
vertex 6096.4800000000005 8653.32 1284.27
vertex 6087.12 8628.880000000001 1284.27
endloop
endfacet
facet normal -0.9722120301789193 0.2341020469269421 0
outer loop
vertex 6485.83 8564.92 1064.05
vertex 6496.88 8610.81 1284.27
vertex 6496.88 8610.81 884.26
endloop
endfacet
facet normal -0.9720561830865997 0.2347482619018704 0.00017451980404690023
outer loop
vertex 6485.83 8564.92 1064.05
vertex 6496.88 8610.81 884.26
vertex 6478.42 8534.37 884.26
endloop
endfacet
facet normal -0.971821405262004 0.23571838340397638 0
outer loop
vertex 6485.83 8564.92 1064.05
vertex 6478.42 8534.37 884.26
vertex 6478.42 8534.37 983.32
endloop
endfacet
facet normal -0.9718214052620038 0.23571838340397638 0
outer loop
vertex 6485.83 8564.92 1064.05
vertex 6478.42 8534.37 983.32
vertex 6478.42 8534.37 1284.27
endloop
endfacet
facet normal -0.9720561880230171 0.23474826309399843 -0.00014247986435807087
outer loop
vertex 6485.83 8564.92 1064.05
vertex 6478.42 8534.37 1284.27
vertex 6496.88 8610.81 1284.27
endloop
endfacet
facet normal -0.9943777984382384 0.10589048103168752 0
outer loop
vertex 6505.2 8688.94 1284.27
vertex 6505.2 8688.94 884.26
vertex 6496.88 8610.81 884.26
endloop
endfacet
facet normal -0.9943777984382384 0.10589048103168752 0
outer loop
vertex 6505.2 8688.94 1284.27
vertex 6496.88 8610.81 884.26
vertex 6496.88 8610.81 1284.27
endloop
endfacet
facet normal -0.9996504804421698 -0.02643703749929625 0
outer loop
vertex 6503.12 8767.59 1284.27
vertex 6503.12 8767.59 884.26
vertex 6505.2 8688.94 884.26
endloop
endfacet
facet normal -0.9996504804421698 -0.02643703749929625 0
outer loop
vertex 6503.12 8767.59 1284.27
vertex 6505.2 8688.94 884.26
vertex 6505.2 8688.94 1284.27
endloop
endfacet
facet normal -0.9878299546352785 -0.15553771480018508 0
outer loop
vertex 6490.900000000001 8845.2 1284.27
vertex 6490.900000000001 8845.2 884.26
vertex 6503.12 8767.59 884.26
endloop
endfacet
facet normal -0.9878299546352785 -0.15553771480018508 0
outer loop
vertex 6490.900000000001 8845.2 1284.27
vertex 6503.12 8767.59 884.26
vertex 6503.12 8767.59 1284.27
endloop
endfacet
facet normal -0.9591809605121343 -0.28279300732341245 0
outer loop
vertex 6468.67 8920.6 1284.27
vertex 6468.67 8920.6 884.26
vertex 6490.900000000001 8845.2 884.26
endloop
endfacet
facet normal -0.9591809605121343 -0.28279300732341245 0
outer loop
vertex 6468.67 8920.6 1284.27
vertex 6490.900000000001 8845.2 884.26
vertex 6490.900000000001 8845.2 1284.27
endloop
endfacet
facet normal -0.9141523756087515 -0.4053707366952827 0
outer loop
vertex 6449.56 8963.76 1064.05
vertex 6436.820000000001 8992.49 1284.27
vertex 6436.820000000001 8992.49 983.32
endloop
endfacet
facet normal -0.9141523756087515 -0.4053707366952827 0
outer loop
vertex 6449.56 8963.76 1064.05
vertex 6436.820000000001 8992.49 983.32
vertex 6436.820000000001 8992.49 884.26
endloop
endfacet
facet normal -0.9142881643038774 -0.40506437659032174 0.00005857763942060358
outer loop
vertex 6449.56 8963.76 1064.05
vertex 6436.820000000001 8992.49 884.26
vertex 6468.67 8920.6 884.26
endloop
endfacet
facet normal -0.9143785218020773 -0.4048603695930829 0
outer loop
vertex 6449.56 8963.76 1064.05
vertex 6468.67 8920.6 884.26
vertex 6468.67 8920.6 1284.27
endloop
endfacet
facet normal -0.9142881648269694 -0.40506437682207136 -0.00004782342111277725
outer loop
vertex 6449.56 8963.76 1064.05
vertex 6468.67 8920.6 1284.27
vertex 6436.820000000001 8992.49 1284.27
endloop
endfacet
facet normal 0 0 -1
outer loop
vertex 6348.68 8894.34 1284.27
vertex 6436.820000000001 8992.49 1284.27
vertex 6468.67 8920.6 1284.27
endloop
endfacet
facet normal 0 0 -1
outer loop
vertex 6348.68 8894.34 1284.27
vertex 6468.67 8920.6 1284.27
vertex 6490.900000000001 8845.2 1284.27
endloop
endfacet
facet normal 0 0 -0.9999999999999999
outer loop
vertex 6348.68 8894.34 1284.27
vertex 6490.900000000001 8845.2 1284.27
vertex 6497.01 8806.59 1284.27
endloop
endfacet
facet normal 0 0 -1
outer loop
vertex 6348.68 8894.34 1284.27
vertex 6497.01 8806.59 1284.27
vertex 6082.570000000001 8806.59 1284.27
endloop
endfacet
facet normal 0 0 -1
outer loop
vertex 6348.68 8894.34 1284.27
vertex 6082.570000000001 8806.59 1284.27
vertex 6068.92 8828.95 1284.27
endloop
endfacet
facet normal 0 0 -1
outer loop
vertex 6348.68 8894.34 1284.27
vertex 6068.92 8828.95 1284.27
vertex 6395.74 9059.57 1284.27
endloop
endfacet
facet normal 0 0 -1
outer loop
vertex 6348.68 8894.34 1284.27
vertex 6395.74 9059.57 1284.27
vertex 6436.820000000001 8992.49 1284.27
endloop
endfacet
facet normal 0 0 -0.9999999999999999
outer loop
vertex 6497.01 8806.59 1284.27
vertex 6500.780000000001 8782.54 1284.27
vertex 6093.2300000000005 8782.54 1284.27
endloop
endfacet
facet normal 0 0 -1
outer loop
vertex 6497.01 8806.59 1284.27
vertex 6093.2300000000005 8782.54 1284.27
vertex 6082.570000000001 8806.59 1284.27
endloop
endfacet
facet normal 0 0 -1
outer loop
vertex 6340.2300000000005 8769.41 1284.27
vertex 6500.780000000001 8782.54 1284.27
vertex 6503.12 8767.59 1284.27
endloop
endfacet
facet normal 0 0 -1
outer loop
vertex 6340.2300000000005 8769.41 1284.27
vertex 6503.12 8767.59 1284.27
vertex 6503.38 8757.32 1284.27
endloop
endfacet
facet normal 0 0 -1
outer loop
vertex 6340.2300000000005 8769.41 1284.27
vertex 6503.38 8757.32 1284.27
vertex 6100.77 8757.32 1284.27
endloop
endfacet
facet normal 0 0 -0.9999999999999999
outer loop
vertex 6340.2300000000005 8769.41 1284.27
vertex 6100.77 8757.32 1284.27
vertex 6093.2300000000005 8782.54 1284.27
endloop
endfacet
facet normal 0 0 -1
outer loop
vertex 6340.2300000000005 8769.41 1284.27
vertex 6093.2300000000005 8782.54 1284.27
vertex 6500.780000000001 8782.54 1284.27
endloop
endfacet
facet normal 0 0 -1
outer loop
vertex 6503.38 8757.32 1284.27
vertex 6504.030000000001 8731.32 1284.27
vertex 6104.8 8731.32 1284.27
endloop
endfacet
facet normal 0 0 -1
outer loop
vertex 6503.38 8757.32 1284.27
vertex 6104.8 8731.32 1284.27
vertex 6100.77 8757.32 1284.27
endloop
endfacet
facet normal 0 0 -1
outer loop
vertex 6504.030000000001 8731.32 1284.27
vertex 6504.81 8705.06 1284.27
vertex 6105.45 8705.06 1284.27
endloop
endfacet
facet normal 0 0 -0.9999999999999999
outer loop
vertex 6504.030000000001 8731.32 1284.27
vertex 6105.45 8705.06 1284.27
vertex 6104.8 8731.32 1284.27
endloop
endfacet
facet normal 0 0 -1
outer loop
vertex 6344.39 8691.41 1284.27
vertex 6504.81 8705.06 1284.27
vertex 6505.2 8688.94 1284.27
endloop
endfacet
facet normal 0 0 -1
outer loop
vertex 6344.39 8691.41 1284.27
vertex 6505.2 8688.94 1284.27
vertex 6504.030000000001 8678.93 1284.27
endloop
endfacet
facet normal 0 0 -1
outer loop
vertex 6344.39 8691.41 1284.27
vertex 6504.030000000001 8678.93 1284.27
vertex 6102.72 8678.93 1284.27
endloop
endfacet
facet normal 0 0 -1
outer loop
vertex 6344.39 8691.41 1284.27
vertex 6102.72 8678.93 1284.27
vertex 6105.45 8705.06 1284.27
endloop
endfacet
facet normal 0 0 -1
outer loop
vertex 6344.39 8691.41 1284.27
vertex 6105.45 8705.06 1284.27
vertex 6504.81 8705.06 1284.27
endloop
endfacet
facet normal 0 0 -1
outer loop
vertex 6504.030000000001 8678.93 1284.27
vertex 6501.43 8653.32 1284.27
vertex 6096.4800000000005 8653.32 1284.27
endloop
endfacet
facet normal 0 0 -1
outer loop
vertex 6504.030000000001 8678.93 1284.27
vertex 6096.4800000000005 8653.32 1284.27
vertex 6102.72 8678.93 1284.27
endloop
endfacet
facet normal 0 0 -1
outer loop
vertex 6351.8 8590.27 1284.27
vertex 6501.43 8653.32 1284.27
vertex 6496.88 8610.81 1284.27
endloop
endfacet
facet normal 0 0 -1
outer loop
vertex 6351.8 8590.27 1284.27
vertex 6496.88 8610.81 1284.27
vertex 6478.42 8534.37 1284.27
endloop
endfacet
facet normal 0 0 -1
outer loop
vertex 6351.8 8590.27 1284.27
vertex 6478.42 8534.37 1284.27
vertex 6450.21 8461.050000000001 1284.27
endloop
endfacet
facet normal 0 0 -1
outer loop
vertex 6351.8 8590.27 1284.27
vertex 6450.21 8461.050000000001 1284.27
vertex 6087.12 8628.880000000001 1284.27
endloop
endfacet
facet normal 0 0 -0.9999999999999999
outer loop
vertex 6351.8 8590.27 1284.27
vertex 6087.12 8628.880000000001 1284.27
vertex 6096.4800000000005 8653.32 1284.27
endloop
endfacet
facet normal 0 0 -1
outer loop
vertex 6351.8 8590.27 1284.27
vertex 6096.4800000000005 8653.32 1284.27
vertex 6501.43 8653.32 1284.27
endloop
endfacet
facet normal 0 0 1
outer loop
vertex 6431.49 8962.33 884.26
vertex 6450.21 8962.33 884.26
vertex 6436.820000000001 8992.49 884.26
endloop
endfacet
facet normal 0 0 1
outer loop
vertex 6431.49 8962.33 884.26
vertex 6436.820000000001 8992.49 884.26
vertex 6427.33 9007.83 884.26
endloop
endfacet
facet normal 0 0 1
outer loop
vertex 6340.2300000000005 8884.59 884.26
vertex 6431.49 8962.33 884.26
vertex 6232.33 8944.26 884.26
endloop
endfacet
facet normal 0 0 1
outer loop
vertex 6340.2300000000005 8884.59 884.26
vertex 6232.33 8944.26 884.26
vertex 6068.92 8828.95 884.26
endloop
endfacet
facet normal 0 0 1
outer loop
vertex 6340.2300000000005 8884.59 884.26
vertex 6068.92 8828.95 884.26
vertex 6082.570000000001 8806.59 884.26
endloop
endfacet
facet normal 0 0 0.9999999999999999
outer loop
vertex 6340.2300000000005 8884.59 884.26
vertex 6082.570000000001 8806.59 884.26
vertex 6497.01 8806.59 884.26
endloop
endfacet
facet normal 0 0 1
outer loop
vertex 6340.2300000000005 8884.59 884.26
vertex 6497.01 8806.59 884.26
vertex 6490.900000000001 8845.2 884.26
endloop
endfacet
facet normal 0 0 1
outer loop
vertex 6340.2300000000005 8884.59 884.26
vertex 6490.900000000001 8845.2 884.26
vertex 6468.67 8920.6 884.26
endloop
endfacet
facet normal 0 0 1
outer loop
vertex 6340.2300000000005 8884.59 884.26
vertex 6468.67 8920.6 884.26
vertex 6450.21 8962.33 884.26
endloop
endfacet
facet normal 0 0 1
outer loop
vertex 6340.2300000000005 8884.59 884.26
vertex 6450.21 8962.33 884.26
vertex 6431.49 8962.33 884.26
endloop
endfacet
facet normal 0 0 1
outer loop
vertex 6082.570000000001 8806.59 884.26
vertex 6093.2300000000005 8782.54 884.26
vertex 6500.780000000001 8782.54 884.26
endloop
endfacet
facet normal 0 0 1
outer loop
vertex 6082.570000000001 8806.59 884.26
vertex 6500.780000000001 8782.54 884.26
vertex 6497.01 8806.59 884.26
endloop
endfacet
facet normal 0 0 0.9999999999999999
outer loop
vertex 6340.2300000000005 8769.41 884.26
vertex 6093.2300000000005 8782.54 884.26
vertex 6100.77 8757.32 884.26
endloop
endfacet
facet normal 0 0 1
outer loop
vertex 6340.2300000000005 8769.41 884.26
vertex 6100.77 8757.32 884.26
vertex 6503.38 8757.32 884.26
endloop
endfacet
facet normal 0 0 1
outer loop
vertex 6340.2300000000005 8769.41 884.26
vertex 6503.38 8757.32 884.26
vertex 6503.12 8767.59 884.26
endloop
endfacet
facet normal 0 0 1
outer loop
vertex 6340.2300000000005 8769.41 884.26
vertex 6503.12 8767.59 884.26
vertex 6500.780000000001 8782.54 884.26
endloop
endfacet
facet normal 0 0 1
outer loop
vertex 6340.2300000000005 8769.41 884.26
vertex 6500.780000000001 8782.54 884.26
vertex 6093.2300000000005 8782.54 884.26
endloop
endfacet
facet normal 0 0 1
outer loop
vertex 6100.77 8757.32 884.26
vertex 6104.8 8731.32 884.26
vertex 6504.030000000001 8731.32 884.26
endloop
endfacet
facet normal 0 0 1
outer loop
vertex 6100.77 8757.32 884.26
vertex 6504.030000000001 8731.32 884.26
vertex 6503.38 8757.32 884.26
endloop
endfacet
facet normal 0 0 1
outer loop
vertex 6104.8 8731.32 884.26
vertex 6105.45 8705.06 884.26
vertex 6504.81 8705.06 884.26
endloop
endfacet
facet normal 0 0 0.9999999999999999
outer loop
vertex 6104.8 8731.32 884.26
vertex 6504.81 8705.06 884.26
vertex 6504.030000000001 8731.32 884.26
endloop
endfacet
facet normal 0 0 1
outer loop
vertex 6344.39 8691.41 884.26
vertex 6105.45 8705.06 884.26
vertex 6102.72 8678.93 884.26
endloop
endfacet
facet normal 0 0 1
outer loop
vertex 6344.39 8691.41 884.26
vertex 6102.72 8678.93 884.26
vertex 6504.030000000001 8678.93 884.26
endloop
endfacet
facet normal 0 0 1
outer loop
vertex 6344.39 8691.41 884.26
vertex 6504.030000000001 8678.93 884.26
vertex 6505.2 8688.94 884.26
endloop
endfacet
facet normal 0 0 1
outer loop
vertex 6344.39 8691.41 884.26
vertex 6505.2 8688.94 884.26
vertex 6504.81 8705.06 884.26
endloop
endfacet
facet normal 0 0 1
outer loop
vertex 6344.39 8691.41 884.26
vertex 6504.81 8705.06 884.26
vertex 6105.45 8705.06 884.26
endloop
endfacet
facet normal 0 0 1
outer loop
vertex 6102.72 8678.93 884.26
vertex 6096.4800000000005 8653.32 884.26
vertex 6501.43 8653.32 884.26
endloop
endfacet
facet normal 0 0 1
outer loop
vertex 6102.72 8678.93 884.26
vertex 6501.43 8653.32 884.26
vertex 6504.030000000001 8678.93 884.26
endloop
endfacet
facet normal 0 0 1
outer loop
vertex 6337.76 8605.09 884.26
vertex 6096.4800000000005 8653.32 884.26
vertex 6087.12 8628.880000000001 884.26
endloop
endfacet
facet normal 0 0 1
outer loop
vertex 6337.76 8605.09 884.26
vertex 6087.12 8628.880000000001 884.26
vertex 6229.47 8562.970000000001 884.26
endloop
endfacet
facet normal 0 0 1
outer loop
vertex 6337.76 8605.09 884.26
vertex 6229.47 8562.970000000001 884.26
vertex 6467.76 8562.970000000001 884.26
endloop
endfacet
facet normal 0 0 1
outer loop
vertex 6337.76 8605.09 884.26
vertex 6467.76 8562.970000000001 884.26
vertex 6485.31 8562.970000000001 884.26
endloop
endfacet
facet normal 0 0 1
outer loop
vertex 6337.76 8605.09 884.26
vertex 6485.31 8562.970000000001 884.26
vertex 6496.88 8610.81 884.26
endloop
endfacet
facet normal 0 0 1
outer loop
vertex 6337.76 8605.09 884.26
vertex 6496.88 8610.81 884.26
vertex 6501.43 8653.32 884.26
endloop
endfacet
facet normal 0 0 1
outer loop
vertex 6337.76 8605.09 884.26
vertex 6501.43 8653.32 884.26
vertex 6096.4800000000005 8653.32 884.26
endloop
endfacet
facet normal 0 0 1
outer loop
vertex 6229.47 8562.970000000001 884.26
vertex 6268.6 8544.9 884.26
vertex 6467.76 8562.970000000001 884.26
endloop
endfacet
facet normal 0 0 1
outer loop
vertex 6467.76 8562.970000000001 884.26
vertex 6471.92 8517.6 884.26
vertex 6478.42 8534.37 884.26
endloop
endfacet
facet normal 0 0 1
outer loop
vertex 6467.76 8562.970000000001 884.26
vertex 6478.42 8534.37 884.26
vertex 6485.31 8562.970000000001 884.26
endloop
endfacet
facet normal 0.5767870700922627 -0.8168945316100379 0
outer loop
vertex 6229.47 8942.31 1084.8500000000001
vertex 6068.92 8828.95 1284.27
vertex 6068.92 8828.95 889.2
endloop
endfacet
facet normal 0.5765154899229198 -0.8170861511500191 0.00033388288903799966
outer loop
vertex 6229.47 8942.31 1084.8500000000001
vertex 6068.92 8828.95 889.2
vertex 6218.16 8934.25 889.2
endloop
endfacet
facet normal 0.5763422937716437 -0.8172083202338623 0.00034892777166875403
outer loop
vertex 6229.47 8942.31 1084.8500000000001
vertex 6218.16 8934.25 889.2
vertex 6395.74 9059.57 1077.44
endloop
endfacet
facet normal 0.5763319437412922 -0.8172156940633141 0
outer loop
vertex 6229.47 8942.31 1084.8500000000001
vertex 6395.74 9059.57 1077.44
vertex 6395.74 9059.57 1284.27
endloop
endfacet
facet normal 0.5765555686965017 -0.8170578916025988 -0.0002792399851877966
outer loop
vertex 6229.47 8942.31 1084.8500000000001
vertex 6395.74 9059.57 1284.27
vertex 6068.92 8828.95 1284.27
endloop
endfacet
facet normal 0.5765555911749544 -0.8170579234576327 0
outer loop
vertex 6068.92 8828.95 889.2
vertex 6068.92 8828.95 884.26
vertex 6232.33 8944.26 884.26
endloop
endfacet
facet normal 0.5765143858011406 -0.8170845862959419 -0.0019853971701137723
outer loop
vertex 6068.92 8828.95 889.2
vertex 6232.33 8944.26 884.26
vertex 6218.16 8934.25 889.2
endloop
endfacet
facet normal -0.8529868011595938 -0.52193248322702 0
outer loop
vertex 6418.49 9022.39 1122.55
vertex 6395.74 9059.57 1284.27
vertex 6395.74 9059.57 1077.44
endloop
endfacet
facet normal -0.8531896204610484 -0.5216007384746957 0.0003757129017848956
outer loop
vertex 6418.49 9022.39 1122.55
vertex 6395.74 9059.57 1077.44
vertex 6427.33 9007.83 983.32
endloop
endfacet
facet normal -0.8504182561252532 -0.5261062092978595 0.0010228328896732318
outer loop
vertex 6418.49 9022.39 1122.55
vertex 6427.33 9007.83 983.32
vertex 6436.820000000001 8992.49 983.32
endloop
endfacet
facet normal -0.8525479742464512 -0.5226489755163329 0
outer loop
vertex 6418.49 9022.39 1122.55
vertex 6436.820000000001 8992.49 983.32
vertex 6436.820000000001 8992.49 1284.27
endloop
endfacet
facet normal -0.8527912142476136 -0.5222519839190924 0.00010096857518425417
outer loop
vertex 6418.49 9022.39 1122.55
vertex 6436.820000000001 8992.49 1284.27
vertex 6395.74 9059.57 1284.27
endloop
endfacet
facet normal -0.8504187009739154 -0.5261064845008454 0
outer loop
vertex 6427.33 9007.83 983.32
vertex 6427.33 9007.83 884.26
vertex 6436.820000000001 8992.49 884.26
endloop
endfacet
facet normal -0.8504187009739154 -0.5261064845008454 0
outer loop
vertex 6427.33 9007.83 983.32
vertex 6436.820000000001 8992.49 884.26
vertex 6436.820000000001 8992.49 983.32
endloop
endfacet
facet normal -0.07896988485636608 0.8625941268932826 -0.499695036532271
outer loop
vertex 6395.74 9059.57 1077.44
vertex 6395.74 9151.220000000001 1235.65
vertex 6414.2 9152.91 1235.65
endloop
endfacet
facet normal -0.0767655950667663 0.8626313509364375 -0.4999741951297306
outer loop
vertex 6395.74 9059.57 1077.44
vertex 6414.2 9152.91 1235.65
vertex 6427.33 9007.83 983.32
endloop
endfacet
facet normal -0.07846193030291843 0.8623955530297734 -0.5001176217727299
outer loop
vertex 6211.92 9035.91 1065.48
vertex 6395.74 9059.57 1077.44
vertex 6218.16 8934.25 889.2
endloop
endfacet
facet normal -0.07850988656364734 0.8623915446564762 -0.5001170077259723
outer loop
vertex 6211.92 9035.91 1065.48
vertex 6218.16 8934.25 889.2
vertex 6033.95 8917.48 889.2
endloop
endfacet
facet normal -0.07845609197296011 0.8623724017228834 -0.5001584572703293
outer loop
vertex 6211.92 9035.91 1065.48
vertex 6033.95 8917.48 889.2
vertex 6015.88 9116.77 1235.65
endloop
endfacet
facet normal -0.07822229431284519 0.8625114867250135 -0.49995520593333276
outer loop
vertex 6211.92 9035.91 1065.48
vertex 6015.88 9116.77 1235.65
vertex 6395.74 9151.220000000001 1235.65
endloop
endfacet
facet normal -0.07851779680926833 0.8626250266587695 -0.4997129365607576
outer loop
vertex 6211.92 9035.91 1065.48
vertex 6395.74 9151.220000000001 1235.65
vertex 6395.74 9059.57 1077.44
endloop
endfacet
facet normal 0.07744322799231756 -0.8623902369152197 -0.5002855441759649
outer loop
vertex 6450.21 8369.27 1235.65
vertex 6450.21 8461.050000000001 1077.44
vertex 6471.92 8517.6 983.32
endloop
endfacet
facet normal 0.08014004074056871 -0.8623068383685256 -0.500004490352814
outer loop
vertex 6450.21 8369.27 1235.65
vertex 6471.92 8517.6 983.32
vertex 6485.18 8372.52 1235.65
endloop
endfacet
facet normal 0.07835423590510594 -0.8625135574435945 -0.4999309721768819
outer loop
vertex 6261.71 8450.78 1065.48
vertex 6450.21 8369.27 1235.65
vertex 6086.7300000000005 8336.25 1235.65
endloop
endfacet
facet normal 0.07837364219014249 -0.8625206093663642 -0.4999157635323449
outer loop
vertex 6261.71 8450.78 1065.48
vertex 6086.7300000000005 8336.25 1235.65
vertex 6068.66 8535.41 889.2
endloop
endfacet
facet normal 0.0785143625863254 -0.8624407115102344 -0.5000315130043147
outer loop
vertex 6261.71 8450.78 1065.48
vertex 6068.66 8535.41 889.2
vertex 6252.87 8552.18 889.2
endloop
endfacet
facet normal 0.07871328769945483 -0.8624227764742313 -0.5000311719863283
outer loop
vertex 6261.71 8450.78 1065.48
vertex 6252.87 8552.18 889.2
vertex 6450.21 8461.050000000001 1077.44
endloop
endfacet
facet normal 0.0787197595291886 -0.8623037564988272 -0.5002353755860117
outer loop
vertex 6261.71 8450.78 1065.48
vertex 6450.21 8461.050000000001 1077.44
vertex 6450.21 8369.27 1235.65
endloop
endfacet
facet normal 0.054303499540537564 -0.4976756016738938 0.865661669150355
outer loop
vertex 6535.62 7817.55 452.01
vertex 6535.62 7465.25 249.47
vertex 6536.14 7463.95 248.69
endloop
endfacet
facet normal 0.04545197563062372 -0.49790573304445485 0.8660392594523282
outer loop
vertex 6535.62 7817.55 452.01
vertex 6536.14 7463.95 248.69
vertex 6567.47 7466.81 248.69
endloop
endfacet
facet normal 0.05138384806785659 -0.49780844795018786 0.8657635065692967
outer loop
vertex 6535.62 7817.55 452.01
vertex 6518.46 8005.92 561.34
vertex 6518.46 7500.610000000001 270.79
endloop
endfacet
facet normal 0.050016895053252776 -0.4977871936253854 0.8658557732508313
outer loop
vertex 6535.62 7817.55 452.01
vertex 6518.46 7500.610000000001 270.79
vertex 6535.62 7465.25 249.47
endloop
endfacet
facet normal 0.04553440618437706 -0.4979602750394026 0.8660035694707721
outer loop
vertex 6518.46 8005.92 561.34
vertex 6499.09 8219.380000000001 685.1
vertex 6499.09 7534.8 291.46000000000004
endloop
endfacet
facet normal 0.04519994215100389 -0.497957480991582 0.8660226973665669
outer loop
vertex 6518.46 8005.92 561.34
vertex 6499.09 7534.8 291.46000000000004
vertex 6518.46 7500.610000000001 270.79
endloop
endfacet
facet normal 0.042023152949021404 -0.4979760786104666 0.8661719689230111
outer loop
vertex 6499.09 8219.380000000001 685.1
vertex 6477.51 8457.02 822.77
vertex 6477.51 7567.6900000000005 311.48
endloop
endfacet
facet normal 0.044463593263936 -0.49798431878197097 0.866045383984763
outer loop
vertex 6499.09 8219.380000000001 685.1
vertex 6477.51 7567.6900000000005 311.48
vertex 6499.09 7534.8 291.46000000000004
endloop
endfacet
facet normal 0.04696307828453426 -0.49816609537669015 0.8658088765398417
outer loop
vertex 6376.63 8002.41 566.6700000000001
vertex 6477.51 8457.02 822.77
vertex 6467.76 8562.970000000001 884.26
endloop
endfacet
facet normal 0.04518301245101179 -0.49798830989168535 0.8660058536736771
outer loop
vertex 6376.63 8002.41 566.6700000000001
vertex 6467.76 8562.970000000001 884.26
vertex 6268.6 8544.9 884.26
endloop
endfacet
facet normal 0.04517945525510393 -0.4979889211364852 0.8660056877689497
outer loop
vertex 6376.63 8002.41 566.6700000000001
vertex 6268.6 8544.9 884.26
vertex 6268.6 7439.64 248.69
endloop
endfacet
facet normal 0.045654317477542526 -0.49804709975505423 0.8659473250268973
outer loop
vertex 6376.63 8002.41 566.6700000000001
vertex 6268.6 7439.64 248.69
vertex 6299.8 7442.5 248.69
endloop
endfacet
facet normal 0.044814264834276606 -0.4979789923219156 0.86603037179617
outer loop
vertex 6376.63 8002.41 566.6700000000001
vertex 6299.8 7442.5 248.69
vertex 6477.51 7567.6900000000005 311.48
endloop
endfacet
facet normal 0.04517878210254672 -0.49790743689662187 0.8660525745766058
outer loop
vertex 6376.63 8002.41 566.6700000000001
vertex 6477.51 7567.6900000000005 311.48
vertex 6477.51 8457.02 822.77
endloop
endfacet
facet normal 0.041759686225885585 -0.49766050469836315 0.8663660604327053
outer loop
vertex 6205.55 8100.56 632.0600000000001
vertex 6268.6 8544.9 884.26
vertex 6252.87 8552.18 889.2
endloop
endfacet
facet normal 0.045324341666958735 -0.4978650553649516 0.8660693336557476
outer loop
vertex 6205.55 8100.56 632.0600000000001
vertex 6252.87 8552.18 889.2
vertex 6068.66 8535.41 889.2
endloop
endfacet
facet normal 0.04493723406872272 -0.49796490037617364 0.866032102746544
outer loop
vertex 6205.55 8100.56 632.0600000000001
vertex 6068.66 8535.41 889.2
vertex 6169.150000000001 7430.54 248.69
endloop
endfacet
facet normal 0.04556647405970885 -0.4979764665096556 0.8659925722801112
outer loop
vertex 6205.55 8100.56 632.0600000000001
vertex 6169.150000000001 7430.54 248.69
vertex 6268.6 7439.64 248.69
endloop
endfacet
facet normal 0.045514972403530654 -0.4979813287955298 0.8659924846429928
outer loop
vertex 6205.55 8100.56 632.0600000000001
vertex 6268.6 7439.64 248.69
vertex 6268.6 8544.9 884.26
endloop
endfacet
facet normal 0.41966568513438784 0.9076787497351059 0
outer loop
vertex 6265.4800000000005 8546.460000000001 1084.8500000000001
vertex 6450.21 8461.050000000001 1284.27
vertex 6450.21 8461.050000000001 1077.44
endloop
endfacet
facet normal 0.41964877206986273 0.9076864259641122 -0.0005101183710047786
outer loop
vertex 6265.4800000000005 8546.460000000001 1084.8500000000001
vertex 6450.21 8461.050000000001 1077.44
vertex 6252.87 8552.18 889.2
endloop
endfacet
facet normal 0.41996067836558765 0.9075421439256257 -0.0005344395141135684
outer loop
vertex 6265.4800000000005 8546.460000000001 1084.8500000000001
vertex 6252.87 8552.18 889.2
vertex 6087.12 8628.880000000001 889.2
endloop
endfacet
facet normal 0.41947770725041034 0.9077656377721836 0
outer loop
vertex 6265.4800000000005 8546.460000000001 1084.8500000000001
vertex 6087.12 8628.880000000001 889.2
vertex 6087.12 8628.880000000001 1284.27
endloop
endfacet
facet normal 0.41957334960575726 0.9077214294724097 0.00010381315097297387
outer loop
vertex 6265.4800000000005 8546.460000000001 1084.8500000000001
vertex 6087.12 8628.880000000001 1284.27
vertex 6450.21 8461.050000000001 1284.27
endloop
endfacet
facet normal 0.419964931753675 0.9075403169165978 -0.00017107908257485917
outer loop
vertex 6252.87 8552.18 889.2
vertex 6268.6 8544.9 884.26
vertex 6087.12 8628.880000000001 884.26
endloop
endfacet
facet normal 0.41996073834135966 0.9075422735342856 0
outer loop
vertex 6252.87 8552.18 889.2
vertex 6087.12 8628.880000000001 884.26
vertex 6087.12 8628.880000000001 889.2
endloop
endfacet
facet normal -0.9327697379648353 0.3604727672612903 0
outer loop
vertex 6465.81 8501.74 1122.55
vertex 6478.42 8534.37 1284.27
vertex 6478.42 8534.37 983.32
endloop
endfacet
facet normal -0.9324109929512224 0.36139960967100704 0.00024970654636729205
outer loop
vertex 6465.81 8501.74 1122.55
vertex 6478.42 8534.37 983.32
vertex 6471.92 8517.6 983.32
endloop
endfacet
facet normal -0.9336644066986748 0.35814905393826 -0.0001755765960467106
outer loop
vertex 6465.81 8501.74 1122.55
vertex 6471.92 8517.6 983.32
vertex 6450.21 8461.050000000001 1077.44
endloop
endfacet
facet normal -0.9337294990250723 0.3579793606486099 0
outer loop
vertex 6465.81 8501.74 1122.55
vertex 6450.21 8461.050000000001 1077.44
vertex 6450.21 8461.050000000001 1284.27
endloop
endfacet
facet normal -0.933302902366248 0.35908994647779596 0.000320582768162476
outer loop
vertex 6465.81 8501.74 1122.55
vertex 6450.21 8461.050000000001 1284.27
vertex 6478.42 8534.37 1284.27
endloop
endfacet
facet normal -0.9324110220207027 0.36139962093824746 0
outer loop
vertex 6478.42 8534.37 983.32
vertex 6478.42 8534.37 884.26
vertex 6471.92 8517.6 884.26
endloop
endfacet
facet normal -0.9324110220207027 0.36139962093824746 0
outer loop
vertex 6478.42 8534.37 983.32
vertex 6471.92 8517.6 884.26
vertex 6471.92 8517.6 983.32
endloop
endfacet
facet normal 0.8387796617218269 0.5444710084860512 0
outer loop
vertex 6153.030000000001 7333.56 371.41
vertex 6157.84 7326.150000000001 599.95
vertex 6157.84 7326.150000000001 199.94
endloop
endfacet
facet normal 0.8350607327789004 0.5501576592425866 -0.00035006782714994724
outer loop
vertex 6153.030000000001 7333.56 371.41
vertex 6157.84 7326.150000000001 199.94
vertex 6150.56 7337.2 199.94
endloop
endfacet
facet normal 0.8274757743916898 0.5615014183373658 0
outer loop
vertex 6153.030000000001 7333.56 371.41
vertex 6150.56 7337.2 199.94
vertex 6150.56 7337.2 248.69
endloop
endfacet
facet normal 0.8274757743916896 0.5615014183373657 0
outer loop
vertex 6153.030000000001 7333.56 371.41
vertex 6150.56 7337.2 248.69
vertex 6150.56 7337.2 379.99
endloop
endfacet
facet normal 0.8274757743916897 0.5615014183373658 0
outer loop
vertex 6153.030000000001 7333.56 371.41
vertex 6150.56 7337.2 379.99
vertex 6150.56 7337.2 599.95
endloop
endfacet
facet normal 0.8350607551427601 0.5501576739764237 0.0002626504416249598
outer loop
vertex 6153.030000000001 7333.56 371.41
vertex 6150.56 7337.2 599.95
vertex 6157.84 7326.150000000001 599.95
endloop
endfacet
facet normal 0.8694565573927775 0.49400940760951073 0
outer loop
vertex 6164.34 7314.71 599.95
vertex 6164.34 7314.71 199.94
vertex 6157.84 7326.150000000001 199.94
endloop
endfacet
facet normal 0.8694565573927775 0.49400940760951073 0
outer loop
vertex 6164.34 7314.71 599.95
vertex 6157.84 7326.150000000001 199.94
vertex 6157.84 7326.150000000001 599.95
endloop
endfacet
facet normal 0.9002843394976847 0.4353023179989025 0
outer loop
vertex 6170.06 7302.88 599.95
vertex 6170.06 7302.88 199.94
vertex 6164.34 7314.71 199.94
endloop
endfacet
facet normal 0.9002843394976847 0.4353023179989025 0
outer loop
vertex 6170.06 7302.88 599.95
vertex 6164.34 7314.71 199.94
vertex 6164.34 7314.71 599.95
endloop
endfacet
facet normal 0.9271100657041675 0.37478917549739127 0
outer loop
vertex 6175 7290.66 599.95
vertex 6175 7290.66 199.94
vertex 6170.06 7302.88 199.94
endloop
endfacet
facet normal 0.9271100657041675 0.37478917549739127 0
outer loop
vertex 6175 7290.66 599.95
vertex 6170.06 7302.88 199.94
vertex 6170.06 7302.88 599.95
endloop
endfacet
facet normal 0.9516151461907436 0.3072923909574883 0
outer loop
vertex 6179.030000000001 7278.18 599.95
vertex 6179.030000000001 7278.18 199.94
vertex 6175 7290.66 199.94
endloop
endfacet
facet normal 0.9516151461907436 0.3072923909574883 0
outer loop
vertex 6179.030000000001 7278.18 599.95
vertex 6175 7290.66 199.94
vertex 6175 7290.66 599.95
endloop
endfacet
facet normal 0.9665615578617917 0.25643469902450067 0
outer loop
vertex 6182.41 7265.4400000000005 599.95
vertex 6182.41 7265.4400000000005 199.94
vertex 6179.030000000001 7278.18 199.94
endloop
endfacet
facet normal 0.9665615578617917 0.25643469902450067 0
outer loop
vertex 6182.41 7265.4400000000005 599.95
vertex 6179.030000000001 7278.18 199.94
vertex 6179.030000000001 7278.18 599.95
endloop
endfacet
facet normal 0.9820771339102707 0.18847944994239624 0
outer loop
vertex 6184.88 7252.570000000001 599.95
vertex 6184.88 7252.570000000001 199.94
vertex 6182.41 7265.4400000000005 199.94
endloop
endfacet
facet normal 0.9820771339102707 0.18847944994239624 0
outer loop
vertex 6184.88 7252.570000000001 599.95
vertex 6182.41 7265.4400000000005 199.94
vertex 6182.41 7265.4400000000005 599.95
endloop
endfacet
facet normal 0.9928768384869184 0.11914522061846076 0
outer loop
vertex 6186.4400000000005 7239.570000000001 599.95
vertex 6186.4400000000005 7239.570000000001 199.94
vertex 6184.88 7252.570000000001 199.94
endloop
endfacet
facet normal 0.9928768384869184 0.11914522061846076 0
outer loop
vertex 6186.4400000000005 7239.570000000001 599.95
vertex 6184.88 7252.570000000001 199.94
vertex 6184.88 7252.570000000001 599.95
endloop
endfacet
facet normal -0.8944271909999157 -0.44721359549995787 0
outer loop
vertex 6584.76 7275.97 599.95
vertex 6584.89 7275.71 599.82
vertex 6584.89 7275.71 599.95
endloop
endfacet
facet normal -0.9920730390176086 -0.1256625849422434 0
outer loop
vertex 6579.95 7314.71 512.98
vertex 6579.95 7314.71 199.94
vertex 6584.89 7275.71 199.94
endloop
endfacet
facet normal -0.9920730390176086 -0.1256625849422434 0
outer loop
vertex 6579.95 7314.71 512.98
vertex 6584.89 7275.71 199.94
vertex 6584.89 7275.71 580.97
endloop
endfacet
facet normal -0.982797435052997 -0.18468676631867859 0
outer loop
vertex 6572.67 7353.45 445.12
vertex 6572.67 7353.45 199.94
vertex 6579.95 7314.71 199.94
endloop
endfacet
facet normal -0.982797435052997 -0.18468676631867859 0
outer loop
vertex 6572.67 7353.45 445.12
vertex 6579.95 7314.71 199.94
vertex 6579.95 7314.71 512.98
endloop
endfacet
facet normal -0.9677579037554764 -0.2518821941281402 0
outer loop
vertex 6562.79 7391.41 377.91
vertex 6562.79 7391.41 199.94
vertex 6572.67 7353.45 199.94
endloop
endfacet
facet normal -0.9677579037554763 -0.25188219412814017 0
outer loop
vertex 6562.79 7391.41 377.91
vertex 6572.67 7353.45 199.94
vertex 6572.67 7353.45 445.12
endloop
endfacet
facet normal -0.9495057215610273 -0.3137497166897092 0
outer loop
vertex 6555.25 7413.900000000001 267.67
vertex 6550.31 7428.85 311.61
vertex 6550.31 7428.85 248.69
endloop
endfacet
facet normal -0.9495057215610273 -0.31374971668970913 0
outer loop
vertex 6555.25 7413.900000000001 267.67
vertex 6550.31 7428.85 248.69
vertex 6550.31 7428.85 199.94
endloop
endfacet
facet normal -0.9486831233011188 -0.3162277077670242 -0.000606962970763435
outer loop
vertex 6555.25 7413.900000000001 267.67
vertex 6550.31 7428.85 199.94
vertex 6562.79 7391.41 199.94
endloop
endfacet
facet normal -0.9481338190698779 -0.3178714537922021 0
outer loop
vertex 6555.25 7413.900000000001 267.67
vertex 6562.79 7391.41 199.94
vertex 6562.79 7391.41 377.91
endloop
endfacet
facet normal -0.9489929392817856 -0.3152967810114083 0.0005840181171792305
outer loop
vertex 6555.25 7413.900000000001 267.67
vertex 6562.79 7391.41 377.91
vertex 6550.31 7428.85 311.61
endloop
endfacet
facet normal -0.9272876949390128 -0.37434947684575737 0
outer loop
vertex 6536.14 7463.95 248.69
vertex 6550.31 7428.85 248.69
vertex 6550.31 7428.85 311.61
endloop
endfacet
facet normal -0.9284766908851697 -0.3713906763543277 0
outer loop
vertex 6535.62 7465.25 248.69
vertex 6536.14 7463.95 248.69
vertex 6535.62 7465.25 249.47
endloop
endfacet
facet normal -0.9273302688141287 -0.3742440013428615 0
outer loop
vertex 6535.62 7465.25 248.69
vertex 6535.62 7465.25 199.94
vertex 6550.31 7428.85 199.94
endloop
endfacet
facet normal -0.9273302688141287 -0.3742440013428615 0
outer loop
vertex 6535.62 7465.25 248.69
vertex 6550.31 7428.85 199.94
vertex 6550.31 7428.85 248.69
endloop
endfacet
facet normal -0.8996566057571532 -0.4365980586762546 -0.00035619888235804867
outer loop
vertex 6528.7300000000005 7479.42 233.74
vertex 6518.46 7500.610000000001 199.94
vertex 6535.62 7465.25 199.94
endloop
endfacet
facet normal -0.8993227918843993 -0.43728539421898066 0
outer loop
vertex 6528.7300000000005 7479.42 233.74
vertex 6535.62 7465.25 199.94
vertex 6535.62 7465.25 248.69
endloop
endfacet
facet normal -0.899322791884399 -0.43728539421898127 0
outer loop
vertex 6528.7300000000005 7479.42 233.74
vertex 6535.62 7465.25 248.69
vertex 6535.62 7465.25 249.47
endloop
endfacet
facet normal -0.8995390703211258 -0.43684003367723057 0.000495926084274881
outer loop
vertex 6528.7300000000005 7479.42 233.74
vertex 6535.62 7465.25 249.47
vertex 6518.46 7500.610000000001 270.79
endloop
endfacet
facet normal -0.8998797711695654 -0.4361380486036624 0
outer loop
vertex 6528.7300000000005 7479.42 233.74
vertex 6518.46 7500.610000000001 270.79
vertex 6518.46 7500.610000000001 199.94
endloop
endfacet
facet normal -0.8700694822924395 -0.49292909833298204 0
outer loop
vertex 6499.09 7534.8 199.94
vertex 6518.46 7500.610000000001 199.94
vertex 6518.46 7500.610000000001 270.79
endloop
endfacet
facet normal -0.8700694822924394 -0.492929098332982 0
outer loop
vertex 6499.09 7534.8 199.94
vertex 6518.46 7500.610000000001 270.79
vertex 6499.09 7534.8 291.46000000000004
endloop
endfacet
facet normal -0.8371155952136812 -0.5470260325158617 0
outer loop
vertex 6486.09 7554.56 250.25
vertex 6477.51 7567.6900000000005 248.69
vertex 6477.51 7567.6900000000005 199.94
endloop
endfacet
facet normal -0.836095138238427 -0.5485841618481306 -0.0005806749946406497
outer loop
vertex 6486.09 7554.56 250.25
vertex 6477.51 7567.6900000000005 199.94
vertex 6499.09 7534.8 199.94
endloop
endfacet
facet normal -0.8354170822439428 -0.5496165014762721 0
outer loop
vertex 6486.09 7554.56 250.25
vertex 6499.09 7534.8 199.94
vertex 6499.09 7534.8 291.46000000000004
endloop
endfacet
facet normal -0.8359419461339356 -0.5488176032962565 0.000548640102087224
outer loop
vertex 6486.09 7554.56 250.25
vertex 6499.09 7534.8 291.46000000000004
vertex 6477.51 7567.6900000000005 311.48
endloop
endfacet
facet normal -0.8371155952136812 -0.5470260325158616 0
outer loop
vertex 6486.09 7554.56 250.25
vertex 6477.51 7567.6900000000005 311.48
vertex 6477.51 7567.6900000000005 248.69
endloop
endfacet
facet normal 0.5757000611341435 -0.817660956393384 0
outer loop
vertex 6150.56 7337.2 599.95
vertex 6150.56 7337.2 379.99
vertex 6176.04 7355.14 379.99
endloop
endfacet
facet normal 0.5757000611341435 -0.817660956393384 0
outer loop
vertex 6150.56 7337.2 599.95
vertex 6176.04 7355.14 379.99
vertex 6176.04 7355.14 599.95
endloop
endfacet
facet normal 0.5759081163583433 -0.8175144289323493 0
outer loop
vertex 6299.8 7442.5 248.69
vertex 6477.51 7567.6900000000005 248.69
vertex 6477.51 7567.6900000000005 311.48
endloop
endfacet
facet normal 0.5765155220572603 -0.8170861966934972 0
outer loop
vertex 6150.56 7337.2 379.99
vertex 6150.56 7337.2 248.69
vertex 6299.8 7442.5 248.69
endloop
endfacet
facet normal 0.5756995067180376 -0.8176601689618133 -0.0013878248977858406
outer loop
vertex 6150.56 7337.2 379.99
vertex 6299.8 7442.5 248.69
vertex 6176.04 7355.14 379.99
endloop
endfacet
facet normal 0.5761854919552013 -0.8173189578495917 0
outer loop
vertex 6150.56 7337.2 248.69
vertex 6150.56 7337.2 199.94
vertex 6477.51 7567.6900000000005 199.94
endloop
endfacet
facet normal 0.5761854919552013 -0.8173189578495917 0
outer loop
vertex 6150.56 7337.2 248.69
vertex 6477.51 7567.6900000000005 199.94
vertex 6477.51 7567.6900000000005 248.69
endloop
endfacet
facet normal -0.09938699813478594 0.8599968922933202 0.5005272918109337
outer loop
vertex 6579.95 7329.01 488.41
vertex 6579.95 7314.71 512.98
vertex 6584.89 7275.71 580.97
endloop
endfacet
facet normal -0.07416931383027112 0.8630164529779413 0.4997014256286645
outer loop
vertex 6579.95 7329.01 488.41
vertex 6572.67 7410.13 347.23
vertex 6572.67 7353.45 445.12
endloop
endfacet
facet normal -0.08930304906977105 0.8608228336552799 0.5010079984237145
outer loop
vertex 6579.95 7329.01 488.41
vertex 6572.67 7353.45 445.12
vertex 6579.95 7314.71 512.98
endloop
endfacet
facet normal -0.06374244607717341 0.8636118630408376 0.5001114381647677
outer loop
vertex 6567.7300000000005 7417.67 333.58
vertex 6572.67 7410.13 347.23
vertex 6567.47 7466.81 248.69
endloop
endfacet
facet normal -0.07192661691985835 0.8631194030376143 0.4998514358071367
outer loop
vertex 6567.7300000000005 7417.67 333.58
vertex 6567.47 7466.81 248.69
vertex 6562.79 7466.42 248.69
endloop
endfacet
facet normal -0.09190551961189919 0.8611896022773947 0.4999058355272214
outer loop
vertex 6567.7300000000005 7417.67 333.58
vertex 6562.79 7466.42 248.69
vertex 6562.79 7391.41 377.91
endloop
endfacet
facet normal -0.09189905686680311 0.8611898043942683 0.49990667544488154
outer loop
vertex 6567.7300000000005 7417.67 333.58
vertex 6562.79 7391.41 377.91
vertex 6572.67 7353.45 445.12
endloop
endfacet
facet normal -0.0635649269658926 0.8636499621089335 0.5000682383525856
outer loop
vertex 6567.7300000000005 7417.67 333.58
vertex 6572.67 7353.45 445.12
vertex 6572.67 7410.13 347.23
endloop
endfacet
facet normal -0.08088313799813864 0.8627534719800615 0.49911357883143537
outer loop
vertex 6562.79 7466.42 248.69
vertex 6550.31 7465.25 248.69
vertex 6550.31 7428.85 311.61
endloop
endfacet
facet normal -0.07229803681858647 0.862586629829854 0.5007167861285987
outer loop
vertex 6562.79 7466.42 248.69
vertex 6550.31 7428.85 311.61
vertex 6562.79 7391.41 377.91
endloop
endfacet
facet normal -0.07916266307726794 0.8628730275421043 0.49918274320617095
outer loop
vertex 6550.31 7465.25 248.69
vertex 6536.14 7463.95 248.69
vertex 6550.31 7428.85 311.61
endloop
endfacet
facet normal -0.07897178144439242 0.8626808733871077 0.49954496136739857
outer loop
vertex 6169.150000000001 7430.54 248.69
vertex 6176.04 7355.14 379.99
vertex 6299.8 7442.5 248.69
endloop
endfacet
facet normal 0.5773502691894575 0.5773502691894575 -0.5773502691899622
outer loop
vertex 6584.76 7275.97 599.95
vertex 6584.76 7276.1 600.08
vertex 6584.89 7275.71 599.82
endloop
endfacet
facet normal -0.04517803618513625 0.4979334635656693 -0.8660376498212711
outer loop
vertex 6385.6 7700.16 854.23
vertex 6584.76 7275.97 599.95
vertex 6186.4400000000005 7239.83 599.95
endloop
endfacet
facet normal -0.04533506483964999 0.49798158439156753 -0.866001774537933
outer loop
vertex 6385.6 7700.16 854.23
vertex 6186.4400000000005 7239.83 599.95
vertex 6086.7300000000005 8336.25 1235.65
endloop
endfacet
facet normal -0.045330296226461474 0.49798336177097746 -0.8660010021029406
outer loop
vertex 6385.6 7700.16 854.23
vertex 6086.7300000000005 8336.25 1235.65
vertex 6485.18 8372.52 1235.65
endloop
endfacet
facet normal -0.044917755815523375 0.49794648520130846 -0.8660437016041166
outer loop
vertex 6385.6 7700.16 854.23
vertex 6485.18 8372.52 1235.65
vertex 6584.76 7276.1 600.08
endloop
endfacet
facet normal 0.5165444255338882 0.6054675286295953 -0.6054675286297654
outer loop
vertex 6385.6 7700.16 854.23
vertex 6584.76 7276.1 600.08
vertex 6584.76 7275.97 599.95
endloop
endfacet
facet normal -0.090359900310081 0.9959091170866382 -0.0003448473071105585
outer loop
vertex 6566.43 6006 463.45
vertex 6300.84 5981.95 599.95
vertex 6699.16 6018.09 599.95
endloop
endfacet
facet normal -0.09071163533886155 0.9958772008707445 0
outer loop
vertex 6566.43 6006 463.45
vertex 6699.16 6018.09 599.95
vertex 6699.16 6018.09 599.82
endloop
endfacet
facet normal -0.09071163533886445 0.9958772008707443 0
outer loop
vertex 6566.43 6006 463.45
vertex 6699.16 6018.09 599.82
vertex 6699.16 6018.09 580.97
endloop
endfacet
facet normal -0.0907116353388645 0.9958772008707445 0
outer loop
vertex 6566.43 6006 463.45
vertex 6699.16 6018.09 580.97
vertex 6699.16 6018.09 199.94
endloop
endfacet
facet normal -0.09035990424118026 0.9959091604135744 0.0001786332946318525
outer loop
vertex 6566.43 6006 463.45
vertex 6699.16 6018.09 199.94
vertex 6300.84 5981.95 199.94
endloop
endfacet
facet normal -0.0901841142559896 0.9959251104053269 0
outer loop
vertex 6566.43 6006 463.45
vertex 6300.84 5981.95 199.94
vertex 6300.84 5981.95 599.95
endloop
endfacet
facet normal -0.19649117552774048 0.9805055930180747 0
outer loop
vertex 12065.300000000001 6013.150000000001 1463.54
vertex 11803.87 5960.76 1200.03
vertex 11803.87 5960.76 1600.04
endloop
endfacet
facet normal -0.1963036213249847 0.9805430886382023 0.00037360213014604136
outer loop
vertex 12065.300000000001 6013.150000000001 1463.54
vertex 11803.87 5960.76 1600.04
vertex 12196.08 6039.280000000001 1600.04
endloop
endfacet
facet normal -0.19592867587547816 0.9806181489089838 0
outer loop
vertex 12065.300000000001 6013.150000000001 1463.54
vertex 12196.08 6039.280000000001 1600.04
vertex 12196.08 6039.280000000001 1599.91
endloop
endfacet
facet normal -0.19592867587545634 0.980618148908988 0
outer loop
vertex 12065.300000000001 6013.150000000001 1463.54
vertex 12196.08 6039.280000000001 1599.91
vertex 12196.08 6039.280000000001 1581.06
endloop
endfacet
facet normal -0.19592867587545643 0.9806181489089881 0
outer loop
vertex 12065.300000000001 6013.150000000001 1463.54
vertex 12196.08 6039.280000000001 1581.06
vertex 12196.08 6039.280000000001 1200.03
endloop
endfacet
facet normal -0.19630363134876627 0.9805431387073236 -0.00019352849367750913
outer loop
vertex 12065.300000000001 6013.150000000001 1463.54
vertex 12196.08 6039.280000000001 1200.03
vertex 11803.87 5960.76 1200.03
endloop
endfacet
facet normal -0.9805744243458995 -0.1961473865073748 0.00003293986253256242
outer loop
vertex 11364.86 10195.380000000001 1600.04
vertex 11521.77 9410.960000000001 1600.04
vertex 11620.050000000001 8919.69 1889.29
endloop
endfacet
facet normal -0.9805681658577541 -0.1961786428513111 -0.00011043268365905857
outer loop
vertex 11364.86 10195.380000000001 1600.04
vertex 11620.050000000001 8919.69 1889.29
vertex 11580.79 9115.73 2235.61
endloop
endfacet
facet normal -0.9805886594126708 -0.1960762123034332 0
outer loop
vertex 11950.51 7267.39 1600.04
vertex 11950.51 7267.39 1599.91
vertex 12196.08 6039.280000000001 1599.91
endloop
endfacet
facet normal -0.9805886594126708 -0.1960762123034332 0
outer loop
vertex 11950.51 7267.39 1600.04
vertex 12196.08 6039.280000000001 1599.91
vertex 12196.08 6039.280000000001 1600.04
endloop
endfacet
facet normal -0.980580671885263 -0.1961161343770524 0.00008810248624092676
outer loop
vertex 11695.32 8543.470000000001 1889.29
vertex 11793.6 8051.9400000000005 1599.91
vertex 11950.51 7267.39 1599.91
endloop
endfacet
facet normal -0.9805954270705292 -0.19604220322571186 -0.00025092384360449524
outer loop
vertex 11695.32 8543.470000000001 1889.29
vertex 11950.51 7267.39 1599.91
vertex 11734.45 8347.300000000001 2235.61
endloop
endfacet
facet normal -0.980577088110954 -0.19611541762219026 0.0027050402430281485
outer loop
vertex 11793.6 8051.9400000000005 1599.91
vertex 11799.970000000001 8019.83 1581.06
vertex 12196.08 6039.280000000001 1581.06
endloop
endfacet
facet normal -0.9805855474757527 -0.1960917746405456 0
outer loop
vertex 11793.6 8051.9400000000005 1599.91
vertex 12196.08 6039.280000000001 1581.06
vertex 12196.08 6039.280000000001 1599.91
endloop
endfacet
facet normal -0.980567623648357 -0.196181290287628 0.0001918168277848216
outer loop
vertex 11799.970000000001 8019.83 1581.06
vertex 11912.810000000001 7455.5 1248.78
vertex 11950.51 7267.39 1581.06
endloop
endfacet
facet normal -0.9807123410393571 -0.1954566553819644 0
outer loop
vertex 11387.61 10081.890000000001 1600.04
vertex 11387.61 10081.890000000001 1379.95
vertex 11402.43 10007.53 1248.78
endloop
endfacet
facet normal -0.9805879734689423 -0.19607959477232065 0.00013712036799077258
outer loop
vertex 11387.61 10081.890000000001 1600.04
vertex 11402.43 10007.53 1248.78
vertex 11521.77 9410.960000000001 1600.04
endloop
endfacet
facet normal -0.9805886594126708 -0.1960762123034332 0
outer loop
vertex 11950.51 7267.39 1581.06
vertex 11950.51 7267.39 1200.03
vertex 12196.08 6039.280000000001 1200.03
endloop
endfacet
facet normal -0.9805886594126708 -0.1960762123034332 0
outer loop
vertex 11950.51 7267.39 1581.06
vertex 12196.08 6039.280000000001 1200.03
vertex 12196.08 6039.280000000001 1581.06
endloop
endfacet
facet normal -0.9805748632063993 -0.1961451953216066 0
outer loop
vertex 11196.12 11039.210000000001 1600.04
vertex 11196.12 11039.210000000001 1200.03
vertex 11364.86 10195.640000000001 1200.03
endloop
endfacet
facet normal -0.9805748632063993 -0.1961451953216066 0
outer loop
vertex 11196.12 11039.210000000001 1600.04
vertex 11364.86 10195.640000000001 1200.03
vertex 11364.86 10195.640000000001 1600.04
endloop
endfacet
facet normal 0.9805806756909199 0.19611613513818493 0
outer loop
vertex 11217.18 8894.470000000001 1983.28
vertex 11217.18 8894.470000000001 1884.22
vertex 11069.24 9634.17 1884.22
endloop
endfacet
facet normal 0.9805782525791312 0.1961282278215605 0.00009391715173528071
outer loop
vertex 11217.18 8894.470000000001 1983.28
vertex 11069.24 9634.17 1884.22
vertex 11188.58 9037.34 2235.61
endloop
endfacet
facet normal 0.9805806756909204 0.1961161351381824 0
outer loop
vertex 11461.58 7671.95 1884.22
vertex 11313.640000000001 8411.65 1884.22
vertex 11313.640000000001 8411.65 1983.28
endloop
endfacet
facet normal 0.9805758203686235 0.19614032023611266 -0.00018784588451048538
outer loop
vertex 11461.58 7671.95 1884.22
vertex 11313.640000000001 8411.65 1983.28
vertex 11342.24 8268.91 2235.61
endloop
endfacet
facet normal 0.9805744173120989 0.19614738510038154 0.0001242228660450889
outer loop
vertex 11461.58 7671.95 1884.22
vertex 11558.17 7189.26 1600.04
vertex 11401.26 7973.68 1600.04
endloop
endfacet
facet normal 0.9806119074735425 0.1959598940203949 -0.0000828046872755332
outer loop
vertex 11461.58 7671.95 1884.22
vertex 11401.26 7973.68 1600.04
vertex 11304.800000000001 8456.5 1884.22
endloop
endfacet
facet normal 0.9805806756909202 0.19611613513818402 0
outer loop
vertex 10972.65 10117.12 1600.04
vertex 10972.65 10117.12 1599.91
vertex 10803.91 10960.82 1599.91
endloop
endfacet
facet normal 0.9805806756909202 0.19611613513818402 0
outer loop
vertex 10972.65 10117.12 1600.04
vertex 10803.91 10960.82 1599.91
vertex 10803.91 10960.82 1600.04
endloop
endfacet
facet normal 0.9805744233834288 0.19614738631484877 0.000055209687140173374
outer loop
vertex 11226.15 8849.75 1884.22
vertex 11129.56 9332.7 1599.91
vertex 10972.65 10117.12 1599.91
endloop
endfacet
facet normal 0.9805744233834288 0.19614738631484874 0.00005520968714004541
outer loop
vertex 11226.15 8849.75 1884.22
vertex 10972.65 10117.12 1599.91
vertex 11069.24 9634.17 1884.22
endloop
endfacet
facet normal 0.9805751048656227 0.19606710233304303 -0.005491365995539408
outer loop
vertex 11129.56 9332.7 1599.91
vertex 11123.06 9364.68 1581.06
vertex 10803.91 10960.82 1581.06
endloop
endfacet
facet normal 0.9805776641951265 0.1961311920160325 0
outer loop
vertex 11129.56 9332.7 1599.91
vertex 10803.91 10960.82 1581.06
vertex 10803.91 10960.82 1599.91
endloop
endfacet
facet normal 0.9806002147161819 0.19601839122781972 -0.00009591160159152362
outer loop
vertex 11123.06 9364.68 1581.06
vertex 11010.220000000001 9929.01 1248.78
vertex 10972.65 10117.12 1581.06
endloop
endfacet
facet normal 0.9807123410393571 0.1954566553819644 0
outer loop
vertex 11535.42 7302.75 1600.04
vertex 11535.42 7302.75 1379.95
vertex 11520.6 7377.110000000001 1248.78
endloop
endfacet
facet normal 0.9805879734689423 0.19607959477232065 0.00013712036799077258
outer loop
vertex 11535.42 7302.75 1600.04
vertex 11520.6 7377.110000000001 1248.78
vertex 11401.26 7973.68 1600.04
endloop
endfacet
facet normal 0.9805806756909201 0.19611613513818404 0
outer loop
vertex 10972.65 10117.12 1581.06
vertex 10972.65 10117.12 1200.03
vertex 10803.91 10960.82 1200.03
endloop
endfacet
facet normal 0.9805806756909201 0.19611613513818404 0
outer loop
vertex 10972.65 10117.12 1581.06
vertex 10803.91 10960.82 1200.03
vertex 10803.91 10960.82 1581.06
endloop
endfacet
facet normal 0.9805926494454733 0.19605625685885872 0
outer loop
vertex 11803.87 5960.76 1600.04
vertex 11803.87 5960.76 1200.03
vertex 11558.300000000001 7189 1200.03
endloop
endfacet
facet normal 0.9805926494454733 0.19605625685885872 0
outer loop
vertex 11803.87 5960.76 1600.04
vertex 11558.300000000001 7189 1200.03
vertex 11558.300000000001 7189 1600.04
endloop
endfacet
facet normal 0 0 1
outer loop
vertex 10803.91 10960.82 1200.03
vertex 10956.92 10195.640000000001 1200.03
vertex 11364.86 10195.640000000001 1200.03
endloop
endfacet
facet normal 0 0 1
outer loop
vertex 10803.91 10960.82 1200.03
vertex 11364.86 10195.640000000001 1200.03
vertex 11196.12 11039.210000000001 1200.03
endloop
endfacet
facet normal 0 0 1
outer loop
vertex 10956.92 10195.640000000001 1200.03
vertex 10959.52 10182.77 1200.03
vertex 11367.85 10182.77 1200.03
endloop
endfacet
facet normal 0 0 1
outer loop
vertex 10956.92 10195.640000000001 1200.03
vertex 11367.85 10182.77 1200.03
vertex 11364.86 10195.640000000001 1200.03
endloop
endfacet
facet normal 0 0 1
outer loop
vertex 10959.52 10182.77 1200.03
vertex 10961.99 10170.29 1200.03
vertex 11371.62 10170.29 1200.03
endloop
endfacet
facet normal 0 0 1
outer loop
vertex 10959.52 10182.77 1200.03
vertex 11371.62 10170.29 1200.03
vertex 11367.85 10182.77 1200.03
endloop
endfacet
facet normal 0 0 1
outer loop
vertex 10961.99 10170.29 1200.03
vertex 10964.460000000001 10157.94 1200.03
vertex 11376.300000000001 10157.94 1200.03
endloop
endfacet
facet normal 0 0 0.9999999999999999
outer loop
vertex 10961.99 10170.29 1200.03
vertex 11376.300000000001 10157.94 1200.03
vertex 11371.62 10170.29 1200.03
endloop
endfacet
facet normal 0 0 1
outer loop
vertex 10964.460000000001 10157.94 1200.03
vertex 10966.800000000001 10145.98 1200.03
vertex 11381.76 10145.98 1200.03
endloop
endfacet
facet normal 0 0 1
outer loop
vertex 10964.460000000001 10157.94 1200.03
vertex 11381.76 10145.98 1200.03
vertex 11376.300000000001 10157.94 1200.03
endloop
endfacet
facet normal 0 0 1
outer loop
vertex 10966.800000000001 10145.98 1200.03
vertex 10969.140000000001 10134.41 1200.03
vertex 11388 10134.41 1200.03
endloop
endfacet
facet normal 0 0 1
outer loop
vertex 10966.800000000001 10145.98 1200.03
vertex 11388 10134.41 1200.03
vertex 11381.76 10145.98 1200.03
endloop
endfacet
facet normal 0 0 1
outer loop
vertex 10969.140000000001 10134.41 1200.03
vertex 10971.35 10123.23 1200.03
vertex 11394.890000000001 10123.23 1200.03
endloop
endfacet
facet normal 0 0 1
outer loop
vertex 10969.140000000001 10134.41 1200.03
vertex 11394.890000000001 10123.23 1200.03
vertex 11388 10134.41 1200.03
endloop
endfacet
facet normal 0 0 1
outer loop
vertex 11143.08 10117.77 1200.03
vertex 10971.35 10123.23 1200.03
vertex 10972.65 10117.12 1200.03
endloop
endfacet
facet normal 0 0 1
outer loop
vertex 11143.08 10117.77 1200.03
vertex 10972.65 10117.12 1200.03
vertex 10973.69 10112.57 1200.03
endloop
endfacet
facet normal 0 0 0.9999999999999999
outer loop
vertex 11143.08 10117.77 1200.03
vertex 10973.69 10112.57 1200.03
vertex 11402.56 10112.57 1200.03
endloop
endfacet
facet normal 0 0 1
outer loop
vertex 11143.08 10117.77 1200.03
vertex 11402.56 10112.57 1200.03
vertex 11394.890000000001 10123.23 1200.03
endloop
endfacet
facet normal 0 0 1
outer loop
vertex 11143.08 10117.77 1200.03
vertex 11394.890000000001 10123.23 1200.03
vertex 10971.35 10123.23 1200.03
endloop
endfacet
facet normal 0 0 1
outer loop
vertex 11099.27 9996.61 1200.03
vertex 10973.69 10112.57 1200.03
vertex 10981.62 10078.9 1200.03
endloop
endfacet
facet normal 0 0 1
outer loop
vertex 11099.27 9996.61 1200.03
vertex 10981.62 10078.9 1200.03
vertex 10993.06 10041.2 1200.03
endloop
endfacet
facet normal 0 0 1
outer loop
vertex 11099.27 9996.61 1200.03
vertex 10993.06 10041.2 1200.03
vertex 11006.970000000001 10004.41 1200.03
endloop
endfacet
facet normal 0 0 0.9999999999999999
outer loop
vertex 11099.27 9996.61 1200.03
vertex 11006.970000000001 10004.41 1200.03
vertex 11023.220000000001 9968.66 1200.03
endloop
endfacet
facet normal 0 0 1
outer loop
vertex 11099.27 9996.61 1200.03
vertex 11023.220000000001 9968.66 1200.03
vertex 11041.81 9933.95 1200.03
endloop
endfacet
facet normal 0 0 1
outer loop
vertex 11099.27 9996.61 1200.03
vertex 11041.81 9933.95 1200.03
vertex 11062.61 9900.67 1200.03
endloop
endfacet
facet normal 0 0 0.9999999999999999
outer loop
vertex 11099.27 9996.61 1200.03
vertex 11062.61 9900.67 1200.03
vertex 11085.49 9868.69 1200.03
endloop
endfacet
facet normal 0 0 1
outer loop
vertex 11099.27 9996.61 1200.03
vertex 11085.49 9868.69 1200.03
vertex 11110.45 9838.27 1200.03
endloop
endfacet
facet normal 0 0 1
outer loop
vertex 11099.27 9996.61 1200.03
vertex 11110.45 9838.27 1200.03
vertex 11411.01 10102.300000000001 1200.03
endloop
endfacet
facet normal 0 0 1
outer loop
vertex 11099.27 9996.61 1200.03
vertex 11411.01 10102.300000000001 1200.03
vertex 11402.56 10112.57 1200.03
endloop
endfacet
facet normal 0 0 1
outer loop
vertex 11099.27 9996.61 1200.03
vertex 11402.56 10112.57 1200.03
vertex 10973.69 10112.57 1200.03
endloop
endfacet
facet normal 0 0 1
outer loop
vertex 11823.76 7388.030000000001 1200.03
vertex 11512.15 7282.21 1200.03
vertex 11520.470000000001 7272.070000000001 1200.03
endloop
endfacet
facet normal 0 0 1
outer loop
vertex 11823.76 7388.030000000001 1200.03
vertex 11520.470000000001 7272.070000000001 1200.03
vertex 11949.34 7272.070000000001 1200.03
endloop
endfacet
facet normal 0 0 1
outer loop
vertex 11823.76 7388.030000000001 1200.03
vertex 11949.34 7272.070000000001 1200.03
vertex 11941.54 7305.740000000001 1200.03
endloop
endfacet
facet normal 0 0 0.9999999999999999
outer loop
vertex 11823.76 7388.030000000001 1200.03
vertex 11941.54 7305.740000000001 1200.03
vertex 11930.1 7343.31 1200.03
endloop
endfacet
facet normal 0 0 1
outer loop
vertex 11823.76 7388.030000000001 1200.03
vertex 11930.1 7343.31 1200.03
vertex 11916.19 7380.1 1200.03
endloop
endfacet
facet normal 0 0 1
outer loop
vertex 11823.76 7388.030000000001 1200.03
vertex 11916.19 7380.1 1200.03
vertex 11899.94 7415.9800000000005 1200.03
endloop
endfacet
facet normal 0 0 0.9999999999999999
outer loop
vertex 11823.76 7388.030000000001 1200.03
vertex 11899.94 7415.9800000000005 1200.03
vertex 11881.35 7450.56 1200.03
endloop
endfacet
facet normal 0 0 1
outer loop
vertex 11823.76 7388.030000000001 1200.03
vertex 11881.35 7450.56 1200.03
vertex 11860.550000000001 7483.97 1200.03
endloop
endfacet
facet normal 0 0 1
outer loop
vertex 11823.76 7388.030000000001 1200.03
vertex 11860.550000000001 7483.97 1200.03
vertex 11837.54 7515.95 1200.03
endloop
endfacet
facet normal 0 0 1
outer loop
vertex 11823.76 7388.030000000001 1200.03
vertex 11837.54 7515.95 1200.03
vertex 11812.58 7546.37 1200.03
endloop
endfacet
facet normal 0 0 1
outer loop
vertex 11823.76 7388.030000000001 1200.03
vertex 11812.58 7546.37 1200.03
vertex 11512.15 7282.21 1200.03
endloop
endfacet
facet normal 0 0 1
outer loop
vertex 11780.08 7266.87 1200.03
vertex 11520.470000000001 7272.070000000001 1200.03
vertex 11528.140000000001 7261.41 1200.03
endloop
endfacet
facet normal 0 0 1
outer loop
vertex 11780.08 7266.87 1200.03
vertex 11528.140000000001 7261.41 1200.03
vertex 11951.68 7261.41 1200.03
endloop
endfacet
facet normal 0 0 0.9999999999999999
outer loop
vertex 11780.08 7266.87 1200.03
vertex 11951.68 7261.41 1200.03
vertex 11950.51 7267.39 1200.03
endloop
endfacet
facet normal 0 0 1
outer loop
vertex 11780.08 7266.87 1200.03
vertex 11950.51 7267.39 1200.03
vertex 11949.34 7272.070000000001 1200.03
endloop
endfacet
facet normal 0 0 0.9999999999999999
outer loop
vertex 11780.08 7266.87 1200.03
vertex 11949.34 7272.070000000001 1200.03
vertex 11520.470000000001 7272.070000000001 1200.03
endloop
endfacet
facet normal 0 0 1
outer loop
vertex 11528.140000000001 7261.41 1200.03
vertex 11535.16 7250.2300000000005 1200.03
vertex 11953.890000000001 7250.2300000000005 1200.03
endloop
endfacet
facet normal 0 0 1
outer loop
vertex 11528.140000000001 7261.41 1200.03
vertex 11953.890000000001 7250.2300000000005 1200.03
vertex 11951.68 7261.41 1200.03
endloop
endfacet
facet normal 0 0 1
outer loop
vertex 11535.16 7250.2300000000005 1200.03
vertex 11541.27 7238.66 1200.03
vertex 11956.23 7238.66 1200.03
endloop
endfacet
facet normal 0 0 1
outer loop
vertex 11535.16 7250.2300000000005 1200.03
vertex 11956.23 7238.66 1200.03
vertex 11953.890000000001 7250.2300000000005 1200.03
endloop
endfacet
facet normal 0 0 0.9999999999999999
outer loop
vertex 11541.27 7238.66 1200.03
vertex 11546.73 7226.7 1200.03
vertex 11958.57 7226.7 1200.03
endloop
endfacet
facet normal 0 0 1
outer loop
vertex 11541.27 7238.66 1200.03
vertex 11958.57 7226.7 1200.03
vertex 11956.23 7238.66 1200.03
endloop
endfacet
facet normal 0 0 1
outer loop
vertex 11546.73 7226.7 1200.03
vertex 11551.41 7214.35 1200.03
vertex 11961.04 7214.35 1200.03
endloop
endfacet
facet normal 0 0 1
outer loop
vertex 11546.73 7226.7 1200.03
vertex 11961.04 7214.35 1200.03
vertex 11958.57 7226.7 1200.03
endloop
endfacet
facet normal 0 0 0.9999999999999999
outer loop
vertex 11551.41 7214.35 1200.03
vertex 11555.18 7201.740000000001 1200.03
vertex 11963.640000000001 7201.740000000001 1200.03
endloop
endfacet
facet normal 0 0 1
outer loop
vertex 11551.41 7214.35 1200.03
vertex 11963.640000000001 7201.740000000001 1200.03
vertex 11961.04 7214.35 1200.03
endloop
endfacet
facet normal 0 0 1
outer loop
vertex 11555.18 7201.740000000001 1200.03
vertex 11558.300000000001 7189 1200.03
vertex 11966.11 7189 1200.03
endloop
endfacet
facet normal 0 0 1
outer loop
vertex 11555.18 7201.740000000001 1200.03
vertex 11966.11 7189 1200.03
vertex 11963.640000000001 7201.740000000001 1200.03
endloop
endfacet
facet normal 0 0 1
outer loop
vertex 11558.300000000001 7189 1200.03
vertex 11803.87 5960.76 1200.03
vertex 12196.08 6039.280000000001 1200.03
endloop
endfacet
facet normal 0 0 1
outer loop
vertex 11558.300000000001 7189 1200.03
vertex 12196.08 6039.280000000001 1200.03
vertex 11966.11 7189 1200.03
endloop
endfacet
facet normal 0 0 -1
outer loop
vertex 11364.86 10195.640000000001 1600.04
vertex 10956.92 10195.640000000001 1600.04
vertex 10803.91 10960.82 1600.04
endloop
endfacet
facet normal 0 0 -1
outer loop
vertex 11364.86 10195.640000000001 1600.04
vertex 10803.91 10960.82 1600.04
vertex 11196.12 11039.210000000001 1600.04
endloop
endfacet
facet normal 0 0 -1
outer loop
vertex 11364.86 10195.640000000001 1600.04
vertex 11364.86 10195.380000000001 1600.04
vertex 10956.92 10195.380000000001 1600.04
endloop
endfacet
facet normal 0 0 -1
outer loop
vertex 11364.86 10195.640000000001 1600.04
vertex 10956.92 10195.380000000001 1600.04
vertex 10956.92 10195.640000000001 1600.04
endloop
endfacet
facet normal 0 0 -1
outer loop
vertex 11364.86 10195.380000000001 1600.04
vertex 11367.85 10182.77 1600.04
vertex 11367.460000000001 10182.77 1600.04
endloop
endfacet
facet normal 0 0 -1
outer loop
vertex 11367.85 10182.77 1600.04
vertex 11371.62 10170.29 1600.04
vertex 11369.93 10170.29 1600.04
endloop
endfacet
facet normal 0 0 -0.9999999999999999
outer loop
vertex 11367.85 10182.77 1600.04
vertex 11369.93 10170.29 1600.04
vertex 11367.460000000001 10182.77 1600.04
endloop
endfacet
facet normal 0 0 -1
outer loop
vertex 11371.62 10170.29 1600.04
vertex 11376.300000000001 10157.94 1600.04
vertex 11372.4 10157.94 1600.04
endloop
endfacet
facet normal 0 0 -0.9999999999999999
outer loop
vertex 11371.62 10170.29 1600.04
vertex 11372.4 10157.94 1600.04
vertex 11369.93 10170.29 1600.04
endloop
endfacet
facet normal 0 0 -1
outer loop
vertex 11376.300000000001 10157.94 1600.04
vertex 11381.76 10145.98 1600.04
vertex 11374.74 10145.98 1600.04
endloop
endfacet
facet normal 0 0 -1
outer loop
vertex 11376.300000000001 10157.94 1600.04
vertex 11374.74 10145.98 1600.04
vertex 11372.4 10157.94 1600.04
endloop
endfacet
facet normal 0 0 -0.9999999999999999
outer loop
vertex 11381.76 10145.98 1600.04
vertex 11388 10134.41 1600.04
vertex 11377.08 10134.41 1600.04
endloop
endfacet
facet normal 0 0 -1
outer loop
vertex 11381.76 10145.98 1600.04
vertex 11377.08 10134.41 1600.04
vertex 11374.74 10145.98 1600.04
endloop
endfacet
facet normal 0 0 -1
outer loop
vertex 11388 10134.41 1600.04
vertex 11394.890000000001 10123.23 1600.04
vertex 11379.29 10123.23 1600.04
endloop
endfacet
facet normal 0 0 -1
outer loop
vertex 11388 10134.41 1600.04
vertex 11379.29 10123.23 1600.04
vertex 11377.08 10134.41 1600.04
endloop
endfacet
facet normal 0 0 -1
outer loop
vertex 11364.86 10195.380000000001 1600.04
vertex 10972.65 10116.86 1600.04
vertex 10972.65 10117.12 1600.04
endloop
endfacet
facet normal 0 0 -1
outer loop
vertex 11364.86 10195.380000000001 1600.04
vertex 10972.65 10117.12 1600.04
vertex 10956.92 10195.380000000001 1600.04
endloop
endfacet
facet normal 0 0 -0.9999999999999999
outer loop
vertex 11394.890000000001 10123.23 1600.04
vertex 11402.56 10112.57 1600.04
vertex 11381.5 10112.57 1600.04
endloop
endfacet
facet normal 0 0 -1
outer loop
vertex 11394.890000000001 10123.23 1600.04
vertex 11381.5 10112.57 1600.04
vertex 11379.29 10123.23 1600.04
endloop
endfacet
facet normal 0 0 -1
outer loop
vertex 11402.56 10112.57 1600.04
vertex 11411.01 10102.300000000001 1600.04
vertex 11387.61 10081.890000000001 1600.04
endloop
endfacet
facet normal 0 0 -1
outer loop
vertex 11402.56 10112.57 1600.04
vertex 11387.61 10081.890000000001 1600.04
vertex 11381.5 10112.57 1600.04
endloop
endfacet
facet normal 0 0 -1
outer loop
vertex 11541.66 7272.070000000001 1600.04
vertex 11520.470000000001 7272.070000000001 1600.04
vertex 11512.15 7282.21 1600.04
endloop
endfacet
facet normal 0 0 -1
outer loop
vertex 11541.66 7272.070000000001 1600.04
vertex 11512.15 7282.21 1600.04
vertex 11535.42 7302.75 1600.04
endloop
endfacet
facet normal 0 0 -1
outer loop
vertex 11541.66 7272.070000000001 1600.04
vertex 11543.74 7261.41 1600.04
vertex 11528.140000000001 7261.41 1600.04
endloop
endfacet
facet normal 0 0 -1
outer loop
vertex 11541.66 7272.070000000001 1600.04
vertex 11528.140000000001 7261.41 1600.04
vertex 11520.470000000001 7272.070000000001 1600.04
endloop
endfacet
facet normal 0 0 -1
outer loop
vertex 11543.74 7261.41 1600.04
vertex 11545.95 7250.2300000000005 1600.04
vertex 11535.16 7250.2300000000005 1600.04
endloop
endfacet
facet normal 0 0 -1
outer loop
vertex 11543.74 7261.41 1600.04
vertex 11535.16 7250.2300000000005 1600.04
vertex 11528.140000000001 7261.41 1600.04
endloop
endfacet
facet normal 0 0 -1
outer loop
vertex 11545.95 7250.2300000000005 1600.04
vertex 11548.29 7238.66 1600.04
vertex 11541.27 7238.66 1600.04
endloop
endfacet
facet normal 0 0 -0.9999999999999999
outer loop
vertex 11545.95 7250.2300000000005 1600.04
vertex 11541.27 7238.66 1600.04
vertex 11535.16 7250.2300000000005 1600.04
endloop
endfacet
facet normal 0 0 -1
outer loop
vertex 11548.29 7238.66 1600.04
vertex 11550.76 7226.7 1600.04
vertex 11546.73 7226.7 1600.04
endloop
endfacet
facet normal 0 0 -1
outer loop
vertex 11548.29 7238.66 1600.04
vertex 11546.73 7226.7 1600.04
vertex 11541.27 7238.66 1600.04
endloop
endfacet
facet normal 0 0 -1
outer loop
vertex 11550.76 7226.7 1600.04
vertex 11553.1 7214.35 1600.04
vertex 11551.41 7214.35 1600.04
endloop
endfacet
facet normal 0 0 -0.9999999999999999
outer loop
vertex 11550.76 7226.7 1600.04
vertex 11551.41 7214.35 1600.04
vertex 11546.73 7226.7 1600.04
endloop
endfacet
facet normal 0 0 -0.9999999999999999
outer loop
vertex 11553.1 7214.35 1600.04
vertex 11555.7 7201.740000000001 1600.04
vertex 11555.18 7201.740000000001 1600.04
endloop
endfacet
facet normal 0 0 -0.9999999999999999
outer loop
vertex 11553.1 7214.35 1600.04
vertex 11555.18 7201.740000000001 1600.04
vertex 11551.41 7214.35 1600.04
endloop
endfacet
facet normal 0 0 -1
outer loop
vertex 11555.7 7201.740000000001 1600.04
vertex 11558.17 7189.26 1600.04
vertex 11555.18 7201.740000000001 1600.04
endloop
endfacet
facet normal 0 0 -1
outer loop
vertex 11950.51 7267.39 1600.04
vertex 11966.11 7189.26 1600.04
vertex 11558.17 7189.26 1600.04
endloop
endfacet
facet normal 0 0 -0.9999999999999999
outer loop
vertex 11950.51 7267.39 1600.04
vertex 11558.17 7189.26 1600.04
vertex 11950.380000000001 7267.650000000001 1600.04
endloop
endfacet
facet normal 0 0 -0.9999999999999999
outer loop
vertex 11966.11 7189.26 1600.04
vertex 11966.11 7189 1600.04
vertex 11558.300000000001 7189 1600.04
endloop
endfacet
facet normal 0 0 -1
outer loop
vertex 11966.11 7189.26 1600.04
vertex 11558.300000000001 7189 1600.04
vertex 11558.17 7189.26 1600.04
endloop
endfacet
facet normal 0 0 -0.9999999999999999
outer loop
vertex 11966.11 7189 1600.04
vertex 12196.08 6039.280000000001 1600.04
vertex 11803.87 5960.76 1600.04
endloop
endfacet
facet normal 0 0 -1
outer loop
vertex 11966.11 7189 1600.04
vertex 11803.87 5960.76 1600.04
vertex 11558.300000000001 7189 1600.04
endloop
endfacet
facet normal 0.770645272310561 0.6372643597953533 0
outer loop
vertex 11514.880000000001 7278.83 1371.5
vertex 11520.470000000001 7272.070000000001 1600.04
vertex 11520.470000000001 7272.070000000001 1200.03
endloop
endfacet
facet normal 0.7730733557288465 0.6343165995725397 0.0001953685508510758
outer loop
vertex 11514.880000000001 7278.83 1371.5
vertex 11520.470000000001 7272.070000000001 1200.03
vertex 11512.15 7282.21 1200.03
endloop
endfacet
facet normal 0.7779411802035759 0.6283371070878015 0
outer loop
vertex 11514.880000000001 7278.83 1371.5
vertex 11512.15 7282.21 1200.03
vertex 11512.15 7282.21 1248.78
endloop
endfacet
facet normal 0.7779411802035758 0.6283371070878014 0
outer loop
vertex 11514.880000000001 7278.83 1371.5
vertex 11512.15 7282.21 1248.78
vertex 11512.15 7282.21 1379.95
endloop
endfacet
facet normal 0.7779411802035758 0.6283371070878015 0
outer loop
vertex 11514.880000000001 7278.83 1371.5
vertex 11512.15 7282.21 1379.95
vertex 11512.15 7282.21 1600.04
endloop
endfacet
facet normal 0.7730733621772812 0.634316604863563 -0.00014658197993290515
outer loop
vertex 11514.880000000001 7278.83 1371.5
vertex 11512.15 7282.21 1600.04
vertex 11520.470000000001 7272.070000000001 1600.04
endloop
endfacet
facet normal 0.8117220581313894 0.5840439198749878 0
outer loop
vertex 11528.140000000001 7261.41 1600.04
vertex 11528.140000000001 7261.41 1200.03
vertex 11520.470000000001 7272.070000000001 1200.03
endloop
endfacet
facet normal 0.8117220581313894 0.5840439198749878 0
outer loop
vertex 11528.140000000001 7261.41 1600.04
vertex 11520.470000000001 7272.070000000001 1200.03
vertex 11520.470000000001 7272.070000000001 1600.04
endloop
endfacet
facet normal 0.8468899888531021 0.5317681325355935 0
outer loop
vertex 11535.16 7250.2300000000005 1600.04
vertex 11535.16 7250.2300000000005 1200.03
vertex 11528.140000000001 7261.41 1200.03
endloop
endfacet
facet normal 0.8468899888531021 0.5317681325355935 0
outer loop
vertex 11535.16 7250.2300000000005 1600.04
vertex 11528.140000000001 7261.41 1200.03
vertex 11528.140000000001 7261.41 1600.04
endloop
endfacet
facet normal 0.8842707995795898 0.46697446719373537 0
outer loop
vertex 11541.27 7238.66 1600.04
vertex 11541.27 7238.66 1200.03
vertex 11535.16 7250.2300000000005 1200.03
endloop
endfacet
facet normal 0.8842707995795898 0.46697446719373537 0
outer loop
vertex 11541.27 7238.66 1600.04
vertex 11535.16 7250.2300000000005 1200.03
vertex 11535.16 7250.2300000000005 1600.04
endloop
endfacet
facet normal 0.9096880038630596 0.41529234958958994 0
outer loop
vertex 11546.73 7226.7 1600.04
vertex 11546.73 7226.7 1200.03
vertex 11541.27 7238.66 1200.03
endloop
endfacet
facet normal 0.9096880038630596 0.41529234958958994 0
outer loop
vertex 11546.73 7226.7 1600.04
vertex 11541.27 7238.66 1200.03
vertex 11541.27 7238.66 1600.04
endloop
endfacet
facet normal 0.9351100321416573 0.3543574858642447 0
outer loop
vertex 11551.41 7214.35 1600.04
vertex 11551.41 7214.35 1200.03
vertex 11546.73 7226.7 1200.03
endloop
endfacet
facet normal 0.9351100321416573 0.3543574858642447 0
outer loop
vertex 11551.41 7214.35 1600.04
vertex 11546.73 7226.7 1200.03
vertex 11546.73 7226.7 1600.04
endloop
endfacet
facet normal 0.9580977087500907 0.2864415830284182 0
outer loop
vertex 11555.18 7201.740000000001 1600.04
vertex 11555.18 7201.740000000001 1200.03
vertex 11551.41 7214.35 1200.03
endloop
endfacet
facet normal 0.9580977087500907 0.2864415830284182 0
outer loop
vertex 11555.18 7201.740000000001 1600.04
vertex 11551.41 7214.35 1200.03
vertex 11551.41 7214.35 1600.04
endloop
endfacet
facet normal 0.9712973116319614 0.23786872937930392 0
outer loop
vertex 11558.300000000001 7189 1600.04
vertex 11558.300000000001 7189 1200.03
vertex 11555.18 7201.740000000001 1200.03
endloop
endfacet
facet normal 0.9712973116319614 0.23786872937930392 0
outer loop
vertex 11558.300000000001 7189 1600.04
vertex 11555.18 7201.740000000001 1200.03
vertex 11555.18 7201.740000000001 1600.04
endloop
endfacet
facet normal -0.12004583088173476 0.8582553740391968 0.49898568258092557
outer loop
vertex 11941.54 7312.240000000001 1501.76
vertex 11941.54 7305.740000000001 1512.94
vertex 11950.51 7267.39 1581.06
endloop
endfacet
facet normal -0.1783076186187141 0.8472286217158275 0.5004098876801124
outer loop
vertex 11941.54 7312.240000000001 1501.76
vertex 11930.1 7369.570000000001 1400.6200000000001
vertex 11930.1 7343.31 1445.0800000000002
endloop
endfacet
facet normal -0.1409127785880529 0.8558811463518682 0.4976053176464321
outer loop
vertex 11941.54 7312.240000000001 1501.76
vertex 11930.1 7343.31 1445.0800000000002
vertex 11941.54 7305.740000000001 1512.94
endloop
endfacet
facet normal -0.17511848198603172 0.8483029585102361 0.4997155269247581
outer loop
vertex 11930.1 7369.570000000001 1400.6200000000001
vertex 11916.19 7438.990000000001 1277.9
vertex 11916.19 7380.1 1377.8700000000001
endloop
endfacet
facet normal -0.17710643516201618 0.8474153881168881 0.5005201999988675
outer loop
vertex 11930.1 7369.570000000001 1400.6200000000001
vertex 11916.19 7380.1 1377.8700000000001
vertex 11930.1 7343.31 1445.0800000000002
endloop
endfacet
facet normal -0.16424097423077452 0.8497974294202626 0.5008684770819979
outer loop
vertex 11909.04 7428.72 1292.98
vertex 11916.19 7438.990000000001 1277.9
vertex 11912.810000000001 7455.5 1248.78
endloop
endfacet
facet normal -0.1715165762565495 0.8490070524701512 0.4997690355806141
outer loop
vertex 11909.04 7428.72 1292.98
vertex 11912.810000000001 7455.5 1248.78
vertex 11899.94 7452.900000000001 1248.78
endloop
endfacet
facet normal -0.16892242593805076 0.8496380870226642 0.4995801588290626
outer loop
vertex 11909.04 7428.72 1292.98
vertex 11899.94 7452.900000000001 1248.78
vertex 11899.94 7415.9800000000005 1311.57
endloop
endfacet
facet normal -0.16667985540278527 0.8494932699015433 0.5005786753297532
outer loop
vertex 11909.04 7428.72 1292.98
vertex 11899.94 7415.9800000000005 1311.57
vertex 11916.19 7380.1 1377.8700000000001
endloop
endfacet
facet normal -0.1648228028113953 0.8498330421681625 0.500616863591911
outer loop
vertex 11909.04 7428.72 1292.98
vertex 11916.19 7380.1 1377.8700000000001
vertex 11916.19 7438.990000000001 1277.9
endloop
endfacet
facet normal -0.16630849397899167 0.8500211914481508 0.49980542105854137
outer loop
vertex 11899.94 7452.900000000001 1248.78
vertex 11882 7449.39 1248.78
vertex 11899.94 7415.9800000000005 1311.57
endloop
endfacet
facet normal -0.1697903100558238 0.8489515502791309 0.5004523113042914
outer loop
vertex 11520.6 7377.110000000001 1248.78
vertex 11535.42 7302.75 1379.95
vertex 11649.300000000001 7402.85 1248.78
endloop
endfacet
facet normal 0.15585132529422804 -0.48652001017775304 0.8596561196784861
outer loop
vertex 11881.35 7613.1900000000005 1341.6000000000001
vertex 11881.35 7450.56 1249.56
vertex 11882 7449.39 1248.78
endloop
endfacet
facet normal 0.0972490668769302 -0.49038359254967395 0.8660638262562649
outer loop
vertex 11881.35 7613.1900000000005 1341.6000000000001
vertex 11882 7449.39 1248.78
vertex 11912.810000000001 7455.5 1248.78
endloop
endfacet
facet normal 0.0954040656341708 -0.4903375038569157 0.8662950978574449
outer loop
vertex 11881.35 7613.1900000000005 1341.6000000000001
vertex 11860.550000000001 7717.320000000001 1402.8300000000002
vertex 11860.550000000001 7483.97 1270.75
endloop
endfacet
facet normal 0.09503637098552843 -0.4903092455818089 0.8663515059644662
outer loop
vertex 11881.35 7613.1900000000005 1341.6000000000001
vertex 11860.550000000001 7483.97 1270.75
vertex 11881.35 7450.56 1249.56
endloop
endfacet
facet normal 0.09674020334994579 -0.49027758716286013 0.8661808244134566
outer loop
vertex 11860.550000000001 7717.320000000001 1402.8300000000002
vertex 11837.54 7831.9800000000005 1470.3
vertex 11837.54 7515.95 1291.42
endloop
endfacet
facet normal 0.09669912753817389 -0.4902759452886418 0.8661863403475516
outer loop
vertex 11860.550000000001 7717.320000000001 1402.8300000000002
vertex 11837.54 7515.95 1291.42
vertex 11860.550000000001 7483.97 1270.75
endloop
endfacet
facet normal 0.09877192513615185 -0.4902834992992478 0.865948149209745
outer loop
vertex 11837.54 7831.9800000000005 1470.3
vertex 11812.58 7956.91 1543.88
vertex 11812.58 7546.37 1311.44
endloop
endfacet
facet normal 0.0972188379284748 -0.4902546140484957 0.8661402374650409
outer loop
vertex 11837.54 7831.9800000000005 1470.3
vertex 11812.58 7546.37 1311.44
vertex 11837.54 7515.95 1291.42
endloop
endfacet
facet normal 0.09836937037915205 -0.4902930831610642 0.8659885447138588
outer loop
vertex 11625.77 7913.2300000000005 1540.3700000000001
vertex 11812.58 7956.91 1543.88
vertex 11695.32 8543.470000000001 1889.29
endloop
endfacet
facet normal 0.09798559489383299 -0.49027917731823983 0.866039924877284
outer loop
vertex 11625.77 7913.2300000000005 1540.3700000000001
vertex 11695.32 8543.470000000001 1889.29
vertex 11513.84 8507.2 1889.29
endloop
endfacet
facet normal 0.09430238765281608 -0.49098016794544624 0.866051692664612
outer loop
vertex 11625.77 7913.2300000000005 1540.3700000000001
vertex 11513.84 8507.2 1889.29
vertex 11500.84 8495.76 1884.22
endloop
endfacet
facet normal 0.09763617022233075 -0.4902809551561449 0.8660783817158205
outer loop
vertex 11625.77 7913.2300000000005 1540.3700000000001
vertex 11500.84 8495.76 1884.22
vertex 11500.84 7475.91 1306.89
endloop
endfacet
facet normal 0.09679657681945505 -0.4901353980864052 0.8662549937857307
outer loop
vertex 11625.77 7913.2300000000005 1540.3700000000001
vertex 11500.84 7475.91 1306.89
vertex 11520.6 7377.110000000001 1248.78
endloop
endfacet
facet normal 0.0980530173687802 -0.490265086843907 0.866040270661136
outer loop
vertex 11625.77 7913.2300000000005 1540.3700000000001
vertex 11520.6 7377.110000000001 1248.78
vertex 11649.300000000001 7402.85 1248.78
endloop
endfacet
facet normal 0.09855931673393817 -0.49022263843526714 0.8660068278313426
outer loop
vertex 11625.77 7913.2300000000005 1540.3700000000001
vertex 11649.300000000001 7402.85 1248.78
vertex 11812.58 7546.37 1311.44
endloop
endfacet
facet normal 0.09837180629255644 -0.49030302642593254 0.8659826383965852
outer loop
vertex 11625.77 7913.2300000000005 1540.3700000000001
vertex 11812.58 7546.37 1311.44
vertex 11812.58 7956.91 1543.88
endloop
endfacet
facet normal 0.09818095135251423 -0.49025455178672156 0.8660317403212863
outer loop
vertex 11500.84 8495.76 1884.22
vertex 11304.800000000001 8456.5 1884.22
vertex 11500.84 7475.91 1306.89
endloop
endfacet
facet normal -0.7071067811884026 0 -0.7071067811846924
outer loop
vertex 11950.380000000001 7267.650000000001 1600.04
vertex 11950.380000000001 7267.780000000001 1600.04
vertex 11950.51 7267.39 1599.91
endloop
endfacet
facet normal -0.0979943884211917 0.4902969649531257 -0.8660288597937774
outer loop
vertex 11707.15 7668.18 1854.3200000000002
vertex 11950.380000000001 7267.650000000001 1600.04
vertex 11558.17 7189.26 1600.04
endloop
endfacet
facet normal -0.09784043212518695 0.49026724739078825 -0.8660630900675863
outer loop
vertex 11707.15 7668.18 1854.3200000000002
vertex 11558.17 7189.26 1600.04
vertex 11342.24 8268.91 2235.61
endloop
endfacet
facet normal -0.09797500879643962 0.49020000255199725 -0.8660859398173828
outer loop
vertex 11707.15 7668.18 1854.3200000000002
vertex 11342.24 8268.91 2235.61
vertex 11734.45 8347.300000000001 2235.61
endloop
endfacet
facet normal -0.09843920001523204 0.4901917365305944 -0.8660379814635624
outer loop
vertex 11707.15 7668.18 1854.3200000000002
vertex 11734.45 8347.300000000001 2235.61
vertex 11950.380000000001 7267.780000000001 1600.04
endloop
endfacet
facet normal -0.7226338336209298 0 -0.6912310341024326
outer loop
vertex 11707.15 7668.18 1854.3200000000002
vertex 11950.380000000001 7267.780000000001 1600.04
vertex 11950.380000000001 7267.650000000001 1600.04
endloop
endfacet
facet normal -0.8944271910011675 -0.447213595497455 0
outer loop
vertex 11950.380000000001 7267.650000000001 1600.04
vertex 11950.51 7267.39 1599.91
vertex 11950.51 7267.39 1600.04
endloop
endfacet
facet normal -0.9737193355091915 -0.22775130220382606 0
outer loop
vertex 11941.54 7305.740000000001 1512.94
vertex 11941.54 7305.740000000001 1200.03
vertex 11950.51 7267.39 1200.03
endloop
endfacet
facet normal -0.9737193355091915 -0.22775130220382603 0
outer loop
vertex 11941.54 7305.740000000001 1512.94
vertex 11950.51 7267.39 1200.03
vertex 11950.51 7267.39 1581.06
endloop
endfacet
facet normal -0.9566337830211111 -0.29129333185419437 0
outer loop
vertex 11930.1 7343.31 1445.0800000000002
vertex 11930.1 7343.31 1200.03
vertex 11941.54 7305.740000000001 1200.03
endloop
endfacet
facet normal -0.956633783021111 -0.29129333185419437 0
outer loop
vertex 11930.1 7343.31 1445.0800000000002
vertex 11941.54 7305.740000000001 1200.03
vertex 11941.54 7305.740000000001 1512.94
endloop
endfacet
facet normal -0.9353749302458378 -0.35365765913888236 0
outer loop
vertex 11916.19 7380.1 1377.8700000000001
vertex 11916.19 7380.1 1200.03
vertex 11930.1 7343.31 1200.03
endloop
endfacet
facet normal -0.935374930245838 -0.3536576591388824 0
outer loop
vertex 11916.19 7380.1 1377.8700000000001
vertex 11930.1 7343.31 1200.03
vertex 11930.1 7343.31 1445.0800000000002
endloop
endfacet
facet normal -0.9103664774626068 -0.41380294430117964 0
outer loop
vertex 11906.44 7401.68 1267.63
vertex 11899.94 7415.9800000000005 1311.57
vertex 11899.94 7415.9800000000005 1248.78
endloop
endfacet
facet normal -0.9103664774626067 -0.41380294430117964 0
outer loop
vertex 11906.44 7401.68 1267.63
vertex 11899.94 7415.9800000000005 1248.78
vertex 11899.94 7415.9800000000005 1200.03
endloop
endfacet
facet normal -0.9109307321841178 -0.41255920841671884 0.0003173532372427855
outer loop
vertex 11906.44 7401.68 1267.63
vertex 11899.94 7415.9800000000005 1200.03
vertex 11916.19 7380.1 1200.03
endloop
endfacet
facet normal -0.9113041599778897 -0.4117338072189275 0
outer loop
vertex 11906.44 7401.68 1267.63
vertex 11916.19 7380.1 1200.03
vertex 11916.19 7380.1 1377.8700000000001
endloop
endfacet
facet normal -0.9107189399241936 -0.4130265361331814 -0.00030481663183179626
outer loop
vertex 11906.44 7401.68 1267.63
vertex 11916.19 7380.1 1377.8700000000001
vertex 11899.94 7415.9800000000005 1311.57
endloop
endfacet
facet normal -0.881020889142338 -0.4730773645978468 0
outer loop
vertex 11882 7449.39 1248.78
vertex 11899.94 7415.9800000000005 1248.78
vertex 11899.94 7415.9800000000005 1311.57
endloop
endfacet
facet normal -0.874157276121666 -0.48564293117840135 0
outer loop
vertex 11881.35 7450.56 1248.78
vertex 11882 7449.39 1248.78
vertex 11881.35 7450.56 1249.56
endloop
endfacet
facet normal -0.8807898733199238 -0.4735073379125953 0
outer loop
vertex 11881.35 7450.56 1248.78
vertex 11881.35 7450.56 1200.03
vertex 11899.94 7415.9800000000005 1200.03
endloop
endfacet
facet normal -0.8807898733199238 -0.4735073379125953 0
outer loop
vertex 11881.35 7450.56 1248.78
vertex 11899.94 7415.9800000000005 1200.03
vertex 11899.94 7415.9800000000005 1248.78
endloop
endfacet
facet normal -0.8486168825713875 -0.529007926797718 0
outer loop
vertex 11873.03 7463.95 1233.8300000000002
vertex 11860.550000000001 7483.97 1270.75
vertex 11860.550000000001 7483.97 1200.03
endloop
endfacet
facet normal -0.8489248021860597 -0.528513495524379 0.00040654884270288215
outer loop
vertex 11873.03 7463.95 1233.8300000000002
vertex 11860.550000000001 7483.97 1200.03
vertex 11881.35 7450.56 1200.03
endloop
endfacet
facet normal -0.8493852408166953 -0.5277733535171744 0
outer loop
vertex 11873.03 7463.95 1233.8300000000002
vertex 11881.35 7450.56 1200.03
vertex 11881.35 7450.56 1248.78
endloop
endfacet
facet normal -0.8493852408166961 -0.5277733535171735 0
outer loop
vertex 11873.03 7463.95 1233.8300000000002
vertex 11881.35 7450.56 1248.78
vertex 11881.35 7450.56 1249.56
endloop
endfacet
facet normal -0.8490861590773113 -0.528254079506136 -0.0005674050263109731
outer loop
vertex 11873.03 7463.95 1233.8300000000002
vertex 11881.35 7450.56 1249.56
vertex 11860.550000000001 7483.97 1270.75
endloop
endfacet
facet normal -0.8117220581313658 -0.5840439198750206 0
outer loop
vertex 11837.54 7515.95 1291.42
vertex 11837.54 7515.95 1200.03
vertex 11860.550000000001 7483.97 1200.03
endloop
endfacet
facet normal -0.8117220581313659 -0.5840439198750206 0
outer loop
vertex 11837.54 7515.95 1291.42
vertex 11860.550000000001 7483.97 1200.03
vertex 11860.550000000001 7483.97 1270.75
endloop
endfacet
facet normal -0.7735905002689062 -0.6336858353267049 0
outer loop
vertex 11822.59 7534.150000000001 1250.3400000000001
vertex 11812.58 7546.37 1311.44
vertex 11812.58 7546.37 1248.78
endloop
endfacet
facet normal -0.7735905002689061 -0.6336858353267049 0
outer loop
vertex 11822.59 7534.150000000001 1250.3400000000001
vertex 11812.58 7546.37 1248.78
vertex 11812.58 7546.37 1200.03
endloop
endfacet
facet normal -0.7730733451300678 -0.6343165908759757 -0.0002561032747338388
outer loop
vertex 11822.59 7534.150000000001 1250.3400000000001
vertex 11812.58 7546.37 1200.03
vertex 11837.54 7515.95 1200.03
endloop
endfacet
facet normal -0.7727262545252316 -0.6347394233600172 0
outer loop
vertex 11822.59 7534.150000000001 1250.3400000000001
vertex 11837.54 7515.95 1200.03
vertex 11837.54 7515.95 1291.42
endloop
endfacet
facet normal -0.7729949793393135 -0.634412092379124 0.00024281547767239406
outer loop
vertex 11822.59 7534.150000000001 1250.3400000000001
vertex 11837.54 7515.95 1291.42
vertex 11812.58 7546.37 1311.44
endloop
endfacet
facet normal 0.6617601511693133 -0.7497156142994272 0
outer loop
vertex 11512.15 7282.21 1600.04
vertex 11512.15 7282.21 1379.95
vertex 11535.42 7302.75 1379.95
endloop
endfacet
facet normal 0.6617601511693133 -0.7497156142994272 0
outer loop
vertex 11512.15 7282.21 1600.04
vertex 11535.42 7302.75 1379.95
vertex 11535.42 7302.75 1600.04
endloop
endfacet
facet normal 0.6601964033239963 -0.7510930095787465 0
outer loop
vertex 11649.300000000001 7402.85 1248.78
vertex 11812.58 7546.37 1248.78
vertex 11812.58 7546.37 1311.44
endloop
endfacet
facet normal 0.6604674400837776 -0.7508546867331798 0
outer loop
vertex 11512.15 7282.21 1379.95
vertex 11512.15 7282.21 1248.78
vertex 11649.300000000001 7402.85 1248.78
endloop
endfacet
facet normal 0.6617582464581128 -0.749713456430409 0.0023992690246728804
outer loop
vertex 11512.15 7282.21 1379.95
vertex 11649.300000000001 7402.85 1248.78
vertex 11535.42 7302.75 1379.95
endloop
endfacet
facet normal 0.6603201669589902 -0.7509842056310181 0
outer loop
vertex 11512.15 7282.21 1248.78
vertex 11512.15 7282.21 1200.03
vertex 11812.58 7546.37 1200.03
endloop
endfacet
facet normal 0.6603201669589902 -0.7509842056310181 0
outer loop
vertex 11512.15 7282.21 1248.78
vertex 11812.58 7546.37 1200.03
vertex 11812.58 7546.37 1248.78
endloop
endfacet
facet normal -0.7920101971968988 -0.6105078603393483 0
outer loop
vertex 11644.62 8636.03 2045.29
vertex 11635 8648.51 2284.23
vertex 11635 8648.51 1884.22
endloop
endfacet
facet normal -0.7904150264408832 -0.6125716454917363 -0.0002551783781875757
outer loop
vertex 11644.62 8636.03 2045.29
vertex 11635 8648.51 1884.22
vertex 11651.12 8627.710000000001 1884.22
endloop
endfacet
facet normal -0.7880243737245547 -0.6156440419723263 0
outer loop
vertex 11644.62 8636.03 2045.29
vertex 11651.12 8627.710000000001 1884.22
vertex 11651.12 8627.710000000001 1889.29
endloop
endfacet
facet normal -0.7880243737245528 -0.6156440419723285 0
outer loop
vertex 11644.62 8636.03 2045.29
vertex 11651.12 8627.710000000001 1889.29
vertex 11651.12 8627.710000000001 2284.23
endloop
endfacet
facet normal -0.7904150404811788 -0.6125716563729654 0.0001720163308980002
outer loop
vertex 11644.62 8636.03 2045.29
vertex 11651.12 8627.710000000001 2284.23
vertex 11635 8648.51 2284.23
endloop
endfacet
facet normal -0.8673318936489595 -0.49773023442353775 0
outer loop
vertex 11621.87 8671.39 2284.23
vertex 11621.87 8671.39 1884.22
vertex 11635 8648.51 1884.22
endloop
endfacet
facet normal -0.8673318936489595 -0.49773023442353775 0
outer loop
vertex 11621.87 8671.39 2284.23
vertex 11635 8648.51 1884.22
vertex 11635 8648.51 2284.23
endloop
endfacet
facet normal -0.9239563029958568 -0.38249803941226707 0
outer loop
vertex 11611.86 8695.57 2284.23
vertex 11611.86 8695.57 1884.22
vertex 11621.87 8671.39 1884.22
endloop
endfacet
facet normal -0.9239563029958568 -0.38249803941226707 0
outer loop
vertex 11611.86 8695.57 2284.23
vertex 11621.87 8671.39 1884.22
vertex 11621.87 8671.39 2284.23
endloop
endfacet
facet normal -0.9653298578125994 -0.26103307379622787 0
outer loop
vertex 11604.970000000001 8721.050000000001 2284.23
vertex 11604.970000000001 8721.050000000001 1884.22
vertex 11611.86 8695.57 1884.22
endloop
endfacet
facet normal -0.9653298578125994 -0.26103307379622787 0
outer loop
vertex 11604.970000000001 8721.050000000001 2284.23
vertex 11611.86 8695.57 1884.22
vertex 11611.86 8695.57 2284.23
endloop
endfacet
facet normal -0.9910101944628156 -0.13378637625248843 0
outer loop
vertex 11601.460000000001 8747.050000000001 2284.23
vertex 11601.460000000001 8747.050000000001 1884.22
vertex 11604.970000000001 8721.050000000001 1884.22
endloop
endfacet
facet normal -0.9910101944628156 -0.13378637625248843 0
outer loop
vertex 11601.460000000001 8747.050000000001 2284.23
vertex 11604.970000000001 8721.050000000001 1884.22
vertex 11604.970000000001 8721.050000000001 2284.23
endloop
endfacet
facet normal -1 0 0
outer loop
vertex 11601.460000000001 8773.31 2284.23
vertex 11601.460000000001 8773.31 1884.22
vertex 11601.460000000001 8747.050000000001 1884.22
endloop
endfacet
facet normal -1 0 0
outer loop
vertex 11601.460000000001 8773.31 2284.23
vertex 11601.460000000001 8747.050000000001 1884.22
vertex 11601.460000000001 8747.050000000001 2284.23
endloop
endfacet
facet normal -0.9917374158411181 0.1282844418500595 0
outer loop
vertex 11604.84 8799.44 2284.23
vertex 11604.84 8799.44 1884.22
vertex 11601.460000000001 8773.31 1884.22
endloop
endfacet
facet normal -0.9917374158411181 0.1282844418500595 0
outer loop
vertex 11604.84 8799.44 2284.23
vertex 11601.460000000001 8773.31 1884.22
vertex 11601.460000000001 8773.31 2284.23
endloop
endfacet
facet normal -0.965615758520688 0.2599734734478043 0
outer loop
vertex 11609 8814.65 2045.29
vertex 11611.73 8824.79 2284.23
vertex 11611.73 8824.79 1889.29
endloop
endfacet
facet normal -0.9656157585206881 0.25997347344780414 0
outer loop
vertex 11609 8814.65 2045.29
vertex 11611.73 8824.79 1889.29
vertex 11611.73 8824.79 1884.22
endloop
endfacet
facet normal -0.9649918464857774 0.2622798351986726 0.00015576946674807863
outer loop
vertex 11609 8814.65 2045.29
vertex 11611.73 8824.79 1884.22
vertex 11604.84 8799.44 1884.22
endloop
endfacet
facet normal -0.9645733178894046 0.26381492455095423 0
outer loop
vertex 11609 8814.65 2045.29
vertex 11604.84 8799.44 1884.22
vertex 11604.84 8799.44 2284.23
endloop
endfacet
facet normal -0.964991852873141 0.2622798369347253 -0.0001050045541775528
outer loop
vertex 11609 8814.65 2045.29
vertex 11604.84 8799.44 2284.23
vertex 11611.73 8824.79 2284.23
endloop
endfacet
facet normal 0.9915850450705809 -0.12945693643978462 0
outer loop
vertex 11208.470000000001 8845.85 2064.01
vertex 11202.36 8799.050000000001 2284.23
vertex 11202.36 8799.050000000001 1884.22
endloop
endfacet
facet normal 0.9916556071463365 -0.12891522892901633 -0.0001434064507860401
outer loop
vertex 11208.470000000001 8845.85 2064.01
vertex 11202.36 8799.050000000001 1884.22
vertex 11212.5 8877.050000000001 1884.22
endloop
endfacet
facet normal 0.9917609394928882 -0.12810245468445805 0
outer loop
vertex 11208.470000000001 8845.85 2064.01
vertex 11212.5 8877.050000000001 1884.22
vertex 11212.5 8877.050000000001 1983.28
endloop
endfacet
facet normal 0.9917609394928882 -0.12810245468445805 0
outer loop
vertex 11208.470000000001 8845.85 2064.01
vertex 11212.5 8877.050000000001 1983.28
vertex 11212.5 8877.050000000001 2284.23
endloop
endfacet
facet normal 0.9916556105467311 -0.1289152293710676 0.0001170785844847537
outer loop
vertex 11208.470000000001 8845.85 2064.01
vertex 11212.5 8877.050000000001 2284.23
vertex 11202.36 8799.050000000001 2284.23
endloop
endfacet
facet normal 1 0 0
outer loop
vertex 11202.36 8752.25 2084.16
vertex 11202.36 8773.31 2284.23
vertex 11202.36 8747.050000000001 2284.23
endloop
endfacet
facet normal 1 0 0
outer loop
vertex 11202.36 8752.25 2084.16
vertex 11202.36 8747.050000000001 2284.23
vertex 11202.36 8721.050000000001 2284.23
endloop
endfacet
facet normal 1 0 0
outer loop
vertex 11202.36 8752.25 2084.16
vertex 11202.36 8721.050000000001 2284.23
vertex 11202.36 8720.53 2284.23
endloop
endfacet
facet normal 1 0 0
outer loop
vertex 11202.36 8752.25 2084.16
vertex 11202.36 8720.53 2284.23
vertex 11202.36 8720.53 1884.22
endloop
endfacet
facet normal 1 0 0
outer loop
vertex 11202.36 8752.25 2084.16
vertex 11202.36 8720.53 1884.22
vertex 11202.36 8721.050000000001 1884.22
endloop
endfacet
facet normal 1 0 0
outer loop
vertex 11202.36 8752.25 2084.16
vertex 11202.36 8721.050000000001 1884.22
vertex 11202.36 8747.050000000001 1884.22
endloop
endfacet
facet normal 1 0 0
outer loop
vertex 11202.36 8752.25 2084.16
vertex 11202.36 8747.050000000001 1884.22
vertex 11202.36 8773.31 1884.22
endloop
endfacet
facet normal 1 0 0
outer loop
vertex 11202.36 8752.25 2084.16
vertex 11202.36 8773.31 1884.22
vertex 11202.36 8799.050000000001 1884.22
endloop
endfacet
facet normal 1 0 0
outer loop
vertex 11202.36 8752.25 2084.16
vertex 11202.36 8799.050000000001 1884.22
vertex 11202.36 8799.050000000001 2284.23
endloop
endfacet
facet normal 1 0 0
outer loop
vertex 11202.36 8752.25 2084.16
vertex 11202.36 8799.050000000001 2284.23
vertex 11202.36 8773.31 2284.23
endloop
endfacet
facet normal 0.9912279006826353 0.13216372009101343 0
outer loop
vertex 11212.76 8642.53 2284.23
vertex 11212.76 8642.53 1884.22
vertex 11202.36 8720.53 1884.22
endloop
endfacet
facet normal 0.9912279006826353 0.13216372009101343 0
outer loop
vertex 11212.76 8642.53 2284.23
vertex 11202.36 8720.53 1884.22
vertex 11202.36 8720.53 2284.23
endloop
endfacet
facet normal 0.9657114886255322 0.25961764334624543 0
outer loop
vertex 11233.17 8566.61 2284.23
vertex 11233.17 8566.61 1884.22
vertex 11212.76 8642.53 1884.22
endloop
endfacet
facet normal 0.9657114886255322 0.25961764334624543 0
outer loop
vertex 11233.17 8566.61 2284.23
vertex 11212.76 8642.53 1884.22
vertex 11212.76 8642.53 2284.23
endloop
endfacet
facet normal 0.9233704027921262 0.383910274996003 0
outer loop
vertex 11263.33 8494.07 2284.23
vertex 11263.33 8494.07 1884.22
vertex 11233.17 8566.61 1884.22
endloop
endfacet
facet normal 0.9233704027921262 0.383910274996003 0
outer loop
vertex 11263.33 8494.07 2284.23
vertex 11233.17 8566.61 1884.22
vertex 11233.17 8566.61 2284.23
endloop
endfacet
facet normal 0.8664602165648018 0.4992461247826335 0
outer loop
vertex 11286.99 8453.25 2064.01
vertex 11302.720000000001 8425.95 2284.23
vertex 11302.720000000001 8425.95 1983.28
endloop
endfacet
facet normal 0.8664602165648019 0.4992461247826334 0
outer loop
vertex 11286.99 8453.25 2064.01
vertex 11302.720000000001 8425.95 1983.28
vertex 11302.720000000001 8425.95 1884.22
endloop
endfacet
facet normal 0.865690055414495 0.5005803183026797 -0.0002699711774380544
outer loop
vertex 11286.99 8453.25 2064.01
vertex 11302.720000000001 8425.95 1884.22
vertex 11263.33 8494.07 1884.22
endloop
endfacet
facet normal 0.8651746522317081 0.5014706582999078 0
outer loop
vertex 11286.99 8453.25 2064.01
vertex 11263.33 8494.07 1884.22
vertex 11263.33 8494.07 2284.23
endloop
endfacet
facet normal 0.8656900659347996 0.5005803243859855 0.00022040740432952377
outer loop
vertex 11286.99 8453.25 2064.01
vertex 11263.33 8494.07 2284.23
vertex 11302.720000000001 8425.95 2284.23
endloop
endfacet
facet normal 0 0 -1
outer loop
vertex 11372.79 8850.79 2284.23
vertex 11611.73 8824.79 2284.23
vertex 11604.84 8799.44 2284.23
endloop
endfacet
facet normal 0 0 -1
outer loop
vertex 11372.79 8850.79 2284.23
vertex 11604.84 8799.44 2284.23
vertex 11202.36 8799.44 2284.23
endloop
endfacet
facet normal 0 0 -1
outer loop
vertex 11372.79 8850.79 2284.23
vertex 11202.36 8799.44 2284.23
vertex 11212.5 8877.050000000001 2284.23
endloop
endfacet
facet normal 0 0 -1
outer loop
vertex 11372.79 8850.79 2284.23
vertex 11212.5 8877.050000000001 2284.23
vertex 11232.78 8952.970000000001 2284.23
endloop
endfacet
facet normal 0 0 -1
outer loop
vertex 11372.79 8850.79 2284.23
vertex 11232.78 8952.970000000001 2284.23
vertex 11611.73 8824.79 2284.23
endloop
endfacet
facet normal 0 0 -1
outer loop
vertex 11362.65 8788.91 2284.23
vertex 11604.84 8799.44 2284.23
vertex 11601.460000000001 8773.31 2284.23
endloop
endfacet
facet normal 0 0 -1
outer loop
vertex 11362.65 8788.91 2284.23
vertex 11601.460000000001 8773.31 2284.23
vertex 11202.36 8773.31 2284.23
endloop
endfacet
facet normal 0 0 -1
outer loop
vertex 11362.65 8788.91 2284.23
vertex 11202.36 8773.31 2284.23
vertex 11202.36 8799.050000000001 2284.23
endloop
endfacet
facet normal 0 0 -0.9999999999999999
outer loop
vertex 11362.65 8788.91 2284.23
vertex 11202.36 8799.050000000001 2284.23
vertex 11202.36 8799.44 2284.23
endloop
endfacet
facet normal 0 0 -1
outer loop
vertex 11362.65 8788.91 2284.23
vertex 11202.36 8799.44 2284.23
vertex 11604.84 8799.44 2284.23
endloop
endfacet
facet normal 0 0 -1
outer loop
vertex 11601.460000000001 8773.31 2284.23
vertex 11601.460000000001 8747.050000000001 2284.23
vertex 11202.36 8747.050000000001 2284.23
endloop
endfacet
facet normal 0 0 -1
outer loop
vertex 11601.460000000001 8773.31 2284.23
vertex 11202.36 8747.050000000001 2284.23
vertex 11202.36 8773.31 2284.23
endloop
endfacet
facet normal 0 0 -1
outer loop
vertex 11601.460000000001 8747.050000000001 2284.23
vertex 11604.970000000001 8721.050000000001 2284.23
vertex 11202.36 8721.050000000001 2284.23
endloop
endfacet
facet normal 0 0 -1
outer loop
vertex 11601.460000000001 8747.050000000001 2284.23
vertex 11202.36 8721.050000000001 2284.23
vertex 11202.36 8747.050000000001 2284.23
endloop
endfacet
facet normal 0 0 -0.9999999999999999
outer loop
vertex 11365.51 8710.78 2284.23
vertex 11604.970000000001 8721.050000000001 2284.23
vertex 11611.86 8695.57 2284.23
endloop
endfacet
facet normal 0 0 -1
outer loop
vertex 11365.51 8710.78 2284.23
vertex 11611.86 8695.57 2284.23
vertex 11205.74 8695.57 2284.23
endloop
endfacet
facet normal 0 0 -1
outer loop
vertex 11365.51 8710.78 2284.23
vertex 11205.74 8695.57 2284.23
vertex 11202.36 8720.53 2284.23
endloop
endfacet
facet normal 0 0 -1
outer loop
vertex 11365.51 8710.78 2284.23
vertex 11202.36 8720.53 2284.23
vertex 11202.36 8721.050000000001 2284.23
endloop
endfacet
facet normal 0 0 -1
outer loop
vertex 11365.51 8710.78 2284.23
vertex 11202.36 8721.050000000001 2284.23
vertex 11604.970000000001 8721.050000000001 2284.23
endloop
endfacet
facet normal 0 0 -1
outer loop
vertex 11611.86 8695.57 2284.23
vertex 11621.87 8671.39 2284.23
vertex 11208.86 8671.39 2284.23
endloop
endfacet
facet normal 0 0 -0.9999999999999999
outer loop
vertex 11611.86 8695.57 2284.23
vertex 11208.86 8671.39 2284.23
vertex 11205.74 8695.57 2284.23
endloop
endfacet
facet normal 0 0 -1
outer loop
vertex 11621.87 8671.39 2284.23
vertex 11635 8648.51 2284.23
vertex 11211.98 8648.51 2284.23
endloop
endfacet
facet normal 0 0 -1
outer loop
vertex 11621.87 8671.39 2284.23
vertex 11211.98 8648.51 2284.23
vertex 11208.86 8671.39 2284.23
endloop
endfacet
facet normal 0 0 -1
outer loop
vertex 11357.58 8552.18 2284.23
vertex 11635 8648.51 2284.23
vertex 11651.12 8627.710000000001 2284.23
endloop
endfacet
facet normal 0 0 -1
outer loop
vertex 11357.58 8552.18 2284.23
vertex 11651.12 8627.710000000001 2284.23
vertex 11350.69 8363.68 2284.23
endloop
endfacet
facet normal 0 0 -0.9999999999999999
outer loop
vertex 11357.58 8552.18 2284.23
vertex 11350.69 8363.68 2284.23
vertex 11302.720000000001 8425.95 2284.23
endloop
endfacet
facet normal 0 0 -1
outer loop
vertex 11357.58 8552.18 2284.23
vertex 11302.720000000001 8425.95 2284.23
vertex 11263.33 8494.07 2284.23
endloop
endfacet
facet normal 0 0 -1
outer loop
vertex 11357.58 8552.18 2284.23
vertex 11263.33 8494.07 2284.23
vertex 11233.17 8566.61 2284.23
endloop
endfacet
facet normal 0 0 -1
outer loop
vertex 11357.58 8552.18 2284.23
vertex 11233.17 8566.61 2284.23
vertex 11212.76 8642.53 2284.23
endloop
endfacet
facet normal 0 0 -1
outer loop
vertex 11357.58 8552.18 2284.23
vertex 11212.76 8642.53 2284.23
vertex 11211.98 8648.51 2284.23
endloop
endfacet
facet normal 0 0 -1
outer loop
vertex 11357.58 8552.18 2284.23
vertex 11211.98 8648.51 2284.23
vertex 11635 8648.51 2284.23
endloop
endfacet
facet normal 0 0 1
outer loop
vertex 11226.15 8849.75 1884.22
vertex 11538.15 8849.75 1884.22
vertex 11422.19 8888.880000000001 1884.22
endloop
endfacet
facet normal 0 0 0.9999999999999999
outer loop
vertex 11212.5 8877.050000000001 1884.22
vertex 11208.86 8849.75 1884.22
vertex 11226.15 8849.75 1884.22
endloop
endfacet
facet normal 0 0 0.9999999999999999
outer loop
vertex 11212.5 8877.050000000001 1884.22
vertex 11226.15 8849.75 1884.22
vertex 11217.18 8894.470000000001 1884.22
endloop
endfacet
facet normal 0 0 1
outer loop
vertex 11398.66 8828.82 1884.22
vertex 11226.15 8849.75 1884.22
vertex 11208.86 8849.75 1884.22
endloop
endfacet
facet normal 0 0 1
outer loop
vertex 11398.66 8828.82 1884.22
vertex 11208.86 8849.75 1884.22
vertex 11202.36 8799.44 1884.22
endloop
endfacet
facet normal 0 0 1
outer loop
vertex 11398.66 8828.82 1884.22
vertex 11202.36 8799.44 1884.22
vertex 11604.84 8799.44 1884.22
endloop
endfacet
facet normal 0 0 1
outer loop
vertex 11398.66 8828.82 1884.22
vertex 11604.84 8799.44 1884.22
vertex 11611.73 8824.79 1884.22
endloop
endfacet
facet normal 0 0 1
outer loop
vertex 11398.66 8828.82 1884.22
vertex 11611.73 8824.79 1884.22
vertex 11538.15 8849.75 1884.22
endloop
endfacet
facet normal 0 0 1
outer loop
vertex 11398.66 8828.82 1884.22
vertex 11538.15 8849.75 1884.22
vertex 11226.15 8849.75 1884.22
endloop
endfacet
facet normal 0 0 0.9999999999999999
outer loop
vertex 11362.65 8788.91 1884.22
vertex 11202.36 8799.44 1884.22
vertex 11202.36 8799.050000000001 1884.22
endloop
endfacet
facet normal 0 0 1
outer loop
vertex 11362.65 8788.91 1884.22
vertex 11202.36 8799.050000000001 1884.22
vertex 11202.36 8773.31 1884.22
endloop
endfacet
facet normal 0 0 1
outer loop
vertex 11362.65 8788.91 1884.22
vertex 11202.36 8773.31 1884.22
vertex 11601.460000000001 8773.31 1884.22
endloop
endfacet
facet normal 0 0 1
outer loop
vertex 11362.65 8788.91 1884.22
vertex 11601.460000000001 8773.31 1884.22
vertex 11604.84 8799.44 1884.22
endloop
endfacet
facet normal 0 0 1
outer loop
vertex 11362.65 8788.91 1884.22
vertex 11604.84 8799.44 1884.22
vertex 11202.36 8799.44 1884.22
endloop
endfacet
facet normal 0 0 1
outer loop
vertex 11202.36 8773.31 1884.22
vertex 11202.36 8747.050000000001 1884.22
vertex 11601.460000000001 8747.050000000001 1884.22
endloop
endfacet
facet normal 0 0 1
outer loop
vertex 11202.36 8773.31 1884.22
vertex 11601.460000000001 8747.050000000001 1884.22
vertex 11601.460000000001 8773.31 1884.22
endloop
endfacet
facet normal 0 0 1
outer loop
vertex 11202.36 8747.050000000001 1884.22
vertex 11202.36 8721.050000000001 1884.22
vertex 11604.970000000001 8721.050000000001 1884.22
endloop
endfacet
facet normal 0 0 1
outer loop
vertex 11202.36 8747.050000000001 1884.22
vertex 11604.970000000001 8721.050000000001 1884.22
vertex 11601.460000000001 8747.050000000001 1884.22
endloop
endfacet
facet normal 0 0 1
outer loop
vertex 11365.51 8710.78 1884.22
vertex 11202.36 8721.050000000001 1884.22
vertex 11202.36 8720.53 1884.22
endloop
endfacet
facet normal 0 0 1
outer loop
vertex 11365.51 8710.78 1884.22
vertex 11202.36 8720.53 1884.22
vertex 11205.74 8695.57 1884.22
endloop
endfacet
facet normal 0 0 1
outer loop
vertex 11365.51 8710.78 1884.22
vertex 11205.74 8695.57 1884.22
vertex 11611.86 8695.57 1884.22
endloop
endfacet
facet normal 0 0 0.9999999999999999
outer loop
vertex 11365.51 8710.78 1884.22
vertex 11611.86 8695.57 1884.22
vertex 11604.970000000001 8721.050000000001 1884.22
endloop
endfacet
facet normal 0 0 1
outer loop
vertex 11365.51 8710.78 1884.22
vertex 11604.970000000001 8721.050000000001 1884.22
vertex 11202.36 8721.050000000001 1884.22
endloop
endfacet
facet normal 0 0 1
outer loop
vertex 11205.74 8695.57 1884.22
vertex 11208.86 8671.39 1884.22
vertex 11621.87 8671.39 1884.22
endloop
endfacet
facet normal 0 0 0.9999999999999999
outer loop
vertex 11205.74 8695.57 1884.22
vertex 11621.87 8671.39 1884.22
vertex 11611.86 8695.57 1884.22
endloop
endfacet
facet normal 0 0 1
outer loop
vertex 11208.86 8671.39 1884.22
vertex 11211.98 8648.51 1884.22
vertex 11635 8648.51 1884.22
endloop
endfacet
facet normal 0 0 1
outer loop
vertex 11208.86 8671.39 1884.22
vertex 11635 8648.51 1884.22
vertex 11621.87 8671.39 1884.22
endloop
endfacet
facet normal 0 0 0.9999999999999999
outer loop
vertex 11366.42 8559.59 1884.22
vertex 11211.98 8648.51 1884.22
vertex 11212.76 8642.53 1884.22
endloop
endfacet
facet normal 0 0 1
outer loop
vertex 11366.42 8559.59 1884.22
vertex 11212.76 8642.53 1884.22
vertex 11233.17 8566.61 1884.22
endloop
endfacet
facet normal 0 0 1
outer loop
vertex 11366.42 8559.59 1884.22
vertex 11233.17 8566.61 1884.22
vertex 11263.33 8494.07 1884.22
endloop
endfacet
facet normal 0 0 1
outer loop
vertex 11366.42 8559.59 1884.22
vertex 11263.33 8494.07 1884.22
vertex 11285.04 8456.5 1884.22
endloop
endfacet
facet normal 0 0 1
outer loop
vertex 11366.42 8559.59 1884.22
vertex 11285.04 8456.5 1884.22
vertex 11304.800000000001 8456.5 1884.22
endloop
endfacet
facet normal 0 0 1
outer loop
vertex 11366.42 8559.59 1884.22
vertex 11304.800000000001 8456.5 1884.22
vertex 11500.84 8495.76 1884.22
endloop
endfacet
facet normal 0 0 1
outer loop
vertex 11366.42 8559.59 1884.22
vertex 11500.84 8495.76 1884.22
vertex 11651.12 8627.710000000001 1884.22
endloop
endfacet
facet normal 0 0 0.9999999999999999
outer loop
vertex 11366.42 8559.59 1884.22
vertex 11651.12 8627.710000000001 1884.22
vertex 11635 8648.51 1884.22
endloop
endfacet
facet normal 0 0 1
outer loop
vertex 11366.42 8559.59 1884.22
vertex 11635 8648.51 1884.22
vertex 11211.98 8648.51 1884.22
endloop
endfacet
facet normal 0 0 1
outer loop
vertex 11285.04 8456.5 1884.22
vertex 11302.720000000001 8425.95 1884.22
vertex 11313.640000000001 8411.65 1884.22
endloop
endfacet
facet normal 0 0 1
outer loop
vertex 11285.04 8456.5 1884.22
vertex 11313.640000000001 8411.65 1884.22
vertex 11304.800000000001 8456.5 1884.22
endloop
endfacet
facet normal -0.6600015240955426 0.7512642598923238 0
outer loop
vertex 11503.44 8497.970000000001 2084.94
vertex 11651.12 8627.710000000001 2284.23
vertex 11651.12 8627.710000000001 1889.29
endloop
endfacet
facet normal -0.6597129085440792 0.7515176175000536 0.00038585924184504844
outer loop
vertex 11503.44 8497.970000000001 2084.94
vertex 11651.12 8627.710000000001 1889.29
vertex 11513.84 8507.2 1889.29
endloop
endfacet
facet normal -0.6602768199863881 0.7510222436273416 0.0003325140854681254
outer loop
vertex 11503.44 8497.970000000001 2084.94
vertex 11513.84 8507.2 1889.29
vertex 11350.69 8363.68 2077.4
endloop
endfacet
facet normal -0.6602675985793821 0.7510304243279466 0
outer loop
vertex 11503.44 8497.970000000001 2084.94
vertex 11350.69 8363.68 2077.4
vertex 11350.69 8363.68 2284.23
endloop
endfacet
facet normal -0.660136827081546 0.7511453507560072 0.0001776748272301978
outer loop
vertex 11503.44 8497.970000000001 2084.94
vertex 11350.69 8363.68 2284.23
vertex 11651.12 8627.710000000001 2284.23
endloop
endfacet
facet normal -0.6597922206303241 0.7514480857622204 0
outer loop
vertex 11651.12 8627.710000000001 1889.29
vertex 11651.12 8627.710000000001 1884.22
vertex 11500.84 8495.76 1884.22
endloop
endfacet
facet normal -0.659707247993262 0.751511169235045 -0.004160463932325379
outer loop
vertex 11651.12 8627.710000000001 1889.29
vertex 11500.84 8495.76 1884.22
vertex 11513.84 8507.2 1889.29
endloop
endfacet
facet normal 0.7909566815953781 0.6118721499133845 0
outer loop
vertex 11324.04 8398.130000000001 2122.51
vertex 11350.69 8363.68 2284.23
vertex 11350.69 8363.68 2077.4
endloop
endfacet
facet normal 0.7911446778027482 0.6116289812561374 0.0002967692123381322
outer loop
vertex 11324.04 8398.130000000001 2122.51
vertex 11350.69 8363.68 2077.4
vertex 11313.640000000001 8411.65 1983.28
endloop
endfacet
facet normal 0.7947677398492377 0.606913546793921 -0.0004317556688846503
outer loop
vertex 11324.04 8398.130000000001 2122.51
vertex 11313.640000000001 8411.65 1983.28
vertex 11302.720000000001 8425.95 1983.28
endloop
endfacet
facet normal 0.7937257399548544 0.6082758007130641 0
outer loop
vertex 11324.04 8398.130000000001 2122.51
vertex 11302.720000000001 8425.95 1983.28
vertex 11302.720000000001 8425.95 2284.23
endloop
endfacet
facet normal 0.7921933044699828 0.6102699986417904 -0.0005450785982848736
outer loop
vertex 11324.04 8398.130000000001 2122.51
vertex 11302.720000000001 8425.95 2284.23
vertex 11350.69 8363.68 2284.23
endloop
endfacet
facet normal 0.7947678139267504 0.6069136033622036 0
outer loop
vertex 11313.640000000001 8411.65 1983.28
vertex 11313.640000000001 8411.65 1884.22
vertex 11302.720000000001 8425.95 1884.22
endloop
endfacet
facet normal 0.7947678139267504 0.6069136033622036 0
outer loop
vertex 11313.640000000001 8411.65 1983.28
vertex 11302.720000000001 8425.95 1884.22
vertex 11302.720000000001 8425.95 1983.28
endloop
endfacet
facet normal 0.1700540054125113 -0.8490389713015233 -0.5002144144808434
outer loop
vertex 11529.050000000001 8406.45 2065.44
vertex 11350.69 8270.470000000001 2235.61
vertex 11350.69 8363.68 2077.4
endloop
endfacet
facet normal 0.1700417748711136 -0.8490051713817343 -0.500275937624181
outer loop
vertex 11529.050000000001 8406.45 2065.44
vertex 11350.69 8363.68 2077.4
vertex 11513.84 8507.2 1889.29
endloop
endfacet
facet normal 0.16969250212626394 -0.8490707274848069 -0.5002832742062725
outer loop
vertex 11529.050000000001 8406.45 2065.44
vertex 11513.84 8507.2 1889.29
vertex 11695.32 8543.470000000001 1889.29
endloop
endfacet
facet normal 0.16985287059071164 -0.84910989289572 -0.5001623657760687
outer loop
vertex 11529.050000000001 8406.45 2065.44
vertex 11695.32 8543.470000000001 1889.29
vertex 11734.45 8347.300000000001 2235.61
endloop
endfacet
facet normal 0.16997592814378734 -0.849016818748665 -0.5002785477447085
outer loop
vertex 11529.050000000001 8406.45 2065.44
vertex 11734.45 8347.300000000001 2235.61
vertex 11350.69 8270.470000000001 2235.61
endloop
endfacet
facet normal 0.15725779405099022 -0.8518130511088885 -0.49968441257535995
outer loop
vertex 11350.69 8270.470000000001 2235.61
vertex 11342.24 8268.91 2235.61
vertex 11313.640000000001 8411.65 1983.28
endloop
endfacet
facet normal 0.1713975889931051 -0.8488383915800811 -0.5000962422045294
outer loop
vertex 11350.69 8270.470000000001 2235.61
vertex 11313.640000000001 8411.65 1983.28
vertex 11350.69 8363.68 2077.4
endloop
endfacet
facet normal -0.1701614128940808 0.8490911305682219 -0.500089337571067
outer loop
vertex 11421.02 8983.65 2065.44
vertex 11438.57 8883.42 1889.29
vertex 11232.78 8952.970000000001 2077.4
endloop
endfacet
facet normal -0.17015776582332806 0.8490235391366742 -0.5002053225644942
outer loop
vertex 11421.02 8983.65 2065.44
vertex 11232.78 8952.970000000001 2077.4
vertex 11232.78 9046.18 2235.61
endloop
endfacet
facet normal -0.1697367472633709 0.8493182662131757 -0.4998478961695204
outer loop
vertex 11421.02 8983.65 2065.44
vertex 11232.78 9046.18 2235.61
vertex 11580.79 9115.73 2235.61
endloop
endfacet
facet normal -0.16957268781558896 0.8492785275692059 -0.4999710853208198
outer loop
vertex 11421.02 8983.65 2065.44
vertex 11580.79 9115.73 2235.61
vertex 11620.050000000001 8919.69 1889.29
endloop
endfacet
facet normal -0.16971391657020377 0.8491778764587937 -0.5000941117983051
outer loop
vertex 11421.02 8983.65 2065.44
vertex 11620.050000000001 8919.69 1889.29
vertex 11438.57 8883.42 1889.29
endloop
endfacet
facet normal -0.16844808828859112 0.849452776336338 -0.5000552192772378
outer loop
vertex 11232.78 8952.970000000001 2077.4
vertex 11217.18 8894.470000000001 1983.28
vertex 11188.58 9037.34 2235.61
endloop
endfacet
facet normal -0.16981489927458268 0.8490744963729133 -0.5002353442065514
outer loop
vertex 11232.78 8952.970000000001 2077.4
vertex 11188.58 9037.34 2235.61
vertex 11232.78 9046.18 2235.61
endloop
endfacet
facet normal -0.10457079455986448 0.48993378068626575 0.8654651000864106
outer loop
vertex 11422.19 9908.73 1306.89
vertex 11422.19 8888.880000000001 1884.22
vertex 11438.57 8883.42 1889.29
endloop
endfacet
facet normal -0.09799849204437351 0.49034370929729526 0.866001929737803
outer loop
vertex 11422.19 9908.73 1306.89
vertex 11438.57 8883.42 1889.29
vertex 11620.050000000001 8919.69 1889.29
endloop
endfacet
facet normal -0.09710470747678206 0.49007393996362575 0.866255279438098
outer loop
vertex 11281.140000000001 9557.470000000001 1489.8
vertex 11422.19 9908.73 1306.89
vertex 11402.43 10007.53 1248.78
endloop
endfacet
facet normal -0.09804497483018884 0.49022487415095034 0.8660639443333457
outer loop
vertex 11281.140000000001 9557.470000000001 1489.8
vertex 11402.43 10007.53 1248.78
vertex 11273.73 9981.79 1248.78
endloop
endfacet
facet normal -0.09852758437509278 0.4901949550877254 0.8660261088002784
outer loop
vertex 11281.140000000001 9557.470000000001 1489.8
vertex 11273.73 9981.79 1248.78
vertex 11110.45 9838.27 1311.44
endloop
endfacet
facet normal -0.09830502568126141 0.49030627774710683 0.8659883809425987
outer loop
vertex 11281.140000000001 9557.470000000001 1489.8
vertex 11110.45 9838.27 1311.44
vertex 11110.45 9427.73 1543.88
endloop
endfacet
facet normal -0.09827261993832977 0.49027302437940823 0.8660108854606419
outer loop
vertex 11281.140000000001 9557.470000000001 1489.8
vertex 11110.45 9427.73 1543.88
vertex 11226.15 8849.75 1884.22
endloop
endfacet
facet normal -0.09785861934278635 0.490268431790427 0.8660603647610708
outer loop
vertex 11281.140000000001 9557.470000000001 1489.8
vertex 11226.15 8849.75 1884.22
vertex 11422.19 8888.880000000001 1884.22
endloop
endfacet
facet normal -0.09784759691679258 0.49027072576019 0.8660603115489046
outer loop
vertex 11281.140000000001 9557.470000000001 1489.8
vertex 11422.19 8888.880000000001 1884.22
vertex 11422.19 9908.73 1306.89
endloop
endfacet
facet normal -0.097218837928475 0.4902546140484957 0.8661402374650409
outer loop
vertex 11110.45 9838.27 1311.44
vertex 11085.49 9868.69 1291.42
vertex 11085.49 9552.66 1470.3
endloop
endfacet
facet normal -0.09877192513613922 0.49028349929924764 0.8659481492097466
outer loop
vertex 11110.45 9838.27 1311.44
vertex 11085.49 9552.66 1470.3
vertex 11110.45 9427.73 1543.88
endloop
endfacet
facet normal -0.09724337340706016 0.4902498254575558 0.8661401935987333
outer loop
vertex 11085.49 9868.69 1291.42
vertex 11062.61 9900.67 1270.75
vertex 11062.61 9667.32 1402.8300000000002
endloop
endfacet
facet normal -0.09728467599933503 0.4902514450509496 0.8661346387491727
outer loop
vertex 11085.49 9868.69 1291.42
vertex 11062.61 9667.32 1402.8300000000002
vertex 11085.49 9552.66 1470.3
endloop
endfacet
facet normal -0.098071785881286 0.4901642137495581 0.866095242091384
outer loop
vertex 11062.61 9900.67 1270.75
vertex 11041.81 9933.95 1249.56
vertex 11041.81 9771.32 1341.6000000000001
endloop
endfacet
facet normal -0.09843943576465995 0.4901919031368875 0.8660378603648754
outer loop
vertex 11062.61 9900.67 1270.75
vertex 11041.81 9771.32 1341.6000000000001
vertex 11062.61 9667.32 1402.8300000000002
endloop
endfacet
facet normal -0.09607193143180753 0.4763566600160422 0.8739877095527848
outer loop
vertex 11041.81 9933.95 1249.56
vertex 11041.16 9935.25 1248.78
vertex 11010.220000000001 9929.01 1248.78
endloop
endfacet
facet normal -0.09803660311677881 0.4901659211456249 0.8660982589734171
outer loop
vertex 11041.81 9933.95 1249.56
vertex 11010.220000000001 9929.01 1248.78
vertex 11041.81 9771.32 1341.6000000000001
endloop
endfacet
facet normal -0.32005821740444773 -0.9473978770674375 0
outer loop
vertex 11425.57 8887.84 2084.94
vertex 11232.78 8952.970000000001 2284.23
vertex 11232.78 8952.970000000001 2077.4
endloop
endfacet
facet normal -0.32006300000440707 -0.9473962515458102 0.00013632727715440272
outer loop
vertex 11425.57 8887.84 2084.94
vertex 11232.78 8952.970000000001 2077.4
vertex 11438.57 8883.42 1889.29
endloop
endfacet
facet normal -0.32070414153525784 -0.9471794157981572 0.0000888278960877691
outer loop
vertex 11425.57 8887.84 2084.94
vertex 11438.57 8883.42 1889.29
vertex 11611.73 8824.79 1889.29
endloop
endfacet
facet normal -0.32078789338762836 -0.947151058414616 0
outer loop
vertex 11425.57 8887.84 2084.94
vertex 11611.73 8824.79 1889.29
vertex 11611.73 8824.79 2284.23
endloop
endfacet
facet normal -0.32041671964437896 -0.9472766103076672 -0.0003864406186973044
outer loop
vertex 11425.57 8887.84 2084.94
vertex 11611.73 8824.79 2284.23
vertex 11232.78 8952.970000000001 2284.23
endloop
endfacet
facet normal -0.3202835626517203 -0.9472077775785088 0.014692365020782909
outer loop
vertex 11438.57 8883.42 1889.29
vertex 11422.19 8888.880000000001 1884.22
vertex 11611.73 8824.79 1884.22
endloop
endfacet
facet normal -0.32070414280049897 -0.9471794195349671 0
outer loop
vertex 11438.57 8883.42 1889.29
vertex 11611.73 8824.79 1884.22
vertex 11611.73 8824.79 1889.29
endloop
endfacet
facet normal 0.9656157585206656 -0.2599734734478875 0
outer loop
vertex 11221.6 8910.85 2122.51
vertex 11212.5 8877.050000000001 2284.23
vertex 11212.5 8877.050000000001 1983.28
endloop
endfacet
facet normal 0.9657547834858883 -0.25945650899622386 -0.00013458683940068412
outer loop
vertex 11221.6 8910.85 2122.51
vertex 11212.5 8877.050000000001 1983.28
vertex 11217.18 8894.470000000001 1983.28
endloop
endfacet
facet normal 0.9664129419246471 -0.25699382768932677 -0.0004452079706675528
outer loop
vertex 11221.6 8910.85 2122.51
vertex 11217.18 8894.470000000001 1983.28
vertex 11232.78 8952.970000000001 2077.4
endloop
endfacet
facet normal 0.9665313717285673 -0.2565484505205475 0
outer loop
vertex 11221.6 8910.85 2122.51
vertex 11232.78 8952.970000000001 2077.4
vertex 11232.78 8952.970000000001 2284.23
endloop
endfacet
facet normal 0.9661249337252394 -0.258074468597846 0.000425549457661529
outer loop
vertex 11221.6 8910.85 2122.51
vertex 11232.78 8952.970000000001 2284.23
vertex 11212.5 8877.050000000001 2284.23
endloop
endfacet
facet normal 0.9657547922325447 -0.25945651134607184 0
outer loop
vertex 11212.5 8877.050000000001 1983.28
vertex 11212.5 8877.050000000001 1884.22
vertex 11217.18 8894.470000000001 1884.22
endloop
endfacet
facet normal 0.9657547922325447 -0.25945651134607184 0
outer loop
vertex 11212.5 8877.050000000001 1983.28
vertex 11217.18 8894.470000000001 1884.22
vertex 11217.18 8894.470000000001 1983.28
endloop
endfacet
facet normal -0.7765619863716554 -0.630040856867639 0
outer loop
vertex 11408.15 10105.68 1371.5
vertex 11402.56 10112.57 1600.04
vertex 11402.56 10112.57 1200.03
endloop
endfacet
facet normal -0.7722122710390072 -0.6353645268043867 -0.0003557181697888353
outer loop
vertex 11408.15 10105.68 1371.5
vertex 11402.56 10112.57 1200.03
vertex 11411.01 10102.300000000001 1200.03
endloop
endfacet
facet normal -0.7633862853689742 -0.6459422414663395 0
outer loop
vertex 11408.15 10105.68 1371.5
vertex 11411.01 10102.300000000001 1200.03
vertex 11411.01 10102.300000000001 1248.78
endloop
endfacet
facet normal -0.7633862853689742 -0.6459422414663395 0
outer loop
vertex 11408.15 10105.68 1371.5
vertex 11411.01 10102.300000000001 1248.78
vertex 11411.01 10102.300000000001 1379.95
endloop
endfacet
facet normal -0.7633862853689743 -0.6459422414663397 0
outer loop
vertex 11408.15 10105.68 1371.5
vertex 11411.01 10102.300000000001 1379.95
vertex 11411.01 10102.300000000001 1600.04
endloop
endfacet
facet normal -0.7722122923927052 -0.635364544373885 0.00026688980598741334
outer loop
vertex 11408.15 10105.68 1371.5
vertex 11411.01 10102.300000000001 1600.04
vertex 11402.56 10112.57 1600.04
endloop
endfacet
facet normal -0.8117220581314315 -0.5840439198749293 0
outer loop
vertex 11394.890000000001 10123.23 1600.04
vertex 11394.890000000001 10123.23 1200.03
vertex 11402.56 10112.57 1200.03
endloop
endfacet
facet normal -0.8117220581314315 -0.5840439198749293 0
outer loop
vertex 11394.890000000001 10123.23 1600.04
vertex 11402.56 10112.57 1200.03
vertex 11402.56 10112.57 1600.04
endloop
endfacet
facet normal -0.8513182560889643 -0.5246496229386283 0
outer loop
vertex 11388 10134.41 1600.04
vertex 11388 10134.41 1200.03
vertex 11394.890000000001 10123.23 1200.03
endloop
endfacet
facet normal -0.8513182560889643 -0.5246496229386283 0
outer loop
vertex 11388 10134.41 1600.04
vertex 11394.890000000001 10123.23 1200.03
vertex 11394.890000000001 10123.23 1600.04
endloop
endfacet
facet normal -0.8801533540527868 -0.47468944937677915 0
outer loop
vertex 11381.76 10145.98 1600.04
vertex 11381.76 10145.98 1200.03
vertex 11388 10134.41 1200.03
endloop
endfacet
facet normal -0.8801533540527868 -0.47468944937677915 0
outer loop
vertex 11381.76 10145.98 1600.04
vertex 11388 10134.41 1200.03
vertex 11388 10134.41 1600.04
endloop
endfacet
facet normal -0.9096880038630716 -0.41529234958956385 0
outer loop
vertex 11376.300000000001 10157.94 1600.04
vertex 11376.300000000001 10157.94 1200.03
vertex 11381.76 10145.98 1200.03
endloop
endfacet
facet normal -0.9096880038630716 -0.41529234958956385 0
outer loop
vertex 11376.300000000001 10157.94 1600.04
vertex 11381.76 10145.98 1200.03
vertex 11381.76 10145.98 1600.04
endloop
endfacet
facet normal -0.9351100321416661 -0.3543574858642219 0
outer loop
vertex 11371.62 10170.29 1600.04
vertex 11371.62 10170.29 1200.03
vertex 11376.300000000001 10157.94 1200.03
endloop
endfacet
facet normal -0.9351100321416661 -0.3543574858642219 0
outer loop
vertex 11371.62 10170.29 1600.04
vertex 11376.300000000001 10157.94 1200.03
vertex 11376.300000000001 10157.94 1600.04
endloop
endfacet
facet normal -0.9572756411177689 -0.28917701658770295 0
outer loop
vertex 11367.85 10182.77 1600.04
vertex 11367.85 10182.77 1200.03
vertex 11371.62 10170.29 1200.03
endloop
endfacet
facet normal -0.9572756411177689 -0.28917701658770295 0
outer loop
vertex 11367.85 10182.77 1600.04
vertex 11371.62 10170.29 1200.03
vertex 11371.62 10170.29 1600.04
endloop
endfacet
facet normal -0.9740584850183373 -0.22629641571130027 0
outer loop
vertex 11364.86 10195.640000000001 1600.04
vertex 11364.86 10195.640000000001 1200.03
vertex 11367.85 10182.77 1200.03
endloop
endfacet
facet normal -0.9740584850183373 -0.22629641571130027 0
outer loop
vertex 11364.86 10195.640000000001 1600.04
vertex 11367.85 10182.77 1200.03
vertex 11367.85 10182.77 1600.04
endloop
endfacet
facet normal 1 0 0
outer loop
vertex 10972.65 10116.86 1600.04
vertex 10972.65 10117.12 1599.91
vertex 10972.65 10117.12 1600.04
endloop
endfacet
facet normal 0.9735472948655183 0.2284855896113178 0
outer loop
vertex 10981.62 10078.9 1512.94
vertex 10981.62 10078.9 1200.03
vertex 10972.65 10117.12 1200.03
endloop
endfacet
facet normal 0.9735472948655184 0.2284855896113178 0
outer loop
vertex 10981.62 10078.9 1512.94
vertex 10972.65 10117.12 1200.03
vertex 10972.65 10117.12 1581.06
endloop
endfacet
facet normal 0.9569133267161283 0.2903736991414209 0
outer loop
vertex 10993.06 10041.2 1445.0800000000002
vertex 10993.06 10041.2 1200.03
vertex 10981.62 10078.9 1200.03
endloop
endfacet
facet normal 0.9569133267161282 0.29037369914142097 0
outer loop
vertex 10993.06 10041.2 1445.0800000000002
vertex 10981.62 10078.9 1200.03
vertex 10981.62 10078.9 1512.94
endloop
endfacet
facet normal 0.9353749302458255 0.35365765913891517 0
outer loop
vertex 11006.970000000001 10004.41 1377.8700000000001
vertex 11006.970000000001 10004.41 1200.03
vertex 10993.06 10041.2 1200.03
endloop
endfacet
facet normal 0.9353749302458255 0.35365765913891517 0
outer loop
vertex 11006.970000000001 10004.41 1377.8700000000001
vertex 10993.06 10041.2 1200.03
vertex 10993.06 10041.2 1445.0800000000002
endloop
endfacet
facet normal 0.9103664774626167 0.4138029443011579 0
outer loop
vertex 11016.720000000001 9982.960000000001 1267.63
vertex 11023.220000000001 9968.66 1311.57
vertex 11023.220000000001 9968.66 1248.78
endloop
endfacet
facet normal 0.9103664774626166 0.41380294430115777 0
outer loop
vertex 11016.720000000001 9982.960000000001 1267.63
vertex 11023.220000000001 9968.66 1248.78
vertex 11023.220000000001 9968.66 1200.03
endloop
endfacet
facet normal 0.9103664774626048 0.41380294430118403 -6.680797374318891e-15
outer loop
vertex 11016.720000000001 9982.960000000001 1267.63
vertex 11023.220000000001 9968.66 1200.03
vertex 11006.970000000001 10004.41 1200.03
endloop
endfacet
facet normal 0.9103664774625968 0.4138029443012014 0
outer loop
vertex 11016.720000000001 9982.960000000001 1267.63
vertex 11006.970000000001 10004.41 1200.03
vertex 11006.970000000001 10004.41 1377.8700000000001
endloop
endfacet
facet normal 0.9103664774626091 0.41380294430117404 6.409621097132384e-15
outer loop
vertex 11016.720000000001 9982.960000000001 1267.63
vertex 11006.970000000001 10004.41 1377.8700000000001
vertex 11023.220000000001 9968.66 1311.57
endloop
endfacet
facet normal 0.8810208891423582 0.47307736459780964 0
outer loop
vertex 11041.16 9935.25 1248.78
vertex 11023.220000000001 9968.66 1248.78
vertex 11023.220000000001 9968.66 1311.57
endloop
endfacet
facet normal 0.8944271909999157 0.44721359549995787 0
outer loop
vertex 11041.81 9933.95 1248.78
vertex 11041.16 9935.25 1248.78
vertex 11041.81 9933.95 1249.56
endloop
endfacet
facet normal 0.8815290476298508 0.47212978955453366 0
outer loop
vertex 11041.81 9933.95 1248.78
vertex 11041.81 9933.95 1200.03
vertex 11023.220000000001 9968.66 1200.03
endloop
endfacet
facet normal 0.8815290476298508 0.47212978955453366 0
outer loop
vertex 11041.81 9933.95 1248.78
vertex 11023.220000000001 9968.66 1200.03
vertex 11023.220000000001 9968.66 1248.78
endloop
endfacet
facet normal 0.847998022109634 0.5299987638185386 -0.0008153827135950532
outer loop
vertex 11050.130000000001 9920.69 1233.8300000000002
vertex 11062.61 9900.67 1200.03
vertex 11041.81 9933.95 1200.03
endloop
endfacet
facet normal 0.8470638945081078 0.5314910710639996 0
outer loop
vertex 11050.130000000001 9920.69 1233.8300000000002
vertex 11041.81 9933.95 1200.03
vertex 11041.81 9933.95 1248.78
endloop
endfacet
facet normal 0.8470638945081078 0.5314910710639993 0
outer loop
vertex 11050.130000000001 9920.69 1233.8300000000002
vertex 11041.81 9933.95 1248.78
vertex 11041.81 9933.95 1249.56
endloop
endfacet
facet normal 0.8476714558210255 0.5305203145208608 0.001139678441544806
outer loop
vertex 11050.130000000001 9920.69 1233.8300000000002
vertex 11041.81 9933.95 1249.56
vertex 11062.61 9900.67 1270.75
endloop
endfacet
facet normal 0.8486168825713875 0.529007926797718 0
outer loop
vertex 11050.130000000001 9920.69 1233.8300000000002
vertex 11062.61 9900.67 1270.75
vertex 11062.61 9900.67 1200.03
endloop
endfacet
facet normal 0.8132864683199396 0.5818634895297006 0
outer loop
vertex 11085.49 9868.69 1200.03
vertex 11062.61 9900.67 1200.03
vertex 11062.61 9900.67 1270.75
endloop
endfacet
facet normal 0.8132864683199396 0.5818634895297005 0
outer loop
vertex 11085.49 9868.69 1200.03
vertex 11062.61 9900.67 1270.75
vertex 11085.49 9868.69 1291.42
endloop
endfacet
facet normal 0.7735905002689061 0.6336858353267049 0
outer loop
vertex 11100.44 9850.49 1250.3400000000001
vertex 11110.45 9838.27 1248.78
vertex 11110.45 9838.27 1200.03
endloop
endfacet
facet normal 0.7730733451300678 0.6343165908759757 -0.0002561032747338388
outer loop
vertex 11100.44 9850.49 1250.3400000000001
vertex 11110.45 9838.27 1200.03
vertex 11085.49 9868.69 1200.03
endloop
endfacet
facet normal 0.7727262545252316 0.6347394233600172 0
outer loop
vertex 11100.44 9850.49 1250.3400000000001
vertex 11085.49 9868.69 1200.03
vertex 11085.49 9868.69 1291.42
endloop
endfacet
facet normal 0.7729949793393135 0.634412092379124 0.00024281547767239406
outer loop
vertex 11100.44 9850.49 1250.3400000000001
vertex 11085.49 9868.69 1291.42
vertex 11110.45 9838.27 1311.44
endloop
endfacet
facet normal 0.7735905002689062 0.6336858353267049 0
outer loop
vertex 11100.44 9850.49 1250.3400000000001
vertex 11110.45 9838.27 1311.44
vertex 11110.45 9838.27 1248.78
endloop
endfacet
facet normal -0.6573181652192998 0.7536131830539679 0
outer loop
vertex 11411.01 10102.300000000001 1600.04
vertex 11411.01 10102.300000000001 1379.95
vertex 11387.61 10081.890000000001 1379.95
endloop
endfacet
facet normal -0.6573181652192998 0.7536131830539679 0
outer loop
vertex 11411.01 10102.300000000001 1600.04
vertex 11387.61 10081.890000000001 1379.95
vertex 11387.61 10081.890000000001 1600.04
endloop
endfacet
facet normal -0.6601964033239988 0.7510930095787446 0
outer loop
vertex 11273.73 9981.79 1248.78
vertex 11110.45 9838.27 1248.78
vertex 11110.45 9838.27 1311.44
endloop
endfacet
facet normal -0.6597129576555395 0.7515176734457948 0
outer loop
vertex 11411.01 10102.300000000001 1379.95
vertex 11411.01 10102.300000000001 1248.78
vertex 11273.73 9981.79 1248.78
endloop
endfacet
facet normal -0.6573117108861447 0.7536057831815608 -0.004431510717082239
outer loop
vertex 11411.01 10102.300000000001 1379.95
vertex 11273.73 9981.79 1248.78
vertex 11387.61 10081.890000000001 1379.95
endloop
endfacet
facet normal -0.6599756924730924 0.7512869527315527 0
outer loop
vertex 11411.01 10102.300000000001 1248.78
vertex 11411.01 10102.300000000001 1200.03
vertex 11110.45 9838.27 1200.03
endloop
endfacet
facet normal -0.6599756924730924 0.7512869527315527 0
outer loop
vertex 11411.01 10102.300000000001 1248.78
vertex 11110.45 9838.27 1200.03
vertex 11110.45 9838.27 1248.78
endloop
endfacet
facet normal 0.09814752048960912 -0.49025011476349334 -0.8660380414255042
outer loop
vertex 11188.58 9037.34 2235.61
vertex 10972.65 10116.86 1600.04
vertex 11364.86 10195.380000000001 1600.04
endloop
endfacet
facet normal 0.09798276146523098 -0.4902387916096264 -0.8660631072022297
outer loop
vertex 11188.58 9037.34 2235.61
vertex 11364.86 10195.380000000001 1600.04
vertex 11580.79 9115.73 2235.61
endloop
endfacet
facet normal 0.16979031005582376 -0.848951550279131 0.5004523113042912
outer loop
vertex 11387.61 10081.890000000001 1379.95
vertex 11273.73 9981.79 1248.78
vertex 11402.43 10007.53 1248.78
endloop
endfacet
facet normal 0.17213710728571982 -0.8483900287654071 0.5006028120044232
outer loop
vertex 11023.220000000001 9968.66 1311.57
vertex 11023.220000000001 9931.61 1248.78
vertex 11041.16 9935.25 1248.78
endloop
endfacet
facet normal 0.16897677162036104 -0.8496415335111727 0.4995559179766999
outer loop
vertex 11014.12 9955.92 1292.98
vertex 11023.220000000001 9968.66 1311.57
vertex 11006.970000000001 10004.41 1377.8700000000001
endloop
endfacet
facet normal 0.1671813015278739 -0.8499739329389122 0.49959456136331554
outer loop
vertex 11014.12 9955.92 1292.98
vertex 11006.970000000001 10004.41 1377.8700000000001
vertex 11006.970000000001 9945.65 1277.9
endloop
endfacet
facet normal 0.1589524985389802 -0.8494582260400221 0.503144934806219
outer loop
vertex 11014.12 9955.92 1292.98
vertex 11006.970000000001 9945.65 1277.9
vertex 11010.220000000001 9929.01 1248.78
endloop
endfacet
facet normal 0.16966893834211447 -0.8483446917104535 0.5015214206876465
outer loop
vertex 11014.12 9955.92 1292.98
vertex 11010.220000000001 9929.01 1248.78
vertex 11023.220000000001 9931.61 1248.78
endloop
endfacet
facet normal 0.16528263092551573 -0.8494004790381191 0.5011990404262098
outer loop
vertex 11014.12 9955.92 1292.98
vertex 11023.220000000001 9931.61 1248.78
vertex 11023.220000000001 9968.66 1311.57
endloop
endfacet
facet normal 0.16567944334127524 -0.8502136516098566 0.499686970683005
outer loop
vertex 11006.970000000001 10004.41 1377.8700000000001
vertex 10993.06 10041.2 1445.0800000000002
vertex 10993.06 10015.07 1400.6200000000001
endloop
endfacet
facet normal 0.16575255724916782 -0.8501818768316887 0.4997167858620606
outer loop
vertex 11006.970000000001 10004.41 1377.8700000000001
vertex 10993.06 10015.07 1400.6200000000001
vertex 11006.970000000001 9945.65 1277.9
endloop
endfacet
facet normal 0.18776497639209128 -0.8448307617939618 0.5010042889707748
outer loop
vertex 10993.06 10041.2 1445.0800000000002
vertex 10981.62 10078.9 1512.94
vertex 10981.62 10072.27 1501.76
endloop
endfacet
facet normal 0.16659282435347614 -0.8500809836789353 0.49960899917974416
outer loop
vertex 10993.06 10041.2 1445.0800000000002
vertex 10981.62 10072.27 1501.76
vertex 10993.06 10015.07 1400.6200000000001
endloop
endfacet
facet normal 0.20432353704438833 -0.8419832422396437 0.4993156436536791
outer loop
vertex 10981.62 10078.9 1512.94
vertex 10972.65 10117.12 1581.06
vertex 10981.62 10072.27 1501.76
endloop
endfacet
facet normal 0.19599112288111167 -0.9806056678811045 0.00006221940408537108
outer loop
vertex 10934.69 10986.95 1463.54
vertex 11196.12 11039.210000000001 1600.04
vertex 10803.91 10960.82 1600.04
endloop
endfacet
facet normal 0.19592867587547816 -0.9806181489089838 0
outer loop
vertex 10934.69 10986.95 1463.54
vertex 10803.91 10960.82 1600.04
vertex 10803.91 10960.82 1599.91
endloop
endfacet
facet normal 0.19592867587546045 -0.9806181489089872 0
outer loop
vertex 10934.69 10986.95 1463.54
vertex 10803.91 10960.82 1599.91
vertex 10803.91 10960.82 1581.06
endloop
endfacet
facet normal 0.1959286758754604 -0.9806181489089874 0
outer loop
vertex 10934.69 10986.95 1463.54
vertex 10803.91 10960.82 1581.06
vertex 10803.91 10960.82 1200.03
endloop
endfacet
facet normal 0.19599112315868172 -0.9806056692698755 -0.00003223008109628169
outer loop
vertex 10934.69 10986.95 1463.54
vertex 10803.91 10960.82 1200.03
vertex 11196.12 11039.210000000001 1200.03
endloop
endfacet
facet normal 0.1960223615847302 -0.9805994257385354 0
outer loop
vertex 10934.69 10986.95 1463.54
vertex 11196.12 11039.210000000001 1200.03
vertex 11196.12 11039.210000000001 1600.04
endloop
endfacet
endsolid JSCAD
