solid JSCAD
facet normal -1 0 0
outer loop
vertex 0 11547.640000000003 3619.070000000001
vertex 0 0 0
vertex 0 0 3999.970000000001
endloop
endfacet
facet normal -1 0 0
outer loop
vertex 0 11547.640000000003 3619.070000000001
vertex 0 0 3999.970000000001
vertex 0 12100.010000000004 3999.970000000001
endloop
endfacet
facet normal -1 0 0
outer loop
vertex 0 11547.640000000003 3619.070000000001
vertex 0 12100.010000000004 3999.970000000001
vertex 0 12107.680000000002 3999.970000000001
endloop
endfacet
facet normal -1 0 0
outer loop
vertex 0 11547.640000000003 3619.070000000001
vertex 0 12107.680000000002 3999.970000000001
vertex 0 12130.430000000002 3999.970000000001
endloop
endfacet
facet normal -0.9999999999999999 0 0
outer loop
vertex 0 11547.640000000003 3619.070000000001
vertex 0 12130.430000000002 3999.970000000001
vertex 0 12167.350000000002 3999.970000000001
endloop
endfacet
facet normal -1 0 0
outer loop
vertex 0 11547.640000000003 3619.070000000001
vertex 0 12167.350000000002 3999.970000000001
vertex 0 12217.140000000003 3999.970000000001
endloop
endfacet
facet normal -1 0 0
outer loop
vertex 0 11547.640000000003 3619.070000000001
vertex 0 12217.140000000003 3999.970000000001
vertex 0 12277.720000000003 3999.970000000001
endloop
endfacet
facet normal -1 0 0
outer loop
vertex 0 11547.640000000003 3619.070000000001
vertex 0 12277.720000000003 3999.970000000001
vertex 0 12346.880000000003 3999.970000000001
endloop
endfacet
facet normal -1 0 0
outer loop
vertex 0 11547.640000000003 3619.070000000001
vertex 0 12346.880000000003 3999.970000000001
vertex 0 12422.020000000002 3999.970000000001
endloop
endfacet
facet normal -0.9999999999999999 0 0
outer loop
vertex 0 11547.640000000003 3619.070000000001
vertex 0 12422.020000000002 3999.970000000001
vertex 0 12500.020000000002 3999.970000000001
endloop
endfacet
facet normal -0.9999999999999999 0 0
outer loop
vertex 0 11547.640000000003 3619.070000000001
vertex 0 12500.020000000002 3999.970000000001
vertex 0 12578.020000000002 3999.970000000001
endloop
endfacet
facet normal -1 0 0
outer loop
vertex 0 11547.640000000003 3619.070000000001
vertex 0 12578.020000000002 3999.970000000001
vertex 0 12653.030000000002 3999.970000000001
endloop
endfacet
facet normal -0.9999999999999999 0 0
outer loop
vertex 0 11547.640000000003 3619.070000000001
vertex 0 12653.030000000002 3999.970000000001
vertex 0 12722.190000000002 3999.970000000001
endloop
endfacet
facet normal -1 0 0
outer loop
vertex 0 11547.640000000003 3619.070000000001
vertex 0 12722.190000000002 3999.970000000001
vertex 0 12782.900000000003 3999.970000000001
endloop
endfacet
facet normal -1 0 0
outer loop
vertex 0 11547.640000000003 3619.070000000001
vertex 0 12782.900000000003 3999.970000000001
vertex 0 12832.560000000003 3999.970000000001
endloop
endfacet
facet normal -1 0 0
outer loop
vertex 0 11547.640000000003 3619.070000000001
vertex 0 12832.560000000003 3999.970000000001
vertex 0 12869.610000000002 3999.970000000001
endloop
endfacet
facet normal -1 0 0
outer loop
vertex 0 11547.640000000003 3619.070000000001
vertex 0 12869.610000000002 3999.970000000001
vertex 0 12892.360000000002 3999.970000000001
endloop
endfacet
facet normal -1 0 0
outer loop
vertex 0 11547.640000000003 3619.070000000001
vertex 0 12892.360000000002 3999.970000000001
vertex 0 12900.030000000002 3999.970000000001
endloop
endfacet
facet normal -1 0 0
outer loop
vertex 0 11547.640000000003 3619.070000000001
vertex 0 12900.030000000002 3999.970000000001
vertex 0 15000.050000000003 3999.970000000001
endloop
endfacet
facet normal -1 0 0
outer loop
vertex 0 11547.640000000003 3619.070000000001
vertex 0 15000.050000000003 3999.970000000001
vertex 0 15000.050000000003 0
endloop
endfacet
facet normal -1 0 0
outer loop
vertex 0 11547.640000000003 3619.070000000001
vertex 0 15000.050000000003 0
vertex 0 0 0
endloop
endfacet
facet normal 1 0 0
outer loop
vertex 19999.980000000003 11547.640000000003 3619.070000000001
vertex 19999.980000000003 0 0
vertex 19999.980000000003 15000.050000000003 0
endloop
endfacet
facet normal 1 0 0
outer loop
vertex 19999.980000000003 11547.640000000003 3619.070000000001
vertex 19999.980000000003 15000.050000000003 0
vertex 19999.980000000003 15000.050000000003 3999.970000000001
endloop
endfacet
facet normal 1 0 0
outer loop
vertex 19999.980000000003 11547.640000000003 3619.070000000001
vertex 19999.980000000003 15000.050000000003 3999.970000000001
vertex 19999.980000000003 12900.030000000002 3999.970000000001
endloop
endfacet
facet normal 1 0 0
outer loop
vertex 19999.980000000003 11547.640000000003 3619.070000000001
vertex 19999.980000000003 12900.030000000002 3999.970000000001
vertex 19999.980000000003 12892.360000000002 3999.970000000001
endloop
endfacet
facet normal 1 0 0
outer loop
vertex 19999.980000000003 11547.640000000003 3619.070000000001
vertex 19999.980000000003 12892.360000000002 3999.970000000001
vertex 19999.980000000003 12869.610000000002 3999.970000000001
endloop
endfacet
facet normal 1 0 0
outer loop
vertex 19999.980000000003 11547.640000000003 3619.070000000001
vertex 19999.980000000003 12869.610000000002 3999.970000000001
vertex 19999.980000000003 12832.560000000003 3999.970000000001
endloop
endfacet
facet normal 1 0 0
outer loop
vertex 19999.980000000003 11547.640000000003 3619.070000000001
vertex 19999.980000000003 12832.560000000003 3999.970000000001
vertex 19999.980000000003 12782.900000000003 3999.970000000001
endloop
endfacet
facet normal 1 0 0
outer loop
vertex 19999.980000000003 11547.640000000003 3619.070000000001
vertex 19999.980000000003 12782.900000000003 3999.970000000001
vertex 19999.980000000003 12722.190000000002 3999.970000000001
endloop
endfacet
facet normal 0.9999999999999999 0 0
outer loop
vertex 19999.980000000003 11547.640000000003 3619.070000000001
vertex 19999.980000000003 12722.190000000002 3999.970000000001
vertex 19999.980000000003 12653.030000000002 3999.970000000001
endloop
endfacet
facet normal 1 0 0
outer loop
vertex 19999.980000000003 11547.640000000003 3619.070000000001
vertex 19999.980000000003 12653.030000000002 3999.970000000001
vertex 19999.980000000003 12578.020000000002 3999.970000000001
endloop
endfacet
facet normal 0.9999999999999999 0 0
outer loop
vertex 19999.980000000003 11547.640000000003 3619.070000000001
vertex 19999.980000000003 12578.020000000002 3999.970000000001
vertex 19999.980000000003 12500.020000000002 3999.970000000001
endloop
endfacet
facet normal 0.9999999999999999 0 0
outer loop
vertex 19999.980000000003 11547.640000000003 3619.070000000001
vertex 19999.980000000003 12500.020000000002 3999.970000000001
vertex 19999.980000000003 12422.020000000002 3999.970000000001
endloop
endfacet
facet normal 1 0 0
outer loop
vertex 19999.980000000003 11547.640000000003 3619.070000000001
vertex 19999.980000000003 12422.020000000002 3999.970000000001
vertex 19999.980000000003 12346.880000000003 3999.970000000001
endloop
endfacet
facet normal 1 0 0
outer loop
vertex 19999.980000000003 11547.640000000003 3619.070000000001
vertex 19999.980000000003 12346.880000000003 3999.970000000001
vertex 19999.980000000003 12277.720000000003 3999.970000000001
endloop
endfacet
facet normal 1 0 0
outer loop
vertex 19999.980000000003 11547.640000000003 3619.070000000001
vertex 19999.980000000003 12277.720000000003 3999.970000000001
vertex 19999.980000000003 12217.140000000003 3999.970000000001
endloop
endfacet
facet normal 1 0 0
outer loop
vertex 19999.980000000003 11547.640000000003 3619.070000000001
vertex 19999.980000000003 12217.140000000003 3999.970000000001
vertex 19999.980000000003 12167.350000000002 3999.970000000001
endloop
endfacet
facet normal 0.9999999999999999 0 0
outer loop
vertex 19999.980000000003 11547.640000000003 3619.070000000001
vertex 19999.980000000003 12167.350000000002 3999.970000000001
vertex 19999.980000000003 12130.430000000002 3999.970000000001
endloop
endfacet
facet normal 1 0 0
outer loop
vertex 19999.980000000003 11547.640000000003 3619.070000000001
vertex 19999.980000000003 12130.430000000002 3999.970000000001
vertex 19999.980000000003 12107.680000000002 3999.970000000001
endloop
endfacet
facet normal 1 0 0
outer loop
vertex 19999.980000000003 11547.640000000003 3619.070000000001
vertex 19999.980000000003 12107.680000000002 3999.970000000001
vertex 19999.980000000003 12100.010000000004 3999.970000000001
endloop
endfacet
facet normal 1 0 0
outer loop
vertex 19999.980000000003 11547.640000000003 3619.070000000001
vertex 19999.980000000003 12100.010000000004 3999.970000000001
vertex 19999.980000000003 0 3999.970000000001
endloop
endfacet
facet normal 1 0 0
outer loop
vertex 19999.980000000003 11547.640000000003 3619.070000000001
vertex 19999.980000000003 0 3999.970000000001
vertex 19999.980000000003 0 0
endloop
endfacet
facet normal 0 -0.9999999999999999 0
outer loop
vertex 0 0 0
vertex 19999.980000000003 0 0
vertex 19999.980000000003 0 3999.970000000001
endloop
endfacet
facet normal 0 -0.9999999999999999 0
outer loop
vertex 0 0 0
vertex 19999.980000000003 0 3999.970000000001
vertex 0 0 3999.970000000001
endloop
endfacet
facet normal 0 0.9999999999999999 0
outer loop
vertex 0 15000.050000000003 0
vertex 0 15000.050000000003 3999.970000000001
vertex 19999.980000000003 15000.050000000003 3999.970000000001
endloop
endfacet
facet normal 0 0.9999999999999999 0
outer loop
vertex 0 15000.050000000003 0
vertex 19999.980000000003 15000.050000000003 3999.970000000001
vertex 19999.980000000003 15000.050000000003 0
endloop
endfacet
facet normal 0 0 -1
outer loop
vertex 0 0 0
vertex 0 15000.050000000003 0
vertex 19999.980000000003 15000.050000000003 0
endloop
endfacet
facet normal 0 0 -1
outer loop
vertex 0 0 0
vertex 19999.980000000003 15000.050000000003 0
vertex 19999.980000000003 0 0
endloop
endfacet
facet normal 0 -1 0
outer loop
vertex 10899.980000000003 10200.060000000003 199.94000000000005
vertex 10899.980000000003 10200.060000000003 599.9500000000002
vertex 10499.970000000003 10200.060000000003 599.9500000000002
endloop
endfacet
facet normal 0 -1 0
outer loop
vertex 10899.980000000003 10200.060000000003 199.94000000000005
vertex 10499.970000000003 10200.060000000003 599.9500000000002
vertex 10499.970000000003 10200.060000000003 199.94000000000005
endloop
endfacet
facet normal 0 1 0
outer loop
vertex 10499.970000000003 7800.000000000002 599.9500000000002
vertex 10899.980000000003 7800.000000000002 599.9500000000002
vertex 10899.980000000003 7800.000000000002 199.94000000000005
endloop
endfacet
facet normal 0 1 0
outer loop
vertex 10499.970000000003 7800.000000000002 599.9500000000002
vertex 10899.980000000003 7800.000000000002 199.94000000000005
vertex 10499.970000000003 7800.000000000002 199.94000000000005
endloop
endfacet
facet normal 0 0 1
outer loop
vertex 12299.950000000003 12699.960000000003 199.94000000000005
vertex 12299.950000000003 12299.950000000003 199.94000000000005
vertex 12699.960000000003 12299.950000000003 199.94000000000005
endloop
endfacet
facet normal 0 0 1
outer loop
vertex 12299.950000000003 12699.960000000003 199.94000000000005
vertex 12699.960000000003 12299.950000000003 199.94000000000005
vertex 12699.960000000003 12699.960000000003 199.94000000000005
endloop
endfacet
facet normal 0 0 1
outer loop
vertex 9999.990000000002 12500.020000000002 199.94000000000005
vertex 9960.990000000002 12696.190000000002 199.94000000000005
vertex 9923.420000000002 12684.750000000004 199.94000000000005
endloop
endfacet
facet normal 0 0 1
outer loop
vertex 9999.990000000002 12500.020000000002 199.94000000000005
vertex 9923.420000000002 12684.750000000004 199.94000000000005
vertex 9888.840000000002 12666.290000000003 199.94000000000005
endloop
endfacet
facet normal 0 0 1
outer loop
vertex 9999.990000000002 12500.020000000002 199.94000000000005
vertex 9888.840000000002 12666.290000000003 199.94000000000005
vertex 9858.550000000003 12641.460000000003 199.94000000000005
endloop
endfacet
facet normal 0 0 1
outer loop
vertex 9999.990000000002 12500.020000000002 199.94000000000005
vertex 9858.550000000003 12641.460000000003 199.94000000000005
vertex 9833.720000000003 12611.170000000004 199.94000000000005
endloop
endfacet
facet normal 0 0 0.9999999999999999
outer loop
vertex 9999.990000000002 12500.020000000002 199.94000000000005
vertex 9833.720000000003 12611.170000000004 199.94000000000005
vertex 9815.260000000002 12576.590000000004 199.94000000000005
endloop
endfacet
facet normal 0 0 1
outer loop
vertex 9999.990000000002 12500.020000000002 199.94000000000005
vertex 9815.260000000002 12576.590000000004 199.94000000000005
vertex 9803.820000000002 12539.020000000002 199.94000000000005
endloop
endfacet
facet normal 0 0 1
outer loop
vertex 9999.990000000002 12500.020000000002 199.94000000000005
vertex 9803.820000000002 12539.020000000002 199.94000000000005
vertex 9800.050000000003 12500.020000000002 199.94000000000005
endloop
endfacet
facet normal 0 0 1
outer loop
vertex 9999.990000000002 12500.020000000002 199.94000000000005
vertex 9800.050000000003 12500.020000000002 199.94000000000005
vertex 9803.820000000002 12461.020000000002 199.94000000000005
endloop
endfacet
facet normal 0 0 1
outer loop
vertex 9999.990000000002 12500.020000000002 199.94000000000005
vertex 9803.820000000002 12461.020000000002 199.94000000000005
vertex 9815.260000000002 12423.450000000003 199.94000000000005
endloop
endfacet
facet normal 0 0 0.9999999999999999
outer loop
vertex 9999.990000000002 12500.020000000002 199.94000000000005
vertex 9815.260000000002 12423.450000000003 199.94000000000005
vertex 9833.720000000003 12388.870000000003 199.94000000000005
endloop
endfacet
facet normal 0 0 1
outer loop
vertex 9999.990000000002 12500.020000000002 199.94000000000005
vertex 9833.720000000003 12388.870000000003 199.94000000000005
vertex 9858.550000000003 12358.580000000004 199.94000000000005
endloop
endfacet
facet normal 0 0 1
outer loop
vertex 9999.990000000002 12500.020000000002 199.94000000000005
vertex 9858.550000000003 12358.580000000004 199.94000000000005
vertex 9888.840000000002 12333.750000000004 199.94000000000005
endloop
endfacet
facet normal 0 0 1
outer loop
vertex 9999.990000000002 12500.020000000002 199.94000000000005
vertex 9888.840000000002 12333.750000000004 199.94000000000005
vertex 9923.420000000002 12315.160000000003 199.94000000000005
endloop
endfacet
facet normal 0 0 1
outer loop
vertex 9999.990000000002 12500.020000000002 199.94000000000005
vertex 9923.420000000002 12315.160000000003 199.94000000000005
vertex 9960.990000000002 12303.850000000002 199.94000000000005
endloop
endfacet
facet normal 0 0 1
outer loop
vertex 9999.990000000002 12500.020000000002 199.94000000000005
vertex 9960.990000000002 12303.850000000002 199.94000000000005
vertex 9999.990000000002 12299.950000000003 199.94000000000005
endloop
endfacet
facet normal 0 0 1
outer loop
vertex 9999.990000000002 12500.020000000002 199.94000000000005
vertex 9999.990000000002 12299.950000000003 199.94000000000005
vertex 10038.990000000002 12303.850000000002 199.94000000000005
endloop
endfacet
facet normal 0 0 0.9999999999999999
outer loop
vertex 9999.990000000002 12500.020000000002 199.94000000000005
vertex 10038.990000000002 12303.850000000002 199.94000000000005
vertex 10076.560000000003 12315.160000000003 199.94000000000005
endloop
endfacet
facet normal 0 0 1
outer loop
vertex 9999.990000000002 12500.020000000002 199.94000000000005
vertex 10076.560000000003 12315.160000000003 199.94000000000005
vertex 10111.140000000003 12333.750000000004 199.94000000000005
endloop
endfacet
facet normal 0 0 1
outer loop
vertex 9999.990000000002 12500.020000000002 199.94000000000005
vertex 10111.140000000003 12333.750000000004 199.94000000000005
vertex 10141.430000000002 12358.580000000004 199.94000000000005
endloop
endfacet
facet normal 0 0 1
outer loop
vertex 9999.990000000002 12500.020000000002 199.94000000000005
vertex 10141.430000000002 12358.580000000004 199.94000000000005
vertex 10166.260000000002 12388.870000000003 199.94000000000005
endloop
endfacet
facet normal 0 0 1
outer loop
vertex 9999.990000000002 12500.020000000002 199.94000000000005
vertex 10166.260000000002 12388.870000000003 199.94000000000005
vertex 10184.720000000003 12423.450000000003 199.94000000000005
endloop
endfacet
facet normal 0 0 1
outer loop
vertex 9999.990000000002 12500.020000000002 199.94000000000005
vertex 10184.720000000003 12423.450000000003 199.94000000000005
vertex 10196.160000000002 12461.020000000002 199.94000000000005
endloop
endfacet
facet normal 0 0 1
outer loop
vertex 9999.990000000002 12500.020000000002 199.94000000000005
vertex 10196.160000000002 12461.020000000002 199.94000000000005
vertex 10200.060000000003 12500.020000000002 199.94000000000005
endloop
endfacet
facet normal 0 0 1
outer loop
vertex 9999.990000000002 12500.020000000002 199.94000000000005
vertex 10200.060000000003 12500.020000000002 199.94000000000005
vertex 10196.160000000002 12539.020000000002 199.94000000000005
endloop
endfacet
facet normal 0 0 0.9999999999999999
outer loop
vertex 9999.990000000002 12500.020000000002 199.94000000000005
vertex 10196.160000000002 12539.020000000002 199.94000000000005
vertex 10184.720000000003 12576.590000000004 199.94000000000005
endloop
endfacet
facet normal 0 0 1
outer loop
vertex 9999.990000000002 12500.020000000002 199.94000000000005
vertex 10184.720000000003 12576.590000000004 199.94000000000005
vertex 10166.260000000002 12611.170000000004 199.94000000000005
endloop
endfacet
facet normal 0 0 1
outer loop
vertex 9999.990000000002 12500.020000000002 199.94000000000005
vertex 10166.260000000002 12611.170000000004 199.94000000000005
vertex 10141.430000000002 12641.460000000003 199.94000000000005
endloop
endfacet
facet normal 0 0 1
outer loop
vertex 9999.990000000002 12500.020000000002 199.94000000000005
vertex 10141.430000000002 12641.460000000003 199.94000000000005
vertex 10111.140000000003 12666.290000000003 199.94000000000005
endloop
endfacet
facet normal 0 0 1
outer loop
vertex 9999.990000000002 12500.020000000002 199.94000000000005
vertex 10111.140000000003 12666.290000000003 199.94000000000005
vertex 10076.560000000003 12684.750000000004 199.94000000000005
endloop
endfacet
facet normal 0 0 0.9999999999999999
outer loop
vertex 9999.990000000002 12500.020000000002 199.94000000000005
vertex 10076.560000000003 12684.750000000004 199.94000000000005
vertex 10038.990000000002 12696.190000000002 199.94000000000005
endloop
endfacet
facet normal 0 0 1
outer loop
vertex 9999.990000000002 12500.020000000002 199.94000000000005
vertex 10038.990000000002 12696.190000000002 199.94000000000005
vertex 9999.990000000002 12699.960000000003 199.94000000000005
endloop
endfacet
facet normal 0 0 1
outer loop
vertex 9999.990000000002 12500.020000000002 199.94000000000005
vertex 9999.990000000002 12699.960000000003 199.94000000000005
vertex 9960.990000000002 12696.190000000002 199.94000000000005
endloop
endfacet
facet normal 0 0 1
outer loop
vertex 1333.5400000000004 12389.000000000004 199.94000000000005
vertex 2285.0100000000007 10961.860000000002 199.94000000000005
vertex 2617.810000000001 11183.770000000002 199.94000000000005
endloop
endfacet
facet normal 0 0 1
outer loop
vertex 1333.5400000000004 12389.000000000004 199.94000000000005
vertex 2617.810000000001 11183.770000000002 199.94000000000005
vertex 1666.4700000000005 12610.910000000003 199.94000000000005
endloop
endfacet
facet normal 0 0 1
outer loop
vertex 10499.970000000003 10200.060000000003 199.94000000000005
vertex 10499.970000000003 9199.970000000003 199.94000000000005
vertex 10899.980000000003 9199.970000000003 199.94000000000005
endloop
endfacet
facet normal 0 0 1
outer loop
vertex 10499.970000000003 10200.060000000003 199.94000000000005
vertex 10899.980000000003 9199.970000000003 199.94000000000005
vertex 10899.980000000003 10200.060000000003 199.94000000000005
endloop
endfacet
facet normal 0 0 1
outer loop
vertex 11060.010000000002 9199.970000000003 199.94000000000005
vertex 11060.010000000002 9100.000000000002 199.94000000000005
vertex 12260.040000000003 9100.000000000002 199.94000000000005
endloop
endfacet
facet normal 0 0 1
outer loop
vertex 11060.010000000002 9199.970000000003 199.94000000000005
vertex 12260.040000000003 9100.000000000002 199.94000000000005
vertex 12260.040000000003 9199.970000000003 199.94000000000005
endloop
endfacet
facet normal 0 0 1
outer loop
vertex 10259.990000000003 9159.930000000002 199.94000000000005
vertex 10499.970000000003 9199.970000000003 199.94000000000005
vertex 9500.010000000002 9199.970000000003 199.94000000000005
endloop
endfacet
facet normal 0 0 1
outer loop
vertex 10259.990000000003 9159.930000000002 199.94000000000005
vertex 9500.010000000002 9199.970000000003 199.94000000000005
vertex 9500.010000000002 9100.000000000002 199.94000000000005
endloop
endfacet
facet normal 0 0 1
outer loop
vertex 10259.990000000003 9159.930000000002 199.94000000000005
vertex 9500.010000000002 9100.000000000002 199.94000000000005
vertex 10899.980000000003 9100.000000000002 199.94000000000005
endloop
endfacet
facet normal 0 0 1
outer loop
vertex 10259.990000000003 9159.930000000002 199.94000000000005
vertex 10899.980000000003 9100.000000000002 199.94000000000005
vertex 10899.980000000003 9199.970000000003 199.94000000000005
endloop
endfacet
facet normal 0 0 0.9999999999999999
outer loop
vertex 10259.990000000003 9159.930000000002 199.94000000000005
vertex 10899.980000000003 9199.970000000003 199.94000000000005
vertex 10499.970000000003 9199.970000000003 199.94000000000005
endloop
endfacet
facet normal 0 0 0.9999999999999999
outer loop
vertex 10930.010000000002 9000.030000000002 199.94000000000005
vertex 11060.010000000002 9100.000000000002 199.94000000000005
vertex 10899.980000000003 9100.000000000002 199.94000000000005
endloop
endfacet
facet normal 0 0 1
outer loop
vertex 10930.010000000002 9000.030000000002 199.94000000000005
vertex 10899.980000000003 9100.000000000002 199.94000000000005
vertex 9500.010000000002 9100.000000000002 199.94000000000005
endloop
endfacet
facet normal 0 0 0.9999999999999999
outer loop
vertex 10930.010000000002 9000.030000000002 199.94000000000005
vertex 9500.010000000002 9100.000000000002 199.94000000000005
vertex 9500.010000000002 8900.060000000001 199.94000000000005
endloop
endfacet
facet normal 0 0 1
outer loop
vertex 10930.010000000002 9000.030000000002 199.94000000000005
vertex 9500.010000000002 8900.060000000001 199.94000000000005
vertex 10899.980000000003 8900.060000000001 199.94000000000005
endloop
endfacet
facet normal 0 0 0.9999999999999999
outer loop
vertex 10930.010000000002 9000.030000000002 199.94000000000005
vertex 10899.980000000003 8900.060000000001 199.94000000000005
vertex 11060.010000000002 8900.060000000001 199.94000000000005
endloop
endfacet
facet normal 0 0 1
outer loop
vertex 10930.010000000002 9000.030000000002 199.94000000000005
vertex 11060.010000000002 8900.060000000001 199.94000000000005
vertex 12260.040000000003 8900.060000000001 199.94000000000005
endloop
endfacet
facet normal 0 0 1
outer loop
vertex 10930.010000000002 9000.030000000002 199.94000000000005
vertex 12260.040000000003 8900.060000000001 199.94000000000005
vertex 12260.040000000003 9100.000000000002 199.94000000000005
endloop
endfacet
facet normal 0 0 1
outer loop
vertex 10930.010000000002 9000.030000000002 199.94000000000005
vertex 12260.040000000003 9100.000000000002 199.94000000000005
vertex 11060.010000000002 9100.000000000002 199.94000000000005
endloop
endfacet
facet normal 0 0 0.9999999999999999
outer loop
vertex 11060.010000000002 8900.060000000001 199.94000000000005
vertex 11060.010000000002 8799.960000000003 199.94000000000005
vertex 12260.040000000003 8799.960000000003 199.94000000000005
endloop
endfacet
facet normal 0 0 0.9999999999999999
outer loop
vertex 11060.010000000002 8900.060000000001 199.94000000000005
vertex 12260.040000000003 8799.960000000003 199.94000000000005
vertex 12260.040000000003 8900.060000000001 199.94000000000005
endloop
endfacet
facet normal 0 0 1
outer loop
vertex 10259.990000000003 8840.000000000002 199.94000000000005
vertex 9500.010000000002 8900.060000000001 199.94000000000005
vertex 9500.010000000002 8799.960000000003 199.94000000000005
endloop
endfacet
facet normal 0 0 1
outer loop
vertex 10259.990000000003 8840.000000000002 199.94000000000005
vertex 9500.010000000002 8799.960000000003 199.94000000000005
vertex 10499.970000000003 8799.960000000003 199.94000000000005
endloop
endfacet
facet normal 0 0 1
outer loop
vertex 10259.990000000003 8840.000000000002 199.94000000000005
vertex 10499.970000000003 8799.960000000003 199.94000000000005
vertex 10899.980000000003 8799.960000000003 199.94000000000005
endloop
endfacet
facet normal 0 0 1
outer loop
vertex 10259.990000000003 8840.000000000002 199.94000000000005
vertex 10899.980000000003 8799.960000000003 199.94000000000005
vertex 10899.980000000003 8900.060000000001 199.94000000000005
endloop
endfacet
facet normal 0 0 1
outer loop
vertex 10259.990000000003 8840.000000000002 199.94000000000005
vertex 10899.980000000003 8900.060000000001 199.94000000000005
vertex 9500.010000000002 8900.060000000001 199.94000000000005
endloop
endfacet
facet normal 0 0 1
outer loop
vertex 10499.970000000003 8799.960000000003 199.94000000000005
vertex 10499.970000000003 7800.000000000002 199.94000000000005
vertex 10899.980000000003 7800.000000000002 199.94000000000005
endloop
endfacet
facet normal 0 0 1
outer loop
vertex 10499.970000000003 8799.960000000003 199.94000000000005
vertex 10899.980000000003 7800.000000000002 199.94000000000005
vertex 10899.980000000003 8799.960000000003 199.94000000000005
endloop
endfacet
facet normal 0 0 0.9999999999999999
outer loop
vertex 5509.660000000002 6846.190000000001 199.94000000000005
vertex 6009.640000000001 6846.190000000001 199.94000000000005
vertex 8659.950000000003 10379.980000000003 199.94000000000005
endloop
endfacet
facet normal 0 0 0.9999999999999999
outer loop
vertex 5509.660000000002 6846.190000000001 199.94000000000005
vertex 8659.950000000003 10379.980000000003 199.94000000000005
vertex 8340.020000000002 10619.960000000003 199.94000000000005
endloop
endfacet
facet normal 0 0 1
outer loop
vertex 3804.190000000001 8683.220000000003 199.94000000000005
vertex 5028.920000000001 6846.190000000001 199.94000000000005
vertex 5509.660000000002 6846.190000000001 199.94000000000005
endloop
endfacet
facet normal 0 0 1
outer loop
vertex 3804.190000000001 8683.220000000003 199.94000000000005
vertex 5509.660000000002 6846.190000000001 199.94000000000005
vertex 4136.990000000001 8905.130000000003 199.94000000000005
endloop
endfacet
facet normal 0 0 1
outer loop
vertex 5509.790000000002 6663.410000000002 199.94000000000005
vertex 5509.660000000002 6846.190000000001 199.94000000000005
vertex 5028.920000000001 6846.190000000001 199.94000000000005
endloop
endfacet
facet normal 0 0 1
outer loop
vertex 5509.790000000002 6663.410000000002 199.94000000000005
vertex 5028.920000000001 6846.190000000001 199.94000000000005
vertex 5333.640000000001 6389.1100000000015 199.94000000000005
endloop
endfacet
facet normal 0 0 1
outer loop
vertex 5509.790000000002 6663.410000000002 199.94000000000005
vertex 5333.640000000001 6389.1100000000015 199.94000000000005
vertex 5666.830000000002 6389.1100000000015 199.94000000000005
endloop
endfacet
facet normal 0 0 1
outer loop
vertex 5509.790000000002 6663.410000000002 199.94000000000005
vertex 5666.830000000002 6389.1100000000015 199.94000000000005
vertex 6009.640000000001 6846.190000000001 199.94000000000005
endloop
endfacet
facet normal 0 0 1
outer loop
vertex 5509.790000000002 6663.410000000002 199.94000000000005
vertex 6009.640000000001 6846.190000000001 199.94000000000005
vertex 5509.660000000002 6846.190000000001 199.94000000000005
endloop
endfacet
facet normal 0 0 1
outer loop
vertex 5499.130000000001 6384.690000000001 199.94000000000005
vertex 5333.640000000001 6389.1100000000015 199.94000000000005
vertex 5333.770000000001 6388.850000000001 199.94000000000005
endloop
endfacet
facet normal 0 0 1
outer loop
vertex 5499.130000000001 6384.690000000001 199.94000000000005
vertex 5333.770000000001 6388.850000000001 199.94000000000005
vertex 5340.660000000002 6380.4000000000015 199.94000000000005
endloop
endfacet
facet normal 0 0 1
outer loop
vertex 5499.130000000001 6384.690000000001 199.94000000000005
vertex 5340.660000000002 6380.4000000000015 199.94000000000005
vertex 5659.420000000001 6380.4000000000015 199.94000000000005
endloop
endfacet
facet normal 0 0 0.9999999999999999
outer loop
vertex 5499.130000000001 6384.690000000001 199.94000000000005
vertex 5659.420000000001 6380.4000000000015 199.94000000000005
vertex 5660.330000000002 6380.4000000000015 199.94000000000005
endloop
endfacet
facet normal 0 0 1
outer loop
vertex 5499.130000000001 6384.690000000001 199.94000000000005
vertex 5660.330000000002 6380.4000000000015 199.94000000000005
vertex 5666.830000000002 6389.1100000000015 199.94000000000005
endloop
endfacet
facet normal 0 0 1
outer loop
vertex 5499.130000000001 6384.690000000001 199.94000000000005
vertex 5666.830000000002 6389.1100000000015 199.94000000000005
vertex 5333.640000000001 6389.1100000000015 199.94000000000005
endloop
endfacet
facet normal 0 0 1
outer loop
vertex 5659.420000000001 6380.4000000000015 199.94000000000005
vertex 5659.940000000001 6380.010000000001 199.94000000000005
vertex 5660.330000000002 6380.4000000000015 199.94000000000005
endloop
endfacet
facet normal 0 0 1
outer loop
vertex 5500.040000000002 6334.9000000000015 199.94000000000005
vertex 5340.660000000002 6380.4000000000015 199.94000000000005
vertex 5358.600000000001 6358.560000000001 199.94000000000005
endloop
endfacet
facet normal 0 0 1
outer loop
vertex 5500.040000000002 6334.9000000000015 199.94000000000005
vertex 5358.600000000001 6358.560000000001 199.94000000000005
vertex 5388.890000000001 6333.730000000001 199.94000000000005
endloop
endfacet
facet normal 0 0 1
outer loop
vertex 5500.040000000002 6334.9000000000015 199.94000000000005
vertex 5388.890000000001 6333.730000000001 199.94000000000005
vertex 5423.470000000001 6315.270000000001 199.94000000000005
endloop
endfacet
facet normal 0 0 1
outer loop
vertex 5500.040000000002 6334.9000000000015 199.94000000000005
vertex 5423.470000000001 6315.270000000001 199.94000000000005
vertex 5461.040000000002 6303.830000000002 199.94000000000005
endloop
endfacet
facet normal 0 0 1
outer loop
vertex 5500.040000000002 6334.9000000000015 199.94000000000005
vertex 5461.040000000002 6303.830000000002 199.94000000000005
vertex 5500.040000000002 6300.060000000001 199.94000000000005
endloop
endfacet
facet normal 0 0 1
outer loop
vertex 5500.040000000002 6334.9000000000015 199.94000000000005
vertex 5500.040000000002 6300.060000000001 199.94000000000005
vertex 5539.040000000002 6303.830000000002 199.94000000000005
endloop
endfacet
facet normal 0 0 1
outer loop
vertex 5500.040000000002 6334.9000000000015 199.94000000000005
vertex 5539.040000000002 6303.830000000002 199.94000000000005
vertex 5576.480000000001 6315.270000000001 199.94000000000005
endloop
endfacet
facet normal 0 0 1
outer loop
vertex 5500.040000000002 6334.9000000000015 199.94000000000005
vertex 5576.480000000001 6315.270000000001 199.94000000000005
vertex 5611.060000000001 6333.730000000001 199.94000000000005
endloop
endfacet
facet normal 0 0 1
outer loop
vertex 5500.040000000002 6334.9000000000015 199.94000000000005
vertex 5611.060000000001 6333.730000000001 199.94000000000005
vertex 5641.480000000001 6358.560000000001 199.94000000000005
endloop
endfacet
facet normal 0 0 1
outer loop
vertex 5500.040000000002 6334.9000000000015 199.94000000000005
vertex 5641.480000000001 6358.560000000001 199.94000000000005
vertex 5659.420000000001 6380.4000000000015 199.94000000000005
endloop
endfacet
facet normal 0 0 1
outer loop
vertex 5500.040000000002 6334.9000000000015 199.94000000000005
vertex 5659.420000000001 6380.4000000000015 199.94000000000005
vertex 5340.660000000002 6380.4000000000015 199.94000000000005
endloop
endfacet
facet normal 0 0 -1
outer loop
vertex 2617.810000000001 11183.770000000002 599.9500000000002
vertex 2285.0100000000007 10961.860000000002 599.9500000000002
vertex 1333.5400000000004 12389.000000000004 599.9500000000002
endloop
endfacet
facet normal 0 0 -1
outer loop
vertex 2617.810000000001 11183.770000000002 599.9500000000002
vertex 1333.5400000000004 12389.000000000004 599.9500000000002
vertex 1666.4700000000005 12610.910000000003 599.9500000000002
endloop
endfacet
facet normal 0 0 -1
outer loop
vertex 10899.980000000003 10200.060000000003 599.9500000000002
vertex 10899.980000000003 9199.970000000003 599.9500000000002
vertex 10499.970000000003 9199.970000000003 599.9500000000002
endloop
endfacet
facet normal 0 0 -1
outer loop
vertex 10899.980000000003 10200.060000000003 599.9500000000002
vertex 10499.970000000003 9199.970000000003 599.9500000000002
vertex 10499.970000000003 10200.060000000003 599.9500000000002
endloop
endfacet
facet normal 0 0 -0.9999999999999999
outer loop
vertex 10259.990000000003 9159.930000000002 599.9500000000002
vertex 10499.970000000003 9199.970000000003 599.9500000000002
vertex 10899.980000000003 9199.970000000003 599.9500000000002
endloop
endfacet
facet normal 0 0 -1
outer loop
vertex 10259.990000000003 9159.930000000002 599.9500000000002
vertex 10899.980000000003 9199.970000000003 599.9500000000002
vertex 10899.980000000003 9100.000000000002 599.9500000000002
endloop
endfacet
facet normal 0 0 -1
outer loop
vertex 10259.990000000003 9159.930000000002 599.9500000000002
vertex 10899.980000000003 9100.000000000002 599.9500000000002
vertex 9500.010000000002 9100.000000000002 599.9500000000002
endloop
endfacet
facet normal 0 0 -1
outer loop
vertex 10259.990000000003 9159.930000000002 599.9500000000002
vertex 9500.010000000002 9100.000000000002 599.9500000000002
vertex 9500.010000000002 9199.970000000003 599.9500000000002
endloop
endfacet
facet normal 0 0 -1
outer loop
vertex 10259.990000000003 9159.930000000002 599.9500000000002
vertex 9500.010000000002 9199.970000000003 599.9500000000002
vertex 10499.970000000003 9199.970000000003 599.9500000000002
endloop
endfacet
facet normal 0 0 -1
outer loop
vertex 12260.040000000003 9199.970000000003 599.9500000000002
vertex 12260.040000000003 9100.000000000002 599.9500000000002
vertex 11060.010000000002 9100.000000000002 599.9500000000002
endloop
endfacet
facet normal 0 0 -1
outer loop
vertex 12260.040000000003 9199.970000000003 599.9500000000002
vertex 11060.010000000002 9100.000000000002 599.9500000000002
vertex 11060.010000000002 9199.970000000003 599.9500000000002
endloop
endfacet
facet normal 0 0 -0.9999999999999999
outer loop
vertex 10930.010000000002 9000.030000000002 599.9500000000002
vertex 10899.980000000003 9100.000000000002 599.9500000000002
vertex 11060.010000000002 9100.000000000002 599.9500000000002
endloop
endfacet
facet normal 0 0 -1
outer loop
vertex 10930.010000000002 9000.030000000002 599.9500000000002
vertex 11060.010000000002 9100.000000000002 599.9500000000002
vertex 12260.040000000003 9100.000000000002 599.9500000000002
endloop
endfacet
facet normal 0 0 -1
outer loop
vertex 10930.010000000002 9000.030000000002 599.9500000000002
vertex 12260.040000000003 9100.000000000002 599.9500000000002
vertex 12260.040000000003 8900.060000000001 599.9500000000002
endloop
endfacet
facet normal 0 0 -1
outer loop
vertex 10930.010000000002 9000.030000000002 599.9500000000002
vertex 12260.040000000003 8900.060000000001 599.9500000000002
vertex 11060.010000000002 8900.060000000001 599.9500000000002
endloop
endfacet
facet normal 0 0 -0.9999999999999999
outer loop
vertex 10930.010000000002 9000.030000000002 599.9500000000002
vertex 11060.010000000002 8900.060000000001 599.9500000000002
vertex 10899.980000000003 8900.060000000001 599.9500000000002
endloop
endfacet
facet normal 0 0 -1
outer loop
vertex 10930.010000000002 9000.030000000002 599.9500000000002
vertex 10899.980000000003 8900.060000000001 599.9500000000002
vertex 9500.010000000002 8900.060000000001 599.9500000000002
endloop
endfacet
facet normal 0 0 -0.9999999999999999
outer loop
vertex 10930.010000000002 9000.030000000002 599.9500000000002
vertex 9500.010000000002 8900.060000000001 599.9500000000002
vertex 9500.010000000002 9100.000000000002 599.9500000000002
endloop
endfacet
facet normal 0 0 -1
outer loop
vertex 10930.010000000002 9000.030000000002 599.9500000000002
vertex 9500.010000000002 9100.000000000002 599.9500000000002
vertex 10899.980000000003 9100.000000000002 599.9500000000002
endloop
endfacet
facet normal 0 0 -1
outer loop
vertex 10259.990000000003 8840.000000000002 599.9500000000002
vertex 10899.980000000003 8900.060000000001 599.9500000000002
vertex 10899.980000000003 8799.960000000003 599.9500000000002
endloop
endfacet
facet normal 0 0 -1
outer loop
vertex 10259.990000000003 8840.000000000002 599.9500000000002
vertex 10899.980000000003 8799.960000000003 599.9500000000002
vertex 10499.970000000003 8799.960000000003 599.9500000000002
endloop
endfacet
facet normal 0 0 -1
outer loop
vertex 10259.990000000003 8840.000000000002 599.9500000000002
vertex 10499.970000000003 8799.960000000003 599.9500000000002
vertex 9500.010000000002 8799.960000000003 599.9500000000002
endloop
endfacet
facet normal 0 0 -1
outer loop
vertex 10259.990000000003 8840.000000000002 599.9500000000002
vertex 9500.010000000002 8799.960000000003 599.9500000000002
vertex 9500.010000000002 8900.060000000001 599.9500000000002
endloop
endfacet
facet normal 0 0 -1
outer loop
vertex 10259.990000000003 8840.000000000002 599.9500000000002
vertex 9500.010000000002 8900.060000000001 599.9500000000002
vertex 10899.980000000003 8900.060000000001 599.9500000000002
endloop
endfacet
facet normal 0 0 -0.9999999999999999
outer loop
vertex 12260.040000000003 8900.060000000001 599.9500000000002
vertex 12260.040000000003 8799.960000000003 599.9500000000002
vertex 11060.010000000002 8799.960000000003 599.9500000000002
endloop
endfacet
facet normal 0 0 -0.9999999999999999
outer loop
vertex 12260.040000000003 8900.060000000001 599.9500000000002
vertex 11060.010000000002 8799.960000000003 599.9500000000002
vertex 11060.010000000002 8900.060000000001 599.9500000000002
endloop
endfacet
facet normal 0 0 -1
outer loop
vertex 10899.980000000003 8799.960000000003 599.9500000000002
vertex 10899.980000000003 7800.000000000002 599.9500000000002
vertex 10499.970000000003 7800.000000000002 599.9500000000002
endloop
endfacet
facet normal 0 0 -1
outer loop
vertex 10899.980000000003 8799.960000000003 599.9500000000002
vertex 10499.970000000003 7800.000000000002 599.9500000000002
vertex 10499.970000000003 8799.960000000003 599.9500000000002
endloop
endfacet
facet normal 0 0 -0.9999999999999999
outer loop
vertex 5509.660000000002 6846.190000000001 599.9500000000002
vertex 5028.920000000001 6846.190000000001 599.9500000000002
vertex 3804.190000000001 8683.220000000003 599.9500000000002
endloop
endfacet
facet normal 0 0 -1
outer loop
vertex 5509.660000000002 6846.190000000001 599.9500000000002
vertex 3804.190000000001 8683.220000000003 599.9500000000002
vertex 4136.990000000001 8905.130000000003 599.9500000000002
endloop
endfacet
facet normal 0 0 -1
outer loop
vertex 8659.950000000003 10379.980000000003 599.9500000000002
vertex 6009.640000000001 6846.190000000001 599.9500000000002
vertex 5509.660000000002 6846.190000000001 599.9500000000002
endloop
endfacet
facet normal 0 0 -1
outer loop
vertex 8659.950000000003 10379.980000000003 599.9500000000002
vertex 5509.660000000002 6846.190000000001 599.9500000000002
vertex 8340.020000000002 10619.960000000003 599.9500000000002
endloop
endfacet
facet normal 0 0 -1
outer loop
vertex 5509.790000000002 6663.410000000002 599.9500000000002
vertex 5509.660000000002 6846.190000000001 599.9500000000002
vertex 6009.640000000001 6846.190000000001 599.9500000000002
endloop
endfacet
facet normal 0 0 -1
outer loop
vertex 5509.790000000002 6663.410000000002 599.9500000000002
vertex 6009.640000000001 6846.190000000001 599.9500000000002
vertex 5666.830000000002 6389.1100000000015 599.9500000000002
endloop
endfacet
facet normal 0 0 -1
outer loop
vertex 5509.790000000002 6663.410000000002 599.9500000000002
vertex 5666.830000000002 6389.1100000000015 599.9500000000002
vertex 5333.640000000001 6389.1100000000015 599.9500000000002
endloop
endfacet
facet normal 0 0 -1
outer loop
vertex 5509.790000000002 6663.410000000002 599.9500000000002
vertex 5333.640000000001 6389.1100000000015 599.9500000000002
vertex 5028.920000000001 6846.190000000001 599.9500000000002
endloop
endfacet
facet normal 0 0 -1
outer loop
vertex 5509.790000000002 6663.410000000002 599.9500000000002
vertex 5028.920000000001 6846.190000000001 599.9500000000002
vertex 5509.660000000002 6846.190000000001 599.9500000000002
endloop
endfacet
facet normal 0 0 -1
outer loop
vertex 5499.130000000001 6384.690000000001 599.9500000000002
vertex 5666.830000000002 6389.1100000000015 599.9500000000002
vertex 5660.330000000002 6380.4000000000015 599.9500000000002
endloop
endfacet
facet normal 0 0 -0.9999999999999999
outer loop
vertex 5499.130000000001 6384.690000000001 599.9500000000002
vertex 5660.330000000002 6380.4000000000015 599.9500000000002
vertex 5659.420000000001 6380.4000000000015 599.9500000000002
endloop
endfacet
facet normal 0 0 -1
outer loop
vertex 5499.130000000001 6384.690000000001 599.9500000000002
vertex 5659.420000000001 6380.4000000000015 599.9500000000002
vertex 5340.660000000002 6380.4000000000015 599.9500000000002
endloop
endfacet
facet normal 0 0 -1
outer loop
vertex 5499.130000000001 6384.690000000001 599.9500000000002
vertex 5340.660000000002 6380.4000000000015 599.9500000000002
vertex 5333.770000000001 6388.850000000001 599.9500000000002
endloop
endfacet
facet normal 0 0 -1
outer loop
vertex 5499.130000000001 6384.690000000001 599.9500000000002
vertex 5333.770000000001 6388.850000000001 599.9500000000002
vertex 5333.640000000001 6389.1100000000015 599.9500000000002
endloop
endfacet
facet normal 0 0 -1
outer loop
vertex 5499.130000000001 6384.690000000001 599.9500000000002
vertex 5333.640000000001 6389.1100000000015 599.9500000000002
vertex 5666.830000000002 6389.1100000000015 599.9500000000002
endloop
endfacet
facet normal 0 0 -1
outer loop
vertex 5660.330000000002 6380.4000000000015 599.9500000000002
vertex 5659.940000000001 6380.010000000001 599.9500000000002
vertex 5659.420000000001 6380.4000000000015 599.9500000000002
endloop
endfacet
facet normal 0 0 -1
outer loop
vertex 5500.040000000002 6334.9000000000015 599.9500000000002
vertex 5659.420000000001 6380.4000000000015 599.9500000000002
vertex 5641.480000000001 6358.560000000001 599.9500000000002
endloop
endfacet
facet normal 0 0 -1
outer loop
vertex 5500.040000000002 6334.9000000000015 599.9500000000002
vertex 5641.480000000001 6358.560000000001 599.9500000000002
vertex 5611.060000000001 6333.730000000001 599.9500000000002
endloop
endfacet
facet normal 0 0 -1
outer loop
vertex 5500.040000000002 6334.9000000000015 599.9500000000002
vertex 5611.060000000001 6333.730000000001 599.9500000000002
vertex 5576.480000000001 6315.270000000001 599.9500000000002
endloop
endfacet
facet normal 0 0 -1
outer loop
vertex 5500.040000000002 6334.9000000000015 599.9500000000002
vertex 5576.480000000001 6315.270000000001 599.9500000000002
vertex 5539.040000000002 6303.830000000002 599.9500000000002
endloop
endfacet
facet normal 0 0 -1
outer loop
vertex 5500.040000000002 6334.9000000000015 599.9500000000002
vertex 5539.040000000002 6303.830000000002 599.9500000000002
vertex 5500.040000000002 6300.060000000001 599.9500000000002
endloop
endfacet
facet normal 0 0 -1
outer loop
vertex 5500.040000000002 6334.9000000000015 599.9500000000002
vertex 5500.040000000002 6300.060000000001 599.9500000000002
vertex 5461.040000000002 6303.830000000002 599.9500000000002
endloop
endfacet
facet normal 0 0 -1
outer loop
vertex 5500.040000000002 6334.9000000000015 599.9500000000002
vertex 5461.040000000002 6303.830000000002 599.9500000000002
vertex 5423.470000000001 6315.270000000001 599.9500000000002
endloop
endfacet
facet normal 0 0 -1
outer loop
vertex 5500.040000000002 6334.9000000000015 599.9500000000002
vertex 5423.470000000001 6315.270000000001 599.9500000000002
vertex 5388.890000000001 6333.730000000001 599.9500000000002
endloop
endfacet
facet normal 0 0 -1
outer loop
vertex 5500.040000000002 6334.9000000000015 599.9500000000002
vertex 5388.890000000001 6333.730000000001 599.9500000000002
vertex 5358.600000000001 6358.560000000001 599.9500000000002
endloop
endfacet
facet normal 0 0 -1
outer loop
vertex 5500.040000000002 6334.9000000000015 599.9500000000002
vertex 5358.600000000001 6358.560000000001 599.9500000000002
vertex 5340.660000000002 6380.4000000000015 599.9500000000002
endloop
endfacet
facet normal 0 0 -1
outer loop
vertex 5500.040000000002 6334.9000000000015 599.9500000000002
vertex 5340.660000000002 6380.4000000000015 599.9500000000002
vertex 5659.420000000001 6380.4000000000015 599.9500000000002
endloop
endfacet
facet normal 1 0 0
outer loop
vertex 9500.010000000002 9000.030000000002 400.0100000000001
vertex 9500.010000000002 8900.060000000001 199.94000000000005
vertex 9500.010000000002 9100.000000000002 199.94000000000005
endloop
endfacet
facet normal 1 0 0
outer loop
vertex 9500.010000000002 9000.030000000002 400.0100000000001
vertex 9500.010000000002 9100.000000000002 199.94000000000005
vertex 9500.010000000002 9199.970000000003 199.94000000000005
endloop
endfacet
facet normal 1 0 0
outer loop
vertex 9500.010000000002 9000.030000000002 400.0100000000001
vertex 9500.010000000002 9199.970000000003 199.94000000000005
vertex 9500.010000000002 9199.970000000003 599.9500000000002
endloop
endfacet
facet normal 1 0 0
outer loop
vertex 9500.010000000002 9000.030000000002 400.0100000000001
vertex 9500.010000000002 9199.970000000003 599.9500000000002
vertex 9500.010000000002 9100.000000000002 599.9500000000002
endloop
endfacet
facet normal 1 0 0
outer loop
vertex 9500.010000000002 9000.030000000002 400.0100000000001
vertex 9500.010000000002 9100.000000000002 599.9500000000002
vertex 9500.010000000002 8900.060000000001 599.9500000000002
endloop
endfacet
facet normal 1 0 0
outer loop
vertex 9500.010000000002 9000.030000000002 400.0100000000001
vertex 9500.010000000002 8900.060000000001 599.9500000000002
vertex 9500.010000000002 8799.960000000003 599.9500000000002
endloop
endfacet
facet normal 1 0 0
outer loop
vertex 9500.010000000002 9000.030000000002 400.0100000000001
vertex 9500.010000000002 8799.960000000003 599.9500000000002
vertex 9500.010000000002 8799.960000000003 199.94000000000005
endloop
endfacet
facet normal 0.9999999999999999 0 0
outer loop
vertex 9500.010000000002 9000.030000000002 400.0100000000001
vertex 9500.010000000002 8799.960000000003 199.94000000000005
vertex 9500.010000000002 8900.060000000001 199.94000000000005
endloop
endfacet
facet normal 0 1 0
outer loop
vertex 10499.970000000003 8799.960000000003 599.9500000000002
vertex 10499.970000000003 8799.960000000003 199.94000000000005
vertex 9500.010000000002 8799.960000000003 199.94000000000005
endloop
endfacet
facet normal 0 1 0
outer loop
vertex 10499.970000000003 8799.960000000003 599.9500000000002
vertex 9500.010000000002 8799.960000000003 199.94000000000005
vertex 9500.010000000002 8799.960000000003 599.9500000000002
endloop
endfacet
facet normal 0 1 0
outer loop
vertex 12260.040000000003 8799.960000000003 599.9500000000002
vertex 12260.040000000003 8799.960000000003 199.94000000000005
vertex 11060.010000000002 8799.960000000003 199.94000000000005
endloop
endfacet
facet normal 0 1 0
outer loop
vertex 12260.040000000003 8799.960000000003 599.9500000000002
vertex 11060.010000000002 8799.960000000003 199.94000000000005
vertex 11060.010000000002 8799.960000000003 599.9500000000002
endloop
endfacet
facet normal 0 -1 0
outer loop
vertex 11060.010000000002 9199.970000000003 599.9500000000002
vertex 11060.010000000002 9199.970000000003 199.94000000000005
vertex 12260.040000000003 9199.970000000003 199.94000000000005
endloop
endfacet
facet normal 0 -1 0
outer loop
vertex 11060.010000000002 9199.970000000003 599.9500000000002
vertex 12260.040000000003 9199.970000000003 199.94000000000005
vertex 12260.040000000003 9199.970000000003 599.9500000000002
endloop
endfacet
facet normal 0 -1 0
outer loop
vertex 9500.010000000002 9199.970000000003 599.9500000000002
vertex 9500.010000000002 9199.970000000003 199.94000000000005
vertex 10499.970000000003 9199.970000000003 199.94000000000005
endloop
endfacet
facet normal 0 -1 0
outer loop
vertex 9500.010000000002 9199.970000000003 599.9500000000002
vertex 10499.970000000003 9199.970000000003 199.94000000000005
vertex 10499.970000000003 9199.970000000003 599.9500000000002
endloop
endfacet
facet normal 0.9999999999999999 0 0
outer loop
vertex 10499.970000000003 9199.970000000003 599.9500000000002
vertex 10499.970000000003 9199.970000000003 199.94000000000005
vertex 10499.970000000003 10200.060000000003 199.94000000000005
endloop
endfacet
facet normal 0.9999999999999999 0 0
outer loop
vertex 10499.970000000003 9199.970000000003 599.9500000000002
vertex 10499.970000000003 10200.060000000003 199.94000000000005
vertex 10499.970000000003 10200.060000000003 599.9500000000002
endloop
endfacet
facet normal 1 0 0
outer loop
vertex 10499.970000000003 7800.000000000002 599.9500000000002
vertex 10499.970000000003 7800.000000000002 199.94000000000005
vertex 10499.970000000003 8799.960000000003 199.94000000000005
endloop
endfacet
facet normal 1 0 0
outer loop
vertex 10499.970000000003 7800.000000000002 599.9500000000002
vertex 10499.970000000003 8799.960000000003 199.94000000000005
vertex 10499.970000000003 8799.960000000003 599.9500000000002
endloop
endfacet
facet normal -1 0 0
outer loop
vertex 12260.040000000003 9000.030000000002 400.0100000000001
vertex 12260.040000000003 8799.960000000003 599.9500000000002
vertex 12260.040000000003 8900.060000000001 599.9500000000002
endloop
endfacet
facet normal -1 0 0
outer loop
vertex 12260.040000000003 9000.030000000002 400.0100000000001
vertex 12260.040000000003 8900.060000000001 599.9500000000002
vertex 12260.040000000003 9100.000000000002 599.9500000000002
endloop
endfacet
facet normal -1 0 0
outer loop
vertex 12260.040000000003 9000.030000000002 400.0100000000001
vertex 12260.040000000003 9100.000000000002 599.9500000000002
vertex 12260.040000000003 9199.970000000003 599.9500000000002
endloop
endfacet
facet normal -1 0 0
outer loop
vertex 12260.040000000003 9000.030000000002 400.0100000000001
vertex 12260.040000000003 9199.970000000003 599.9500000000002
vertex 12260.040000000003 9199.970000000003 199.94000000000005
endloop
endfacet
facet normal -1 0 0
outer loop
vertex 12260.040000000003 9000.030000000002 400.0100000000001
vertex 12260.040000000003 9199.970000000003 199.94000000000005
vertex 12260.040000000003 9100.000000000002 199.94000000000005
endloop
endfacet
facet normal -1 0 0
outer loop
vertex 12260.040000000003 9000.030000000002 400.0100000000001
vertex 12260.040000000003 9100.000000000002 199.94000000000005
vertex 12260.040000000003 8900.060000000001 199.94000000000005
endloop
endfacet
facet normal -0.9999999999999999 0 0
outer loop
vertex 12260.040000000003 9000.030000000002 400.0100000000001
vertex 12260.040000000003 8900.060000000001 199.94000000000005
vertex 12260.040000000003 8799.960000000003 199.94000000000005
endloop
endfacet
facet normal -1 0 0
outer loop
vertex 12260.040000000003 9000.030000000002 400.0100000000001
vertex 12260.040000000003 8799.960000000003 199.94000000000005
vertex 12260.040000000003 8799.960000000003 599.9500000000002
endloop
endfacet
facet normal 0 0.9999999999999999 0
outer loop
vertex 10899.980000000003 8900.060000000001 599.9500000000002
vertex 11060.010000000002 8900.060000000001 599.9500000000002
vertex 11060.010000000002 8900.060000000001 199.94000000000005
endloop
endfacet
facet normal 0 0.9999999999999999 0
outer loop
vertex 10899.980000000003 8900.060000000001 599.9500000000002
vertex 11060.010000000002 8900.060000000001 199.94000000000005
vertex 10899.980000000003 8900.060000000001 199.94000000000005
endloop
endfacet
facet normal 0 -0.9999999999999999 0
outer loop
vertex 10899.980000000003 9100.000000000002 199.94000000000005
vertex 11060.010000000002 9100.000000000002 199.94000000000005
vertex 11060.010000000002 9100.000000000002 599.9500000000002
endloop
endfacet
facet normal 0 -0.9999999999999999 0
outer loop
vertex 10899.980000000003 9100.000000000002 199.94000000000005
vertex 11060.010000000002 9100.000000000002 599.9500000000002
vertex 10899.980000000003 9100.000000000002 599.9500000000002
endloop
endfacet
facet normal -1 0 0
outer loop
vertex 10899.980000000003 8500.050000000003 400.0100000000001
vertex 10899.980000000003 8799.960000000003 599.9500000000002
vertex 10899.980000000003 8900.060000000001 599.9500000000002
endloop
endfacet
facet normal -1 0 0
outer loop
vertex 10899.980000000003 8500.050000000003 400.0100000000001
vertex 10899.980000000003 8900.060000000001 599.9500000000002
vertex 10899.980000000003 8900.060000000001 199.94000000000005
endloop
endfacet
facet normal -1 0 0
outer loop
vertex 10899.980000000003 8500.050000000003 400.0100000000001
vertex 10899.980000000003 8900.060000000001 199.94000000000005
vertex 10899.980000000003 8799.960000000003 199.94000000000005
endloop
endfacet
facet normal -1 0 0
outer loop
vertex 10899.980000000003 8500.050000000003 400.0100000000001
vertex 10899.980000000003 8799.960000000003 199.94000000000005
vertex 10899.980000000003 7800.000000000002 199.94000000000005
endloop
endfacet
facet normal -1 0 0
outer loop
vertex 10899.980000000003 8500.050000000003 400.0100000000001
vertex 10899.980000000003 7800.000000000002 199.94000000000005
vertex 10899.980000000003 7800.000000000002 599.9500000000002
endloop
endfacet
facet normal -1 0 0
outer loop
vertex 10899.980000000003 8500.050000000003 400.0100000000001
vertex 10899.980000000003 7800.000000000002 599.9500000000002
vertex 10899.980000000003 8799.960000000003 599.9500000000002
endloop
endfacet
facet normal -1 0 0
outer loop
vertex 10899.980000000003 9500.010000000002 400.0100000000001
vertex 10899.980000000003 9199.970000000003 599.9500000000002
vertex 10899.980000000003 10200.060000000003 599.9500000000002
endloop
endfacet
facet normal -1 0 0
outer loop
vertex 10899.980000000003 9500.010000000002 400.0100000000001
vertex 10899.980000000003 10200.060000000003 599.9500000000002
vertex 10899.980000000003 10200.060000000003 199.94000000000005
endloop
endfacet
facet normal -0.9999999999999999 0 0
outer loop
vertex 10899.980000000003 9500.010000000002 400.0100000000001
vertex 10899.980000000003 10200.060000000003 199.94000000000005
vertex 10899.980000000003 9199.970000000003 199.94000000000005
endloop
endfacet
facet normal -0.9999999999999999 0 0
outer loop
vertex 10899.980000000003 9500.010000000002 400.0100000000001
vertex 10899.980000000003 9199.970000000003 199.94000000000005
vertex 10899.980000000003 9100.000000000002 199.94000000000005
endloop
endfacet
facet normal -1 0 0
outer loop
vertex 10899.980000000003 9500.010000000002 400.0100000000001
vertex 10899.980000000003 9100.000000000002 199.94000000000005
vertex 10899.980000000003 9100.000000000002 599.9500000000002
endloop
endfacet
facet normal -1 0 0
outer loop
vertex 10899.980000000003 9500.010000000002 400.0100000000001
vertex 10899.980000000003 9100.000000000002 599.9500000000002
vertex 10899.980000000003 9199.970000000003 599.9500000000002
endloop
endfacet
facet normal 1 0 0
outer loop
vertex 11060.010000000002 9100.000000000002 599.9500000000002
vertex 11060.010000000002 9100.000000000002 199.94000000000005
vertex 11060.010000000002 9199.970000000003 199.94000000000005
endloop
endfacet
facet normal 1 0 0
outer loop
vertex 11060.010000000002 9100.000000000002 599.9500000000002
vertex 11060.010000000002 9199.970000000003 199.94000000000005
vertex 11060.010000000002 9199.970000000003 599.9500000000002
endloop
endfacet
facet normal 1 0 0
outer loop
vertex 11060.010000000002 8799.960000000003 599.9500000000002
vertex 11060.010000000002 8799.960000000003 199.94000000000005
vertex 11060.010000000002 8900.060000000001 199.94000000000005
endloop
endfacet
facet normal 1 0 0
outer loop
vertex 11060.010000000002 8799.960000000003 599.9500000000002
vertex 11060.010000000002 8900.060000000001 199.94000000000005
vertex 11060.010000000002 8900.060000000001 599.9500000000002
endloop
endfacet
facet normal -0.600052007573461 -0.7999609916783812 0
outer loop
vertex 8659.950000000003 10379.980000000003 199.94000000000005
vertex 8659.950000000003 10379.980000000003 599.9500000000002
vertex 8340.020000000002 10619.960000000003 599.9500000000002
endloop
endfacet
facet normal -0.600052007573461 -0.7999609916783812 0
outer loop
vertex 8659.950000000003 10379.980000000003 199.94000000000005
vertex 8340.020000000002 10619.960000000003 599.9500000000002
vertex 8340.020000000002 10619.960000000003 199.94000000000005
endloop
endfacet
facet normal -0.7999968799779519 0.6000041600068639 0
outer loop
vertex 5659.940000000001 6380.010000000001 199.94000000000005
vertex 5659.940000000001 6380.010000000001 599.9500000000002
vertex 8659.950000000003 10379.980000000003 599.9500000000002
endloop
endfacet
facet normal -0.7999968799779519 0.6000041600068639 0
outer loop
vertex 5659.940000000001 6380.010000000001 199.94000000000005
vertex 8659.950000000003 10379.980000000003 599.9500000000002
vertex 8659.950000000003 10379.980000000003 199.94000000000005
endloop
endfacet
facet normal 0.7733654271742706 0.6339605003874912 0
outer loop
vertex 5333.770000000001 6388.850000000001 199.94000000000005
vertex 5333.770000000001 6388.850000000001 599.9500000000002
vertex 5358.600000000001 6358.560000000001 599.9500000000002
endloop
endfacet
facet normal 0.7733654271742706 0.6339605003874912 0
outer loop
vertex 5333.770000000001 6388.850000000001 199.94000000000005
vertex 5358.600000000001 6358.560000000001 599.9500000000002
vertex 5358.600000000001 6358.560000000001 199.94000000000005
endloop
endfacet
facet normal 0.6339605003874912 0.7733654271742706 0
outer loop
vertex 5358.600000000001 6358.560000000001 199.94000000000005
vertex 5358.600000000001 6358.560000000001 599.9500000000002
vertex 5388.890000000001 6333.730000000001 599.9500000000002
endloop
endfacet
facet normal 0.6339605003874912 0.7733654271742706 0
outer loop
vertex 5358.600000000001 6358.560000000001 199.94000000000005
vertex 5388.890000000001 6333.730000000001 599.9500000000002
vertex 5388.890000000001 6333.730000000001 199.94000000000005
endloop
endfacet
facet normal 0.4709324651301881 0.882169265666405 0
outer loop
vertex 5388.890000000001 6333.730000000001 199.94000000000005
vertex 5388.890000000001 6333.730000000001 599.9500000000002
vertex 5423.470000000001 6315.270000000001 599.9500000000002
endloop
endfacet
facet normal 0.4709324651301881 0.882169265666405 0
outer loop
vertex 5388.890000000001 6333.730000000001 199.94000000000005
vertex 5423.470000000001 6315.270000000001 599.9500000000002
vertex 5423.470000000001 6315.270000000001 199.94000000000005
endloop
endfacet
facet normal 0.2912933318541667 0.9566337830211195 0
outer loop
vertex 5423.470000000001 6315.270000000001 199.94000000000005
vertex 5423.470000000001 6315.270000000001 599.9500000000002
vertex 5461.040000000002 6303.830000000002 599.9500000000002
endloop
endfacet
facet normal 0.2912933318541667 0.9566337830211195 0
outer loop
vertex 5423.470000000001 6315.270000000001 199.94000000000005
vertex 5461.040000000002 6303.830000000002 599.9500000000002
vertex 5461.040000000002 6303.830000000002 199.94000000000005
endloop
endfacet
facet normal 0.09621815937084051 0.9953602693534074 0
outer loop
vertex 5461.040000000002 6303.830000000002 199.94000000000005
vertex 5461.040000000002 6303.830000000002 599.9500000000002
vertex 5500.040000000002 6300.060000000001 599.9500000000002
endloop
endfacet
facet normal 0.09621815937084051 0.9953602693534074 0
outer loop
vertex 5461.040000000002 6303.830000000002 199.94000000000005
vertex 5500.040000000002 6300.060000000001 599.9500000000002
vertex 5500.040000000002 6300.060000000001 199.94000000000005
endloop
endfacet
facet normal -0.09621815937084051 0.9953602693534074 0
outer loop
vertex 5500.040000000002 6300.060000000001 199.94000000000005
vertex 5500.040000000002 6300.060000000001 599.9500000000002
vertex 5539.040000000002 6303.830000000002 599.9500000000002
endloop
endfacet
facet normal -0.09621815937084051 0.9953602693534074 0
outer loop
vertex 5500.040000000002 6300.060000000001 199.94000000000005
vertex 5539.040000000002 6303.830000000002 599.9500000000002
vertex 5539.040000000002 6303.830000000002 199.94000000000005
endloop
endfacet
facet normal -0.2922185355990138 0.9563515710513409 0
outer loop
vertex 5539.040000000002 6303.830000000002 199.94000000000005
vertex 5539.040000000002 6303.830000000002 599.9500000000002
vertex 5576.480000000001 6315.270000000001 599.9500000000002
endloop
endfacet
facet normal -0.2922185355990138 0.9563515710513409 0
outer loop
vertex 5539.040000000002 6303.830000000002 199.94000000000005
vertex 5576.480000000001 6315.270000000001 599.9500000000002
vertex 5576.480000000001 6315.270000000001 199.94000000000005
endloop
endfacet
facet normal -0.4709324651301881 0.882169265666405 0
outer loop
vertex 5576.480000000001 6315.270000000001 199.94000000000005
vertex 5576.480000000001 6315.270000000001 599.9500000000002
vertex 5611.060000000001 6333.730000000001 599.9500000000002
endloop
endfacet
facet normal -0.4709324651301881 0.882169265666405 0
outer loop
vertex 5576.480000000001 6315.270000000001 199.94000000000005
vertex 5611.060000000001 6333.730000000001 599.9500000000002
vertex 5611.060000000001 6333.730000000001 199.94000000000005
endloop
endfacet
facet normal -0.6323359436049081 0.7746942974007816 0
outer loop
vertex 5611.060000000001 6333.730000000001 199.94000000000005
vertex 5611.060000000001 6333.730000000001 599.9500000000002
vertex 5641.480000000001 6358.560000000001 599.9500000000002
endloop
endfacet
facet normal -0.6323359436049081 0.7746942974007816 0
outer loop
vertex 5611.060000000001 6333.730000000001 199.94000000000005
vertex 5641.480000000001 6358.560000000001 599.9500000000002
vertex 5641.480000000001 6358.560000000001 199.94000000000005
endloop
endfacet
facet normal -0.7727262545252432 0.6347394233600029 0
outer loop
vertex 5659.420000000001 6380.4000000000015 199.94000000000005
vertex 5641.480000000001 6358.560000000001 199.94000000000005
vertex 5641.480000000001 6358.560000000001 599.9500000000002
endloop
endfacet
facet normal -0.7727262545252432 0.6347394233600029 0
outer loop
vertex 5659.420000000001 6380.4000000000015 199.94000000000005
vertex 5641.480000000001 6358.560000000001 599.9500000000002
vertex 5659.420000000001 6380.4000000000015 599.9500000000002
endloop
endfacet
facet normal 0.6 0.7999999999999999 0
outer loop
vertex 5659.940000000001 6380.010000000001 599.9500000000002
vertex 5659.940000000001 6380.010000000001 199.94000000000005
vertex 5659.420000000001 6380.4000000000015 199.94000000000005
endloop
endfacet
facet normal 0.6 0.7999999999999999 0
outer loop
vertex 5659.940000000001 6380.010000000001 599.9500000000002
vertex 5659.420000000001 6380.4000000000015 199.94000000000005
vertex 5659.420000000001 6380.4000000000015 599.9500000000002
endloop
endfacet
facet normal 0.8304026671234137 0.5571596301261404 -0.002134711227099843
outer loop
vertex 2975.960000000001 9925.500000000002 1287.1300000000003
vertex 2970.890000000001 9933.040000000003 1282.8400000000004
vertex 2975.7000000000007 9925.890000000003 1287.7800000000004
endloop
endfacet
facet normal 0.8316280723566769 0.5553274363984486 0.0024874990341270465
outer loop
vertex 3166.670000000001 9639.500000000002 1361.1000000000004
vertex 2970.890000000001 9933.040000000003 1282.8400000000004
vertex 3065.4000000000005 9791.210000000003 1349.1400000000003
endloop
endfacet
facet normal 0.8318143884156419 0.5550476158586053 -0.0026395746607777897
outer loop
vertex 3166.670000000001 9639.500000000002 1361.1000000000004
vertex 3065.4000000000005 9791.210000000003 1349.1400000000003
vertex 3115.8400000000006 9715.680000000002 1362.0100000000004
endloop
endfacet
facet normal 0.8315389196873509 0.5554664209527089 -0.00028326521346775264
outer loop
vertex 3247.6600000000008 9517.950000000003 1292.9800000000002
vertex 3216.850000000001 9564.100000000002 1346.1500000000003
vertex 3265.210000000001 9491.690000000002 1317.5500000000004
endloop
endfacet
facet normal 0.8319478657984394 0.5548524414680008 -0.0012315804563672538
outer loop
vertex 3247.6600000000008 9517.950000000003 1292.9800000000002
vertex 3265.210000000001 9491.690000000002 1317.5500000000004
vertex 3310.580000000001 9423.570000000002 1276.0800000000004
endloop
endfacet
facet normal 0.8319705689560061 0.5548189352525754 -0.0009599355282058954
outer loop
vertex 3247.6600000000008 9517.950000000003 1292.9800000000002
vertex 3310.580000000001 9423.570000000002 1276.0800000000004
vertex 3347.370000000001 9368.320000000002 1228.6300000000003
endloop
endfacet
facet normal 0.832182321930267 0.5545020938287255 0.00010491095686394018
outer loop
vertex 3247.6600000000008 9517.950000000003 1292.9800000000002
vertex 3347.370000000001 9368.320000000002 1228.6300000000003
vertex 3179.4100000000008 9620.390000000003 1228.6300000000003
endloop
endfacet
facet normal 0.8321992387878028 0.5544767125793484 0.00004656393723680468
outer loop
vertex 3247.6600000000008 9517.950000000003 1292.9800000000002
vertex 3179.4100000000008 9620.390000000003 1228.6300000000003
vertex 3166.670000000001 9639.500000000002 1361.1000000000004
endloop
endfacet
facet normal 0.8326569717097256 0.5537860993800898 0.0018230733869787413
outer loop
vertex 3247.6600000000008 9517.950000000003 1292.9800000000002
vertex 3166.670000000001 9639.500000000002 1361.1000000000004
vertex 3216.850000000001 9564.100000000002 1346.1500000000003
endloop
endfacet
facet normal 0.8133900512837156 0.5809928937742568 0.029049644687844003
outer loop
vertex 3348.020000000001 9367.410000000002 1228.6300000000003
vertex 3347.370000000001 9368.320000000002 1228.6300000000003
vertex 3347.630000000001 9367.930000000002 1229.1500000000003
endloop
endfacet
facet normal 0.8321251234097965 0.5545879129120975 0.0001607545793233714
outer loop
vertex 3294.330000000001 9448.010000000002 1085.6300000000003
vertex 3348.020000000001 9367.410000000002 1228.6300000000003
vertex 3505.580000000001 9131.070000000002 990.2100000000003
endloop
endfacet
facet normal 0.8320502349381702 0.5547001566254446 -0.0003778611421111048
outer loop
vertex 3294.330000000001 9448.010000000002 1085.6300000000003
vertex 3505.580000000001 9131.070000000002 990.2100000000003
vertex 3236.480000000001 9534.720000000003 990.2100000000003
endloop
endfacet
facet normal 0.8320502349381658 0.5547001566254515 -0.0003778611421023795
outer loop
vertex 3294.330000000001 9448.010000000002 1085.6300000000003
vertex 3236.480000000001 9534.720000000003 990.2100000000003
vertex 3202.1600000000008 9586.200000000003 990.2100000000003
endloop
endfacet
facet normal 0.8319845624201665 0.5547987548983763 -0.00017163255983967962
outer loop
vertex 3294.330000000001 9448.010000000002 1085.6300000000003
vertex 3202.1600000000008 9586.200000000003 990.2100000000003
vertex 3179.4100000000008 9620.390000000003 1228.6300000000003
endloop
endfacet
facet normal 0.8321160613308979 0.554601506447158 0.00017181878870755707
outer loop
vertex 3294.330000000001 9448.010000000002 1085.6300000000003
vertex 3179.4100000000008 9620.390000000003 1228.6300000000003
vertex 3348.020000000001 9367.410000000002 1228.6300000000003
endloop
endfacet
facet normal 0.8323671425626092 0.5540278114509049 0.014769025732174399
outer loop
vertex 3236.480000000001 9534.720000000003 990.2100000000003
vertex 3229.5900000000006 9545.120000000003 988.3900000000002
vertex 3202.420000000001 9585.940000000002 988.3900000000002
endloop
endfacet
facet normal 0.8313979615881363 0.5542653077254315 0.03959037912327489
outer loop
vertex 3236.480000000001 9534.720000000003 990.2100000000003
vertex 3202.420000000001 9585.940000000002 988.3900000000002
vertex 3202.1600000000008 9586.200000000003 990.2100000000003
endloop
endfacet
facet normal 0.8320502732023223 0.5547001821348805 0.00022539625442205124
outer loop
vertex 3160.9500000000007 9648.080000000002 962.9100000000002
vertex 2663.5700000000006 10394.150000000003 962.9100000000002
vertex 2970.890000000001 9933.040000000003 1282.8400000000004
endloop
endfacet
facet normal 0.831248905102443 0.5558977052872905 -0.0017317685510336769
outer loop
vertex 3160.9500000000007 9648.080000000002 962.9100000000002
vertex 3161.210000000001 9647.690000000002 962.5200000000002
vertex 3147.3000000000006 9668.490000000002 962.5200000000002
endloop
endfacet
facet normal 0.8312816747311199 0.5557577202168215 -0.010204590909277132
outer loop
vertex 3160.9500000000007 9648.080000000002 962.9100000000002
vertex 3147.3000000000006 9668.490000000002 962.5200000000002
vertex 3130.270000000001 9693.970000000003 962.9100000000002
endloop
endfacet
facet normal 0.8163475041542454 0.5470662093811393 -0.18518994307058406
outer loop
vertex 3205.020000000001 9582.040000000003 961.4800000000002
vertex 3179.9300000000007 9619.480000000003 961.4800000000002
vertex 3179.670000000001 9620.000000000002 961.8700000000002
endloop
endfacet
facet normal 0.8346312337240605 0.5507718801224668 -0.006406228111423445
outer loop
vertex 3229.5900000000006 9545.120000000003 988.3900000000002
vertex 3221.920000000001 9556.430000000002 961.4800000000002
vertex 3205.020000000001 9582.040000000003 961.4800000000002
endloop
endfacet
facet normal 0.8324579302645051 0.5540882402078992 0.00012807439156567688
outer loop
vertex 3229.5900000000006 9545.120000000003 988.3900000000002
vertex 3205.020000000001 9582.040000000003 961.4800000000002
vertex 3202.420000000001 9585.940000000002 988.3900000000002
endloop
endfacet
facet normal 0.8184623909036827 0.5450755756848192 0.18169185856303646
outer loop
vertex 3221.920000000001 9556.430000000002 961.4800000000002
vertex 3221.920000000001 9556.560000000003 961.0900000000003
vertex 3180.190000000001 9619.220000000003 961.0900000000003
endloop
endfacet
facet normal 0.8183768880094967 0.5450221336640502 0.18223650289713691
outer loop
vertex 3221.920000000001 9556.430000000002 961.4800000000002
vertex 3180.190000000001 9619.220000000003 961.0900000000003
vertex 3179.9300000000007 9619.480000000003 961.4800000000002
endloop
endfacet
facet normal 0 0 -1
outer loop
vertex 3221.920000000001 9556.560000000003 961.0900000000003
vertex 3222.830000000001 9555.130000000003 961.0900000000003
vertex 3180.190000000001 9619.220000000003 961.0900000000003
endloop
endfacet
facet normal 0.8320846343466287 0.5546435023205782 -0.0023972104204708746
outer loop
vertex 3505.580000000001 9131.070000000002 990.2100000000003
vertex 3524.820000000001 9102.080000000002 961.0900000000003
vertex 3222.830000000001 9555.130000000003 961.0900000000003
endloop
endfacet
facet normal 0.8320496565449238 0.5546997710299469 -0.0012381691317707492
outer loop
vertex 3505.580000000001 9131.070000000002 990.2100000000003
vertex 3222.830000000001 9555.130000000003 961.0900000000003
vertex 3236.480000000001 9534.720000000003 990.2100000000003
endloop
endfacet
facet normal 0.8320474712807081 0.5546453849586854 0.008093360205179837
outer loop
vertex 3130.270000000001 9693.970000000003 962.9100000000002
vertex 3113.500000000001 9719.190000000002 958.6200000000002
vertex 2659.4100000000008 10400.390000000003 958.6200000000002
endloop
endfacet
facet normal 0.8320978181686989 0.5546288836289694 -0.00014981112751486867
outer loop
vertex 3130.270000000001 9693.970000000003 962.9100000000002
vertex 2659.4100000000008 10400.390000000003 958.6200000000002
vertex 2663.5700000000006 10394.150000000003 962.9100000000002
endloop
endfacet
facet normal 0.831141998886586 0.5558262117554361 -0.016130716425851305
outer loop
vertex 3161.210000000001 9647.690000000002 962.5200000000002
vertex 3164.0700000000006 9643.270000000002 957.5800000000003
vertex 3147.3000000000006 9668.490000000002 962.5200000000002
endloop
endfacet
facet normal 0.8319928447102347 0.554769597812611 0.004312736231792519
outer loop
vertex 3113.500000000001 9719.190000000002 958.6200000000002
vertex 3097.250000000001 9743.630000000003 949.6500000000002
vertex 2650.830000000001 10413.130000000003 949.6500000000002
endloop
endfacet
facet normal 0.8320473302177935 0.5546452909257158 -0.008114279473256587
outer loop
vertex 3113.500000000001 9719.190000000002 958.6200000000002
vertex 2650.830000000001 10413.130000000003 949.6500000000002
vertex 2659.4100000000008 10400.390000000003 958.6200000000002
endloop
endfacet
facet normal 0.8320117250020339 0.5547441835713479 0.003921766553323414
outer loop
vertex 3524.820000000001 9102.080000000002 961.0900000000003
vertex 3536.7800000000007 9084.270000000002 943.0200000000002
vertex 3191.890000000001 9601.540000000003 943.0200000000002
endloop
endfacet
facet normal 0.8321408644580494 0.5545513905676933 -0.0037864123452106355
outer loop
vertex 3524.820000000001 9102.080000000002 961.0900000000003
vertex 3191.890000000001 9601.540000000003 943.0200000000002
vertex 3180.190000000001 9619.220000000003 961.0900000000003
endloop
endfacet
facet normal 0.8320159181320242 0.5547517520735287 -0.00007447331755204408
outer loop
vertex 3536.7800000000007 9084.270000000002 943.0200000000002
vertex 3537.040000000001 9083.880000000003 942.6300000000002
vertex 3214.250000000001 9568.000000000002 942.6300000000002
endloop
endfacet
facet normal 0.8320159735361266 0.5547515498068762 -0.00037117058125511965
outer loop
vertex 3536.7800000000007 9084.270000000002 943.0200000000002
vertex 3214.250000000001 9568.000000000002 942.6300000000002
vertex 3212.9500000000007 9569.950000000003 943.0200000000002
endloop
endfacet
facet normal 0.831993212883563 0.5547702842779845 0.0041503491191279525
outer loop
vertex 3097.250000000001 9743.630000000003 949.6500000000002
vertex 3086.7200000000007 9759.490000000002 940.5500000000002
vertex 2642.120000000001 10426.260000000002 940.5500000000002
endloop
endfacet
facet normal 0.8319935301880143 0.5547700548865323 0.004117271727699211
outer loop
vertex 3097.250000000001 9743.630000000003 949.6500000000002
vertex 2642.120000000001 10426.260000000002 940.5500000000002
vertex 2650.830000000001 10413.130000000003 949.6500000000002
endloop
endfacet
facet normal 0.8308557079091318 0.5562492860617465 0.016294919165577147
outer loop
vertex 3201.5100000000007 9587.110000000002 940.5500000000002
vertex 3212.9500000000007 9569.950000000003 943.0200000000002
vertex 3212.4300000000007 9570.860000000002 938.4700000000003
endloop
endfacet
facet normal 0.8311371319009605 0.5555971044772632 0.022867563751453428
outer loop
vertex 3201.5100000000007 9587.110000000002 940.5500000000002
vertex 3212.4300000000007 9570.860000000002 938.4700000000003
vertex 3196.440000000001 9594.780000000002 938.4700000000003
endloop
endfacet
facet normal 0.8333225413608419 0.5527425611046964 0.007014499506652171
outer loop
vertex 3201.5100000000007 9587.110000000002 940.5500000000002
vertex 3196.440000000001 9594.780000000002 938.4700000000003
vertex 3193.8400000000006 9598.680000000002 940.0300000000002
endloop
endfacet
facet normal 0.8331024290288502 0.5529302772524146 0.014437840690260191
outer loop
vertex 3201.5100000000007 9587.110000000002 940.5500000000002
vertex 3193.8400000000006 9598.680000000002 940.0300000000002
vertex 3191.890000000001 9601.540000000003 943.0200000000002
endloop
endfacet
facet normal 0.8320502943378456 0.5547001962252264 -7.880005896986724e-14
outer loop
vertex 3201.5100000000007 9587.110000000002 940.5500000000002
vertex 3191.890000000001 9601.540000000003 943.0200000000002
vertex 3212.9500000000007 9569.950000000003 943.0200000000002
endloop
endfacet
facet normal 0.8320878506960584 0.5545784034019795 -0.008520751382668182
outer loop
vertex 3537.040000000001 9083.880000000003 942.6300000000002
vertex 3539.770000000001 9079.720000000003 938.4700000000003
vertex 3212.4300000000007 9570.860000000002 938.4700000000003
endloop
endfacet
facet normal 0.8318902173715765 0.5546679403151527 0.017382238866652553
outer loop
vertex 3537.040000000001 9083.880000000003 942.6300000000002
vertex 3212.4300000000007 9570.860000000002 938.4700000000003
vertex 3214.250000000001 9568.000000000002 942.6300000000002
endloop
endfacet
facet normal 0.8245891387322257 0.5654325522734838 0.01840600756112307
outer loop
vertex 3086.7200000000007 9759.490000000002 940.5500000000002
vertex 3081.9100000000008 9766.640000000003 936.3900000000002
vertex 3080.480000000001 9768.590000000002 940.5500000000002
endloop
endfacet
facet normal 0.8319740716475134 0.5547049237962296 0.01102685913927853
outer loop
vertex 3080.480000000001 9768.590000000002 940.5500000000002
vertex 3068.520000000001 9786.660000000002 933.9200000000002
vertex 2635.7500000000005 10435.750000000002 933.9200000000002
endloop
endfacet
facet normal 0.8320878737189459 0.5546155979798945 -0.005595434503903691
outer loop
vertex 3080.480000000001 9768.590000000002 940.5500000000002
vertex 2635.7500000000005 10435.750000000002 933.9200000000002
vertex 2642.120000000001 10426.260000000002 940.5500000000002
endloop
endfacet
facet normal 0.8320502943378436 0.5547001962252293 -7.633278667233011e-14
outer loop
vertex 3539.770000000001 9079.720000000003 938.4700000000003
vertex 3544.190000000001 9073.090000000002 931.8400000000003
vertex 3207.750000000001 9577.750000000002 931.8400000000003
endloop
endfacet
facet normal 0.832071098415126 0.5546440613110423 -0.005258558228110965
outer loop
vertex 3539.770000000001 9079.720000000003 938.4700000000003
vertex 3207.750000000001 9577.750000000002 931.8400000000003
vertex 3196.440000000001 9594.780000000002 938.4700000000003
endloop
endfacet
facet normal 0.8320039408533678 0.5545981642159277 -0.01379560266129859
outer loop
vertex 3544.190000000001 9073.090000000002 931.8400000000003
vertex 3545.880000000001 9070.490000000002 929.2400000000002
vertex 3208.0100000000007 9577.360000000002 929.2400000000002
endloop
endfacet
facet normal 0.8320502943378435 0.5547001962252293 5.536671459966291e-14
outer loop
vertex 3544.190000000001 9073.090000000002 931.8400000000003
vertex 3208.0100000000007 9577.360000000002 929.2400000000002
vertex 3207.750000000001 9577.750000000002 931.8400000000003
endloop
endfacet
facet normal 0.8320302938500128 0.5546868625666755 0.006933585782210463
outer loop
vertex 3068.520000000001 9786.660000000002 933.9200000000002
vertex 3073.0700000000006 9779.900000000003 928.7200000000003
vertex 2630.810000000001 10443.290000000003 928.7200000000003
endloop
endfacet
facet normal 0.8319437391943402 0.5546847001357822 0.013946262962422138
outer loop
vertex 3068.520000000001 9786.660000000002 933.9200000000002
vertex 2630.810000000001 10443.290000000003 928.7200000000003
vertex 2635.7500000000005 10435.750000000002 933.9200000000002
endloop
endfacet
facet normal 0.839230349445256 0.5430314025821026 -0.02844848642208446
outer loop
vertex 3074.500000000001 9777.690000000002 928.7200000000003
vertex 3073.0700000000006 9779.900000000003 928.7200000000003
vertex 3081.9100000000008 9766.640000000003 936.3900000000002
endloop
endfacet
facet normal 0.8320824148545751 0.5546519775204568 0.00019678014384595308
outer loop
vertex 3415.750000000001 9265.750000000002 815.1000000000003
vertex 3545.880000000001 9070.490000000002 929.2400000000002
vertex 3732.4300000000007 8790.730000000001 647.0100000000001
endloop
endfacet
facet normal 0.8320824165938089 0.5546519749074967 0.00019679080473511534
outer loop
vertex 3415.750000000001 9265.750000000002 815.1000000000003
vertex 3732.4300000000007 8790.730000000001 647.0100000000001
vertex 3387.2800000000007 9308.520000000002 647.0100000000001
endloop
endfacet
facet normal 0.8321297384952787 0.5545809852212596 0.0001707126120097637
outer loop
vertex 3415.750000000001 9265.750000000002 815.1000000000003
vertex 3387.2800000000007 9308.520000000002 647.0100000000001
vertex 3205.020000000001 9581.910000000002 922.7400000000002
endloop
endfacet
facet normal 0.8327884642330765 0.553573705265953 0.004418900138916407
outer loop
vertex 3415.750000000001 9265.750000000002 815.1000000000003
vertex 3205.020000000001 9581.910000000002 922.7400000000002
vertex 3208.0100000000007 9577.360000000002 929.2400000000002
endloop
endfacet
facet normal 0.8320831093991593 0.5546509364781775 0.00019420738230553172
outer loop
vertex 3415.750000000001 9265.750000000002 815.1000000000003
vertex 3208.0100000000007 9577.360000000002 929.2400000000002
vertex 3545.880000000001 9070.490000000002 929.2400000000002
endloop
endfacet
facet normal 0.8319362684541147 0.5548326842998491 0.006537404933691703
outer loop
vertex 3732.4300000000007 8790.730000000001 647.0100000000001
vertex 3740.230000000001 8779.160000000002 636.3500000000001
vertex 3394.3000000000006 9297.860000000002 636.3500000000001
endloop
endfacet
facet normal 0.8320637836490745 0.5546395545037132 -0.006695111612852781
outer loop
vertex 3732.4300000000007 8790.730000000001 647.0100000000001
vertex 3394.3000000000006 9297.860000000002 636.3500000000001
vertex 3387.2800000000007 9308.520000000002 647.0100000000001
endloop
endfacet
facet normal 0.8320752795115546 0.5546626814400263 -0.00019759435241412123
outer loop
vertex 3074.500000000001 9777.690000000002 928.7200000000003
vertex 2784.4700000000007 10212.670000000002 626.9900000000001
vertex 2340.7800000000007 10878.270000000002 626.9900000000001
endloop
endfacet
facet normal 0.8320752795115546 0.5546626814400263 -0.00019759435241412123
outer loop
vertex 3074.500000000001 9777.690000000002 928.7200000000003
vertex 2340.7800000000007 10878.270000000002 626.9900000000001
vertex 2630.810000000001 10443.290000000003 928.7200000000003
endloop
endfacet
facet normal 0.8320441211938907 0.5546960807959257 -0.003852056116653168
outer loop
vertex 3740.230000000001 8779.160000000002 636.3500000000001
vertex 3748.420000000001 8766.810000000001 626.9900000000001
vertex 3400.540000000001 9288.630000000003 626.9900000000001
endloop
endfacet
facet normal 0.8319306633794323 0.5548289461786137 0.007497453660203386
outer loop
vertex 3740.230000000001 8779.160000000002 636.3500000000001
vertex 3400.540000000001 9288.630000000003 626.9900000000001
vertex 3394.3000000000006 9297.860000000002 636.3500000000001
endloop
endfacet
facet normal 0.832018690326444 0.554747588884653 -0.00010758314335644823
outer loop
vertex 3748.420000000001 8766.810000000001 626.9900000000001
vertex 3757.000000000001 8753.940000000002 618.8000000000002
vertex 3405.870000000001 9280.570000000002 618.8000000000002
endloop
endfacet
facet normal 0.8320422314834137 0.554694820988941 -0.004402339849215561
outer loop
vertex 3748.420000000001 8766.810000000001 626.9900000000001
vertex 3405.870000000001 9280.570000000002 618.8000000000002
vertex 3400.540000000001 9288.630000000003 626.9900000000001
endloop
endfacet
facet normal 0.8321333585065797 0.5545528107981218 -0.005025305608898157
outer loop
vertex 3757.000000000001 8753.940000000002 618.8000000000002
vertex 3765.9700000000007 8740.420000000002 612.1700000000002
vertex 3410.420000000001 9273.940000000002 612.1700000000002
endloop
endfacet
facet normal 0.8319089234757747 0.5546744019521282 0.016243486707807956
outer loop
vertex 3757.000000000001 8753.940000000002 618.8000000000002
vertex 3410.420000000001 9273.940000000002 612.1700000000002
vertex 3405.870000000001 9280.570000000002 618.8000000000002
endloop
endfacet
facet normal 0.8318878327946286 0.554791382014835 0.013006002088471878
outer loop
vertex 3765.9700000000007 8740.420000000002 612.1700000000002
vertex 3775.330000000001 8726.510000000002 606.8400000000001
vertex 3413.8000000000006 9268.610000000002 606.8400000000001
endloop
endfacet
facet normal 0.8318438753977205 0.5543598925957023 -0.026849142343535217
outer loop
vertex 3765.9700000000007 8740.420000000002 612.1700000000002
vertex 3413.8000000000006 9268.610000000002 606.8400000000001
vertex 3410.420000000001 9273.940000000002 612.1700000000002
endloop
endfacet
facet normal 0.8321350861421642 0.5545729248138652 -0.00026358028745008557
outer loop
vertex 2513.0300000000007 10619.960000000003 616.5900000000001
vertex 2784.4700000000007 10212.670000000002 626.9900000000001
vertex 2761.850000000001 10246.600000000002 603.3300000000002
endloop
endfacet
facet normal 0.832101082238242 0.5546195822594958 -0.0022153808360592603
outer loop
vertex 2513.0300000000007 10619.960000000003 616.5900000000001
vertex 2761.850000000001 10246.600000000002 603.3300000000002
vertex 2341.9500000000007 10876.580000000004 603.3300000000002
endloop
endfacet
facet normal 0.8320043391562619 0.5547659842509909 0.0018661037433242273
outer loop
vertex 2513.0300000000007 10619.960000000003 616.5900000000001
vertex 2341.9500000000007 10876.580000000004 603.3300000000002
vertex 2335.8400000000006 10885.680000000002 622.1800000000002
endloop
endfacet
facet normal 0.8319896165530763 0.5547911651767579 0.00020245908263128527
outer loop
vertex 2513.0300000000007 10619.960000000003 616.5900000000001
vertex 2335.8400000000006 10885.680000000002 622.1800000000002
vertex 2340.7800000000007 10878.270000000002 626.9900000000001
endloop
endfacet
facet normal 0.8320656605587584 0.5546562694310627 0.004812411010442366
outer loop
vertex 2513.0300000000007 10619.960000000003 616.5900000000001
vertex 2340.7800000000007 10878.270000000002 626.9900000000001
vertex 2784.4700000000007 10212.670000000002 626.9900000000001
endloop
endfacet
facet normal 0.832012244707353 0.5546748298049029 -0.00956335913441181
outer loop
vertex 3775.330000000001 8726.510000000002 606.8400000000001
vertex 3784.820000000001 8712.210000000003 603.0700000000002
vertex 3416.400000000001 9264.840000000002 603.0700000000002
endloop
endfacet
facet normal 0.831809240727816 0.5547389684566082 0.018922576872941226
outer loop
vertex 3775.330000000001 8726.510000000002 606.8400000000001
vertex 3416.400000000001 9264.840000000002 603.0700000000002
vertex 3413.8000000000006 9268.610000000002 606.8400000000001
endloop
endfacet
facet normal 0.8294943232772695 0.5576779563866812 -0.030569013905584336
outer loop
vertex 2318.5500000000006 10911.680000000002 604.7600000000001
vertex 2324.140000000001 10903.230000000003 602.2900000000002
vertex 2320.1100000000006 10909.210000000003 602.0300000000002
endloop
endfacet
facet normal 0.8352518660435004 0.5495078066076107 -0.019886949191437787
outer loop
vertex 2318.5500000000006 10911.680000000002 604.7600000000001
vertex 2320.1100000000006 10909.210000000003 602.0300000000002
vertex 2313.6100000000006 10919.090000000002 602.0300000000002
endloop
endfacet
facet normal 0.8292938874779998 0.5585959814912955 0.015562058135185278
outer loop
vertex 2318.5500000000006 10911.680000000002 604.7600000000001
vertex 2313.6100000000006 10919.090000000002 602.0300000000002
vertex 2313.870000000001 10918.570000000003 606.8400000000001
endloop
endfacet
facet normal 0.8279467236902402 0.5607818064610192 0.005290394400515761
outer loop
vertex 2318.5500000000006 10911.680000000002 604.7600000000001
vertex 2313.870000000001 10918.570000000003 606.8400000000001
vertex 2320.890000000001 10908.170000000002 610.6100000000001
endloop
endfacet
facet normal 0.8337233646685975 0.5521780399507409 -0.0021825218969945557
outer loop
vertex 2318.5500000000006 10911.680000000002 604.7600000000001
vertex 2320.890000000001 10908.170000000002 610.6100000000001
vertex 2324.140000000001 10903.230000000003 602.2900000000002
endloop
endfacet
facet normal 0.8252741673798377 0.5603713482209466 0.07004641852767575
outer loop
vertex 2306.7200000000007 10929.490000000003 601.7700000000001
vertex 2299.5700000000006 10940.020000000002 601.7700000000001
vertex 2306.7200000000007 10929.230000000003 603.8500000000001
endloop
endfacet
facet normal 0.8320207688240577 0.5547443422976511 -0.00039361678116414716
outer loop
vertex 3784.820000000001 8712.210000000003 603.0700000000002
vertex 3794.440000000001 8697.780000000002 600.7300000000001
vertex 3417.830000000001 9262.630000000003 600.7300000000001
endloop
endfacet
facet normal 0.8319515405194047 0.5546343603462708 -0.01540651000948723
outer loop
vertex 3784.820000000001 8712.210000000003 603.0700000000002
vertex 3417.830000000001 9262.630000000003 600.7300000000001
vertex 3416.400000000001 9264.840000000002 603.0700000000002
endloop
endfacet
facet normal 0.8311923773537422 0.5542527467953069 0.04385344340974463
outer loop
vertex 3794.440000000001 8697.780000000002 600.7300000000001
vertex 3804.190000000001 8683.220000000003 599.9500000000002
vertex 3418.350000000001 9261.850000000002 599.9500000000002
endloop
endfacet
facet normal 0.8320208315833638 0.5547443841420033 -0.000063829753597771
outer loop
vertex 3794.440000000001 8697.780000000002 600.7300000000001
vertex 3418.350000000001 9261.850000000002 599.9500000000002
vertex 3417.830000000001 9262.630000000003 600.7300000000001
endloop
endfacet
facet normal 0.8321725426643805 0.5545167502488374 0.00018146340736917648
outer loop
vertex 2501.4600000000005 10637.380000000003 577.7200000000001
vertex 2761.850000000001 10246.600000000002 603.3300000000002
vertex 2700.3600000000006 10338.900000000003 539.3700000000001
endloop
endfacet
facet normal 0.8320823927423975 0.5546504587682726 -0.001326754020621015
outer loop
vertex 2501.4600000000005 10637.380000000003 577.7200000000001
vertex 2700.3600000000006 10338.900000000003 539.3700000000001
vertex 2362.4900000000007 10845.770000000002 539.3700000000001
endloop
endfacet
facet normal 0.8319773891049173 0.5548095324679164 -0.00008185900707679986
outer loop
vertex 2501.4600000000005 10637.380000000003 577.7200000000001
vertex 2362.4900000000007 10845.770000000002 539.3700000000001
vertex 2340.390000000001 10878.920000000002 603.3300000000002
endloop
endfacet
facet normal 0.8320494697380485 0.5546996464924112 0.0014078671195353434
outer loop
vertex 2501.4600000000005 10637.380000000003 577.7200000000001
vertex 2340.390000000001 10878.920000000002 603.3300000000002
vertex 2341.9500000000007 10876.580000000004 603.3300000000002
endloop
endfacet
facet normal 0.8321005711998609 0.5546192416375455 0.002477138320512698
outer loop
vertex 2501.4600000000005 10637.380000000003 577.7200000000001
vertex 2341.9500000000007 10876.580000000004 603.3300000000002
vertex 2761.850000000001 10246.600000000002 603.3300000000002
endloop
endfacet
facet normal 0.8320502943378552 0.5547001962252119 1.3496904660873349e-14
outer loop
vertex 2404.4800000000005 10782.720000000003 408.0700000000001
vertex 2401.100000000001 10787.790000000003 408.0700000000001
vertex 2324.140000000001 10903.230000000003 602.2900000000002
endloop
endfacet
facet normal 0.830721967125696 0.5566846881766027 -0.0017808100776664513
outer loop
vertex 2404.4800000000005 10782.720000000003 408.0700000000001
vertex 2324.140000000001 10903.230000000003 602.2900000000002
vertex 2332.3300000000004 10891.010000000002 602.8100000000002
endloop
endfacet
facet normal 0.8321805310059952 0.5545039660682787 -0.0009567806064785312
outer loop
vertex 2700.3600000000006 10338.900000000003 539.3700000000001
vertex 2574.2600000000007 10527.920000000002 408.0700000000001
vertex 2404.4800000000005 10782.720000000003 408.0700000000001
endloop
endfacet
facet normal 0.8320831010357894 0.5546509309033139 -0.0002404553005398509
outer loop
vertex 2700.3600000000006 10338.900000000003 539.3700000000001
vertex 2404.4800000000005 10782.720000000003 408.0700000000001
vertex 2362.4900000000007 10845.770000000002 539.3700000000001
endloop
endfacet
facet normal 0.831947704634964 0.5548422096920582 0.0036247891867767683
outer loop
vertex 2574.2600000000007 10527.920000000002 408.0700000000001
vertex 2532.6600000000008 10590.580000000002 364.6500000000001
vertex 2418.390000000001 10761.920000000002 364.6500000000001
endloop
endfacet
facet normal 0.8321779509784383 0.5545077692362559 0.0009958724614184424
outer loop
vertex 2574.2600000000007 10527.920000000002 408.0700000000001
vertex 2418.390000000001 10761.920000000002 364.6500000000001
vertex 2401.100000000001 10787.790000000003 408.0700000000001
endloop
endfacet
facet normal 0.8600959646235903 0.5046481425079202 0.07460016019769466
outer loop
vertex 3594.2400000000007 8998.080000000002 334.49000000000007
vertex 3594.110000000001 8998.340000000002 334.2300000000001
vertex 3589.820000000001 9004.710000000003 340.6000000000001
endloop
endfacet
facet normal 0.8282266636894962 0.5602709783782259 0.011705739655049414
outer loop
vertex 2532.6600000000008 10590.580000000002 364.6500000000001
vertex 2449.2000000000007 10715.770000000002 277.81000000000006
vertex 2446.2100000000005 10720.190000000002 277.81000000000006
endloop
endfacet
facet normal 0.8319531659569125 0.5548458519545715 -0.0001011092255062906
outer loop
vertex 2532.6600000000008 10590.580000000002 364.6500000000001
vertex 2446.2100000000005 10720.190000000002 277.81000000000006
vertex 2418.390000000001 10761.920000000002 364.6500000000001
endloop
endfacet
facet normal 0.8294269532258483 0.5584587852397235 -0.013217959413587143
outer loop
vertex 2446.4700000000007 10719.800000000003 276.7700000000001
vertex 2449.2000000000007 10715.770000000002 277.81000000000006
vertex 2447.5100000000007 10718.240000000003 276.12000000000006
endloop
endfacet
facet normal 0.8320502943377939 0.5547001962253036 1.2936303551047228e-13
outer loop
vertex 2446.4700000000007 10719.800000000003 276.7700000000001
vertex 2447.5100000000007 10718.240000000003 276.12000000000006
vertex 2446.7300000000005 10719.410000000003 276.12000000000006
endloop
endfacet
facet normal 0.8320502943378436 0.554700196225229 1.939990029011225e-13
outer loop
vertex 2446.4700000000007 10719.800000000003 276.7700000000001
vertex 2446.7300000000005 10719.410000000003 276.12000000000006
vertex 2442.5700000000006 10725.650000000003 276.12000000000006
endloop
endfacet
facet normal 0.8320502943378293 0.5547001962252506 4.734322696767248e-13
outer loop
vertex 2446.4700000000007 10719.800000000003 276.7700000000001
vertex 2442.5700000000006 10725.650000000003 276.12000000000006
vertex 2446.2100000000005 10720.190000000002 277.81000000000006
endloop
endfacet
facet normal 0.8282795728198402 0.5603067698487506 -0.0030451454878340865
outer loop
vertex 2446.4700000000007 10719.800000000003 276.7700000000001
vertex 2446.2100000000005 10720.190000000002 277.81000000000006
vertex 2449.2000000000007 10715.770000000002 277.81000000000006
endloop
endfacet
facet normal 0.8207634827466953 0.5471756551645699 -0.1641526965503121
outer loop
vertex 2447.5100000000007 10718.240000000003 276.12000000000006
vertex 2446.8600000000006 10719.020000000002 275.4700000000001
vertex 2446.7300000000005 10719.410000000003 276.12000000000006
endloop
endfacet
facet normal 0.829718247813504 0.5581824167661349 0.00013732591067869195
outer loop
vertex 2306.7200000000007 10929.490000000003 601.7700000000001
vertex 2285.0100000000007 10961.860000000002 199.94000000000005
vertex 2292.2900000000004 10950.940000000002 600.4700000000001
endloop
endfacet
facet normal 0.8242781681043145 0.5596950524165789 0.08548069891500817
outer loop
vertex 2306.7200000000007 10929.490000000003 601.7700000000001
vertex 2292.2900000000004 10950.940000000002 600.4700000000001
vertex 2299.5700000000006 10940.020000000002 601.7700000000001
endloop
endfacet
facet normal 0.8354166976341942 0.5496162484435934 -0.0009595628003808897
outer loop
vertex 2320.1100000000006 10909.210000000003 602.0300000000002
vertex 2285.0100000000007 10961.860000000002 199.94000000000005
vertex 2313.6100000000006 10919.090000000002 602.0300000000002
endloop
endfacet
facet normal 0.8327514499594975 0.5536126345717767 -0.006170367319004737
outer loop
vertex 2391.6100000000006 10801.960000000003 243.62000000000006
vertex 2446.7300000000005 10719.410000000003 276.12000000000006
vertex 2412.5400000000004 10770.500000000002 245.70000000000007
endloop
endfacet
facet normal 0.8325243310488375 0.5539856940914313 0.0017575419542882997
outer loop
vertex 2391.6100000000006 10801.960000000003 243.62000000000006
vertex 2412.5400000000004 10770.500000000002 245.70000000000007
vertex 2371.3300000000004 10832.510000000002 220.48000000000005
endloop
endfacet
facet normal 0.8314258519459714 0.5556143727277656 0.004870475772185525
outer loop
vertex 2391.6100000000006 10801.960000000003 243.62000000000006
vertex 2371.3300000000004 10832.510000000002 220.48000000000005
vertex 2285.0100000000007 10961.860000000002 199.94000000000005
endloop
endfacet
facet normal 0.8328143396829595 0.5535177687695813 -0.006193163551913585
outer loop
vertex 2391.6100000000006 10801.960000000003 243.62000000000006
vertex 2285.0100000000007 10961.860000000002 199.94000000000005
vertex 2442.5700000000006 10725.650000000003 276.12000000000006
endloop
endfacet
facet normal 0.8320482462216046 0.5546988308144031 -0.002218795323267911
outer loop
vertex 2391.6100000000006 10801.960000000003 243.62000000000006
vertex 2442.5700000000006 10725.650000000003 276.12000000000006
vertex 2446.7300000000005 10719.410000000003 276.12000000000006
endloop
endfacet
facet normal 0.8320417831741976 0.5547129627584895 0
outer loop
vertex 4030.130000000001 8344.310000000001 320.7100000000001
vertex 5333.640000000001 6389.1100000000015 599.9500000000002
vertex 5333.640000000001 6389.1100000000015 199.94000000000005
endloop
endfacet
facet normal 0.8320430397247308 0.5547110762374032 0.000044104100467737336
outer loop
vertex 4030.130000000001 8344.310000000001 320.7100000000001
vertex 5333.640000000001 6389.1100000000015 199.94000000000005
vertex 3804.190000000001 8683.220000000003 199.94000000000005
endloop
endfacet
facet normal 0.8317537363875835 0.5551418760994584 0.0017942703441055504
outer loop
vertex 4030.130000000001 8344.310000000001 320.7100000000001
vertex 3804.190000000001 8683.220000000003 199.94000000000005
vertex 3746.210000000001 8770.060000000001 209.17000000000004
endloop
endfacet
facet normal 0.832393615707495 0.5541736236662176 -0.003530348715975178
outer loop
vertex 4030.130000000001 8344.310000000001 320.7100000000001
vertex 3746.210000000001 8770.060000000001 209.17000000000004
vertex 3717.870000000001 8812.700000000003 220.48000000000005
endloop
endfacet
facet normal 0.8321939671167123 0.5544826938015768 -0.0014640249640181563
outer loop
vertex 4030.130000000001 8344.310000000001 320.7100000000001
vertex 3717.870000000001 8812.700000000003 220.48000000000005
vertex 3690.1800000000007 8854.300000000003 236.21000000000006
endloop
endfacet
facet normal 0.831880530093922 0.5549486251947479 0.002609031451376604
outer loop
vertex 4030.130000000001 8344.310000000001 320.7100000000001
vertex 3690.1800000000007 8854.300000000003 236.21000000000006
vertex 3637.400000000001 8933.210000000003 280.5400000000001
endloop
endfacet
facet normal 0.8320061313116377 0.5547648821149238 -0.0013126430804090167
outer loop
vertex 4030.130000000001 8344.310000000001 320.7100000000001
vertex 3637.400000000001 8933.210000000003 280.5400000000001
vertex 3589.820000000001 9004.710000000003 340.6000000000001
endloop
endfacet
facet normal 0.8320263090617745 0.5547361655530192 0.0000875018489287946
outer loop
vertex 4030.130000000001 8344.310000000001 320.7100000000001
vertex 3589.820000000001 9004.710000000003 340.6000000000001
vertex 3418.350000000001 9261.850000000002 599.9500000000002
endloop
endfacet
facet normal 0.8320329085761716 0.5547262576727637 0.00013451634315349214
outer loop
vertex 4030.130000000001 8344.310000000001 320.7100000000001
vertex 3418.350000000001 9261.850000000002 599.9500000000002
vertex 5333.640000000001 6389.1100000000015 599.9500000000002
endloop
endfacet
facet normal -0.8035052930007873 -0.5890867457109377 -0.0857674189154373
outer loop
vertex 3303.690000000001 10154.950000000003 1282.8400000000004
vertex 3308.7600000000007 10147.410000000002 1287.1300000000003
vertex 3308.500000000001 10147.670000000002 1287.7800000000004
endloop
endfacet
facet normal -0.81339005128422 -0.5809928937734558 -0.029049644689734658
outer loop
vertex 3680.170000000001 9590.230000000003 1228.6300000000003
vertex 3680.820000000001 9589.320000000002 1228.6300000000003
vertex 3680.4300000000007 9589.840000000002 1229.1500000000003
endloop
endfacet
facet normal -0.8321433165701523 -0.5545585449465444 0.00152345475762859
outer loop
vertex 3501.420000000001 9858.290000000003 1298.8300000000004
vertex 3398.330000000001 10013.120000000003 1349.1400000000003
vertex 3303.690000000001 10154.950000000003 1282.8400000000004
endloop
endfacet
facet normal -0.8320713591775677 -0.5546668897479985 -0.0013764641939129159
outer loop
vertex 3501.420000000001 9858.290000000003 1298.8300000000004
vertex 3303.690000000001 10154.950000000003 1282.8400000000004
vertex 3339.0500000000006 10102.040000000003 1228.6300000000003
endloop
endfacet
facet normal -0.8321148615723692 -0.5546023359832108 -0.0010516997493129744
outer loop
vertex 3501.420000000001 9858.290000000003 1298.8300000000004
vertex 3339.0500000000006 10102.040000000003 1228.6300000000003
vertex 3680.170000000001 9590.230000000003 1228.6300000000003
endloop
endfacet
facet normal -0.8318281145625047 -0.5550317560235812 0.0013181914762558562
outer loop
vertex 3501.420000000001 9858.290000000003 1298.8300000000004
vertex 3680.170000000001 9590.230000000003 1228.6300000000003
vertex 3643.380000000001 9645.480000000003 1276.0800000000004
endloop
endfacet
facet normal -0.8318073007067545 -0.5550618200010943 0.001729296971503448
outer loop
vertex 3501.420000000001 9858.290000000003 1298.8300000000004
vertex 3643.380000000001 9645.480000000003 1276.0800000000004
vertex 3598.0100000000007 9713.600000000002 1317.5500000000004
endloop
endfacet
facet normal -0.8316768698042081 -0.5552597231959667 -0.00047331703186553236
outer loop
vertex 3501.420000000001 9858.290000000003 1298.8300000000004
vertex 3598.0100000000007 9713.600000000002 1317.5500000000004
vertex 3549.650000000001 9786.010000000002 1346.1500000000003
endloop
endfacet
facet normal -0.8319965620081717 -0.5547804782977346 0.0005845565150785841
outer loop
vertex 3501.420000000001 9858.290000000003 1298.8300000000004
vertex 3549.650000000001 9786.010000000002 1346.1500000000003
vertex 3499.4700000000007 9861.280000000002 1361.1000000000004
endloop
endfacet
facet normal -0.8322894936552229 -0.5543409524166941 0.0005542787072086536
outer loop
vertex 3501.420000000001 9858.290000000003 1298.8300000000004
vertex 3499.4700000000007 9861.280000000002 1361.1000000000004
vertex 3398.330000000001 10013.120000000003 1349.1400000000003
endloop
endfacet
facet normal -0.6760342312094645 -0.45494127509063953 0.5796603785424111
outer loop
vertex 3463.2000000000007 9915.880000000003 962.9100000000002
vertex 3480.100000000001 9890.270000000002 962.5200000000002
vertex 3494.0100000000007 9869.600000000002 962.5200000000002
endloop
endfacet
facet normal -0.8324130913061548 -0.5541548402959896 -0.000926498061083646
outer loop
vertex 3463.2000000000007 9915.880000000003 962.9100000000002
vertex 3494.0100000000007 9869.600000000002 962.5200000000002
vertex 3303.690000000001 10154.950000000003 1282.8400000000004
endloop
endfacet
facet normal -0.8296314023473332 -0.5583054091268138 -0.002608903781004822
outer loop
vertex 3480.100000000001 9890.270000000002 962.5200000000002
vertex 3497.000000000001 9865.180000000002 957.5800000000003
vertex 3494.0100000000007 9869.600000000002 962.5200000000002
endloop
endfacet
facet normal -0.8319928447102347 -0.554769597812611 -0.004312736231792519
outer loop
vertex 2983.6300000000006 10635.040000000003 949.6500000000002
vertex 3430.0500000000006 9965.540000000003 949.6500000000002
vertex 3446.3000000000006 9941.100000000002 958.6200000000002
endloop
endfacet
facet normal -0.8320258562414621 -0.5547368463753157 -0.00007628388511863492
outer loop
vertex 2983.6300000000006 10635.040000000003 949.6500000000002
vertex 3446.3000000000006 9941.100000000002 958.6200000000002
vertex 3303.690000000001 10154.950000000003 1282.8400000000004
endloop
endfacet
facet normal -0.8320002807998175 -0.5547751872364406 -0.00015612750371121582
outer loop
vertex 2983.6300000000006 10635.040000000003 949.6500000000002
vertex 2970.890000000001 10654.150000000003 936.3900000000002
vertex 3414.710000000001 9988.550000000003 936.3900000000002
endloop
endfacet
facet normal -0.832000567693432 -0.5547747474678147 -0.00018689523510930666
outer loop
vertex 2983.6300000000006 10635.040000000003 949.6500000000002
vertex 3414.710000000001 9988.550000000003 936.3900000000002
vertex 3430.0500000000006 9965.540000000003 949.6500000000002
endloop
endfacet
facet normal -0.8320180736688952 -0.554748364035891 0.0004215303113589843
outer loop
vertex 3339.0500000000006 10102.040000000003 1228.6300000000003
vertex 3537.820000000001 9803.690000000002 922.7400000000002
vertex 3882.970000000001 9286.030000000002 922.7400000000002
endloop
endfacet
facet normal -0.8320827495378934 -0.5546515082492697 0.000048148412289404975
outer loop
vertex 3339.0500000000006 10102.040000000003 1228.6300000000003
vertex 3882.970000000001 9286.030000000002 922.7400000000002
vertex 3680.820000000001 9589.320000000002 1228.6300000000003
endloop
endfacet
facet normal -0.8320002600042568 -0.5547751733700251 -0.0002726996650490616
outer loop
vertex 2970.890000000001 10654.150000000003 936.3900000000002
vertex 2673.580000000001 11100.180000000002 626.9900000000001
vertex 3117.4000000000005 10434.580000000002 626.9900000000001
endloop
endfacet
facet normal -0.8320002600042566 -0.5547751733700257 -0.00027269966504862067
outer loop
vertex 2970.890000000001 10654.150000000003 936.3900000000002
vertex 3117.4000000000005 10434.580000000002 626.9900000000001
vertex 3414.710000000001 9988.550000000003 936.3900000000002
endloop
endfacet
facet normal -0.8320617740112491 -0.5546537420593908 -0.005694791371769069
outer loop
vertex 2673.580000000001 11100.180000000002 626.9900000000001
vertex 2667.2100000000005 11109.800000000003 620.7500000000001
vertex 3111.420000000001 10443.420000000002 620.7500000000001
endloop
endfacet
facet normal -0.8319462130344581 -0.5547391350194603 0.011401346213716836
outer loop
vertex 2673.580000000001 11100.180000000002 626.9900000000001
vertex 3111.420000000001 10443.420000000002 620.7500000000001
vertex 3117.4000000000005 10434.580000000002 626.9900000000001
endloop
endfacet
facet normal -0.8294318404716968 -0.558596953787066 0.003502175258889627
outer loop
vertex 2646.6700000000005 11140.480000000003 606.8400000000001
vertex 2655.2500000000005 11127.740000000003 606.8400000000001
vertex 2653.6900000000005 11130.080000000004 610.6100000000001
endloop
endfacet
facet normal -0.8325592361861148 -0.5536089766391946 -0.019032057841880265
outer loop
vertex 2646.6700000000005 11140.480000000003 606.8400000000001
vertex 2639.6500000000005 11151.140000000003 603.8500000000001
vertex 2656.4200000000005 11125.920000000002 603.8500000000001
endloop
endfacet
facet normal -0.8293378819891114 -0.5585336756253247 0.015453500906897585
outer loop
vertex 2646.6700000000005 11140.480000000003 606.8400000000001
vertex 2656.4200000000005 11125.920000000002 603.8500000000001
vertex 2655.2500000000005 11127.740000000003 606.8400000000001
endloop
endfacet
facet normal -0.831238069542353 -0.5551275219671171 0.029609223193965795
outer loop
vertex 2639.6500000000005 11151.140000000003 603.8500000000001
vertex 2632.370000000001 11161.930000000002 601.7700000000001
vertex 2657.2000000000007 11124.750000000004 601.7700000000001
endloop
endfacet
facet normal -0.8327097919612225 -0.5537090884690341 -0.0008048097221714962
outer loop
vertex 2639.6500000000005 11151.140000000003 603.8500000000001
vertex 2657.2000000000007 11124.750000000004 601.7700000000001
vertex 2656.4200000000005 11125.920000000002 603.8500000000001
endloop
endfacet
facet normal -0.8316938790145691 -0.5551999032783537 -0.0061934650564868425
outer loop
vertex 2632.370000000001 11161.930000000002 601.7700000000001
vertex 2625.0900000000006 11172.850000000002 600.4700000000001
vertex 2657.7200000000007 11123.970000000003 600.4700000000001
endloop
endfacet
facet normal -0.8316025444281715 -0.5553709300202335 0.0005815402411628115
outer loop
vertex 2632.370000000001 11161.930000000002 601.7700000000001
vertex 2657.7200000000007 11123.970000000003 600.4700000000001
vertex 2657.2000000000007 11124.750000000004 601.7700000000001
endloop
endfacet
facet normal -0.8309071769754991 -0.5564110560103983 0
outer loop
vertex 4127.240000000001 8919.690000000002 599.9500000000002
vertex 4136.990000000001 8905.130000000003 599.9500000000002
vertex 4127.240000000001 8919.690000000002 600.7300000000001
endloop
endfacet
facet normal -0.8320502943378417 -0.554700196225232 -5.724438549606768e-13
outer loop
vertex 2625.0900000000006 11172.850000000002 600.4700000000001
vertex 2617.810000000001 11183.770000000002 599.9500000000002
vertex 2657.850000000001 11123.710000000003 599.9500000000002
endloop
endfacet
facet normal -0.8296981779896624 -0.5538676666899186 0.06950928884760221
outer loop
vertex 2625.0900000000006 11172.850000000002 600.4700000000001
vertex 2657.850000000001 11123.710000000003 599.9500000000002
vertex 2657.7200000000007 11123.970000000003 600.4700000000001
endloop
endfacet
facet normal -0.8306507832334749 -0.5567400201855254 0.007734742234592819
outer loop
vertex 2816.7100000000005 10885.550000000003 534.5600000000002
vertex 2667.2100000000005 11109.800000000003 620.7500000000001
vertex 2660.4500000000007 11119.810000000003 615.2900000000002
endloop
endfacet
facet normal -0.8319087882726095 -0.5549123966735333 -0.0000035824443914106195
outer loop
vertex 2816.7100000000005 10885.550000000003 534.5600000000002
vertex 2660.4500000000007 11119.810000000003 615.2900000000002
vertex 2737.2800000000007 11004.630000000003 408.0700000000001
endloop
endfacet
facet normal -0.8319849740396013 -0.5547981434029393 0.0001518188911646966
outer loop
vertex 2816.7100000000005 10885.550000000003 534.5600000000002
vertex 2737.2800000000007 11004.630000000003 408.0700000000001
vertex 2907.1900000000005 10749.830000000004 408.0700000000001
endloop
endfacet
facet normal -0.8320814194289711 -0.5546535010293565 -0.0000723667501733038
outer loop
vertex 2816.7100000000005 10885.550000000003 534.5600000000002
vertex 2907.1900000000005 10749.830000000004 408.0700000000001
vertex 3111.420000000001 10443.420000000002 620.7500000000001
endloop
endfacet
facet normal -0.8320752582456471 -0.5546627306721371 -0.00014077914488328178
outer loop
vertex 2816.7100000000005 10885.550000000003 534.5600000000002
vertex 3111.420000000001 10443.420000000002 620.7500000000001
vertex 2667.2100000000005 11109.800000000003 620.7500000000001
endloop
endfacet
facet normal -0.8321469811879374 -0.5545543566824805 -0.00093122729914545
outer loop
vertex 2737.2800000000007 11004.630000000003 408.0700000000001
vertex 2751.1900000000005 10983.830000000004 364.6500000000001
vertex 2865.4600000000005 10812.360000000002 364.6500000000001
endloop
endfacet
facet normal -0.8319848203206888 -0.5547980408975216 0.0006265558420307303
outer loop
vertex 2737.2800000000007 11004.630000000003 408.0700000000001
vertex 2865.4600000000005 10812.360000000002 364.6500000000001
vertex 2907.1900000000005 10749.830000000004 408.0700000000001
endloop
endfacet
facet normal -0.8320502943378437 -0.5547001962252291 0
outer loop
vertex 1666.4700000000005 12610.910000000003 599.9500000000002
vertex 1666.4700000000005 12610.910000000003 364.6500000000001
vertex 2751.1900000000005 10983.830000000004 364.6500000000001
endloop
endfacet
facet normal -0.8320726264648948 -0.5546665952291334 -0.0003352979752748886
outer loop
vertex 1666.4700000000005 12610.910000000003 599.9500000000002
vertex 2751.1900000000005 10983.830000000004 364.6500000000001
vertex 2657.850000000001 11123.710000000003 599.9500000000002
endloop
endfacet
facet normal -0.8328220655076426 -0.5535383502035253 0.0016437936437060882
outer loop
vertex 3922.620000000001 9226.490000000002 340.6000000000001
vertex 4081.220000000001 8988.720000000003 626.9900000000001
vertex 4073.030000000001 9001.070000000002 636.3500000000001
endloop
endfacet
facet normal -0.5635355162187559 0 -0.8260918362749146
outer loop
vertex 3789.370000000001 9426.560000000003 751.1400000000002
vertex 3537.820000000001 9803.690000000002 922.7400000000002
vertex 3537.820000000001 9803.820000000002 922.7400000000002
endloop
endfacet
facet normal -0.8319224880025834 -0.5548917149506264 0.0003982897740254792
outer loop
vertex 3789.370000000001 9426.560000000003 751.1400000000002
vertex 3537.820000000001 9803.820000000002 922.7400000000002
vertex 3922.620000000001 9226.490000000002 340.6000000000001
endloop
endfacet
facet normal -0.8319695554089617 -0.5548211759881534 0.00034863697010410424
outer loop
vertex 3789.370000000001 9426.560000000003 751.1400000000002
vertex 3922.620000000001 9226.490000000002 340.6000000000001
vertex 4065.360000000001 9012.640000000003 647.0100000000001
endloop
endfacet
facet normal -0.8320573469114485 -0.5546894674658243 -0.0004075943593284065
outer loop
vertex 3789.370000000001 9426.560000000003 751.1400000000002
vertex 4065.360000000001 9012.640000000003 647.0100000000001
vertex 3882.970000000001 9286.030000000002 922.7400000000002
endloop
endfacet
facet normal -0.8320180528357206 -0.5547483501453639 -0.0004772488374395161
outer loop
vertex 3789.370000000001 9426.560000000003 751.1400000000002
vertex 3882.970000000001 9286.030000000002 922.7400000000002
vertex 3537.820000000001 9803.690000000002 922.7400000000002
endloop
endfacet
facet normal -0.7847397478976523 -0.6139120476737147 0.08541385010989595
outer loop
vertex 3926.9100000000008 9220.120000000003 334.2300000000001
vertex 3927.040000000001 9219.990000000002 334.49000000000007
vertex 3922.620000000001 9226.490000000002 340.6000000000001
endloop
endfacet
facet normal -0.8320602389887375 -0.5546852789591638 0
outer loop
vertex 1666.4700000000005 12610.910000000003 364.6500000000001
vertex 1666.4700000000005 12610.910000000003 277.81000000000006
vertex 2782.000000000001 10937.550000000003 277.81000000000006
endloop
endfacet
facet normal -0.8320595464341366 -0.554686317077126 0.0000289003973623881
outer loop
vertex 1666.4700000000005 12610.910000000003 364.6500000000001
vertex 2782.000000000001 10937.550000000003 277.81000000000006
vertex 2865.4600000000005 10812.360000000002 364.6500000000001
endloop
endfacet
facet normal -0.797643588400912 -0.5982326913013816 0.07669649888503588
outer loop
vertex 2779.0100000000007 10942.100000000002 277.81000000000006
vertex 2779.5300000000007 10941.190000000002 276.12000000000006
vertex 2780.310000000001 10940.150000000003 276.12000000000006
endloop
endfacet
facet normal -0.8356702410319455 -0.549154729821124 -0.009183189462182715
outer loop
vertex 2779.0100000000007 10942.100000000002 277.81000000000006
vertex 2780.310000000001 10940.150000000003 276.12000000000006
vertex 2782.000000000001 10937.550000000003 277.81000000000006
endloop
endfacet
facet normal -0.8017837257371007 -0.534522483824526 -0.26726124191358747
outer loop
vertex 2779.5300000000007 10941.190000000002 276.12000000000006
vertex 2779.270000000001 10941.710000000003 275.86000000000007
vertex 2780.0500000000006 10940.540000000003 275.86000000000007
endloop
endfacet
facet normal -0.7960297521677363 -0.5970223141264983 -0.09950371902001005
outer loop
vertex 2779.5300000000007 10941.190000000002 276.12000000000006
vertex 2780.0500000000006 10940.540000000003 275.86000000000007
vertex 2780.310000000001 10940.150000000003 276.12000000000006
endloop
endfacet
facet normal -0.7982281262856794 -0.5986710947135615 -0.06651901052270134
outer loop
vertex 2779.6600000000008 10941.060000000003 275.86000000000007
vertex 2779.790000000001 10940.930000000002 275.4700000000001
vertex 2780.0500000000006 10940.540000000003 275.86000000000007
endloop
endfacet
facet normal -0.8250133463410452 -0.5645819976330279 -0.024497883742288343
outer loop
vertex 2779.270000000001 10941.710000000003 275.86000000000007
vertex 2745.4700000000007 10992.410000000003 245.70000000000007
vertex 2765.3600000000006 10962.640000000003 261.95000000000005
endloop
endfacet
facet normal -0.8545301051690845 -0.5127180631015702 0.08305713171719721
outer loop
vertex 2779.270000000001 10941.710000000003 275.86000000000007
vertex 2765.3600000000006 10962.640000000003 261.95000000000005
vertex 2779.6600000000008 10941.060000000003 275.86000000000007
endloop
endfacet
facet normal -0.8267039010621106 -0.5612262433879833 -0.03982164865120497
outer loop
vertex 2661.3600000000006 11118.510000000002 205.14000000000004
vertex 2682.9400000000005 11086.270000000002 211.51000000000005
vertex 2704.1300000000006 11054.420000000002 220.48000000000005
endloop
endfacet
facet normal -0.8320422086786694 -0.5547123173025679 -0.00008949824927356719
outer loop
vertex 4127.240000000001 8919.690000000002 599.9500000000002
vertex 4136.990000000001 8905.130000000003 199.94000000000005
vertex 5509.660000000002 6846.190000000001 199.94000000000005
endloop
endfacet
facet normal -0.8320342431721818 -0.5547242722189958 0
outer loop
vertex 4127.240000000001 8919.690000000002 599.9500000000002
vertex 5509.660000000002 6846.190000000001 199.94000000000005
vertex 5509.660000000002 6846.190000000001 599.9500000000002
endloop
endfacet
facet normal -0.8320736150317545 -0.5546652135910346 0
outer loop
vertex 1666.4700000000005 12610.910000000003 277.81000000000006
vertex 1666.4700000000005 12610.910000000003 199.94000000000005
vertex 2617.810000000001 11183.770000000002 199.94000000000005
endloop
endfacet
facet normal -0.8320499375727979 -0.5546999583818649 0.0009260433361953692
outer loop
vertex 1666.4700000000005 12610.910000000003 277.81000000000006
vertex 2617.810000000001 11183.770000000002 199.94000000000005
vertex 2779.0100000000007 10942.100000000002 277.81000000000006
endloop
endfacet
facet normal 0.7999966929637293 -0.6000044093563784 0
outer loop
vertex 5509.660000000002 6846.190000000001 599.9500000000002
vertex 5509.660000000002 6846.190000000001 199.94000000000005
vertex 8340.020000000002 10619.960000000003 199.94000000000005
endloop
endfacet
facet normal 0.7999966929637293 -0.6000044093563784 0
outer loop
vertex 5509.660000000002 6846.190000000001 599.9500000000002
vertex 8340.020000000002 10619.960000000003 199.94000000000005
vertex 8340.020000000002 10619.960000000003 599.9500000000002
endloop
endfacet
facet normal 0.8944271909999159 0.4472135954999579 0
outer loop
vertex 5333.640000000001 6389.1100000000015 199.94000000000005
vertex 5333.640000000001 6389.1100000000015 599.9500000000002
vertex 5333.770000000001 6388.850000000001 599.9500000000002
endloop
endfacet
facet normal 0.8944271909999159 0.4472135954999579 0
outer loop
vertex 5333.640000000001 6389.1100000000015 199.94000000000005
vertex 5333.770000000001 6388.850000000001 599.9500000000002
vertex 5333.770000000001 6388.850000000001 199.94000000000005
endloop
endfacet
facet normal 0.02475499013162712 -0.037125234175140846 0.9990039576753559
outer loop
vertex 4107.870000000001 8948.680000000002 202.28000000000006
vertex 3775.070000000001 8726.770000000002 202.28000000000006
vertex 3804.190000000001 8683.220000000003 199.94000000000005
endloop
endfacet
facet normal 0.024754990131627123 -0.037125234175140846 0.9990039576753559
outer loop
vertex 4107.870000000001 8948.680000000002 202.28000000000006
vertex 3804.190000000001 8683.220000000003 199.94000000000005
vertex 4136.990000000001 8905.130000000003 199.94000000000005
endloop
endfacet
facet normal 0.0728124524976712 -0.10924000635415039 0.991345029630461
outer loop
vertex 4079.1400000000012 8991.970000000003 209.17000000000004
vertex 3746.210000000001 8770.060000000001 209.17000000000004
vertex 3775.070000000001 8726.770000000002 202.28000000000006
endloop
endfacet
facet normal 0.07293149540752049 -0.10937588063459426 0.9913212969128777
outer loop
vertex 4079.1400000000012 8991.970000000003 209.17000000000004
vertex 3775.070000000001 8726.770000000002 202.28000000000006
vertex 4107.870000000001 8948.680000000002 202.28000000000006
endloop
endfacet
facet normal 0.11961821642112437 -0.17949744081950772 0.9764589858460397
outer loop
vertex 4050.670000000001 9034.480000000001 220.48000000000005
vertex 3717.870000000001 8812.700000000003 220.48000000000005
vertex 3746.210000000001 8770.060000000001 209.17000000000004
endloop
endfacet
facet normal 0.1197148374539573 -0.1796073220384198 0.9764269391836543
outer loop
vertex 4050.670000000001 9034.480000000001 220.48000000000005
vertex 3746.210000000001 8770.060000000001 209.17000000000004
vertex 4079.1400000000012 8991.970000000003 209.17000000000004
endloop
endfacet
facet normal 0.1665021631165853 -0.24985084266029356 0.9538614082241923
outer loop
vertex 4022.980000000001 9076.080000000002 236.21000000000006
vertex 3690.1800000000007 8854.300000000003 236.21000000000006
vertex 3717.870000000001 8812.700000000003 220.48000000000005
endloop
endfacet
facet normal 0.1665021631165853 -0.24985084266029364 0.9538614082241922
outer loop
vertex 4022.980000000001 9076.080000000002 236.21000000000006
vertex 3717.870000000001 8812.700000000003 220.48000000000005
vertex 4050.670000000001 9034.480000000001 220.48000000000005
endloop
endfacet
facet normal 0.21291856422046043 -0.3195026520541485 0.9233546124543177
outer loop
vertex 3996.070000000001 9116.380000000003 256.36000000000007
vertex 3663.270000000001 8894.600000000002 256.36000000000007
vertex 3690.1800000000007 8854.300000000003 236.21000000000006
endloop
endfacet
facet normal 0.21291856422045355 -0.3195026520541408 0.923354612454322
outer loop
vertex 3996.070000000001 9116.380000000003 256.36000000000007
vertex 3690.1800000000007 8854.300000000003 236.21000000000006
vertex 4022.980000000001 9076.080000000002 236.21000000000006
endloop
endfacet
facet normal 0.25598382103583067 -0.3840507121691637 0.8871174295718993
outer loop
vertex 3970.330000000001 9155.120000000003 280.5400000000001
vertex 3637.400000000001 8933.210000000003 280.5400000000001
vertex 3663.270000000001 8894.600000000002 256.36000000000007
endloop
endfacet
facet normal 0.25579290118482356 -0.3838392889994998 0.8872639922389557
outer loop
vertex 3970.330000000001 9155.120000000003 280.5400000000001
vertex 3663.270000000001 8894.600000000002 256.36000000000007
vertex 3996.070000000001 9116.380000000003 256.36000000000007
endloop
endfacet
facet normal 0.29862155079719227 -0.44784485649725436 0.8427693361225441
outer loop
vertex 3945.760000000001 9191.910000000002 308.75000000000006
vertex 3612.960000000001 8970.000000000002 308.75000000000006
vertex 3637.400000000001 8933.210000000003 280.5400000000001
endloop
endfacet
facet normal 0.2981949337575983 -0.44737974537387776 0.8431673291289847
outer loop
vertex 3945.760000000001 9191.910000000002 308.75000000000006
vertex 3637.400000000001 8933.210000000003 280.5400000000001
vertex 3970.330000000001 9155.120000000003 280.5400000000001
endloop
endfacet
facet normal -0.33670170759626405 0.505151185210326 -0.7946409504816389
outer loop
vertex 3740.230000000001 8779.160000000002 636.3500000000001
vertex 3732.4300000000007 8790.730000000001 647.0100000000001
vertex 4065.360000000001 9012.640000000003 647.0100000000001
endloop
endfacet
facet normal -0.33789431515067225 0.5067424995815594 -0.7931200860567658
outer loop
vertex 3740.230000000001 8779.160000000002 636.3500000000001
vertex 4065.360000000001 9012.640000000003 647.0100000000001
vertex 4073.030000000001 9001.070000000002 636.3500000000001
endloop
endfacet
facet normal -0.29626303604683574 0.44430777520790893 -0.8454695821625456
outer loop
vertex 3748.420000000001 8766.810000000001 626.9900000000001
vertex 3740.230000000001 8779.160000000002 636.3500000000001
vertex 4073.030000000001 9001.070000000002 636.3500000000001
endloop
endfacet
facet normal -0.29626303604685905 0.4443077752079402 -0.845469582162521
outer loop
vertex 3748.420000000001 8766.810000000001 626.9900000000001
vertex 4073.030000000001 9001.070000000002 636.3500000000001
vertex 4081.220000000001 8988.720000000003 626.9900000000001
endloop
endfacet
facet normal -0.2596011410111961 0.3893256713466065 -0.8837605836515902
outer loop
vertex 3757.000000000001 8753.940000000002 618.8000000000002
vertex 3748.420000000001 8766.810000000001 626.9900000000001
vertex 4081.220000000001 8988.720000000003 626.9900000000001
endloop
endfacet
facet normal -0.2580849979421357 0.3872787776857361 -0.8851029782976949
outer loop
vertex 3757.000000000001 8753.940000000002 618.8000000000002
vertex 4081.220000000001 8988.720000000003 626.9900000000001
vertex 4089.800000000001 8975.720000000003 618.8000000000002
endloop
endfacet
facet normal -0.2097677584421223 0.3147745964899366 -0.9256967326953061
outer loop
vertex 3765.9700000000007 8740.420000000002 612.1700000000002
vertex 3757.000000000001 8753.940000000002 618.8000000000002
vertex 4089.800000000001 8975.720000000003 618.8000000000002
endloop
endfacet
facet normal -0.21105806105502886 0.3165252702407002 -0.9248060597567166
outer loop
vertex 3765.9700000000007 8740.420000000002 612.1700000000002
vertex 4089.800000000001 8975.720000000003 618.8000000000002
vertex 4098.770000000001 8962.330000000002 612.1700000000002
endloop
endfacet
facet normal -0.1680787396203715 0.25206887722797433 -0.9530009540502337
outer loop
vertex 3775.330000000001 8726.510000000002 606.8400000000001
vertex 3765.9700000000007 8740.420000000002 612.1700000000002
vertex 4098.770000000001 8962.330000000002 612.1700000000002
endloop
endfacet
facet normal -0.16807873962037398 0.25206887722797766 -0.9530009540502324
outer loop
vertex 3775.330000000001 8726.510000000002 606.8400000000001
vertex 4098.770000000001 8962.330000000002 612.1700000000002
vertex 4108.130000000001 8948.420000000002 606.8400000000001
endloop
endfacet
facet normal -0.11902734669079214 0.178506155552682 -0.9767128765249036
outer loop
vertex 3784.820000000001 8712.210000000003 603.0700000000002
vertex 3775.330000000001 8726.510000000002 606.8400000000001
vertex 4108.130000000001 8948.420000000002 606.8400000000001
endloop
endfacet
facet normal -0.1190273466907939 0.17850615555268445 -0.9767128765249029
outer loop
vertex 3784.820000000001 8712.210000000003 603.0700000000002
vertex 4108.130000000001 8948.420000000002 606.8400000000001
vertex 4117.620000000001 8934.120000000003 603.0700000000002
endloop
endfacet
facet normal -0.0741819867745741 0.11125125140182171 -0.9910197737178131
outer loop
vertex 3794.440000000001 8697.780000000002 600.7300000000001
vertex 3784.820000000001 8712.210000000003 603.0700000000002
vertex 4117.620000000001 8934.120000000003 603.0700000000002
endloop
endfacet
facet normal -0.07418198677457401 0.11125125140182157 -0.9910197737178131
outer loop
vertex 3794.440000000001 8697.780000000002 600.7300000000001
vertex 4117.620000000001 8934.120000000003 603.0700000000002
vertex 4127.240000000001 8919.690000000002 600.7300000000001
endloop
endfacet
facet normal -0.02467026312810815 0.03699816848737953 -0.9990107675324473
outer loop
vertex 3804.190000000001 8683.220000000003 599.9500000000002
vertex 3794.440000000001 8697.780000000002 600.7300000000001
vertex 4127.240000000001 8919.690000000002 600.7300000000001
endloop
endfacet
facet normal -0.02467026312810811 0.03699816848737946 -0.9990107675324471
outer loop
vertex 3804.190000000001 8683.220000000003 599.9500000000002
vertex 4127.240000000001 8919.690000000002 600.7300000000001
vertex 4136.990000000001 8905.130000000003 599.9500000000002
endloop
endfacet
facet normal -0.8322685052512336 -0.5543727396348623 -0.00002676965283654959
outer loop
vertex 3398.330000000001 10013.120000000003 1349.1400000000003
vertex 3499.4700000000007 9861.280000000002 1361.1000000000004
vertex 3448.640000000001 9937.590000000002 1362.0100000000004
endloop
endfacet
facet normal -0.8318469795441535 -0.5550050283594236 0.0001453238588472939
outer loop
vertex 3349.580000000001 10086.180000000002 1322.4900000000002
vertex 3303.690000000001 10154.950000000003 1282.8400000000004
vertex 3398.330000000001 10013.120000000003 1349.1400000000003
endloop
endfacet
facet normal -0.830854640167526 -0.5564872217657891 0.0015933999763234658
outer loop
vertex 3446.3000000000006 9941.100000000002 958.6200000000002
vertex 3463.2000000000007 9915.880000000003 962.9100000000002
vertex 3303.690000000001 10154.950000000003 1282.8400000000004
endloop
endfacet
facet normal -0.8320262744101796 -0.5546841829401061 0.0075984134648782176
outer loop
vertex 3497.000000000001 9865.180000000002 957.5800000000003
vertex 3513.120000000001 9840.870000000003 948.0900000000003
vertex 3519.360000000001 9831.510000000002 948.0900000000003
endloop
endfacet
facet normal -0.8334239274589161 -0.5526260730738005 -0.0029967479016407136
outer loop
vertex 3497.000000000001 9865.180000000002 957.5800000000003
vertex 3519.360000000001 9831.510000000002 948.0900000000003
vertex 3303.690000000001 10154.950000000003 1282.8400000000004
endloop
endfacet
facet normal -0.8320474991790466 -0.5546983327860175 -0.0025920482840709894
outer loop
vertex 3513.120000000001 9840.870000000003 948.0900000000003
vertex 3528.330000000001 9818.120000000003 934.1800000000002
vertex 3519.360000000001 9831.510000000002 948.0900000000003
endloop
endfacet
facet normal -0.8354138268076221 -0.5496143597419012 -0.0027916919859123047
outer loop
vertex 4076.800000000001 8995.480000000001 618.8000000000002
vertex 4089.800000000001 8975.720000000003 618.8000000000002
vertex 4081.220000000001 8988.720000000003 626.9900000000001
endloop
endfacet
facet normal -0.8328888011469417 -0.55339591485603 0.007014723420613484
outer loop
vertex 4076.800000000001 8995.480000000001 618.8000000000002
vertex 4073.030000000001 9001.070000000002 612.1700000000002
vertex 4098.770000000001 8962.330000000002 612.1700000000002
endloop
endfacet
facet normal -0.8352456728769667 -0.5495037321559436 -0.02025621600872396
outer loop
vertex 4076.800000000001 8995.480000000001 618.8000000000002
vertex 4098.770000000001 8962.330000000002 612.1700000000002
vertex 4089.800000000001 8975.720000000003 618.8000000000002
endloop
endfacet
facet normal -0.8310274253279641 -0.5559156064408499 0.01874184804860736
outer loop
vertex 4073.030000000001 9001.070000000002 612.1700000000002
vertex 4070.040000000001 9005.360000000002 606.8400000000001
vertex 4108.130000000001 8948.420000000002 606.8400000000001
endloop
endfacet
facet normal -0.8327682413388345 -0.5533158113593681 -0.01840296490102904
outer loop
vertex 4073.030000000001 9001.070000000002 612.1700000000002
vertex 4108.130000000001 8948.420000000002 606.8400000000001
vertex 4098.770000000001 8962.330000000002 612.1700000000002
endloop
endfacet
facet normal -0.8318981271283893 -0.5545987514189262 -0.019124094876530873
outer loop
vertex 4070.040000000001 9005.360000000002 606.8400000000001
vertex 4067.960000000001 9008.610000000002 603.0700000000002
vertex 4117.620000000001 8934.120000000003 603.0700000000002
endloop
endfacet
facet normal -0.8310568183291849 -0.5559352688823057 0.016749373759360295
outer loop
vertex 4070.040000000001 9005.360000000002 606.8400000000001
vertex 4117.620000000001 8934.120000000003 603.0700000000002
vertex 4108.130000000001 8948.420000000002 606.8400000000001
endloop
endfacet
facet normal -0.8353571481395815 -0.5496908545938892 -0.004289455436872475
outer loop
vertex 2653.6900000000005 11130.080000000004 610.6100000000001
vertex 2751.1900000000005 10983.830000000004 364.6500000000001
vertex 2737.2800000000007 11004.630000000003 408.0700000000001
endloop
endfacet
facet normal -0.834601365647837 -0.5508447279298231 -0.0032628470213593433
outer loop
vertex 2653.6900000000005 11130.080000000004 610.6100000000001
vertex 2737.2800000000007 11004.630000000003 408.0700000000001
vertex 2660.4500000000007 11119.810000000003 615.2900000000002
endloop
endfacet
facet normal -0.8328026959816159 -0.5535675858641004 0.0016116594999471907
outer loop
vertex 3922.620000000001 9226.490000000002 340.6000000000001
vertex 4073.030000000001 9001.070000000002 636.3500000000001
vertex 4065.360000000001 9012.640000000003 647.0100000000001
endloop
endfacet
facet normal -0.8317802309445949 -0.5551050377576311 -0.00021086928465983973
outer loop
vertex 4045.470000000001 9042.410000000002 338.3900000000001
vertex 4067.960000000001 9008.610000000002 603.0700000000002
vertex 3922.620000000001 9226.490000000002 340.6000000000001
endloop
endfacet
facet normal -0.8317870823870344 -0.5550923677660371 -0.0016470646495047904
outer loop
vertex 4045.470000000001 9042.410000000002 338.3900000000001
vertex 3922.620000000001 9226.490000000002 340.6000000000001
vertex 3945.760000000001 9191.910000000002 308.75000000000006
endloop
endfacet
facet normal -0.8318686762140097 -0.5549719989422819 -0.0007654566994664746
outer loop
vertex 4045.470000000001 9042.410000000002 338.3900000000001
vertex 3945.760000000001 9191.910000000002 308.75000000000006
vertex 3970.330000000001 9155.120000000003 280.5400000000001
endloop
endfacet
facet normal -0.8324368310169576 -0.5541175341981406 0.0016372723101387306
outer loop
vertex 4045.470000000001 9042.410000000002 338.3900000000001
vertex 3970.330000000001 9155.120000000003 280.5400000000001
vertex 3996.070000000001 9116.380000000003 256.36000000000007
endloop
endfacet
facet normal -0.8316258367698668 -0.5553363531548445 0.00004981462351582656
outer loop
vertex 4045.470000000001 9042.410000000002 338.3900000000001
vertex 3996.070000000001 9116.380000000003 256.36000000000007
vertex 4022.980000000001 9076.080000000002 236.21000000000006
endloop
endfacet
facet normal -0.832351091911713 -0.5542484436155903 0.0005679287586382469
outer loop
vertex 4045.470000000001 9042.410000000002 338.3900000000001
vertex 4022.980000000001 9076.080000000002 236.21000000000006
vertex 4050.670000000001 9034.480000000001 220.48000000000005
endloop
endfacet
facet normal -0.8307775490480654 -0.5566040161403212 0.0007957475442550976
outer loop
vertex 4045.470000000001 9042.410000000002 338.3900000000001
vertex 4050.670000000001 9034.480000000001 220.48000000000005
vertex 4079.1400000000012 8991.970000000003 209.17000000000004
endloop
endfacet
facet normal -0.8333007736208811 -0.552818258154262 -0.001339452921489472
outer loop
vertex 4045.470000000001 9042.410000000002 338.3900000000001
vertex 4079.1400000000012 8991.970000000003 209.17000000000004
vertex 4107.870000000001 8948.680000000002 202.28000000000006
endloop
endfacet
facet normal -0.83124171823375 -0.5559084494589102 0.0017325380207020233
outer loop
vertex 4045.470000000001 9042.410000000002 338.3900000000001
vertex 4107.870000000001 8948.680000000002 202.28000000000006
vertex 4136.990000000001 8905.130000000003 199.94000000000005
endloop
endfacet
facet normal -0.8320937573400609 -0.5546349883252123 -0.00009338732016962592
outer loop
vertex 4045.470000000001 9042.410000000002 338.3900000000001
vertex 4136.990000000001 8905.130000000003 199.94000000000005
vertex 4127.240000000001 8919.690000000002 600.7300000000001
endloop
endfacet
facet normal -0.8320598486752085 -0.5546858497409147 -0.00012774892899778445
outer loop
vertex 4045.470000000001 9042.410000000002 338.3900000000001
vertex 4127.240000000001 8919.690000000002 600.7300000000001
vertex 4117.620000000001 8934.120000000003 603.0700000000002
endloop
endfacet
facet normal -0.8320502866177836 -0.5547001910785226 -0.00013622303317167535
outer loop
vertex 4045.470000000001 9042.410000000002 338.3900000000001
vertex 4117.620000000001 8934.120000000003 603.0700000000002
vertex 4067.960000000001 9008.610000000002 603.0700000000002
endloop
endfacet
facet normal -0.8317228842245572 -0.5551901833651897 -0.0009508691345635038
outer loop
vertex 2725.1900000000005 11022.830000000004 244.01000000000005
vertex 2617.810000000001 11183.770000000002 199.94000000000005
vertex 2704.1300000000006 11054.420000000002 220.48000000000005
endloop
endfacet
facet normal -0.8320502943378426 -0.5547001962252306 3.4415924015266833e-14
outer loop
vertex 2725.1900000000005 11022.830000000004 244.01000000000005
vertex 2704.1300000000006 11054.420000000002 220.48000000000005
vertex 2745.4700000000007 10992.410000000003 245.70000000000007
endloop
endfacet
facet normal -0.8319803943230181 -0.5547988695511855 -0.0026149200450501417
outer loop
vertex 2725.1900000000005 11022.830000000004 244.01000000000005
vertex 2745.4700000000007 10992.410000000003 245.70000000000007
vertex 2779.5300000000007 10941.190000000002 276.12000000000006
endloop
endfacet
facet normal -0.8382546003184976 -0.5441495040175337 0.035079086680635085
outer loop
vertex 2725.1900000000005 11022.830000000004 244.01000000000005
vertex 2779.5300000000007 10941.190000000002 276.12000000000006
vertex 2779.0100000000007 10942.100000000002 277.81000000000006
endloop
endfacet
facet normal -0.8314485374410322 -0.5555931741376201 -0.0030910255341526165
outer loop
vertex 2725.1900000000005 11022.830000000004 244.01000000000005
vertex 2779.0100000000007 10942.100000000002 277.81000000000006
vertex 2617.810000000001 11183.770000000002 199.94000000000005
endloop
endfacet
facet normal 0.8350250391351735 0.5500031591104434 0.01515615339835788
outer loop
vertex 3690.1800000000007 8854.300000000003 236.21000000000006
vertex 3663.270000000001 8894.600000000002 256.36000000000007
vertex 3637.400000000001 8933.210000000003 280.5400000000001
endloop
endfacet
facet normal 0.8307942107155679 0.5563587453104204 -0.015682026594510023
outer loop
vertex 3804.190000000001 8683.220000000003 199.94000000000005
vertex 3775.070000000001 8726.770000000002 202.28000000000006
vertex 3746.210000000001 8770.060000000001 209.17000000000004
endloop
endfacet
facet normal 0.8374775226605146 0.5463151898438358 0.013080993245968398
outer loop
vertex 3637.400000000001 8933.210000000003 280.5400000000001
vertex 3612.960000000001 8970.000000000002 308.75000000000006
vertex 3589.820000000001 9004.710000000003 340.6000000000001
endloop
endfacet
facet normal -0.3714431998098208 0.5570559997147877 0.742777599619698
outer loop
vertex 3594.110000000001 8998.340000000002 334.2300000000001
vertex 3594.2400000000007 8998.080000000002 334.49000000000007
vertex 3927.040000000001 9219.990000000002 334.49000000000007
endloop
endfacet
facet normal -0.4557243471151996 0.6838536510052209 0.5697889990630343
outer loop
vertex 3594.110000000001 8998.340000000002 334.2300000000001
vertex 3927.040000000001 9219.990000000002 334.49000000000007
vertex 3926.9100000000008 9220.120000000003 334.2300000000001
endloop
endfacet
facet normal -0.35662053053466475 0.5348263375329478 -0.7660173535124826
outer loop
vertex 3732.4300000000007 8790.730000000001 647.0100000000001
vertex 3347.630000000001 9367.930000000002 1229.1500000000003
vertex 3680.4300000000007 9589.840000000002 1229.1500000000003
endloop
endfacet
facet normal -0.3565023777650071 0.5348579903082467 -0.766050249560249
outer loop
vertex 3732.4300000000007 8790.730000000001 647.0100000000001
vertex 3680.4300000000007 9589.840000000002 1229.1500000000003
vertex 4065.360000000001 9012.640000000003 647.0100000000001
endloop
endfacet
facet normal 0.3364432125865265 -0.5045662707800287 0.7951219045502345
outer loop
vertex 3927.040000000001 9219.990000000002 334.49000000000007
vertex 3594.2400000000007 8998.080000000002 334.49000000000007
vertex 3612.960000000001 8970.000000000002 308.75000000000006
endloop
endfacet
facet normal 0.3364432125865266 -0.5045662707800288 0.7951219045502342
outer loop
vertex 3927.040000000001 9219.990000000002 334.49000000000007
vertex 3612.960000000001 8970.000000000002 308.75000000000006
vertex 3945.760000000001 9191.910000000002 308.75000000000006
endloop
endfacet
facet normal 0.3225376519859895 -0.48390095297956603 0.8135166444251972
outer loop
vertex 3528.330000000001 9818.120000000003 934.1800000000002
vertex 3195.400000000001 9596.210000000003 934.1800000000002
vertex 3209.310000000001 9575.540000000003 916.3700000000002
endloop
endfacet
facet normal 0.32324366152988887 -0.4847708104959089 0.8127181532191158
outer loop
vertex 3528.330000000001 9818.120000000003 934.1800000000002
vertex 3209.310000000001 9575.540000000003 916.3700000000002
vertex 3542.110000000001 9797.450000000003 916.3700000000002
endloop
endfacet
facet normal 0.2519058548788973 -0.3777849961862787 0.8909668551266459
outer loop
vertex 3513.120000000001 9840.870000000003 948.0900000000003
vertex 3180.3200000000006 9618.960000000003 948.0900000000003
vertex 3195.400000000001 9596.210000000003 934.1800000000002
endloop
endfacet
facet normal 0.25131051716817343 -0.37703938750304167 0.8914506852496084
outer loop
vertex 3513.120000000001 9840.870000000003 948.0900000000003
vertex 3195.400000000001 9596.210000000003 934.1800000000002
vertex 3528.330000000001 9818.120000000003 934.1800000000002
endloop
endfacet
facet normal 0.17120939119014375 -0.2568642359917743 0.9511614524551877
outer loop
vertex 3497.000000000001 9865.180000000002 957.5800000000003
vertex 3164.0700000000006 9643.270000000002 957.5800000000003
vertex 3180.3200000000006 9618.960000000003 948.0900000000003
endloop
endfacet
facet normal 0.17163860287238053 -0.2574076293809576 0.9509371705536034
outer loop
vertex 3497.000000000001 9865.180000000002 957.5800000000003
vertex 3180.3200000000006 9618.960000000003 948.0900000000003
vertex 3513.120000000001 9840.870000000003 948.0900000000003
endloop
endfacet
facet normal 0.0892719860116202 -0.1339603072624544 0.986957521168814
outer loop
vertex 3480.100000000001 9890.270000000002 962.5200000000002
vertex 3147.3000000000006 9668.490000000002 962.5200000000002
vertex 3164.0700000000006 9643.270000000002 957.5800000000003
endloop
endfacet
facet normal 0.08938777797680761 -0.13410784967697992 0.9869270032800732
outer loop
vertex 3480.100000000001 9890.270000000002 962.5200000000002
vertex 3164.0700000000006 9643.270000000002 957.5800000000003
vertex 3497.000000000001 9865.180000000002 957.5800000000003
endloop
endfacet
facet normal 0.007057298726301386 -0.010588015253695286 0.9999190409566542
outer loop
vertex 3463.2000000000007 9915.880000000003 962.9100000000002
vertex 3130.270000000001 9693.970000000003 962.9100000000002
vertex 3147.3000000000006 9668.490000000002 962.5200000000002
endloop
endfacet
facet normal 0.0070480465851752395 -0.010576201206359069 0.9999192312418916
outer loop
vertex 3463.2000000000007 9915.880000000003 962.9100000000002
vertex 3147.3000000000006 9668.490000000002 962.5200000000002
vertex 3480.100000000001 9890.270000000002 962.5200000000002
endloop
endfacet
facet normal -0.0778054016088445 0.11668531231320556 0.9901165877667419
outer loop
vertex 3446.3000000000006 9941.100000000002 958.6200000000002
vertex 3113.500000000001 9719.190000000002 958.6200000000002
vertex 3130.270000000001 9693.970000000003 962.9100000000002
endloop
endfacet
facet normal -0.07760323599597188 0.11642758487737784 0.9901627922935574
outer loop
vertex 3446.3000000000006 9941.100000000002 958.6200000000002
vertex 3130.270000000001 9693.970000000003 962.9100000000002
vertex 3463.2000000000007 9915.880000000003 962.9100000000002
endloop
endfacet
facet normal -0.1621518651449743 0.24318030156481205 0.9563315918450321
outer loop
vertex 3430.0500000000006 9965.540000000003 949.6500000000002
vertex 3097.250000000001 9743.630000000003 949.6500000000002
vertex 3113.500000000001 9719.190000000002 958.6200000000002
endloop
endfacet
facet normal -0.16215186514497434 0.24318030156481205 0.956331591845032
outer loop
vertex 3430.0500000000006 9965.540000000003 949.6500000000002
vertex 3113.500000000001 9719.190000000002 958.6200000000002
vertex 3446.3000000000006 9941.100000000002 958.6200000000002
endloop
endfacet
facet normal -0.2398597133998641 0.3597193124215892 0.9017035733314325
outer loop
vertex 3414.710000000001 9988.550000000003 936.3900000000002
vertex 3081.9100000000008 9766.640000000003 936.3900000000002
vertex 3097.250000000001 9743.630000000003 949.6500000000002
endloop
endfacet
facet normal -0.23985971339986598 0.35971931242159155 0.9017035733314311
outer loop
vertex 3414.710000000001 9988.550000000003 936.3900000000002
vertex 3097.250000000001 9743.630000000003 949.6500000000002
vertex 3430.0500000000006 9965.540000000003 949.6500000000002
endloop
endfacet
facet normal 0.16120095385192637 -0.2417542131581324 -0.9568537782218981
outer loop
vertex 3065.4000000000005 9791.210000000003 1349.1400000000003
vertex 3016.7800000000007 9864.270000000002 1322.4900000000002
vertex 3349.580000000001 10086.180000000002 1322.4900000000002
endloop
endfacet
facet normal 0.16103621438048807 -0.2416014909363975 -0.9569200892631063
outer loop
vertex 3065.4000000000005 9791.210000000003 1349.1400000000003
vertex 3349.580000000001 10086.180000000002 1322.4900000000002
vertex 3398.330000000001 10013.120000000003 1349.1400000000003
endloop
endfacet
facet normal 0.07781463605583266 -0.11674474688868645 -0.9901088558786829
outer loop
vertex 3115.8400000000006 9715.680000000002 1362.0100000000004
vertex 3065.4000000000005 9791.210000000003 1349.1400000000003
vertex 3398.330000000001 10013.120000000003 1349.1400000000003
endloop
endfacet
facet normal 0.0778963047940196 -0.11682164046437632 -0.9900933642938171
outer loop
vertex 3115.8400000000006 9715.680000000002 1362.0100000000004
vertex 3398.330000000001 10013.120000000003 1349.1400000000003
vertex 3448.640000000001 9937.590000000002 1362.0100000000004
endloop
endfacet
facet normal -0.005512283948667409 0.008266811311416863 -0.999950636059806
outer loop
vertex 3166.670000000001 9639.500000000002 1361.1000000000004
vertex 3115.8400000000006 9715.680000000002 1362.0100000000004
vertex 3448.640000000001 9937.590000000002 1362.0100000000004
endloop
endfacet
facet normal -0.005503548256272033 0.008258548379868905 -0.9999507524549639
outer loop
vertex 3166.670000000001 9639.500000000002 1361.1000000000004
vertex 3448.640000000001 9937.590000000002 1362.0100000000004
vertex 3499.4700000000007 9861.280000000002 1361.1000000000004
endloop
endfacet
facet normal -0.09031366629311038 0.13552343828274427 -0.9866492990707082
outer loop
vertex 3216.850000000001 9564.100000000002 1346.1500000000003
vertex 3166.670000000001 9639.500000000002 1361.1000000000004
vertex 3499.4700000000007 9861.280000000002 1361.1000000000004
endloop
endfacet
facet normal -0.09045548785201306 0.1356567363217069 -0.9866179881838751
outer loop
vertex 3216.850000000001 9564.100000000002 1346.1500000000003
vertex 3499.4700000000007 9861.280000000002 1361.1000000000004
vertex 3549.650000000001 9786.010000000002 1346.1500000000003
endloop
endfacet
facet normal -0.17311998644601992 0.25962927082707177 -0.9500642673118135
outer loop
vertex 3265.210000000001 9491.690000000002 1317.5500000000004
vertex 3216.850000000001 9564.100000000002 1346.1500000000003
vertex 3549.650000000001 9786.010000000002 1346.1500000000003
endloop
endfacet
facet normal -0.17311998644602056 0.2596292708270724 -0.9500642673118131
outer loop
vertex 3265.210000000001 9491.690000000002 1317.5500000000004
vertex 3549.650000000001 9786.010000000002 1346.1500000000003
vertex 3598.0100000000007 9713.600000000002 1317.5500000000004
endloop
endfacet
facet normal -0.2507453739022783 0.3760446146396205 -0.8920298230816871
outer loop
vertex 3310.580000000001 9423.570000000002 1276.0800000000004
vertex 3265.210000000001 9491.690000000002 1317.5500000000004
vertex 3598.0100000000007 9713.600000000002 1317.5500000000004
endloop
endfacet
facet normal -0.2507453739022825 0.37604461463962435 -0.8920298230816843
outer loop
vertex 3310.580000000001 9423.570000000002 1276.0800000000004
vertex 3598.0100000000007 9713.600000000002 1317.5500000000004
vertex 3643.380000000001 9645.480000000003 1276.0800000000004
endloop
endfacet
facet normal 0.8336854499134858 0.5521933088008085 -0.00714984742239307
outer loop
vertex 2970.890000000001 9933.040000000003 1282.8400000000004
vertex 3016.7800000000007 9864.270000000002 1322.4900000000002
vertex 3065.4000000000005 9791.210000000003 1349.1400000000003
endloop
endfacet
facet normal 0.8319293444791253 0.554873431172691 -0.0030068543659637695
outer loop
vertex 3203.0700000000006 9584.900000000003 981.6300000000002
vertex 3172.000000000001 9631.440000000002 973.5700000000003
vertex 3155.100000000001 9656.920000000002 999.7000000000003
endloop
endfacet
facet normal 0.8323685546541999 0.5542219938517462 0.0007554825434319945
outer loop
vertex 3203.0700000000006 9584.900000000003 981.6300000000002
vertex 3155.100000000001 9656.920000000002 999.7000000000003
vertex 3197.7400000000007 9592.830000000002 1036.6200000000003
endloop
endfacet
facet normal 0.8436002200730897 0.5368365036826801 -0.012051431715389806
outer loop
vertex 3222.830000000001 9555.130000000003 961.0900000000003
vertex 3221.920000000001 9556.560000000003 961.0900000000003
vertex 3229.5900000000006 9545.120000000003 988.3900000000002
endloop
endfacet
facet normal 0.8339801663843192 0.5517785072338435 -0.0041905885475058075
outer loop
vertex 3222.830000000001 9555.130000000003 961.0900000000003
vertex 3229.5900000000006 9545.120000000003 988.3900000000002
vertex 3236.480000000001 9534.720000000003 990.2100000000003
endloop
endfacet
facet normal 0.8333595796392284 0.5525204538998806 0.015262995964050093
outer loop
vertex 3214.250000000001 9568.000000000002 942.6300000000002
vertex 3212.4300000000007 9570.860000000002 938.4700000000003
vertex 3212.9500000000007 9569.950000000003 943.0200000000002
endloop
endfacet
facet normal 0.8355291069757531 0.5493982363531068 0.007258738760710844
outer loop
vertex 3195.400000000001 9596.210000000003 934.1800000000002
vertex 3180.3200000000006 9618.960000000003 948.0900000000003
vertex 2970.890000000001 9933.040000000003 1282.8400000000004
endloop
endfacet
facet normal 0.8309870559666783 0.5562777088417539 0.003952652476690992
outer loop
vertex 3081.9100000000008 9766.640000000003 936.3900000000002
vertex 3073.0700000000006 9779.900000000003 928.7200000000003
vertex 3068.520000000001 9786.660000000002 933.9200000000002
endloop
endfacet
facet normal 0.8296308259440058 0.5578085641538411 0.023712831971252856
outer loop
vertex 3081.9100000000008 9766.640000000003 936.3900000000002
vertex 3068.520000000001 9786.660000000002 933.9200000000002
vertex 3080.480000000001 9768.590000000002 940.5500000000002
endloop
endfacet
facet normal 0.8208360707431759 0.5710163970387528 -0.012977645386800738
outer loop
vertex 2336.3600000000006 10884.900000000003 620.7500000000001
vertex 2334.2800000000007 10887.890000000003 620.7500000000001
vertex 2335.8400000000006 10885.680000000002 622.1800000000002
endloop
endfacet
facet normal 0.8320321532449902 0.5546881021633188 -0.006603429787683529
outer loop
vertex 2336.3600000000006 10884.900000000003 620.7500000000001
vertex 2338.0500000000006 10882.300000000003 615.2900000000002
vertex 2327.6500000000005 10897.900000000003 615.2900000000002
endloop
endfacet
facet normal 0.8198753352818168 0.5703480593265029 0.05007520163734204
outer loop
vertex 2336.3600000000006 10884.900000000003 620.7500000000001
vertex 2327.6500000000005 10897.900000000003 615.2900000000002
vertex 2334.2800000000007 10887.890000000003 620.7500000000001
endloop
endfacet
facet normal 0.830500276130346 0.5570006483727893 0.004423692994685157
outer loop
vertex 2332.0700000000006 10891.270000000002 608.5300000000002
vertex 2338.0500000000006 10882.300000000003 615.2900000000002
vertex 2341.9500000000007 10876.580000000004 603.3300000000002
endloop
endfacet
facet normal 0.8319703010389962 0.5546468673597081 0.013866171683074618
outer loop
vertex 2332.0700000000006 10891.270000000002 608.5300000000002
vertex 2341.9500000000007 10876.580000000004 603.3300000000002
vertex 2340.390000000001 10878.920000000002 603.3300000000002
endloop
endfacet
facet normal 0.8306895245815246 0.5566924562640709 0.006958655703257956
outer loop
vertex 2332.0700000000006 10891.270000000002 608.5300000000002
vertex 2340.390000000001 10878.920000000002 603.3300000000002
vertex 2323.7500000000005 10903.750000000002 603.3300000000002
endloop
endfacet
facet normal 0.8335440753579171 0.552396192458107 -0.007919658673283333
outer loop
vertex 2332.0700000000006 10891.270000000002 608.5300000000002
vertex 2323.7500000000005 10903.750000000002 603.3300000000002
vertex 2320.890000000001 10908.170000000002 610.6100000000001
endloop
endfacet
facet normal 0.8342797069594902 0.5513207753931637 0.004772124837835886
outer loop
vertex 2332.0700000000006 10891.270000000002 608.5300000000002
vertex 2320.890000000001 10908.170000000002 610.6100000000001
vertex 2327.6500000000005 10897.900000000003 615.2900000000002
endloop
endfacet
facet normal 0.8320502943378474 0.5547001962252235 -6.671376479197668e-14
outer loop
vertex 2332.0700000000006 10891.270000000002 608.5300000000002
vertex 2327.6500000000005 10897.900000000003 615.2900000000002
vertex 2338.0500000000006 10882.300000000003 615.2900000000002
endloop
endfacet
facet normal 0.8307641500883292 0.5523929165508723 -0.06850542075220793
outer loop
vertex 2340.390000000001 10878.920000000002 603.3300000000002
vertex 2340.5200000000004 10878.660000000003 602.8100000000002
vertex 2324.0100000000007 10903.490000000003 602.8100000000002
endloop
endfacet
facet normal 0.8230216887801115 0.5515538019050087 0.13573394343959758
outer loop
vertex 2340.390000000001 10878.920000000002 603.3300000000002
vertex 2324.0100000000007 10903.490000000003 602.8100000000002
vertex 2323.7500000000005 10903.750000000002 603.3300000000002
endloop
endfacet
facet normal 0.8300573566393254 0.5533715710928031 -0.06917144638663122
outer loop
vertex 2332.3300000000004 10891.010000000002 602.8100000000002
vertex 2324.140000000001 10903.230000000003 602.2900000000002
vertex 2324.0100000000007 10903.490000000003 602.8100000000002
endloop
endfacet
facet normal 0.8320502943378543 0.554700196225213 0
outer loop
vertex 2292.2900000000004 10950.940000000002 599.9500000000002
vertex 2285.0100000000007 10961.860000000002 599.9500000000002
vertex 2292.2900000000004 10950.940000000002 600.4700000000001
endloop
endfacet
facet normal 0.8218183077342197 0.5696487007347791 -0.010725055899221394
outer loop
vertex 2340.5200000000004 10878.660000000003 602.8100000000002
vertex 2362.4900000000007 10845.770000000002 539.3700000000001
vertex 2404.4800000000005 10782.720000000003 408.0700000000001
endloop
endfacet
facet normal 0.8333965982102837 0.5526735335500463 0.0014406265417379104
outer loop
vertex 2340.5200000000004 10878.660000000003 602.8100000000002
vertex 2404.4800000000005 10782.720000000003 408.0700000000001
vertex 2332.3300000000004 10891.010000000002 602.8100000000002
endloop
endfacet
facet normal 0.8326551452805545 0.5537722469014691 -0.004659141499972618
outer loop
vertex 2446.8600000000006 10719.150000000003 275.86000000000007
vertex 2432.4300000000007 10740.730000000003 261.95000000000005
vertex 2412.5400000000004 10770.500000000002 245.70000000000007
endloop
endfacet
facet normal 0.8517015344279257 0.5161827481381185 -0.09033198092423463
outer loop
vertex 2446.8600000000006 10719.150000000003 275.86000000000007
vertex 2412.5400000000004 10770.500000000002 245.70000000000007
vertex 2446.7300000000005 10719.410000000003 276.12000000000006
endloop
endfacet
facet normal 0.8320386339293958 0.5547176864391732 6.896850329310068e-7
outer loop
vertex 2292.2900000000004 10950.940000000002 599.9500000000002
vertex 2285.0100000000007 10961.860000000002 199.94000000000005
vertex 1333.5400000000004 12389.000000000004 199.94000000000005
endloop
endfacet
facet normal 0.832038722473799 0.5547175536290238 0
outer loop
vertex 2292.2900000000004 10950.940000000002 599.9500000000002
vertex 1333.5400000000004 12389.000000000004 199.94000000000005
vertex 1333.5400000000004 12389.000000000004 599.9500000000002
endloop
endfacet
facet normal 0.8304407759233946 0.5571067946448056 0.00037019500374495734
outer loop
vertex 2285.0100000000007 10961.860000000002 199.94000000000005
vertex 2306.7200000000007 10929.230000000003 603.8500000000001
vertex 2313.870000000001 10918.570000000003 606.8400000000001
endloop
endfacet
facet normal 0.8313138632789056 0.5558027297284542 -0.0007657327861496571
outer loop
vertex 2358.7200000000007 10851.230000000003 409.3700000000001
vertex 2418.390000000001 10761.920000000002 364.6500000000001
vertex 2446.2100000000005 10720.190000000002 277.81000000000006
endloop
endfacet
facet normal 0.831853402807018 0.5549952777867495 0.00039733209493538277
outer loop
vertex 2358.7200000000007 10851.230000000003 409.3700000000001
vertex 2446.2100000000005 10720.190000000002 277.81000000000006
vertex 2285.0100000000007 10961.860000000002 199.94000000000005
endloop
endfacet
facet normal 0.8322502820777054 0.5544000944810932 -0.00005675328035519823
outer loop
vertex 2358.7200000000007 10851.230000000003 409.3700000000001
vertex 2285.0100000000007 10961.860000000002 199.94000000000005
vertex 2320.1100000000006 10909.210000000003 602.0300000000002
endloop
endfacet
facet normal 0.8293044974136158 0.5587934972148253 -0.001969273971636691
outer loop
vertex 2358.7200000000007 10851.230000000003 409.3700000000001
vertex 2320.1100000000006 10909.210000000003 602.0300000000002
vertex 2324.140000000001 10903.230000000003 602.2900000000002
endloop
endfacet
facet normal 0.8313038763037806 0.5558176059977565 -0.0008087677239200763
outer loop
vertex 2358.7200000000007 10851.230000000003 409.3700000000001
vertex 2324.140000000001 10903.230000000003 602.2900000000002
vertex 2418.390000000001 10761.920000000002 364.6500000000001
endloop
endfacet
facet normal 0.8311907235736554 0.5558071230327829 0.014157084132130815
outer loop
vertex 2350.0100000000007 10864.360000000002 211.51000000000005
vertex 2328.5600000000004 10896.600000000002 205.14000000000004
vertex 2285.0100000000007 10961.860000000002 199.94000000000005
endloop
endfacet
facet normal 0.8327306056212109 0.5535037560288825 -0.01390433470723144
outer loop
vertex 2350.0100000000007 10864.360000000002 211.51000000000005
vertex 2285.0100000000007 10961.860000000002 199.94000000000005
vertex 2371.3300000000004 10832.510000000002 220.48000000000005
endloop
endfacet
facet normal -0.3226231052674721 0.48384015787037077 -0.8135189202345255
outer loop
vertex 3347.370000000001 9368.320000000002 1228.6300000000003
vertex 3310.580000000001 9423.570000000002 1276.0800000000004
vertex 3643.380000000001 9645.480000000003 1276.0800000000004
endloop
endfacet
facet normal -0.32262310526747207 0.48384015787037066 -0.8135189202345255
outer loop
vertex 3347.370000000001 9368.320000000002 1228.6300000000003
vertex 3643.380000000001 9645.480000000003 1276.0800000000004
vertex 3680.170000000001 9590.230000000003 1228.6300000000003
endloop
endfacet
facet normal -0.8332426359485617 -0.5528993191808446 -0.003008735091543713
outer loop
vertex 3488.940000000001 9877.140000000003 997.1000000000003
vertex 3528.330000000001 9818.120000000003 934.1800000000002
vertex 3537.170000000001 9804.860000000002 922.7400000000002
endloop
endfacet
facet normal -0.8474841378400974 -0.5296775861496871 -0.03481796720182782
outer loop
vertex 3488.940000000001 9877.140000000003 997.1000000000003
vertex 3537.170000000001 9804.860000000002 922.7400000000002
vertex 3537.820000000001 9803.820000000002 922.7400000000002
endloop
endfacet
facet normal -0.8356288456586077 0 -0.5492944859574532
outer loop
vertex 3488.940000000001 9877.140000000003 997.1000000000003
vertex 3537.820000000001 9803.820000000002 922.7400000000002
vertex 3537.820000000001 9803.690000000002 922.7400000000002
endloop
endfacet
facet normal -0.8621669874729596 -0.5015826398973374 -0.07129474781089676
outer loop
vertex 3488.940000000001 9877.140000000003 997.1000000000003
vertex 3537.820000000001 9803.690000000002 922.7400000000002
vertex 3303.690000000001 10154.950000000003 1282.8400000000004
endloop
endfacet
facet normal -0.8379992118137684 -0.5455187092284718 -0.012909642954218007
outer loop
vertex 3488.940000000001 9877.140000000003 997.1000000000003
vertex 3303.690000000001 10154.950000000003 1282.8400000000004
vertex 3528.330000000001 9818.120000000003 934.1800000000002
endloop
endfacet
facet normal -0.8472829184193147 -0.5295518240117012 -0.041067284311590506
outer loop
vertex 3537.170000000001 9804.860000000002 922.7400000000002
vertex 3542.110000000001 9797.450000000003 916.3700000000002
vertex 3537.820000000001 9803.820000000002 922.7400000000002
endloop
endfacet
facet normal 0.8323141071880477 0.5543034420338109 0.0009597526936286962
outer loop
vertex 3128.710000000001 9696.310000000003 1135.9400000000003
vertex 3197.7400000000007 9592.830000000002 1036.6200000000003
vertex 3155.100000000001 9656.920000000002 999.7000000000003
endloop
endfacet
facet normal 0.8192111936196742 0.5734478355337446 -0.007113379639252404
outer loop
vertex 3128.710000000001 9696.310000000003 1135.9400000000003
vertex 3155.100000000001 9656.920000000002 999.7000000000003
vertex 3153.2800000000007 9659.520000000002 999.7000000000003
endloop
endfacet
facet normal 0.8321413042211177 0.5545635659809439 0.00031795546295662397
outer loop
vertex 3128.710000000001 9696.310000000003 1135.9400000000003
vertex 3153.2800000000007 9659.520000000002 999.7000000000003
vertex 2970.890000000001 9933.040000000003 1282.8400000000004
endloop
endfacet
facet normal 0.8319709537246778 0.5548191196179706 -0.0002768840730643153
outer loop
vertex 3128.710000000001 9696.310000000003 1135.9400000000003
vertex 2970.890000000001 9933.040000000003 1282.8400000000004
vertex 3166.670000000001 9639.500000000002 1361.1000000000004
endloop
endfacet
facet normal 0.8318065947320015 0.5550655402663993 -0.0001870003263986995
outer loop
vertex 3128.710000000001 9696.310000000003 1135.9400000000003
vertex 3166.670000000001 9639.500000000002 1361.1000000000004
vertex 3197.7400000000007 9592.830000000002 1036.6200000000003
endloop
endfacet
facet normal 0.8375762282272146 0.5462453662352562 0.009058795459851146
outer loop
vertex 3155.100000000001 9656.920000000002 999.7000000000003
vertex 3172.000000000001 9631.440000000002 973.5700000000003
vertex 3170.0500000000006 9634.430000000002 973.5700000000003
endloop
endfacet
facet normal 0.8189788410728795 0.573285188750987 -0.0248545817439791
outer loop
vertex 3155.100000000001 9656.920000000002 999.7000000000003
vertex 3170.0500000000006 9634.430000000002 973.5700000000003
vertex 3153.2800000000007 9659.520000000002 999.7000000000003
endloop
endfacet
facet normal 0.8317014762808337 0.5552230563727721 -0.00010965563982222324
outer loop
vertex 3203.850000000001 9583.730000000003 973.5700000000003
vertex 3172.000000000001 9631.440000000002 973.5700000000003
vertex 3203.0700000000006 9584.900000000003 981.6300000000002
endloop
endfacet
facet normal 0.8328457974692629 0.55347347300173 -0.005915430769675406
outer loop
vertex 3203.850000000001 9583.730000000003 973.5700000000003
vertex 3204.890000000001 9582.040000000003 961.8700000000002
vertex 3177.5900000000006 9623.120000000003 961.8700000000002
endloop
endfacet
facet normal 0.8320502943378368 0.5547001962252395 7.335399572272068e-15
outer loop
vertex 3203.850000000001 9583.730000000003 973.5700000000003
vertex 3177.5900000000006 9623.120000000003 961.8700000000002
vertex 3170.0500000000006 9634.430000000002 973.5700000000003
endloop
endfacet
facet normal 0.8025680559530392 0.5332130234756574 0.2675226853179137
outer loop
vertex 3204.890000000001 9582.040000000003 961.8700000000002
vertex 3205.020000000001 9582.040000000003 961.4800000000002
vertex 3179.670000000001 9620.000000000002 961.8700000000002
endloop
endfacet
facet normal 0.8309988889234787 0.5562703953642961 -0.002023326269676202
outer loop
vertex 3180.3200000000006 9618.960000000003 948.0900000000003
vertex 3164.0700000000006 9643.270000000002 957.5800000000003
vertex 2970.890000000001 9933.040000000003 1282.8400000000004
endloop
endfacet
facet normal 0.8268628953285616 0.5622667688234312 -0.012402943429944151
outer loop
vertex 3179.670000000001 9620.000000000002 961.8700000000002
vertex 3193.8400000000006 9598.680000000002 940.0300000000002
vertex 3191.6300000000006 9601.930000000002 940.0300000000002
endloop
endfacet
facet normal 0.8320457589534036 0.5546971726355621 -0.003301768884710784
outer loop
vertex 3179.670000000001 9620.000000000002 961.8700000000002
vertex 3191.6300000000006 9601.930000000002 940.0300000000002
vertex 3177.5900000000006 9623.120000000003 961.8700000000002
endloop
endfacet
facet normal 0.8335943296762328 0.552361181152443 0.004197509679592694
outer loop
vertex 3200.8600000000006 9588.150000000003 931.5800000000003
vertex 3193.8400000000006 9598.680000000002 940.0300000000002
vertex 3207.750000000001 9577.750000000002 931.8400000000003
endloop
endfacet
facet normal 0.833643905091383 0.5523020641451755 0.0005190808874101032
outer loop
vertex 3200.8600000000006 9588.150000000003 931.5800000000003
vertex 3207.750000000001 9577.750000000002 931.8400000000003
vertex 3208.0100000000007 9577.360000000002 929.2400000000002
endloop
endfacet
facet normal 0.8338675576957378 0.5519575214538052 0.002791188477590442
outer loop
vertex 3200.8600000000006 9588.150000000003 931.5800000000003
vertex 3208.0100000000007 9577.360000000002 929.2400000000002
vertex 3205.020000000001 9581.910000000002 922.7400000000002
endloop
endfacet
facet normal 0.8477346741682324 0.5298341713547746 0.024933372769849294
outer loop
vertex 3200.8600000000006 9588.150000000003 931.5800000000003
vertex 3205.020000000001 9581.910000000002 922.7400000000002
vertex 3204.370000000001 9582.950000000003 922.7400000000002
endloop
endfacet
facet normal 0.8276999934023026 0.56116896508189 -0.0014538056090467354
outer loop
vertex 3200.8600000000006 9588.150000000003 931.5800000000003
vertex 3204.370000000001 9582.950000000003 922.7400000000002
vertex 3195.400000000001 9596.210000000003 934.1800000000002
endloop
endfacet
facet normal 0.8244792078558544 0.5654805038172964 -0.021583225336347572
outer loop
vertex 3200.8600000000006 9588.150000000003 931.5800000000003
vertex 3195.400000000001 9596.210000000003 934.1800000000002
vertex 3191.6300000000006 9601.930000000002 940.0300000000002
endloop
endfacet
facet normal 0.8268484597712715 0.562256952644474 -0.013738405177673945
outer loop
vertex 3200.8600000000006 9588.150000000003 931.5800000000003
vertex 3191.6300000000006 9601.930000000002 940.0300000000002
vertex 3193.8400000000006 9598.680000000002 940.0300000000002
endloop
endfacet
facet normal 0.8472829184193147 0.5295518240117012 0.04106728431159062
outer loop
vertex 3205.020000000001 9581.910000000002 922.7400000000002
vertex 3209.310000000001 9575.540000000003 916.3700000000002
vertex 3204.370000000001 9582.950000000003 922.7400000000002
endloop
endfacet
facet normal 0.35662053053466436 -0.5348263375329477 0.7660173535124827
outer loop
vertex 3542.110000000001 9797.450000000003 916.3700000000002
vertex 3209.310000000001 9575.540000000003 916.3700000000002
vertex 3594.110000000001 8998.340000000002 334.2300000000001
endloop
endfacet
facet normal 0.3564432593766258 -0.5348738241524962 0.7660667040678977
outer loop
vertex 3542.110000000001 9797.450000000003 916.3700000000002
vertex 3594.110000000001 8998.340000000002 334.2300000000001
vertex 3926.9100000000008 9220.120000000003 334.2300000000001
endloop
endfacet
facet normal 0.41207666979686275 -0.6179943026830512 -0.6695340619120259
outer loop
vertex 3680.170000000001 9590.230000000003 1228.6300000000003
vertex 3680.4300000000007 9589.840000000002 1229.1500000000003
vertex 3347.630000000001 9367.930000000002 1229.1500000000003
endloop
endfacet
facet normal 0.4120766697973511 -0.6179943026837794 -0.6695340619110531
outer loop
vertex 3680.170000000001 9590.230000000003 1228.6300000000003
vertex 3347.630000000001 9367.930000000002 1229.1500000000003
vertex 3347.370000000001 9368.320000000002 1228.6300000000003
endloop
endfacet
facet normal -0.27732289361574874 0.4160655714996682 0.8660146955388472
outer loop
vertex 2779.790000000001 10940.930000000002 275.4700000000001
vertex 2446.8600000000006 10719.020000000002 275.4700000000001
vertex 3081.9100000000008 9766.640000000003 936.3900000000002
endloop
endfacet
facet normal -0.27741099094344346 0.416035229534397 0.8660010565178533
outer loop
vertex 2779.790000000001 10940.930000000002 275.4700000000001
vertex 3081.9100000000008 9766.640000000003 936.3900000000002
vertex 3414.710000000001 9988.550000000003 936.3900000000002
endloop
endfacet
facet normal -0.44979957780851965 0.6749630241440896 -0.5848976456112152
outer loop
vertex 2975.960000000001 9925.500000000002 1287.1300000000003
vertex 2975.7000000000007 9925.890000000003 1287.7800000000004
vertex 3308.500000000001 10147.670000000002 1287.7800000000004
endloop
endfacet
facet normal -0.4851347763144122 0.7275600628968336 -0.4850779356844844
outer loop
vertex 2975.960000000001 9925.500000000002 1287.1300000000003
vertex 3308.500000000001 10147.670000000002 1287.7800000000004
vertex 3308.7600000000007 10147.410000000002 1287.1300000000003
endloop
endfacet
facet normal 0.24027352756379244 -0.3603399124565369 -0.9013455383163921
outer loop
vertex 3016.7800000000007 9864.270000000002 1322.4900000000002
vertex 2975.960000000001 9925.500000000002 1287.1300000000003
vertex 3308.7600000000007 10147.410000000002 1287.1300000000003
endloop
endfacet
facet normal 0.24027352756379158 -0.3603399124565361 -0.9013455383163927
outer loop
vertex 3016.7800000000007 9864.270000000002 1322.4900000000002
vertex 3308.7600000000007 10147.410000000002 1287.1300000000003
vertex 3349.580000000001 10086.180000000002 1322.4900000000002
endloop
endfacet
facet normal -0.018357893881772072 0.027531463583676957 0.9994523531640547
outer loop
vertex 2617.810000000001 11183.770000000002 199.94000000000005
vertex 2285.0100000000007 10961.860000000002 199.94000000000005
vertex 2306.8500000000004 10929.230000000003 201.24000000000004
endloop
endfacet
facet normal -0.018357893881772083 0.027531463583676967 0.9994523531640547
outer loop
vertex 2617.810000000001 11183.770000000002 199.94000000000005
vertex 2306.8500000000004 10929.230000000003 201.24000000000004
vertex 2639.6500000000005 11151.140000000003 201.24000000000004
endloop
endfacet
facet normal -0.0549339493992225 0.08238483331107778 0.9950854236917097
outer loop
vertex 2639.6500000000005 11151.140000000003 201.24000000000004
vertex 2306.8500000000004 10929.230000000003 201.24000000000004
vertex 2328.5600000000004 10896.600000000002 205.14000000000004
endloop
endfacet
facet normal -0.05493394939922249 0.08238483331107777 0.9950854236917097
outer loop
vertex 2639.6500000000005 11151.140000000003 201.24000000000004
vertex 2328.5600000000004 10896.600000000002 205.14000000000004
vertex 2661.3600000000006 11118.510000000002 205.14000000000004
endloop
endfacet
facet normal -0.09004977859407647 0.13504829127172588 0.9867385653757254
outer loop
vertex 2661.3600000000006 11118.510000000002 205.14000000000004
vertex 2328.5600000000004 10896.600000000002 205.14000000000004
vertex 2350.0100000000007 10864.360000000002 211.51000000000005
endloop
endfacet
facet normal -0.08986250480353725 0.13482007897004036 0.9867868445297324
outer loop
vertex 2661.3600000000006 11118.510000000002 205.14000000000004
vertex 2350.0100000000007 10864.360000000002 211.51000000000005
vertex 2682.9400000000005 11086.270000000002 211.51000000000005
endloop
endfacet
facet normal -0.12638847134256312 0.18961972765571425 0.973689022838125
outer loop
vertex 2682.9400000000005 11086.270000000002 211.51000000000005
vertex 2350.0100000000007 10864.360000000002 211.51000000000005
vertex 2371.3300000000004 10832.510000000002 220.48000000000005
endloop
endfacet
facet normal -0.1266485387141568 0.1899357112526314 0.9735936386565628
outer loop
vertex 2682.9400000000005 11086.270000000002 211.51000000000005
vertex 2371.3300000000004 10832.510000000002 220.48000000000005
vertex 2704.1300000000006 11054.420000000002 220.48000000000005
endloop
endfacet
facet normal -0.16146114306272363 0.2421444207619057 0.9567112306097174
outer loop
vertex 2704.1300000000006 11054.420000000002 220.48000000000005
vertex 2371.3300000000004 10832.510000000002 220.48000000000005
vertex 2392.1300000000006 10801.180000000002 231.92000000000004
endloop
endfacet
facet normal -0.16113464634909352 0.24174916772116528 0.9568662213977857
outer loop
vertex 2704.1300000000006 11054.420000000002 220.48000000000005
vertex 2392.1300000000006 10801.180000000002 231.92000000000004
vertex 2725.060000000001 11023.090000000002 231.92000000000004
endloop
endfacet
facet normal -0.1942687449039656 0.29146002091333134 0.9366486592968777
outer loop
vertex 2725.060000000001 11023.090000000002 231.92000000000004
vertex 2392.1300000000006 10801.180000000002 231.92000000000004
vertex 2412.5400000000004 10770.500000000002 245.70000000000007
endloop
endfacet
facet normal -0.19426874490397372 0.29146002091334117 0.9366486592968729
outer loop
vertex 2725.060000000001 11023.090000000002 231.92000000000004
vertex 2412.5400000000004 10770.500000000002 245.70000000000007
vertex 2745.4700000000007 10992.410000000003 245.70000000000007
endloop
endfacet
facet normal -0.22922323117932253 0.34390198889879386 0.9105976786260576
outer loop
vertex 2745.4700000000007 10992.410000000003 245.70000000000007
vertex 2412.5400000000004 10770.500000000002 245.70000000000007
vertex 2432.4300000000007 10740.730000000003 261.95000000000005
endloop
endfacet
facet normal -0.22922323117931465 0.3439019888987844 0.9105976786260631
outer loop
vertex 2745.4700000000007 10992.410000000003 245.70000000000007
vertex 2432.4300000000007 10740.730000000003 261.95000000000005
vertex 2765.3600000000006 10962.640000000003 261.95000000000005
endloop
endfacet
facet normal 0.2625735519189805 -0.39393723870211433 -0.8808340262480803
outer loop
vertex 2340.7800000000007 10878.270000000002 626.9900000000001
vertex 2334.2800000000007 10887.890000000003 620.7500000000001
vertex 2667.2100000000005 11109.800000000003 620.7500000000001
endloop
endfacet
facet normal 0.26391543425892927 -0.39579584751192726 -0.8795989373869411
outer loop
vertex 2340.7800000000007 10878.270000000002 626.9900000000001
vertex 2667.2100000000005 11109.800000000003 620.7500000000001
vertex 2673.580000000001 11100.180000000002 626.9900000000001
endloop
endfacet
facet normal 0.22965503104884946 -0.3444152779642972 -0.910294833017703
outer loop
vertex 2334.2800000000007 10887.890000000003 620.7500000000001
vertex 2327.6500000000005 10897.900000000003 615.2900000000002
vertex 2660.4500000000007 11119.810000000003 615.2900000000002
endloop
endfacet
facet normal 0.22845543779266558 -0.34275007392326695 -0.9112247251740685
outer loop
vertex 2334.2800000000007 10887.890000000003 620.7500000000001
vertex 2660.4500000000007 11119.810000000003 615.2900000000002
vertex 2667.2100000000005 11109.800000000003 620.7500000000001
endloop
endfacet
facet normal 0.19735815570711027 -0.29597942507920216 -0.9345832966117429
outer loop
vertex 2327.6500000000005 10897.900000000003 615.2900000000002
vertex 2320.890000000001 10908.170000000002 610.6100000000001
vertex 2653.6900000000005 11130.080000000004 610.6100000000001
endloop
endfacet
facet normal 0.1973581557070838 -0.29597942507916525 -0.9345832966117602
outer loop
vertex 2327.6500000000005 10897.900000000003 615.2900000000002
vertex 2653.6900000000005 11130.080000000004 610.6100000000001
vertex 2660.4500000000007 11119.810000000003 615.2900000000002
endloop
endfacet
facet normal 0.15963888256983533 -0.23941156378370146 -0.9577043021196556
outer loop
vertex 2320.890000000001 10908.170000000002 610.6100000000001
vertex 2313.870000000001 10918.570000000003 606.8400000000001
vertex 2646.6700000000005 11140.480000000003 606.8400000000001
endloop
endfacet
facet normal 0.15963888256985362 -0.23941156378372694 -0.9577043021196463
outer loop
vertex 2320.890000000001 10908.170000000002 610.6100000000001
vertex 2646.6700000000005 11140.480000000003 606.8400000000001
vertex 2653.6900000000005 11130.080000000004 610.6100000000001
endloop
endfacet
facet normal 0.1258272977776484 -0.18877780293412866 -0.9739252703638706
outer loop
vertex 2313.870000000001 10918.570000000003 606.8400000000001
vertex 2306.7200000000007 10929.230000000003 603.8500000000001
vertex 2639.6500000000005 11151.140000000003 603.8500000000001
endloop
endfacet
facet normal 0.1265355415589472 -0.18976624861798755 -0.973641375254688
outer loop
vertex 2313.870000000001 10918.570000000003 606.8400000000001
vertex 2639.6500000000005 11151.140000000003 603.8500000000001
vertex 2646.6700000000005 11140.480000000003 606.8400000000001
endloop
endfacet
facet normal 0.08801937706395753 -0.13200328370458791 -0.9873336428748282
outer loop
vertex 2306.7200000000007 10929.230000000003 603.8500000000001
vertex 2299.5700000000006 10940.020000000002 601.7700000000001
vertex 2632.370000000001 11161.930000000002 601.7700000000001
endloop
endfacet
facet normal 0.08752026513044894 -0.13130603339137656 -0.9874709761742462
outer loop
vertex 2306.7200000000007 10929.230000000003 603.8500000000001
vertex 2632.370000000001 11161.930000000002 601.7700000000001
vertex 2639.6500000000005 11151.140000000003 603.8500000000001
endloop
endfacet
facet normal 0.0546848653306255 -0.08201128016778056 -0.9951299992609072
outer loop
vertex 2299.5700000000006 10940.020000000002 601.7700000000001
vertex 2292.2900000000004 10950.940000000002 600.4700000000001
vertex 2625.0900000000006 11172.850000000002 600.4700000000001
endloop
endfacet
facet normal 0.05468486533062543 -0.08201128016778048 -0.9951299992609072
outer loop
vertex 2299.5700000000006 10940.020000000002 601.7700000000001
vertex 2625.0900000000006 11172.850000000002 600.4700000000001
vertex 2632.370000000001 11161.930000000002 601.7700000000001
endloop
endfacet
facet normal 0.021963760347639215 -0.03293920708257555 -0.9992159936010645
outer loop
vertex 2292.2900000000004 10950.940000000002 600.4700000000001
vertex 2285.0100000000007 10961.860000000002 599.9500000000002
vertex 2617.810000000001 11183.770000000002 599.9500000000002
endloop
endfacet
facet normal 0.021963760347639204 -0.03293920708257553 -0.9992159936010646
outer loop
vertex 2292.2900000000004 10950.940000000002 600.4700000000001
vertex 2617.810000000001 11183.770000000002 599.9500000000002
vertex 2625.0900000000006 11172.850000000002 600.4700000000001
endloop
endfacet
facet normal 0.8295503718160226 0.5568893930318886 0.041477518591078504
outer loop
vertex 2328.5600000000004 10896.600000000002 205.14000000000004
vertex 2306.8500000000004 10929.230000000003 201.24000000000004
vertex 2285.0100000000007 10961.860000000002 199.94000000000005
endloop
endfacet
facet normal 0.8352949127019031 0.549637338956703 -0.013461219815231623
outer loop
vertex 2412.5400000000004 10770.500000000002 245.70000000000007
vertex 2392.1300000000006 10801.180000000002 231.92000000000004
vertex 2371.3300000000004 10832.510000000002 220.48000000000005
endloop
endfacet
facet normal -0.8295503718160225 -0.5568893930318887 -0.04147751859108072
outer loop
vertex 2617.810000000001 11183.770000000002 199.94000000000005
vertex 2639.6500000000005 11151.140000000003 201.24000000000004
vertex 2661.3600000000006 11118.510000000002 205.14000000000004
endloop
endfacet
facet normal -0.8265364178810044 -0.5622108325895767 -0.027505083809590263
outer loop
vertex 2704.1300000000006 11054.420000000002 220.48000000000005
vertex 2725.060000000001 11023.090000000002 231.92000000000004
vertex 2745.4700000000007 10992.410000000003 245.70000000000007
endloop
endfacet
facet normal -0.8317976107187343 -0.5550790311431504 0.00006314892279406104
outer loop
vertex 2617.810000000001 11183.770000000002 199.94000000000005
vertex 2661.3600000000006 11118.510000000002 205.14000000000004
vertex 2704.1300000000006 11054.420000000002 220.48000000000005
endloop
endfacet
facet normal -0.26194797555806837 0.39299869092221046 0.8814393269161857
outer loop
vertex 2765.3600000000006 10962.640000000003 261.95000000000005
vertex 2432.4300000000007 10740.730000000003 261.95000000000005
vertex 2446.8600000000006 10719.150000000003 275.86000000000007
endloop
endfacet
facet normal -0.26258535978296277 0.3938011253921415 0.8808913681422557
outer loop
vertex 2765.3600000000006 10962.640000000003 261.95000000000005
vertex 2446.8600000000006 10719.150000000003 275.86000000000007
vertex 2779.6600000000008 10941.060000000003 275.86000000000007
endloop
endfacet
facet normal 0.27737006610212195 -0.41597385425977307 -0.8660436472850395
outer loop
vertex 2975.7000000000007 9925.890000000003 1287.7800000000004
vertex 2340.7800000000007 10878.270000000002 626.9900000000001
vertex 2673.580000000001 11100.180000000002 626.9900000000001
endloop
endfacet
facet normal 0.277237906127116 -0.4160193667558154 -0.8660641026450311
outer loop
vertex 2975.7000000000007 9925.890000000003 1287.7800000000004
vertex 2673.580000000001 11100.180000000002 626.9900000000001
vertex 3308.500000000001 10147.670000000002 1287.7800000000004
endloop
endfacet
facet normal 0.534597048241769 -0.8017389827175925 0.26724632757467004
outer loop
vertex 2779.6600000000008 10941.060000000003 275.86000000000007
vertex 2446.8600000000006 10719.150000000003 275.86000000000007
vertex 2446.8600000000006 10719.020000000002 275.4700000000001
endloop
endfacet
facet normal 0.5034423505997209 -0.7553109899741576 0.4195844468600878
outer loop
vertex 2779.6600000000008 10941.060000000003 275.86000000000007
vertex 2446.8600000000006 10719.020000000002 275.4700000000001
vertex 2779.790000000001 10940.930000000002 275.4700000000001
endloop
endfacet
facet normal 0.5544752975161991 -0.8322001829153383 0
outer loop
vertex 1555.4500000000003 12536.940000000002 373.7500000000001
vertex 1666.4700000000005 12610.910000000003 277.81000000000006
vertex 1666.4700000000005 12610.910000000003 364.6500000000001
endloop
endfacet
facet normal 0.5544752975161992 -0.8322001829153383 0
outer loop
vertex 1555.4500000000003 12536.940000000002 373.7500000000001
vertex 1666.4700000000005 12610.910000000003 364.6500000000001
vertex 1666.4700000000005 12610.910000000003 599.9500000000002
endloop
endfacet
facet normal 0.5546252110919047 -0.832100272762958 -0.00010625004043503461
outer loop
vertex 1555.4500000000003 12536.940000000002 373.7500000000001
vertex 1666.4700000000005 12610.910000000003 599.9500000000002
vertex 1333.5400000000004 12389.000000000004 599.9500000000002
endloop
endfacet
facet normal 0.5547001962252259 -0.8320502943378458 0
outer loop
vertex 1555.4500000000003 12536.940000000002 373.7500000000001
vertex 1333.5400000000004 12389.000000000004 599.9500000000002
vertex 1333.5400000000004 12389.000000000004 199.94000000000005
endloop
endfacet
facet normal 0.554625208920216 -0.8321002695047889 0.0001382760431062558
outer loop
vertex 1555.4500000000003 12536.940000000002 373.7500000000001
vertex 1333.5400000000004 12389.000000000004 199.94000000000005
vertex 1666.4700000000005 12610.910000000003 199.94000000000005
endloop
endfacet
facet normal 0.5544752975161991 -0.8322001829153384 0
outer loop
vertex 1555.4500000000003 12536.940000000002 373.7500000000001
vertex 1666.4700000000005 12610.910000000003 199.94000000000005
vertex 1666.4700000000005 12610.910000000003 277.81000000000006
endloop
endfacet
facet normal -0.9950371902099854 -0.09950371902103566 0
outer loop
vertex 10200.060000000003 12500.020000000002 199.94000000000005
vertex 10200.060000000003 12500.020000000002 3800.030000000001
vertex 10196.160000000002 12539.020000000002 3800.030000000001
endloop
endfacet
facet normal -0.9950371902099854 -0.09950371902103566 0
outer loop
vertex 10200.060000000003 12500.020000000002 199.94000000000005
vertex 10196.160000000002 12539.020000000002 3800.030000000001
vertex 10196.160000000002 12539.020000000002 199.94000000000005
endloop
endfacet
facet normal -0.9566337830211279 -0.2912933318541391 0
outer loop
vertex 10196.160000000002 12539.020000000002 199.94000000000005
vertex 10196.160000000002 12539.020000000002 3800.030000000001
vertex 10184.720000000003 12576.590000000004 3800.030000000001
endloop
endfacet
facet normal -0.9566337830211279 -0.2912933318541391 0
outer loop
vertex 10196.160000000002 12539.020000000002 199.94000000000005
vertex 10184.720000000003 12576.590000000004 3800.030000000001
vertex 10184.720000000003 12576.590000000004 199.94000000000005
endloop
endfacet
facet normal -0.8821692656663953 -0.47093246513020615 0
outer loop
vertex 10184.720000000003 12576.590000000004 199.94000000000005
vertex 10184.720000000003 12576.590000000004 3800.030000000001
vertex 10166.260000000002 12611.170000000004 3800.030000000001
endloop
endfacet
facet normal -0.8821692656663953 -0.47093246513020615 0
outer loop
vertex 10184.720000000003 12576.590000000004 199.94000000000005
vertex 10166.260000000002 12611.170000000004 3800.030000000001
vertex 10166.260000000002 12611.170000000004 199.94000000000005
endloop
endfacet
facet normal -0.7733654271742613 -0.6339605003875025 0
outer loop
vertex 10166.260000000002 12611.170000000004 199.94000000000005
vertex 10166.260000000002 12611.170000000004 3800.030000000001
vertex 10141.430000000002 12641.460000000003 3800.030000000001
endloop
endfacet
facet normal -0.7733654271742613 -0.6339605003875025 0
outer loop
vertex 10166.260000000002 12611.170000000004 199.94000000000005
vertex 10141.430000000002 12641.460000000003 3800.030000000001
vertex 10141.430000000002 12641.460000000003 199.94000000000005
endloop
endfacet
facet normal -0.6339605003875025 -0.7733654271742613 0
outer loop
vertex 10141.430000000002 12641.460000000003 199.94000000000005
vertex 10141.430000000002 12641.460000000003 3800.030000000001
vertex 10111.140000000003 12666.290000000003 3800.030000000001
endloop
endfacet
facet normal -0.6339605003875025 -0.7733654271742613 0
outer loop
vertex 10141.430000000002 12641.460000000003 199.94000000000005
vertex 10111.140000000003 12666.290000000003 3800.030000000001
vertex 10111.140000000003 12666.290000000003 199.94000000000005
endloop
endfacet
facet normal -0.47093246513020615 -0.8821692656663953 0
outer loop
vertex 10111.140000000003 12666.290000000003 199.94000000000005
vertex 10111.140000000003 12666.290000000003 3800.030000000001
vertex 10076.560000000003 12684.750000000004 3800.030000000001
endloop
endfacet
facet normal -0.47093246513020615 -0.8821692656663953 0
outer loop
vertex 10111.140000000003 12666.290000000003 199.94000000000005
vertex 10076.560000000003 12684.750000000004 3800.030000000001
vertex 10076.560000000003 12684.750000000004 199.94000000000005
endloop
endfacet
facet normal -0.2912933318541391 -0.9566337830211279 0
outer loop
vertex 10076.560000000003 12684.750000000004 199.94000000000005
vertex 10076.560000000003 12684.750000000004 3800.030000000001
vertex 10038.990000000002 12696.190000000002 3800.030000000001
endloop
endfacet
facet normal -0.2912933318541391 -0.9566337830211279 0
outer loop
vertex 10076.560000000003 12684.750000000004 199.94000000000005
vertex 10038.990000000002 12696.190000000002 3800.030000000001
vertex 10038.990000000002 12696.190000000002 199.94000000000005
endloop
endfacet
facet normal -0.09621815937084051 -0.9953602693534073 0
outer loop
vertex 10038.990000000002 12696.190000000002 199.94000000000005
vertex 10038.990000000002 12696.190000000002 3800.030000000001
vertex 9999.990000000002 12699.960000000003 3800.030000000001
endloop
endfacet
facet normal -0.09621815937084051 -0.9953602693534073 0
outer loop
vertex 10038.990000000002 12696.190000000002 199.94000000000005
vertex 9999.990000000002 12699.960000000003 3800.030000000001
vertex 9999.990000000002 12699.960000000003 199.94000000000005
endloop
endfacet
facet normal 0.09621815937084051 -0.9953602693534073 0
outer loop
vertex 9999.990000000002 12699.960000000003 199.94000000000005
vertex 9999.990000000002 12699.960000000003 3800.030000000001
vertex 9960.990000000002 12696.190000000002 3800.030000000001
endloop
endfacet
facet normal 0.09621815937084051 -0.9953602693534073 0
outer loop
vertex 9999.990000000002 12699.960000000003 199.94000000000005
vertex 9960.990000000002 12696.190000000002 3800.030000000001
vertex 9960.990000000002 12696.190000000002 199.94000000000005
endloop
endfacet
facet normal 0.29129333185415196 -0.956633783021124 0
outer loop
vertex 9960.990000000002 12696.190000000002 199.94000000000005
vertex 9960.990000000002 12696.190000000002 3800.030000000001
vertex 9923.420000000002 12684.750000000004 3800.030000000001
endloop
endfacet
facet normal 0.29129333185415196 -0.956633783021124 0
outer loop
vertex 9960.990000000002 12696.190000000002 199.94000000000005
vertex 9923.420000000002 12684.750000000004 3800.030000000001
vertex 9923.420000000002 12684.750000000004 199.94000000000005
endloop
endfacet
facet normal 0.47093246513020615 -0.8821692656663953 0
outer loop
vertex 9923.420000000002 12684.750000000004 199.94000000000005
vertex 9923.420000000002 12684.750000000004 3800.030000000001
vertex 9888.840000000002 12666.290000000003 3800.030000000001
endloop
endfacet
facet normal 0.47093246513020615 -0.8821692656663953 0
outer loop
vertex 9923.420000000002 12684.750000000004 199.94000000000005
vertex 9888.840000000002 12666.290000000003 3800.030000000001
vertex 9888.840000000002 12666.290000000003 199.94000000000005
endloop
endfacet
facet normal 0.6339605003875025 -0.7733654271742613 0
outer loop
vertex 9888.840000000002 12666.290000000003 199.94000000000005
vertex 9888.840000000002 12666.290000000003 3800.030000000001
vertex 9858.550000000003 12641.460000000003 3800.030000000001
endloop
endfacet
facet normal 0.6339605003875025 -0.7733654271742613 0
outer loop
vertex 9888.840000000002 12666.290000000003 199.94000000000005
vertex 9858.550000000003 12641.460000000003 3800.030000000001
vertex 9858.550000000003 12641.460000000003 199.94000000000005
endloop
endfacet
facet normal 0.7733654271742613 -0.6339605003875025 0
outer loop
vertex 9858.550000000003 12641.460000000003 199.94000000000005
vertex 9858.550000000003 12641.460000000003 3800.030000000001
vertex 9833.720000000003 12611.170000000004 3800.030000000001
endloop
endfacet
facet normal 0.7733654271742613 -0.6339605003875025 0
outer loop
vertex 9858.550000000003 12641.460000000003 199.94000000000005
vertex 9833.720000000003 12611.170000000004 3800.030000000001
vertex 9833.720000000003 12611.170000000004 199.94000000000005
endloop
endfacet
facet normal 0.8821692656663953 -0.47093246513020615 0
outer loop
vertex 9833.720000000003 12611.170000000004 199.94000000000005
vertex 9833.720000000003 12611.170000000004 3800.030000000001
vertex 9815.260000000002 12576.590000000004 3800.030000000001
endloop
endfacet
facet normal 0.8821692656663953 -0.47093246513020615 0
outer loop
vertex 9833.720000000003 12611.170000000004 199.94000000000005
vertex 9815.260000000002 12576.590000000004 3800.030000000001
vertex 9815.260000000002 12576.590000000004 199.94000000000005
endloop
endfacet
facet normal 0.9566337830211151 -0.2912933318541815 0
outer loop
vertex 9815.260000000002 12576.590000000004 199.94000000000005
vertex 9815.260000000002 12576.590000000004 3800.030000000001
vertex 9803.820000000002 12539.020000000002 3800.030000000001
endloop
endfacet
facet normal 0.9566337830211151 -0.2912933318541815 0
outer loop
vertex 9815.260000000002 12576.590000000004 199.94000000000005
vertex 9803.820000000002 12539.020000000002 3800.030000000001
vertex 9803.820000000002 12539.020000000002 199.94000000000005
endloop
endfacet
facet normal 0.9953602693534118 -0.09621815937079453 0
outer loop
vertex 9803.820000000002 12539.020000000002 199.94000000000005
vertex 9803.820000000002 12539.020000000002 3800.030000000001
vertex 9800.050000000003 12500.020000000002 3800.030000000001
endloop
endfacet
facet normal 0.9953602693534118 -0.09621815937079453 0
outer loop
vertex 9803.820000000002 12539.020000000002 199.94000000000005
vertex 9800.050000000003 12500.020000000002 3800.030000000001
vertex 9800.050000000003 12500.020000000002 199.94000000000005
endloop
endfacet
facet normal 0.9953602693534118 0.09621815937079453 0
outer loop
vertex 9800.050000000003 12500.020000000002 199.94000000000005
vertex 9800.050000000003 12500.020000000002 3800.030000000001
vertex 9803.820000000002 12461.020000000002 3800.030000000001
endloop
endfacet
facet normal 0.9953602693534118 0.09621815937079453 0
outer loop
vertex 9800.050000000003 12500.020000000002 199.94000000000005
vertex 9803.820000000002 12461.020000000002 3800.030000000001
vertex 9803.820000000002 12461.020000000002 199.94000000000005
endloop
endfacet
facet normal 0.9566337830211111 0.29129333185419437 0
outer loop
vertex 9803.820000000002 12461.020000000002 199.94000000000005
vertex 9803.820000000002 12461.020000000002 3800.030000000001
vertex 9815.260000000002 12423.450000000003 3800.030000000001
endloop
endfacet
facet normal 0.9566337830211111 0.29129333185419437 0
outer loop
vertex 9803.820000000002 12461.020000000002 199.94000000000005
vertex 9815.260000000002 12423.450000000003 3800.030000000001
vertex 9815.260000000002 12423.450000000003 199.94000000000005
endloop
endfacet
facet normal 0.8821692656663953 0.47093246513020615 0
outer loop
vertex 9815.260000000002 12423.450000000003 199.94000000000005
vertex 9815.260000000002 12423.450000000003 3800.030000000001
vertex 9833.720000000003 12388.870000000003 3800.030000000001
endloop
endfacet
facet normal 0.8821692656663953 0.47093246513020615 0
outer loop
vertex 9815.260000000002 12423.450000000003 199.94000000000005
vertex 9833.720000000003 12388.870000000003 3800.030000000001
vertex 9833.720000000003 12388.870000000003 199.94000000000005
endloop
endfacet
facet normal 0.7733654271742613 0.6339605003875025 0
outer loop
vertex 9833.720000000003 12388.870000000003 199.94000000000005
vertex 9833.720000000003 12388.870000000003 3800.030000000001
vertex 9858.550000000003 12358.580000000004 3800.030000000001
endloop
endfacet
facet normal 0.7733654271742613 0.6339605003875025 0
outer loop
vertex 9833.720000000003 12388.870000000003 199.94000000000005
vertex 9858.550000000003 12358.580000000004 3800.030000000001
vertex 9858.550000000003 12358.580000000004 199.94000000000005
endloop
endfacet
facet normal 0.6339605003875025 0.7733654271742613 0
outer loop
vertex 9858.550000000003 12358.580000000004 199.94000000000005
vertex 9858.550000000003 12358.580000000004 3800.030000000001
vertex 9888.840000000002 12333.750000000004 3800.030000000001
endloop
endfacet
facet normal 0.6339605003875025 0.7733654271742613 0
outer loop
vertex 9858.550000000003 12358.580000000004 199.94000000000005
vertex 9888.840000000002 12333.750000000004 3800.030000000001
vertex 9888.840000000002 12333.750000000004 199.94000000000005
endloop
endfacet
facet normal 0.4735073379125952 0.8807898733199236 0
outer loop
vertex 9888.840000000002 12333.750000000004 199.94000000000005
vertex 9888.840000000002 12333.750000000004 3800.030000000001
vertex 9923.420000000002 12315.160000000003 3800.030000000001
endloop
endfacet
facet normal 0.4735073379125952 0.8807898733199236 0
outer loop
vertex 9888.840000000002 12333.750000000004 199.94000000000005
vertex 9923.420000000002 12315.160000000003 3800.030000000001
vertex 9923.420000000002 12315.160000000003 199.94000000000005
endloop
endfacet
facet normal 0.28825968092877136 0.9575522734299383 0
outer loop
vertex 9923.420000000002 12315.160000000003 199.94000000000005
vertex 9923.420000000002 12315.160000000003 3800.030000000001
vertex 9960.990000000002 12303.850000000002 3800.030000000001
endloop
endfacet
facet normal 0.28825968092877136 0.9575522734299383 0
outer loop
vertex 9923.420000000002 12315.160000000003 199.94000000000005
vertex 9960.990000000002 12303.850000000002 3800.030000000001
vertex 9960.990000000002 12303.850000000002 199.94000000000005
endloop
endfacet
facet normal 0.09950371902098974 0.9950371902099902 0
outer loop
vertex 9960.990000000002 12303.850000000002 199.94000000000005
vertex 9960.990000000002 12303.850000000002 3800.030000000001
vertex 9999.990000000002 12299.950000000003 3800.030000000001
endloop
endfacet
facet normal 0.09950371902098974 0.9950371902099902 0
outer loop
vertex 9960.990000000002 12303.850000000002 199.94000000000005
vertex 9999.990000000002 12299.950000000003 3800.030000000001
vertex 9999.990000000002 12299.950000000003 199.94000000000005
endloop
endfacet
facet normal -0.09950371902098974 0.9950371902099902 0
outer loop
vertex 9999.990000000002 12299.950000000003 199.94000000000005
vertex 9999.990000000002 12299.950000000003 3800.030000000001
vertex 10038.990000000002 12303.850000000002 3800.030000000001
endloop
endfacet
facet normal -0.09950371902098974 0.9950371902099902 0
outer loop
vertex 9999.990000000002 12299.950000000003 199.94000000000005
vertex 10038.990000000002 12303.850000000002 3800.030000000001
vertex 10038.990000000002 12303.850000000002 199.94000000000005
endloop
endfacet
facet normal -0.28825968092875853 0.957552273429942 0
outer loop
vertex 10038.990000000002 12303.850000000002 199.94000000000005
vertex 10038.990000000002 12303.850000000002 3800.030000000001
vertex 10076.560000000003 12315.160000000003 3800.030000000001
endloop
endfacet
facet normal -0.28825968092875853 0.957552273429942 0
outer loop
vertex 10038.990000000002 12303.850000000002 199.94000000000005
vertex 10076.560000000003 12315.160000000003 3800.030000000001
vertex 10076.560000000003 12315.160000000003 199.94000000000005
endloop
endfacet
facet normal -0.4735073379125952 0.8807898733199236 0
outer loop
vertex 10076.560000000003 12315.160000000003 199.94000000000005
vertex 10076.560000000003 12315.160000000003 3800.030000000001
vertex 10111.140000000003 12333.750000000004 3800.030000000001
endloop
endfacet
facet normal -0.4735073379125952 0.8807898733199236 0
outer loop
vertex 10076.560000000003 12315.160000000003 199.94000000000005
vertex 10111.140000000003 12333.750000000004 3800.030000000001
vertex 10111.140000000003 12333.750000000004 199.94000000000005
endloop
endfacet
facet normal -0.6339605003875025 0.7733654271742613 0
outer loop
vertex 10111.140000000003 12333.750000000004 199.94000000000005
vertex 10111.140000000003 12333.750000000004 3800.030000000001
vertex 10141.430000000002 12358.580000000004 3800.030000000001
endloop
endfacet
facet normal -0.6339605003875025 0.7733654271742613 0
outer loop
vertex 10111.140000000003 12333.750000000004 199.94000000000005
vertex 10141.430000000002 12358.580000000004 3800.030000000001
vertex 10141.430000000002 12358.580000000004 199.94000000000005
endloop
endfacet
facet normal -0.7733654271742613 0.6339605003875025 0
outer loop
vertex 10141.430000000002 12358.580000000004 199.94000000000005
vertex 10141.430000000002 12358.580000000004 3800.030000000001
vertex 10166.260000000002 12388.870000000003 3800.030000000001
endloop
endfacet
facet normal -0.7733654271742613 0.6339605003875025 0
outer loop
vertex 10141.430000000002 12358.580000000004 199.94000000000005
vertex 10166.260000000002 12388.870000000003 3800.030000000001
vertex 10166.260000000002 12388.870000000003 199.94000000000005
endloop
endfacet
facet normal -0.8821692656663953 0.47093246513020615 0
outer loop
vertex 10166.260000000002 12388.870000000003 199.94000000000005
vertex 10166.260000000002 12388.870000000003 3800.030000000001
vertex 10184.720000000003 12423.450000000003 3800.030000000001
endloop
endfacet
facet normal -0.8821692656663953 0.47093246513020615 0
outer loop
vertex 10166.260000000002 12388.870000000003 199.94000000000005
vertex 10184.720000000003 12423.450000000003 3800.030000000001
vertex 10184.720000000003 12423.450000000003 199.94000000000005
endloop
endfacet
facet normal -0.956633783021124 0.29129333185415196 0
outer loop
vertex 10184.720000000003 12423.450000000003 199.94000000000005
vertex 10184.720000000003 12423.450000000003 3800.030000000001
vertex 10196.160000000002 12461.020000000002 3800.030000000001
endloop
endfacet
facet normal -0.956633783021124 0.29129333185415196 0
outer loop
vertex 10184.720000000003 12423.450000000003 199.94000000000005
vertex 10196.160000000002 12461.020000000002 3800.030000000001
vertex 10196.160000000002 12461.020000000002 199.94000000000005
endloop
endfacet
facet normal -0.9950371902099854 0.09950371902103566 0
outer loop
vertex 10196.160000000002 12461.020000000002 199.94000000000005
vertex 10196.160000000002 12461.020000000002 3800.030000000001
vertex 10200.060000000003 12500.020000000002 3800.030000000001
endloop
endfacet
facet normal -0.9950371902099854 0.09950371902103566 0
outer loop
vertex 10196.160000000002 12461.020000000002 199.94000000000005
vertex 10200.060000000003 12500.020000000002 3800.030000000001
vertex 10200.060000000003 12500.020000000002 199.94000000000005
endloop
endfacet
facet normal -0.7053456158585992 -0.07053456158588624 0.7053456158585945
outer loop
vertex 10196.160000000002 12539.020000000002 3800.030000000001
vertex 10200.060000000003 12500.020000000002 3800.030000000001
vertex 10400.000000000002 12500.020000000002 3999.970000000001
endloop
endfacet
facet normal -0.7052895203449484 -0.0693534695005875 0.7055188082254249
outer loop
vertex 10196.160000000002 12539.020000000002 3800.030000000001
vertex 10400.000000000002 12500.020000000002 3999.970000000001
vertex 10392.330000000002 12578.020000000002 3999.970000000001
endloop
endfacet
facet normal -0.6779947285106719 -0.2064482218302072 0.7054801767696139
outer loop
vertex 10184.720000000003 12576.590000000004 3800.030000000001
vertex 10196.160000000002 12539.020000000002 3800.030000000001
vertex 10392.330000000002 12578.020000000002 3999.970000000001
endloop
endfacet
facet normal -0.6781117176048155 -0.20566646547806305 0.7055960625065929
outer loop
vertex 10184.720000000003 12576.590000000004 3800.030000000001
vertex 10392.330000000002 12578.020000000002 3999.970000000001
vertex 10369.580000000002 12653.030000000002 3999.970000000001
endloop
endfacet
facet normal -0.625137283875005 -0.33371990342201296 0.7055738107167694
outer loop
vertex 10166.260000000002 12611.170000000004 3800.030000000001
vertex 10184.720000000003 12576.590000000004 3800.030000000001
vertex 10369.580000000002 12653.030000000002 3999.970000000001
endloop
endfacet
facet normal -0.6247834771026642 -0.3347054341621357 0.7054203562995902
outer loop
vertex 10166.260000000002 12611.170000000004 3800.030000000001
vertex 10369.580000000002 12653.030000000002 3999.970000000001
vertex 10332.530000000002 12722.190000000002 3999.970000000001
endloop
endfacet
facet normal -0.5481803798090673 -0.4493667491138833 0.7053848566443759
outer loop
vertex 10141.430000000002 12641.460000000003 3800.030000000001
vertex 10166.260000000002 12611.170000000004 3800.030000000001
vertex 10332.530000000002 12722.190000000002 3999.970000000001
endloop
endfacet
facet normal -0.5485677619515191 -0.44872138129652317 0.7054945304641573
outer loop
vertex 10141.430000000002 12641.460000000003 3800.030000000001
vertex 10332.530000000002 12722.190000000002 3999.970000000001
vertex 10282.870000000003 12782.900000000003 3999.970000000001
endloop
endfacet
facet normal -0.44927414562777596 -0.5480674132527169 0.70553160992326
outer loop
vertex 10222.290000000003 12832.560000000003 3999.970000000001
vertex 10111.140000000003 12666.290000000003 3800.030000000001
vertex 10141.430000000002 12641.460000000003 3800.030000000001
endloop
endfacet
facet normal -0.4492741456277673 -0.5480674132527223 0.7055316099232616
outer loop
vertex 10222.290000000003 12832.560000000003 3999.970000000001
vertex 10141.430000000002 12641.460000000003 3800.030000000001
vertex 10282.870000000003 12782.900000000003 3999.970000000001
endloop
endfacet
facet normal -0.33366881560172834 -0.6250415841553163 0.7056827471120095
outer loop
vertex 10153.130000000003 12869.610000000002 3999.970000000001
vertex 10076.560000000003 12684.750000000004 3800.030000000001
vertex 10111.140000000003 12666.290000000003 3800.030000000001
endloop
endfacet
facet normal -0.33465405533850684 -0.6246875699652237 0.7055296614433976
outer loop
vertex 10153.130000000003 12869.610000000002 3999.970000000001
vertex 10111.140000000003 12666.290000000003 3800.030000000001
vertex 10222.290000000003 12832.560000000003 3999.970000000001
endloop
endfacet
facet normal -0.20644822183020722 -0.6779947285106719 0.7054801767696139
outer loop
vertex 10077.990000000002 12892.360000000002 3999.970000000001
vertex 10038.990000000002 12696.190000000002 3800.030000000001
vertex 10076.560000000003 12684.750000000004 3800.030000000001
endloop
endfacet
facet normal -0.20532602341082123 -0.6781625230368951 0.7056463820204364
outer loop
vertex 10077.990000000002 12892.360000000002 3999.970000000001
vertex 10076.560000000003 12684.750000000004 3800.030000000001
vertex 10153.130000000003 12869.610000000002 3999.970000000001
endloop
endfacet
facet normal -0.0681724679275766 -0.7052324268369153 0.7056909654759499
outer loop
vertex 9999.990000000002 12900.030000000002 3999.970000000001
vertex 9999.990000000002 12699.960000000003 3800.030000000001
vertex 10038.990000000002 12696.190000000002 3800.030000000001
endloop
endfacet
facet normal -0.06935346950058725 -0.7052895203449484 0.7055188082254249
outer loop
vertex 9999.990000000002 12900.030000000002 3999.970000000001
vertex 10038.990000000002 12696.190000000002 3800.030000000001
vertex 10077.990000000002 12892.360000000002 3999.970000000001
endloop
endfacet
facet normal 0.06935346950058725 -0.7052895203449484 0.7055188082254249
outer loop
vertex 9999.990000000002 12900.030000000002 3999.970000000001
vertex 9921.990000000002 12892.360000000002 3999.970000000001
vertex 9960.990000000002 12696.190000000002 3800.030000000001
endloop
endfacet
facet normal 0.0681724679275766 -0.7052324268369153 0.7056909654759499
outer loop
vertex 9999.990000000002 12900.030000000002 3999.970000000001
vertex 9960.990000000002 12696.190000000002 3800.030000000001
vertex 9999.990000000002 12699.960000000003 3800.030000000001
endloop
endfacet
facet normal 0.20566646547806752 -0.6781117176048139 0.7055960625065931
outer loop
vertex 9921.990000000002 12892.360000000002 3999.970000000001
vertex 9846.980000000003 12869.610000000002 3999.970000000001
vertex 9923.420000000002 12684.750000000004 3800.030000000001
endloop
endfacet
facet normal 0.20644822183021652 -0.6779947285106697 0.7054801767696135
outer loop
vertex 9921.990000000002 12892.360000000002 3999.970000000001
vertex 9923.420000000002 12684.750000000004 3800.030000000001
vertex 9960.990000000002 12696.190000000002 3800.030000000001
endloop
endfacet
facet normal 0.33470543416212833 -0.6247834771026669 0.7054203562995914
outer loop
vertex 9846.980000000003 12869.610000000002 3999.970000000001
vertex 9777.820000000002 12832.560000000003 3999.970000000001
vertex 9888.840000000002 12666.290000000003 3800.030000000001
endloop
endfacet
facet normal 0.3337199034220133 -0.625137283875005 0.7055738107167693
outer loop
vertex 9846.980000000003 12869.610000000002 3999.970000000001
vertex 9888.840000000002 12666.290000000003 3800.030000000001
vertex 9923.420000000002 12684.750000000004 3800.030000000001
endloop
endfacet
facet normal 0.44872138129653105 -0.548567761951512 0.7054945304641577
outer loop
vertex 9777.820000000002 12832.560000000003 3999.970000000001
vertex 9717.110000000002 12782.900000000003 3999.970000000001
vertex 9858.550000000003 12641.460000000003 3800.030000000001
endloop
endfacet
facet normal 0.4493667491138818 -0.5481803798090658 0.7053848566443781
outer loop
vertex 9777.820000000002 12832.560000000003 3999.970000000001
vertex 9858.550000000003 12641.460000000003 3800.030000000001
vertex 9888.840000000002 12666.290000000003 3800.030000000001
endloop
endfacet
facet normal 0.5481803798090673 -0.4493667491138831 0.7053848566443763
outer loop
vertex 9667.450000000003 12722.190000000002 3999.970000000001
vertex 9833.720000000003 12611.170000000004 3800.030000000001
vertex 9858.550000000003 12641.460000000003 3800.030000000001
endloop
endfacet
facet normal 0.5485677619515191 -0.4487213812965234 0.7054945304641572
outer loop
vertex 9667.450000000003 12722.190000000002 3999.970000000001
vertex 9858.550000000003 12641.460000000003 3800.030000000001
vertex 9717.110000000002 12782.900000000003 3999.970000000001
endloop
endfacet
facet normal 0.625137283875005 -0.3337199034220133 0.7055738107167693
outer loop
vertex 9630.400000000003 12653.030000000002 3999.970000000001
vertex 9815.260000000002 12576.590000000004 3800.030000000001
vertex 9833.720000000003 12611.170000000004 3800.030000000001
endloop
endfacet
facet normal 0.6247834771026642 -0.3347054341621357 0.7054203562995902
outer loop
vertex 9630.400000000003 12653.030000000002 3999.970000000001
vertex 9833.720000000003 12611.170000000004 3800.030000000001
vertex 9667.450000000003 12722.190000000002 3999.970000000001
endloop
endfacet
facet normal 0.6779947285106672 -0.20644822183023864 0.7054801767696093
outer loop
vertex 9607.650000000003 12578.020000000002 3999.970000000001
vertex 9803.820000000002 12539.020000000002 3800.030000000001
vertex 9815.260000000002 12576.590000000004 3800.030000000001
endloop
endfacet
facet normal 0.6781117176048155 -0.20566646547806303 0.7055960625065929
outer loop
vertex 9607.650000000003 12578.020000000002 3999.970000000001
vertex 9815.260000000002 12576.590000000004 3800.030000000001
vertex 9630.400000000003 12653.030000000002 3999.970000000001
endloop
endfacet
facet normal 0.705232426836917 -0.06817246792754386 0.7056909654759516
outer loop
vertex 9599.980000000003 12500.020000000002 3999.970000000001
vertex 9800.050000000003 12500.020000000002 3800.030000000001
vertex 9803.820000000002 12539.020000000002 3800.030000000001
endloop
endfacet
facet normal 0.7052895203449516 -0.06935346950058757 0.7055188082254217
outer loop
vertex 9599.980000000003 12500.020000000002 3999.970000000001
vertex 9803.820000000002 12539.020000000002 3800.030000000001
vertex 9607.650000000003 12578.020000000002 3999.970000000001
endloop
endfacet
facet normal 0.7052895203449516 0.06935346950058757 0.7055188082254217
outer loop
vertex 9599.980000000003 12500.020000000002 3999.970000000001
vertex 9607.650000000003 12422.020000000002 3999.970000000001
vertex 9803.820000000002 12461.020000000002 3800.030000000001
endloop
endfacet
facet normal 0.705232426836917 0.06817246792754386 0.7056909654759516
outer loop
vertex 9599.980000000003 12500.020000000002 3999.970000000001
vertex 9803.820000000002 12461.020000000002 3800.030000000001
vertex 9800.050000000003 12500.020000000002 3800.030000000001
endloop
endfacet
facet normal 0.6781625230368933 0.20532602341082568 0.7056463820204366
outer loop
vertex 9607.650000000003 12422.020000000002 3999.970000000001
vertex 9630.400000000003 12346.880000000003 3999.970000000001
vertex 9815.260000000002 12423.450000000003 3800.030000000001
endloop
endfacet
facet normal 0.6779947285106649 0.20644822183024794 0.7054801767696088
outer loop
vertex 9607.650000000003 12422.020000000002 3999.970000000001
vertex 9815.260000000002 12423.450000000003 3800.030000000001
vertex 9803.820000000002 12461.020000000002 3800.030000000001
endloop
endfacet
facet normal 0.6246875699652237 0.33465405533850684 0.7055296614433976
outer loop
vertex 9630.400000000003 12346.880000000003 3999.970000000001
vertex 9667.450000000003 12277.720000000003 3999.970000000001
vertex 9833.720000000003 12388.870000000003 3800.030000000001
endloop
endfacet
facet normal 0.6250415841553163 0.33366881560172834 0.7056827471120095
outer loop
vertex 9630.400000000003 12346.880000000003 3999.970000000001
vertex 9833.720000000003 12388.870000000003 3800.030000000001
vertex 9815.260000000002 12423.450000000003 3800.030000000001
endloop
endfacet
facet normal 0.5480674132527223 0.4492741456277673 0.7055316099232616
outer loop
vertex 9667.450000000003 12277.720000000003 3999.970000000001
vertex 9717.110000000002 12217.140000000003 3999.970000000001
vertex 9858.550000000003 12358.580000000004 3800.030000000001
endloop
endfacet
facet normal 0.5480674132527169 0.44927414562777596 0.70553160992326
outer loop
vertex 9667.450000000003 12277.720000000003 3999.970000000001
vertex 9858.550000000003 12358.580000000004 3800.030000000001
vertex 9833.720000000003 12388.870000000003 3800.030000000001
endloop
endfacet
facet normal 0.4493955271362794 0.5479574704246367 0.7055397017856181
outer loop
vertex 9858.550000000003 12358.580000000004 3800.030000000001
vertex 9717.110000000002 12217.140000000003 3999.970000000001
vertex 9777.820000000002 12167.350000000002 3999.970000000001
endloop
endfacet
facet normal 0.44925378509377206 0.5480425755332248 0.7055638681096336
outer loop
vertex 9858.550000000003 12358.580000000004 3800.030000000001
vertex 9777.820000000002 12167.350000000002 3999.970000000001
vertex 9888.840000000002 12333.750000000004 3800.030000000001
endloop
endfacet
facet normal 0.3337199034219905 0.6251372838750102 0.7055738107167756
outer loop
vertex 9888.840000000002 12333.750000000004 3800.030000000001
vertex 9777.820000000002 12167.350000000002 3999.970000000001
vertex 9846.980000000003 12130.430000000002 3999.970000000001
endloop
endfacet
facet normal 0.3356894746448091 0.624429372416212 0.7052662869275604
outer loop
vertex 9888.840000000002 12333.750000000004 3800.030000000001
vertex 9846.980000000003 12130.430000000002 3999.970000000001
vertex 9923.420000000002 12315.160000000003 3800.030000000001
endloop
endfacet
facet normal 0.20573045833438447 0.6783227111939274 0.7053745657393977
outer loop
vertex 9923.420000000002 12315.160000000003 3800.030000000001
vertex 9846.980000000003 12130.430000000002 3999.970000000001
vertex 9921.990000000002 12107.680000000002 3999.970000000001
endloop
endfacet
facet normal 0.20426657800115755 0.6785407016359453 0.7055903070019431
outer loop
vertex 9923.420000000002 12315.160000000003 3800.030000000001
vertex 9921.990000000002 12107.680000000002 3999.970000000001
vertex 9960.990000000002 12303.850000000002 3800.030000000001
endloop
endfacet
facet normal 0.0705117487114714 0.7051174871147798 0.7055759510205749
outer loop
vertex 9999.990000000002 12299.950000000003 3800.030000000001
vertex 9960.990000000002 12303.850000000002 3800.030000000001
vertex 9921.990000000002 12107.680000000002 3999.970000000001
endloop
endfacet
facet normal 0.06936468949629017 0.7054036219963326 0.7054036219963278
outer loop
vertex 9999.990000000002 12299.950000000003 3800.030000000001
vertex 9921.990000000002 12107.680000000002 3999.970000000001
vertex 9999.990000000002 12100.010000000004 3999.970000000001
endloop
endfacet
facet normal -0.07053456158585351 0.7053456158586009 0.7053456158585961
outer loop
vertex 10038.990000000002 12303.850000000002 3800.030000000001
vertex 9999.990000000002 12299.950000000003 3800.030000000001
vertex 9999.990000000002 12100.010000000004 3999.970000000001
endloop
endfacet
facet normal -0.0693534695005713 0.7052895203449508 0.7055188082254241
outer loop
vertex 10038.990000000002 12303.850000000002 3800.030000000001
vertex 9999.990000000002 12100.010000000004 3999.970000000001
vertex 10077.990000000002 12107.680000000002 3999.970000000001
endloop
endfacet
facet normal -0.20426657800114834 0.6785407016359474 0.7055903070019436
outer loop
vertex 10076.560000000003 12315.160000000003 3800.030000000001
vertex 10038.990000000002 12303.850000000002 3800.030000000001
vertex 10077.990000000002 12107.680000000002 3999.970000000001
endloop
endfacet
facet normal -0.20538991968627898 0.6783735633066925 0.7054248999701137
outer loop
vertex 10076.560000000003 12315.160000000003 3800.030000000001
vertex 10077.990000000002 12107.680000000002 3999.970000000001
vertex 10153.130000000003 12130.430000000002 3999.970000000001
endloop
endfacet
facet normal -0.3356378045624183 0.6243332588363802 0.7053759607891849
outer loop
vertex 10111.140000000003 12333.750000000004 3800.030000000001
vertex 10076.560000000003 12315.160000000003 3800.030000000001
vertex 10153.130000000003 12130.430000000002 3999.970000000001
endloop
endfacet
facet normal -0.3336688156017129 0.6250415841553189 0.7056827471120146
outer loop
vertex 10111.140000000003 12333.750000000004 3800.030000000001
vertex 10153.130000000003 12130.430000000002 3999.970000000001
vertex 10222.290000000003 12167.350000000002 3999.970000000001
endloop
endfacet
facet normal -0.44916120468084386 0.5479296371237364 0.7057105107415531
outer loop
vertex 10141.430000000002 12358.580000000004 3800.030000000001
vertex 10111.140000000003 12333.750000000004 3800.030000000001
vertex 10222.290000000003 12167.350000000002 3999.970000000001
endloop
endfacet
facet normal -0.44994819933743235 0.5474565558518008 0.7055763157645574
outer loop
vertex 10141.430000000002 12358.580000000004 3800.030000000001
vertex 10222.290000000003 12167.350000000002 3999.970000000001
vertex 10282.870000000003 12217.140000000003 3999.970000000001
endloop
endfacet
facet normal -0.5480674132527225 0.4492741456277671 0.7055316099232616
outer loop
vertex 10141.430000000002 12358.580000000004 3800.030000000001
vertex 10282.870000000003 12217.140000000003 3999.970000000001
vertex 10332.530000000002 12277.720000000003 3999.970000000001
endloop
endfacet
facet normal -0.5480674132527169 0.44927414562777634 0.70553160992326
outer loop
vertex 10141.430000000002 12358.580000000004 3800.030000000001
vertex 10332.530000000002 12277.720000000003 3999.970000000001
vertex 10166.260000000002 12388.870000000003 3800.030000000001
endloop
endfacet
facet normal -0.6246875699652237 0.33465405533850684 0.7055296614433976
outer loop
vertex 10166.260000000002 12388.870000000003 3800.030000000001
vertex 10332.530000000002 12277.720000000003 3999.970000000001
vertex 10369.580000000002 12346.880000000003 3999.970000000001
endloop
endfacet
facet normal -0.6250415841553163 0.33366881560172806 0.7056827471120095
outer loop
vertex 10166.260000000002 12388.870000000003 3800.030000000001
vertex 10369.580000000002 12346.880000000003 3999.970000000001
vertex 10184.720000000003 12423.450000000003 3800.030000000001
endloop
endfacet
facet normal -0.6781625230368934 0.20532602341082576 0.7056463820204366
outer loop
vertex 10184.720000000003 12423.450000000003 3800.030000000001
vertex 10369.580000000002 12346.880000000003 3999.970000000001
vertex 10392.330000000002 12422.020000000002 3999.970000000001
endloop
endfacet
facet normal -0.6779947285106697 0.2064482218302165 0.7054801767696135
outer loop
vertex 10184.720000000003 12423.450000000003 3800.030000000001
vertex 10392.330000000002 12422.020000000002 3999.970000000001
vertex 10196.160000000002 12461.020000000002 3800.030000000001
endloop
endfacet
facet normal -0.705117487114775 0.0705117487115038 0.7055759510205765
outer loop
vertex 10200.060000000003 12500.020000000002 3800.030000000001
vertex 10196.160000000002 12461.020000000002 3800.030000000001
vertex 10392.330000000002 12422.020000000002 3999.970000000001
endloop
endfacet
facet normal -0.7054036219963319 0.06936468949630654 0.7054036219963271
outer loop
vertex 10200.060000000003 12500.020000000002 3800.030000000001
vertex 10392.330000000002 12422.020000000002 3999.970000000001
vertex 10400.000000000002 12500.020000000002 3999.970000000001
endloop
endfacet
facet normal 0 0 0.9999999999999999
outer loop
vertex 10416.640000000003 13600.080000000004 3999.970000000001
vertex 0 15000.050000000003 3999.970000000001
vertex 0 12900.030000000002 3999.970000000001
endloop
endfacet
facet normal 0 0 1
outer loop
vertex 10416.640000000003 13600.080000000004 3999.970000000001
vertex 0 12900.030000000002 3999.970000000001
vertex 9999.990000000002 12900.030000000002 3999.970000000001
endloop
endfacet
facet normal 0 0 1
outer loop
vertex 10416.640000000003 13600.080000000004 3999.970000000001
vertex 9999.990000000002 12900.030000000002 3999.970000000001
vertex 12500.020000000002 12900.030000000002 3999.970000000001
endloop
endfacet
facet normal 0 0 1
outer loop
vertex 10416.640000000003 13600.080000000004 3999.970000000001
vertex 12500.020000000002 12900.030000000002 3999.970000000001
vertex 19999.980000000003 12900.030000000002 3999.970000000001
endloop
endfacet
facet normal 0 0 1
outer loop
vertex 10416.640000000003 13600.080000000004 3999.970000000001
vertex 19999.980000000003 12900.030000000002 3999.970000000001
vertex 19999.980000000003 15000.050000000003 3999.970000000001
endloop
endfacet
facet normal 0 0 1
outer loop
vertex 10416.640000000003 13600.080000000004 3999.970000000001
vertex 19999.980000000003 15000.050000000003 3999.970000000001
vertex 0 15000.050000000003 3999.970000000001
endloop
endfacet
facet normal 0 0 0.9999999999999999
outer loop
vertex 12500.020000000002 12900.030000000002 3999.970000000001
vertex 12578.020000000002 12892.360000000002 3999.970000000001
vertex 19999.980000000003 12892.360000000002 3999.970000000001
endloop
endfacet
facet normal 0 0 1
outer loop
vertex 12500.020000000002 12900.030000000002 3999.970000000001
vertex 19999.980000000003 12892.360000000002 3999.970000000001
vertex 19999.980000000003 12900.030000000002 3999.970000000001
endloop
endfacet
facet normal 0 0 1
outer loop
vertex 9999.990000000002 12900.030000000002 3999.970000000001
vertex 10077.990000000002 12892.360000000002 3999.970000000001
vertex 12422.020000000002 12892.360000000002 3999.970000000001
endloop
endfacet
facet normal 0 0 1
outer loop
vertex 9999.990000000002 12900.030000000002 3999.970000000001
vertex 12422.020000000002 12892.360000000002 3999.970000000001
vertex 12500.020000000002 12900.030000000002 3999.970000000001
endloop
endfacet
facet normal 0 0 1
outer loop
vertex 0 12900.030000000002 3999.970000000001
vertex 0 12892.360000000002 3999.970000000001
vertex 9921.990000000002 12892.360000000002 3999.970000000001
endloop
endfacet
facet normal 0 0 1
outer loop
vertex 0 12900.030000000002 3999.970000000001
vertex 9921.990000000002 12892.360000000002 3999.970000000001
vertex 9999.990000000002 12900.030000000002 3999.970000000001
endloop
endfacet
facet normal 0 0 1
outer loop
vertex 12578.020000000002 12892.360000000002 3999.970000000001
vertex 12653.030000000002 12869.610000000002 3999.970000000001
vertex 19999.980000000003 12869.610000000002 3999.970000000001
endloop
endfacet
facet normal 0 0 1
outer loop
vertex 12578.020000000002 12892.360000000002 3999.970000000001
vertex 19999.980000000003 12869.610000000002 3999.970000000001
vertex 19999.980000000003 12892.360000000002 3999.970000000001
endloop
endfacet
facet normal 0 0 1
outer loop
vertex 10077.990000000002 12892.360000000002 3999.970000000001
vertex 10153.130000000003 12869.610000000002 3999.970000000001
vertex 12346.880000000003 12869.610000000002 3999.970000000001
endloop
endfacet
facet normal 0 0 1
outer loop
vertex 10077.990000000002 12892.360000000002 3999.970000000001
vertex 12346.880000000003 12869.610000000002 3999.970000000001
vertex 12422.020000000002 12892.360000000002 3999.970000000001
endloop
endfacet
facet normal 0 0 1
outer loop
vertex 0 12892.360000000002 3999.970000000001
vertex 0 12869.610000000002 3999.970000000001
vertex 9846.980000000003 12869.610000000002 3999.970000000001
endloop
endfacet
facet normal 0 0 1
outer loop
vertex 0 12892.360000000002 3999.970000000001
vertex 9846.980000000003 12869.610000000002 3999.970000000001
vertex 9921.990000000002 12892.360000000002 3999.970000000001
endloop
endfacet
facet normal 0 0 1
outer loop
vertex 12653.030000000002 12869.610000000002 3999.970000000001
vertex 12722.190000000002 12832.560000000003 3999.970000000001
vertex 19999.980000000003 12832.560000000003 3999.970000000001
endloop
endfacet
facet normal 0 0 1
outer loop
vertex 12653.030000000002 12869.610000000002 3999.970000000001
vertex 19999.980000000003 12832.560000000003 3999.970000000001
vertex 19999.980000000003 12869.610000000002 3999.970000000001
endloop
endfacet
facet normal 0 0 1
outer loop
vertex 10153.130000000003 12869.610000000002 3999.970000000001
vertex 10222.290000000003 12832.560000000003 3999.970000000001
vertex 12277.720000000003 12832.560000000003 3999.970000000001
endloop
endfacet
facet normal 0 0 1
outer loop
vertex 10153.130000000003 12869.610000000002 3999.970000000001
vertex 12277.720000000003 12832.560000000003 3999.970000000001
vertex 12346.880000000003 12869.610000000002 3999.970000000001
endloop
endfacet
facet normal 0 0 1
outer loop
vertex 0 12869.610000000002 3999.970000000001
vertex 0 12832.560000000003 3999.970000000001
vertex 9777.820000000002 12832.560000000003 3999.970000000001
endloop
endfacet
facet normal 0 0 0.9999999999999999
outer loop
vertex 0 12869.610000000002 3999.970000000001
vertex 9777.820000000002 12832.560000000003 3999.970000000001
vertex 9846.980000000003 12869.610000000002 3999.970000000001
endloop
endfacet
facet normal 0 0 1
outer loop
vertex 12722.190000000002 12832.560000000003 3999.970000000001
vertex 12782.900000000003 12782.900000000003 3999.970000000001
vertex 19999.980000000003 12782.900000000003 3999.970000000001
endloop
endfacet
facet normal 0 0 0.9999999999999999
outer loop
vertex 12722.190000000002 12832.560000000003 3999.970000000001
vertex 19999.980000000003 12782.900000000003 3999.970000000001
vertex 19999.980000000003 12832.560000000003 3999.970000000001
endloop
endfacet
facet normal 0 0 1
outer loop
vertex 10222.290000000003 12832.560000000003 3999.970000000001
vertex 10282.870000000003 12782.900000000003 3999.970000000001
vertex 12217.140000000003 12782.900000000003 3999.970000000001
endloop
endfacet
facet normal 0 0 1
outer loop
vertex 10222.290000000003 12832.560000000003 3999.970000000001
vertex 12217.140000000003 12782.900000000003 3999.970000000001
vertex 12277.720000000003 12832.560000000003 3999.970000000001
endloop
endfacet
facet normal 0 0 1
outer loop
vertex 0 12832.560000000003 3999.970000000001
vertex 0 12782.900000000003 3999.970000000001
vertex 9717.110000000002 12782.900000000003 3999.970000000001
endloop
endfacet
facet normal 0 0 0.9999999999999999
outer loop
vertex 0 12832.560000000003 3999.970000000001
vertex 9717.110000000002 12782.900000000003 3999.970000000001
vertex 9777.820000000002 12832.560000000003 3999.970000000001
endloop
endfacet
facet normal 0 0 1
outer loop
vertex 12782.900000000003 12782.900000000003 3999.970000000001
vertex 12832.560000000003 12722.190000000002 3999.970000000001
vertex 19999.980000000003 12722.190000000002 3999.970000000001
endloop
endfacet
facet normal 0 0 1
outer loop
vertex 12782.900000000003 12782.900000000003 3999.970000000001
vertex 19999.980000000003 12722.190000000002 3999.970000000001
vertex 19999.980000000003 12782.900000000003 3999.970000000001
endloop
endfacet
facet normal 0 0 1
outer loop
vertex 10282.870000000003 12782.900000000003 3999.970000000001
vertex 10332.530000000002 12722.190000000002 3999.970000000001
vertex 12167.350000000002 12722.190000000002 3999.970000000001
endloop
endfacet
facet normal 0 0 0.9999999999999999
outer loop
vertex 10282.870000000003 12782.900000000003 3999.970000000001
vertex 12167.350000000002 12722.190000000002 3999.970000000001
vertex 12217.140000000003 12782.900000000003 3999.970000000001
endloop
endfacet
facet normal 0 0 1
outer loop
vertex 0 12782.900000000003 3999.970000000001
vertex 0 12722.190000000002 3999.970000000001
vertex 9667.450000000003 12722.190000000002 3999.970000000001
endloop
endfacet
facet normal 0 0 1
outer loop
vertex 0 12782.900000000003 3999.970000000001
vertex 9667.450000000003 12722.190000000002 3999.970000000001
vertex 9717.110000000002 12782.900000000003 3999.970000000001
endloop
endfacet
facet normal 0 0 0.9999999999999999
outer loop
vertex 12832.560000000003 12722.190000000002 3999.970000000001
vertex 12869.610000000002 12653.030000000002 3999.970000000001
vertex 19999.980000000003 12653.030000000002 3999.970000000001
endloop
endfacet
facet normal 0 0 1
outer loop
vertex 12832.560000000003 12722.190000000002 3999.970000000001
vertex 19999.980000000003 12653.030000000002 3999.970000000001
vertex 19999.980000000003 12722.190000000002 3999.970000000001
endloop
endfacet
facet normal 0 0 1
outer loop
vertex 10332.530000000002 12722.190000000002 3999.970000000001
vertex 10369.580000000002 12653.030000000002 3999.970000000001
vertex 12130.430000000002 12653.030000000002 3999.970000000001
endloop
endfacet
facet normal 0 0 1
outer loop
vertex 10332.530000000002 12722.190000000002 3999.970000000001
vertex 12130.430000000002 12653.030000000002 3999.970000000001
vertex 12167.350000000002 12722.190000000002 3999.970000000001
endloop
endfacet
facet normal 0 0 1
outer loop
vertex 0 12722.190000000002 3999.970000000001
vertex 0 12653.030000000002 3999.970000000001
vertex 9630.400000000003 12653.030000000002 3999.970000000001
endloop
endfacet
facet normal 0 0 1
outer loop
vertex 0 12722.190000000002 3999.970000000001
vertex 9630.400000000003 12653.030000000002 3999.970000000001
vertex 9667.450000000003 12722.190000000002 3999.970000000001
endloop
endfacet
facet normal 0 0 1
outer loop
vertex 12869.610000000002 12653.030000000002 3999.970000000001
vertex 12892.360000000002 12578.020000000002 3999.970000000001
vertex 19999.980000000003 12578.020000000002 3999.970000000001
endloop
endfacet
facet normal 0 0 1
outer loop
vertex 12869.610000000002 12653.030000000002 3999.970000000001
vertex 19999.980000000003 12578.020000000002 3999.970000000001
vertex 19999.980000000003 12653.030000000002 3999.970000000001
endloop
endfacet
facet normal 0 0 1
outer loop
vertex 10369.580000000002 12653.030000000002 3999.970000000001
vertex 10392.330000000002 12578.020000000002 3999.970000000001
vertex 12107.680000000002 12578.020000000002 3999.970000000001
endloop
endfacet
facet normal 0 0 1
outer loop
vertex 10369.580000000002 12653.030000000002 3999.970000000001
vertex 12107.680000000002 12578.020000000002 3999.970000000001
vertex 12130.430000000002 12653.030000000002 3999.970000000001
endloop
endfacet
facet normal 0 0 0.9999999999999999
outer loop
vertex 0 12653.030000000002 3999.970000000001
vertex 0 12578.020000000002 3999.970000000001
vertex 9607.650000000003 12578.020000000002 3999.970000000001
endloop
endfacet
facet normal 0 0 1
outer loop
vertex 0 12653.030000000002 3999.970000000001
vertex 9607.650000000003 12578.020000000002 3999.970000000001
vertex 9630.400000000003 12653.030000000002 3999.970000000001
endloop
endfacet
facet normal 0 0 1
outer loop
vertex 12892.360000000002 12578.020000000002 3999.970000000001
vertex 12900.030000000002 12500.020000000002 3999.970000000001
vertex 19999.980000000003 12500.020000000002 3999.970000000001
endloop
endfacet
facet normal 0 0 1
outer loop
vertex 12892.360000000002 12578.020000000002 3999.970000000001
vertex 19999.980000000003 12500.020000000002 3999.970000000001
vertex 19999.980000000003 12578.020000000002 3999.970000000001
endloop
endfacet
facet normal 0 0 1
outer loop
vertex 10392.330000000002 12578.020000000002 3999.970000000001
vertex 10400.000000000002 12500.020000000002 3999.970000000001
vertex 12100.010000000004 12500.020000000002 3999.970000000001
endloop
endfacet
facet normal 0 0 1
outer loop
vertex 10392.330000000002 12578.020000000002 3999.970000000001
vertex 12100.010000000004 12500.020000000002 3999.970000000001
vertex 12107.680000000002 12578.020000000002 3999.970000000001
endloop
endfacet
facet normal 0 0 1
outer loop
vertex 0 12578.020000000002 3999.970000000001
vertex 0 12500.020000000002 3999.970000000001
vertex 9599.980000000003 12500.020000000002 3999.970000000001
endloop
endfacet
facet normal 0 0 0.9999999999999999
outer loop
vertex 0 12578.020000000002 3999.970000000001
vertex 9599.980000000003 12500.020000000002 3999.970000000001
vertex 9607.650000000003 12578.020000000002 3999.970000000001
endloop
endfacet
facet normal 0 0 1
outer loop
vertex 12900.030000000002 12500.020000000002 3999.970000000001
vertex 12892.360000000002 12422.020000000002 3999.970000000001
vertex 19999.980000000003 12422.020000000002 3999.970000000001
endloop
endfacet
facet normal 0 0 1
outer loop
vertex 12900.030000000002 12500.020000000002 3999.970000000001
vertex 19999.980000000003 12422.020000000002 3999.970000000001
vertex 19999.980000000003 12500.020000000002 3999.970000000001
endloop
endfacet
facet normal 0 0 1
outer loop
vertex 10400.000000000002 12500.020000000002 3999.970000000001
vertex 10392.330000000002 12422.020000000002 3999.970000000001
vertex 12107.680000000002 12422.020000000002 3999.970000000001
endloop
endfacet
facet normal 0 0 1
outer loop
vertex 10400.000000000002 12500.020000000002 3999.970000000001
vertex 12107.680000000002 12422.020000000002 3999.970000000001
vertex 12100.010000000004 12500.020000000002 3999.970000000001
endloop
endfacet
facet normal 0 0 0.9999999999999999
outer loop
vertex 0 12500.020000000002 3999.970000000001
vertex 0 12422.020000000002 3999.970000000001
vertex 9607.650000000003 12422.020000000002 3999.970000000001
endloop
endfacet
facet normal 0 0 1
outer loop
vertex 0 12500.020000000002 3999.970000000001
vertex 9607.650000000003 12422.020000000002 3999.970000000001
vertex 9599.980000000003 12500.020000000002 3999.970000000001
endloop
endfacet
facet normal 0 0 1
outer loop
vertex 12892.360000000002 12422.020000000002 3999.970000000001
vertex 12869.610000000002 12346.880000000003 3999.970000000001
vertex 19999.980000000003 12346.880000000003 3999.970000000001
endloop
endfacet
facet normal 0 0 1
outer loop
vertex 12892.360000000002 12422.020000000002 3999.970000000001
vertex 19999.980000000003 12346.880000000003 3999.970000000001
vertex 19999.980000000003 12422.020000000002 3999.970000000001
endloop
endfacet
facet normal 0 0 1
outer loop
vertex 10392.330000000002 12422.020000000002 3999.970000000001
vertex 10369.580000000002 12346.880000000003 3999.970000000001
vertex 12130.430000000002 12346.880000000003 3999.970000000001
endloop
endfacet
facet normal 0 0 1
outer loop
vertex 10392.330000000002 12422.020000000002 3999.970000000001
vertex 12130.430000000002 12346.880000000003 3999.970000000001
vertex 12107.680000000002 12422.020000000002 3999.970000000001
endloop
endfacet
facet normal 0 0 1
outer loop
vertex 0 12422.020000000002 3999.970000000001
vertex 0 12346.880000000003 3999.970000000001
vertex 9630.400000000003 12346.880000000003 3999.970000000001
endloop
endfacet
facet normal 0 0 1
outer loop
vertex 0 12422.020000000002 3999.970000000001
vertex 9630.400000000003 12346.880000000003 3999.970000000001
vertex 9607.650000000003 12422.020000000002 3999.970000000001
endloop
endfacet
facet normal 0 0 1
outer loop
vertex 12869.610000000002 12346.880000000003 3999.970000000001
vertex 12832.560000000003 12277.720000000003 3999.970000000001
vertex 19999.980000000003 12277.720000000003 3999.970000000001
endloop
endfacet
facet normal 0 0 1
outer loop
vertex 12869.610000000002 12346.880000000003 3999.970000000001
vertex 19999.980000000003 12277.720000000003 3999.970000000001
vertex 19999.980000000003 12346.880000000003 3999.970000000001
endloop
endfacet
facet normal 0 0 0.9999999999999999
outer loop
vertex 10369.580000000002 12346.880000000003 3999.970000000001
vertex 10332.530000000002 12277.720000000003 3999.970000000001
vertex 12167.350000000002 12277.720000000003 3999.970000000001
endloop
endfacet
facet normal 0 0 0.9999999999999999
outer loop
vertex 10369.580000000002 12346.880000000003 3999.970000000001
vertex 12167.350000000002 12277.720000000003 3999.970000000001
vertex 12130.430000000002 12346.880000000003 3999.970000000001
endloop
endfacet
facet normal 0 0 1
outer loop
vertex 0 12346.880000000003 3999.970000000001
vertex 0 12277.720000000003 3999.970000000001
vertex 9667.450000000003 12277.720000000003 3999.970000000001
endloop
endfacet
facet normal 0 0 1
outer loop
vertex 0 12346.880000000003 3999.970000000001
vertex 9667.450000000003 12277.720000000003 3999.970000000001
vertex 9630.400000000003 12346.880000000003 3999.970000000001
endloop
endfacet
facet normal 0 0 1
outer loop
vertex 12832.560000000003 12277.720000000003 3999.970000000001
vertex 12782.900000000003 12217.140000000003 3999.970000000001
vertex 19999.980000000003 12217.140000000003 3999.970000000001
endloop
endfacet
facet normal 0 0 1
outer loop
vertex 12832.560000000003 12277.720000000003 3999.970000000001
vertex 19999.980000000003 12217.140000000003 3999.970000000001
vertex 19999.980000000003 12277.720000000003 3999.970000000001
endloop
endfacet
facet normal 0 0 1
outer loop
vertex 10332.530000000002 12277.720000000003 3999.970000000001
vertex 10282.870000000003 12217.140000000003 3999.970000000001
vertex 12217.140000000003 12217.140000000003 3999.970000000001
endloop
endfacet
facet normal 0 0 0.9999999999999999
outer loop
vertex 10332.530000000002 12277.720000000003 3999.970000000001
vertex 12217.140000000003 12217.140000000003 3999.970000000001
vertex 12167.350000000002 12277.720000000003 3999.970000000001
endloop
endfacet
facet normal 0 0 1
outer loop
vertex 0 12277.720000000003 3999.970000000001
vertex 0 12217.140000000003 3999.970000000001
vertex 9717.110000000002 12217.140000000003 3999.970000000001
endloop
endfacet
facet normal 0 0 1
outer loop
vertex 0 12277.720000000003 3999.970000000001
vertex 9717.110000000002 12217.140000000003 3999.970000000001
vertex 9667.450000000003 12277.720000000003 3999.970000000001
endloop
endfacet
facet normal 0 0 0.9999999999999999
outer loop
vertex 12782.900000000003 12217.140000000003 3999.970000000001
vertex 12722.190000000002 12167.350000000002 3999.970000000001
vertex 19999.980000000003 12167.350000000002 3999.970000000001
endloop
endfacet
facet normal 0 0 1
outer loop
vertex 12782.900000000003 12217.140000000003 3999.970000000001
vertex 19999.980000000003 12167.350000000002 3999.970000000001
vertex 19999.980000000003 12217.140000000003 3999.970000000001
endloop
endfacet
facet normal 0 0 1
outer loop
vertex 10282.870000000003 12217.140000000003 3999.970000000001
vertex 10222.290000000003 12167.350000000002 3999.970000000001
vertex 12277.720000000003 12167.350000000002 3999.970000000001
endloop
endfacet
facet normal 0 0 1
outer loop
vertex 10282.870000000003 12217.140000000003 3999.970000000001
vertex 12277.720000000003 12167.350000000002 3999.970000000001
vertex 12217.140000000003 12217.140000000003 3999.970000000001
endloop
endfacet
facet normal 0 0 0.9999999999999999
outer loop
vertex 0 12217.140000000003 3999.970000000001
vertex 0 12167.350000000002 3999.970000000001
vertex 9777.820000000002 12167.350000000002 3999.970000000001
endloop
endfacet
facet normal 0 0 1
outer loop
vertex 0 12217.140000000003 3999.970000000001
vertex 9777.820000000002 12167.350000000002 3999.970000000001
vertex 9717.110000000002 12217.140000000003 3999.970000000001
endloop
endfacet
facet normal 0 0 1
outer loop
vertex 12722.190000000002 12167.350000000002 3999.970000000001
vertex 12653.030000000002 12130.430000000002 3999.970000000001
vertex 19999.980000000003 12130.430000000002 3999.970000000001
endloop
endfacet
facet normal 0 0 1
outer loop
vertex 12722.190000000002 12167.350000000002 3999.970000000001
vertex 19999.980000000003 12130.430000000002 3999.970000000001
vertex 19999.980000000003 12167.350000000002 3999.970000000001
endloop
endfacet
facet normal 0 0 1
outer loop
vertex 10222.290000000003 12167.350000000002 3999.970000000001
vertex 10153.130000000003 12130.430000000002 3999.970000000001
vertex 12346.880000000003 12130.430000000002 3999.970000000001
endloop
endfacet
facet normal 0 0 1
outer loop
vertex 10222.290000000003 12167.350000000002 3999.970000000001
vertex 12346.880000000003 12130.430000000002 3999.970000000001
vertex 12277.720000000003 12167.350000000002 3999.970000000001
endloop
endfacet
facet normal 0 0 1
outer loop
vertex 0 12167.350000000002 3999.970000000001
vertex 0 12130.430000000002 3999.970000000001
vertex 9846.980000000003 12130.430000000002 3999.970000000001
endloop
endfacet
facet normal 0 0 1
outer loop
vertex 0 12167.350000000002 3999.970000000001
vertex 9846.980000000003 12130.430000000002 3999.970000000001
vertex 9777.820000000002 12167.350000000002 3999.970000000001
endloop
endfacet
facet normal 0 0 1
outer loop
vertex 12653.030000000002 12130.430000000002 3999.970000000001
vertex 12578.020000000002 12107.680000000002 3999.970000000001
vertex 19999.980000000003 12107.680000000002 3999.970000000001
endloop
endfacet
facet normal 0 0 1
outer loop
vertex 12653.030000000002 12130.430000000002 3999.970000000001
vertex 19999.980000000003 12107.680000000002 3999.970000000001
vertex 19999.980000000003 12130.430000000002 3999.970000000001
endloop
endfacet
facet normal 0 0 1
outer loop
vertex 10153.130000000003 12130.430000000002 3999.970000000001
vertex 10077.990000000002 12107.680000000002 3999.970000000001
vertex 12422.020000000002 12107.680000000002 3999.970000000001
endloop
endfacet
facet normal 0 0 1
outer loop
vertex 10153.130000000003 12130.430000000002 3999.970000000001
vertex 12422.020000000002 12107.680000000002 3999.970000000001
vertex 12346.880000000003 12130.430000000002 3999.970000000001
endloop
endfacet
facet normal 0 0 1
outer loop
vertex 0 12130.430000000002 3999.970000000001
vertex 0 12107.680000000002 3999.970000000001
vertex 9921.990000000002 12107.680000000002 3999.970000000001
endloop
endfacet
facet normal 0 0 1
outer loop
vertex 0 12130.430000000002 3999.970000000001
vertex 9921.990000000002 12107.680000000002 3999.970000000001
vertex 9846.980000000003 12130.430000000002 3999.970000000001
endloop
endfacet
facet normal 0 0 1
outer loop
vertex 12578.020000000002 12107.680000000002 3999.970000000001
vertex 12500.020000000002 12100.010000000004 3999.970000000001
vertex 19999.980000000003 12100.010000000004 3999.970000000001
endloop
endfacet
facet normal 0 0 1
outer loop
vertex 12578.020000000002 12107.680000000002 3999.970000000001
vertex 19999.980000000003 12100.010000000004 3999.970000000001
vertex 19999.980000000003 12107.680000000002 3999.970000000001
endloop
endfacet
facet normal 0 0 1
outer loop
vertex 10077.990000000002 12107.680000000002 3999.970000000001
vertex 9999.990000000002 12100.010000000004 3999.970000000001
vertex 12500.020000000002 12100.010000000004 3999.970000000001
endloop
endfacet
facet normal 0 0 1
outer loop
vertex 10077.990000000002 12107.680000000002 3999.970000000001
vertex 12500.020000000002 12100.010000000004 3999.970000000001
vertex 12422.020000000002 12107.680000000002 3999.970000000001
endloop
endfacet
facet normal 0 0 1
outer loop
vertex 0 12107.680000000002 3999.970000000001
vertex 0 12100.010000000004 3999.970000000001
vertex 9999.990000000002 12100.010000000004 3999.970000000001
endloop
endfacet
facet normal 0 0 1
outer loop
vertex 0 12107.680000000002 3999.970000000001
vertex 9999.990000000002 12100.010000000004 3999.970000000001
vertex 9921.990000000002 12107.680000000002 3999.970000000001
endloop
endfacet
facet normal 0 0 1
outer loop
vertex 10416.640000000003 8066.630000000002 3999.970000000001
vertex 12500.020000000002 12100.010000000004 3999.970000000001
vertex 9999.990000000002 12100.010000000004 3999.970000000001
endloop
endfacet
facet normal 0 0 1
outer loop
vertex 10416.640000000003 8066.630000000002 3999.970000000001
vertex 9999.990000000002 12100.010000000004 3999.970000000001
vertex 0 12100.010000000004 3999.970000000001
endloop
endfacet
facet normal 0 0 1
outer loop
vertex 10416.640000000003 8066.630000000002 3999.970000000001
vertex 0 12100.010000000004 3999.970000000001
vertex 0 0 3999.970000000001
endloop
endfacet
facet normal 0 0 1
outer loop
vertex 10416.640000000003 8066.630000000002 3999.970000000001
vertex 0 0 3999.970000000001
vertex 19999.980000000003 0 3999.970000000001
endloop
endfacet
facet normal 0 0 1
outer loop
vertex 10416.640000000003 8066.630000000002 3999.970000000001
vertex 19999.980000000003 0 3999.970000000001
vertex 19999.980000000003 12100.010000000004 3999.970000000001
endloop
endfacet
facet normal 0 0 1
outer loop
vertex 10416.640000000003 8066.630000000002 3999.970000000001
vertex 19999.980000000003 12100.010000000004 3999.970000000001
vertex 12500.020000000002 12100.010000000004 3999.970000000001
endloop
endfacet
facet normal 0.9999999999999999 0 0
outer loop
vertex 12299.950000000003 12299.950000000003 3800.030000000001
vertex 12299.950000000003 12299.950000000003 199.94000000000005
vertex 12299.950000000003 12699.960000000003 199.94000000000005
endloop
endfacet
facet normal 0.9999999999999999 0 0
outer loop
vertex 12299.950000000003 12299.950000000003 3800.030000000001
vertex 12299.950000000003 12699.960000000003 199.94000000000005
vertex 12299.950000000003 12699.960000000003 3800.030000000001
endloop
endfacet
facet normal 0 0.9999999999999999 0
outer loop
vertex 12699.960000000003 12299.950000000003 3800.030000000001
vertex 12699.960000000003 12299.950000000003 199.94000000000005
vertex 12299.950000000003 12299.950000000003 199.94000000000005
endloop
endfacet
facet normal 0 0.9999999999999999 0
outer loop
vertex 12699.960000000003 12299.950000000003 3800.030000000001
vertex 12299.950000000003 12299.950000000003 199.94000000000005
vertex 12299.950000000003 12299.950000000003 3800.030000000001
endloop
endfacet
facet normal -0.9999999999999999 0 0
outer loop
vertex 12699.960000000003 12699.960000000003 3800.030000000001
vertex 12699.960000000003 12699.960000000003 199.94000000000005
vertex 12699.960000000003 12299.950000000003 199.94000000000005
endloop
endfacet
facet normal -0.9999999999999999 0 0
outer loop
vertex 12699.960000000003 12699.960000000003 3800.030000000001
vertex 12699.960000000003 12299.950000000003 199.94000000000005
vertex 12699.960000000003 12299.950000000003 3800.030000000001
endloop
endfacet
facet normal 0 -0.9999999999999999 0
outer loop
vertex 12299.950000000003 12699.960000000003 3800.030000000001
vertex 12299.950000000003 12699.960000000003 199.94000000000005
vertex 12699.960000000003 12699.960000000003 199.94000000000005
endloop
endfacet
facet normal 0 -0.9999999999999999 0
outer loop
vertex 12299.950000000003 12699.960000000003 3800.030000000001
vertex 12699.960000000003 12699.960000000003 199.94000000000005
vertex 12699.960000000003 12699.960000000003 3800.030000000001
endloop
endfacet
facet normal -0.8597069881558669 -0.08515965448715128 0.5036384891602279
outer loop
vertex 12777.440000000002 12555.140000000003 3800.030000000001
vertex 12782.900000000003 12500.020000000002 3800.030000000001
vertex 12900.030000000002 12500.020000000002 3999.970000000001
endloop
endfacet
facet normal -0.859678112712247 -0.0845350144167052 0.5037929871098611
outer loop
vertex 12777.440000000002 12555.140000000003 3800.030000000001
vertex 12900.030000000002 12500.020000000002 3999.970000000001
vertex 12892.360000000002 12578.020000000002 3999.970000000001
endloop
endfacet
facet normal -0.8264967093936064 -0.25119017638431135 0.5037923030868567
outer loop
vertex 12761.320000000003 12608.180000000004 3800.030000000001
vertex 12777.440000000002 12555.140000000003 3800.030000000001
vertex 12892.360000000002 12578.020000000002 3999.970000000001
endloop
endfacet
facet normal -0.8265718424375593 -0.2506933664238689 0.5039164864542995
outer loop
vertex 12761.320000000003 12608.180000000004 3800.030000000001
vertex 12892.360000000002 12578.020000000002 3999.970000000001
vertex 12869.610000000002 12653.030000000002 3999.970000000001
endloop
endfacet
facet normal -0.7621710337573738 -0.4063564397486555 0.503954124078783
outer loop
vertex 12735.190000000002 12657.190000000002 3800.030000000001
vertex 12761.320000000003 12608.180000000004 3800.030000000001
vertex 12869.610000000002 12653.030000000002 3999.970000000001
endloop
endfacet
facet normal -0.761582070950966 -0.40799039515229596 0.5035241669170519
outer loop
vertex 12735.190000000002 12657.190000000002 3800.030000000001
vertex 12869.610000000002 12653.030000000002 3999.970000000001
vertex 12832.560000000003 12722.190000000002 3999.970000000001
endloop
endfacet
facet normal -0.6665458362271585 -0.5490392754333004 0.504254422132235
outer loop
vertex 12782.900000000003 12782.900000000003 3999.970000000001
vertex 12699.960000000003 12699.960000000003 3800.030000000001
vertex 12735.190000000002 12657.190000000002 3800.030000000001
endloop
endfacet
facet normal -0.66875135720701 -0.5470300181007989 0.5035174093618036
outer loop
vertex 12782.900000000003 12782.900000000003 3999.970000000001
vertex 12735.190000000002 12657.190000000002 3800.030000000001
vertex 12832.560000000003 12722.190000000002 3999.970000000001
endloop
endfacet
facet normal -0.5493597554875794 -0.6669349061085523 0.5033901966314038
outer loop
vertex 12722.190000000002 12832.560000000003 3999.970000000001
vertex 12657.190000000002 12735.190000000002 3800.030000000001
vertex 12699.960000000003 12699.960000000003 3800.030000000001
endloop
endfacet
facet normal -0.5468045473418716 -0.6684757162530333 0.5041279637019205
outer loop
vertex 12722.190000000002 12832.560000000003 3999.970000000001
vertex 12699.960000000003 12699.960000000003 3800.030000000001
vertex 12782.900000000003 12782.900000000003 3999.970000000001
endloop
endfacet
facet normal -0.4063564397486554 -0.7621710337573739 0.503954124078783
outer loop
vertex 12653.030000000002 12869.610000000002 3999.970000000001
vertex 12608.180000000004 12761.320000000003 3800.030000000001
vertex 12657.190000000002 12735.190000000002 3800.030000000001
endloop
endfacet
facet normal -0.40799039515229607 -0.761582070950966 0.503524166917052
outer loop
vertex 12653.030000000002 12869.610000000002 3999.970000000001
vertex 12657.190000000002 12735.190000000002 3800.030000000001
vertex 12722.190000000002 12832.560000000003 3999.970000000001
endloop
endfacet
facet normal -0.25119017638431135 -0.8264967093936064 0.5037923030868567
outer loop
vertex 12578.020000000002 12892.360000000002 3999.970000000001
vertex 12555.140000000003 12777.440000000002 3800.030000000001
vertex 12608.180000000004 12761.320000000003 3800.030000000001
endloop
endfacet
facet normal -0.2506933664238691 -0.8265718424375593 0.5039164864542997
outer loop
vertex 12578.020000000002 12892.360000000002 3999.970000000001
vertex 12608.180000000004 12761.320000000003 3800.030000000001
vertex 12653.030000000002 12869.610000000002 3999.970000000001
endloop
endfacet
facet normal -0.08515965448715122 -0.8597069881558669 0.5036384891602279
outer loop
vertex 12500.020000000002 12900.030000000002 3999.970000000001
vertex 12500.020000000002 12782.900000000003 3800.030000000001
vertex 12555.140000000003 12777.440000000002 3800.030000000001
endloop
endfacet
facet normal -0.0845350144167051 -0.859678112712247 0.5037929871098611
outer loop
vertex 12500.020000000002 12900.030000000002 3999.970000000001
vertex 12555.140000000003 12777.440000000002 3800.030000000001
vertex 12578.020000000002 12892.360000000002 3999.970000000001
endloop
endfacet
facet normal 0.08453735521175884 -0.8597019174077087 0.503751971489254
outer loop
vertex 12500.020000000002 12900.030000000002 3999.970000000001
vertex 12422.020000000002 12892.360000000002 3999.970000000001
vertex 12444.770000000002 12777.440000000002 3800.030000000001
endloop
endfacet
facet normal 0.08496072689946967 -0.8597216412444851 0.5036470733168242
outer loop
vertex 12500.020000000002 12900.030000000002 3999.970000000001
vertex 12444.770000000002 12777.440000000002 3800.030000000001
vertex 12500.020000000002 12782.900000000003 3800.030000000001
endloop
endfacet
facet normal 0.25029910625495133 -0.8267021909449187 0.503898645458433
outer loop
vertex 12422.020000000002 12892.360000000002 3999.970000000001
vertex 12346.880000000003 12869.610000000002 3999.970000000001
vertex 12391.730000000003 12761.320000000003 3800.030000000001
endloop
endfacet
facet normal 0.25121084368171726 -0.8265647114689135 0.5036704178041744
outer loop
vertex 12422.020000000002 12892.360000000002 3999.970000000001
vertex 12391.730000000003 12761.320000000003 3800.030000000001
vertex 12444.770000000002 12777.440000000002 3800.030000000001
endloop
endfacet
facet normal 0.4079358958149978 -0.7614803388546759 0.5037221440867803
outer loop
vertex 12346.880000000003 12869.610000000002 3999.970000000001
vertex 12277.720000000003 12832.560000000003 3999.970000000001
vertex 12342.850000000002 12735.190000000002 3800.030000000001
endloop
endfacet
facet normal 0.4072084086660925 -0.7617430928280998 0.5039134572923306
outer loop
vertex 12346.880000000003 12869.610000000002 3999.970000000001
vertex 12342.850000000002 12735.190000000002 3800.030000000001
vertex 12391.730000000003 12761.320000000003 3800.030000000001
endloop
endfacet
facet normal 0.5481649086600409 -0.667507084346178 0.5039340485236073
outer loop
vertex 12217.140000000003 12782.900000000003 3999.970000000001
vertex 12299.950000000003 12699.960000000003 3800.030000000001
vertex 12342.850000000002 12735.190000000002 3800.030000000001
endloop
endfacet
facet normal 0.547648462865738 -0.6680737793074197 0.5037445647574724
outer loop
vertex 12217.140000000003 12782.900000000003 3999.970000000001
vertex 12342.850000000002 12735.190000000002 3800.030000000001
vertex 12277.720000000003 12832.560000000003 3999.970000000001
endloop
endfacet
facet normal 0.6677534163907326 -0.5480043234817564 0.5037823303211492
outer loop
vertex 12167.350000000002 12722.190000000002 3999.970000000001
vertex 12264.850000000002 12657.190000000002 3800.030000000001
vertex 12299.950000000003 12699.960000000003 3800.030000000001
endloop
endfacet
facet normal 0.667898914381527 -0.5477629212165425 0.5038519845235281
outer loop
vertex 12167.350000000002 12722.190000000002 3999.970000000001
vertex 12299.950000000003 12699.960000000003 3800.030000000001
vertex 12217.140000000003 12782.900000000003 3999.970000000001
endloop
endfacet
facet normal 0.7621710337573825 -0.40635643974863156 0.5039541240787893
outer loop
vertex 12130.430000000002 12653.030000000002 3999.970000000001
vertex 12238.720000000003 12608.180000000004 3800.030000000001
vertex 12264.850000000002 12657.190000000002 3800.030000000001
endloop
endfacet
facet normal 0.7620150444879715 -0.4067899861552346 0.5038402317578646
outer loop
vertex 12130.430000000002 12653.030000000002 3999.970000000001
vertex 12264.850000000002 12657.190000000002 3800.030000000001
vertex 12167.350000000002 12722.190000000002 3999.970000000001
endloop
endfacet
facet normal 0.8264967093935991 -0.2511901763843375 0.5037923030868555
outer loop
vertex 12107.680000000002 12578.020000000002 3999.970000000001
vertex 12222.600000000002 12555.140000000003 3800.030000000001
vertex 12238.720000000003 12608.180000000004 3800.030000000001
endloop
endfacet
facet normal 0.8265718424375562 -0.25069336642386814 0.5039164864543052
outer loop
vertex 12107.680000000002 12578.020000000002 3999.970000000001
vertex 12238.720000000003 12608.180000000004 3800.030000000001
vertex 12130.430000000002 12653.030000000002 3999.970000000001
endloop
endfacet
facet normal 0.859706988155869 -0.08515965448712305 0.5036384891602291
outer loop
vertex 12100.010000000004 12500.020000000002 3999.970000000001
vertex 12217.140000000003 12500.020000000002 3800.030000000001
vertex 12222.600000000002 12555.140000000003 3800.030000000001
endloop
endfacet
facet normal 0.8596781127122495 -0.08453501441668529 0.5037929871098602
outer loop
vertex 12100.010000000004 12500.020000000002 3999.970000000001
vertex 12222.600000000002 12555.140000000003 3800.030000000001
vertex 12107.680000000002 12578.020000000002 3999.970000000001
endloop
endfacet
facet normal 0.8597019174077111 0.08453735521173901 0.5037519714892531
outer loop
vertex 12100.010000000004 12500.020000000002 3999.970000000001
vertex 12107.680000000002 12422.020000000002 3999.970000000001
vertex 12222.600000000002 12444.770000000002 3800.030000000001
endloop
endfacet
facet normal 0.8597216412444871 0.08496072689944155 0.5036470733168253
outer loop
vertex 12100.010000000004 12500.020000000002 3999.970000000001
vertex 12222.600000000002 12444.770000000002 3800.030000000001
vertex 12217.140000000003 12500.020000000002 3800.030000000001
endloop
endfacet
facet normal 0.8267021909449156 0.25029910625495044 0.5038986454584387
outer loop
vertex 12107.680000000002 12422.020000000002 3999.970000000001
vertex 12130.430000000002 12346.880000000003 3999.970000000001
vertex 12238.720000000003 12391.730000000003 3800.030000000001
endloop
endfacet
facet normal 0.8265647114689063 0.2512108436817434 0.5036704178041733
outer loop
vertex 12107.680000000002 12422.020000000002 3999.970000000001
vertex 12238.720000000003 12391.730000000003 3800.030000000001
vertex 12222.600000000002 12444.770000000002 3800.030000000001
endloop
endfacet
facet normal 0.7619134903885065 0.4067357730645428 0.5040375423255612
outer loop
vertex 12130.430000000002 12346.880000000003 3999.970000000001
vertex 12167.350000000002 12277.720000000003 3999.970000000001
vertex 12264.850000000002 12342.850000000002 3800.030000000001
endloop
endfacet
facet normal 0.7617430928281085 0.4072084086660687 0.5039134572923368
outer loop
vertex 12130.430000000002 12346.880000000003 3999.970000000001
vertex 12264.850000000002 12342.850000000002 3800.030000000001
vertex 12238.720000000003 12391.730000000003 3800.030000000001
endloop
endfacet
facet normal 0.6686761758236048 0.5470986893102323 0.5035426457023727
outer loop
vertex 12217.140000000003 12217.140000000003 3999.970000000001
vertex 12299.950000000003 12299.950000000003 3800.030000000001
vertex 12264.850000000002 12342.850000000002 3800.030000000001
endloop
endfacet
facet normal 0.6672464876351769 0.5484021561465182 0.5040210311806143
outer loop
vertex 12217.140000000003 12217.140000000003 3999.970000000001
vertex 12264.850000000002 12342.850000000002 3800.030000000001
vertex 12167.350000000002 12277.720000000003 3999.970000000001
endloop
endfacet
facet normal 0.5468917706533455 0.668423275242965 0.5041028826590027
outer loop
vertex 12277.720000000003 12167.350000000002 3999.970000000001
vertex 12342.850000000002 12264.850000000002 3800.030000000001
vertex 12299.950000000003 12299.950000000003 3800.030000000001
endloop
endfacet
facet normal 0.5485488163271209 0.6674249305703227 0.5036250174081057
outer loop
vertex 12277.720000000003 12167.350000000002 3999.970000000001
vertex 12299.950000000003 12299.950000000003 3800.030000000001
vertex 12217.140000000003 12217.140000000003 3999.970000000001
endloop
endfacet
facet normal 0.4067357730645428 0.7619134903885066 0.5040375423255612
outer loop
vertex 12342.850000000002 12264.850000000002 3800.030000000001
vertex 12277.720000000003 12167.350000000002 3999.970000000001
vertex 12346.880000000003 12130.430000000002 3999.970000000001
endloop
endfacet
facet normal 0.4072084086660689 0.7617430928281085 0.5039134572923369
outer loop
vertex 12342.850000000002 12264.850000000002 3800.030000000001
vertex 12346.880000000003 12130.430000000002 3999.970000000001
vertex 12391.730000000003 12238.720000000003 3800.030000000001
endloop
endfacet
facet normal 0.2502991062549503 0.8267021909449156 0.5038986454584387
outer loop
vertex 12391.730000000003 12238.720000000003 3800.030000000001
vertex 12346.880000000003 12130.430000000002 3999.970000000001
vertex 12422.020000000002 12107.680000000002 3999.970000000001
endloop
endfacet
facet normal 0.2512108436817434 0.8265647114689063 0.5036704178041733
outer loop
vertex 12391.730000000003 12238.720000000003 3800.030000000001
vertex 12422.020000000002 12107.680000000002 3999.970000000001
vertex 12444.770000000002 12222.600000000002 3800.030000000001
endloop
endfacet
facet normal 0.08495369157592839 0.8596504504708413 0.5037697621859631
outer loop
vertex 12500.020000000002 12217.140000000003 3800.030000000001
vertex 12444.770000000002 12222.600000000002 3800.030000000001
vertex 12422.020000000002 12107.680000000002 3999.970000000001
endloop
endfacet
facet normal 0.08454231432183762 0.8597523490358314 0.5036650627316507
outer loop
vertex 12500.020000000002 12217.140000000003 3800.030000000001
vertex 12422.020000000002 12107.680000000002 3999.970000000001
vertex 12500.020000000002 12100.010000000004 3999.970000000001
endloop
endfacet
facet normal -0.08515965448712312 0.859706988155869 0.5036384891602292
outer loop
vertex 12555.140000000003 12222.600000000002 3800.030000000001
vertex 12500.020000000002 12217.140000000003 3800.030000000001
vertex 12500.020000000002 12100.010000000004 3999.970000000001
endloop
endfacet
facet normal -0.08453501441668539 0.8596781127122495 0.5037929871098602
outer loop
vertex 12555.140000000003 12222.600000000002 3800.030000000001
vertex 12500.020000000002 12100.010000000004 3999.970000000001
vertex 12578.020000000002 12107.680000000002 3999.970000000001
endloop
endfacet
facet normal -0.2511901763843375 0.8264967093935991 0.5037923030868555
outer loop
vertex 12608.180000000004 12238.720000000003 3800.030000000001
vertex 12555.140000000003 12222.600000000002 3800.030000000001
vertex 12578.020000000002 12107.680000000002 3999.970000000001
endloop
endfacet
facet normal -0.25069336642386797 0.8265718424375562 0.5039164864543052
outer loop
vertex 12608.180000000004 12238.720000000003 3800.030000000001
vertex 12578.020000000002 12107.680000000002 3999.970000000001
vertex 12653.030000000002 12130.430000000002 3999.970000000001
endloop
endfacet
facet normal -0.4063564397486317 0.7621710337573823 0.5039541240787893
outer loop
vertex 12657.190000000002 12264.850000000002 3800.030000000001
vertex 12608.180000000004 12238.720000000003 3800.030000000001
vertex 12653.030000000002 12130.430000000002 3999.970000000001
endloop
endfacet
facet normal -0.40678998615523454 0.7620150444879716 0.5038402317578646
outer loop
vertex 12657.190000000002 12264.850000000002 3800.030000000001
vertex 12653.030000000002 12130.430000000002 3999.970000000001
vertex 12722.190000000002 12167.350000000002 3999.970000000001
endloop
endfacet
facet normal -0.5479740835954446 0.6677165685292641 0.5038640568836373
outer loop
vertex 12782.900000000003 12217.140000000003 3999.970000000001
vertex 12699.960000000003 12299.950000000003 3800.030000000001
vertex 12657.190000000002 12264.850000000002 3800.030000000001
endloop
endfacet
facet normal -0.5477842223780874 0.6679248873382934 0.5037943931682468
outer loop
vertex 12782.900000000003 12217.140000000003 3999.970000000001
vertex 12657.190000000002 12264.850000000002 3800.030000000001
vertex 12722.190000000002 12167.350000000002 3999.970000000001
endloop
endfacet
facet normal -0.6676070597319906 0.5482470096586934 0.5037122494006937
outer loop
vertex 12832.560000000003 12277.720000000003 3999.970000000001
vertex 12735.190000000002 12342.850000000002 3800.030000000001
vertex 12699.960000000003 12299.950000000003 3800.030000000001
endloop
endfacet
facet normal -0.668002879170274 0.5475903430108245 0.5039017460393564
outer loop
vertex 12832.560000000003 12277.720000000003 3999.970000000001
vertex 12699.960000000003 12299.950000000003 3800.030000000001
vertex 12782.900000000003 12217.140000000003 3999.970000000001
endloop
endfacet
facet normal -0.7614803388546759 0.4079358958149978 0.5037221440867803
outer loop
vertex 12735.190000000002 12342.850000000002 3800.030000000001
vertex 12832.560000000003 12277.720000000003 3999.970000000001
vertex 12869.610000000002 12346.880000000003 3999.970000000001
endloop
endfacet
facet normal -0.7617430928280998 0.40720840866609265 0.5039134572923307
outer loop
vertex 12735.190000000002 12342.850000000002 3800.030000000001
vertex 12869.610000000002 12346.880000000003 3999.970000000001
vertex 12761.320000000003 12391.730000000003 3800.030000000001
endloop
endfacet
facet normal -0.8267021909449187 0.2502991062549512 0.503898645458433
outer loop
vertex 12761.320000000003 12391.730000000003 3800.030000000001
vertex 12869.610000000002 12346.880000000003 3999.970000000001
vertex 12892.360000000002 12422.020000000002 3999.970000000001
endloop
endfacet
facet normal -0.8265647114689135 0.25121084368171726 0.5036704178041744
outer loop
vertex 12761.320000000003 12391.730000000003 3800.030000000001
vertex 12892.360000000002 12422.020000000002 3999.970000000001
vertex 12777.440000000002 12444.770000000002 3800.030000000001
endloop
endfacet
facet normal -0.8596504504708378 0.08495369157595632 0.5037697621859644
outer loop
vertex 12782.900000000003 12500.020000000002 3800.030000000001
vertex 12777.440000000002 12444.770000000002 3800.030000000001
vertex 12892.360000000002 12422.020000000002 3999.970000000001
endloop
endfacet
facet normal -0.8597523490358299 0.08454231432185752 0.5036650627316497
outer loop
vertex 12782.900000000003 12500.020000000002 3800.030000000001
vertex 12892.360000000002 12422.020000000002 3999.970000000001
vertex 12900.030000000002 12500.020000000002 3999.970000000001
endloop
endfacet
facet normal 0 0 1
outer loop
vertex 12500.020000000002 12747.800000000003 3800.030000000001
vertex 12444.770000000002 12777.440000000002 3800.030000000001
vertex 12391.730000000003 12761.320000000003 3800.030000000001
endloop
endfacet
facet normal 0 0 1
outer loop
vertex 12500.020000000002 12747.800000000003 3800.030000000001
vertex 12391.730000000003 12761.320000000003 3800.030000000001
vertex 12342.850000000002 12735.190000000002 3800.030000000001
endloop
endfacet
facet normal 0 0 1
outer loop
vertex 12500.020000000002 12747.800000000003 3800.030000000001
vertex 12342.850000000002 12735.190000000002 3800.030000000001
vertex 12299.950000000003 12699.960000000003 3800.030000000001
endloop
endfacet
facet normal 0 0 1
outer loop
vertex 12500.020000000002 12747.800000000003 3800.030000000001
vertex 12299.950000000003 12699.960000000003 3800.030000000001
vertex 12699.960000000003 12699.960000000003 3800.030000000001
endloop
endfacet
facet normal 0 0 1
outer loop
vertex 12500.020000000002 12747.800000000003 3800.030000000001
vertex 12699.960000000003 12699.960000000003 3800.030000000001
vertex 12657.190000000002 12735.190000000002 3800.030000000001
endloop
endfacet
facet normal 0 0 1
outer loop
vertex 12500.020000000002 12747.800000000003 3800.030000000001
vertex 12657.190000000002 12735.190000000002 3800.030000000001
vertex 12608.180000000004 12761.320000000003 3800.030000000001
endloop
endfacet
facet normal 0 0 1
outer loop
vertex 12500.020000000002 12747.800000000003 3800.030000000001
vertex 12608.180000000004 12761.320000000003 3800.030000000001
vertex 12555.140000000003 12777.440000000002 3800.030000000001
endloop
endfacet
facet normal 0 0 1
outer loop
vertex 12500.020000000002 12747.800000000003 3800.030000000001
vertex 12555.140000000003 12777.440000000002 3800.030000000001
vertex 12500.020000000002 12782.900000000003 3800.030000000001
endloop
endfacet
facet normal 0 0 1
outer loop
vertex 12500.020000000002 12747.800000000003 3800.030000000001
vertex 12500.020000000002 12782.900000000003 3800.030000000001
vertex 12444.770000000002 12777.440000000002 3800.030000000001
endloop
endfacet
facet normal 0 0 1
outer loop
vertex 12747.800000000003 12500.020000000002 3800.030000000001
vertex 12699.960000000003 12299.950000000003 3800.030000000001
vertex 12735.190000000002 12342.850000000002 3800.030000000001
endloop
endfacet
facet normal 0 0 1
outer loop
vertex 12747.800000000003 12500.020000000002 3800.030000000001
vertex 12735.190000000002 12342.850000000002 3800.030000000001
vertex 12761.320000000003 12391.730000000003 3800.030000000001
endloop
endfacet
facet normal 0 0 1
outer loop
vertex 12747.800000000003 12500.020000000002 3800.030000000001
vertex 12761.320000000003 12391.730000000003 3800.030000000001
vertex 12777.440000000002 12444.770000000002 3800.030000000001
endloop
endfacet
facet normal 0 0 1
outer loop
vertex 12747.800000000003 12500.020000000002 3800.030000000001
vertex 12777.440000000002 12444.770000000002 3800.030000000001
vertex 12782.900000000003 12500.020000000002 3800.030000000001
endloop
endfacet
facet normal 0 0 1
outer loop
vertex 12747.800000000003 12500.020000000002 3800.030000000001
vertex 12782.900000000003 12500.020000000002 3800.030000000001
vertex 12777.440000000002 12555.140000000003 3800.030000000001
endloop
endfacet
facet normal 0 0 1
outer loop
vertex 12747.800000000003 12500.020000000002 3800.030000000001
vertex 12777.440000000002 12555.140000000003 3800.030000000001
vertex 12761.320000000003 12608.180000000004 3800.030000000001
endloop
endfacet
facet normal 0 0 1
outer loop
vertex 12747.800000000003 12500.020000000002 3800.030000000001
vertex 12761.320000000003 12608.180000000004 3800.030000000001
vertex 12735.190000000002 12657.190000000002 3800.030000000001
endloop
endfacet
facet normal 0 0 1
outer loop
vertex 12747.800000000003 12500.020000000002 3800.030000000001
vertex 12735.190000000002 12657.190000000002 3800.030000000001
vertex 12699.960000000003 12699.960000000003 3800.030000000001
endloop
endfacet
facet normal 0 0 1
outer loop
vertex 12747.800000000003 12500.020000000002 3800.030000000001
vertex 12699.960000000003 12699.960000000003 3800.030000000001
vertex 12699.960000000003 12299.950000000003 3800.030000000001
endloop
endfacet
facet normal 0 0 1
outer loop
vertex 12252.110000000002 12500.020000000002 3800.030000000001
vertex 12264.850000000002 12657.190000000002 3800.030000000001
vertex 12238.720000000003 12608.180000000004 3800.030000000001
endloop
endfacet
facet normal 0 0 1
outer loop
vertex 12252.110000000002 12500.020000000002 3800.030000000001
vertex 12238.720000000003 12608.180000000004 3800.030000000001
vertex 12222.600000000002 12555.140000000003 3800.030000000001
endloop
endfacet
facet normal 0 0 1
outer loop
vertex 12252.110000000002 12500.020000000002 3800.030000000001
vertex 12222.600000000002 12555.140000000003 3800.030000000001
vertex 12217.140000000003 12500.020000000002 3800.030000000001
endloop
endfacet
facet normal 0 0 1
outer loop
vertex 12252.110000000002 12500.020000000002 3800.030000000001
vertex 12217.140000000003 12500.020000000002 3800.030000000001
vertex 12222.600000000002 12444.770000000002 3800.030000000001
endloop
endfacet
facet normal 0 0 1
outer loop
vertex 12252.110000000002 12500.020000000002 3800.030000000001
vertex 12222.600000000002 12444.770000000002 3800.030000000001
vertex 12238.720000000003 12391.730000000003 3800.030000000001
endloop
endfacet
facet normal 0 0 0.9999999999999999
outer loop
vertex 12252.110000000002 12500.020000000002 3800.030000000001
vertex 12238.720000000003 12391.730000000003 3800.030000000001
vertex 12264.850000000002 12342.850000000002 3800.030000000001
endloop
endfacet
facet normal 0 0 0.9999999999999999
outer loop
vertex 12252.110000000002 12500.020000000002 3800.030000000001
vertex 12264.850000000002 12342.850000000002 3800.030000000001
vertex 12299.950000000003 12299.950000000003 3800.030000000001
endloop
endfacet
facet normal 0 0 1
outer loop
vertex 12252.110000000002 12500.020000000002 3800.030000000001
vertex 12299.950000000003 12299.950000000003 3800.030000000001
vertex 12299.950000000003 12699.960000000003 3800.030000000001
endloop
endfacet
facet normal 0 0 1
outer loop
vertex 12252.110000000002 12500.020000000002 3800.030000000001
vertex 12299.950000000003 12699.960000000003 3800.030000000001
vertex 12264.850000000002 12657.190000000002 3800.030000000001
endloop
endfacet
facet normal 0 0 0.9999999999999999
outer loop
vertex 12500.020000000002 12252.110000000002 3800.030000000001
vertex 12299.950000000003 12299.950000000003 3800.030000000001
vertex 12342.850000000002 12264.850000000002 3800.030000000001
endloop
endfacet
facet normal 0 0 0.9999999999999999
outer loop
vertex 12500.020000000002 12252.110000000002 3800.030000000001
vertex 12342.850000000002 12264.850000000002 3800.030000000001
vertex 12391.730000000003 12238.720000000003 3800.030000000001
endloop
endfacet
facet normal 0 0 1
outer loop
vertex 12500.020000000002 12252.110000000002 3800.030000000001
vertex 12391.730000000003 12238.720000000003 3800.030000000001
vertex 12444.770000000002 12222.600000000002 3800.030000000001
endloop
endfacet
facet normal 0 0 1
outer loop
vertex 12500.020000000002 12252.110000000002 3800.030000000001
vertex 12444.770000000002 12222.600000000002 3800.030000000001
vertex 12500.020000000002 12217.140000000003 3800.030000000001
endloop
endfacet
facet normal 0 0 1
outer loop
vertex 12500.020000000002 12252.110000000002 3800.030000000001
vertex 12500.020000000002 12217.140000000003 3800.030000000001
vertex 12555.140000000003 12222.600000000002 3800.030000000001
endloop
endfacet
facet normal 0 0 1
outer loop
vertex 12500.020000000002 12252.110000000002 3800.030000000001
vertex 12555.140000000003 12222.600000000002 3800.030000000001
vertex 12608.180000000004 12238.720000000003 3800.030000000001
endloop
endfacet
facet normal 0 0 1
outer loop
vertex 12500.020000000002 12252.110000000002 3800.030000000001
vertex 12608.180000000004 12238.720000000003 3800.030000000001
vertex 12657.190000000002 12264.850000000002 3800.030000000001
endloop
endfacet
facet normal 0 0 1
outer loop
vertex 12500.020000000002 12252.110000000002 3800.030000000001
vertex 12657.190000000002 12264.850000000002 3800.030000000001
vertex 12699.960000000003 12299.950000000003 3800.030000000001
endloop
endfacet
facet normal 0 0 1
outer loop
vertex 12500.020000000002 12252.110000000002 3800.030000000001
vertex 12699.960000000003 12299.950000000003 3800.030000000001
vertex 12299.950000000003 12299.950000000003 3800.030000000001
endloop
endfacet
endsolid JSCAD
