solid JSCAD
facet normal -1 0 0
outer loop
vertex 0 9191.65 1320.67
vertex 0 6784.7 0
vertex 0 6748.56 0
endloop
endfacet
facet normal -1 0 0
outer loop
vertex 0 9191.65 1320.67
vertex 0 6748.56 0
vertex 0 0 0
endloop
endfacet
facet normal -1 0 0
outer loop
vertex 0 9191.65 1320.67
vertex 0 0 0
vertex 0 0 3999.9700000000003
endloop
endfacet
facet normal -1 0 0
outer loop
vertex 0 9191.65 1320.67
vertex 0 0 3999.9700000000003
vertex 0 15000.050000000001 3999.9700000000003
endloop
endfacet
facet normal -1 0 0
outer loop
vertex 0 9191.65 1320.67
vertex 0 15000.050000000001 3999.9700000000003
vertex 0 15000.050000000001 1283.1000000000001
endloop
endfacet
facet normal -1 0 0
outer loop
vertex 0 9191.65 1320.67
vertex 0 15000.050000000001 1283.1000000000001
vertex 0 15000.050000000001 1282.32
endloop
endfacet
facet normal -1 0 0
outer loop
vertex 0 9191.65 1320.67
vertex 0 15000.050000000001 1282.32
vertex 0 15000.050000000001 0
endloop
endfacet
facet normal -1 0 0
outer loop
vertex 0 9191.65 1320.67
vertex 0 15000.050000000001 0
vertex 0 6784.7 0
endloop
endfacet
facet normal 0.09066550334544646 -0.9958814018260993 0
outer loop
vertex 6019.26 11501.75 449.41
vertex 6199.18 11518.130000000001 400.01
vertex 6199.18 11518.130000000001 400.14
endloop
endfacet
facet normal 0.09066550334544292 -0.9958814018260999 0
outer loop
vertex 6019.26 11501.75 449.41
vertex 6199.18 11518.130000000001 400.14
vertex 6199.18 11518.130000000001 400.27000000000004
endloop
endfacet
facet normal 0.09066550334544463 -0.9958814018260995 0
outer loop
vertex 6019.26 11501.75 449.41
vertex 6199.18 11518.130000000001 400.27000000000004
vertex 6199.18 11518.130000000001 400.92
endloop
endfacet
facet normal 0.09066550334544546 -0.9958814018260994 0
outer loop
vertex 6019.26 11501.75 449.41
vertex 6199.18 11518.130000000001 400.92
vertex 6199.18 11518.130000000001 405.34000000000003
endloop
endfacet
facet normal 0.09066550334544518 -0.9958814018260995 0
outer loop
vertex 6019.26 11501.75 449.41
vertex 6199.18 11518.130000000001 405.34000000000003
vertex 6199.18 11518.130000000001 407.68
endloop
endfacet
facet normal 0.09066550334544515 -0.9958814018260995 0
outer loop
vertex 6019.26 11501.75 449.41
vertex 6199.18 11518.130000000001 407.68
vertex 6199.18 11518.130000000001 410.54
endloop
endfacet
facet normal 0.0906655033454453 -0.9958814018260994 0
outer loop
vertex 6019.26 11501.75 449.41
vertex 6199.18 11518.130000000001 410.54
vertex 6199.18 11518.130000000001 416.52000000000004
endloop
endfacet
facet normal 0.09066550334544528 -0.9958814018260994 0
outer loop
vertex 6019.26 11501.75 449.41
vertex 6199.18 11518.130000000001 416.52000000000004
vertex 6199.18 11518.130000000001 425.75
endloop
endfacet
facet normal 0.0906655033454453 -0.9958814018260995 0
outer loop
vertex 6019.26 11501.75 449.41
vertex 6199.18 11518.130000000001 425.75
vertex 6199.18 11518.130000000001 441.09000000000003
endloop
endfacet
facet normal 0.09066550334544529 -0.9958814018260996 0
outer loop
vertex 6019.26 11501.75 449.41
vertex 6199.18 11518.130000000001 441.09000000000003
vertex 6199.18 11518.130000000001 446.68
endloop
endfacet
facet normal 0.09066550334544535 -0.9958814018260995 0
outer loop
vertex 6019.26 11501.75 449.41
vertex 6199.18 11518.130000000001 446.68
vertex 6199.18 11518.130000000001 447.2
endloop
endfacet
facet normal 0.09066550334544515 -0.9958814018260995 0
outer loop
vertex 6019.26 11501.75 449.41
vertex 6199.18 11518.130000000001 447.2
vertex 6199.18 11518.130000000001 447.33000000000004
endloop
endfacet
facet normal 0.0906655033454453 -0.9958814018260995 0
outer loop
vertex 6019.26 11501.75 449.41
vertex 6199.18 11518.130000000001 447.33000000000004
vertex 6199.18 11518.130000000001 448.89000000000004
endloop
endfacet
facet normal 0.09066550334544528 -0.9958814018260994 0
outer loop
vertex 6019.26 11501.75 449.41
vertex 6199.18 11518.130000000001 448.89000000000004
vertex 6199.18 11518.130000000001 450.71000000000004
endloop
endfacet
facet normal 0.09066550334544529 -0.9958814018260995 0
outer loop
vertex 6019.26 11501.75 449.41
vertex 6199.18 11518.130000000001 450.71000000000004
vertex 6199.18 11518.130000000001 453.44
endloop
endfacet
facet normal 0.09066550334544529 -0.9958814018260995 0
outer loop
vertex 6019.26 11501.75 449.41
vertex 6199.18 11518.130000000001 453.44
vertex 6199.18 11518.130000000001 800.02
endloop
endfacet
facet normal 0.09068227320494149 -0.995879874910169 -0.00000867700294770789
outer loop
vertex 6019.26 11501.75 449.41
vertex 6199.18 11518.130000000001 800.02
vertex 5800.860000000001 11481.86 800.02
endloop
endfacet
facet normal 0.09069608832318277 -0.9958786168820343 0
outer loop
vertex 6019.26 11501.75 449.41
vertex 5800.860000000001 11481.86 800.02
vertex 5800.860000000001 11481.86 453.44
endloop
endfacet
facet normal 0.09069608832318275 -0.9958786168820342 0
outer loop
vertex 6019.26 11501.75 449.41
vertex 5800.860000000001 11481.86 453.44
vertex 5800.860000000001 11481.86 447.46000000000004
endloop
endfacet
facet normal 0.09069608832318267 -0.9958786168820343 0
outer loop
vertex 6019.26 11501.75 449.41
vertex 5800.860000000001 11481.86 447.46000000000004
vertex 5800.860000000001 11481.86 447.33000000000004
endloop
endfacet
facet normal 0.09069608832318274 -0.9958786168820342 0
outer loop
vertex 6019.26 11501.75 449.41
vertex 5800.860000000001 11481.86 447.33000000000004
vertex 5800.860000000001 11481.86 441.74
endloop
endfacet
facet normal 0.09069608832318277 -0.9958786168820342 0
outer loop
vertex 6019.26 11501.75 449.41
vertex 5800.860000000001 11481.86 441.74
vertex 5800.860000000001 11481.86 435.76
endloop
endfacet
facet normal 0.09069608832318271 -0.9958786168820342 0
outer loop
vertex 6019.26 11501.75 449.41
vertex 5800.860000000001 11481.86 435.76
vertex 5800.860000000001 11481.86 431.08000000000004
endloop
endfacet
facet normal 0.09069608832318264 -0.9958786168820343 0
outer loop
vertex 6019.26 11501.75 449.41
vertex 5800.860000000001 11481.86 431.08000000000004
vertex 5800.860000000001 11481.86 430.56
endloop
endfacet
facet normal 0.09069608832318285 -0.9958786168820342 0
outer loop
vertex 6019.26 11501.75 449.41
vertex 5800.860000000001 11481.86 430.56
vertex 5800.860000000001 11481.86 425.75
endloop
endfacet
facet normal 0.09069608832318272 -0.9958786168820342 0
outer loop
vertex 6019.26 11501.75 449.41
vertex 5800.860000000001 11481.86 425.75
vertex 5800.860000000001 11481.86 407.68
endloop
endfacet
facet normal 0.0906960883231829 -0.9958786168820342 0
outer loop
vertex 6019.26 11501.75 449.41
vertex 5800.860000000001 11481.86 407.68
vertex 5800.860000000001 11481.86 405.34000000000003
endloop
endfacet
facet normal 0.09069608832318271 -0.9958786168820342 0
outer loop
vertex 6019.26 11501.75 449.41
vertex 5800.860000000001 11481.86 405.34000000000003
vertex 5800.860000000001 11481.86 400.92
endloop
endfacet
facet normal 0.09069608832318246 -0.9958786168820343 0
outer loop
vertex 6019.26 11501.75 449.41
vertex 5800.860000000001 11481.86 400.92
vertex 5800.860000000001 11481.86 400.27000000000004
endloop
endfacet
facet normal 0.09069608832318343 -0.9958786168820342 0
outer loop
vertex 6019.26 11501.75 449.41
vertex 5800.860000000001 11481.86 400.27000000000004
vertex 5800.860000000001 11481.86 400.01
endloop
endfacet
facet normal 0.09068227303639555 -0.9958798730591845 0.0000615838865959801
outer loop
vertex 6019.26 11501.75 449.41
vertex 5800.860000000001 11481.86 400.01
vertex 6199.18 11518.130000000001 400.01
endloop
endfacet
facet normal 0.9958943158971433 0.09052349183525174 -0.00009481410202810217
outer loop
vertex 6169.150000000001 7430.54 1929.72
vertex 6068.66 8535.41 1289.21
vertex 6050.59 8734.57 1635.66
endloop
endfacet
facet normal 0.9958943158971433 0.09052349183525228 -0.00009481410202578785
outer loop
vertex 6169.150000000001 7430.54 1929.72
vertex 6050.59 8734.57 1635.66
vertex 6151.08 7629.7 2276.17
endloop
endfacet
facet normal 0.9958720793535445 0.09035653983690636 0.008631180263983466
outer loop
vertex 6064.24 8584.16 1133.8600000000001
vertex 6028.1 8982.48 1133.8600000000001
vertex 6065.93 8565.31 1136.2
endloop
endfacet
facet normal 0.9958690680588465 0.09068128916070976 0.004658656432544825
outer loop
vertex 6064.24 8584.16 1133.8600000000001
vertex 6062.55 8602.880000000001 1130.74
vertex 6026.280000000001 9001.2 1130.74
endloop
endfacet
facet normal 0.995160859450004 0.09029201009370003 -0.03875844078350719
outer loop
vertex 6064.24 8584.16 1133.8600000000001
vertex 6026.280000000001 9001.2 1130.74
vertex 6028.1 8982.48 1133.8600000000001
endloop
endfacet
facet normal 0.9958945325153971 0.09035857703631726 -0.005422883173246746
outer loop
vertex 6060.860000000001 8621.470000000001 1126.71
vertex 6059.17 8639.800000000001 1121.77
vertex 6023.030000000001 9038.12 1121.77
endloop
endfacet
facet normal 0.9956391656688097 0.0906603548373373 0.021985264316911824
outer loop
vertex 6060.860000000001 8621.470000000001 1126.71
vertex 6023.030000000001 9038.12 1121.77
vertex 6024.59 9019.79 1126.71
endloop
endfacet
facet normal 0.9957786179499344 0.09064346962741787 0.014446641395901785
outer loop
vertex 6057.610000000001 8657.87 1115.92
vertex 6021.34 9056.32 1115.92
vertex 6059.17 8639.800000000001 1121.77
endloop
endfacet
facet normal 0.9958293772474132 0.09064809013116612 -0.01033320698531102
outer loop
vertex 6057.610000000001 8657.87 1115.92
vertex 6055.92 8675.68 1109.29
vertex 6019.650000000001 9074.130000000001 1109.29
endloop
endfacet
facet normal 0.9958293772474146 0.09064809013116892 -0.010333206985142314
outer loop
vertex 6057.610000000001 8657.87 1115.92
vertex 6019.650000000001 9074.130000000001 1109.29
vertex 6021.34 9056.32 1115.92
endloop
endfacet
facet normal 0.9958672934013757 0.09068112756494325 0.005026632766452136
outer loop
vertex 6055.92 8675.68 1109.29
vertex 6054.360000000001 8693.23 1101.75
vertex 6018.09 9091.550000000001 1101.75
endloop
endfacet
facet normal 0.9958768076578498 0.09065240761387797 0.003394843592456272
outer loop
vertex 6055.92 8675.68 1109.29
vertex 6018.09 9091.550000000001 1101.75
vertex 6019.650000000001 9074.130000000001 1109.29
endloop
endfacet
facet normal 0.9958818615767563 0.09065286766065608 -0.001172760552777197
outer loop
vertex 6052.8 8710.26 1093.43
vertex 6016.530000000001 9108.710000000001 1093.43
vertex 6054.360000000001 8693.23 1101.75
endloop
endfacet
facet normal 0.9959006101511816 0.0903591284667181 -0.004147602107187403
outer loop
vertex 6051.24 8727.03 1084.2
vertex 6015.1 9125.35 1084.2
vertex 6052.8 8710.26 1093.43
endloop
endfacet
facet normal 0.995893206467704 0.09053574604251816 0
outer loop
vertex 5916.17 10213.45 800.02
vertex 5916.17 10213.45 453.44
vertex 5800.860000000001 11481.86 453.44
endloop
endfacet
facet normal 0.995893206467704 0.09053574604251816 0
outer loop
vertex 5916.17 10213.45 800.02
vertex 5800.860000000001 11481.86 453.44
vertex 5800.860000000001 11481.86 800.02
endloop
endfacet
facet normal 0.9584755711766797 0.08698550048891023 -0.27158442916012543
outer loop
vertex 5952.4400000000005 9814.61 453.7
vertex 5950.75 9832.42 453.44
vertex 5916.17 10213.45 453.44
endloop
endfacet
facet normal 0.9798943831547694 0.08922667522851964 0.1784533504571942
outer loop
vertex 5952.4400000000005 9814.61 453.7
vertex 5916.17 10213.45 453.44
vertex 5916.17 10212.93 453.7
endloop
endfacet
facet normal 0.9958449877400279 0.09053136252182034 0.009840365491499827
outer loop
vertex 5950.75 9832.42 453.44
vertex 5916.17 10213.45 447.46000000000004
vertex 5800.860000000001 11481.86 447.46000000000004
endloop
endfacet
facet normal 0.9958964226917677 0.09050036060558035 0
outer loop
vertex 5950.75 9832.42 453.44
vertex 5800.860000000001 11481.86 447.46000000000004
vertex 5800.860000000001 11481.86 453.44
endloop
endfacet
facet normal 0.9958932064677039 0.09053574604251814 0
outer loop
vertex 5916.17 10213.45 447.46000000000004
vertex 5916.17 10213.45 447.33000000000004
vertex 5800.860000000001 11481.86 447.33000000000004
endloop
endfacet
facet normal 0.9958932064677039 0.09053574604251814 0
outer loop
vertex 5916.17 10213.45 447.46000000000004
vertex 5800.860000000001 11481.86 447.33000000000004
vertex 5800.860000000001 11481.86 447.46000000000004
endloop
endfacet
facet normal 0.9958909990496589 0.09053554536815042 -0.0021054777993765052
outer loop
vertex 5951.400000000001 9826.050000000001 447.33000000000004
vertex 5916.17 10213.45 441.74
vertex 5800.860000000001 11481.86 441.74
endloop
endfacet
facet normal 0.9958925655497769 0.09054279586296944 0
outer loop
vertex 5951.400000000001 9826.050000000001 447.33000000000004
vertex 5800.860000000001 11481.86 441.74
vertex 5800.860000000001 11481.86 447.33000000000004
endloop
endfacet
facet normal 0.9958831597816025 0.09064619166523696 0
outer loop
vertex 5877.6900000000005 10636.210000000001 438.75
vertex 5916.17 10213.45 441.74
vertex 5916.17 10213.45 441.35
endloop
endfacet
facet normal 0.9958831597816028 0.09064619166523707 0
outer loop
vertex 5877.6900000000005 10636.210000000001 438.75
vertex 5916.17 10213.45 441.35
vertex 5916.17 10213.45 436.15000000000003
endloop
endfacet
facet normal 0.9958831597816026 0.09064619166523694 0
outer loop
vertex 5877.6900000000005 10636.210000000001 438.75
vertex 5916.17 10213.45 436.15000000000003
vertex 5916.17 10213.45 435.76
endloop
endfacet
facet normal 0.9957697805082579 0.09052452550075032 0.01574339573916393
outer loop
vertex 5877.6900000000005 10636.210000000001 438.75
vertex 5916.17 10213.45 435.76
vertex 5800.860000000001 11481.86 435.76
endloop
endfacet
facet normal 0.9958982245221039 0.09048053046772685 0
outer loop
vertex 5877.6900000000005 10636.210000000001 438.75
vertex 5800.860000000001 11481.86 435.76
vertex 5800.860000000001 11481.86 441.74
endloop
endfacet
facet normal 0.9957697805082579 0.09052452550075032 -0.01574339573916393
outer loop
vertex 5877.6900000000005 10636.210000000001 438.75
vertex 5800.860000000001 11481.86 441.74
vertex 5916.17 10213.45 441.74
endloop
endfacet
facet normal 0.9957798500042497 0.09052544090947685 0.01508757348478985
outer loop
vertex 5949.1900000000005 9849.45 435.76
vertex 5916.17 10213.45 431.08000000000004
vertex 5800.860000000001 11481.86 431.08000000000004
endloop
endfacet
facet normal 0.9958971060408961 0.09049284048679318 0
outer loop
vertex 5949.1900000000005 9849.45 435.76
vertex 5800.860000000001 11481.86 431.08000000000004
vertex 5800.860000000001 11481.86 435.76
endloop
endfacet
facet normal 0.9958932064677037 0.09053574604251813 0
outer loop
vertex 5916.17 10213.45 431.08000000000004
vertex 5916.17 10213.45 430.56
vertex 5800.860000000001 11481.86 430.56
endloop
endfacet
facet normal 0.9958932064677037 0.09053574604251813 0
outer loop
vertex 5916.17 10213.45 431.08000000000004
vertex 5800.860000000001 11481.86 430.56
vertex 5800.860000000001 11481.86 431.08000000000004
endloop
endfacet
facet normal 0.9958217027664708 0.09047802068624304 -0.012363821091652379
outer loop
vertex 5948.150000000001 9861.41 430.56
vertex 5946.9800000000005 9873.630000000001 425.75
vertex 5800.860000000001 11481.86 425.75
endloop
endfacet
facet normal 0.9958945161219825 0.0905213386896274 0
outer loop
vertex 5948.150000000001 9861.41 430.56
vertex 5800.860000000001 11481.86 425.75
vertex 5800.860000000001 11481.86 430.56
endloop
endfacet
facet normal 0.9958807099305769 0.09067292779739192 0.00017819320653824727
outer loop
vertex 6154.2 7594.6 439.27000000000004
vertex 6155.89 7576.01 453.7
vertex 6160.4400000000005 7526.09 426.40000000000003
endloop
endfacet
facet normal 0.9959395082046253 0.08992832621221444 0.004170388686769154
outer loop
vertex 6154.2 7594.6 439.27000000000004
vertex 6160.4400000000005 7526.09 426.40000000000003
vertex 6155.63 7579.39 425.75
endloop
endfacet
facet normal 0.995118911651532 0.09852478088407737 -0.005587416685269223
outer loop
vertex 6154.2 7594.6 439.27000000000004
vertex 6155.63 7579.39 425.75
vertex 6154.46 7591.4800000000005 430.56
endloop
endfacet
facet normal 0.9962781489100554 0.08618911703716378 -0.0011340673294040998
outer loop
vertex 6154.2 7594.6 439.27000000000004
vertex 6154.46 7591.4800000000005 430.56
vertex 6153.42 7603.570000000001 435.76
endloop
endfacet
facet normal 0.9961629725884753 0.08748957735905906 0.0022149260091239185
outer loop
vertex 6154.2 7594.6 439.27000000000004
vertex 6153.42 7603.570000000001 435.76
vertex 6152.38 7615.27 441.35
endloop
endfacet
facet normal 0.9959778805626573 0.0847785053253683 0.028994248821335708
outer loop
vertex 6154.2 7594.6 439.27000000000004
vertex 6152.38 7615.27 441.35
vertex 6151.21 7626.97 447.33000000000004
endloop
endfacet
facet normal 0.9956415328071173 0.09314304035599894 -0.0047235773238969055
outer loop
vertex 6154.2 7594.6 439.27000000000004
vertex 6151.21 7626.97 447.33000000000004
vertex 6150.17 7638.41 453.7
endloop
endfacet
facet normal 0.995824434239391 0.09128390647194878 0.0009719007240792
outer loop
vertex 6154.2 7594.6 439.27000000000004
vertex 6150.17 7638.41 453.7
vertex 6155.89 7576.01 453.7
endloop
endfacet
facet normal 0.9957406740559499 0.09219821056073996 -8.861325023324364e-14
outer loop
vertex 6160.570000000001 7524.92 425.75
vertex 6161.22 7517.900000000001 421.85
vertex 6156.67 7567.04 421.33000000000004
endloop
endfacet
facet normal 0.9957507158789569 0.09030674750215771 -0.018033390755113666
outer loop
vertex 6160.570000000001 7524.92 425.75
vertex 6156.67 7567.04 421.33000000000004
vertex 6155.63 7579.39 425.75
endloop
endfacet
facet normal 0.9957928899027857 0.08932361470889306 -0.02044045680496916
outer loop
vertex 6162 7509.58 417.3
vertex 6162.52 7502.95 413.66
vertex 6159.01 7542.08 413.66
endloop
endfacet
facet normal 0.9957728689203698 0.0918291982866003 0.0019472709458301985
outer loop
vertex 6162 7509.58 417.3
vertex 6159.01 7542.08 413.66
vertex 6157.84 7554.6900000000005 417.3
endloop
endfacet
facet normal 0.9808886502918572 0.08701431575168764 -0.17402863150322306
outer loop
vertex 6163.04 7497.1 410.54
vertex 6160.18 7529.34 410.54
vertex 6163.04 7497.62 410.8
endloop
endfacet
facet normal 0.9958969708693266 0.09049432807253449 0
outer loop
vertex 5890.56 10495.29 415.48
vertex 5916.17 10213.45 425.75
vertex 5916.17 10213.45 421.33000000000004
endloop
endfacet
facet normal 0.9958969708693267 0.09049432807253448 0
outer loop
vertex 5890.56 10495.29 415.48
vertex 5916.17 10213.45 421.33000000000004
vertex 5916.17 10213.45 417.3
endloop
endfacet
facet normal 0.9958969708693267 0.09049432807253449 0
outer loop
vertex 5890.56 10495.29 415.48
vertex 5916.17 10213.45 417.3
vertex 5916.17 10213.45 414.44
endloop
endfacet
facet normal 0.9958969708693267 0.09049432807253449 0
outer loop
vertex 5890.56 10495.29 415.48
vertex 5916.17 10213.45 414.44
vertex 5916.17 10213.45 410.54
endloop
endfacet
facet normal 0.9958969708693267 0.09049432807253448 0
outer loop
vertex 5890.56 10495.29 415.48
vertex 5916.17 10213.45 410.54
vertex 5916.17 10213.45 408.46000000000004
endloop
endfacet
facet normal 0.9958969708693266 0.09049432807253441 0
outer loop
vertex 5890.56 10495.29 415.48
vertex 5916.17 10213.45 408.46000000000004
vertex 5916.17 10213.45 407.68
endloop
endfacet
facet normal 0.995892072711436 0.09053564297376653 -0.0015089273829255398
outer loop
vertex 5890.56 10495.29 415.48
vertex 5916.17 10213.45 407.68
vertex 5800.860000000001 11481.86 407.68
endloop
endfacet
facet normal 0.995892130755006 0.09054757810264238 0
outer loop
vertex 5890.56 10495.29 415.48
vertex 5800.860000000001 11481.86 407.68
vertex 5800.860000000001 11481.86 425.75
endloop
endfacet
facet normal 0.9958925524818819 0.09053568658926162 0.001146021349253516
outer loop
vertex 5890.56 10495.29 415.48
vertex 5800.860000000001 11481.86 425.75
vertex 5916.17 10213.45 425.75
endloop
endfacet
facet normal 0.9958918180574308 0.09055097785899599 0.0000844691956922142
outer loop
vertex 5941.39 9936.29 407.68
vertex 5940.22 9949.16 405.34000000000003
vertex 5800.860000000001 11481.86 405.34000000000003
endloop
endfacet
facet normal 0.9958918331429855 0.09055085134389483 0
outer loop
vertex 5941.39 9936.29 407.68
vertex 5800.860000000001 11481.86 405.34000000000003
vertex 5800.860000000001 11481.86 407.68
endloop
endfacet
facet normal 0.9959397734122768 0.08979784842237626 0.006349342817544664
outer loop
vertex 6163.56 7492.030000000001 407.68
vertex 6163.95 7487.87 405.34000000000003
vertex 6162.52 7503.7300000000005 405.34000000000003
endloop
endfacet
facet normal 0.9959653132074058 0.08958418161125067 0.005269657741859382
outer loop
vertex 6163.56 7492.030000000001 407.68
vertex 6162.52 7503.7300000000005 405.34000000000003
vertex 6161.35 7516.6 407.68
endloop
endfacet
facet normal 0.9958831597816027 0.09064619166523717 0
outer loop
vertex 5887.31 10530.52 403.13
vertex 5916.17 10213.45 405.34000000000003
vertex 5916.17 10213.45 404.17
endloop
endfacet
facet normal 0.9958831597816027 0.0906461916652372 0
outer loop
vertex 5887.31 10530.52 403.13
vertex 5916.17 10213.45 404.17
vertex 5916.17 10213.45 403.39
endloop
endfacet
facet normal 0.9958831597816027 0.0906461916652372 0
outer loop
vertex 5887.31 10530.52 403.13
vertex 5916.17 10213.45 403.39
vertex 5916.17 10213.45 402.48
endloop
endfacet
facet normal 0.9958831597816027 0.09064619166523717 0
outer loop
vertex 5887.31 10530.52 403.13
vertex 5916.17 10213.45 402.48
vertex 5916.17 10213.45 401.96000000000004
endloop
endfacet
facet normal 0.9958831597816026 0.0906461916652372 0
outer loop
vertex 5887.31 10530.52 403.13
vertex 5916.17 10213.45 401.96000000000004
vertex 5916.17 10213.45 400.92
endloop
endfacet
facet normal 0.9957661243404434 0.0905241931218581 0.015974857609661143
outer loop
vertex 5887.31 10530.52 403.13
vertex 5916.17 10213.45 400.92
vertex 5800.860000000001 11481.86 400.92
endloop
endfacet
facet normal 0.9958965522289701 0.09049893512329373 0
outer loop
vertex 5887.31 10530.52 403.13
vertex 5800.860000000001 11481.86 400.92
vertex 5800.860000000001 11481.86 405.34000000000003
endloop
endfacet
facet normal 0.9957661243404435 0.0905241931218581 -0.01597485760966073
outer loop
vertex 5887.31 10530.52 403.13
vertex 5800.860000000001 11481.86 405.34000000000003
vertex 5916.17 10213.45 405.34000000000003
endloop
endfacet
facet normal 0.9957475789982195 0.09048276946998693 0.017309747202832626
outer loop
vertex 5936.58 9988.16 400.92
vertex 5935.41 10001.16 400.27000000000004
vertex 5800.860000000001 11481.86 400.27000000000004
endloop
endfacet
facet normal 0.995897468076114 0.09048885610717645 0
outer loop
vertex 5936.58 9988.16 400.92
vertex 5800.860000000001 11481.86 400.27000000000004
vertex 5800.860000000001 11481.86 400.92
endloop
endfacet
facet normal 0.9958890224558685 0.090581758383764 0
outer loop
vertex 5870.02 10720.84 400.14
vertex 5916.17 10213.45 400.27000000000004
vertex 5916.17 10213.45 400.14
endloop
endfacet
facet normal 0.9958890224558685 0.090581758383764 0
outer loop
vertex 5870.02 10720.84 400.14
vertex 5916.17 10213.45 400.14
vertex 5916.17 10213.45 400.01
endloop
endfacet
facet normal 0.97995788701237 0.0890870806374878 0.17817416127413324
outer loop
vertex 5870.02 10720.84 400.14
vertex 5916.17 10213.45 400.01
vertex 5800.860000000001 11481.86 400.01
endloop
endfacet
facet normal 0.9958959948855057 0.09050506820619876 0
outer loop
vertex 5870.02 10720.84 400.14
vertex 5800.860000000001 11481.86 400.01
vertex 5800.860000000001 11481.86 400.27000000000004
endloop
endfacet
facet normal 0.9799578870123836 0.08908708063748903 -0.1781741612740578
outer loop
vertex 5870.02 10720.84 400.14
vertex 5800.860000000001 11481.86 400.27000000000004
vertex 5916.17 10213.45 400.27000000000004
endloop
endfacet
facet normal 0.9958943158971434 0.09052349183525223 0.0000948141020257523
outer loop
vertex 6052.02 8718.32 354.64
vertex 6033.95 8917.48 8.19
vertex 5933.46 10022.35 648.7
endloop
endfacet
facet normal 0.9958875647842689 0.09059747576230981 -0.00023599482249070302
outer loop
vertex 6052.02 8718.32 354.64
vertex 5933.46 10022.35 648.7
vertex 5951.66 9823.19 995.15
endloop
endfacet
facet normal -0.9958943158971433 -0.09052349183525228 0.00009481410202578785
outer loop
vertex 6448.91 8770.84 1635.66
vertex 6466.9800000000005 8571.68 1289.21
vertex 6567.47 7466.81 1929.72
endloop
endfacet
facet normal -0.9958943158971433 -0.09052349183525174 0.00009481410202810217
outer loop
vertex 6448.91 8770.84 1635.66
vertex 6567.47 7466.81 1929.72
vertex 6549.400000000001 7665.97 2276.17
endloop
endfacet
facet normal -0.9958713346758565 -0.0906622524877243 -0.004543208643751677
outer loop
vertex 6440.59 8863.14 1133.08
vertex 6426.42 9018.75 1133.8600000000001
vertex 6424.7300000000005 9037.470000000001 1130.74
endloop
endfacet
facet normal -0.995743583638802 -0.09034488128315322 0.018235077956759986
outer loop
vertex 6440.59 8863.14 1133.08
vertex 6424.7300000000005 9037.470000000001 1130.74
vertex 6460.87 8639.15 1130.74
endloop
endfacet
facet normal -0.9959185184971596 -0.090117916986983 -0.005006550943522866
outer loop
vertex 6440.59 8863.14 1133.08
vertex 6460.87 8639.15 1130.74
vertex 6462.56 8620.300000000001 1133.8600000000001
endloop
endfacet
facet normal -0.995476280350919 -0.09015810516552304 -0.029974844981434993
outer loop
vertex 6440.59 8863.14 1133.08
vertex 6462.56 8620.300000000001 1133.8600000000001
vertex 6428.110000000001 8999.9 1136.2
endloop
endfacet
facet normal -0.9958259531009656 -0.09062655890105255 -0.010839647240912442
outer loop
vertex 6440.59 8863.14 1133.08
vertex 6428.110000000001 8999.9 1136.2
vertex 6426.42 9018.75 1133.8600000000001
endloop
endfacet
facet normal -0.9959113758686572 -0.09033062397764764 0.0009538276610967177
outer loop
vertex 6424.7300000000005 9037.470000000001 1130.74
vertex 6423.04 9056.06 1126.71
vertex 6459.18 8657.61 1126.71
endloop
endfacet
facet normal -0.9959022384716284 -0.09035927620597492 0.0037326412541619025
outer loop
vertex 6424.7300000000005 9037.470000000001 1130.74
vertex 6459.18 8657.61 1126.71
vertex 6460.87 8639.15 1130.74
endloop
endfacet
facet normal -0.9958945325153981 -0.09035857703631738 0.005422883173063373
outer loop
vertex 6423.04 9056.06 1126.71
vertex 6421.35 9074.39 1121.77
vertex 6457.49 8676.07 1121.77
endloop
endfacet
facet normal -0.9959068715020788 -0.09033021542498569 0.0031552299785152197
outer loop
vertex 6423.04 9056.06 1126.71
vertex 6457.49 8676.07 1121.77
vertex 6459.18 8657.61 1126.71
endloop
endfacet
facet normal -0.9958630043568375 -0.09045352971454808 -0.008662304286560056
outer loop
vertex 6433.83 8936.59 1114.49
vertex 6419.66 9092.460000000001 1115.92
vertex 6418.1 9110.27 1109.29
endloop
endfacet
facet normal -0.9958946799628471 -0.09035859041438227 -0.00539551295284363
outer loop
vertex 6433.83 8936.59 1114.49
vertex 6418.1 9110.27 1109.29
vertex 6454.24 8711.95 1109.29
endloop
endfacet
facet normal -0.9958253120033425 -0.09071235829686121 0.010159528811302884
outer loop
vertex 6433.83 8936.59 1114.49
vertex 6454.24 8711.95 1109.29
vertex 6455.93 8694.14 1115.92
endloop
endfacet
facet normal -0.9958273013789513 -0.09071377725567514 0.009949695689985235
outer loop
vertex 6433.83 8936.59 1114.49
vertex 6455.93 8694.14 1115.92
vertex 6421.35 9074.39 1121.77
endloop
endfacet
facet normal -0.995856236276279 -0.09060417923586415 0.007825559062430024
outer loop
vertex 6433.83 8936.59 1114.49
vertex 6421.35 9074.39 1121.77
vertex 6419.66 9092.460000000001 1115.92
endloop
endfacet
facet normal -0.9959030380195154 -0.09032986772248892 -0.004201649763762923
outer loop
vertex 6416.54 9127.82 1101.75
vertex 6452.68 8729.37 1101.75
vertex 6418.1 9110.27 1109.29
endloop
endfacet
facet normal -0.9958867892750884 -0.09045428973924187 0.005246371615233599
outer loop
vertex 6429.150000000001 8988.720000000001 1091.3500000000001
vertex 6414.9800000000005 9144.85 1093.43
vertex 6413.42 9161.49 1084.2
endloop
endfacet
facet normal -0.9958798365341784 -0.09068226971052197 -0.0002777495389733066
outer loop
vertex 6429.150000000001 8988.720000000001 1091.3500000000001
vertex 6413.42 9161.49 1084.2
vertex 6449.6900000000005 8763.17 1084.2
endloop
endfacet
facet normal -0.9958662016988233 -0.09041371551303418 -0.00871024460543175
outer loop
vertex 6429.150000000001 8988.720000000001 1091.3500000000001
vertex 6449.6900000000005 8763.17 1084.2
vertex 6451.12 8746.53 1093.43
endloop
endfacet
facet normal -0.9959110126115277 -0.09033684871256985 0.0007132487390758224
outer loop
vertex 6429.150000000001 8988.720000000001 1091.3500000000001
vertex 6451.12 8746.53 1093.43
vertex 6416.54 9127.82 1101.75
endloop
endfacet
facet normal -0.9959033760278154 -0.09040824973869532 0.0016774968212553436
outer loop
vertex 6429.150000000001 8988.720000000001 1091.3500000000001
vertex 6416.54 9127.82 1101.75
vertex 6414.9800000000005 9144.85 1093.43
endloop
endfacet
facet normal -0.9918102601116284 -0.09031170449449996 -0.09031170449394711
outer loop
vertex 6314.49 10249.2 453.7
vertex 6314.49 10249.33 453.57
vertex 6350.76 9851.01 453.57
endloop
endfacet
facet normal -0.9799071078040514 -0.08919872204806954 -0.17839744409629396
outer loop
vertex 6314.49 10249.2 453.7
vertex 6350.76 9851.01 453.57
vertex 6350.76 9850.75 453.7
endloop
endfacet
facet normal -0.9830783046227967 -0.08192319205197136 -0.16384638410408597
outer loop
vertex 6314.49 10249.33 453.57
vertex 6314.49 10249.59 453.44
vertex 6315.01 10243.35 453.44
endloop
endfacet
facet normal -0.8187160216241809 -0.0835424511862244 0.5680886680665886
outer loop
vertex 6314.49 10249.33 453.57
vertex 6315.01 10243.35 453.44
vertex 6315.14 10242.960000000001 453.57
endloop
endfacet
facet normal -0.9958940429763202 -0.09052654397622377 0
outer loop
vertex 6199.18 11518.130000000001 800.02
vertex 6199.18 11518.130000000001 453.44
vertex 6314.49 10249.59 453.44
endloop
endfacet
facet normal -0.9958940429763202 -0.09052654397622377 0
outer loop
vertex 6199.18 11518.130000000001 800.02
vertex 6314.49 10249.59 453.44
vertex 6314.49 10249.59 800.02
endloop
endfacet
facet normal -0.9904721482356359 -0.08891503627167804 -0.10516196980986371
outer loop
vertex 6548.62 7674.55 453.7
vertex 6554.47 7610.46 452.79
vertex 6554.21 7612.280000000001 453.7
endloop
endfacet
facet normal -0.9958940429763202 -0.09052654397622378 0
outer loop
vertex 6199.18 11518.130000000001 453.44
vertex 6199.18 11518.130000000001 450.71000000000004
vertex 6314.49 10249.59 450.71000000000004
endloop
endfacet
facet normal -0.9957511219968479 -0.0904766724147655 -0.01713694228179771
outer loop
vertex 6199.18 11518.130000000001 453.44
vertex 6314.49 10249.59 450.71000000000004
vertex 6315.01 10243.35 453.44
endloop
endfacet
facet normal -0.995884230546522 -0.09059526655754958 -0.0026640244234124697
outer loop
vertex 6315.530000000001 10238.02 453.57
vertex 6314.49 10249.59 448.89000000000004
vertex 6349.9800000000005 9859.460000000001 448.89000000000004
endloop
endfacet
facet normal -0.9958682018950947 -0.0906855788688064 0.004759226771256675
outer loop
vertex 6315.530000000001 10238.02 453.57
vertex 6349.9800000000005 9859.460000000001 448.89000000000004
vertex 6350.76 9851.140000000001 453.57
endloop
endfacet
facet normal -0.9958940429763201 -0.09052654397622377 0
outer loop
vertex 6199.18 11518.130000000001 450.71000000000004
vertex 6199.18 11518.130000000001 448.89000000000004
vertex 6314.49 10249.59 448.89000000000004
endloop
endfacet
facet normal -0.9958940429763201 -0.09052654397622377 0
outer loop
vertex 6199.18 11518.130000000001 450.71000000000004
vertex 6314.49 10249.59 448.89000000000004
vertex 6314.49 10249.59 450.71000000000004
endloop
endfacet
facet normal -0.9958978262273053 -0.09048491429916931 0
outer loop
vertex 6282.64 10599.550000000001 447.98
vertex 6199.18 11518.130000000001 448.89000000000004
vertex 6199.18 11518.130000000001 447.33000000000004
endloop
endfacet
facet normal -0.9932912602672936 -0.09029920547884507 -0.0722393643832851
outer loop
vertex 6282.64 10599.550000000001 447.98
vertex 6199.18 11518.130000000001 447.33000000000004
vertex 6315.400000000001 10239.710000000001 447.33000000000004
endloop
endfacet
facet normal -0.9932912602672508 -0.0902992054788401 -0.07223936438387923
outer loop
vertex 6282.64 10599.550000000001 447.98
vertex 6315.400000000001 10239.710000000001 447.33000000000004
vertex 6349.72 9862.19 447.33000000000004
endloop
endfacet
facet normal -0.9958594331441405 -0.09060306303979754 0.007421211871215334
outer loop
vertex 6282.64 10599.550000000001 447.98
vertex 6349.72 9862.19 447.33000000000004
vertex 6349.9800000000005 9859.460000000001 448.89000000000004
endloop
endfacet
facet normal -0.9941697192489747 -0.0903861489402627 0.05879552200774956
outer loop
vertex 6282.64 10599.550000000001 447.98
vertex 6349.9800000000005 9859.460000000001 448.89000000000004
vertex 6199.18 11518.130000000001 448.89000000000004
endloop
endfacet
facet normal -0.9958898841161031 -0.09057228447607295 0
outer loop
vertex 6199.18 11518.130000000001 447.33000000000004
vertex 6199.18 11518.130000000001 447.2
vertex 6315.400000000001 10240.23 447.2
endloop
endfacet
facet normal -0.9363821838349315 -0.08512565307590306 -0.3405026123026449
outer loop
vertex 6199.18 11518.130000000001 447.33000000000004
vertex 6315.400000000001 10240.23 447.2
vertex 6315.400000000001 10239.710000000001 447.33000000000004
endloop
endfacet
facet normal -0.8113007797506657 -0.07726674092869489 0.5795005569645467
outer loop
vertex 6314.62 10248.42 447.2
vertex 6315.27 10240.62 447.07
vertex 6315.400000000001 10240.23 447.2
endloop
endfacet
facet normal -0.9958940429763202 -0.09052654397622377 0
outer loop
vertex 6199.18 11518.130000000001 447.2
vertex 6199.18 11518.130000000001 446.68
vertex 6314.49 10249.59 446.68
endloop
endfacet
facet normal -0.9948744935150511 -0.09045239584738013 0.04520073272237395
outer loop
vertex 6199.18 11518.130000000001 447.2
vertex 6314.49 10249.59 446.68
vertex 6314.62 10248.42 447.2
endloop
endfacet
facet normal -0.9958116519102566 -0.09043419507815971 -0.013446571322512736
outer loop
vertex 6316.4400000000005 10228.01 447.33000000000004
vertex 6314.62 10248.94 441.35
vertex 6348.68 9873.890000000001 441.35
endloop
endfacet
facet normal -0.9958791859728011 -0.09059881720292656 -0.0040621752278648575
outer loop
vertex 6316.4400000000005 10228.01 447.33000000000004
vertex 6348.68 9873.890000000001 441.35
vertex 6349.72 9862.19 447.33000000000004
endloop
endfacet
facet normal -0.9958973880317505 -0.09048973705087775 0
outer loop
vertex 6268.34 10756.98 443.43
vertex 6199.18 11518.130000000001 446.68
vertex 6199.18 11518.130000000001 441.09000000000003
endloop
endfacet
facet normal -0.9958214914366591 -0.09051994905762577 -0.01207046044990512
outer loop
vertex 6268.34 10756.98 443.43
vertex 6199.18 11518.130000000001 441.09000000000003
vertex 6314.49 10249.59 441.09000000000003
endloop
endfacet
facet normal -0.9958890224558685 -0.09058175838376403 0
outer loop
vertex 6268.34 10756.98 443.43
vertex 6314.49 10249.59 441.09000000000003
vertex 6314.49 10249.59 441.35
endloop
endfacet
facet normal -0.9958890224558685 -0.09058175838376402 0
outer loop
vertex 6268.34 10756.98 443.43
vertex 6314.49 10249.59 441.35
vertex 6314.49 10249.59 446.68
endloop
endfacet
facet normal -0.995856430278741 -0.09052312499049384 0.008691036442131192
outer loop
vertex 6268.34 10756.98 443.43
vertex 6314.49 10249.59 446.68
vertex 6199.18 11518.130000000001 446.68
endloop
endfacet
facet normal -0.9957858936012988 -0.09052599032739989 0.01467989032337898
outer loop
vertex 6552.91 7627.75 430.56
vertex 6553.95 7615.530000000001 425.75
vertex 6558.89 7561.1900000000005 425.75
endloop
endfacet
facet normal -0.9959842412603412 -0.08952667337172943 0.000604909955291964
outer loop
vertex 6552.91 7627.75 430.56
vertex 6558.89 7561.1900000000005 425.75
vertex 6558.110000000001 7569.900000000001 430.56
endloop
endfacet
facet normal -0.9958983983026447 -0.09047861768521262 0
outer loop
vertex 6292 10496.460000000001 433.29
vertex 6199.18 11518.130000000001 441.09000000000003
vertex 6199.18 11518.130000000001 425.75
endloop
endfacet
facet normal -0.9958333721259897 -0.09055225861960377 -0.010778841267444786
outer loop
vertex 6292 10496.460000000001 433.29
vertex 6199.18 11518.130000000001 425.75
vertex 6345.43 9909.77 425.75
endloop
endfacet
facet normal -0.995818299362742 -0.09053208742168863 -0.012241560413931929
outer loop
vertex 6292 10496.460000000001 433.29
vertex 6345.43 9909.77 425.75
vertex 6346.47 9897.68 430.56
endloop
endfacet
facet normal -0.9957611880769314 -0.09065356969209117 0.015543057025529114
outer loop
vertex 6292 10496.460000000001 433.29
vertex 6346.47 9897.68 430.56
vertex 6347.64 9885.720000000001 435.76
endloop
endfacet
facet normal -0.9958757835289169 -0.09072716496227909 -0.00007292854779305287
outer loop
vertex 6292 10496.460000000001 433.29
vertex 6347.64 9885.720000000001 435.76
vertex 6314.49 10249.59 441.09000000000003
endloop
endfacet
facet normal -0.9958740953340405 -0.09052473074003785 0.006329246957581335
outer loop
vertex 6292 10496.460000000001 433.29
vertex 6314.49 10249.59 441.09000000000003
vertex 6199.18 11518.130000000001 441.09000000000003
endloop
endfacet
facet normal -0.9958973880317504 -0.09048973705087772 0
outer loop
vertex 6268.34 10756.98 421.2
vertex 6199.18 11518.130000000001 425.75
vertex 6199.18 11518.130000000001 416.52000000000004
endloop
endfacet
facet normal -0.9958759036047793 -0.09052489511144035 -0.0060355599928521965
outer loop
vertex 6268.34 10756.98 421.2
vertex 6199.18 11518.130000000001 416.52000000000004
vertex 6314.49 10249.59 416.52000000000004
endloop
endfacet
facet normal -0.9958890224558685 -0.09058175838376402 0
outer loop
vertex 6268.34 10756.98 421.2
vertex 6314.49 10249.59 416.52000000000004
vertex 6314.49 10249.59 421.33000000000004
endloop
endfacet
facet normal -0.9958890224558684 -0.090581758383764 0
outer loop
vertex 6268.34 10756.98 421.2
vertex 6314.49 10249.59 421.33000000000004
vertex 6314.49 10249.59 425.75
endloop
endfacet
facet normal -0.9958748522920009 -0.09052479954734581 0.006207998010494332
outer loop
vertex 6268.34 10756.98 421.2
vertex 6314.49 10249.59 425.75
vertex 6199.18 11518.130000000001 425.75
endloop
endfacet
facet normal -0.9958944128630127 -0.0905224747133833 0
outer loop
vertex 6279.13 10638.550000000001 413.53000000000003
vertex 6199.18 11518.130000000001 416.52000000000004
vertex 6199.18 11518.130000000001 410.54
endloop
endfacet
facet normal -0.9958351992645229 -0.09055312982383647 -0.01060125393031598
outer loop
vertex 6279.13 10638.550000000001 413.53000000000003
vertex 6199.18 11518.130000000001 410.54
vertex 6340.88 9959.82 410.54
endloop
endfacet
facet normal -0.9958797382546238 -0.09061898212516199 0.003427391501102149
outer loop
vertex 6279.13 10638.550000000001 413.53000000000003
vertex 6340.88 9959.82 410.54
vertex 6342.05 9947.08 413.66
endloop
endfacet
facet normal -0.9958212121927827 -0.0906164344079234 -0.011347914437959501
outer loop
vertex 6279.13 10638.550000000001 413.53000000000003
vertex 6342.05 9947.08 413.66
vertex 6314.49 10249.59 416.52000000000004
endloop
endfacet
facet normal -0.9958933175898649 -0.0905264780387585 0.0012069605423734326
outer loop
vertex 6279.13 10638.550000000001 413.53000000000003
vertex 6314.49 10249.59 416.52000000000004
vertex 6199.18 11518.130000000001 416.52000000000004
endloop
endfacet
facet normal -0.9958973880317507 -0.09048973705087775 0
outer loop
vertex 6268.34 10756.98 409.24
vertex 6199.18 11518.130000000001 410.54
vertex 6199.18 11518.130000000001 407.68
endloop
endfacet
facet normal -0.9957308243060555 -0.09051170743589533 -0.018104042195651895
outer loop
vertex 6268.34 10756.98 409.24
vertex 6199.18 11518.130000000001 407.68
vertex 6314.49 10249.59 407.68
endloop
endfacet
facet normal -0.9958890224558686 -0.090581758383764 0
outer loop
vertex 6268.34 10756.98 409.24
vertex 6314.49 10249.59 407.68
vertex 6314.49 10249.59 409.76
endloop
endfacet
facet normal -0.9958890224558686 -0.09058175838376403 0
outer loop
vertex 6268.34 10756.98 409.24
vertex 6314.49 10249.59 409.76
vertex 6314.49 10249.59 410.54
endloop
endfacet
facet normal -0.9956590335100564 -0.09050518166872468 0.021723284303518726
outer loop
vertex 6268.34 10756.98 409.24
vertex 6314.49 10249.59 410.54
vertex 6199.18 11518.130000000001 410.54
endloop
endfacet
facet normal -0.9959922311723945 -0.08907247595852617 -0.008097497814338455
outer loop
vertex 6559.67 7552.87 407.68
vertex 6560.84 7540 405.34000000000003
vertex 6562.27 7524.01 405.34000000000003
endloop
endfacet
facet normal -0.9959776055471139 -0.08958528727143605 -0.0017565742603603306
outer loop
vertex 6559.67 7552.87 407.68
vertex 6562.27 7524.01 405.34000000000003
vertex 6561.88 7528.3 407.68
endloop
endfacet
facet normal -0.9958918216102972 -0.09055097818203864 0
outer loop
vertex 6199.18 11518.130000000001 407.68
vertex 6199.18 11518.130000000001 405.34000000000003
vertex 6338.54 9985.43 405.34000000000003
endloop
endfacet
facet normal -0.9958918296490422 -0.09055085102621008 -0.00008376581963134552
outer loop
vertex 6199.18 11518.130000000001 407.68
vertex 6338.54 9985.43 405.34000000000003
vertex 6339.71 9972.56 407.68
endloop
endfacet
facet normal -0.9958885204741431 -0.09058727718516602 0
outer loop
vertex 6281.6 10612.03 403.13
vertex 6199.18 11518.130000000001 405.34000000000003
vertex 6199.18 11518.130000000001 400.92
endloop
endfacet
facet normal -0.9955803153676089 -0.0904980262073237 0.025098663412836036
outer loop
vertex 6281.6 10612.03 403.13
vertex 6199.18 11518.130000000001 400.92
vertex 6314.49 10249.59 400.92
endloop
endfacet
facet normal -0.9959078332950541 -0.09037470653645766 0
outer loop
vertex 6281.6 10612.03 403.13
vertex 6314.49 10249.59 400.92
vertex 6314.49 10249.59 401.96000000000004
endloop
endfacet
facet normal -0.9959078332950542 -0.09037470653645763 0
outer loop
vertex 6281.6 10612.03 403.13
vertex 6314.49 10249.59 401.96000000000004
vertex 6314.49 10249.59 402.87
endloop
endfacet
facet normal -0.9959078332950541 -0.09037470653645761 0
outer loop
vertex 6281.6 10612.03 403.13
vertex 6314.49 10249.59 402.87
vertex 6314.49 10249.59 404.69
endloop
endfacet
facet normal -0.9959078332950541 -0.09037470653645764 0
outer loop
vertex 6281.6 10612.03 403.13
vertex 6314.49 10249.59 404.69
vertex 6314.49 10249.59 405.34000000000003
endloop
endfacet
facet normal -0.9955803153676089 -0.0904980262073237 -0.02509866341283539
outer loop
vertex 6281.6 10612.03 403.13
vertex 6314.49 10249.59 405.34000000000003
vertex 6199.18 11518.130000000001 405.34000000000003
endloop
endfacet
facet normal -0.9958967891329333 -0.09049632807309806 0
outer loop
vertex 6199.18 11518.130000000001 400.92
vertex 6199.18 11518.130000000001 400.27000000000004
vertex 6333.7300000000005 10037.43 400.27000000000004
endloop
endfacet
facet normal -0.983023176026532 -0.08939685135738654 0.1602299546342551
outer loop
vertex 6199.18 11518.130000000001 400.92
vertex 6333.7300000000005 10037.43 400.27000000000004
vertex 6335.030000000001 10024.300000000001 400.92
endloop
endfacet
facet normal -0.9958940429763201 -0.09052654397622377 0
outer loop
vertex 6199.18 11518.130000000001 400.27000000000004
vertex 6199.18 11518.130000000001 400.14
vertex 6314.49 10249.59 400.14
endloop
endfacet
facet normal -0.9958940429763201 -0.09052654397622377 0
outer loop
vertex 6199.18 11518.130000000001 400.27000000000004
vertex 6314.49 10249.59 400.14
vertex 6314.49 10249.59 400.27000000000004
endloop
endfacet
facet normal -0.9958960981058074 -0.09050393238764913 0
outer loop
vertex 6199.18 11518.130000000001 400.14
vertex 6199.18 11518.130000000001 400.01
vertex 6332.56 10050.43 400.01
endloop
endfacet
facet normal -0.9644580343347692 -0.08766901787814468 0.2492686167799603
outer loop
vertex 6199.18 11518.130000000001 400.14
vertex 6332.56 10050.43 400.01
vertex 6314.49 10249.59 400.14
endloop
endfacet
facet normal -0.9958875647842689 -0.09059747576230981 0.00023599482249070302
outer loop
vertex 6331.91 10058.62 648.7
vertex 6432.27 8953.75 8.19
vertex 6450.47 8754.59 354.64
endloop
endfacet
facet normal -0.9958943158971433 -0.09052349183525223 -0.00009481410202575233
outer loop
vertex 6331.91 10058.62 648.7
vertex 6450.47 8754.59 354.64
vertex 6349.9800000000005 9859.460000000001 995.15
endloop
endfacet
facet normal 0 0 1
outer loop
vertex 5800.860000000001 11481.86 400.01
vertex 5934.24 10014.29 400.01
vertex 6332.56 10050.43 400.01
endloop
endfacet
facet normal 0 0 1
outer loop
vertex 5800.860000000001 11481.86 400.01
vertex 6332.56 10050.43 400.01
vertex 6199.18 11518.130000000001 400.01
endloop
endfacet
facet normal 0 0 -1
outer loop
vertex 6199.18 11518.130000000001 800.02
vertex 6314.49 10249.59 800.02
vertex 5916.17 10213.45 800.02
endloop
endfacet
facet normal 0 0 -0.9999999999999999
outer loop
vertex 6199.18 11518.130000000001 800.02
vertex 5916.17 10213.45 800.02
vertex 5800.860000000001 11481.86 800.02
endloop
endfacet
facet normal -0.0017818989284082301 0.019639346462744296 0.9998055415463175
outer loop
vertex 6332.56 10050.43 400.01
vertex 5934.24 10014.29 400.01
vertex 5935.41 10001.16 400.27000000000004
endloop
endfacet
facet normal -0.001805987256874661 0.019833494462594636 0.9998016657854847
outer loop
vertex 6332.56 10050.43 400.01
vertex 5935.41 10001.16 400.27000000000004
vertex 6333.7300000000005 10037.43 400.27000000000004
endloop
endfacet
facet normal -0.004510274705524383 0.04953219246496976 0.9987623437693743
outer loop
vertex 6333.7300000000005 10037.43 400.27000000000004
vertex 5935.41 10001.16 400.27000000000004
vertex 5936.58 9988.16 400.92
endloop
endfacet
facet normal -0.004444816534947538 0.04900490172522937 0.9987886479195043
outer loop
vertex 6333.7300000000005 10037.43 400.27000000000004
vertex 5936.58 9988.16 400.92
vertex 6335.030000000001 10024.300000000001 400.92
endloop
endfacet
facet normal -0.007174626107764428 0.07910154323847936 0.996840744852208
outer loop
vertex 6335.030000000001 10024.300000000001 400.92
vertex 5936.58 9988.16 400.92
vertex 5937.75 9975.16 401.96000000000004
endloop
endfacet
facet normal -0.00717462610776449 0.07910154323847986 0.9968407448522079
outer loop
vertex 6335.030000000001 10024.300000000001 400.92
vertex 5937.75 9975.16 401.96000000000004
vertex 6336.2 10011.300000000001 401.96000000000004
endloop
endfacet
facet normal -0.009837513406469241 0.10846035464326322 0.9940520986349936
outer loop
vertex 6336.2 10011.300000000001 401.96000000000004
vertex 5937.75 9975.16 401.96000000000004
vertex 5938.92 9962.16 403.39
endloop
endfacet
facet normal -0.009837513406469236 0.1084603546432632 0.9940520986349936
outer loop
vertex 6336.2 10011.300000000001 401.96000000000004
vertex 5938.92 9962.16 403.39
vertex 6337.37 9998.300000000001 403.39
endloop
endfacet
facet normal -0.01333519814586868 0.14702295797512982 0.9890431852647557
outer loop
vertex 6337.37 9998.300000000001 403.39
vertex 5938.92 9962.16 403.39
vertex 5940.22 9949.16 405.34000000000003
endloop
endfacet
facet normal -0.013530147440659578 0.14858914608666818 0.9888064526364443
outer loop
vertex 6337.37 9998.300000000001 403.39
vertex 5940.22 9949.16 405.34000000000003
vertex 6338.54 9985.43 405.34000000000003
endloop
endfacet
facet normal -0.01615723814073912 0.17744006330904666 0.9839989672700602
outer loop
vertex 6338.54 9985.43 405.34000000000003
vertex 5940.22 9949.16 405.34000000000003
vertex 5941.39 9936.29 407.68
endloop
endfacet
facet normal -0.016157238140736118 0.17744006330902265 0.9839989672700644
outer loop
vertex 6338.54 9985.43 405.34000000000003
vertex 5941.39 9936.29 407.68
vertex 6339.71 9972.56 407.68
endloop
endfacet
facet normal -0.019801011348161698 0.21745626799559037 0.9758691979251215
outer loop
vertex 6339.71 9972.56 407.68
vertex 5941.39 9936.29 407.68
vertex 5942.43 9923.550000000001 410.54
endloop
endfacet
facet normal -0.019777233260281597 0.21726602130023429 0.9759120539438655
outer loop
vertex 6339.71 9972.56 407.68
vertex 5942.43 9923.550000000001 410.54
vertex 6340.88 9959.82 410.54
endloop
endfacet
facet normal -0.02168529051869243 0.2382272954831355 0.9709673031888926
outer loop
vertex 6340.88 9959.82 410.54
vertex 5942.43 9923.550000000001 410.54
vertex 5943.6 9910.94 413.66
endloop
endfacet
facet normal -0.021401877085092228 0.23595954412161405 0.9715271757368162
outer loop
vertex 6340.88 9959.82 410.54
vertex 5943.6 9910.94 413.66
vertex 6342.05 9947.08 413.66
endloop
endfacet
facet normal -0.02495308887681773 0.2751122928325451 0.9610882215946285
outer loop
vertex 6342.05 9947.08 413.66
vertex 5943.6 9910.94 413.66
vertex 5944.77 9898.33 417.3
endloop
endfacet
facet normal -0.025310858868418787 0.2779658479313053 0.9602574382982793
outer loop
vertex 6342.05 9947.08 413.66
vertex 5944.77 9898.33 417.3
vertex 6343.09 9934.6 417.3
endloop
endfacet
facet normal -0.027755825448903357 0.3048166637112502 0.9520065208167393
outer loop
vertex 6343.09 9934.6 417.3
vertex 5944.77 9898.33 417.3
vertex 5945.9400000000005 9885.85 421.33000000000004
endloop
endfacet
facet normal -0.027755825448903353 0.3048166637112501 0.9520065208167394
outer loop
vertex 6343.09 9934.6 417.3
vertex 5945.9400000000005 9885.85 421.33000000000004
vertex 6344.26 9922.12 421.33000000000004
endloop
endfacet
facet normal -0.030746478729011515 0.33766025385552 0.9407657556543989
outer loop
vertex 6344.26 9922.12 421.33000000000004
vertex 5945.9400000000005 9885.85 421.33000000000004
vertex 5946.9800000000005 9873.630000000001 425.75
endloop
endfacet
facet normal -0.030318045761812386 0.3342619074099151 0.9419924592882206
outer loop
vertex 6344.26 9922.12 421.33000000000004
vertex 5946.9800000000005 9873.630000000001 425.75
vertex 6345.43 9909.77 425.75
endloop
endfacet
facet normal -0.032954777028635654 0.3633323438588844 0.9310765761080031
outer loop
vertex 6345.43 9909.77 425.75
vertex 5946.9800000000005 9873.630000000001 425.75
vertex 5948.150000000001 9861.41 430.56
endloop
endfacet
facet normal -0.033416076876756316 0.3669779912200002 0.9296292377966069
outer loop
vertex 6345.43 9909.77 425.75
vertex 5948.150000000001 9861.41 430.56
vertex 6346.47 9897.68 430.56
endloop
endfacet
facet normal -0.0360432189650849 0.3958294727921818 0.9176164312149704
outer loop
vertex 6346.47 9897.68 430.56
vertex 5948.150000000001 9861.41 430.56
vertex 5949.1900000000005 9849.45 435.76
endloop
endfacet
facet normal -0.0360017917647914 0.3955035546920583 0.9177585789387483
outer loop
vertex 6346.47 9897.68 430.56
vertex 5949.1900000000005 9849.45 435.76
vertex 6347.64 9885.720000000001 435.76
endloop
endfacet
facet normal -0.038576870240954055 0.42379249924201684 0.9049374247253883
outer loop
vertex 6347.64 9885.720000000001 435.76
vertex 5949.1900000000005 9849.45 435.76
vertex 5950.360000000001 9837.62 441.35
endloop
endfacet
facet normal -0.03862071147763463 0.42413569880813984 0.9047747507758448
outer loop
vertex 6347.64 9885.720000000001 435.76
vertex 5950.360000000001 9837.62 441.35
vertex 6348.68 9873.890000000001 441.35
endloop
endfacet
facet normal -0.041504795239500875 0.4558089340997457 0.8891094238433088
outer loop
vertex 6348.68 9873.890000000001 441.35
vertex 5950.360000000001 9837.62 441.35
vertex 5951.400000000001 9826.050000000001 447.33000000000004
endloop
endfacet
facet normal -0.04099563513281999 0.4518367843415913 0.8911581667784384
outer loop
vertex 6348.68 9873.890000000001 441.35
vertex 5951.400000000001 9826.050000000001 447.33000000000004
vertex 6349.72 9862.19 447.33000000000004
endloop
endfacet
facet normal -0.04382079499344255 0.4829745174816908 0.8745372224150729
outer loop
vertex 6349.72 9862.19 447.33000000000004
vertex 5951.400000000001 9826.050000000001 447.33000000000004
vertex 5952.4400000000005 9814.61 453.7
endloop
endfacet
facet normal -0.043820794993442554 0.48297451748169085 0.8745372224150727
outer loop
vertex 6349.72 9862.19 447.33000000000004
vertex 5952.4400000000005 9814.61 453.7
vertex 6350.76 9850.75 453.7
endloop
endfacet
facet normal 0 0 -1
outer loop
vertex 6350.76 9850.75 453.7
vertex 5952.4400000000005 9814.61 453.7
vertex 5916.17 10212.93 453.7
endloop
endfacet
facet normal 0 0 -1
outer loop
vertex 6350.76 9850.75 453.7
vertex 5916.17 10212.93 453.7
vertex 6314.49 10249.2 453.7
endloop
endfacet
facet normal 0 0 -1
outer loop
vertex 6554.21 7612.280000000001 453.7
vertex 6155.89 7576.01 453.7
vertex 6150.17 7638.41 453.7
endloop
endfacet
facet normal 0 0 -1
outer loop
vertex 6554.21 7612.280000000001 453.7
vertex 6150.17 7638.41 453.7
vertex 6548.62 7674.55 453.7
endloop
endfacet
facet normal 0.9931185933670118 0.09010671310575417 -0.07480801936961638
outer loop
vertex 6067.75 8546.33 1137.5
vertex 6065.93 8565.31 1136.2
vertex 6029.79 8963.630000000001 1136.2
endloop
endfacet
facet normal 0.9954521677324734 0.09064332728373259 0.0293047602899904
outer loop
vertex 6067.75 8546.33 1137.5
vertex 6029.79 8963.630000000001 1136.2
vertex 6031.4800000000005 8944.65 1137.5
endloop
endfacet
facet normal 0.9958796436791371 0.09068225214963536 0.0006815061152336981
outer loop
vertex 6062.55 8602.880000000001 1130.74
vertex 6060.860000000001 8621.470000000001 1126.71
vertex 6024.59 9019.79 1126.71
endloop
endfacet
facet normal 0.9958796436791374 0.09068225214963313 0.0006815061149986891
outer loop
vertex 6062.55 8602.880000000001 1130.74
vertex 6024.59 9019.79 1126.71
vertex 6026.280000000001 9001.2 1130.74
endloop
endfacet
facet normal 0.9958875689187671 0.09035794522174052 -0.0065872458867771485
outer loop
vertex 6059.17 8639.800000000001 1121.77
vertex 6021.34 9056.32 1115.92
vertex 6023.030000000001 9038.12 1121.77
endloop
endfacet
facet normal 0.9958798287142548 0.09068226899845933 0.0003047119254590322
outer loop
vertex 6054.360000000001 8693.23 1101.75
vertex 6016.530000000001 9108.710000000001 1093.43
vertex 6018.09 9091.550000000001 1101.75
endloop
endfacet
facet normal 0.9958904667378314 0.09056587801542156 0
outer loop
vertex 5951.400000000001 9826.050000000001 447.33000000000004
vertex 5916.17 10213.45 447.33000000000004
vertex 5916.17 10213.45 447.46000000000004
endloop
endfacet
facet normal 0.9958904669076283 0.09056585973253925 0.00005452900414413892
outer loop
vertex 5951.400000000001 9826.050000000001 447.33000000000004
vertex 5916.17 10213.45 447.46000000000004
vertex 5952.4400000000005 9814.61 453.7
endloop
endfacet
facet normal 0.9958875573406197 0.09059786495350637 0
outer loop
vertex 5950.360000000001 9837.62 441.35
vertex 5916.17 10213.45 441.35
vertex 5916.17 10213.45 441.74
endloop
endfacet
facet normal 0.9958855875834818 0.09059552199715688 0.002085146893025752
outer loop
vertex 5950.360000000001 9837.62 441.35
vertex 5916.17 10213.45 441.74
vertex 5951.400000000001 9826.050000000001 447.33000000000004
endloop
endfacet
facet normal 0.9959106804553092 0.09034332601273282 0
outer loop
vertex 5949.1900000000005 9849.45 435.76
vertex 5916.17 10213.45 435.76
vertex 5916.17 10213.45 436.15000000000003
endloop
endfacet
facet normal 0.9957614701248956 0.09034823312918074 -0.01721311665974921
outer loop
vertex 5949.1900000000005 9849.45 435.76
vertex 5916.17 10213.45 436.15000000000003
vertex 5950.360000000001 9837.62 441.35
endloop
endfacet
facet normal 0.9958992331432701 0.09046942812158326 0
outer loop
vertex 5948.150000000001 9861.41 430.56
vertex 5916.17 10213.45 430.56
vertex 5916.17 10213.45 431.08000000000004
endloop
endfacet
facet normal 0.9958612411319886 0.09045287586904821 0.008869366272404996
outer loop
vertex 5948.150000000001 9861.41 430.56
vertex 5916.17 10213.45 431.08000000000004
vertex 5949.1900000000005 9849.45 435.76
endloop
endfacet
facet normal 0.9957709367105364 0.09048870813758568 0.01587561974260562
outer loop
vertex 5946.9800000000005 9873.630000000001 425.75
vertex 5945.9400000000005 9885.85 421.33000000000004
vertex 5916.17 10213.45 421.33000000000004
endloop
endfacet
facet normal 0.9959150376768588 0.09029528076871415 0
outer loop
vertex 5946.9800000000005 9873.630000000001 425.75
vertex 5916.17 10213.45 421.33000000000004
vertex 5916.17 10213.45 425.75
endloop
endfacet
facet normal 0.9959031725156329 0.0898223103493219 -0.010431852031526091
outer loop
vertex 5932.68 10031.970000000001 413.27000000000004
vertex 5943.6 9910.94 413.66
vertex 5942.43 9923.550000000001 410.54
endloop
endfacet
facet normal 0.9955884952088189 0.0901833524807997 -0.025894229920265854
outer loop
vertex 5932.68 10031.970000000001 413.27000000000004
vertex 5942.43 9923.550000000001 410.54
vertex 5916.17 10213.45 410.54
endloop
endfacet
facet normal 0.9958873569613604 0.09060006757456643 0
outer loop
vertex 5932.68 10031.970000000001 413.27000000000004
vertex 5916.17 10213.45 410.54
vertex 5916.17 10213.45 414.44
endloop
endfacet
facet normal 0.9958005334114504 0.09050319346836597 0.013801073490809146
outer loop
vertex 5932.68 10031.970000000001 413.27000000000004
vertex 5916.17 10213.45 414.44
vertex 5944.77 9898.33 417.3
endloop
endfacet
facet normal 0.9959172646897952 0.08982843777025165 -0.008924889946210872
outer loop
vertex 5932.68 10031.970000000001 413.27000000000004
vertex 5944.77 9898.33 417.3
vertex 5943.6 9910.94 413.66
endloop
endfacet
facet normal 0.9959269222700933 0.09016410315430197 0
outer loop
vertex 5938.92 9962.16 403.39
vertex 5916.17 10213.45 403.39
vertex 5916.17 10213.45 404.17
endloop
endfacet
facet normal 0.9940266875372804 0.09018285710551098 -0.06146541098820511
outer loop
vertex 5938.92 9962.16 403.39
vertex 5916.17 10213.45 404.17
vertex 5940.22 9949.16 405.34000000000003
endloop
endfacet
facet normal 0.9959091763032331 0.09035990568286376 0
outer loop
vertex 5934.24 10014.29 400.01
vertex 5916.17 10213.45 400.01
vertex 5916.17 10213.45 400.14
endloop
endfacet
facet normal 0.9928220297080044 0.09002841154066127 0.07873564911743462
outer loop
vertex 5934.24 10014.29 400.01
vertex 5916.17 10213.45 400.14
vertex 5935.41 10001.16 400.27000000000004
endloop
endfacet
facet normal 0.9959181631989268 0.09026080107375314 0
outer loop
vertex 5916.17 10213.45 400.27000000000004
vertex 5935.41 10001.16 400.27000000000004
vertex 5916.17 10213.45 400.14
endloop
endfacet
facet normal 0.9952461493569591 0.09026098729252546 0.036579452745001066
outer loop
vertex 6160.570000000001 7524.92 425.75
vertex 6155.63 7579.39 425.75
vertex 6160.4400000000005 7526.09 426.40000000000003
endloop
endfacet
facet normal 0.9954161386311994 0.09179630096886701 0.02683561217832984
outer loop
vertex 6161.22 7516.860000000001 421.33000000000004
vertex 6162 7509.58 417.3
vertex 6157.84 7554.6900000000005 417.3
endloop
endfacet
facet normal 0.9958377572589154 0.09029616969964732 0.01240011915692506
outer loop
vertex 6161.22 7516.860000000001 421.33000000000004
vertex 6157.84 7554.6900000000005 417.3
vertex 6156.67 7567.04 421.33000000000004
endloop
endfacet
facet normal 0.9959066660208757 0.09038756869826522 0
outer loop
vertex 5944.77 9898.33 417.3
vertex 5916.17 10213.45 414.44
vertex 5916.17 10213.45 417.3
endloop
endfacet
facet normal 0.9957321085025272 0.08956320552668487 0.022271064476042744
outer loop
vertex 6163.04 7497.1 410.54
vertex 6163.56 7492.030000000001 407.68
vertex 6161.35 7516.6 407.68
endloop
endfacet
facet normal 0.9959924988936247 0.08835417328894106 0.013873795805777361
outer loop
vertex 6163.04 7497.1 410.54
vertex 6161.35 7516.6 407.68
vertex 6160.18 7529.34 410.54
endloop
endfacet
facet normal 0.9969344906206997 0.07819094044076678 -0.0027925335869626667
outer loop
vertex 6164.21 7484.2300000000005 403.39
vertex 6164.34 7482.54 402.48
vertex 6163.6900000000005 7490.860000000001 403.39
endloop
endfacet
facet normal 0.9958941609894486 0.09022237927024912 0.0073988097649143195
outer loop
vertex 5937.75 9975.16 401.96000000000004
vertex 5936.58 9988.16 400.92
vertex 5916.17 10213.45 400.92
endloop
endfacet
facet normal 0.995924322113302 0.0901928191330098 0
outer loop
vertex 5937.75 9975.16 401.96000000000004
vertex 5916.17 10213.45 400.92
vertex 5916.17 10213.45 401.96000000000004
endloop
endfacet
facet normal 0.9958720793535414 0.09035653983690795 0.008631180264315738
outer loop
vertex 6065.93 8565.31 1136.2
vertex 6028.1 8982.48 1133.8600000000001
vertex 6029.79 8963.630000000001 1136.2
endloop
endfacet
facet normal 0.9959224397433756 0.09021360216509587 0
outer loop
vertex 5942.43 9923.550000000001 410.54
vertex 5916.17 10213.45 408.46000000000004
vertex 5916.17 10213.45 410.54
endloop
endfacet
facet normal 0.9959243221133021 0.0901928191330098 0
outer loop
vertex 5937.75 9975.16 401.96000000000004
vertex 5916.17 10213.45 401.96000000000004
vertex 5916.17 10213.45 402.48
endloop
endfacet
facet normal 0.9959129078419808 0.09018089940192374 0.004988524510362717
outer loop
vertex 5937.75 9975.16 401.96000000000004
vertex 5916.17 10213.45 402.48
vertex 5938.92 9962.16 403.39
endloop
endfacet
facet normal 0.9959269222700933 0.09016410315430198 0
outer loop
vertex 5916.17 10213.45 403.39
vertex 5938.92 9962.16 403.39
vertex 5916.17 10213.45 402.48
endloop
endfacet
facet normal 0.9958851720599177 0.09062408107775975 0
outer loop
vertex 5916.17 10213.45 405.34000000000003
vertex 5940.22 9949.16 405.34000000000003
vertex 5916.17 10213.45 404.17
endloop
endfacet
facet normal 0.9958409605737725 0.09064914453509898 0.009138590622232894
outer loop
vertex 6052.8 8710.26 1093.43
vertex 6015.1 9125.35 1084.2
vertex 6016.530000000001 9108.710000000001 1093.43
endloop
endfacet
facet normal 0.9958875573406198 0.09059786495350639 0
outer loop
vertex 5950.360000000001 9837.62 441.35
vertex 5916.17 10213.45 436.15000000000003
vertex 5916.17 10213.45 441.35
endloop
endfacet
facet normal 0.980058516099954 0.0888654094909331 -0.1777308189818662
outer loop
vertex 6161.22 7516.860000000001 421.33000000000004
vertex 6156.67 7567.04 421.33000000000004
vertex 6161.22 7517.900000000001 421.85
endloop
endfacet
facet normal 0.9958642989861237 0.09038372350534218 -0.009223910785907171
outer loop
vertex 5945.9400000000005 9885.85 421.33000000000004
vertex 5944.77 9898.33 417.3
vertex 5916.17 10213.45 417.3
endloop
endfacet
facet normal 0.9958964451499367 0.0905001134679915 0
outer loop
vertex 5945.9400000000005 9885.85 421.33000000000004
vertex 5916.17 10213.45 417.3
vertex 5916.17 10213.45 421.33000000000004
endloop
endfacet
facet normal 0.9958588768115406 0.08990138851214895 0.01352175355656735
outer loop
vertex 6162.52 7502.95 413.66
vertex 6163.04 7497.62 410.8
vertex 6160.18 7529.34 410.54
endloop
endfacet
facet normal 0.995963411566409 0.08933891067207521 0.008685727426458987
outer loop
vertex 6162.52 7502.95 413.66
vertex 6160.18 7529.34 410.54
vertex 6159.01 7542.08 413.66
endloop
endfacet
facet normal 0.9958855453104263 0.09061997926370767 0
outer loop
vertex 5941.39 9936.29 407.68
vertex 5916.17 10213.45 407.68
vertex 5916.17 10213.45 408.46000000000004
endloop
endfacet
facet normal 0.9950592727868769 0.09042945804236935 0.04098239572078647
outer loop
vertex 5941.39 9936.29 407.68
vertex 5916.17 10213.45 408.46000000000004
vertex 5942.43 9923.550000000001 410.54
endloop
endfacet
facet normal 0.996853733698143 0.07818460656448784 -0.013030767760489675
outer loop
vertex 6163.95 7487.87 405.34000000000003
vertex 6164.21 7484.2300000000005 403.39
vertex 6163.6900000000005 7490.860000000001 403.39
endloop
endfacet
facet normal 0.9959479019333901 0.0897985813218209 0.004898104436058117
outer loop
vertex 6163.95 7487.87 405.34000000000003
vertex 6163.6900000000005 7490.860000000001 403.39
vertex 6162.52 7503.7300000000005 405.34000000000003
endloop
endfacet
facet normal 0.04054280663236012 -0.4468458975595444 -0.8936917951198704
outer loop
vertex 5916.17 10212.93 453.7
vertex 5916.17 10213.45 453.44
vertex 6314.49 10249.59 453.44
endloop
endfacet
facet normal 0.0504452730830265 -0.5539939667612588 -0.8309909501406765
outer loop
vertex 5916.17 10212.93 453.7
vertex 6314.49 10249.59 453.44
vertex 6314.49 10249.2 453.7
endloop
endfacet
facet normal -0.9959131900478997 -0.09031565694062164 0
outer loop
vertex 6333.7300000000005 10037.43 400.27000000000004
vertex 6314.49 10249.59 400.27000000000004
vertex 6314.49 10249.59 400.14
endloop
endfacet
facet normal -0.9952929593938857 -0.09028099852909464 -0.03523160918196123
outer loop
vertex 6333.7300000000005 10037.43 400.27000000000004
vertex 6314.49 10249.59 400.14
vertex 6332.56 10050.43 400.01
endloop
endfacet
facet normal -0.9941336603145596 -0.09941336603140033 0.04260572829893057
outer loop
vertex 6562.01 7527 403.39
vertex 6562.79 7518.81 402.48
vertex 6562.66 7520.5 403.39
endloop
endfacet
facet normal -0.9958696215150755 -0.09079480680864933 0
outer loop
vertex 6314.49 10249.59 401.96000000000004
vertex 6314.49 10249.59 400.92
vertex 6335.030000000001 10024.300000000001 400.92
endloop
endfacet
facet normal -0.9957807480103541 -0.0907230686948882 -0.013785017175254728
outer loop
vertex 6314.49 10249.59 401.96000000000004
vertex 6335.030000000001 10024.300000000001 400.92
vertex 6336.2 10011.300000000001 401.96000000000004
endloop
endfacet
facet normal -0.9958753739606586 -0.09073168982620346 0
outer loop
vertex 6314.49 10249.59 402.87
vertex 6314.49 10249.59 401.96000000000004
vertex 6336.2 10011.300000000001 401.96000000000004
endloop
endfacet
facet normal -0.9954673388581092 -0.09061513459752353 -0.028873424608578585
outer loop
vertex 6429.8 8980.92 1137.5
vertex 6428.110000000001 8999.9 1136.2
vertex 6464.38 8601.45 1136.2
endloop
endfacet
facet normal -0.995467338858128 -0.09061513459752751 -0.028873424607915813
outer loop
vertex 6429.8 8980.92 1137.5
vertex 6464.38 8601.45 1136.2
vertex 6466.070000000001 8582.470000000001 1137.5
endloop
endfacet
facet normal -0.9959055129059058 -0.0903595732989026 -0.0027123563307936845
outer loop
vertex 6418.1 9110.27 1109.29
vertex 6452.68 8729.37 1101.75
vertex 6454.24 8711.95 1109.29
endloop
endfacet
facet normal -0.9958756896558539 -0.09072822467390054 0
outer loop
vertex 6314.49 10249.59 441.35
vertex 6314.49 10249.59 441.09000000000003
vertex 6347.64 9885.720000000001 435.76
endloop
endfacet
facet normal -0.9958635919716722 -0.09062703276420568 -0.006515145250455009
outer loop
vertex 6314.49 10249.59 441.35
vertex 6347.64 9885.720000000001 435.76
vertex 6348.68 9873.890000000001 441.35
endloop
endfacet
facet normal -0.9958932064677036 -0.09053574604252003 0
outer loop
vertex 6314.49 10249.59 425.75
vertex 6314.49 10249.59 421.33000000000004
vertex 6344.26 9922.12 421.33000000000004
endloop
endfacet
facet normal -0.9958282517357083 -0.09066837181067433 0.010263498341401152
outer loop
vertex 6314.49 10249.59 425.75
vertex 6344.26 9922.12 421.33000000000004
vertex 6345.43 9909.77 425.75
endloop
endfacet
facet normal -0.9954011541828148 -0.09179491911774108 0.027390419414233258
outer loop
vertex 6555.12 7603.31 421.33000000000004
vertex 6556.16 7590.83 417.3
vertex 6560.320000000001 7545.72 417.3
endloop
endfacet
facet normal -0.9959331416290225 -0.09007147275714962 0.0020753795564808965
outer loop
vertex 6555.12 7603.31 421.33000000000004
vertex 6560.320000000001 7545.72 417.3
vertex 6559.67 7553 421.33000000000004
endloop
endfacet
facet normal -0.9959441423700924 -0.08958227735604261 -0.008383368201760808
outer loop
vertex 6558.5 7565.610000000001 410.54
vertex 6559.67 7552.87 407.68
vertex 6561.88 7528.3 407.68
endloop
endfacet
facet normal -0.9953390653469175 -0.09230967138297154 0.027911817631473688
outer loop
vertex 6558.5 7565.610000000001 410.54
vertex 6561.88 7528.3 407.68
vertex 6561.49 7533.37 410.54
endloop
endfacet
facet normal -0.995881706706772 -0.09066215443506112 0
outer loop
vertex 6314.49 10249.59 410.54
vertex 6314.49 10249.59 409.76
vertex 6339.71 9972.56 407.68
endloop
endfacet
facet normal -0.9958728174820195 -0.09069635798512883 0.003391467036192852
outer loop
vertex 6314.49 10249.59 410.54
vertex 6339.71 9972.56 407.68
vertex 6340.88 9959.82 410.54
endloop
endfacet
facet normal -0.9958319652768116 -0.09069073163140277 -0.00968958869530889
outer loop
vertex 6314.49 10249.59 402.87
vertex 6336.2 10011.300000000001 401.96000000000004
vertex 6337.37 9998.300000000001 403.39
endloop
endfacet
facet normal -0.9958805278786227 -0.09067510238315525 0
outer loop
vertex 6314.49 10249.59 402.87
vertex 6337.37 9998.300000000001 403.39
vertex 6314.49 10249.59 404.69
endloop
endfacet
facet normal -0.09035990568286377 0.9959091763032331 0
outer loop
vertex 5916.17 10213.45 453.44
vertex 5916.17 10213.45 800.02
vertex 6314.49 10249.59 800.02
endloop
endfacet
facet normal -0.09035990568286377 0.9959091763032331 0
outer loop
vertex 5916.17 10213.45 453.44
vertex 6314.49 10249.59 800.02
vertex 6314.49 10249.59 453.44
endloop
endfacet
facet normal 0.07853756286594253 -0.8625057083198762 -0.49991574723617843
outer loop
vertex 6331.91 10058.62 648.7
vertex 6349.9800000000005 9859.460000000001 995.15
vertex 5951.66 9823.19 995.15
endloop
endfacet
facet normal 0.07851099298130051 -0.8624953171601544 -0.49993784799502344
outer loop
vertex 6331.91 10058.62 648.7
vertex 5951.66 9823.19 995.15
vertex 5933.46 10022.35 648.7
endloop
endfacet
facet normal -0.0785109929813005 0.8624953171601543 0.4999378479950233
outer loop
vertex 6052.02 8718.32 354.64
vertex 6450.47 8754.59 354.64
vertex 6432.27 8953.75 8.19
endloop
endfacet
facet normal -0.07853756286594253 0.8625057083198762 0.49991574723617843
outer loop
vertex 6052.02 8718.32 354.64
vertex 6432.27 8953.75 8.19
vertex 6033.95 8917.48 8.19
endloop
endfacet
facet normal 0.04534043750072154 -0.4979322598645496 0.8660298547471824
outer loop
vertex 6033.95 8917.48 8.19
vertex 6432.27 8953.75 8.19
vertex 6331.91 10058.62 648.7
endloop
endfacet
facet normal 0.045325404807861666 -0.4979296262942433 0.8660321558334187
outer loop
vertex 6033.95 8917.48 8.19
vertex 6331.91 10058.62 648.7
vertex 5933.46 10022.35 648.7
endloop
endfacet
facet normal -0.045325404807861666 0.4979296262942433 -0.8660321558334187
outer loop
vertex 6349.9800000000005 9859.460000000001 995.15
vertex 6450.47 8754.59 354.64
vertex 6052.02 8718.32 354.64
endloop
endfacet
facet normal -0.04534043750072154 0.4979322598645496 -0.8660298547471824
outer loop
vertex 6349.9800000000005 9859.460000000001 995.15
vertex 6052.02 8718.32 354.64
vertex 5951.66 9823.19 995.15
endloop
endfacet
facet normal 0.04370735779149336 -0.4817242599753155 -0.875232200176685
outer loop
vertex 6016.530000000001 9108.710000000001 1093.43
vertex 6015.1 9125.35 1084.2
vertex 6413.42 9161.49 1084.2
endloop
endfacet
facet normal 0.04366968625231478 -0.4814661451918953 -0.8753760960505383
outer loop
vertex 6016.530000000001 9108.710000000001 1093.43
vertex 6413.42 9161.49 1084.2
vertex 6414.9800000000005 9144.85 1093.43
endloop
endfacet
facet normal -0.043411757292213644 0.47862243201668053 0.8769469692628167
outer loop
vertex 6449.6900000000005 8763.17 1084.2
vertex 6051.24 8727.03 1084.2
vertex 6052.8 8710.26 1093.43
endloop
endfacet
facet normal -0.04386334142572331 0.48171067429539255 0.875231874161841
outer loop
vertex 6449.6900000000005 8763.17 1084.2
vertex 6052.8 8710.26 1093.43
vertex 6451.12 8746.53 1093.43
endloop
endfacet
facet normal 0.03927768345172765 -0.4330435243868601 -0.9005168346950948
outer loop
vertex 6018.09 9091.550000000001 1101.75
vertex 6016.530000000001 9108.710000000001 1093.43
vertex 6414.9800000000005 9144.85 1093.43
endloop
endfacet
facet normal 0.03965928161521467 -0.4356835059162636 -0.8992257914752435
outer loop
vertex 6018.09 9091.550000000001 1101.75
vertex 6414.9800000000005 9144.85 1093.43
vertex 6416.54 9127.82 1101.75
endloop
endfacet
facet normal -0.03967211829781387 0.43568233141397894 0.8992257942938715
outer loop
vertex 6451.12 8746.53 1093.43
vertex 6052.8 8710.26 1093.43
vertex 6054.360000000001 8693.23 1101.75
endloop
endfacet
facet normal -0.03929039771032024 0.43304236900869425 0.900516835651118
outer loop
vertex 6451.12 8746.53 1093.43
vertex 6054.360000000001 8693.23 1101.75
vertex 6452.68 8729.37 1101.75
endloop
endfacet
facet normal 0.035888466499536455 -0.39425860150925934 -0.9182985206937202
outer loop
vertex 6019.650000000001 9074.130000000001 1109.29
vertex 6018.09 9091.550000000001 1101.75
vertex 6416.54 9127.82 1101.75
endloop
endfacet
facet normal 0.03553889781795328 -0.39182274033103787 -0.9193540813535127
outer loop
vertex 6019.650000000001 9074.130000000001 1109.29
vertex 6416.54 9127.82 1101.75
vertex 6418.1 9110.27 1109.29
endloop
endfacet
facet normal -0.03555040358586902 0.39182171434208224 0.9193540737794733
outer loop
vertex 6452.68 8729.37 1101.75
vertex 6054.360000000001 8693.23 1101.75
vertex 6055.92 8675.68 1109.29
endloop
endfacet
facet normal -0.03590008446096998 0.39425755838140003 0.9182985144248205
outer loop
vertex 6452.68 8729.37 1101.75
vertex 6055.92 8675.68 1109.29
vertex 6454.24 8711.95 1109.29
endloop
endfacet
facet normal 0.03139033200767538 -0.34608405612779336 -0.937678235404119
outer loop
vertex 6021.34 9056.32 1115.92
vertex 6019.650000000001 9074.130000000001 1109.29
vertex 6418.1 9110.27 1109.29
endloop
endfacet
facet normal 0.03141862793260607 -0.3462830071420922 -0.937603833601091
outer loop
vertex 6021.34 9056.32 1115.92
vertex 6418.1 9110.27 1109.29
vertex 6419.66 9092.460000000001 1115.92
endloop
endfacet
facet normal -0.03151247859263711 0.34607252475927913 0.9376783943867356
outer loop
vertex 6454.24 8711.95 1109.29
vertex 6055.92 8675.68 1109.29
vertex 6057.610000000001 8657.87 1115.92
endloop
endfacet
facet normal -0.03151247859263275 0.3460725247592486 0.937678394386747
outer loop
vertex 6454.24 8711.95 1109.29
vertex 6057.610000000001 8657.87 1115.92
vertex 6455.93 8694.14 1115.92
endloop
endfacet
facet normal 0.027543598872733648 -0.30357405376278035 -0.9524096513807337
outer loop
vertex 6023.030000000001 9038.12 1121.77
vertex 6021.34 9056.32 1115.92
vertex 6419.66 9092.460000000001 1115.92
endloop
endfacet
facet normal 0.027820530986364292 -0.3055272650258903 -0.9517768164761296
outer loop
vertex 6023.030000000001 9038.12 1121.77
vertex 6419.66 9092.460000000001 1115.92
vertex 6421.35 9074.39 1121.77
endloop
endfacet
facet normal -0.02783691030265251 0.30570714396892645 0.9517185763402772
outer loop
vertex 6455.93 8694.14 1115.92
vertex 6057.610000000001 8657.87 1115.92
vertex 6059.17 8639.800000000001 1121.77
endloop
endfacet
facet normal -0.027836910302652514 0.30570714396892645 0.9517185763402772
outer loop
vertex 6455.93 8694.14 1115.92
vertex 6059.17 8639.800000000001 1121.77
vertex 6457.49 8676.07 1121.77
endloop
endfacet
facet normal 0.02351836628916714 -0.25828055308247605 -0.9657836415815391
outer loop
vertex 6024.59 9019.79 1126.71
vertex 6023.030000000001 9038.12 1121.77
vertex 6421.35 9074.39 1121.77
endloop
endfacet
facet normal 0.02349671195685274 -0.2581269611030694 -0.9658252308150329
outer loop
vertex 6024.59 9019.79 1126.71
vertex 6421.35 9074.39 1121.77
vertex 6423.04 9056.06 1126.71
endloop
endfacet
facet normal -0.023504316804820343 0.25812626053753485 0.9658252330067004
outer loop
vertex 6457.49 8676.07 1121.77
vertex 6059.17 8639.800000000001 1121.77
vertex 6060.860000000001 8621.470000000001 1126.71
endloop
endfacet
facet normal -0.023268075991761204 0.25645102459984687 0.9662771179228713
outer loop
vertex 6457.49 8676.07 1121.77
vertex 6060.860000000001 8621.470000000001 1126.71
vertex 6459.18 8657.61 1126.71
endloop
endfacet
facet normal 0.019130568880897945 -0.21016198430091185 -0.977479391951051
outer loop
vertex 6026.280000000001 9001.2 1130.74
vertex 6024.59 9019.79 1126.71
vertex 6423.04 9056.06 1126.71
endloop
endfacet
facet normal 0.01913056888090067 -0.21016198430093122 -0.9774793919510468
outer loop
vertex 6026.280000000001 9001.2 1130.74
vertex 6423.04 9056.06 1126.71
vertex 6424.7300000000005 9037.470000000001 1130.74
endloop
endfacet
facet normal -0.01906873185483581 0.2101676057669706 0.9774793915738722
outer loop
vertex 6459.18 8657.61 1126.71
vertex 6060.860000000001 8621.470000000001 1126.71
vertex 6062.55 8602.880000000001 1130.74
endloop
endfacet
facet normal -0.01926440130817742 0.21156317422314636 0.9771744502159603
outer loop
vertex 6459.18 8657.61 1126.71
vertex 6062.55 8602.880000000001 1130.74
vertex 6460.87 8639.15 1130.74
endloop
endfacet
facet normal 0.014835460811626342 -0.16297737414922644 -0.9865182637021627
outer loop
vertex 6028.1 8982.48 1133.8600000000001
vertex 6026.280000000001 9001.2 1130.74
vertex 6424.7300000000005 9037.470000000001 1130.74
endloop
endfacet
facet normal 0.014849318380383184 -0.1630763853673602 -0.986501692993557
outer loop
vertex 6028.1 8982.48 1133.8600000000001
vertex 6424.7300000000005 9037.470000000001 1130.74
vertex 6426.42 9018.75 1133.8600000000001
endloop
endfacet
facet normal -0.014849318380382446 0.16307638536736024 0.9865016929935571
outer loop
vertex 6460.87 8639.15 1130.74
vertex 6062.55 8602.880000000001 1130.74
vertex 6064.24 8584.16 1133.8600000000001
endloop
endfacet
facet normal -0.014697993023470449 0.1619951461291798 0.9866820874180638
outer loop
vertex 6460.87 8639.15 1130.74
vertex 6064.24 8584.16 1133.8600000000001
vertex 6462.56 8620.300000000001 1133.8600000000001
endloop
endfacet
facet normal 0.011127417055428333 -0.12220217153344794 -0.9924428496705412
outer loop
vertex 6029.79 8963.630000000001 1136.2
vertex 6028.1 8982.48 1133.8600000000001
vertex 6426.42 9018.75 1133.8600000000001
endloop
endfacet
facet normal 0.011127417055426657 -0.12220217153343595 -0.9924428496705425
outer loop
vertex 6029.79 8963.630000000001 1136.2
vertex 6426.42 9018.75 1133.8600000000001
vertex 6428.110000000001 8999.9 1136.2
endloop
endfacet
facet normal -0.011087855719212045 0.12220571914987263 0.9924428556156835
outer loop
vertex 6462.56 8620.300000000001 1133.8600000000001
vertex 6064.24 8584.16 1133.8600000000001
vertex 6065.93 8565.31 1136.2
endloop
endfacet
facet normal -0.011077497411197566 0.12213140131409841 0.9924521196834433
outer loop
vertex 6462.56 8620.300000000001 1133.8600000000001
vertex 6065.93 8565.31 1136.2
vertex 6464.38 8601.45 1136.2
endloop
endfacet
facet normal -0.9949060912944271 -0.090564045504451 0.044272148887451825
outer loop
vertex 6464.38 8601.45 1136.2
vertex 6428.110000000001 8999.9 1136.2
vertex 6462.56 8620.300000000001 1133.8600000000001
endloop
endfacet
facet normal 0.006172302986436274 -0.06778471810194082 -0.9976808781708127
outer loop
vertex 6031.4800000000005 8944.65 1137.5
vertex 6029.79 8963.630000000001 1136.2
vertex 6428.110000000001 8999.9 1136.2
endloop
endfacet
facet normal 0.006172302986437205 -0.06778471810194751 -0.9976808781708124
outer loop
vertex 6031.4800000000005 8944.65 1137.5
vertex 6428.110000000001 8999.9 1136.2
vertex 6429.8 8980.92 1137.5
endloop
endfacet
facet normal -0.006144597615775393 0.06774529385737743 0.9976837269798068
outer loop
vertex 6464.38 8601.45 1136.2
vertex 6065.93 8565.31 1136.2
vertex 6067.75 8546.33 1137.5
endloop
endfacet
facet normal -0.0061503573480477716 0.06778667235402071 0.9976808809211792
outer loop
vertex 6464.38 8601.45 1136.2
vertex 6067.75 8546.33 1137.5
vertex 6466.070000000001 8582.470000000001 1137.5
endloop
endfacet
facet normal 0.0024737392971174816 -0.027166800022823897 -0.9996278535487144
outer loop
vertex 6033.17 8925.67 1138.02
vertex 6031.4800000000005 8944.65 1137.5
vertex 6429.8 8980.92 1137.5
endloop
endfacet
facet normal 0.0024714113495967346 -0.02715009242478099 -0.9996283132281052
outer loop
vertex 6033.17 8925.67 1138.02
vertex 6429.8 8980.92 1137.5
vertex 6431.62 8961.94 1138.02
endloop
endfacet
facet normal 0.9932157107338788 0.09043968123196763 0.07309730508066573
outer loop
vertex 6069.4400000000005 8527.35 1138.02
vertex 6067.75 8546.33 1137.5
vertex 6031.4800000000005 8944.65 1137.5
endloop
endfacet
facet normal 0.9932157107337466 0.09043968123195785 0.07309730508247572
outer loop
vertex 6033.17 8925.67 1138.02
vertex 6069.4400000000005 8527.35 1138.02
vertex 6031.4800000000005 8944.65 1137.5
endloop
endfacet
facet normal -0.0024649439052825454 0.02716758318627868 0.9996278539913545
outer loop
vertex 6466.070000000001 8582.470000000001 1137.5
vertex 6067.75 8546.33 1137.5
vertex 6069.4400000000005 8527.35 1138.02
endloop
endfacet
facet normal -0.002464943905282204 0.02716758318627622 0.9996278539913543
outer loop
vertex 6466.070000000001 8582.470000000001 1137.5
vertex 6069.4400000000005 8527.35 1138.02
vertex 6467.76 8563.49 1138.02
endloop
endfacet
facet normal -0.9806806560723896 -0.0892691363928877 0.17405881791249556
outer loop
vertex 6431.62 8961.94 1138.02
vertex 6429.8 8980.92 1137.5
vertex 6466.070000000001 8582.470000000001 1137.5
endloop
endfacet
facet normal -0.9941028029573161 -0.09016658375926129 -0.06024619760276684
outer loop
vertex 6467.76 8563.49 1138.02
vertex 6431.62 8961.94 1138.02
vertex 6466.070000000001 8582.470000000001 1137.5
endloop
endfacet
facet normal -0.0024714113495967337 0.027150092424780985 -0.9996283132281053
outer loop
vertex 6034.99 8906.69 1137.5
vertex 6033.17 8925.67 1138.02
vertex 6431.62 8961.94 1138.02
endloop
endfacet
facet normal -0.002448321308658551 0.026984375862337883 -0.9996328571941249
outer loop
vertex 6034.99 8906.69 1137.5
vertex 6431.62 8961.94 1138.02
vertex 6433.31 8942.83 1137.5
endloop
endfacet
facet normal -0.9913257372134777 -0.09026758507916574 0.09552510571640563
outer loop
vertex 6071.13 8508.24 1137.5
vertex 6069.4400000000005 8527.35 1138.02
vertex 6033.17 8925.67 1138.02
endloop
endfacet
facet normal -0.9786545478681722 -0.08876540434171414 -0.18535365906557003
outer loop
vertex 6034.99 8906.69 1137.5
vertex 6071.13 8508.24 1137.5
vertex 6033.17 8925.67 1138.02
endloop
endfacet
facet normal 0.0024483213086585656 -0.026984375862337984 0.9996328571941248
outer loop
vertex 6467.76 8563.49 1138.02
vertex 6069.4400000000005 8527.35 1138.02
vertex 6071.13 8508.24 1137.5
endloop
endfacet
facet normal 0.0024737392971174816 -0.027166800022823897 0.9996278535487144
outer loop
vertex 6467.76 8563.49 1138.02
vertex 6071.13 8508.24 1137.5
vertex 6469.45 8544.51 1137.5
endloop
endfacet
facet normal 0.9925040635213042 0.09002157574516298 -0.08265470218963275
outer loop
vertex 6433.31 8942.83 1137.5
vertex 6431.62 8961.94 1138.02
vertex 6467.76 8563.49 1138.02
endloop
endfacet
facet normal 0.9940352686301768 0.09018988403367653 -0.06131614418180991
outer loop
vertex 6469.45 8544.51 1137.5
vertex 6433.31 8942.83 1137.5
vertex 6467.76 8563.49 1138.02
endloop
endfacet
facet normal -0.006150357348047465 0.06778667235402074 -0.9976808809211791
outer loop
vertex 6036.68 8887.710000000001 1136.2
vertex 6034.99 8906.69 1137.5
vertex 6433.31 8942.83 1137.5
endloop
endfacet
facet normal -0.006214328279702178 0.06824624318640928 -0.9976491529665996
outer loop
vertex 6036.68 8887.710000000001 1136.2
vertex 6433.31 8942.83 1137.5
vertex 6435 8923.98 1136.2
endloop
endfacet
facet normal -0.9956086388140155 -0.09033263759474472 0.02456527842463291
outer loop
vertex 6034.99 8906.69 1137.5
vertex 6036.68 8887.710000000001 1136.2
vertex 6072.820000000001 8489.39 1136.2
endloop
endfacet
facet normal -0.9957981700484969 -0.09032035604355111 0.015107541568079945
outer loop
vertex 6034.99 8906.69 1137.5
vertex 6072.820000000001 8489.39 1136.2
vertex 6071.13 8508.24 1137.5
endloop
endfacet
facet normal -0.9958823985126463 -0.09065291653671488 0.0005450285189589605
outer loop
vertex 6040.06 8850.14 1130.74
vertex 6041.75 8831.550000000001 1126.71
vertex 6078.02 8433.1 1126.71
endloop
endfacet
facet normal -0.9958823985126465 -0.09065291653671305 0.0005450285187661937
outer loop
vertex 6040.06 8850.14 1130.74
vertex 6078.02 8433.1 1126.71
vertex 6076.33 8451.69 1130.74
endloop
endfacet
facet normal -0.9958370624091778 -0.09067837480814489 0.009272403917691897
outer loop
vertex 6045.13 8795.02 1115.92
vertex 6046.6900000000005 8777.210000000001 1109.29
vertex 6082.96 8378.89 1109.29
endloop
endfacet
facet normal -0.9958475225555671 -0.0903543117723402 -0.011127001576623384
outer loop
vertex 6045.13 8795.02 1115.92
vertex 6082.96 8378.89 1109.29
vertex 6081.27 8396.7 1115.92
endloop
endfacet
facet normal -0.9958739028017847 -0.09068172940003312 0.003463188034258176
outer loop
vertex 6046.6900000000005 8777.210000000001 1109.29
vertex 6048.25 8759.79 1101.75
vertex 6084.52 8361.470000000001 1101.75
endloop
endfacet
facet normal -0.9958739028017854 -0.0906817294000305 0.003463188034110125
outer loop
vertex 6046.6900000000005 8777.210000000001 1109.29
vertex 6084.52 8361.470000000001 1101.75
vertex 6082.96 8378.89 1109.29
endloop
endfacet
facet normal -0.9958945468255017 -0.09035857833469066 -0.005420232888181019
outer loop
vertex 6049.81 8742.630000000001 1093.43
vertex 6051.37 8725.99 1084.2
vertex 6087.51 8327.67 1084.2
endloop
endfacet
facet normal -0.9958378026191884 -0.09067844220977445 0.009191898225879536
outer loop
vertex 6049.81 8742.630000000001 1093.43
vertex 6087.51 8327.67 1084.2
vertex 6086.08 8344.31 1093.43
endloop
endfacet
facet normal 0.006214328279702461 -0.06824624318640896 0.9976491529665996
outer loop
vertex 6469.45 8544.51 1137.5
vertex 6071.13 8508.24 1137.5
vertex 6072.820000000001 8489.39 1136.2
endloop
endfacet
facet normal 0.0061445976157753655 -0.06774529385737713 0.9976837269798069
outer loop
vertex 6469.45 8544.51 1137.5
vertex 6072.820000000001 8489.39 1136.2
vertex 6471.27 8525.53 1136.2
endloop
endfacet
facet normal 0.9934026892476479 0.09042719422515427 0.07052672925996017
outer loop
vertex 6469.45 8544.51 1137.5
vertex 6471.27 8525.53 1136.2
vertex 6435 8923.98 1136.2
endloop
endfacet
facet normal 0.9957889972271781 0.09034900170664205 -0.015534828351310138
outer loop
vertex 6469.45 8544.51 1137.5
vertex 6435 8923.98 1136.2
vertex 6433.31 8942.83 1137.5
endloop
endfacet
facet normal 0.9958796436791372 0.09068225214963313 -0.0006815061152231891
outer loop
vertex 6474.650000000001 8487.960000000001 1130.74
vertex 6476.34 8469.37 1126.71
vertex 6440.070000000001 8867.69 1126.71
endloop
endfacet
facet normal 0.9958796436791372 0.09068225214963538 -0.0006815061150099739
outer loop
vertex 6474.650000000001 8487.960000000001 1130.74
vertex 6440.070000000001 8867.69 1126.71
vertex 6438.38 8886.28 1130.74
endloop
endfacet
facet normal -0.011127417055426731 0.12220217153343647 -0.9924428496705426
outer loop
vertex 6038.37 8868.86 1133.8600000000001
vertex 6036.68 8887.710000000001 1136.2
vertex 6435 8923.98 1136.2
endloop
endfacet
facet normal -0.011013643101363085 0.12138777864236362 -0.9925440578946148
outer loop
vertex 6038.37 8868.86 1133.8600000000001
vertex 6435 8923.98 1136.2
vertex 6436.6900000000005 8905 1133.8600000000001
endloop
endfacet
facet normal -0.9950453767590018 -0.09028153222552349 -0.041640642760982734
outer loop
vertex 6036.68 8887.710000000001 1136.2
vertex 6074.64 8470.41 1133.8600000000001
vertex 6072.820000000001 8489.39 1136.2
endloop
endfacet
facet normal -0.9958725473415408 -0.09065201980694518 0.00448115569820765
outer loop
vertex 6038.37 8868.86 1133.8600000000001
vertex 6040.06 8850.14 1130.74
vertex 6076.33 8451.69 1130.74
endloop
endfacet
facet normal -0.9958725473415396 -0.09065201980694694 0.00448115569845698
outer loop
vertex 6038.37 8868.86 1133.8600000000001
vertex 6076.33 8451.69 1130.74
vertex 6074.64 8470.41 1133.8600000000001
endloop
endfacet
facet normal -0.9958691790690196 -0.09078839540340822 -0.0014301889635933722
outer loop
vertex 6064.89 8577.79 1122.55
vertex 6041.75 8831.550000000001 1126.71
vertex 6043.4400000000005 8813.09 1121.77
endloop
endfacet
facet normal -0.9957206859752354 -0.09071159068501254 0.017655674340041307
outer loop
vertex 6064.89 8577.79 1122.55
vertex 6043.4400000000005 8813.09 1121.77
vertex 6081.27 8396.7 1115.92
endloop
endfacet
facet normal -0.9957853066302025 -0.09059432478839179 0.014293054800461422
outer loop
vertex 6064.89 8577.79 1122.55
vertex 6081.27 8396.7 1115.92
vertex 6079.71 8414.77 1121.77
endloop
endfacet
facet normal -0.9958835805837722 -0.0905116598684632 -0.004851118582439592
outer loop
vertex 6064.89 8577.79 1122.55
vertex 6079.71 8414.77 1121.77
vertex 6078.02 8433.1 1126.71
endloop
endfacet
facet normal -0.9958350399854159 -0.09064860559736831 -0.009767468479482356
outer loop
vertex 6064.89 8577.79 1122.55
vertex 6078.02 8433.1 1126.71
vertex 6041.75 8831.550000000001 1126.71
endloop
endfacet
facet normal -0.9958798287142547 -0.09068226899845974 0.0003047119254792584
outer loop
vertex 6048.25 8759.79 1101.75
vertex 6086.08 8344.31 1093.43
vertex 6084.52 8361.470000000001 1101.75
endloop
endfacet
facet normal -0.9958221781801141 -0.0906474348163963 0.011010540668850441
outer loop
vertex 6038.37 8868.86 1133.8600000000001
vertex 6074.64 8470.41 1133.8600000000001
vertex 6036.68 8887.710000000001 1136.2
endloop
endfacet
facet normal 0.011003398230530165 -0.1213144445200496 0.9925531375086031
outer loop
vertex 6471.27 8525.53 1136.2
vertex 6072.820000000001 8489.39 1136.2
vertex 6074.64 8470.41 1133.8600000000001
endloop
endfacet
facet normal 0.011127417055427287 -0.12220217153343642 0.9924428496705425
outer loop
vertex 6471.27 8525.53 1136.2
vertex 6074.64 8470.41 1133.8600000000001
vertex 6472.96 8506.68 1133.8600000000001
endloop
endfacet
facet normal 0.995754340517442 0.09064125970778807 -0.016045416144784233
outer loop
vertex 6471.27 8525.53 1136.2
vertex 6436.6900000000005 8905 1133.8600000000001
vertex 6435 8923.98 1136.2
endloop
endfacet
facet normal 0.9958690680588479 0.09068128916071219 -0.004658656432215318
outer loop
vertex 6472.96 8506.68 1133.8600000000001
vertex 6474.650000000001 8487.960000000001 1130.74
vertex 6438.38 8886.28 1130.74
endloop
endfacet
facet normal 0.9958690680588466 0.09068128916070979 -0.00465865643249308
outer loop
vertex 6472.96 8506.68 1133.8600000000001
vertex 6438.38 8886.28 1130.74
vertex 6436.6900000000005 8905 1133.8600000000001
endloop
endfacet
facet normal 0.9958710210559806 0.09068146699563386 0.0042167480880874715
outer loop
vertex 6476.34 8469.37 1126.71
vertex 6478.030000000001 8451.04 1121.77
vertex 6441.76 8849.36 1121.77
endloop
endfacet
facet normal 0.9958710210559816 0.09068146699563166 0.004216748087911698
outer loop
vertex 6476.34 8469.37 1126.71
vertex 6441.76 8849.36 1121.77
vertex 6440.070000000001 8867.69 1126.71
endloop
endfacet
facet normal 0.9957929522758205 0.09031988278390868 -0.015450403609817469
outer loop
vertex 6478.030000000001 8451.04 1121.77
vertex 6479.59 8432.84 1115.92
vertex 6443.45 8831.29 1115.92
endloop
endfacet
facet normal 0.9958511820119127 0.09067966050304412 0.007590945693975127
outer loop
vertex 6478.030000000001 8451.04 1121.77
vertex 6443.45 8831.29 1115.92
vertex 6441.76 8849.36 1121.77
endloop
endfacet
facet normal 0.9958293772474129 0.09064809013116877 0.010333206985303777
outer loop
vertex 6479.59 8432.84 1115.92
vertex 6481.280000000001 8415.03 1109.29
vertex 6445.01 8813.48 1109.29
endloop
endfacet
facet normal 0.9958773546254446 0.09032753820093821 -0.008320479961197103
outer loop
vertex 6479.59 8432.84 1115.92
vertex 6445.01 8813.48 1109.29
vertex 6443.45 8831.29 1115.92
endloop
endfacet
facet normal 0.9959055129059055 0.09035957329890484 -0.002712356330798886
outer loop
vertex 6481.280000000001 8415.03 1109.29
vertex 6482.84 8397.61 1101.75
vertex 6446.7 8795.93 1101.75
endloop
endfacet
facet normal 0.9958082886710569 0.09064617048588221 0.012211633398742677
outer loop
vertex 6481.280000000001 8415.03 1109.29
vertex 6446.7 8795.93 1101.75
vertex 6445.01 8813.48 1109.29
endloop
endfacet
facet normal 0.9959076029479744 0.09035976293065914 0.0017775358040930766
outer loop
vertex 6482.84 8397.61 1101.75
vertex 6484.400000000001 8380.58 1093.43
vertex 6448.26 8778.9 1093.43
endloop
endfacet
facet normal 0.9959076029479744 0.09035976293065914 0.0017775358040926325
outer loop
vertex 6482.84 8397.61 1101.75
vertex 6448.26 8778.9 1093.43
vertex 6446.7 8795.93 1101.75
endloop
endfacet
facet normal 0.9958722932760151 0.09035655924632342 -0.008606258556205325
outer loop
vertex 6484.400000000001 8380.58 1093.43
vertex 6449.6900000000005 8762.26 1084.2
vertex 6448.26 8778.9 1093.43
endloop
endfacet
facet normal 0.9958168658564507 0.09067653576173183 -0.011248801628921194
outer loop
vertex 6472.96 8506.68 1133.8600000000001
vertex 6436.6900000000005 8905 1133.8600000000001
vertex 6471.27 8525.53 1136.2
endloop
endfacet
facet normal -0.0147965275062046 0.1630811520827759 -0.9865016982292087
outer loop
vertex 6040.06 8850.14 1130.74
vertex 6038.37 8868.86 1133.8600000000001
vertex 6436.6900000000005 8905 1133.8600000000001
endloop
endfacet
facet normal -0.014796527506206822 0.16308115208279178 -0.9865016982292061
outer loop
vertex 6040.06 8850.14 1130.74
vertex 6436.6900000000005 8905 1133.8600000000001
vertex 6438.38 8886.28 1130.74
endloop
endfacet
facet normal 0.014849318380384577 -0.16307638536737548 0.9865016929935544
outer loop
vertex 6472.96 8506.68 1133.8600000000001
vertex 6074.64 8470.41 1133.8600000000001
vertex 6076.33 8451.69 1130.74
endloop
endfacet
facet normal 0.014849318380384481 -0.16307638536737482 0.9865016929935546
outer loop
vertex 6472.96 8506.68 1133.8600000000001
vertex 6076.33 8451.69 1130.74
vertex 6474.650000000001 8487.960000000001 1130.74
endloop
endfacet
facet normal -0.019068731854838532 0.21016760576699 -0.9774793915738681
outer loop
vertex 6041.75 8831.550000000001 1126.71
vertex 6040.06 8850.14 1130.74
vertex 6438.38 8886.28 1130.74
endloop
endfacet
facet normal -0.019068731854835683 0.2101676057669697 -0.9774793915738724
outer loop
vertex 6041.75 8831.550000000001 1126.71
vertex 6438.38 8886.28 1130.74
vertex 6440.070000000001 8867.69 1126.71
endloop
endfacet
facet normal 0.019136761275469896 -0.2101614213191367 0.9774793917812313
outer loop
vertex 6474.650000000001 8487.960000000001 1130.74
vertex 6076.33 8451.69 1130.74
vertex 6078.02 8433.1 1126.71
endloop
endfacet
facet normal 0.019136761275470017 -0.2101614213191376 0.9774793917812311
outer loop
vertex 6474.650000000001 8487.960000000001 1130.74
vertex 6078.02 8433.1 1126.71
vertex 6476.34 8469.37 1126.71
endloop
endfacet
facet normal -0.02326807599175902 0.2564510245998234 -0.9662771179228774
outer loop
vertex 6043.4400000000005 8813.09 1121.77
vertex 6041.75 8831.550000000001 1126.71
vertex 6440.070000000001 8867.69 1126.71
endloop
endfacet
facet normal -0.023504316804821616 0.25812626053753585 -0.9658252330067002
outer loop
vertex 6043.4400000000005 8813.09 1121.77
vertex 6440.070000000001 8867.69 1126.71
vertex 6441.76 8849.36 1121.77
endloop
endfacet
facet normal 0.023504316804821616 -0.25812626053753585 0.9658252330067002
outer loop
vertex 6476.34 8469.37 1126.71
vertex 6078.02 8433.1 1126.71
vertex 6079.71 8414.77 1121.77
endloop
endfacet
facet normal 0.023504316804821453 -0.2581262605375347 0.9658252330067004
outer loop
vertex 6476.34 8469.37 1126.71
vertex 6079.71 8414.77 1121.77
vertex 6478.030000000001 8451.04 1121.77
endloop
endfacet
facet normal -0.0278205309863683 0.30552726502591887 -0.9517768164761202
outer loop
vertex 6045.13 8795.02 1115.92
vertex 6043.4400000000005 8813.09 1121.77
vertex 6441.76 8849.36 1121.77
endloop
endfacet
facet normal -0.027820530986368303 0.305527265025919 -0.9517768164761201
outer loop
vertex 6045.13 8795.02 1115.92
vertex 6441.76 8849.36 1121.77
vertex 6443.45 8831.29 1115.92
endloop
endfacet
facet normal -0.9958723891216591 -0.09035656794250127 -0.008595069212689646
outer loop
vertex 6045.13 8795.02 1115.92
vertex 6081.27 8396.7 1115.92
vertex 6043.4400000000005 8813.09 1121.77
endloop
endfacet
facet normal 0.027836910302653714 -0.30570714396892507 0.9517185763402777
outer loop
vertex 6478.030000000001 8451.04 1121.77
vertex 6079.71 8414.77 1121.77
vertex 6081.27 8396.7 1115.92
endloop
endfacet
facet normal 0.02755966432321913 -0.3037511204544774 0.9523527296779493
outer loop
vertex 6478.030000000001 8451.04 1121.77
vertex 6081.27 8396.7 1115.92
vertex 6479.59 8432.84 1115.92
endloop
endfacet
facet normal -0.031530746266801635 0.3462731417974157 -0.9376037133616768
outer loop
vertex 6046.6900000000005 8777.210000000001 1109.29
vertex 6045.13 8795.02 1115.92
vertex 6443.45 8831.29 1115.92
endloop
endfacet
facet normal -0.03153074626679725 0.3462731417973849 -0.9376037133616884
outer loop
vertex 6046.6900000000005 8777.210000000001 1109.29
vertex 6443.45 8831.29 1115.92
vertex 6445.01 8813.48 1109.29
endloop
endfacet
facet normal 0.03140048990424275 -0.346083097361875 0.9376782491634241
outer loop
vertex 6479.59 8432.84 1115.92
vertex 6081.27 8396.7 1115.92
vertex 6082.96 8378.89 1109.29
endloop
endfacet
facet normal 0.03140048990424691 -0.3460830973619043 0.9376782491634132
outer loop
vertex 6479.59 8432.84 1115.92
vertex 6082.96 8378.89 1109.29
vertex 6481.280000000001 8415.03 1109.29
endloop
endfacet
facet normal -0.0359000844609682 0.3942575583814002 -0.9182985144248204
outer loop
vertex 6048.25 8759.79 1101.75
vertex 6046.6900000000005 8777.210000000001 1109.29
vertex 6445.01 8813.48 1109.29
endloop
endfacet
facet normal -0.03551888812057617 0.3916021298185887 -0.9194488460530162
outer loop
vertex 6048.25 8759.79 1101.75
vertex 6445.01 8813.48 1109.29
vertex 6446.7 8795.93 1101.75
endloop
endfacet
facet normal 0.035772449811879686 -0.39426901519279056 0.9182985764408892
outer loop
vertex 6481.280000000001 8415.03 1109.29
vertex 6082.96 8378.89 1109.29
vertex 6084.52 8361.470000000001 1101.75
endloop
endfacet
facet normal 0.035772449811875 -0.3942690151927579 0.9182985764409034
outer loop
vertex 6481.280000000001 8415.03 1109.29
vertex 6084.52 8361.470000000001 1101.75
vertex 6482.84 8397.61 1101.75
endloop
endfacet
facet normal -0.039277683451727496 0.43304352438685845 -0.9005168346950956
outer loop
vertex 6049.81 8742.630000000001 1093.43
vertex 6048.25 8759.79 1101.75
vertex 6446.7 8795.93 1101.75
endloop
endfacet
facet normal -0.039659281615214516 0.4356835059162619 -0.8992257914752443
outer loop
vertex 6049.81 8742.630000000001 1093.43
vertex 6446.7 8795.93 1101.75
vertex 6448.26 8778.9 1093.43
endloop
endfacet
facet normal -0.9958798287142551 -0.09068226899845708 0.0003047119253454047
outer loop
vertex 6049.81 8742.630000000001 1093.43
vertex 6086.08 8344.31 1093.43
vertex 6048.25 8759.79 1101.75
endloop
endfacet
facet normal 0.03929039771031507 -0.43304236900865906 0.9005168356511353
outer loop
vertex 6482.84 8397.61 1101.75
vertex 6084.52 8361.470000000001 1101.75
vertex 6086.08 8344.31 1093.43
endloop
endfacet
facet normal 0.03967211829781378 -0.435682331413979 0.8992257942938714
outer loop
vertex 6482.84 8397.61 1101.75
vertex 6086.08 8344.31 1093.43
vertex 6484.400000000001 8380.58 1093.43
endloop
endfacet
facet normal -0.04382545173909868 0.481451647241371 -0.8753762854615347
outer loop
vertex 6051.37 8725.99 1084.2
vertex 6049.81 8742.630000000001 1093.43
vertex 6448.26 8778.9 1093.43
endloop
endfacet
facet normal -0.04386334142572306 0.48171067429539083 -0.875231874161842
outer loop
vertex 6051.37 8725.99 1084.2
vertex 6448.26 8778.9 1093.43
vertex 6449.6900000000005 8762.26 1084.2
endloop
endfacet
facet normal 0.04386334142572306 -0.48171067429539083 0.875231874161842
outer loop
vertex 6484.400000000001 8380.58 1093.43
vertex 6086.08 8344.31 1093.43
vertex 6087.51 8327.67 1084.2
endloop
endfacet
facet normal 0.04341175729221392 -0.4786224320166826 0.876946969262816
outer loop
vertex 6484.400000000001 8380.58 1093.43
vertex 6087.51 8327.67 1084.2
vertex 6485.96 8363.81 1084.2
endloop
endfacet
facet normal 0.995876054609101 0.09065233906555792 0.003610717124620176
outer loop
vertex 6485.96 8363.81 1084.2
vertex 6449.6900000000005 8762.26 1084.2
vertex 6484.400000000001 8380.58 1093.43
endloop
endfacet
facet normal 0 0 -1
outer loop
vertex 6485.96 8363.81 1084.2
vertex 6087.51 8327.67 1084.2
vertex 6051.37 8725.99 1084.2
endloop
endfacet
facet normal 0 0 -1
outer loop
vertex 6485.96 8363.81 1084.2
vertex 6051.37 8725.99 1084.2
vertex 6449.6900000000005 8762.26 1084.2
endloop
endfacet
facet normal 0 0 1
outer loop
vertex 6015.1 9125.35 1084.2
vertex 6051.24 8727.03 1084.2
vertex 6449.6900000000005 8763.17 1084.2
endloop
endfacet
facet normal 0 0 1
outer loop
vertex 6015.1 9125.35 1084.2
vertex 6449.6900000000005 8763.17 1084.2
vertex 6413.42 9161.49 1084.2
endloop
endfacet
facet normal 0 1 0
outer loop
vertex 5480.93 15000.050000000001 3999.9700000000003
vertex 5480.93 15000.050000000001 1283.1000000000001
vertex 0 15000.050000000001 1283.1000000000001
endloop
endfacet
facet normal 0 1 0
outer loop
vertex 5480.93 15000.050000000001 3999.9700000000003
vertex 0 15000.050000000001 1283.1000000000001
vertex 0 15000.050000000001 3999.9700000000003
endloop
endfacet
facet normal 0 0.9999999999999999 0
outer loop
vertex 5480.93 15000.050000000001 1283.1000000000001
vertex 5882.63 15000.050000000001 1282.32
vertex 0 15000.050000000001 1282.32
endloop
endfacet
facet normal 0 1 0
outer loop
vertex 5480.93 15000.050000000001 1283.1000000000001
vertex 0 15000.050000000001 1282.32
vertex 0 15000.050000000001 1283.1000000000001
endloop
endfacet
facet normal 0 1 0
outer loop
vertex 10300.81 15000.050000000001 1282.32
vertex 5882.63 15000.050000000001 1282.32
vertex 5882.63 15000.050000000001 1291.81
endloop
endfacet
facet normal 0 1 0
outer loop
vertex 9363.9 15000.050000000001 851.37
vertex 5882.63 15000.050000000001 1282.32
vertex 10300.81 15000.050000000001 1282.32
endloop
endfacet
facet normal 0 1 0
outer loop
vertex 9363.9 15000.050000000001 851.37
vertex 10300.81 15000.050000000001 1282.32
vertex 19999.98 15000.050000000001 1261.39
endloop
endfacet
facet normal 0 0.9999999999999999 0
outer loop
vertex 9363.9 15000.050000000001 851.37
vertex 19999.98 15000.050000000001 1261.39
vertex 19999.98 15000.050000000001 0
endloop
endfacet
facet normal 0 0.9999999999999999 0
outer loop
vertex 9363.9 15000.050000000001 851.37
vertex 19999.98 15000.050000000001 0
vertex 0 15000.050000000001 0
endloop
endfacet
facet normal 0 1 0
outer loop
vertex 9363.9 15000.050000000001 851.37
vertex 0 15000.050000000001 0
vertex 0 15000.050000000001 1282.32
endloop
endfacet
facet normal 0 1 0
outer loop
vertex 9363.9 15000.050000000001 851.37
vertex 0 15000.050000000001 1282.32
vertex 5882.63 15000.050000000001 1282.32
endloop
endfacet
facet normal 0 0 -0.9999999999999999
outer loop
vertex 9325.94 10070.84 0
vertex 19999.98 15000.050000000001 0
vertex 19999.98 6784.7 0
endloop
endfacet
facet normal 0 0 -1
outer loop
vertex 9325.94 10070.84 0
vertex 19999.98 6784.7 0
vertex 6629.4800000000005 6784.7 0
endloop
endfacet
facet normal 0 0 -1
outer loop
vertex 9325.94 10070.84 0
vertex 6629.4800000000005 6784.7 0
vertex 0 6784.7 0
endloop
endfacet
facet normal 0 0 -1
outer loop
vertex 9325.94 10070.84 0
vertex 0 6784.7 0
vertex 0 15000.050000000001 0
endloop
endfacet
facet normal 0 0 -0.9999999999999999
outer loop
vertex 9325.94 10070.84 0
vertex 0 15000.050000000001 0
vertex 19999.98 15000.050000000001 0
endloop
endfacet
facet normal 0 0 -1
outer loop
vertex 6629.4800000000005 6784.7 0
vertex 6231.16 6748.56 0
vertex 0 6748.56 0
endloop
endfacet
facet normal 0 0 -1
outer loop
vertex 6629.4800000000005 6784.7 0
vertex 0 6748.56 0
vertex 0 6784.7 0
endloop
endfacet
facet normal 0 0 -1
outer loop
vertex 6231.16 6748.56 0
vertex 6844.63 0 0
vertex 0 0 0
endloop
endfacet
facet normal 0 0 -1
outer loop
vertex 6231.16 6748.56 0
vertex 0 0 0
vertex 0 6748.56 0
endloop
endfacet
facet normal 0 0 -1
outer loop
vertex 19999.98 6784.7 0
vertex 19999.98 0 0
vertex 7246.33 0 0
endloop
endfacet
facet normal 0 0 -1
outer loop
vertex 19999.98 6784.7 0
vertex 7246.33 0 0
vertex 6629.4800000000005 6784.7 0
endloop
endfacet
facet normal 0 0 1
outer loop
vertex 0 0 3999.9700000000003
vertex 6844.63 0 3999.9700000000003
vertex 5480.93 15000.050000000001 3999.9700000000003
endloop
endfacet
facet normal 0 0 1
outer loop
vertex 0 0 3999.9700000000003
vertex 5480.93 15000.050000000001 3999.9700000000003
vertex 0 15000.050000000001 3999.9700000000003
endloop
endfacet
facet normal 0.9999999999999999 0 0
outer loop
vertex 19999.98 7356.96 433.42
vertex 19999.98 0 905.84
vertex 19999.98 0 0
endloop
endfacet
facet normal 1 0 0
outer loop
vertex 19999.98 7356.96 433.42
vertex 19999.98 0 0
vertex 19999.98 6784.7 0
endloop
endfacet
facet normal 1 0 0
outer loop
vertex 19999.98 7356.96 433.42
vertex 19999.98 6784.7 0
vertex 19999.98 15000.050000000001 0
endloop
endfacet
facet normal 1 0 0
outer loop
vertex 19999.98 7356.96 433.42
vertex 19999.98 15000.050000000001 0
vertex 19999.98 15000.050000000001 1261.39
endloop
endfacet
facet normal 1 0 0
outer loop
vertex 19999.98 7356.96 433.42
vertex 19999.98 15000.050000000001 1261.39
vertex 19999.98 0 905.84
endloop
endfacet
facet normal 0 -0.9999999999999999 0
outer loop
vertex 7246.33 0 0
vertex 19999.98 0 0
vertex 19999.98 0 905.84
endloop
endfacet
facet normal 0 -1 0
outer loop
vertex 7246.33 0 0
vertex 19999.98 0 905.84
vertex 7246.33 0 933.27
endloop
endfacet
facet normal 0 -1 0
outer loop
vertex 0 0 3999.9700000000003
vertex 0 0 0
vertex 6844.63 0 0
endloop
endfacet
facet normal 0 -1 0
outer loop
vertex 0 0 3999.9700000000003
vertex 6844.63 0 0
vertex 6844.63 0 3999.9700000000003
endloop
endfacet
facet normal 0.07853756286594275 -0.8625057083198762 0.49991574723617843
outer loop
vertex 6466.9800000000005 8571.68 1289.21
vertex 6448.91 8770.84 1635.66
vertex 6050.59 8734.57 1635.66
endloop
endfacet
facet normal 0.07853756286594256 -0.8625057083198763 0.49991574723617827
outer loop
vertex 6466.9800000000005 8571.68 1289.21
vertex 6050.59 8734.57 1635.66
vertex 6068.66 8535.41 1289.21
endloop
endfacet
facet normal -0.07853756286594256 0.8625057083198763 -0.49991574723617827
outer loop
vertex 6151.08 7629.7 2276.17
vertex 6549.400000000001 7665.97 2276.17
vertex 6567.47 7466.81 1929.72
endloop
endfacet
facet normal -0.07853756286594275 0.8625057083198762 -0.49991574723617843
outer loop
vertex 6151.08 7629.7 2276.17
vertex 6567.47 7466.81 1929.72
vertex 6169.150000000001 7430.54 1929.72
endloop
endfacet
facet normal -0.04534007615840051 0.49792829157468593 0.866032155259529
outer loop
vertex 6169.150000000001 7430.54 1929.72
vertex 6567.47 7466.81 1929.72
vertex 6466.9800000000005 8571.68 1289.21
endloop
endfacet
facet normal -0.045340076158400536 0.497928291574686 0.866032155259529
outer loop
vertex 6169.150000000001 7430.54 1929.72
vertex 6466.9800000000005 8571.68 1289.21
vertex 6068.66 8535.41 1289.21
endloop
endfacet
facet normal 0.045340076158400536 -0.497928291574686 -0.866032155259529
outer loop
vertex 6448.91 8770.84 1635.66
vertex 6549.400000000001 7665.97 2276.17
vertex 6151.08 7629.7 2276.17
endloop
endfacet
facet normal 0.04534007615840051 -0.49792829157468593 -0.866032155259529
outer loop
vertex 6448.91 8770.84 1635.66
vertex 6151.08 7629.7 2276.17
vertex 6050.59 8734.57 1635.66
endloop
endfacet
facet normal 0.013530147440660173 -0.14858914608667842 0.9888064526364427
outer loop
vertex 6560.84 7540 405.34000000000003
vertex 6162.52 7503.7300000000005 405.34000000000003
vertex 6163.6900000000005 7490.860000000001 403.39
endloop
endfacet
facet normal 0.013351254382189167 -0.14715195477348286 0.98902378445251
outer loop
vertex 6560.84 7540 405.34000000000003
vertex 6163.6900000000005 7490.860000000001 403.39
vertex 6562.01 7527 403.39
endloop
endfacet
facet normal 0.016157238140737624 -0.1774400633090347 0.9839989672700623
outer loop
vertex 6559.67 7552.87 407.68
vertex 6161.35 7516.6 407.68
vertex 6162.52 7503.7300000000005 405.34000000000003
endloop
endfacet
facet normal 0.016157238140737624 -0.1774400633090347 0.9839989672700623
outer loop
vertex 6559.67 7552.87 407.68
vertex 6162.52 7503.7300000000005 405.34000000000003
vertex 6560.84 7540 405.34000000000003
endloop
endfacet
facet normal 0.01978363446337334 -0.2172654336766134 0.9759120550217281
outer loop
vertex 6558.5 7565.610000000001 410.54
vertex 6160.18 7529.34 410.54
vertex 6161.35 7516.6 407.68
endloop
endfacet
facet normal 0.01978363446337152 -0.21726543367659884 0.9759120550217315
outer loop
vertex 6558.5 7565.610000000001 410.54
vertex 6161.35 7516.6 407.68
vertex 6559.67 7552.87 407.68
endloop
endfacet
facet normal 0.021408804350399047 -0.23595890837993536 0.9715271775161185
outer loop
vertex 6557.33 7578.22 413.66
vertex 6159.01 7542.08 413.66
vertex 6160.18 7529.34 410.54
endloop
endfacet
facet normal 0.02169230873276975 -0.2382266450079056 0.9709673060150478
outer loop
vertex 6557.33 7578.22 413.66
vertex 6160.18 7529.34 410.54
vertex 6558.5 7565.610000000001 410.54
endloop
endfacet
facet normal 0.02496116496364042 -0.2751115447791202 0.9610882260088842
outer loop
vertex 6556.16 7590.83 417.3
vertex 6157.84 7554.6900000000005 417.3
vertex 6159.01 7542.08 413.66
endloop
endfacet
facet normal 0.024961164963642677 -0.2751115447791382 0.9610882260088789
outer loop
vertex 6556.16 7590.83 417.3
vertex 6159.01 7542.08 413.66
vertex 6557.33 7578.22 413.66
endloop
endfacet
facet normal 0.02800890698065035 -0.3076964153967464 0.9510722459843638
outer loop
vertex 6555.12 7603.31 421.33000000000004
vertex 6156.67 7567.04 421.33000000000004
vertex 6157.84 7554.6900000000005 417.3
endloop
endfacet
facet normal 0.02768068842595674 -0.3050849976155855 0.9519227509195078
outer loop
vertex 6555.12 7603.31 421.33000000000004
vertex 6157.84 7554.6900000000005 417.3
vertex 6556.16 7590.83 417.3
endloop
endfacet
facet normal 0.030353359907389892 -0.3345420674684954 0.9418918614343352
outer loop
vertex 6553.95 7615.530000000001 425.75
vertex 6155.63 7579.39 425.75
vertex 6156.67 7567.04 421.33000000000004
endloop
endfacet
facet normal 0.030710405360421692 -0.33737416641466417 0.9408695673889177
outer loop
vertex 6553.95 7615.530000000001 425.75
vertex 6156.67 7567.04 421.33000000000004
vertex 6555.12 7603.31 421.33000000000004
endloop
endfacet
facet normal 0.033377244043825374 -0.3666711576857564 0.9297516989505455
outer loop
vertex 6552.91 7627.75 430.56
vertex 6154.46 7591.4800000000005 430.56
vertex 6155.63 7579.39 425.75
endloop
endfacet
facet normal 0.0329928079576084 -0.3636329625255797 0.9309578632719865
outer loop
vertex 6552.91 7627.75 430.56
vertex 6155.63 7579.39 425.75
vertex 6553.95 7615.530000000001 425.75
endloop
endfacet
facet normal 0.03559157916401113 -0.3922755343832078 0.9191589332737733
outer loop
vertex 6551.74 7639.71 435.76
vertex 6153.42 7603.570000000001 435.76
vertex 6154.46 7591.4800000000005 430.56
endloop
endfacet
facet normal 0.036001791764788224 -0.3955035546920333 0.9177585789387592
outer loop
vertex 6551.74 7639.71 435.76
vertex 6154.46 7591.4800000000005 430.56
vertex 6552.91 7627.75 430.56
endloop
endfacet
facet normal 0.03896812998091352 -0.4279510762061666 0.9029614394977087
outer loop
vertex 6550.7 7651.54 441.35
vertex 6152.38 7615.27 441.35
vertex 6153.42 7603.570000000001 435.76
endloop
endfacet
facet normal 0.03848338806714719 -0.42414784545949935 0.9047749079383988
outer loop
vertex 6550.7 7651.54 441.35
vertex 6153.42 7603.570000000001 435.76
vertex 6551.74 7639.71 435.76
endloop
endfacet
facet normal 0.0409498516045188 -0.4514794790210393 0.8913413429637711
outer loop
vertex 6549.66 7663.110000000001 447.33000000000004
vertex 6151.21 7626.97 447.33000000000004
vertex 6152.38 7615.27 441.35
endloop
endfacet
facet normal 0.04150479523949727 -0.4558089340997177 0.8891094238433234
outer loop
vertex 6549.66 7663.110000000001 447.33000000000004
vertex 6152.38 7615.27 441.35
vertex 6550.7 7651.54 441.35
endloop
endfacet
facet normal 0.043806614700108715 -0.48297580595622996 0.8745372212601625
outer loop
vertex 6548.62 7674.55 453.7
vertex 6150.17 7638.41 453.7
vertex 6151.21 7626.97 447.33000000000004
endloop
endfacet
facet normal 0.04380661470010872 -0.48297580595623 0.8745372212601625
outer loop
vertex 6548.62 7674.55 453.7
vertex 6151.21 7626.97 447.33000000000004
vertex 6549.66 7663.110000000001 447.33000000000004
endloop
endfacet
facet normal 0.009795788561620116 -0.1079650940748363 0.994106423371194
outer loop
vertex 6562.01 7527 403.39
vertex 6163.6900000000005 7490.860000000001 403.39
vertex 6164.34 7482.54 402.48
endloop
endfacet
facet normal 0.00996647888773331 -0.10948837917886096 0.9939381087992182
outer loop
vertex 6562.01 7527 403.39
vertex 6164.34 7482.54 402.48
vertex 6562.79 7518.81 402.48
endloop
endfacet
facet normal -0.9958179529240193 -0.09035162888801342 -0.01353468845220798
outer loop
vertex 6421.35 9074.39 1121.77
vertex 6455.93 8694.14 1115.92
vertex 6457.49 8676.07 1121.77
endloop
endfacet
facet normal -0.995911738335618 -0.09033065685393314 0.00042647117674079896
outer loop
vertex 6416.54 9127.82 1101.75
vertex 6451.12 8746.53 1093.43
vertex 6452.68 8729.37 1101.75
endloop
endfacet
facet normal -0.9959844234836973 -0.08952668975142099 0
outer loop
vertex 6314.49 10249.59 450.71000000000004
vertex 6314.49 10249.59 448.89000000000004
vertex 6315.530000000001 10238.02 453.57
endloop
endfacet
facet normal -0.9959292468599895 -0.07862599317321496 0.04407820829412106
outer loop
vertex 6314.49 10249.59 450.71000000000004
vertex 6315.530000000001 10238.02 453.57
vertex 6315.14 10242.960000000001 453.57
endloop
endfacet
facet normal -0.9794274909648383 -0.0880384261541419 0.18157925394334956
outer loop
vertex 6315.400000000001 10239.710000000001 447.33000000000004
vertex 6315.27 10240.62 447.07
vertex 6316.31 10229.050000000001 447.07
endloop
endfacet
facet normal -0.9859203221129121 -0.0876373619655837 0.14241071319421494
outer loop
vertex 6315.400000000001 10239.710000000001 447.33000000000004
vertex 6316.31 10229.050000000001 447.07
vertex 6316.4400000000005 10228.01 447.33000000000004
endloop
endfacet
facet normal -0.9699197143024249 -0.07697775510344397 -0.23093326530999533
outer loop
vertex 6314.62 10248.81 447.07
vertex 6315.27 10240.62 447.07
vertex 6314.62 10248.42 447.2
endloop
endfacet
facet normal -0.9889027721163914 -0.12361284651460357 0.08240856434299548
outer loop
vertex 6314.88 10245.17 444.73
vertex 6314.62 10248.81 447.07
vertex 6314.49 10249.59 446.68
endloop
endfacet
facet normal -0.9961298500253747 -0.08789381029642894 0
outer loop
vertex 6314.88 10245.17 444.73
vertex 6314.49 10249.59 446.68
vertex 6314.49 10249.59 441.35
endloop
endfacet
facet normal -0.9706629393280484 -0.19413258786588128 -0.14186612190205722
outer loop
vertex 6314.88 10245.17 444.73
vertex 6314.49 10249.59 441.35
vertex 6314.62 10248.94 441.35
endloop
endfacet
facet normal -0.9954062621957445 -0.09209902499962554 -0.026156123099857317
outer loop
vertex 6314.88 10245.17 444.73
vertex 6314.62 10248.94 441.35
vertex 6316.31 10229.050000000001 447.07
endloop
endfacet
facet normal -0.9961248086676349 -0.08519488495186978 0.02184484229527967
outer loop
vertex 6314.88 10245.17 444.73
vertex 6316.31 10229.050000000001 447.07
vertex 6314.62 10248.81 447.07
endloop
endfacet
facet normal -0.9961193032060254 -0.08796025121061302 -0.0030541753891944402
outer loop
vertex 6552.26 7633.860000000001 441.74
vertex 6549.66 7663.110000000001 447.33000000000004
vertex 6550.7 7651.54 441.35
endloop
endfacet
facet normal -0.9961308960873219 -0.08787954319348194 0.0006509595792676975
outer loop
vertex 6552.26 7633.860000000001 441.74
vertex 6550.7 7651.54 441.35
vertex 6551.74 7639.71 435.76
endloop
endfacet
facet normal -0.9954843274409421 -0.09472944362587449 -0.006106253334713947
outer loop
vertex 6552.26 7633.860000000001 441.74
vertex 6551.74 7639.71 435.76
vertex 6552.91 7627.75 430.56
endloop
endfacet
facet normal -0.9959442792981272 -0.08952308128523831 -0.00897833228001452
outer loop
vertex 6552.26 7633.860000000001 441.74
vertex 6552.91 7627.75 430.56
vertex 6558.110000000001 7569.900000000001 430.56
endloop
endfacet
facet normal -0.9957597470435041 -0.09187751802127804 0.0045877935989343055
outer loop
vertex 6552.26 7633.860000000001 441.74
vertex 6558.110000000001 7569.900000000001 430.56
vertex 6554.47 7610.46 452.79
endloop
endfacet
facet normal -0.9958307621169069 -0.09098937856572009 0.006482762519502285
outer loop
vertex 6552.26 7633.860000000001 441.74
vertex 6554.47 7610.46 452.79
vertex 6548.62 7674.55 453.7
endloop
endfacet
facet normal -0.996149760320114 -0.08749499344893376 -0.005502829776627186
outer loop
vertex 6552.26 7633.860000000001 441.74
vertex 6548.62 7674.55 453.7
vertex 6549.66 7663.110000000001 447.33000000000004
endloop
endfacet
facet normal -0.9958290365323275 -0.09006205756752604 -0.014606703454231897
outer loop
vertex 6553.95 7615.530000000001 425.75
vertex 6555.12 7603.31 421.33000000000004
vertex 6559.67 7553 421.33000000000004
endloop
endfacet
facet normal -0.9958614313744739 -0.09053285739768853 -0.007988193299710481
outer loop
vertex 6553.95 7615.530000000001 425.75
vertex 6559.67 7553 421.33000000000004
vertex 6558.89 7561.1900000000005 425.75
endloop
endfacet
facet normal -0.9959044273517861 -0.09041223136894175 0
outer loop
vertex 6331.650000000001 10060.57 418.08000000000004
vertex 6314.49 10249.59 421.33000000000004
vertex 6314.49 10249.59 416.52000000000004
endloop
endfacet
facet normal -0.9957293929407299 -0.09054502825379313 -0.018015934402775415
outer loop
vertex 6331.650000000001 10060.57 418.08000000000004
vertex 6314.49 10249.59 416.52000000000004
vertex 6342.05 9947.08 413.66
endloop
endfacet
facet normal -0.9956040784705672 -0.09026120416912052 -0.025008677588250455
outer loop
vertex 6331.650000000001 10060.57 418.08000000000004
vertex 6342.05 9947.08 413.66
vertex 6343.09 9934.6 417.3
endloop
endfacet
facet normal -0.9958574035517981 -0.09049404856054308 0.008880257101770978
outer loop
vertex 6331.650000000001 10060.57 418.08000000000004
vertex 6343.09 9934.6 417.3
vertex 6344.26 9922.12 421.33000000000004
endloop
endfacet
facet normal -0.9958670857063802 -0.09053337142785424 0.007242669714093945
outer loop
vertex 6331.650000000001 10060.57 418.08000000000004
vertex 6344.26 9922.12 421.33000000000004
vertex 6314.49 10249.59 421.33000000000004
endloop
endfacet
facet normal -0.9957525125914023 -0.0920633349701804 -0.0011296114719968346
outer loop
vertex 6558.76 7562.75 413.92
vertex 6556.16 7590.83 417.3
vertex 6557.33 7578.22 413.66
endloop
endfacet
facet normal -0.9957520271991837 -0.09206625300662968 -0.001305904297931769
outer loop
vertex 6558.76 7562.75 413.92
vertex 6557.33 7578.22 413.66
vertex 6558.5 7565.610000000001 410.54
endloop
endfacet
facet normal -0.9957258239807008 -0.0923455401272337 -0.0015442398014031214
outer loop
vertex 6558.76 7562.75 413.92
vertex 6558.5 7565.610000000001 410.54
vertex 6561.49 7533.37 410.54
endloop
endfacet
facet normal -0.9957461731194411 -0.09204376390179658 -0.004183807449954391
outer loop
vertex 6558.76 7562.75 413.92
vertex 6561.49 7533.37 410.54
vertex 6560.320000000001 7545.72 417.3
endloop
endfacet
facet normal -0.9957700017325701 -0.09182893387737269 -0.003090396813143765
outer loop
vertex 6558.76 7562.75 413.92
vertex 6560.320000000001 7545.72 417.3
vertex 6556.16 7590.83 417.3
endloop
endfacet
facet normal -0.995881706706772 -0.09066215443506113 0
outer loop
vertex 6314.49 10249.59 407.68
vertex 6339.71 9972.56 407.68
vertex 6314.49 10249.59 409.76
endloop
endfacet
facet normal -0.9928550884822751 -0.09928550884817194 0.06619033923174263
outer loop
vertex 6560.84 7540 405.34000000000003
vertex 6562.01 7527 403.39
vertex 6562.66 7520.5 403.39
endloop
endfacet
facet normal -0.9952733306156311 -0.0890081840388156 -0.03883993485295016
outer loop
vertex 6560.84 7540 405.34000000000003
vertex 6562.66 7520.5 403.39
vertex 6562.27 7524.01 405.34000000000003
endloop
endfacet
facet normal -0.9958805278786227 -0.09067510238315524 0
outer loop
vertex 6314.49 10249.59 405.34000000000003
vertex 6314.49 10249.59 404.69
vertex 6337.37 9998.300000000001 403.39
endloop
endfacet
facet normal -0.9958807585136545 -0.09066827771900965 -0.0008821778372709556
outer loop
vertex 6314.49 10249.59 405.34000000000003
vertex 6337.37 9998.300000000001 403.39
vertex 6338.54 9985.43 405.34000000000003
endloop
endfacet
endsolid JSCAD
