solid JSCAD
facet normal -1 0 0
outer loop
vertex 0 0 0
vertex 0 0 3999.9700000000003
vertex 0 15000.050000000001 3999.9700000000003
endloop
endfacet
facet normal -1 0 0
outer loop
vertex 0 0 0
vertex 0 15000.050000000001 3999.9700000000003
vertex 0 15000.050000000001 0
endloop
endfacet
facet normal 1 0 0
outer loop
vertex 19999.98 0 0
vertex 19999.98 15000.050000000001 0
vertex 19999.98 15000.050000000001 3999.9700000000003
endloop
endfacet
facet normal 1 0 0
outer loop
vertex 19999.98 0 0
vertex 19999.98 15000.050000000001 3999.9700000000003
vertex 19999.98 0 3999.9700000000003
endloop
endfacet
facet normal 0 -1 0
outer loop
vertex 0 0 0
vertex 19999.98 0 0
vertex 19999.98 0 3999.9700000000003
endloop
endfacet
facet normal 0 -1 0
outer loop
vertex 0 0 0
vertex 19999.98 0 3999.9700000000003
vertex 0 0 3999.9700000000003
endloop
endfacet
facet normal 0 1 0
outer loop
vertex 0 15000.050000000001 0
vertex 0 15000.050000000001 3999.9700000000003
vertex 19999.98 15000.050000000001 3999.9700000000003
endloop
endfacet
facet normal 0 1 0
outer loop
vertex 0 15000.050000000001 0
vertex 19999.98 15000.050000000001 3999.9700000000003
vertex 19999.98 15000.050000000001 0
endloop
endfacet
facet normal 0 0 -1
outer loop
vertex 0 0 0
vertex 0 15000.050000000001 0
vertex 19999.98 15000.050000000001 0
endloop
endfacet
facet normal 0 0 -1
outer loop
vertex 0 0 0
vertex 19999.98 15000.050000000001 0
vertex 19999.98 0 0
endloop
endfacet
facet normal 0 0 1
outer loop
vertex 0 0 3999.9700000000003
vertex 19999.98 0 3999.9700000000003
vertex 19999.98 15000.050000000001 3999.9700000000003
endloop
endfacet
facet normal 0 0 1
outer loop
vertex 0 0 3999.9700000000003
vertex 19999.98 15000.050000000001 3999.9700000000003
vertex 0 15000.050000000001 3999.9700000000003
endloop
endfacet
facet normal 0.28737644350982366 -0.9578177173740551 0
outer loop
vertex 6942.52 9791.6 199.94
vertex 6942.52 9791.6 599.95
vertex 4942.47 9191.52 599.95
endloop
endfacet
facet normal 0.28737644350982366 -0.9578177173740551 0
outer loop
vertex 6942.52 9791.6 199.94
vertex 4942.47 9191.52 599.95
vertex 4942.47 9191.52 199.94
endloop
endfacet
facet normal 0 0 1
outer loop
vertex 10960.95 9796.15 199.94
vertex 10942.75 9790.69 199.94
vertex 11118.9 9790.69 199.94
endloop
endfacet
facet normal 0 0 1
outer loop
vertex 10960.95 9796.15 199.94
vertex 11118.9 9790.69 199.94
vertex 10999.95 9800.050000000001 199.94
endloop
endfacet
facet normal 0 0 1
outer loop
vertex 10939.5 9790.69 199.94
vertex 10942.75 9790.69 199.94
vertex 10942.49 9791.6 199.94
endloop
endfacet
facet normal 0 0 1
outer loop
vertex 6960.9800000000005 9796.15 199.94
vertex 6942.780000000001 9790.69 199.94
vertex 7118.93 9790.69 199.94
endloop
endfacet
facet normal 0 0 1
outer loop
vertex 6960.9800000000005 9796.15 199.94
vertex 7118.93 9790.69 199.94
vertex 6999.9800000000005 9800.050000000001 199.94
endloop
endfacet
facet normal 0 0 1
outer loop
vertex 6939.400000000001 9790.69 199.94
vertex 6942.780000000001 9790.69 199.94
vertex 6942.52 9791.6 199.94
endloop
endfacet
facet normal 0 0 1
outer loop
vertex 11147.11 9626.11 199.94
vertex 10942.75 9790.69 199.94
vertex 10939.5 9790.69 199.94
endloop
endfacet
facet normal 0 0 1
outer loop
vertex 11147.11 9626.11 199.94
vertex 10939.5 9790.69 199.94
vertex 9631.18 9398.220000000001 199.94
endloop
endfacet
facet normal 0 0 1
outer loop
vertex 11147.11 9626.11 199.94
vertex 9631.18 9398.220000000001 199.94
vertex 11023.220000000001 9398.220000000001 199.94
endloop
endfacet
facet normal 0 0 1
outer loop
vertex 11147.11 9626.11 199.94
vertex 11023.220000000001 9398.220000000001 199.94
vertex 11691.42 9398.220000000001 199.94
endloop
endfacet
facet normal 0 0 1
outer loop
vertex 11147.11 9626.11 199.94
vertex 11691.42 9398.220000000001 199.94
vertex 11647.220000000001 9470.24 199.94
endloop
endfacet
facet normal 0 0 1
outer loop
vertex 11147.11 9626.11 199.94
vertex 11647.220000000001 9470.24 199.94
vertex 11565.710000000001 9565.66 199.94
endloop
endfacet
facet normal 0 0 0.9999999999999999
outer loop
vertex 11147.11 9626.11 199.94
vertex 11565.710000000001 9565.66 199.94
vertex 11470.29 9647.17 199.94
endloop
endfacet
facet normal 0 0 1
outer loop
vertex 11147.11 9626.11 199.94
vertex 11470.29 9647.17 199.94
vertex 11363.17 9712.82 199.94
endloop
endfacet
facet normal 0 0 1
outer loop
vertex 11147.11 9626.11 199.94
vertex 11363.17 9712.82 199.94
vertex 11247.210000000001 9760.79 199.94
endloop
endfacet
facet normal 0 0 0.9999999999999999
outer loop
vertex 11147.11 9626.11 199.94
vertex 11247.210000000001 9760.79 199.94
vertex 11125.140000000001 9790.17 199.94
endloop
endfacet
facet normal 0 0 1
outer loop
vertex 11147.11 9626.11 199.94
vertex 11125.140000000001 9790.17 199.94
vertex 11118.9 9790.69 199.94
endloop
endfacet
facet normal 0 0 1
outer loop
vertex 11147.11 9626.11 199.94
vertex 11118.9 9790.69 199.94
vertex 10942.75 9790.69 199.94
endloop
endfacet
facet normal 0 0 1
outer loop
vertex 7147.14 9626.11 199.94
vertex 6942.780000000001 9790.69 199.94
vertex 6939.400000000001 9790.69 199.94
endloop
endfacet
facet normal 0 0 1
outer loop
vertex 7147.14 9626.11 199.94
vertex 6939.400000000001 9790.69 199.94
vertex 5631.21 9398.220000000001 199.94
endloop
endfacet
facet normal 0 0 1
outer loop
vertex 7147.14 9626.11 199.94
vertex 5631.21 9398.220000000001 199.94
vertex 7023.25 9398.220000000001 199.94
endloop
endfacet
facet normal 0 0 1
outer loop
vertex 7147.14 9626.11 199.94
vertex 7023.25 9398.220000000001 199.94
vertex 7691.320000000001 9398.220000000001 199.94
endloop
endfacet
facet normal 0 0 1
outer loop
vertex 7147.14 9626.11 199.94
vertex 7691.320000000001 9398.220000000001 199.94
vertex 7647.25 9470.24 199.94
endloop
endfacet
facet normal 0 0 1
outer loop
vertex 7147.14 9626.11 199.94
vertex 7647.25 9470.24 199.94
vertex 7565.740000000001 9565.66 199.94
endloop
endfacet
facet normal 0 0 0.9999999999999999
outer loop
vertex 7147.14 9626.11 199.94
vertex 7565.740000000001 9565.66 199.94
vertex 7470.1900000000005 9647.17 199.94
endloop
endfacet
facet normal 0 0 1
outer loop
vertex 7147.14 9626.11 199.94
vertex 7470.1900000000005 9647.17 199.94
vertex 7363.2 9712.82 199.94
endloop
endfacet
facet normal 0 0 1
outer loop
vertex 7147.14 9626.11 199.94
vertex 7363.2 9712.82 199.94
vertex 7247.240000000001 9760.79 199.94
endloop
endfacet
facet normal 0 0 1
outer loop
vertex 7147.14 9626.11 199.94
vertex 7247.240000000001 9760.79 199.94
vertex 7125.17 9790.17 199.94
endloop
endfacet
facet normal 0 0 1
outer loop
vertex 7147.14 9626.11 199.94
vertex 7125.17 9790.17 199.94
vertex 7118.93 9790.69 199.94
endloop
endfacet
facet normal 0 0 1
outer loop
vertex 7147.14 9626.11 199.94
vertex 7118.93 9790.69 199.94
vertex 6942.780000000001 9790.69 199.94
endloop
endfacet
facet normal 0 0 0.9999999999999999
outer loop
vertex 11023.220000000001 9398.220000000001 199.94
vertex 11062.61 9395.1 199.94
vertex 11693.24 9395.1 199.94
endloop
endfacet
facet normal 0 0 1
outer loop
vertex 11023.220000000001 9398.220000000001 199.94
vertex 11693.24 9395.1 199.94
vertex 11691.42 9398.220000000001 199.94
endloop
endfacet
facet normal 0 0 1
outer loop
vertex 7023.25 9398.220000000001 199.94
vertex 7062.51 9395.1 199.94
vertex 7693.27 9395.1 199.94
endloop
endfacet
facet normal 0 0 1
outer loop
vertex 7023.25 9398.220000000001 199.94
vertex 7693.27 9395.1 199.94
vertex 7691.320000000001 9398.220000000001 199.94
endloop
endfacet
facet normal 0 0 1
outer loop
vertex 11062.61 9395.1 199.94
vertex 11123.58 9380.41 199.94
vertex 11702.210000000001 9380.41 199.94
endloop
endfacet
facet normal 0 0 1
outer loop
vertex 11062.61 9395.1 199.94
vertex 11702.210000000001 9380.41 199.94
vertex 11693.24 9395.1 199.94
endloop
endfacet
facet normal 0 0 1
outer loop
vertex 7062.51 9395.1 199.94
vertex 7123.610000000001 9380.41 199.94
vertex 7702.240000000001 9380.41 199.94
endloop
endfacet
facet normal 0 0 1
outer loop
vertex 7062.51 9395.1 199.94
vertex 7702.240000000001 9380.41 199.94
vertex 7693.27 9395.1 199.94
endloop
endfacet
facet normal 0 0 1
outer loop
vertex 11487.19 9367.41 199.94
vertex 11123.58 9380.41 199.94
vertex 11181.56 9356.36 199.94
endloop
endfacet
facet normal 0 0 1
outer loop
vertex 11487.19 9367.41 199.94
vertex 11181.56 9356.36 199.94
vertex 11715.6 9356.36 199.94
endloop
endfacet
facet normal 0 0 0.9999999999999999
outer loop
vertex 11487.19 9367.41 199.94
vertex 11715.6 9356.36 199.94
vertex 11712.87 9363.25 199.94
endloop
endfacet
facet normal 0 0 1
outer loop
vertex 11487.19 9367.41 199.94
vertex 11712.87 9363.25 199.94
vertex 11702.210000000001 9380.41 199.94
endloop
endfacet
facet normal 0 0 1
outer loop
vertex 11487.19 9367.41 199.94
vertex 11702.210000000001 9380.41 199.94
vertex 11123.58 9380.41 199.94
endloop
endfacet
facet normal 0 0 1
outer loop
vertex 7487.22 9367.41 199.94
vertex 7123.610000000001 9380.41 199.94
vertex 7181.59 9356.36 199.94
endloop
endfacet
facet normal 0 0 1
outer loop
vertex 7487.22 9367.41 199.94
vertex 7181.59 9356.36 199.94
vertex 7715.63 9356.36 199.94
endloop
endfacet
facet normal 0 0 1
outer loop
vertex 7487.22 9367.41 199.94
vertex 7715.63 9356.36 199.94
vertex 7712.77 9363.25 199.94
endloop
endfacet
facet normal 0 0 1
outer loop
vertex 7487.22 9367.41 199.94
vertex 7712.77 9363.25 199.94
vertex 7702.240000000001 9380.41 199.94
endloop
endfacet
facet normal 0 0 0.9999999999999999
outer loop
vertex 7487.22 9367.41 199.94
vertex 7702.240000000001 9380.41 199.94
vertex 7123.610000000001 9380.41 199.94
endloop
endfacet
facet normal 0 0 1
outer loop
vertex 11181.56 9356.36 199.94
vertex 11235.12 9323.6 199.94
vertex 11729.25 9323.6 199.94
endloop
endfacet
facet normal 0 0 1
outer loop
vertex 11181.56 9356.36 199.94
vertex 11729.25 9323.6 199.94
vertex 11715.6 9356.36 199.94
endloop
endfacet
facet normal 0 0 1
outer loop
vertex 7181.59 9356.36 199.94
vertex 7235.150000000001 9323.6 199.94
vertex 7729.150000000001 9323.6 199.94
endloop
endfacet
facet normal 0 0 1
outer loop
vertex 7181.59 9356.36 199.94
vertex 7729.150000000001 9323.6 199.94
vertex 7715.63 9356.36 199.94
endloop
endfacet
facet normal 0 0 1
outer loop
vertex 11235.12 9323.6 199.94
vertex 11282.83 9282.78 199.94
vertex 11746.15 9282.78 199.94
endloop
endfacet
facet normal 0 0 1
outer loop
vertex 11235.12 9323.6 199.94
vertex 11746.15 9282.78 199.94
vertex 11729.25 9323.6 199.94
endloop
endfacet
facet normal 0 0 1
outer loop
vertex 7235.150000000001 9323.6 199.94
vertex 7282.860000000001 9282.78 199.94
vertex 7746.05 9282.78 199.94
endloop
endfacet
facet normal 0 0 1
outer loop
vertex 7235.150000000001 9323.6 199.94
vertex 7746.05 9282.78 199.94
vertex 7729.150000000001 9323.6 199.94
endloop
endfacet
facet normal 0 0 0.9999999999999999
outer loop
vertex 11575.460000000001 9256.52 199.94
vertex 11282.83 9282.78 199.94
vertex 11323.65 9235.07 199.94
endloop
endfacet
facet normal 0 0 1
outer loop
vertex 11575.460000000001 9256.52 199.94
vertex 11323.65 9235.07 199.94
vertex 11763.7 9235.07 199.94
endloop
endfacet
facet normal 0 0 1
outer loop
vertex 11575.460000000001 9256.52 199.94
vertex 11763.7 9235.07 199.94
vertex 11760.84 9247.16 199.94
endloop
endfacet
facet normal 0 0 1
outer loop
vertex 11575.460000000001 9256.52 199.94
vertex 11760.84 9247.16 199.94
vertex 11746.15 9282.78 199.94
endloop
endfacet
facet normal 0 0 1
outer loop
vertex 11575.460000000001 9256.52 199.94
vertex 11746.15 9282.78 199.94
vertex 11282.83 9282.78 199.94
endloop
endfacet
facet normal 0 0 1
outer loop
vertex 7575.360000000001 9256.52 199.94
vertex 7282.860000000001 9282.78 199.94
vertex 7323.55 9235.07 199.94
endloop
endfacet
facet normal 0 0 1
outer loop
vertex 7575.360000000001 9256.52 199.94
vertex 7323.55 9235.07 199.94
vertex 7763.7300000000005 9235.07 199.94
endloop
endfacet
facet normal 0 0 1
outer loop
vertex 7575.360000000001 9256.52 199.94
vertex 7763.7300000000005 9235.07 199.94
vertex 7760.87 9247.16 199.94
endloop
endfacet
facet normal 0 0 1
outer loop
vertex 7575.360000000001 9256.52 199.94
vertex 7760.87 9247.16 199.94
vertex 7746.05 9282.78 199.94
endloop
endfacet
facet normal 0 0 1
outer loop
vertex 7575.360000000001 9256.52 199.94
vertex 7746.05 9282.78 199.94
vertex 7282.860000000001 9282.78 199.94
endloop
endfacet
facet normal 0 0 1
outer loop
vertex 13220.74 9195.42 199.94
vertex 13000 9199.970000000001 199.94
vertex 12961 9196.2 199.94
endloop
endfacet
facet normal 0 0 1
outer loop
vertex 13220.74 9195.42 199.94
vertex 12961 9196.2 199.94
vertex 12942.800000000001 9190.61 199.94
endloop
endfacet
facet normal 0 0 1
outer loop
vertex 13220.74 9195.42 199.94
vertex 12942.800000000001 9190.61 199.94
vertex 13599.95 9190.61 199.94
endloop
endfacet
facet normal 0 0 1
outer loop
vertex 13220.74 9195.42 199.94
vertex 13599.95 9190.61 199.94
vertex 13599.95 9199.970000000001 199.94
endloop
endfacet
facet normal 0 0 1
outer loop
vertex 13220.74 9195.42 199.94
vertex 13599.95 9199.970000000001 199.94
vertex 13000 9199.970000000001 199.94
endloop
endfacet
facet normal 0 0 1
outer loop
vertex 12939.42 9190.61 199.94
vertex 12942.800000000001 9190.61 199.94
vertex 12942.54 9191.52 199.94
endloop
endfacet
facet normal 0 0 1
outer loop
vertex 11323.65 9235.07 199.94
vertex 11356.41 9181.64 199.94
vertex 11776.57 9181.64 199.94
endloop
endfacet
facet normal 0 0 1
outer loop
vertex 11323.65 9235.07 199.94
vertex 11776.57 9181.64 199.94
vertex 11763.7 9235.07 199.94
endloop
endfacet
facet normal 0 0 1
outer loop
vertex 7323.55 9235.07 199.94
vertex 7356.4400000000005 9181.64 199.94
vertex 7776.6 9181.64 199.94
endloop
endfacet
facet normal 0 0 1
outer loop
vertex 7323.55 9235.07 199.94
vertex 7776.6 9181.64 199.94
vertex 7763.7300000000005 9235.07 199.94
endloop
endfacet
facet normal 0 0 1
outer loop
vertex 11618.75 9147.19 199.94
vertex 11356.41 9181.64 199.94
vertex 11380.460000000001 9123.66 199.94
endloop
endfacet
facet normal 0 0 1
outer loop
vertex 11618.75 9147.19 199.94
vertex 11380.460000000001 9123.66 199.94
vertex 11790.220000000001 9123.66 199.94
endloop
endfacet
facet normal 0 0 1
outer loop
vertex 11618.75 9147.19 199.94
vertex 11790.220000000001 9123.66 199.94
vertex 11790.09 9125.09 199.94
endloop
endfacet
facet normal 0 0 1
outer loop
vertex 11618.75 9147.19 199.94
vertex 11790.09 9125.09 199.94
vertex 11776.57 9181.64 199.94
endloop
endfacet
facet normal 0 0 0.9999999999999999
outer loop
vertex 11618.75 9147.19 199.94
vertex 11776.57 9181.64 199.94
vertex 11356.41 9181.64 199.94
endloop
endfacet
facet normal 0 0 1
outer loop
vertex 7618.780000000001 9147.19 199.94
vertex 7356.4400000000005 9181.64 199.94
vertex 7380.360000000001 9123.66 199.94
endloop
endfacet
facet normal 0 0 1
outer loop
vertex 7618.780000000001 9147.19 199.94
vertex 7380.360000000001 9123.66 199.94
vertex 7790.25 9123.66 199.94
endloop
endfacet
facet normal 0 0 1
outer loop
vertex 7618.780000000001 9147.19 199.94
vertex 7790.25 9123.66 199.94
vertex 7790.12 9125.09 199.94
endloop
endfacet
facet normal 0 0 1
outer loop
vertex 7618.780000000001 9147.19 199.94
vertex 7790.12 9125.09 199.94
vertex 7776.6 9181.64 199.94
endloop
endfacet
facet normal 0 0 0.9999999999999999
outer loop
vertex 7618.780000000001 9147.19 199.94
vertex 7776.6 9181.64 199.94
vertex 7356.4400000000005 9181.64 199.94
endloop
endfacet
facet normal 0 0 1
outer loop
vertex 11380.460000000001 9123.66 199.94
vertex 11395.02 9062.56 199.94
vertex 11795.03 9062.56 199.94
endloop
endfacet
facet normal 0 0 1
outer loop
vertex 11380.460000000001 9123.66 199.94
vertex 11795.03 9062.56 199.94
vertex 11790.220000000001 9123.66 199.94
endloop
endfacet
facet normal 0 0 1
outer loop
vertex 7380.360000000001 9123.66 199.94
vertex 7395.05 9062.56 199.94
vertex 7795.06 9062.56 199.94
endloop
endfacet
facet normal 0 0 1
outer loop
vertex 7380.360000000001 9123.66 199.94
vertex 7795.06 9062.56 199.94
vertex 7790.25 9123.66 199.94
endloop
endfacet
facet normal 0 0 1
outer loop
vertex 11395.02 9062.56 199.94
vertex 11399.960000000001 9000.03 199.94
vertex 11799.970000000001 9000.03 199.94
endloop
endfacet
facet normal 0 0 1
outer loop
vertex 11395.02 9062.56 199.94
vertex 11799.970000000001 9000.03 199.94
vertex 11795.03 9062.56 199.94
endloop
endfacet
facet normal 0 0 1
outer loop
vertex 9631.18 9398.220000000001 199.94
vertex 8304.01 9000.03 199.94
vertex 9696.050000000001 9000.03 199.94
endloop
endfacet
facet normal 0 0 1
outer loop
vertex 9631.18 9398.220000000001 199.94
vertex 9696.050000000001 9000.03 199.94
vertex 11023.220000000001 9398.220000000001 199.94
endloop
endfacet
facet normal 0 0 1
outer loop
vertex 7395.05 9062.56 199.94
vertex 7399.990000000001 9000.03 199.94
vertex 7800 9000.03 199.94
endloop
endfacet
facet normal 0 0 1
outer loop
vertex 7395.05 9062.56 199.94
vertex 7800 9000.03 199.94
vertex 7795.06 9062.56 199.94
endloop
endfacet
facet normal 0 0 1
outer loop
vertex 5658.64 9197.630000000001 199.94
vertex 5631.21 9398.220000000001 199.94
vertex 4942.47 9191.52 199.94
endloop
endfacet
facet normal 0 0 1
outer loop
vertex 5658.64 9197.630000000001 199.94
vertex 4942.47 9191.52 199.94
vertex 5000.06 9000.03 199.94
endloop
endfacet
facet normal 0 0 1
outer loop
vertex 5658.64 9197.630000000001 199.94
vertex 5000.06 9000.03 199.94
vertex 5696.08 9000.03 199.94
endloop
endfacet
facet normal 0 0 1
outer loop
vertex 5658.64 9197.630000000001 199.94
vertex 5696.08 9000.03 199.94
vertex 7023.25 9398.220000000001 199.94
endloop
endfacet
facet normal 0 0 1
outer loop
vertex 5658.64 9197.630000000001 199.94
vertex 7023.25 9398.220000000001 199.94
vertex 5631.21 9398.220000000001 199.94
endloop
endfacet
facet normal 0 0 1
outer loop
vertex 11399.960000000001 9000.03 199.94
vertex 11395.02 8937.37 199.94
vertex 11795.03 8937.37 199.94
endloop
endfacet
facet normal 0 0 1
outer loop
vertex 11399.960000000001 9000.03 199.94
vertex 11795.03 8937.37 199.94
vertex 11799.970000000001 9000.03 199.94
endloop
endfacet
facet normal 0 0 1
outer loop
vertex 7399.990000000001 9000.03 199.94
vertex 7395.05 8937.37 199.94
vertex 7795.06 8937.37 199.94
endloop
endfacet
facet normal 0 0 1
outer loop
vertex 7399.990000000001 9000.03 199.94
vertex 7795.06 8937.37 199.94
vertex 7800 9000.03 199.94
endloop
endfacet
facet normal 0 0 0.9999999999999999
outer loop
vertex 13027.560000000001 9084.53 199.94
vertex 12942.800000000001 9190.61 199.94
vertex 12939.42 9190.61 199.94
endloop
endfacet
facet normal 0 0 1
outer loop
vertex 13027.560000000001 9084.53 199.94
vertex 12939.42 9190.61 199.94
vertex 12055.68 8925.54 199.94
endloop
endfacet
facet normal 0 0 1
outer loop
vertex 13027.560000000001 9084.53 199.94
vertex 12055.68 8925.54 199.94
vertex 13599.95 8925.54 199.94
endloop
endfacet
facet normal 0 0 1
outer loop
vertex 13027.560000000001 9084.53 199.94
vertex 13599.95 8925.54 199.94
vertex 13599.95 9190.61 199.94
endloop
endfacet
facet normal 0 0 1
outer loop
vertex 13027.560000000001 9084.53 199.94
vertex 13599.95 9190.61 199.94
vertex 12942.800000000001 9190.61 199.94
endloop
endfacet
facet normal 0 0 1
outer loop
vertex 11395.02 8937.37 199.94
vertex 11380.460000000001 8876.4 199.94
vertex 11790.220000000001 8876.4 199.94
endloop
endfacet
facet normal 0 0 1
outer loop
vertex 11395.02 8937.37 199.94
vertex 11790.220000000001 8876.4 199.94
vertex 11795.03 8937.37 199.94
endloop
endfacet
facet normal 0 0 1
outer loop
vertex 7395.05 8937.37 199.94
vertex 7380.360000000001 8876.4 199.94
vertex 7790.25 8876.4 199.94
endloop
endfacet
facet normal 0 0 1
outer loop
vertex 7395.05 8937.37 199.94
vertex 7790.25 8876.4 199.94
vertex 7795.06 8937.37 199.94
endloop
endfacet
facet normal 0 0 1
outer loop
vertex 12949.82 8881.73 199.94
vertex 12055.68 8925.54 199.94
vertex 11782.68 8843.64 199.94
endloop
endfacet
facet normal 0 0 1
outer loop
vertex 12949.82 8881.73 199.94
vertex 11782.68 8843.64 199.94
vertex 13663.52 8843.64 199.94
endloop
endfacet
facet normal 0 0 1
outer loop
vertex 12949.82 8881.73 199.94
vertex 13663.52 8843.64 199.94
vertex 13647.27 8870.29 199.94
endloop
endfacet
facet normal 0 0 1
outer loop
vertex 12949.82 8881.73 199.94
vertex 13647.27 8870.29 199.94
vertex 13599.95 8925.54 199.94
endloop
endfacet
facet normal 0 0 1
outer loop
vertex 12949.82 8881.73 199.94
vertex 13599.95 8925.54 199.94
vertex 12055.68 8925.54 199.94
endloop
endfacet
facet normal 0 0 1
outer loop
vertex 11622 8863.01 199.94
vertex 11380.460000000001 8876.4 199.94
vertex 11366.81 8843.64 199.94
endloop
endfacet
facet normal 0 0 1
outer loop
vertex 11622 8863.01 199.94
vertex 11366.81 8843.64 199.94
vertex 11782.68 8843.64 199.94
endloop
endfacet
facet normal 0 0 1
outer loop
vertex 11622 8863.01 199.94
vertex 11782.68 8843.64 199.94
vertex 11790.09 8874.84 199.94
endloop
endfacet
facet normal 0 0 1
outer loop
vertex 11622 8863.01 199.94
vertex 11790.09 8874.84 199.94
vertex 11790.220000000001 8876.4 199.94
endloop
endfacet
facet normal 0 0 1
outer loop
vertex 11622 8863.01 199.94
vertex 11790.220000000001 8876.4 199.94
vertex 11380.460000000001 8876.4 199.94
endloop
endfacet
facet normal 0 0 1
outer loop
vertex 8304.01 9000.03 199.94
vertex 7782.71 8843.64 199.94
vertex 10217.35 8843.64 199.94
endloop
endfacet
facet normal 0 0 1
outer loop
vertex 8304.01 9000.03 199.94
vertex 10217.35 8843.64 199.94
vertex 9696.050000000001 9000.03 199.94
endloop
endfacet
facet normal 0 0 1
outer loop
vertex 7622.030000000001 8863.01 199.94
vertex 7380.360000000001 8876.4 199.94
vertex 7366.84 8843.64 199.94
endloop
endfacet
facet normal 0 0 1
outer loop
vertex 7622.030000000001 8863.01 199.94
vertex 7366.84 8843.64 199.94
vertex 7782.71 8843.64 199.94
endloop
endfacet
facet normal 0 0 1
outer loop
vertex 7622.030000000001 8863.01 199.94
vertex 7782.71 8843.64 199.94
vertex 7790.12 8874.84 199.94
endloop
endfacet
facet normal 0 0 1
outer loop
vertex 7622.030000000001 8863.01 199.94
vertex 7790.12 8874.84 199.94
vertex 7790.25 8876.4 199.94
endloop
endfacet
facet normal 0 0 1
outer loop
vertex 7622.030000000001 8863.01 199.94
vertex 7790.25 8876.4 199.94
vertex 7380.360000000001 8876.4 199.94
endloop
endfacet
facet normal 0 0 1
outer loop
vertex 12369.630000000001 8833.5 199.94
vertex 11782.68 8843.64 199.94
vertex 11366.81 8843.64 199.94
endloop
endfacet
facet normal 0 0 1
outer loop
vertex 12369.630000000001 8833.5 199.94
vertex 11366.81 8843.64 199.94
vertex 11356.41 8818.42 199.94
endloop
endfacet
facet normal 0 0 1
outer loop
vertex 12369.630000000001 8833.5 199.94
vertex 11356.41 8818.42 199.94
vertex 13678.99 8818.42 199.94
endloop
endfacet
facet normal 0 0 1
outer loop
vertex 12369.630000000001 8833.5 199.94
vertex 13678.99 8818.42 199.94
vertex 13663.52 8843.64 199.94
endloop
endfacet
facet normal 0 0 1
outer loop
vertex 12369.630000000001 8833.5 199.94
vertex 13663.52 8843.64 199.94
vertex 11782.68 8843.64 199.94
endloop
endfacet
facet normal 0 0 1
outer loop
vertex 8604.960000000001 8833.5 199.94
vertex 7782.71 8843.64 199.94
vertex 7366.84 8843.64 199.94
endloop
endfacet
facet normal 0 0 1
outer loop
vertex 8604.960000000001 8833.5 199.94
vertex 7366.84 8843.64 199.94
vertex 7356.4400000000005 8818.42 199.94
endloop
endfacet
facet normal 0 0 1
outer loop
vertex 8604.960000000001 8833.5 199.94
vertex 7356.4400000000005 8818.42 199.94
vertex 10301.33 8818.42 199.94
endloop
endfacet
facet normal 0 0 1
outer loop
vertex 8604.960000000001 8833.5 199.94
vertex 10301.33 8818.42 199.94
vertex 10217.35 8843.64 199.94
endloop
endfacet
facet normal 0 0 1
outer loop
vertex 8604.960000000001 8833.5 199.94
vertex 10217.35 8843.64 199.94
vertex 7782.71 8843.64 199.94
endloop
endfacet
facet normal 0 0 0.9999999999999999
outer loop
vertex 12618.84 8806.2 199.94
vertex 11356.41 8818.42 199.94
vertex 11344.06 8798.14 199.94
endloop
endfacet
facet normal 0 0 1
outer loop
vertex 12618.84 8806.2 199.94
vertex 11344.06 8798.14 199.94
vertex 13023.27 8798.14 199.94
endloop
endfacet
facet normal 0 0 0.9999999999999999
outer loop
vertex 12618.84 8806.2 199.94
vertex 13023.27 8798.14 199.94
vertex 13691.34 8798.14 199.94
endloop
endfacet
facet normal 0 0 1
outer loop
vertex 12618.84 8806.2 199.94
vertex 13691.34 8798.14 199.94
vertex 13678.99 8818.42 199.94
endloop
endfacet
facet normal 0 0 0.9999999999999999
outer loop
vertex 12618.84 8806.2 199.94
vertex 13678.99 8818.42 199.94
vertex 11356.41 8818.42 199.94
endloop
endfacet
facet normal 0 0 1
outer loop
vertex 13023.27 8798.14 199.94
vertex 13062.53 8795.02 199.94
vertex 13693.29 8795.02 199.94
endloop
endfacet
facet normal 0 0 1
outer loop
vertex 13023.27 8798.14 199.94
vertex 13693.29 8795.02 199.94
vertex 13691.34 8798.14 199.94
endloop
endfacet
facet normal 0 0 1
outer loop
vertex 8877.960000000001 8802.17 199.94
vertex 7356.4400000000005 8818.42 199.94
vertex 7339.67 8791.25 199.94
endloop
endfacet
facet normal 0 0 0.9999999999999999
outer loop
vertex 8877.960000000001 8802.17 199.94
vertex 7339.67 8791.25 199.94
vertex 9000.03 8791.25 199.94
endloop
endfacet
facet normal 0 0 1
outer loop
vertex 8877.960000000001 8802.17 199.94
vertex 9000.03 8791.25 199.94
vertex 10392.07 8791.25 199.94
endloop
endfacet
facet normal 0 0 1
outer loop
vertex 8877.960000000001 8802.17 199.94
vertex 10392.07 8791.25 199.94
vertex 10301.33 8818.42 199.94
endloop
endfacet
facet normal 0 0 0.9999999999999999
outer loop
vertex 8877.960000000001 8802.17 199.94
vertex 10301.33 8818.42 199.94
vertex 7356.4400000000005 8818.42 199.94
endloop
endfacet
facet normal 0 0 1
outer loop
vertex 13062.53 8795.02 199.94
vertex 13123.630000000001 8780.460000000001 199.94
vertex 13702.26 8780.460000000001 199.94
endloop
endfacet
facet normal 0 0 0.9999999999999999
outer loop
vertex 13062.53 8795.02 199.94
vertex 13702.26 8780.460000000001 199.94
vertex 13693.29 8795.02 199.94
endloop
endfacet
facet normal 0 0 1
outer loop
vertex 11344.06 8798.14 199.94
vertex 11323.65 8764.86 199.94
vertex 12912.25 8764.86 199.94
endloop
endfacet
facet normal 0 0 1
outer loop
vertex 11344.06 8798.14 199.94
vertex 12912.25 8764.86 199.94
vertex 13023.27 8798.14 199.94
endloop
endfacet
facet normal 0 0 1
outer loop
vertex 7339.67 8791.25 199.94
vertex 7323.55 8764.86 199.94
vertex 8912.28 8764.86 199.94
endloop
endfacet
facet normal 0 0 1
outer loop
vertex 7339.67 8791.25 199.94
vertex 8912.28 8764.86 199.94
vertex 9000.03 8791.25 199.94
endloop
endfacet
facet normal 0 0 0.9999999999999999
outer loop
vertex 13487.24 8767.33 199.94
vertex 13123.630000000001 8780.460000000001 199.94
vertex 13181.61 8756.41 199.94
endloop
endfacet
facet normal 0 0 1
outer loop
vertex 13487.24 8767.33 199.94
vertex 13181.61 8756.41 199.94
vertex 13715.65 8756.41 199.94
endloop
endfacet
facet normal 0 0 0.9999999999999999
outer loop
vertex 13487.24 8767.33 199.94
vertex 13715.65 8756.41 199.94
vertex 13712.79 8763.17 199.94
endloop
endfacet
facet normal 0 0 0.9999999999999999
outer loop
vertex 13487.24 8767.33 199.94
vertex 13712.79 8763.17 199.94
vertex 13702.26 8780.460000000001 199.94
endloop
endfacet
facet normal 0 0 1
outer loop
vertex 13487.24 8767.33 199.94
vertex 13702.26 8780.460000000001 199.94
vertex 13123.630000000001 8780.460000000001 199.94
endloop
endfacet
facet normal 0 0 1
outer loop
vertex 13181.61 8756.41 199.94
vertex 13235.17 8723.65 199.94
vertex 13729.17 8723.65 199.94
endloop
endfacet
facet normal 0 0 1
outer loop
vertex 13181.61 8756.41 199.94
vertex 13729.17 8723.65 199.94
vertex 13715.65 8756.41 199.94
endloop
endfacet
facet normal 0 0 0.9999999999999999
outer loop
vertex 9000.03 8791.25 199.94
vertex 9240.4 8719.1 199.94
vertex 10632.44 8719.1 199.94
endloop
endfacet
facet normal 0 0 1
outer loop
vertex 9000.03 8791.25 199.94
vertex 10632.44 8719.1 199.94
vertex 10392.07 8791.25 199.94
endloop
endfacet
facet normal 0 0 1
outer loop
vertex 11323.65 8764.86 199.94
vertex 11282.83 8717.15 199.94
vertex 12753.26 8717.15 199.94
endloop
endfacet
facet normal 0 0 0.9999999999999999
outer loop
vertex 11323.65 8764.86 199.94
vertex 12753.26 8717.15 199.94
vertex 12912.25 8764.86 199.94
endloop
endfacet
facet normal 0 0 1
outer loop
vertex 7323.55 8764.86 199.94
vertex 7282.860000000001 8717.15 199.94
vertex 8753.16 8717.15 199.94
endloop
endfacet
facet normal 0 0 1
outer loop
vertex 7323.55 8764.86 199.94
vertex 8753.16 8717.15 199.94
vertex 8912.28 8764.86 199.94
endloop
endfacet
facet normal 0 0 1
outer loop
vertex 13235.17 8723.65 199.94
vertex 13282.880000000001 8682.83 199.94
vertex 13746.07 8682.83 199.94
endloop
endfacet
facet normal 0 0 1
outer loop
vertex 13235.17 8723.65 199.94
vertex 13746.07 8682.83 199.94
vertex 13729.17 8723.65 199.94
endloop
endfacet
facet normal 0 0 1
outer loop
vertex 9240.4 8719.1 199.94
vertex 9282.78 8682.83 199.94
vertex 10753.210000000001 8682.83 199.94
endloop
endfacet
facet normal 0 0 1
outer loop
vertex 9240.4 8719.1 199.94
vertex 10753.210000000001 8682.83 199.94
vertex 10632.44 8719.1 199.94
endloop
endfacet
facet normal 0 0 1
outer loop
vertex 11282.83 8717.15 199.94
vertex 11240.45 8680.880000000001 199.94
vertex 12632.49 8680.880000000001 199.94
endloop
endfacet
facet normal 0 0 1
outer loop
vertex 11282.83 8717.15 199.94
vertex 12632.49 8680.880000000001 199.94
vertex 12753.26 8717.15 199.94
endloop
endfacet
facet normal 0 0 1
outer loop
vertex 7282.860000000001 8717.15 199.94
vertex 7240.4800000000005 8680.880000000001 199.94
vertex 8632.52 8680.880000000001 199.94
endloop
endfacet
facet normal 0 0 0.9999999999999999
outer loop
vertex 7282.860000000001 8717.15 199.94
vertex 8632.52 8680.880000000001 199.94
vertex 8753.16 8717.15 199.94
endloop
endfacet
facet normal 0 0 1
outer loop
vertex 13575.380000000001 8656.57 199.94
vertex 13282.880000000001 8682.83 199.94
vertex 13323.57 8635.12 199.94
endloop
endfacet
facet normal 0 0 1
outer loop
vertex 13575.380000000001 8656.57 199.94
vertex 13323.57 8635.12 199.94
vertex 13763.75 8635.12 199.94
endloop
endfacet
facet normal 0 0 1
outer loop
vertex 13575.380000000001 8656.57 199.94
vertex 13763.75 8635.12 199.94
vertex 13760.890000000001 8647.210000000001 199.94
endloop
endfacet
facet normal 0 0 0.9999999999999999
outer loop
vertex 13575.380000000001 8656.57 199.94
vertex 13760.890000000001 8647.210000000001 199.94
vertex 13746.07 8682.83 199.94
endloop
endfacet
facet normal 0 0 1
outer loop
vertex 13575.380000000001 8656.57 199.94
vertex 13746.07 8682.83 199.94
vertex 13282.880000000001 8682.83 199.94
endloop
endfacet
facet normal 0 0 1
outer loop
vertex 9282.78 8682.83 199.94
vertex 9323.6 8635.12 199.94
vertex 10912.33 8635.12 199.94
endloop
endfacet
facet normal 0 0 1
outer loop
vertex 9282.78 8682.83 199.94
vertex 10912.33 8635.12 199.94
vertex 10753.210000000001 8682.83 199.94
endloop
endfacet
facet normal 0 0 1
outer loop
vertex 11240.45 8680.880000000001 199.94
vertex 10999.95 8608.86 199.94
vertex 12391.99 8608.86 199.94
endloop
endfacet
facet normal 0 0 1
outer loop
vertex 11240.45 8680.880000000001 199.94
vertex 12391.99 8608.86 199.94
vertex 12632.49 8680.880000000001 199.94
endloop
endfacet
facet normal 0 0 1
outer loop
vertex 9323.6 8635.12 199.94
vertex 9339.720000000001 8608.86 199.94
vertex 10999.95 8608.86 199.94
endloop
endfacet
facet normal 0 0 1
outer loop
vertex 9323.6 8635.12 199.94
vertex 10999.95 8608.86 199.94
vertex 10912.33 8635.12 199.94
endloop
endfacet
facet normal 0 0 1
outer loop
vertex 7240.4800000000005 8680.880000000001 199.94
vertex 6999.9800000000005 8608.86 199.94
vertex 8392.02 8608.86 199.94
endloop
endfacet
facet normal 0 0 0.9999999999999999
outer loop
vertex 7240.4800000000005 8680.880000000001 199.94
vertex 8392.02 8608.86 199.94
vertex 8632.52 8680.880000000001 199.94
endloop
endfacet
facet normal 0 0 1
outer loop
vertex 5649.28 8805.29 199.94
vertex 5000.06 9000.03 199.94
vertex 4942.47 8808.41 199.94
endloop
endfacet
facet normal 0 0 1
outer loop
vertex 5649.28 8805.29 199.94
vertex 4942.47 8808.41 199.94
vertex 5607.9400000000005 8608.86 199.94
endloop
endfacet
facet normal 0 0 1
outer loop
vertex 5649.28 8805.29 199.94
vertex 5607.9400000000005 8608.86 199.94
vertex 6999.9800000000005 8608.86 199.94
endloop
endfacet
facet normal 0 0 1
outer loop
vertex 5649.28 8805.29 199.94
vertex 6999.9800000000005 8608.86 199.94
vertex 5696.08 9000.03 199.94
endloop
endfacet
facet normal 0 0 1
outer loop
vertex 5649.28 8805.29 199.94
vertex 5696.08 9000.03 199.94
vertex 5000.06 9000.03 199.94
endloop
endfacet
facet normal 0 0 1
outer loop
vertex 13323.57 8635.12 199.94
vertex 13356.460000000001 8581.56 199.94
vertex 13776.62 8581.56 199.94
endloop
endfacet
facet normal 0 0 0.9999999999999999
outer loop
vertex 13323.57 8635.12 199.94
vertex 13776.62 8581.56 199.94
vertex 13763.75 8635.12 199.94
endloop
endfacet
facet normal 0 0 1
outer loop
vertex 10877.880000000001 8597.94 199.94
vertex 10999.95 8608.86 199.94
vertex 9339.720000000001 8608.86 199.94
endloop
endfacet
facet normal 0 0 1
outer loop
vertex 10877.880000000001 8597.94 199.94
vertex 9339.720000000001 8608.86 199.94
vertex 9356.36 8581.56 199.94
endloop
endfacet
facet normal 0 0 0.9999999999999999
outer loop
vertex 10877.880000000001 8597.94 199.94
vertex 9356.36 8581.56 199.94
vertex 12301.380000000001 8581.56 199.94
endloop
endfacet
facet normal 0 0 1
outer loop
vertex 10877.880000000001 8597.94 199.94
vertex 12301.380000000001 8581.56 199.94
vertex 12391.99 8608.86 199.94
endloop
endfacet
facet normal 0 0 1
outer loop
vertex 10877.880000000001 8597.94 199.94
vertex 12391.99 8608.86 199.94
vertex 10999.95 8608.86 199.94
endloop
endfacet
facet normal 0 0 0.9999999999999999
outer loop
vertex 10604.880000000001 8566.48 199.94
vertex 9356.36 8581.56 199.94
vertex 9366.89 8556.34 199.94
endloop
endfacet
facet normal 0 0 1
outer loop
vertex 10604.880000000001 8566.48 199.94
vertex 9366.89 8556.34 199.94
vertex 9782.630000000001 8556.34 199.94
endloop
endfacet
facet normal 0 0 1
outer loop
vertex 10604.880000000001 8566.48 199.94
vertex 9782.630000000001 8556.34 199.94
vertex 12217.4 8556.34 199.94
endloop
endfacet
facet normal 0 0 1
outer loop
vertex 10604.880000000001 8566.48 199.94
vertex 12217.4 8556.34 199.94
vertex 12301.380000000001 8581.56 199.94
endloop
endfacet
facet normal 0 0 1
outer loop
vertex 10604.880000000001 8566.48 199.94
vertex 12301.380000000001 8581.56 199.94
vertex 9356.36 8581.56 199.94
endloop
endfacet
facet normal 0 0 1
outer loop
vertex 13618.800000000001 8547.11 199.94
vertex 13356.460000000001 8581.56 199.94
vertex 13380.380000000001 8523.58 199.94
endloop
endfacet
facet normal 0 0 1
outer loop
vertex 13618.800000000001 8547.11 199.94
vertex 13380.380000000001 8523.58 199.94
vertex 13790.27 8523.58 199.94
endloop
endfacet
facet normal 0 0 1
outer loop
vertex 13618.800000000001 8547.11 199.94
vertex 13790.27 8523.58 199.94
vertex 13790.140000000001 8525.14 199.94
endloop
endfacet
facet normal 0 0 1
outer loop
vertex 13618.800000000001 8547.11 199.94
vertex 13790.140000000001 8525.14 199.94
vertex 13776.62 8581.56 199.94
endloop
endfacet
facet normal 0 0 0.9999999999999999
outer loop
vertex 13618.800000000001 8547.11 199.94
vertex 13776.62 8581.56 199.94
vertex 13356.460000000001 8581.56 199.94
endloop
endfacet
facet normal 0 0 1
outer loop
vertex 9622.08 8536.970000000001 199.94
vertex 9366.89 8556.34 199.94
vertex 9380.41 8523.58 199.94
endloop
endfacet
facet normal 0 0 1
outer loop
vertex 9622.08 8536.970000000001 199.94
vertex 9380.41 8523.58 199.94
vertex 9790.300000000001 8523.58 199.94
endloop
endfacet
facet normal 0 0 1
outer loop
vertex 9622.08 8536.970000000001 199.94
vertex 9790.300000000001 8523.58 199.94
vertex 9790.17 8525.14 199.94
endloop
endfacet
facet normal 0 0 1
outer loop
vertex 9622.08 8536.970000000001 199.94
vertex 9790.17 8525.14 199.94
vertex 9782.630000000001 8556.34 199.94
endloop
endfacet
facet normal 0 0 1
outer loop
vertex 9622.08 8536.970000000001 199.94
vertex 9782.630000000001 8556.34 199.94
vertex 9366.89 8556.34 199.94
endloop
endfacet
facet normal 0 0 1
outer loop
vertex 13380.380000000001 8523.58 199.94
vertex 13395.07 8462.61 199.94
vertex 13795.08 8462.61 199.94
endloop
endfacet
facet normal 0 0 1
outer loop
vertex 13380.380000000001 8523.58 199.94
vertex 13795.08 8462.61 199.94
vertex 13790.27 8523.58 199.94
endloop
endfacet
facet normal 0 0 1
outer loop
vertex 9380.41 8523.58 199.94
vertex 9395.1 8462.61 199.94
vertex 9795.11 8462.61 199.94
endloop
endfacet
facet normal 0 0 1
outer loop
vertex 9380.41 8523.58 199.94
vertex 9795.11 8462.61 199.94
vertex 9790.300000000001 8523.58 199.94
endloop
endfacet
facet normal 0 0 1
outer loop
vertex 13395.07 8462.61 199.94
vertex 13400.01 8399.95 199.94
vertex 13800.02 8399.95 199.94
endloop
endfacet
facet normal 0 0 1
outer loop
vertex 13395.07 8462.61 199.94
vertex 13800.02 8399.95 199.94
vertex 13795.08 8462.61 199.94
endloop
endfacet
facet normal 0 0 1
outer loop
vertex 9782.630000000001 8556.34 199.94
vertex 10303.93 8399.95 199.94
vertex 11695.970000000001 8399.95 199.94
endloop
endfacet
facet normal 0 0 1
outer loop
vertex 9782.630000000001 8556.34 199.94
vertex 11695.970000000001 8399.95 199.94
vertex 12217.4 8556.34 199.94
endloop
endfacet
facet normal 0 0 1
outer loop
vertex 9395.1 8462.61 199.94
vertex 9400.04 8399.95 199.94
vertex 9800.050000000001 8399.95 199.94
endloop
endfacet
facet normal 0 0 1
outer loop
vertex 9395.1 8462.61 199.94
vertex 9800.050000000001 8399.95 199.94
vertex 9795.11 8462.61 199.94
endloop
endfacet
facet normal 0 0 1
outer loop
vertex 6999.9800000000005 8525.27 199.94
vertex 6999.9800000000005 8608.86 199.94
vertex 5607.9400000000005 8608.86 199.94
endloop
endfacet
facet normal 0 0 1
outer loop
vertex 6999.9800000000005 8525.27 199.94
vertex 5607.9400000000005 8608.86 199.94
vertex 6303.96 8399.95 199.94
endloop
endfacet
facet normal 0 0 1
outer loop
vertex 6999.9800000000005 8525.27 199.94
vertex 6303.96 8399.95 199.94
vertex 7696 8399.95 199.94
endloop
endfacet
facet normal 0 0 1
outer loop
vertex 6999.9800000000005 8525.27 199.94
vertex 7696 8399.95 199.94
vertex 8392.02 8608.86 199.94
endloop
endfacet
facet normal 0 0 1
outer loop
vertex 6999.9800000000005 8525.27 199.94
vertex 8392.02 8608.86 199.94
vertex 6999.9800000000005 8608.86 199.94
endloop
endfacet
facet normal 0 0 0.9999999999999999
outer loop
vertex 13400.01 8399.95 199.94
vertex 13395.07 8337.42 199.94
vertex 13795.08 8337.42 199.94
endloop
endfacet
facet normal 0 0 0.9999999999999999
outer loop
vertex 13400.01 8399.95 199.94
vertex 13795.08 8337.42 199.94
vertex 13800.02 8399.95 199.94
endloop
endfacet
facet normal 0 0 0.9999999999999999
outer loop
vertex 9400.04 8399.95 199.94
vertex 9395.1 8337.42 199.94
vertex 9795.11 8337.42 199.94
endloop
endfacet
facet normal 0 0 0.9999999999999999
outer loop
vertex 9400.04 8399.95 199.94
vertex 9795.11 8337.42 199.94
vertex 9800.050000000001 8399.95 199.94
endloop
endfacet
facet normal 0 0 1
outer loop
vertex 13395.07 8337.42 199.94
vertex 13380.380000000001 8276.45 199.94
vertex 13790.27 8276.45 199.94
endloop
endfacet
facet normal 0 0 1
outer loop
vertex 13395.07 8337.42 199.94
vertex 13790.27 8276.45 199.94
vertex 13795.08 8337.42 199.94
endloop
endfacet
facet normal 0 0 1
outer loop
vertex 9395.1 8337.42 199.94
vertex 9380.41 8276.45 199.94
vertex 9790.300000000001 8276.45 199.94
endloop
endfacet
facet normal 0 0 1
outer loop
vertex 9395.1 8337.42 199.94
vertex 9790.300000000001 8276.45 199.94
vertex 9795.11 8337.42 199.94
endloop
endfacet
facet normal 0 0 0.9999999999999999
outer loop
vertex 13618.800000000001 8252.92 199.94
vertex 13380.380000000001 8276.45 199.94
vertex 13356.460000000001 8218.34 199.94
endloop
endfacet
facet normal 0 0 1
outer loop
vertex 13618.800000000001 8252.92 199.94
vertex 13356.460000000001 8218.34 199.94
vertex 13776.62 8218.34 199.94
endloop
endfacet
facet normal 0 0 1
outer loop
vertex 13618.800000000001 8252.92 199.94
vertex 13776.62 8218.34 199.94
vertex 13790.140000000001 8274.89 199.94
endloop
endfacet
facet normal 0 0 1
outer loop
vertex 13618.800000000001 8252.92 199.94
vertex 13790.140000000001 8274.89 199.94
vertex 13790.27 8276.45 199.94
endloop
endfacet
facet normal 0 0 1
outer loop
vertex 13618.800000000001 8252.92 199.94
vertex 13790.27 8276.45 199.94
vertex 13380.380000000001 8276.45 199.94
endloop
endfacet
facet normal 0 0 1
outer loop
vertex 9618.83 8252.92 199.94
vertex 9380.41 8276.45 199.94
vertex 9356.36 8218.34 199.94
endloop
endfacet
facet normal 0 0 1
outer loop
vertex 9618.83 8252.92 199.94
vertex 9356.36 8218.34 199.94
vertex 9776.65 8218.34 199.94
endloop
endfacet
facet normal 0 0 1
outer loop
vertex 9618.83 8252.92 199.94
vertex 9776.65 8218.34 199.94
vertex 9790.17 8274.89 199.94
endloop
endfacet
facet normal 0 0 1
outer loop
vertex 9618.83 8252.92 199.94
vertex 9790.17 8274.89 199.94
vertex 9790.300000000001 8276.45 199.94
endloop
endfacet
facet normal 0 0 1
outer loop
vertex 9618.83 8252.92 199.94
vertex 9790.300000000001 8276.45 199.94
vertex 9380.41 8276.45 199.94
endloop
endfacet
facet normal 0 0 1
outer loop
vertex 13356.460000000001 8218.34 199.94
vertex 13323.57 8164.91 199.94
vertex 13763.75 8164.91 199.94
endloop
endfacet
facet normal 0 0 1
outer loop
vertex 13356.460000000001 8218.34 199.94
vertex 13763.75 8164.91 199.94
vertex 13776.62 8218.34 199.94
endloop
endfacet
facet normal 0 0 1
outer loop
vertex 9356.36 8218.34 199.94
vertex 9323.6 8164.91 199.94
vertex 9763.78 8164.91 199.94
endloop
endfacet
facet normal 0 0 0.9999999999999999
outer loop
vertex 9356.36 8218.34 199.94
vertex 9763.78 8164.91 199.94
vertex 9776.65 8218.34 199.94
endloop
endfacet
facet normal 0 0 1
outer loop
vertex 13575.380000000001 8143.46 199.94
vertex 13323.57 8164.91 199.94
vertex 13282.880000000001 8117.200000000001 199.94
endloop
endfacet
facet normal 0 0 1
outer loop
vertex 13575.380000000001 8143.46 199.94
vertex 13282.880000000001 8117.200000000001 199.94
vertex 13746.07 8117.200000000001 199.94
endloop
endfacet
facet normal 0 0 1
outer loop
vertex 13575.380000000001 8143.46 199.94
vertex 13746.07 8117.200000000001 199.94
vertex 13760.890000000001 8152.820000000001 199.94
endloop
endfacet
facet normal 0 0 1
outer loop
vertex 13575.380000000001 8143.46 199.94
vertex 13760.890000000001 8152.820000000001 199.94
vertex 13763.75 8164.91 199.94
endloop
endfacet
facet normal 0 0 1
outer loop
vertex 13575.380000000001 8143.46 199.94
vertex 13763.75 8164.91 199.94
vertex 13323.57 8164.91 199.94
endloop
endfacet
facet normal 0 0 1
outer loop
vertex 9575.41 8143.46 199.94
vertex 9323.6 8164.91 199.94
vertex 9282.78 8117.200000000001 199.94
endloop
endfacet
facet normal 0 0 1
outer loop
vertex 9575.41 8143.46 199.94
vertex 9282.78 8117.200000000001 199.94
vertex 9746.1 8117.200000000001 199.94
endloop
endfacet
facet normal 0 0 0.9999999999999999
outer loop
vertex 9575.41 8143.46 199.94
vertex 9746.1 8117.200000000001 199.94
vertex 9760.79 8152.820000000001 199.94
endloop
endfacet
facet normal 0 0 1
outer loop
vertex 9575.41 8143.46 199.94
vertex 9760.79 8152.820000000001 199.94
vertex 9763.78 8164.91 199.94
endloop
endfacet
facet normal 0 0 1
outer loop
vertex 9575.41 8143.46 199.94
vertex 9763.78 8164.91 199.94
vertex 9323.6 8164.91 199.94
endloop
endfacet
facet normal 0 0 1
outer loop
vertex 13282.880000000001 8117.200000000001 199.94
vertex 13235.17 8076.38 199.94
vertex 13729.17 8076.38 199.94
endloop
endfacet
facet normal 0 0 1
outer loop
vertex 13282.880000000001 8117.200000000001 199.94
vertex 13729.17 8076.38 199.94
vertex 13746.07 8117.200000000001 199.94
endloop
endfacet
facet normal 0 0 1
outer loop
vertex 9282.78 8117.200000000001 199.94
vertex 9235.07 8076.38 199.94
vertex 9729.2 8076.38 199.94
endloop
endfacet
facet normal 0 0 0.9999999999999999
outer loop
vertex 9282.78 8117.200000000001 199.94
vertex 9729.2 8076.38 199.94
vertex 9746.1 8117.200000000001 199.94
endloop
endfacet
facet normal 0 0 1
outer loop
vertex 13235.17 8076.38 199.94
vertex 13181.61 8043.62 199.94
vertex 13715.65 8043.62 199.94
endloop
endfacet
facet normal 0 0 1
outer loop
vertex 13235.17 8076.38 199.94
vertex 13715.65 8043.62 199.94
vertex 13729.17 8076.38 199.94
endloop
endfacet
facet normal 0 0 1
outer loop
vertex 9235.07 8076.38 199.94
vertex 9181.64 8043.62 199.94
vertex 9715.68 8043.62 199.94
endloop
endfacet
facet normal 0 0 1
outer loop
vertex 9235.07 8076.38 199.94
vertex 9715.68 8043.62 199.94
vertex 9729.2 8076.38 199.94
endloop
endfacet
facet normal 0 0 1
outer loop
vertex 13487.24 8032.700000000001 199.94
vertex 13181.61 8043.62 199.94
vertex 13123.630000000001 8019.570000000001 199.94
endloop
endfacet
facet normal 0 0 1
outer loop
vertex 13487.24 8032.700000000001 199.94
vertex 13123.630000000001 8019.570000000001 199.94
vertex 13702.26 8019.570000000001 199.94
endloop
endfacet
facet normal 0 0 0.9999999999999999
outer loop
vertex 13487.24 8032.700000000001 199.94
vertex 13702.26 8019.570000000001 199.94
vertex 13712.79 8036.860000000001 199.94
endloop
endfacet
facet normal 0 0 1
outer loop
vertex 13487.24 8032.700000000001 199.94
vertex 13712.79 8036.860000000001 199.94
vertex 13715.65 8043.62 199.94
endloop
endfacet
facet normal 0 0 1
outer loop
vertex 13487.24 8032.700000000001 199.94
vertex 13715.65 8043.62 199.94
vertex 13181.61 8043.62 199.94
endloop
endfacet
facet normal 0 0 0.9999999999999999
outer loop
vertex 9487.27 8032.700000000001 199.94
vertex 9181.64 8043.62 199.94
vertex 9123.66 8019.570000000001 199.94
endloop
endfacet
facet normal 0 0 1
outer loop
vertex 9487.27 8032.700000000001 199.94
vertex 9123.66 8019.570000000001 199.94
vertex 9702.29 8019.570000000001 199.94
endloop
endfacet
facet normal 0 0 1
outer loop
vertex 9487.27 8032.700000000001 199.94
vertex 9702.29 8019.570000000001 199.94
vertex 9712.82 8036.860000000001 199.94
endloop
endfacet
facet normal 0 0 1
outer loop
vertex 9487.27 8032.700000000001 199.94
vertex 9712.82 8036.860000000001 199.94
vertex 9715.68 8043.62 199.94
endloop
endfacet
facet normal 0 0 1
outer loop
vertex 9487.27 8032.700000000001 199.94
vertex 9715.68 8043.62 199.94
vertex 9181.64 8043.62 199.94
endloop
endfacet
facet normal 0 0 1
outer loop
vertex 13123.630000000001 8019.570000000001 199.94
vertex 13062.53 8004.88 199.94
vertex 13693.29 8004.88 199.94
endloop
endfacet
facet normal 0 0 1
outer loop
vertex 13123.630000000001 8019.570000000001 199.94
vertex 13693.29 8004.88 199.94
vertex 13702.26 8019.570000000001 199.94
endloop
endfacet
facet normal 0 0 1
outer loop
vertex 9123.66 8019.570000000001 199.94
vertex 9062.56 8004.88 199.94
vertex 9693.32 8004.88 199.94
endloop
endfacet
facet normal 0 0 1
outer loop
vertex 9123.66 8019.570000000001 199.94
vertex 9693.32 8004.88 199.94
vertex 9702.29 8019.570000000001 199.94
endloop
endfacet
facet normal 0 0 1
outer loop
vertex 13062.53 8004.88 199.94
vertex 13023.27 8001.89 199.94
vertex 13691.34 8001.89 199.94
endloop
endfacet
facet normal 0 0 1
outer loop
vertex 13062.53 8004.88 199.94
vertex 13691.34 8001.89 199.94
vertex 13693.29 8004.88 199.94
endloop
endfacet
facet normal 0 0 1
outer loop
vertex 10303.93 8399.95 199.94
vertex 11631.23 8001.89 199.94
vertex 13023.27 8001.89 199.94
endloop
endfacet
facet normal 0 0 1
outer loop
vertex 10303.93 8399.95 199.94
vertex 13023.27 8001.89 199.94
vertex 11695.970000000001 8399.95 199.94
endloop
endfacet
facet normal 0 0 1
outer loop
vertex 9062.56 8004.88 199.94
vertex 9023.300000000001 8001.89 199.94
vertex 9691.37 8001.89 199.94
endloop
endfacet
facet normal 0 0 1
outer loop
vertex 9062.56 8004.88 199.94
vertex 9691.37 8001.89 199.94
vertex 9693.32 8004.88 199.94
endloop
endfacet
facet normal 0 0 1
outer loop
vertex 6303.96 8399.95 199.94
vertex 7631.26 8001.89 199.94
vertex 9023.300000000001 8001.89 199.94
endloop
endfacet
facet normal 0 0 1
outer loop
vertex 6303.96 8399.95 199.94
vertex 9023.300000000001 8001.89 199.94
vertex 7696 8399.95 199.94
endloop
endfacet
facet normal 0 0 0.9999999999999999
outer loop
vertex 13147.16 7773.87 199.94
vertex 13023.27 8001.89 199.94
vertex 11631.23 8001.89 199.94
endloop
endfacet
facet normal 0 0 1
outer loop
vertex 13147.16 7773.87 199.94
vertex 11631.23 8001.89 199.94
vertex 12939.42 7609.42 199.94
endloop
endfacet
facet normal 0 0 1
outer loop
vertex 13147.16 7773.87 199.94
vertex 12939.42 7609.42 199.94
vertex 12942.800000000001 7609.42 199.94
endloop
endfacet
facet normal 0 0 1
outer loop
vertex 13147.16 7773.87 199.94
vertex 12942.800000000001 7609.42 199.94
vertex 13118.82 7609.42 199.94
endloop
endfacet
facet normal 0 0 1
outer loop
vertex 13147.16 7773.87 199.94
vertex 13118.82 7609.42 199.94
vertex 13125.19 7609.81 199.94
endloop
endfacet
facet normal 0 0 1
outer loop
vertex 13147.16 7773.87 199.94
vertex 13125.19 7609.81 199.94
vertex 13247.26 7639.1900000000005 199.94
endloop
endfacet
facet normal 0 0 0.9999999999999999
outer loop
vertex 13147.16 7773.87 199.94
vertex 13247.26 7639.1900000000005 199.94
vertex 13363.220000000001 7687.16 199.94
endloop
endfacet
facet normal 0 0 1
outer loop
vertex 13147.16 7773.87 199.94
vertex 13363.220000000001 7687.16 199.94
vertex 13470.210000000001 7752.81 199.94
endloop
endfacet
facet normal 0 0 1
outer loop
vertex 13147.16 7773.87 199.94
vertex 13470.210000000001 7752.81 199.94
vertex 13565.630000000001 7834.320000000001 199.94
endloop
endfacet
facet normal 0 0 1
outer loop
vertex 13147.16 7773.87 199.94
vertex 13565.630000000001 7834.320000000001 199.94
vertex 13647.27 7929.740000000001 199.94
endloop
endfacet
facet normal 0 0 1
outer loop
vertex 13147.16 7773.87 199.94
vertex 13647.27 7929.740000000001 199.94
vertex 13691.34 8001.89 199.94
endloop
endfacet
facet normal 0 0 1
outer loop
vertex 13147.16 7773.87 199.94
vertex 13691.34 8001.89 199.94
vertex 13023.27 8001.89 199.94
endloop
endfacet
facet normal 0 0 0.9999999999999999
outer loop
vertex 9147.19 7773.87 199.94
vertex 9023.300000000001 8001.89 199.94
vertex 7631.26 8001.89 199.94
endloop
endfacet
facet normal 0 0 1
outer loop
vertex 9147.19 7773.87 199.94
vertex 7631.26 8001.89 199.94
vertex 8939.45 7609.42 199.94
endloop
endfacet
facet normal 0 0 1
outer loop
vertex 9147.19 7773.87 199.94
vertex 8939.45 7609.42 199.94
vertex 8942.83 7609.42 199.94
endloop
endfacet
facet normal 0 0 1
outer loop
vertex 9147.19 7773.87 199.94
vertex 8942.83 7609.42 199.94
vertex 9118.85 7609.42 199.94
endloop
endfacet
facet normal 0 0 1
outer loop
vertex 9147.19 7773.87 199.94
vertex 9118.85 7609.42 199.94
vertex 9125.09 7609.81 199.94
endloop
endfacet
facet normal 0 0 0.9999999999999999
outer loop
vertex 9147.19 7773.87 199.94
vertex 9125.09 7609.81 199.94
vertex 9247.16 7639.1900000000005 199.94
endloop
endfacet
facet normal 0 0 1
outer loop
vertex 9147.19 7773.87 199.94
vertex 9247.16 7639.1900000000005 199.94
vertex 9363.25 7687.16 199.94
endloop
endfacet
facet normal 0 0 0.9999999999999999
outer loop
vertex 9147.19 7773.87 199.94
vertex 9363.25 7687.16 199.94
vertex 9470.24 7752.81 199.94
endloop
endfacet
facet normal 0 0 1
outer loop
vertex 9147.19 7773.87 199.94
vertex 9470.24 7752.81 199.94
vertex 9565.66 7834.320000000001 199.94
endloop
endfacet
facet normal 0 0 1
outer loop
vertex 9147.19 7773.87 199.94
vertex 9565.66 7834.320000000001 199.94
vertex 9647.17 7929.740000000001 199.94
endloop
endfacet
facet normal 0 0 1
outer loop
vertex 9147.19 7773.87 199.94
vertex 9647.17 7929.740000000001 199.94
vertex 9691.37 8001.89 199.94
endloop
endfacet
facet normal 0 0 1
outer loop
vertex 9147.19 7773.87 199.94
vertex 9691.37 8001.89 199.94
vertex 9023.300000000001 8001.89 199.94
endloop
endfacet
facet normal 0 0 1
outer loop
vertex 12939.42 7609.42 199.94
vertex 12942.54 7608.38 199.94
vertex 12942.800000000001 7609.42 199.94
endloop
endfacet
facet normal 0 0 0.9999999999999999
outer loop
vertex 8939.45 7609.42 199.94
vertex 8942.57 7608.38 199.94
vertex 8942.83 7609.42 199.94
endloop
endfacet
facet normal 0 0 1
outer loop
vertex 12942.800000000001 7609.42 199.94
vertex 12961 7603.83 199.94
vertex 13000 7600.06 199.94
endloop
endfacet
facet normal 0 0 1
outer loop
vertex 12942.800000000001 7609.42 199.94
vertex 13000 7600.06 199.94
vertex 13118.82 7609.42 199.94
endloop
endfacet
facet normal 0 0 1
outer loop
vertex 8942.83 7609.42 199.94
vertex 8961.03 7603.83 199.94
vertex 9000.03 7600.06 199.94
endloop
endfacet
facet normal 0 0 1
outer loop
vertex 8942.83 7609.42 199.94
vertex 9000.03 7600.06 199.94
vertex 9118.85 7609.42 199.94
endloop
endfacet
facet normal 0 0 -1
outer loop
vertex 6942.780000000001 9790.69 599.95
vertex 6939.400000000001 9790.69 599.95
vertex 6942.52 9791.6 599.95
endloop
endfacet
facet normal 0 0 -1
outer loop
vertex 7118.93 9790.69 599.95
vertex 6942.780000000001 9790.69 599.95
vertex 6960.9800000000005 9796.15 599.95
endloop
endfacet
facet normal 0 0 -1
outer loop
vertex 7118.93 9790.69 599.95
vertex 6960.9800000000005 9796.15 599.95
vertex 6999.9800000000005 9800.050000000001 599.95
endloop
endfacet
facet normal 0 0 -1
outer loop
vertex 10942.75 9790.69 599.95
vertex 10939.5 9790.69 599.95
vertex 10942.49 9791.6 599.95
endloop
endfacet
facet normal 0 0 -1
outer loop
vertex 11118.9 9790.69 599.95
vertex 10942.75 9790.69 599.95
vertex 10960.95 9796.15 599.95
endloop
endfacet
facet normal 0 0 -1
outer loop
vertex 11118.9 9790.69 599.95
vertex 10960.95 9796.15 599.95
vertex 10999.95 9800.050000000001 599.95
endloop
endfacet
facet normal 0 0 -1
outer loop
vertex 7147.14 9626.11 599.95
vertex 6942.780000000001 9790.69 599.95
vertex 7118.93 9790.69 599.95
endloop
endfacet
facet normal 0 0 -1
outer loop
vertex 7147.14 9626.11 599.95
vertex 7118.93 9790.69 599.95
vertex 7125.17 9790.17 599.95
endloop
endfacet
facet normal 0 0 -1
outer loop
vertex 7147.14 9626.11 599.95
vertex 7125.17 9790.17 599.95
vertex 7247.240000000001 9760.79 599.95
endloop
endfacet
facet normal 0 0 -1
outer loop
vertex 7147.14 9626.11 599.95
vertex 7247.240000000001 9760.79 599.95
vertex 7363.2 9712.82 599.95
endloop
endfacet
facet normal 0 0 -1
outer loop
vertex 7147.14 9626.11 599.95
vertex 7363.2 9712.82 599.95
vertex 7470.1900000000005 9647.17 599.95
endloop
endfacet
facet normal 0 0 -0.9999999999999999
outer loop
vertex 7147.14 9626.11 599.95
vertex 7470.1900000000005 9647.17 599.95
vertex 7565.740000000001 9565.66 599.95
endloop
endfacet
facet normal 0 0 -1
outer loop
vertex 7147.14 9626.11 599.95
vertex 7565.740000000001 9565.66 599.95
vertex 7647.25 9470.24 599.95
endloop
endfacet
facet normal 0 0 -1
outer loop
vertex 7147.14 9626.11 599.95
vertex 7647.25 9470.24 599.95
vertex 7691.320000000001 9398.220000000001 599.95
endloop
endfacet
facet normal 0 0 -1
outer loop
vertex 7147.14 9626.11 599.95
vertex 7691.320000000001 9398.220000000001 599.95
vertex 7023.25 9398.220000000001 599.95
endloop
endfacet
facet normal 0 0 -1
outer loop
vertex 7147.14 9626.11 599.95
vertex 7023.25 9398.220000000001 599.95
vertex 5631.21 9398.220000000001 599.95
endloop
endfacet
facet normal 0 0 -1
outer loop
vertex 7147.14 9626.11 599.95
vertex 5631.21 9398.220000000001 599.95
vertex 6939.400000000001 9790.69 599.95
endloop
endfacet
facet normal 0 0 -1
outer loop
vertex 7147.14 9626.11 599.95
vertex 6939.400000000001 9790.69 599.95
vertex 6942.780000000001 9790.69 599.95
endloop
endfacet
facet normal 0 0 -1
outer loop
vertex 11147.11 9626.11 599.95
vertex 10942.75 9790.69 599.95
vertex 11118.9 9790.69 599.95
endloop
endfacet
facet normal 0 0 -1
outer loop
vertex 11147.11 9626.11 599.95
vertex 11118.9 9790.69 599.95
vertex 11125.140000000001 9790.17 599.95
endloop
endfacet
facet normal 0 0 -0.9999999999999999
outer loop
vertex 11147.11 9626.11 599.95
vertex 11125.140000000001 9790.17 599.95
vertex 11247.210000000001 9760.79 599.95
endloop
endfacet
facet normal 0 0 -1
outer loop
vertex 11147.11 9626.11 599.95
vertex 11247.210000000001 9760.79 599.95
vertex 11363.17 9712.82 599.95
endloop
endfacet
facet normal 0 0 -1
outer loop
vertex 11147.11 9626.11 599.95
vertex 11363.17 9712.82 599.95
vertex 11470.29 9647.17 599.95
endloop
endfacet
facet normal 0 0 -0.9999999999999999
outer loop
vertex 11147.11 9626.11 599.95
vertex 11470.29 9647.17 599.95
vertex 11565.710000000001 9565.66 599.95
endloop
endfacet
facet normal 0 0 -1
outer loop
vertex 11147.11 9626.11 599.95
vertex 11565.710000000001 9565.66 599.95
vertex 11647.220000000001 9470.24 599.95
endloop
endfacet
facet normal 0 0 -1
outer loop
vertex 11147.11 9626.11 599.95
vertex 11647.220000000001 9470.24 599.95
vertex 11691.42 9398.220000000001 599.95
endloop
endfacet
facet normal 0 0 -1
outer loop
vertex 11147.11 9626.11 599.95
vertex 11691.42 9398.220000000001 599.95
vertex 11023.220000000001 9398.220000000001 599.95
endloop
endfacet
facet normal 0 0 -1
outer loop
vertex 11147.11 9626.11 599.95
vertex 11023.220000000001 9398.220000000001 599.95
vertex 9631.18 9398.220000000001 599.95
endloop
endfacet
facet normal 0 0 -1
outer loop
vertex 11147.11 9626.11 599.95
vertex 9631.18 9398.220000000001 599.95
vertex 10939.5 9790.69 599.95
endloop
endfacet
facet normal 0 0 -1
outer loop
vertex 11147.11 9626.11 599.95
vertex 10939.5 9790.69 599.95
vertex 10942.75 9790.69 599.95
endloop
endfacet
facet normal 0 0 -0.9999999999999999
outer loop
vertex 7691.320000000001 9398.220000000001 599.95
vertex 7693.27 9395.1 599.95
vertex 7062.51 9395.1 599.95
endloop
endfacet
facet normal 0 0 -1
outer loop
vertex 7691.320000000001 9398.220000000001 599.95
vertex 7062.51 9395.1 599.95
vertex 7023.25 9398.220000000001 599.95
endloop
endfacet
facet normal 0 0 -0.9999999999999999
outer loop
vertex 11691.42 9398.220000000001 599.95
vertex 11693.24 9395.1 599.95
vertex 11062.61 9395.1 599.95
endloop
endfacet
facet normal 0 0 -1
outer loop
vertex 11691.42 9398.220000000001 599.95
vertex 11062.61 9395.1 599.95
vertex 11023.220000000001 9398.220000000001 599.95
endloop
endfacet
facet normal 0 0 -1
outer loop
vertex 7693.27 9395.1 599.95
vertex 7702.240000000001 9380.41 599.95
vertex 7123.610000000001 9380.41 599.95
endloop
endfacet
facet normal 0 0 -1
outer loop
vertex 7693.27 9395.1 599.95
vertex 7123.610000000001 9380.41 599.95
vertex 7062.51 9395.1 599.95
endloop
endfacet
facet normal 0 0 -1
outer loop
vertex 11693.24 9395.1 599.95
vertex 11702.210000000001 9380.41 599.95
vertex 11123.58 9380.41 599.95
endloop
endfacet
facet normal 0 0 -1
outer loop
vertex 11693.24 9395.1 599.95
vertex 11123.58 9380.41 599.95
vertex 11062.61 9395.1 599.95
endloop
endfacet
facet normal 0 0 -1
outer loop
vertex 7487.22 9367.41 599.95
vertex 7702.240000000001 9380.41 599.95
vertex 7712.77 9363.25 599.95
endloop
endfacet
facet normal 0 0 -1
outer loop
vertex 7487.22 9367.41 599.95
vertex 7712.77 9363.25 599.95
vertex 7715.63 9356.36 599.95
endloop
endfacet
facet normal 0 0 -1
outer loop
vertex 7487.22 9367.41 599.95
vertex 7715.63 9356.36 599.95
vertex 7181.59 9356.36 599.95
endloop
endfacet
facet normal 0 0 -1
outer loop
vertex 7487.22 9367.41 599.95
vertex 7181.59 9356.36 599.95
vertex 7123.610000000001 9380.41 599.95
endloop
endfacet
facet normal 0 0 -0.9999999999999999
outer loop
vertex 7487.22 9367.41 599.95
vertex 7123.610000000001 9380.41 599.95
vertex 7702.240000000001 9380.41 599.95
endloop
endfacet
facet normal 0 0 -1
outer loop
vertex 11487.19 9367.41 599.95
vertex 11702.210000000001 9380.41 599.95
vertex 11712.87 9363.25 599.95
endloop
endfacet
facet normal 0 0 -0.9999999999999999
outer loop
vertex 11487.19 9367.41 599.95
vertex 11712.87 9363.25 599.95
vertex 11715.6 9356.36 599.95
endloop
endfacet
facet normal 0 0 -1
outer loop
vertex 11487.19 9367.41 599.95
vertex 11715.6 9356.36 599.95
vertex 11181.56 9356.36 599.95
endloop
endfacet
facet normal 0 0 -1
outer loop
vertex 11487.19 9367.41 599.95
vertex 11181.56 9356.36 599.95
vertex 11123.58 9380.41 599.95
endloop
endfacet
facet normal 0 0 -1
outer loop
vertex 11487.19 9367.41 599.95
vertex 11123.58 9380.41 599.95
vertex 11702.210000000001 9380.41 599.95
endloop
endfacet
facet normal 0 0 -1
outer loop
vertex 7715.63 9356.36 599.95
vertex 7729.150000000001 9323.6 599.95
vertex 7235.150000000001 9323.6 599.95
endloop
endfacet
facet normal 0 0 -1
outer loop
vertex 7715.63 9356.36 599.95
vertex 7235.150000000001 9323.6 599.95
vertex 7181.59 9356.36 599.95
endloop
endfacet
facet normal 0 0 -1
outer loop
vertex 11715.6 9356.36 599.95
vertex 11729.25 9323.6 599.95
vertex 11235.12 9323.6 599.95
endloop
endfacet
facet normal 0 0 -1
outer loop
vertex 11715.6 9356.36 599.95
vertex 11235.12 9323.6 599.95
vertex 11181.56 9356.36 599.95
endloop
endfacet
facet normal 0 0 -1
outer loop
vertex 7729.150000000001 9323.6 599.95
vertex 7746.05 9282.78 599.95
vertex 7282.860000000001 9282.78 599.95
endloop
endfacet
facet normal 0 0 -1
outer loop
vertex 7729.150000000001 9323.6 599.95
vertex 7282.860000000001 9282.78 599.95
vertex 7235.150000000001 9323.6 599.95
endloop
endfacet
facet normal 0 0 -1
outer loop
vertex 11729.25 9323.6 599.95
vertex 11746.15 9282.78 599.95
vertex 11282.83 9282.78 599.95
endloop
endfacet
facet normal 0 0 -1
outer loop
vertex 11729.25 9323.6 599.95
vertex 11282.83 9282.78 599.95
vertex 11235.12 9323.6 599.95
endloop
endfacet
facet normal 0 0 -1
outer loop
vertex 7575.360000000001 9256.52 599.95
vertex 7746.05 9282.78 599.95
vertex 7760.87 9247.16 599.95
endloop
endfacet
facet normal 0 0 -1
outer loop
vertex 7575.360000000001 9256.52 599.95
vertex 7760.87 9247.16 599.95
vertex 7763.7300000000005 9235.07 599.95
endloop
endfacet
facet normal 0 0 -1
outer loop
vertex 7575.360000000001 9256.52 599.95
vertex 7763.7300000000005 9235.07 599.95
vertex 7323.55 9235.07 599.95
endloop
endfacet
facet normal 0 0 -1
outer loop
vertex 7575.360000000001 9256.52 599.95
vertex 7323.55 9235.07 599.95
vertex 7282.860000000001 9282.78 599.95
endloop
endfacet
facet normal 0 0 -1
outer loop
vertex 7575.360000000001 9256.52 599.95
vertex 7282.860000000001 9282.78 599.95
vertex 7746.05 9282.78 599.95
endloop
endfacet
facet normal 0 0 -1
outer loop
vertex 11575.460000000001 9256.52 599.95
vertex 11746.15 9282.78 599.95
vertex 11760.84 9247.16 599.95
endloop
endfacet
facet normal 0 0 -1
outer loop
vertex 11575.460000000001 9256.52 599.95
vertex 11760.84 9247.16 599.95
vertex 11763.7 9235.07 599.95
endloop
endfacet
facet normal 0 0 -1
outer loop
vertex 11575.460000000001 9256.52 599.95
vertex 11763.7 9235.07 599.95
vertex 11323.65 9235.07 599.95
endloop
endfacet
facet normal 0 0 -0.9999999999999999
outer loop
vertex 11575.460000000001 9256.52 599.95
vertex 11323.65 9235.07 599.95
vertex 11282.83 9282.78 599.95
endloop
endfacet
facet normal 0 0 -1
outer loop
vertex 11575.460000000001 9256.52 599.95
vertex 11282.83 9282.78 599.95
vertex 11746.15 9282.78 599.95
endloop
endfacet
facet normal 0 0 -1
outer loop
vertex 12942.800000000001 9190.61 599.95
vertex 12939.42 9190.61 599.95
vertex 12942.54 9191.52 599.95
endloop
endfacet
facet normal 0 0 -1
outer loop
vertex 13220.74 9195.42 599.95
vertex 13599.95 9199.970000000001 599.95
vertex 13599.95 9190.61 599.95
endloop
endfacet
facet normal 0 0 -1
outer loop
vertex 13220.74 9195.42 599.95
vertex 13599.95 9190.61 599.95
vertex 12942.800000000001 9190.61 599.95
endloop
endfacet
facet normal 0 0 -1
outer loop
vertex 13220.74 9195.42 599.95
vertex 12942.800000000001 9190.61 599.95
vertex 12961 9196.2 599.95
endloop
endfacet
facet normal 0 0 -1
outer loop
vertex 13220.74 9195.42 599.95
vertex 12961 9196.2 599.95
vertex 13000 9199.970000000001 599.95
endloop
endfacet
facet normal 0 0 -1
outer loop
vertex 13220.74 9195.42 599.95
vertex 13000 9199.970000000001 599.95
vertex 13599.95 9199.970000000001 599.95
endloop
endfacet
facet normal 0 0 -1
outer loop
vertex 7763.7300000000005 9235.07 599.95
vertex 7776.6 9181.64 599.95
vertex 7356.4400000000005 9181.64 599.95
endloop
endfacet
facet normal 0 0 -1
outer loop
vertex 7763.7300000000005 9235.07 599.95
vertex 7356.4400000000005 9181.64 599.95
vertex 7323.55 9235.07 599.95
endloop
endfacet
facet normal 0 0 -1
outer loop
vertex 11763.7 9235.07 599.95
vertex 11776.57 9181.64 599.95
vertex 11356.41 9181.64 599.95
endloop
endfacet
facet normal 0 0 -1
outer loop
vertex 11763.7 9235.07 599.95
vertex 11356.41 9181.64 599.95
vertex 11323.65 9235.07 599.95
endloop
endfacet
facet normal 0 0 -1
outer loop
vertex 7618.780000000001 9147.19 599.95
vertex 7776.6 9181.64 599.95
vertex 7790.12 9125.09 599.95
endloop
endfacet
facet normal 0 0 -1
outer loop
vertex 7618.780000000001 9147.19 599.95
vertex 7790.12 9125.09 599.95
vertex 7790.25 9123.66 599.95
endloop
endfacet
facet normal 0 0 -1
outer loop
vertex 7618.780000000001 9147.19 599.95
vertex 7790.25 9123.66 599.95
vertex 7380.360000000001 9123.66 599.95
endloop
endfacet
facet normal 0 0 -1
outer loop
vertex 7618.780000000001 9147.19 599.95
vertex 7380.360000000001 9123.66 599.95
vertex 7356.4400000000005 9181.64 599.95
endloop
endfacet
facet normal 0 0 -0.9999999999999999
outer loop
vertex 7618.780000000001 9147.19 599.95
vertex 7356.4400000000005 9181.64 599.95
vertex 7776.6 9181.64 599.95
endloop
endfacet
facet normal 0 0 -1
outer loop
vertex 11618.75 9147.19 599.95
vertex 11776.57 9181.64 599.95
vertex 11790.09 9125.09 599.95
endloop
endfacet
facet normal 0 0 -1
outer loop
vertex 11618.75 9147.19 599.95
vertex 11790.09 9125.09 599.95
vertex 11790.220000000001 9123.66 599.95
endloop
endfacet
facet normal 0 0 -1
outer loop
vertex 11618.75 9147.19 599.95
vertex 11790.220000000001 9123.66 599.95
vertex 11380.460000000001 9123.66 599.95
endloop
endfacet
facet normal 0 0 -1
outer loop
vertex 11618.75 9147.19 599.95
vertex 11380.460000000001 9123.66 599.95
vertex 11356.41 9181.64 599.95
endloop
endfacet
facet normal 0 0 -0.9999999999999999
outer loop
vertex 11618.75 9147.19 599.95
vertex 11356.41 9181.64 599.95
vertex 11776.57 9181.64 599.95
endloop
endfacet
facet normal 0 0 -1
outer loop
vertex 7790.25 9123.66 599.95
vertex 7795.06 9062.56 599.95
vertex 7395.05 9062.56 599.95
endloop
endfacet
facet normal 0 0 -1
outer loop
vertex 7790.25 9123.66 599.95
vertex 7395.05 9062.56 599.95
vertex 7380.360000000001 9123.66 599.95
endloop
endfacet
facet normal 0 0 -1
outer loop
vertex 11790.220000000001 9123.66 599.95
vertex 11795.03 9062.56 599.95
vertex 11395.02 9062.56 599.95
endloop
endfacet
facet normal 0 0 -1
outer loop
vertex 11790.220000000001 9123.66 599.95
vertex 11395.02 9062.56 599.95
vertex 11380.460000000001 9123.66 599.95
endloop
endfacet
facet normal 0 0 -1
outer loop
vertex 5658.64 9197.630000000001 599.95
vertex 7023.25 9398.220000000001 599.95
vertex 5696.08 9000.03 599.95
endloop
endfacet
facet normal 0 0 -1
outer loop
vertex 5658.64 9197.630000000001 599.95
vertex 5696.08 9000.03 599.95
vertex 5000.06 9000.03 599.95
endloop
endfacet
facet normal 0 0 -1
outer loop
vertex 5658.64 9197.630000000001 599.95
vertex 5000.06 9000.03 599.95
vertex 4942.47 9191.52 599.95
endloop
endfacet
facet normal 0 0 -1
outer loop
vertex 5658.64 9197.630000000001 599.95
vertex 4942.47 9191.52 599.95
vertex 5631.21 9398.220000000001 599.95
endloop
endfacet
facet normal 0 0 -1
outer loop
vertex 5658.64 9197.630000000001 599.95
vertex 5631.21 9398.220000000001 599.95
vertex 7023.25 9398.220000000001 599.95
endloop
endfacet
facet normal 0 0 -1
outer loop
vertex 7795.06 9062.56 599.95
vertex 7800 9000.03 599.95
vertex 7399.990000000001 9000.03 599.95
endloop
endfacet
facet normal 0 0 -1
outer loop
vertex 7795.06 9062.56 599.95
vertex 7399.990000000001 9000.03 599.95
vertex 7395.05 9062.56 599.95
endloop
endfacet
facet normal 0 0 -1
outer loop
vertex 11023.220000000001 9398.220000000001 599.95
vertex 9696.050000000001 9000.03 599.95
vertex 8304.01 9000.03 599.95
endloop
endfacet
facet normal 0 0 -1
outer loop
vertex 11023.220000000001 9398.220000000001 599.95
vertex 8304.01 9000.03 599.95
vertex 9631.18 9398.220000000001 599.95
endloop
endfacet
facet normal 0 0 -1
outer loop
vertex 11795.03 9062.56 599.95
vertex 11799.970000000001 9000.03 599.95
vertex 11399.960000000001 9000.03 599.95
endloop
endfacet
facet normal 0 0 -1
outer loop
vertex 11795.03 9062.56 599.95
vertex 11399.960000000001 9000.03 599.95
vertex 11395.02 9062.56 599.95
endloop
endfacet
facet normal 0 0 -1
outer loop
vertex 7800 9000.03 599.95
vertex 7795.06 8937.37 599.95
vertex 7395.05 8937.37 599.95
endloop
endfacet
facet normal 0 0 -1
outer loop
vertex 7800 9000.03 599.95
vertex 7395.05 8937.37 599.95
vertex 7399.990000000001 9000.03 599.95
endloop
endfacet
facet normal 0 0 -1
outer loop
vertex 11799.970000000001 9000.03 599.95
vertex 11795.03 8937.37 599.95
vertex 11395.02 8937.37 599.95
endloop
endfacet
facet normal 0 0 -1
outer loop
vertex 11799.970000000001 9000.03 599.95
vertex 11395.02 8937.37 599.95
vertex 11399.960000000001 9000.03 599.95
endloop
endfacet
facet normal 0 0 -1
outer loop
vertex 13027.560000000001 9084.53 599.95
vertex 12942.800000000001 9190.61 599.95
vertex 13599.95 9190.61 599.95
endloop
endfacet
facet normal 0 0 -1
outer loop
vertex 13027.560000000001 9084.53 599.95
vertex 13599.95 9190.61 599.95
vertex 13599.95 8925.54 599.95
endloop
endfacet
facet normal 0 0 -1
outer loop
vertex 13027.560000000001 9084.53 599.95
vertex 13599.95 8925.54 599.95
vertex 12055.68 8925.54 599.95
endloop
endfacet
facet normal 0 0 -1
outer loop
vertex 13027.560000000001 9084.53 599.95
vertex 12055.68 8925.54 599.95
vertex 12939.42 9190.61 599.95
endloop
endfacet
facet normal 0 0 -0.9999999999999999
outer loop
vertex 13027.560000000001 9084.53 599.95
vertex 12939.42 9190.61 599.95
vertex 12942.800000000001 9190.61 599.95
endloop
endfacet
facet normal 0 0 -1
outer loop
vertex 7795.06 8937.37 599.95
vertex 7790.25 8876.4 599.95
vertex 7380.360000000001 8876.4 599.95
endloop
endfacet
facet normal 0 0 -1
outer loop
vertex 7795.06 8937.37 599.95
vertex 7380.360000000001 8876.4 599.95
vertex 7395.05 8937.37 599.95
endloop
endfacet
facet normal 0 0 -1
outer loop
vertex 11795.03 8937.37 599.95
vertex 11790.220000000001 8876.4 599.95
vertex 11380.460000000001 8876.4 599.95
endloop
endfacet
facet normal 0 0 -1
outer loop
vertex 11795.03 8937.37 599.95
vertex 11380.460000000001 8876.4 599.95
vertex 11395.02 8937.37 599.95
endloop
endfacet
facet normal 0 0 -1
outer loop
vertex 7622.030000000001 8863.01 599.95
vertex 7790.25 8876.4 599.95
vertex 7790.12 8874.84 599.95
endloop
endfacet
facet normal 0 0 -1
outer loop
vertex 7622.030000000001 8863.01 599.95
vertex 7790.12 8874.84 599.95
vertex 7782.71 8843.64 599.95
endloop
endfacet
facet normal 0 0 -1
outer loop
vertex 7622.030000000001 8863.01 599.95
vertex 7782.71 8843.64 599.95
vertex 7366.84 8843.64 599.95
endloop
endfacet
facet normal 0 0 -1
outer loop
vertex 7622.030000000001 8863.01 599.95
vertex 7366.84 8843.64 599.95
vertex 7380.360000000001 8876.4 599.95
endloop
endfacet
facet normal 0 0 -1
outer loop
vertex 7622.030000000001 8863.01 599.95
vertex 7380.360000000001 8876.4 599.95
vertex 7790.25 8876.4 599.95
endloop
endfacet
facet normal 0 0 -1
outer loop
vertex 9696.050000000001 9000.03 599.95
vertex 10217.35 8843.64 599.95
vertex 7782.71 8843.64 599.95
endloop
endfacet
facet normal 0 0 -1
outer loop
vertex 9696.050000000001 9000.03 599.95
vertex 7782.71 8843.64 599.95
vertex 8304.01 9000.03 599.95
endloop
endfacet
facet normal 0 0 -1
outer loop
vertex 11622 8863.01 599.95
vertex 11790.220000000001 8876.4 599.95
vertex 11790.09 8874.84 599.95
endloop
endfacet
facet normal 0 0 -1
outer loop
vertex 11622 8863.01 599.95
vertex 11790.09 8874.84 599.95
vertex 11782.68 8843.64 599.95
endloop
endfacet
facet normal 0 0 -1
outer loop
vertex 11622 8863.01 599.95
vertex 11782.68 8843.64 599.95
vertex 11366.81 8843.64 599.95
endloop
endfacet
facet normal 0 0 -1
outer loop
vertex 11622 8863.01 599.95
vertex 11366.81 8843.64 599.95
vertex 11380.460000000001 8876.4 599.95
endloop
endfacet
facet normal 0 0 -1
outer loop
vertex 11622 8863.01 599.95
vertex 11380.460000000001 8876.4 599.95
vertex 11790.220000000001 8876.4 599.95
endloop
endfacet
facet normal 0 0 -1
outer loop
vertex 12949.82 8881.73 599.95
vertex 13599.95 8925.54 599.95
vertex 13647.27 8870.29 599.95
endloop
endfacet
facet normal 0 0 -1
outer loop
vertex 12949.82 8881.73 599.95
vertex 13647.27 8870.29 599.95
vertex 13663.52 8843.64 599.95
endloop
endfacet
facet normal 0 0 -1
outer loop
vertex 12949.82 8881.73 599.95
vertex 13663.52 8843.64 599.95
vertex 11782.68 8843.64 599.95
endloop
endfacet
facet normal 0 0 -1
outer loop
vertex 12949.82 8881.73 599.95
vertex 11782.68 8843.64 599.95
vertex 12055.68 8925.54 599.95
endloop
endfacet
facet normal 0 0 -1
outer loop
vertex 12949.82 8881.73 599.95
vertex 12055.68 8925.54 599.95
vertex 13599.95 8925.54 599.95
endloop
endfacet
facet normal 0 0 -1
outer loop
vertex 8604.960000000001 8833.5 599.95
vertex 7782.71 8843.64 599.95
vertex 10217.35 8843.64 599.95
endloop
endfacet
facet normal 0 0 -1
outer loop
vertex 8604.960000000001 8833.5 599.95
vertex 10217.35 8843.64 599.95
vertex 10301.33 8818.42 599.95
endloop
endfacet
facet normal 0 0 -1
outer loop
vertex 8604.960000000001 8833.5 599.95
vertex 10301.33 8818.42 599.95
vertex 7356.4400000000005 8818.42 599.95
endloop
endfacet
facet normal 0 0 -1
outer loop
vertex 8604.960000000001 8833.5 599.95
vertex 7356.4400000000005 8818.42 599.95
vertex 7366.84 8843.64 599.95
endloop
endfacet
facet normal 0 0 -1
outer loop
vertex 8604.960000000001 8833.5 599.95
vertex 7366.84 8843.64 599.95
vertex 7782.71 8843.64 599.95
endloop
endfacet
facet normal 0 0 -1
outer loop
vertex 12369.630000000001 8833.5 599.95
vertex 11782.68 8843.64 599.95
vertex 13663.52 8843.64 599.95
endloop
endfacet
facet normal 0 0 -1
outer loop
vertex 12369.630000000001 8833.5 599.95
vertex 13663.52 8843.64 599.95
vertex 13678.99 8818.42 599.95
endloop
endfacet
facet normal 0 0 -1
outer loop
vertex 12369.630000000001 8833.5 599.95
vertex 13678.99 8818.42 599.95
vertex 11356.41 8818.42 599.95
endloop
endfacet
facet normal 0 0 -1
outer loop
vertex 12369.630000000001 8833.5 599.95
vertex 11356.41 8818.42 599.95
vertex 11366.81 8843.64 599.95
endloop
endfacet
facet normal 0 0 -1
outer loop
vertex 12369.630000000001 8833.5 599.95
vertex 11366.81 8843.64 599.95
vertex 11782.68 8843.64 599.95
endloop
endfacet
facet normal 0 0 -1
outer loop
vertex 12618.84 8806.2 599.95
vertex 13678.99 8818.42 599.95
vertex 13691.34 8798.14 599.95
endloop
endfacet
facet normal 0 0 -0.9999999999999999
outer loop
vertex 12618.84 8806.2 599.95
vertex 13691.34 8798.14 599.95
vertex 13023.27 8798.14 599.95
endloop
endfacet
facet normal 0 0 -1
outer loop
vertex 12618.84 8806.2 599.95
vertex 13023.27 8798.14 599.95
vertex 11344.06 8798.14 599.95
endloop
endfacet
facet normal 0 0 -0.9999999999999999
outer loop
vertex 12618.84 8806.2 599.95
vertex 11344.06 8798.14 599.95
vertex 11356.41 8818.42 599.95
endloop
endfacet
facet normal 0 0 -0.9999999999999999
outer loop
vertex 12618.84 8806.2 599.95
vertex 11356.41 8818.42 599.95
vertex 13678.99 8818.42 599.95
endloop
endfacet
facet normal 0 0 -1
outer loop
vertex 13691.34 8798.14 599.95
vertex 13693.29 8795.02 599.95
vertex 13062.53 8795.02 599.95
endloop
endfacet
facet normal 0 0 -1
outer loop
vertex 13691.34 8798.14 599.95
vertex 13062.53 8795.02 599.95
vertex 13023.27 8798.14 599.95
endloop
endfacet
facet normal 0 0 -1
outer loop
vertex 8877.960000000001 8802.17 599.95
vertex 10301.33 8818.42 599.95
vertex 10392.07 8791.25 599.95
endloop
endfacet
facet normal 0 0 -1
outer loop
vertex 8877.960000000001 8802.17 599.95
vertex 10392.07 8791.25 599.95
vertex 9000.03 8791.25 599.95
endloop
endfacet
facet normal 0 0 -0.9999999999999999
outer loop
vertex 8877.960000000001 8802.17 599.95
vertex 9000.03 8791.25 599.95
vertex 7339.67 8791.25 599.95
endloop
endfacet
facet normal 0 0 -1
outer loop
vertex 8877.960000000001 8802.17 599.95
vertex 7339.67 8791.25 599.95
vertex 7356.4400000000005 8818.42 599.95
endloop
endfacet
facet normal 0 0 -0.9999999999999999
outer loop
vertex 8877.960000000001 8802.17 599.95
vertex 7356.4400000000005 8818.42 599.95
vertex 10301.33 8818.42 599.95
endloop
endfacet
facet normal 0 0 -1
outer loop
vertex 13693.29 8795.02 599.95
vertex 13702.26 8780.460000000001 599.95
vertex 13123.630000000001 8780.460000000001 599.95
endloop
endfacet
facet normal 0 0 -0.9999999999999999
outer loop
vertex 13693.29 8795.02 599.95
vertex 13123.630000000001 8780.460000000001 599.95
vertex 13062.53 8795.02 599.95
endloop
endfacet
facet normal 0 0 -1
outer loop
vertex 9000.03 8791.25 599.95
vertex 8912.28 8764.86 599.95
vertex 7323.55 8764.86 599.95
endloop
endfacet
facet normal 0 0 -1
outer loop
vertex 9000.03 8791.25 599.95
vertex 7323.55 8764.86 599.95
vertex 7339.67 8791.25 599.95
endloop
endfacet
facet normal 0 0 -1
outer loop
vertex 13023.27 8798.14 599.95
vertex 12912.25 8764.86 599.95
vertex 11323.65 8764.86 599.95
endloop
endfacet
facet normal 0 0 -1
outer loop
vertex 13023.27 8798.14 599.95
vertex 11323.65 8764.86 599.95
vertex 11344.06 8798.14 599.95
endloop
endfacet
facet normal 0 0 -0.9999999999999999
outer loop
vertex 13487.24 8767.33 599.95
vertex 13702.26 8780.460000000001 599.95
vertex 13712.79 8763.17 599.95
endloop
endfacet
facet normal 0 0 -0.9999999999999999
outer loop
vertex 13487.24 8767.33 599.95
vertex 13712.79 8763.17 599.95
vertex 13715.65 8756.41 599.95
endloop
endfacet
facet normal 0 0 -1
outer loop
vertex 13487.24 8767.33 599.95
vertex 13715.65 8756.41 599.95
vertex 13181.61 8756.41 599.95
endloop
endfacet
facet normal 0 0 -0.9999999999999999
outer loop
vertex 13487.24 8767.33 599.95
vertex 13181.61 8756.41 599.95
vertex 13123.630000000001 8780.460000000001 599.95
endloop
endfacet
facet normal 0 0 -1
outer loop
vertex 13487.24 8767.33 599.95
vertex 13123.630000000001 8780.460000000001 599.95
vertex 13702.26 8780.460000000001 599.95
endloop
endfacet
facet normal 0 0 -1
outer loop
vertex 13715.65 8756.41 599.95
vertex 13729.17 8723.65 599.95
vertex 13235.17 8723.65 599.95
endloop
endfacet
facet normal 0 0 -1
outer loop
vertex 13715.65 8756.41 599.95
vertex 13235.17 8723.65 599.95
vertex 13181.61 8756.41 599.95
endloop
endfacet
facet normal 0 0 -1
outer loop
vertex 10392.07 8791.25 599.95
vertex 10632.44 8719.1 599.95
vertex 9240.4 8719.1 599.95
endloop
endfacet
facet normal 0 0 -1
outer loop
vertex 10392.07 8791.25 599.95
vertex 9240.4 8719.1 599.95
vertex 9000.03 8791.25 599.95
endloop
endfacet
facet normal 0 0 -1
outer loop
vertex 8912.28 8764.86 599.95
vertex 8753.16 8717.15 599.95
vertex 7282.860000000001 8717.15 599.95
endloop
endfacet
facet normal 0 0 -1
outer loop
vertex 8912.28 8764.86 599.95
vertex 7282.860000000001 8717.15 599.95
vertex 7323.55 8764.86 599.95
endloop
endfacet
facet normal 0 0 -1
outer loop
vertex 12912.25 8764.86 599.95
vertex 12753.26 8717.15 599.95
vertex 11282.83 8717.15 599.95
endloop
endfacet
facet normal 0 0 -0.9999999999999999
outer loop
vertex 12912.25 8764.86 599.95
vertex 11282.83 8717.15 599.95
vertex 11323.65 8764.86 599.95
endloop
endfacet
facet normal 0 0 -1
outer loop
vertex 10632.44 8719.1 599.95
vertex 10753.210000000001 8682.83 599.95
vertex 9282.78 8682.83 599.95
endloop
endfacet
facet normal 0 0 -1
outer loop
vertex 10632.44 8719.1 599.95
vertex 9282.78 8682.83 599.95
vertex 9240.4 8719.1 599.95
endloop
endfacet
facet normal 0 0 -1
outer loop
vertex 13729.17 8723.65 599.95
vertex 13746.07 8682.83 599.95
vertex 13282.880000000001 8682.83 599.95
endloop
endfacet
facet normal 0 0 -1
outer loop
vertex 13729.17 8723.65 599.95
vertex 13282.880000000001 8682.83 599.95
vertex 13235.17 8723.65 599.95
endloop
endfacet
facet normal 0 0 -1
outer loop
vertex 8753.16 8717.15 599.95
vertex 8632.52 8680.880000000001 599.95
vertex 7240.4800000000005 8680.880000000001 599.95
endloop
endfacet
facet normal 0 0 -0.9999999999999999
outer loop
vertex 8753.16 8717.15 599.95
vertex 7240.4800000000005 8680.880000000001 599.95
vertex 7282.860000000001 8717.15 599.95
endloop
endfacet
facet normal 0 0 -0.9999999999999999
outer loop
vertex 12753.26 8717.15 599.95
vertex 12632.49 8680.880000000001 599.95
vertex 11240.45 8680.880000000001 599.95
endloop
endfacet
facet normal 0 0 -1
outer loop
vertex 12753.26 8717.15 599.95
vertex 11240.45 8680.880000000001 599.95
vertex 11282.83 8717.15 599.95
endloop
endfacet
facet normal 0 0 -1
outer loop
vertex 10753.210000000001 8682.83 599.95
vertex 10912.33 8635.12 599.95
vertex 9323.6 8635.12 599.95
endloop
endfacet
facet normal 0 0 -1
outer loop
vertex 10753.210000000001 8682.83 599.95
vertex 9323.6 8635.12 599.95
vertex 9282.78 8682.83 599.95
endloop
endfacet
facet normal 0 0 -0.9999999999999999
outer loop
vertex 13575.380000000001 8656.57 599.95
vertex 13746.07 8682.83 599.95
vertex 13760.890000000001 8647.210000000001 599.95
endloop
endfacet
facet normal 0 0 -1
outer loop
vertex 13575.380000000001 8656.57 599.95
vertex 13760.890000000001 8647.210000000001 599.95
vertex 13763.75 8635.12 599.95
endloop
endfacet
facet normal 0 0 -1
outer loop
vertex 13575.380000000001 8656.57 599.95
vertex 13763.75 8635.12 599.95
vertex 13323.57 8635.12 599.95
endloop
endfacet
facet normal 0 0 -1
outer loop
vertex 13575.380000000001 8656.57 599.95
vertex 13323.57 8635.12 599.95
vertex 13282.880000000001 8682.83 599.95
endloop
endfacet
facet normal 0 0 -1
outer loop
vertex 13575.380000000001 8656.57 599.95
vertex 13282.880000000001 8682.83 599.95
vertex 13746.07 8682.83 599.95
endloop
endfacet
facet normal 0 0 -1
outer loop
vertex 5649.28 8805.29 599.95
vertex 5696.08 9000.03 599.95
vertex 6999.9800000000005 8608.86 599.95
endloop
endfacet
facet normal 0 0 -1
outer loop
vertex 5649.28 8805.29 599.95
vertex 6999.9800000000005 8608.86 599.95
vertex 5607.9400000000005 8608.86 599.95
endloop
endfacet
facet normal 0 0 -1
outer loop
vertex 5649.28 8805.29 599.95
vertex 5607.9400000000005 8608.86 599.95
vertex 4942.47 8808.41 599.95
endloop
endfacet
facet normal 0 0 -1
outer loop
vertex 5649.28 8805.29 599.95
vertex 4942.47 8808.41 599.95
vertex 5000.06 9000.03 599.95
endloop
endfacet
facet normal 0 0 -1
outer loop
vertex 5649.28 8805.29 599.95
vertex 5000.06 9000.03 599.95
vertex 5696.08 9000.03 599.95
endloop
endfacet
facet normal 0 0 -1
outer loop
vertex 8632.52 8680.880000000001 599.95
vertex 8392.02 8608.86 599.95
vertex 6999.9800000000005 8608.86 599.95
endloop
endfacet
facet normal 0 0 -0.9999999999999999
outer loop
vertex 8632.52 8680.880000000001 599.95
vertex 6999.9800000000005 8608.86 599.95
vertex 7240.4800000000005 8680.880000000001 599.95
endloop
endfacet
facet normal 0 0 -1
outer loop
vertex 10912.33 8635.12 599.95
vertex 10999.95 8608.86 599.95
vertex 9339.720000000001 8608.86 599.95
endloop
endfacet
facet normal 0 0 -1
outer loop
vertex 10912.33 8635.12 599.95
vertex 9339.720000000001 8608.86 599.95
vertex 9323.6 8635.12 599.95
endloop
endfacet
facet normal 0 0 -1
outer loop
vertex 12632.49 8680.880000000001 599.95
vertex 12391.99 8608.86 599.95
vertex 10999.95 8608.86 599.95
endloop
endfacet
facet normal 0 0 -1
outer loop
vertex 12632.49 8680.880000000001 599.95
vertex 10999.95 8608.86 599.95
vertex 11240.45 8680.880000000001 599.95
endloop
endfacet
facet normal 0 0 -1
outer loop
vertex 10877.880000000001 8597.94 599.95
vertex 10999.95 8608.86 599.95
vertex 12391.99 8608.86 599.95
endloop
endfacet
facet normal 0 0 -1
outer loop
vertex 10877.880000000001 8597.94 599.95
vertex 12391.99 8608.86 599.95
vertex 12301.380000000001 8581.56 599.95
endloop
endfacet
facet normal 0 0 -0.9999999999999999
outer loop
vertex 10877.880000000001 8597.94 599.95
vertex 12301.380000000001 8581.56 599.95
vertex 9356.36 8581.56 599.95
endloop
endfacet
facet normal 0 0 -1
outer loop
vertex 10877.880000000001 8597.94 599.95
vertex 9356.36 8581.56 599.95
vertex 9339.720000000001 8608.86 599.95
endloop
endfacet
facet normal 0 0 -1
outer loop
vertex 10877.880000000001 8597.94 599.95
vertex 9339.720000000001 8608.86 599.95
vertex 10999.95 8608.86 599.95
endloop
endfacet
facet normal 0 0 -1
outer loop
vertex 13763.75 8635.12 599.95
vertex 13776.62 8581.56 599.95
vertex 13356.460000000001 8581.56 599.95
endloop
endfacet
facet normal 0 0 -0.9999999999999999
outer loop
vertex 13763.75 8635.12 599.95
vertex 13356.460000000001 8581.56 599.95
vertex 13323.57 8635.12 599.95
endloop
endfacet
facet normal 0 0 -1
outer loop
vertex 10604.880000000001 8566.48 599.95
vertex 12301.380000000001 8581.56 599.95
vertex 12217.4 8556.34 599.95
endloop
endfacet
facet normal 0 0 -1
outer loop
vertex 10604.880000000001 8566.48 599.95
vertex 12217.4 8556.34 599.95
vertex 9782.630000000001 8556.34 599.95
endloop
endfacet
facet normal 0 0 -1
outer loop
vertex 10604.880000000001 8566.48 599.95
vertex 9782.630000000001 8556.34 599.95
vertex 9366.89 8556.34 599.95
endloop
endfacet
facet normal 0 0 -0.9999999999999999
outer loop
vertex 10604.880000000001 8566.48 599.95
vertex 9366.89 8556.34 599.95
vertex 9356.36 8581.56 599.95
endloop
endfacet
facet normal 0 0 -1
outer loop
vertex 10604.880000000001 8566.48 599.95
vertex 9356.36 8581.56 599.95
vertex 12301.380000000001 8581.56 599.95
endloop
endfacet
facet normal 0 0 -1
outer loop
vertex 9622.08 8536.970000000001 599.95
vertex 9782.630000000001 8556.34 599.95
vertex 9790.17 8525.14 599.95
endloop
endfacet
facet normal 0 0 -1
outer loop
vertex 9622.08 8536.970000000001 599.95
vertex 9790.17 8525.14 599.95
vertex 9790.300000000001 8523.58 599.95
endloop
endfacet
facet normal 0 0 -1
outer loop
vertex 9622.08 8536.970000000001 599.95
vertex 9790.300000000001 8523.58 599.95
vertex 9380.41 8523.58 599.95
endloop
endfacet
facet normal 0 0 -1
outer loop
vertex 9622.08 8536.970000000001 599.95
vertex 9380.41 8523.58 599.95
vertex 9366.89 8556.34 599.95
endloop
endfacet
facet normal 0 0 -1
outer loop
vertex 9622.08 8536.970000000001 599.95
vertex 9366.89 8556.34 599.95
vertex 9782.630000000001 8556.34 599.95
endloop
endfacet
facet normal 0 0 -1
outer loop
vertex 13618.800000000001 8547.11 599.95
vertex 13776.62 8581.56 599.95
vertex 13790.140000000001 8525.14 599.95
endloop
endfacet
facet normal 0 0 -1
outer loop
vertex 13618.800000000001 8547.11 599.95
vertex 13790.140000000001 8525.14 599.95
vertex 13790.27 8523.58 599.95
endloop
endfacet
facet normal 0 0 -1
outer loop
vertex 13618.800000000001 8547.11 599.95
vertex 13790.27 8523.58 599.95
vertex 13380.380000000001 8523.58 599.95
endloop
endfacet
facet normal 0 0 -1
outer loop
vertex 13618.800000000001 8547.11 599.95
vertex 13380.380000000001 8523.58 599.95
vertex 13356.460000000001 8581.56 599.95
endloop
endfacet
facet normal 0 0 -0.9999999999999999
outer loop
vertex 13618.800000000001 8547.11 599.95
vertex 13356.460000000001 8581.56 599.95
vertex 13776.62 8581.56 599.95
endloop
endfacet
facet normal 0 0 -1
outer loop
vertex 9790.300000000001 8523.58 599.95
vertex 9795.11 8462.61 599.95
vertex 9395.1 8462.61 599.95
endloop
endfacet
facet normal 0 0 -1
outer loop
vertex 9790.300000000001 8523.58 599.95
vertex 9395.1 8462.61 599.95
vertex 9380.41 8523.58 599.95
endloop
endfacet
facet normal 0 0 -1
outer loop
vertex 13790.27 8523.58 599.95
vertex 13795.08 8462.61 599.95
vertex 13395.07 8462.61 599.95
endloop
endfacet
facet normal 0 0 -1
outer loop
vertex 13790.27 8523.58 599.95
vertex 13395.07 8462.61 599.95
vertex 13380.380000000001 8523.58 599.95
endloop
endfacet
facet normal 0 0 -1
outer loop
vertex 6999.9800000000005 8525.27 599.95
vertex 6999.9800000000005 8608.86 599.95
vertex 8392.02 8608.86 599.95
endloop
endfacet
facet normal 0 0 -1
outer loop
vertex 6999.9800000000005 8525.27 599.95
vertex 8392.02 8608.86 599.95
vertex 7696 8399.95 599.95
endloop
endfacet
facet normal 0 0 -1
outer loop
vertex 6999.9800000000005 8525.27 599.95
vertex 7696 8399.95 599.95
vertex 6303.96 8399.95 599.95
endloop
endfacet
facet normal 0 0 -1
outer loop
vertex 6999.9800000000005 8525.27 599.95
vertex 6303.96 8399.95 599.95
vertex 5607.9400000000005 8608.86 599.95
endloop
endfacet
facet normal 0 0 -1
outer loop
vertex 6999.9800000000005 8525.27 599.95
vertex 5607.9400000000005 8608.86 599.95
vertex 6999.9800000000005 8608.86 599.95
endloop
endfacet
facet normal 0 0 -1
outer loop
vertex 9795.11 8462.61 599.95
vertex 9800.050000000001 8399.95 599.95
vertex 9400.04 8399.95 599.95
endloop
endfacet
facet normal 0 0 -1
outer loop
vertex 9795.11 8462.61 599.95
vertex 9400.04 8399.95 599.95
vertex 9395.1 8462.61 599.95
endloop
endfacet
facet normal 0 0 -1
outer loop
vertex 12217.4 8556.34 599.95
vertex 11695.970000000001 8399.95 599.95
vertex 10303.93 8399.95 599.95
endloop
endfacet
facet normal 0 0 -1
outer loop
vertex 12217.4 8556.34 599.95
vertex 10303.93 8399.95 599.95
vertex 9782.630000000001 8556.34 599.95
endloop
endfacet
facet normal 0 0 -1
outer loop
vertex 13795.08 8462.61 599.95
vertex 13800.02 8399.95 599.95
vertex 13400.01 8399.95 599.95
endloop
endfacet
facet normal 0 0 -1
outer loop
vertex 13795.08 8462.61 599.95
vertex 13400.01 8399.95 599.95
vertex 13395.07 8462.61 599.95
endloop
endfacet
facet normal 0 0 -0.9999999999999999
outer loop
vertex 9800.050000000001 8399.95 599.95
vertex 9795.11 8337.42 599.95
vertex 9395.1 8337.42 599.95
endloop
endfacet
facet normal 0 0 -0.9999999999999999
outer loop
vertex 9800.050000000001 8399.95 599.95
vertex 9395.1 8337.42 599.95
vertex 9400.04 8399.95 599.95
endloop
endfacet
facet normal 0 0 -0.9999999999999999
outer loop
vertex 13800.02 8399.95 599.95
vertex 13795.08 8337.42 599.95
vertex 13395.07 8337.42 599.95
endloop
endfacet
facet normal 0 0 -0.9999999999999999
outer loop
vertex 13800.02 8399.95 599.95
vertex 13395.07 8337.42 599.95
vertex 13400.01 8399.95 599.95
endloop
endfacet
facet normal 0 0 -1
outer loop
vertex 9795.11 8337.42 599.95
vertex 9790.300000000001 8276.45 599.95
vertex 9380.41 8276.45 599.95
endloop
endfacet
facet normal 0 0 -1
outer loop
vertex 9795.11 8337.42 599.95
vertex 9380.41 8276.45 599.95
vertex 9395.1 8337.42 599.95
endloop
endfacet
facet normal 0 0 -1
outer loop
vertex 13795.08 8337.42 599.95
vertex 13790.27 8276.45 599.95
vertex 13380.380000000001 8276.45 599.95
endloop
endfacet
facet normal 0 0 -1
outer loop
vertex 13795.08 8337.42 599.95
vertex 13380.380000000001 8276.45 599.95
vertex 13395.07 8337.42 599.95
endloop
endfacet
facet normal 0 0 -1
outer loop
vertex 9618.83 8252.92 599.95
vertex 9790.300000000001 8276.45 599.95
vertex 9790.17 8274.89 599.95
endloop
endfacet
facet normal 0 0 -1
outer loop
vertex 9618.83 8252.92 599.95
vertex 9790.17 8274.89 599.95
vertex 9776.65 8218.34 599.95
endloop
endfacet
facet normal 0 0 -1
outer loop
vertex 9618.83 8252.92 599.95
vertex 9776.65 8218.34 599.95
vertex 9356.36 8218.34 599.95
endloop
endfacet
facet normal 0 0 -1
outer loop
vertex 9618.83 8252.92 599.95
vertex 9356.36 8218.34 599.95
vertex 9380.41 8276.45 599.95
endloop
endfacet
facet normal 0 0 -1
outer loop
vertex 9618.83 8252.92 599.95
vertex 9380.41 8276.45 599.95
vertex 9790.300000000001 8276.45 599.95
endloop
endfacet
facet normal 0 0 -1
outer loop
vertex 13618.800000000001 8252.92 599.95
vertex 13790.27 8276.45 599.95
vertex 13790.140000000001 8274.89 599.95
endloop
endfacet
facet normal 0 0 -1
outer loop
vertex 13618.800000000001 8252.92 599.95
vertex 13790.140000000001 8274.89 599.95
vertex 13776.62 8218.34 599.95
endloop
endfacet
facet normal 0 0 -1
outer loop
vertex 13618.800000000001 8252.92 599.95
vertex 13776.62 8218.34 599.95
vertex 13356.460000000001 8218.34 599.95
endloop
endfacet
facet normal 0 0 -0.9999999999999999
outer loop
vertex 13618.800000000001 8252.92 599.95
vertex 13356.460000000001 8218.34 599.95
vertex 13380.380000000001 8276.45 599.95
endloop
endfacet
facet normal 0 0 -1
outer loop
vertex 13618.800000000001 8252.92 599.95
vertex 13380.380000000001 8276.45 599.95
vertex 13790.27 8276.45 599.95
endloop
endfacet
facet normal 0 0 -1
outer loop
vertex 9776.65 8218.34 599.95
vertex 9763.78 8164.91 599.95
vertex 9323.6 8164.91 599.95
endloop
endfacet
facet normal 0 0 -0.9999999999999999
outer loop
vertex 9776.65 8218.34 599.95
vertex 9323.6 8164.91 599.95
vertex 9356.36 8218.34 599.95
endloop
endfacet
facet normal 0 0 -1
outer loop
vertex 13776.62 8218.34 599.95
vertex 13763.75 8164.91 599.95
vertex 13323.57 8164.91 599.95
endloop
endfacet
facet normal 0 0 -1
outer loop
vertex 13776.62 8218.34 599.95
vertex 13323.57 8164.91 599.95
vertex 13356.460000000001 8218.34 599.95
endloop
endfacet
facet normal 0 0 -1
outer loop
vertex 9575.41 8143.46 599.95
vertex 9763.78 8164.91 599.95
vertex 9760.79 8152.820000000001 599.95
endloop
endfacet
facet normal 0 0 -0.9999999999999999
outer loop
vertex 9575.41 8143.46 599.95
vertex 9760.79 8152.820000000001 599.95
vertex 9746.1 8117.200000000001 599.95
endloop
endfacet
facet normal 0 0 -1
outer loop
vertex 9575.41 8143.46 599.95
vertex 9746.1 8117.200000000001 599.95
vertex 9282.78 8117.200000000001 599.95
endloop
endfacet
facet normal 0 0 -1
outer loop
vertex 9575.41 8143.46 599.95
vertex 9282.78 8117.200000000001 599.95
vertex 9323.6 8164.91 599.95
endloop
endfacet
facet normal 0 0 -1
outer loop
vertex 9575.41 8143.46 599.95
vertex 9323.6 8164.91 599.95
vertex 9763.78 8164.91 599.95
endloop
endfacet
facet normal 0 0 -1
outer loop
vertex 13575.380000000001 8143.46 599.95
vertex 13763.75 8164.91 599.95
vertex 13760.890000000001 8152.820000000001 599.95
endloop
endfacet
facet normal 0 0 -1
outer loop
vertex 13575.380000000001 8143.46 599.95
vertex 13760.890000000001 8152.820000000001 599.95
vertex 13746.07 8117.200000000001 599.95
endloop
endfacet
facet normal 0 0 -1
outer loop
vertex 13575.380000000001 8143.46 599.95
vertex 13746.07 8117.200000000001 599.95
vertex 13282.880000000001 8117.200000000001 599.95
endloop
endfacet
facet normal 0 0 -1
outer loop
vertex 13575.380000000001 8143.46 599.95
vertex 13282.880000000001 8117.200000000001 599.95
vertex 13323.57 8164.91 599.95
endloop
endfacet
facet normal 0 0 -1
outer loop
vertex 13575.380000000001 8143.46 599.95
vertex 13323.57 8164.91 599.95
vertex 13763.75 8164.91 599.95
endloop
endfacet
facet normal 0 0 -1
outer loop
vertex 9746.1 8117.200000000001 599.95
vertex 9729.2 8076.38 599.95
vertex 9235.07 8076.38 599.95
endloop
endfacet
facet normal 0 0 -0.9999999999999999
outer loop
vertex 9746.1 8117.200000000001 599.95
vertex 9235.07 8076.38 599.95
vertex 9282.78 8117.200000000001 599.95
endloop
endfacet
facet normal 0 0 -1
outer loop
vertex 13746.07 8117.200000000001 599.95
vertex 13729.17 8076.38 599.95
vertex 13235.17 8076.38 599.95
endloop
endfacet
facet normal 0 0 -1
outer loop
vertex 13746.07 8117.200000000001 599.95
vertex 13235.17 8076.38 599.95
vertex 13282.880000000001 8117.200000000001 599.95
endloop
endfacet
facet normal 0 0 -1
outer loop
vertex 9729.2 8076.38 599.95
vertex 9715.68 8043.62 599.95
vertex 9181.64 8043.62 599.95
endloop
endfacet
facet normal 0 0 -1
outer loop
vertex 9729.2 8076.38 599.95
vertex 9181.64 8043.62 599.95
vertex 9235.07 8076.38 599.95
endloop
endfacet
facet normal 0 0 -1
outer loop
vertex 13729.17 8076.38 599.95
vertex 13715.65 8043.62 599.95
vertex 13181.61 8043.62 599.95
endloop
endfacet
facet normal 0 0 -1
outer loop
vertex 13729.17 8076.38 599.95
vertex 13181.61 8043.62 599.95
vertex 13235.17 8076.38 599.95
endloop
endfacet
facet normal 0 0 -1
outer loop
vertex 9487.27 8032.700000000001 599.95
vertex 9715.68 8043.62 599.95
vertex 9712.82 8036.860000000001 599.95
endloop
endfacet
facet normal 0 0 -1
outer loop
vertex 9487.27 8032.700000000001 599.95
vertex 9712.82 8036.860000000001 599.95
vertex 9702.29 8019.570000000001 599.95
endloop
endfacet
facet normal 0 0 -1
outer loop
vertex 9487.27 8032.700000000001 599.95
vertex 9702.29 8019.570000000001 599.95
vertex 9123.66 8019.570000000001 599.95
endloop
endfacet
facet normal 0 0 -0.9999999999999999
outer loop
vertex 9487.27 8032.700000000001 599.95
vertex 9123.66 8019.570000000001 599.95
vertex 9181.64 8043.62 599.95
endloop
endfacet
facet normal 0 0 -1
outer loop
vertex 9487.27 8032.700000000001 599.95
vertex 9181.64 8043.62 599.95
vertex 9715.68 8043.62 599.95
endloop
endfacet
facet normal 0 0 -1
outer loop
vertex 13487.24 8032.700000000001 599.95
vertex 13715.65 8043.62 599.95
vertex 13712.79 8036.860000000001 599.95
endloop
endfacet
facet normal 0 0 -0.9999999999999999
outer loop
vertex 13487.24 8032.700000000001 599.95
vertex 13712.79 8036.860000000001 599.95
vertex 13702.26 8019.570000000001 599.95
endloop
endfacet
facet normal 0 0 -1
outer loop
vertex 13487.24 8032.700000000001 599.95
vertex 13702.26 8019.570000000001 599.95
vertex 13123.630000000001 8019.570000000001 599.95
endloop
endfacet
facet normal 0 0 -1
outer loop
vertex 13487.24 8032.700000000001 599.95
vertex 13123.630000000001 8019.570000000001 599.95
vertex 13181.61 8043.62 599.95
endloop
endfacet
facet normal 0 0 -1
outer loop
vertex 13487.24 8032.700000000001 599.95
vertex 13181.61 8043.62 599.95
vertex 13715.65 8043.62 599.95
endloop
endfacet
facet normal 0 0 -1
outer loop
vertex 9702.29 8019.570000000001 599.95
vertex 9693.32 8004.88 599.95
vertex 9062.56 8004.88 599.95
endloop
endfacet
facet normal 0 0 -1
outer loop
vertex 9702.29 8019.570000000001 599.95
vertex 9062.56 8004.88 599.95
vertex 9123.66 8019.570000000001 599.95
endloop
endfacet
facet normal 0 0 -1
outer loop
vertex 13702.26 8019.570000000001 599.95
vertex 13693.29 8004.88 599.95
vertex 13062.53 8004.88 599.95
endloop
endfacet
facet normal 0 0 -1
outer loop
vertex 13702.26 8019.570000000001 599.95
vertex 13062.53 8004.88 599.95
vertex 13123.630000000001 8019.570000000001 599.95
endloop
endfacet
facet normal 0 0 -1
outer loop
vertex 7696 8399.95 599.95
vertex 9023.300000000001 8001.89 599.95
vertex 7631.26 8001.89 599.95
endloop
endfacet
facet normal 0 0 -1
outer loop
vertex 7696 8399.95 599.95
vertex 7631.26 8001.89 599.95
vertex 6303.96 8399.95 599.95
endloop
endfacet
facet normal 0 0 -1
outer loop
vertex 9693.32 8004.88 599.95
vertex 9691.37 8001.89 599.95
vertex 9023.300000000001 8001.89 599.95
endloop
endfacet
facet normal 0 0 -1
outer loop
vertex 9693.32 8004.88 599.95
vertex 9023.300000000001 8001.89 599.95
vertex 9062.56 8004.88 599.95
endloop
endfacet
facet normal 0 0 -1
outer loop
vertex 11695.970000000001 8399.95 599.95
vertex 13023.27 8001.89 599.95
vertex 11631.23 8001.89 599.95
endloop
endfacet
facet normal 0 0 -1
outer loop
vertex 11695.970000000001 8399.95 599.95
vertex 11631.23 8001.89 599.95
vertex 10303.93 8399.95 599.95
endloop
endfacet
facet normal 0 0 -1
outer loop
vertex 13693.29 8004.88 599.95
vertex 13691.34 8001.89 599.95
vertex 13023.27 8001.89 599.95
endloop
endfacet
facet normal 0 0 -1
outer loop
vertex 13693.29 8004.88 599.95
vertex 13023.27 8001.89 599.95
vertex 13062.53 8004.88 599.95
endloop
endfacet
facet normal 0 0 -1
outer loop
vertex 9147.19 7773.87 599.95
vertex 9023.300000000001 8001.89 599.95
vertex 9691.37 8001.89 599.95
endloop
endfacet
facet normal 0 0 -1
outer loop
vertex 9147.19 7773.87 599.95
vertex 9691.37 8001.89 599.95
vertex 9647.17 7929.740000000001 599.95
endloop
endfacet
facet normal 0 0 -1
outer loop
vertex 9147.19 7773.87 599.95
vertex 9647.17 7929.740000000001 599.95
vertex 9565.66 7834.320000000001 599.95
endloop
endfacet
facet normal 0 0 -1
outer loop
vertex 9147.19 7773.87 599.95
vertex 9565.66 7834.320000000001 599.95
vertex 9470.24 7752.81 599.95
endloop
endfacet
facet normal 0 0 -0.9999999999999999
outer loop
vertex 9147.19 7773.87 599.95
vertex 9470.24 7752.81 599.95
vertex 9363.25 7687.16 599.95
endloop
endfacet
facet normal 0 0 -1
outer loop
vertex 9147.19 7773.87 599.95
vertex 9363.25 7687.16 599.95
vertex 9247.16 7639.1900000000005 599.95
endloop
endfacet
facet normal 0 0 -0.9999999999999999
outer loop
vertex 9147.19 7773.87 599.95
vertex 9247.16 7639.1900000000005 599.95
vertex 9125.09 7609.81 599.95
endloop
endfacet
facet normal 0 0 -1
outer loop
vertex 9147.19 7773.87 599.95
vertex 9125.09 7609.81 599.95
vertex 9118.85 7609.42 599.95
endloop
endfacet
facet normal 0 0 -1
outer loop
vertex 9147.19 7773.87 599.95
vertex 9118.85 7609.42 599.95
vertex 8942.83 7609.42 599.95
endloop
endfacet
facet normal 0 0 -1
outer loop
vertex 9147.19 7773.87 599.95
vertex 8942.83 7609.42 599.95
vertex 8939.45 7609.42 599.95
endloop
endfacet
facet normal 0 0 -1
outer loop
vertex 9147.19 7773.87 599.95
vertex 8939.45 7609.42 599.95
vertex 7631.26 8001.89 599.95
endloop
endfacet
facet normal 0 0 -0.9999999999999999
outer loop
vertex 9147.19 7773.87 599.95
vertex 7631.26 8001.89 599.95
vertex 9023.300000000001 8001.89 599.95
endloop
endfacet
facet normal 0 0 -1
outer loop
vertex 13147.16 7773.87 599.95
vertex 13023.27 8001.89 599.95
vertex 13691.34 8001.89 599.95
endloop
endfacet
facet normal 0 0 -1
outer loop
vertex 13147.16 7773.87 599.95
vertex 13691.34 8001.89 599.95
vertex 13647.27 7929.740000000001 599.95
endloop
endfacet
facet normal 0 0 -1
outer loop
vertex 13147.16 7773.87 599.95
vertex 13647.27 7929.740000000001 599.95
vertex 13565.630000000001 7834.320000000001 599.95
endloop
endfacet
facet normal 0 0 -1
outer loop
vertex 13147.16 7773.87 599.95
vertex 13565.630000000001 7834.320000000001 599.95
vertex 13470.210000000001 7752.81 599.95
endloop
endfacet
facet normal 0 0 -1
outer loop
vertex 13147.16 7773.87 599.95
vertex 13470.210000000001 7752.81 599.95
vertex 13363.220000000001 7687.16 599.95
endloop
endfacet
facet normal 0 0 -0.9999999999999999
outer loop
vertex 13147.16 7773.87 599.95
vertex 13363.220000000001 7687.16 599.95
vertex 13247.26 7639.1900000000005 599.95
endloop
endfacet
facet normal 0 0 -1
outer loop
vertex 13147.16 7773.87 599.95
vertex 13247.26 7639.1900000000005 599.95
vertex 13125.19 7609.81 599.95
endloop
endfacet
facet normal 0 0 -1
outer loop
vertex 13147.16 7773.87 599.95
vertex 13125.19 7609.81 599.95
vertex 13118.82 7609.42 599.95
endloop
endfacet
facet normal 0 0 -1
outer loop
vertex 13147.16 7773.87 599.95
vertex 13118.82 7609.42 599.95
vertex 12942.800000000001 7609.42 599.95
endloop
endfacet
facet normal 0 0 -1
outer loop
vertex 13147.16 7773.87 599.95
vertex 12942.800000000001 7609.42 599.95
vertex 12939.42 7609.42 599.95
endloop
endfacet
facet normal 0 0 -1
outer loop
vertex 13147.16 7773.87 599.95
vertex 12939.42 7609.42 599.95
vertex 11631.23 8001.89 599.95
endloop
endfacet
facet normal 0 0 -0.9999999999999999
outer loop
vertex 13147.16 7773.87 599.95
vertex 11631.23 8001.89 599.95
vertex 13023.27 8001.89 599.95
endloop
endfacet
facet normal 0 0 -0.9999999999999999
outer loop
vertex 8942.83 7609.42 599.95
vertex 8942.57 7608.38 599.95
vertex 8939.45 7609.42 599.95
endloop
endfacet
facet normal 0 0 -1
outer loop
vertex 12942.800000000001 7609.42 599.95
vertex 12942.54 7608.38 599.95
vertex 12939.42 7609.42 599.95
endloop
endfacet
facet normal 0 0 -1
outer loop
vertex 9118.85 7609.42 599.95
vertex 9000.03 7600.06 599.95
vertex 8961.03 7603.83 599.95
endloop
endfacet
facet normal 0 0 -1
outer loop
vertex 9118.85 7609.42 599.95
vertex 8961.03 7603.83 599.95
vertex 8942.83 7609.42 599.95
endloop
endfacet
facet normal 0 0 -1
outer loop
vertex 13118.82 7609.42 599.95
vertex 13000 7600.06 599.95
vertex 12961 7603.83 599.95
endloop
endfacet
facet normal 0 0 -1
outer loop
vertex 13118.82 7609.42 599.95
vertex 12961 7603.83 599.95
vertex 12942.800000000001 7609.42 599.95
endloop
endfacet
facet normal 0.09950371902103569 -0.9950371902099856 0
outer loop
vertex 6999.9800000000005 9800.050000000001 199.94
vertex 6999.9800000000005 9800.050000000001 599.95
vertex 6960.9800000000005 9796.15 599.95
endloop
endfacet
facet normal 0.09950371902103569 -0.9950371902099856 0
outer loop
vertex 6999.9800000000005 9800.050000000001 199.94
vertex 6960.9800000000005 9796.15 599.95
vertex 6960.9800000000005 9796.15 199.94
endloop
endfacet
facet normal 0.2873478855663059 -0.9578262852211632 0
outer loop
vertex 6942.780000000001 9790.69 199.94
vertex 6960.9800000000005 9796.15 199.94
vertex 6960.9800000000005 9796.15 599.95
endloop
endfacet
facet normal 0.2873478855663059 -0.9578262852211632 0
outer loop
vertex 6942.780000000001 9790.69 199.94
vertex 6960.9800000000005 9796.15 599.95
vertex 6942.780000000001 9790.69 599.95
endloop
endfacet
facet normal -0.9615239476407507 -0.2747211278976319 0
outer loop
vertex 6942.52 9791.6 599.95
vertex 6942.52 9791.6 199.94
vertex 6942.780000000001 9790.69 199.94
endloop
endfacet
facet normal -0.9615239476407507 -0.2747211278976319 0
outer loop
vertex 6942.52 9791.6 599.95
vertex 6942.780000000001 9790.69 199.94
vertex 6942.780000000001 9790.69 599.95
endloop
endfacet
facet normal 0.23376414183737496 0.972293333305868 0
outer loop
vertex 7123.610000000001 9380.41 599.95
vertex 7123.610000000001 9380.41 199.94
vertex 7062.51 9395.1 199.94
endloop
endfacet
facet normal 0.23376414183737496 0.972293333305868 0
outer loop
vertex 7123.610000000001 9380.41 599.95
vertex 7062.51 9395.1 199.94
vertex 7062.51 9395.1 599.95
endloop
endfacet
facet normal 0.3831443281873149 0.923688488494845 0
outer loop
vertex 7181.59 9356.36 599.95
vertex 7181.59 9356.36 199.94
vertex 7123.610000000001 9380.41 199.94
endloop
endfacet
facet normal 0.3831443281873149 0.923688488494845 0
outer loop
vertex 7181.59 9356.36 599.95
vertex 7123.610000000001 9380.41 199.94
vertex 7123.610000000001 9380.41 599.95
endloop
endfacet
facet normal 0.521784983699113 0.8530770368414076 0
outer loop
vertex 7235.150000000001 9323.6 599.95
vertex 7235.150000000001 9323.6 199.94
vertex 7181.59 9356.36 199.94
endloop
endfacet
facet normal 0.521784983699113 0.8530770368414076 0
outer loop
vertex 7235.150000000001 9323.6 599.95
vertex 7181.59 9356.36 199.94
vertex 7181.59 9356.36 599.95
endloop
endfacet
facet normal 0.6501090931152305 0.7598408827174887 0
outer loop
vertex 7282.860000000001 9282.78 599.95
vertex 7282.860000000001 9282.78 199.94
vertex 7235.150000000001 9323.6 199.94
endloop
endfacet
facet normal 0.6501090931152305 0.7598408827174887 0
outer loop
vertex 7282.860000000001 9282.78 599.95
vertex 7235.150000000001 9323.6 199.94
vertex 7235.150000000001 9323.6 599.95
endloop
endfacet
facet normal 0.7608640576866165 0.6489113080542339 0
outer loop
vertex 7323.55 9235.07 599.95
vertex 7323.55 9235.07 199.94
vertex 7282.860000000001 9282.78 199.94
endloop
endfacet
facet normal 0.7608640576866165 0.6489113080542339 0
outer loop
vertex 7323.55 9235.07 599.95
vertex 7282.860000000001 9282.78 199.94
vertex 7282.860000000001 9282.78 599.95
endloop
endfacet
facet normal 0.8515871676312318 0.5242130253301767 0
outer loop
vertex 7356.4400000000005 9181.64 599.95
vertex 7356.4400000000005 9181.64 199.94
vertex 7323.55 9235.07 199.94
endloop
endfacet
facet normal 0.8515871676312318 0.5242130253301767 0
outer loop
vertex 7356.4400000000005 9181.64 599.95
vertex 7323.55 9235.07 199.94
vertex 7323.55 9235.07 599.95
endloop
endfacet
facet normal 0.9244203335627806 0.38137520487792254 0
outer loop
vertex 7380.360000000001 9123.66 599.95
vertex 7380.360000000001 9123.66 199.94
vertex 7356.4400000000005 9181.64 199.94
endloop
endfacet
facet normal 0.9244203335627806 0.38137520487792254 0
outer loop
vertex 7380.360000000001 9123.66 599.95
vertex 7356.4400000000005 9181.64 199.94
vertex 7356.4400000000005 9181.64 599.95
endloop
endfacet
facet normal 0.9722933333058712 0.23376414183736127 0
outer loop
vertex 7395.05 9062.56 599.95
vertex 7395.05 9062.56 199.94
vertex 7380.360000000001 9123.66 199.94
endloop
endfacet
facet normal 0.9722933333058712 0.23376414183736127 0
outer loop
vertex 7395.05 9062.56 599.95
vertex 7380.360000000001 9123.66 199.94
vertex 7380.360000000001 9123.66 599.95
endloop
endfacet
facet normal 0.996893868010432 0.07875668811725786 0
outer loop
vertex 7399.990000000001 9000.03 599.95
vertex 7399.990000000001 9000.03 199.94
vertex 7395.05 9062.56 199.94
endloop
endfacet
facet normal 0.996893868010432 0.07875668811725786 0
outer loop
vertex 7399.990000000001 9000.03 599.95
vertex 7395.05 9062.56 199.94
vertex 7395.05 9062.56 599.95
endloop
endfacet
facet normal 0.9969066834764632 -0.07859430284670041 0
outer loop
vertex 7395.05 8937.37 599.95
vertex 7395.05 8937.37 199.94
vertex 7399.990000000001 9000.03 199.94
endloop
endfacet
facet normal 0.9969066834764632 -0.07859430284670041 0
outer loop
vertex 7395.05 8937.37 599.95
vertex 7399.990000000001 9000.03 199.94
vertex 7399.990000000001 9000.03 599.95
endloop
endfacet
facet normal 0.9721799453227503 -0.2342352533506731 0
outer loop
vertex 7380.360000000001 8876.4 599.95
vertex 7380.360000000001 8876.4 199.94
vertex 7395.05 8937.37 199.94
endloop
endfacet
facet normal 0.9721799453227503 -0.2342352533506731 0
outer loop
vertex 7380.360000000001 8876.4 599.95
vertex 7395.05 8937.37 199.94
vertex 7395.05 8937.37 599.95
endloop
endfacet
facet normal 0.9244203335627806 -0.38137520487792254 0
outer loop
vertex 7356.4400000000005 8818.42 599.95
vertex 7356.4400000000005 8818.42 199.94
vertex 7380.360000000001 8876.4 199.94
endloop
endfacet
facet normal 0.9244203335627806 -0.38137520487792254 0
outer loop
vertex 7356.4400000000005 8818.42 599.95
vertex 7380.360000000001 8876.4 199.94
vertex 7380.360000000001 8876.4 599.95
endloop
endfacet
facet normal 0.8521550447547137 -0.523289384278997 0
outer loop
vertex 7323.55 8764.86 599.95
vertex 7323.55 8764.86 199.94
vertex 7356.4400000000005 8818.42 199.94
endloop
endfacet
facet normal 0.8521550447547137 -0.523289384278997 0
outer loop
vertex 7323.55 8764.86 599.95
vertex 7356.4400000000005 8818.42 199.94
vertex 7356.4400000000005 8818.42 599.95
endloop
endfacet
facet normal 0.7608640576866165 -0.6489113080542339 0
outer loop
vertex 7282.860000000001 8717.15 599.95
vertex 7282.860000000001 8717.15 199.94
vertex 7323.55 8764.86 199.94
endloop
endfacet
facet normal 0.7608640576866165 -0.6489113080542339 0
outer loop
vertex 7282.860000000001 8717.15 599.95
vertex 7323.55 8764.86 199.94
vertex 7323.55 8764.86 599.95
endloop
endfacet
facet normal -0.9969002856625575 0.07867541195260115 0
outer loop
vertex 7800 9000.03 599.95
vertex 7800 9000.03 199.94
vertex 7790.12 8874.84 199.94
endloop
endfacet
facet normal -0.9969002856625575 0.07867541195260115 0
outer loop
vertex 7800 9000.03 599.95
vertex 7790.12 8874.84 199.94
vertex 7790.12 8874.84 599.95
endloop
endfacet
facet normal -0.9968938680104323 -0.07875668811725559 0
outer loop
vertex 7795.06 9062.56 400.01
vertex 7795.06 9062.56 599.95
vertex 7790.12 9125.09 599.95
endloop
endfacet
facet normal -0.9968938680104324 -0.0787566881172556 0
outer loop
vertex 7795.06 9062.56 400.01
vertex 7790.12 9125.09 599.95
vertex 7790.12 9125.09 199.94
endloop
endfacet
facet normal -0.9968938680104323 -0.0787566881172556 0
outer loop
vertex 7795.06 9062.56 400.01
vertex 7790.12 9125.09 199.94
vertex 7795.06 9062.56 199.94
endloop
endfacet
facet normal -0.9968938680104332 -0.07875668811724344 0
outer loop
vertex 7795.06 9062.56 400.01
vertex 7795.06 9062.56 199.94
vertex 7800 9000.03 199.94
endloop
endfacet
facet normal -0.9968938680104334 -0.07875668811724347 0
outer loop
vertex 7795.06 9062.56 400.01
vertex 7800 9000.03 199.94
vertex 7800 9000.03 599.95
endloop
endfacet
facet normal -0.9968938680104333 -0.07875668811724346 0
outer loop
vertex 7795.06 9062.56 400.01
vertex 7800 9000.03 599.95
vertex 7795.06 9062.56 599.95
endloop
endfacet
facet normal -0.9724718445812172 -0.2330204100434232 0
outer loop
vertex 7760.87 9247.16 599.95
vertex 7760.87 9247.16 199.94
vertex 7790.12 9125.09 199.94
endloop
endfacet
facet normal -0.9724718445812172 -0.2330204100434232 0
outer loop
vertex 7760.87 9247.16 599.95
vertex 7790.12 9125.09 199.94
vertex 7790.12 9125.09 599.95
endloop
endfacet
facet normal -0.9238402853192775 -0.38277816972914713 0
outer loop
vertex 7712.77 9363.25 599.95
vertex 7712.77 9363.25 199.94
vertex 7760.87 9247.16 199.94
endloop
endfacet
facet normal -0.9238402853192775 -0.38277816972914713 0
outer loop
vertex 7712.77 9363.25 599.95
vertex 7760.87 9247.16 199.94
vertex 7760.87 9247.16 599.95
endloop
endfacet
facet normal -0.852794796059521 -0.5222461448529798 0
outer loop
vertex 7647.25 9470.24 599.95
vertex 7647.25 9470.24 199.94
vertex 7712.77 9363.25 199.94
endloop
endfacet
facet normal -0.852794796059521 -0.5222461448529798 0
outer loop
vertex 7647.25 9470.24 599.95
vertex 7712.77 9363.25 199.94
vertex 7712.77 9363.25 599.95
endloop
endfacet
facet normal -0.7603523618499153 -0.6495108050134775 0
outer loop
vertex 7565.740000000001 9565.66 599.95
vertex 7565.740000000001 9565.66 199.94
vertex 7647.25 9470.24 199.94
endloop
endfacet
facet normal -0.7603523618499153 -0.6495108050134775 0
outer loop
vertex 7565.740000000001 9565.66 599.95
vertex 7647.25 9470.24 199.94
vertex 7647.25 9470.24 599.95
endloop
endfacet
facet normal -0.6489994732499491 -0.7607888562020928 0
outer loop
vertex 7470.1900000000005 9647.17 599.95
vertex 7470.1900000000005 9647.17 199.94
vertex 7565.740000000001 9565.66 199.94
endloop
endfacet
facet normal -0.6489994732499491 -0.7607888562020928 0
outer loop
vertex 7470.1900000000005 9647.17 599.95
vertex 7565.740000000001 9565.66 199.94
vertex 7565.740000000001 9565.66 599.95
endloop
endfacet
facet normal -0.5229991209705128 -0.8523332209083904 0
outer loop
vertex 7363.2 9712.82 599.95
vertex 7363.2 9712.82 199.94
vertex 7470.1900000000005 9647.17 199.94
endloop
endfacet
facet normal -0.5229991209705128 -0.8523332209083904 0
outer loop
vertex 7363.2 9712.82 599.95
vertex 7470.1900000000005 9647.17 199.94
vertex 7470.1900000000005 9647.17 599.95
endloop
endfacet
facet normal -0.38226029195802086 -0.9240546895028287 0
outer loop
vertex 7247.240000000001 9760.79 599.95
vertex 7247.240000000001 9760.79 199.94
vertex 7363.2 9712.82 199.94
endloop
endfacet
facet normal -0.38226029195802086 -0.9240546895028287 0
outer loop
vertex 7247.240000000001 9760.79 599.95
vertex 7363.2 9712.82 199.94
vertex 7363.2 9712.82 599.95
endloop
endfacet
facet normal -0.23399946733981772 -0.9722367249207785 0
outer loop
vertex 7125.17 9790.17 599.95
vertex 7125.17 9790.17 199.94
vertex 7247.240000000001 9760.79 199.94
endloop
endfacet
facet normal -0.23399946733981772 -0.9722367249207785 0
outer loop
vertex 7125.17 9790.17 599.95
vertex 7247.240000000001 9760.79 199.94
vertex 7247.240000000001 9760.79 599.95
endloop
endfacet
facet normal -0.0786754119526089 -0.9969002856625567 0
outer loop
vertex 6999.9800000000005 9800.050000000001 599.95
vertex 6999.9800000000005 9800.050000000001 199.94
vertex 7125.17 9790.17 199.94
endloop
endfacet
facet normal -0.0786754119526089 -0.9969002856625567 0
outer loop
vertex 6999.9800000000005 9800.050000000001 599.95
vertex 7125.17 9790.17 199.94
vertex 7125.17 9790.17 599.95
endloop
endfacet
facet normal 0.07922043358509201 0.9968571226121575 0
outer loop
vertex 7062.51 9395.1 599.95
vertex 7062.51 9395.1 199.94
vertex 7023.25 9398.220000000001 199.94
endloop
endfacet
facet normal 0.07922043358509201 0.9968571226121575 0
outer loop
vertex 7062.51 9395.1 599.95
vertex 7023.25 9398.220000000001 199.94
vertex 7023.25 9398.220000000001 599.95
endloop
endfacet
facet normal 0.2873478855663454 0.9578262852211514 0
outer loop
vertex 4942.47 8808.41 599.95
vertex 8942.57 7608.38 599.95
vertex 8942.57 7608.38 199.94
endloop
endfacet
facet normal 0.2873478855663454 0.9578262852211514 0
outer loop
vertex 4942.47 8808.41 599.95
vertex 8942.57 7608.38 199.94
vertex 4942.47 8808.41 199.94
endloop
endfacet
facet normal 0.9576831095272015 -0.2878247065946741 0
outer loop
vertex 5000.06 9000.03 199.94
vertex 5000.06 9000.03 599.95
vertex 4942.47 8808.41 599.95
endloop
endfacet
facet normal 0.9576831095272015 -0.2878247065946741 0
outer loop
vertex 5000.06 9000.03 199.94
vertex 4942.47 8808.41 599.95
vertex 4942.47 8808.41 199.94
endloop
endfacet
facet normal 0.9576292346904307 0.2880039042551679 0
outer loop
vertex 5000.06 9000.03 199.94
vertex 4942.47 9191.52 199.94
vertex 4942.47 9191.52 599.95
endloop
endfacet
facet normal 0.9576292346904307 0.2880039042551679 0
outer loop
vertex 5000.06 9000.03 199.94
vertex 4942.47 9191.52 599.95
vertex 5000.06 9000.03 599.95
endloop
endfacet
facet normal -0.28737370775413135 0.957818538185414 0
outer loop
vertex 5696.08 9000.03 599.95
vertex 7023.25 9398.220000000001 599.95
vertex 7023.25 9398.220000000001 199.94
endloop
endfacet
facet normal -0.28737370775413135 0.957818538185414 0
outer loop
vertex 5696.08 9000.03 599.95
vertex 7023.25 9398.220000000001 199.94
vertex 5696.08 9000.03 199.94
endloop
endfacet
facet normal 0.09621815937081751 0.9953602693534094 0
outer loop
vertex 8961.03 7603.83 199.94
vertex 8961.03 7603.83 599.95
vertex 9000.03 7600.06 599.95
endloop
endfacet
facet normal 0.09621815937081751 0.9953602693534094 0
outer loop
vertex 8961.03 7603.83 199.94
vertex 9000.03 7600.06 599.95
vertex 9000.03 7600.06 199.94
endloop
endfacet
facet normal 0.29360600310207596 0.9559265217277024 0
outer loop
vertex 8942.83 7609.42 199.94
vertex 8942.83 7609.42 599.95
vertex 8961.03 7603.83 599.95
endloop
endfacet
facet normal 0.29360600310207596 0.9559265217277024 0
outer loop
vertex 8942.83 7609.42 199.94
vertex 8961.03 7603.83 599.95
vertex 8961.03 7603.83 199.94
endloop
endfacet
facet normal -0.9701425001452819 0.2425356250365326 0
outer loop
vertex 8942.83 7609.42 599.95
vertex 8942.83 7609.42 199.94
vertex 8942.57 7608.38 199.94
endloop
endfacet
facet normal -0.9701425001452819 0.2425356250365326 0
outer loop
vertex 8942.83 7609.42 599.95
vertex 8942.57 7608.38 199.94
vertex 8942.57 7608.38 599.95
endloop
endfacet
facet normal -0.07772671796604477 0.9969747024444637 0
outer loop
vertex 9125.09 7609.81 599.95
vertex 9125.09 7609.81 199.94
vertex 9000.03 7600.06 199.94
endloop
endfacet
facet normal -0.07772671796604477 0.9969747024444637 0
outer loop
vertex 9125.09 7609.81 599.95
vertex 9000.03 7600.06 199.94
vertex 9000.03 7600.06 599.95
endloop
endfacet
facet normal -0.2339994673398262 0.9722367249207764 0
outer loop
vertex 9247.16 7639.1900000000005 599.95
vertex 9247.16 7639.1900000000005 199.94
vertex 9125.09 7609.81 199.94
endloop
endfacet
facet normal -0.2339994673398262 0.9722367249207764 0
outer loop
vertex 9247.16 7639.1900000000005 599.95
vertex 9125.09 7609.81 199.94
vertex 9125.09 7609.81 599.95
endloop
endfacet
facet normal -0.3818946890414432 0.9242058463794413 0
outer loop
vertex 9363.25 7687.16 599.95
vertex 9363.25 7687.16 199.94
vertex 9247.16 7639.1900000000005 199.94
endloop
endfacet
facet normal -0.3818946890414432 0.9242058463794413 0
outer loop
vertex 9363.25 7687.16 599.95
vertex 9247.16 7639.1900000000005 199.94
vertex 9247.16 7639.1900000000005 599.95
endloop
endfacet
facet normal -0.5229991209705213 0.8523332209083851 0
outer loop
vertex 9470.24 7752.81 599.95
vertex 9470.24 7752.81 199.94
vertex 9363.25 7687.16 199.94
endloop
endfacet
facet normal -0.5229991209705213 0.8523332209083851 0
outer loop
vertex 9470.24 7752.81 599.95
vertex 9363.25 7687.16 199.94
vertex 9363.25 7687.16 599.95
endloop
endfacet
facet normal -0.6495108050134816 0.7603523618499117 0
outer loop
vertex 9565.66 7834.320000000001 599.95
vertex 9565.66 7834.320000000001 199.94
vertex 9470.24 7752.81 199.94
endloop
endfacet
facet normal -0.6495108050134816 0.7603523618499117 0
outer loop
vertex 9565.66 7834.320000000001 599.95
vertex 9470.24 7752.81 199.94
vertex 9470.24 7752.81 599.95
endloop
endfacet
facet normal -0.7603523618499117 0.6495108050134816 0
outer loop
vertex 9647.17 7929.740000000001 599.95
vertex 9647.17 7929.740000000001 199.94
vertex 9565.66 7834.320000000001 199.94
endloop
endfacet
facet normal -0.7603523618499117 0.6495108050134816 0
outer loop
vertex 9647.17 7929.740000000001 599.95
vertex 9565.66 7834.320000000001 199.94
vertex 9565.66 7834.320000000001 599.95
endloop
endfacet
facet normal -0.852616123349954 0.5225377940433553 0
outer loop
vertex 9712.82 8036.860000000001 599.95
vertex 9712.82 8036.860000000001 199.94
vertex 9647.17 7929.740000000001 199.94
endloop
endfacet
facet normal -0.852616123349954 0.5225377940433553 0
outer loop
vertex 9712.82 8036.860000000001 599.95
vertex 9647.17 7929.740000000001 199.94
vertex 9647.17 7929.740000000001 599.95
endloop
endfacet
facet normal -0.9240546895028295 0.38226029195801825 0
outer loop
vertex 9760.79 8152.820000000001 599.95
vertex 9760.79 8152.820000000001 199.94
vertex 9712.82 8036.860000000001 199.94
endloop
endfacet
facet normal -0.9240546895028295 0.38226029195801825 0
outer loop
vertex 9760.79 8152.820000000001 599.95
vertex 9712.82 8036.860000000001 199.94
vertex 9712.82 8036.860000000001 599.95
endloop
endfacet
facet normal -0.9722367249207777 0.23399946733982102 0
outer loop
vertex 9790.17 8274.89 599.95
vertex 9790.17 8274.89 199.94
vertex 9760.79 8152.820000000001 199.94
endloop
endfacet
facet normal -0.9722367249207777 0.23399946733982102 0
outer loop
vertex 9790.17 8274.89 599.95
vertex 9760.79 8152.820000000001 199.94
vertex 9760.79 8152.820000000001 599.95
endloop
endfacet
facet normal -0.9968938680104323 0.07875668811725559 0
outer loop
vertex 9795.11 8337.42 400.01
vertex 9795.11 8337.42 599.95
vertex 9800.050000000001 8399.95 599.95
endloop
endfacet
facet normal -0.9968938680104324 0.0787566881172556 0
outer loop
vertex 9795.11 8337.42 400.01
vertex 9800.050000000001 8399.95 599.95
vertex 9800.050000000001 8399.95 199.94
endloop
endfacet
facet normal -0.9968938680104323 0.0787566881172556 0
outer loop
vertex 9795.11 8337.42 400.01
vertex 9800.050000000001 8399.95 199.94
vertex 9795.11 8337.42 199.94
endloop
endfacet
facet normal -0.9968938680104323 0.0787566881172556 0
outer loop
vertex 9795.11 8337.42 400.01
vertex 9795.11 8337.42 199.94
vertex 9790.17 8274.89 199.94
endloop
endfacet
facet normal -0.9968938680104324 0.0787566881172556 0
outer loop
vertex 9795.11 8337.42 400.01
vertex 9790.17 8274.89 199.94
vertex 9790.17 8274.89 599.95
endloop
endfacet
facet normal -0.9968938680104323 0.07875668811725559 0
outer loop
vertex 9795.11 8337.42 400.01
vertex 9790.17 8274.89 599.95
vertex 9795.11 8337.42 599.95
endloop
endfacet
facet normal -0.9969002856625567 -0.07867541195260948 0
outer loop
vertex 9790.17 8525.14 599.95
vertex 9790.17 8525.14 199.94
vertex 9800.050000000001 8399.95 199.94
endloop
endfacet
facet normal -0.9969002856625567 -0.07867541195260948 0
outer loop
vertex 9790.17 8525.14 599.95
vertex 9800.050000000001 8399.95 199.94
vertex 9800.050000000001 8399.95 599.95
endloop
endfacet
facet normal 0.7598408827174826 0.6501090931152376 0
outer loop
vertex 9323.6 8635.12 599.95
vertex 9323.6 8635.12 199.94
vertex 9282.78 8682.83 199.94
endloop
endfacet
facet normal 0.7598408827174826 0.6501090931152376 0
outer loop
vertex 9323.6 8635.12 599.95
vertex 9282.78 8682.83 199.94
vertex 9282.78 8682.83 599.95
endloop
endfacet
facet normal 0.8530770368414116 0.5217849836991065 0
outer loop
vertex 9356.36 8581.56 599.95
vertex 9356.36 8581.56 199.94
vertex 9323.6 8635.12 199.94
endloop
endfacet
facet normal 0.8530770368414116 0.5217849836991065 0
outer loop
vertex 9356.36 8581.56 599.95
vertex 9323.6 8635.12 199.94
vertex 9323.6 8635.12 599.95
endloop
endfacet
facet normal 0.923688488494845 0.3831443281873149 0
outer loop
vertex 9380.41 8523.58 599.95
vertex 9380.41 8523.58 199.94
vertex 9356.36 8581.56 199.94
endloop
endfacet
facet normal 0.923688488494845 0.3831443281873149 0
outer loop
vertex 9380.41 8523.58 599.95
vertex 9356.36 8581.56 199.94
vertex 9356.36 8581.56 599.95
endloop
endfacet
facet normal 0.9721799453227454 0.23423525335069342 0
outer loop
vertex 9395.1 8462.61 599.95
vertex 9395.1 8462.61 199.94
vertex 9380.41 8523.58 199.94
endloop
endfacet
facet normal 0.9721799453227454 0.23423525335069342 0
outer loop
vertex 9395.1 8462.61 599.95
vertex 9380.41 8523.58 199.94
vertex 9380.41 8523.58 599.95
endloop
endfacet
facet normal 0.9969066834764632 0.07859430284670041 0
outer loop
vertex 9400.04 8399.95 599.95
vertex 9400.04 8399.95 199.94
vertex 9395.1 8462.61 199.94
endloop
endfacet
facet normal 0.9969066834764632 0.07859430284670041 0
outer loop
vertex 9400.04 8399.95 599.95
vertex 9395.1 8462.61 199.94
vertex 9395.1 8462.61 599.95
endloop
endfacet
facet normal 0.9968938680104324 -0.0787566881172556 0
outer loop
vertex 9395.1 8337.42 599.95
vertex 9395.1 8337.42 199.94
vertex 9400.04 8399.95 199.94
endloop
endfacet
facet normal 0.9968938680104324 -0.0787566881172556 0
outer loop
vertex 9395.1 8337.42 599.95
vertex 9400.04 8399.95 199.94
vertex 9400.04 8399.95 599.95
endloop
endfacet
facet normal 0.9721799453227454 -0.23423525335069342 0
outer loop
vertex 9380.41 8276.45 599.95
vertex 9380.41 8276.45 199.94
vertex 9395.1 8337.42 199.94
endloop
endfacet
facet normal 0.9721799453227454 -0.23423525335069342 0
outer loop
vertex 9380.41 8276.45 599.95
vertex 9395.1 8337.42 199.94
vertex 9395.1 8337.42 599.95
endloop
endfacet
facet normal 0.9239916475295021 -0.3824126505435146 0
outer loop
vertex 9356.36 8218.34 599.95
vertex 9356.36 8218.34 199.94
vertex 9380.41 8276.45 199.94
endloop
endfacet
facet normal 0.9239916475295021 -0.3824126505435146 0
outer loop
vertex 9356.36 8218.34 599.95
vertex 9380.41 8276.45 199.94
vertex 9380.41 8276.45 599.95
endloop
endfacet
facet normal 0.8525118060632652 -0.5227079686811267 0
outer loop
vertex 9323.6 8164.91 599.95
vertex 9323.6 8164.91 199.94
vertex 9356.36 8218.34 199.94
endloop
endfacet
facet normal 0.8525118060632652 -0.5227079686811267 0
outer loop
vertex 9323.6 8164.91 599.95
vertex 9356.36 8218.34 199.94
vertex 9356.36 8218.34 599.95
endloop
endfacet
facet normal 0.7598408827174826 -0.6501090931152376 0
outer loop
vertex 9282.78 8117.200000000001 599.95
vertex 9282.78 8117.200000000001 199.94
vertex 9323.6 8164.91 199.94
endloop
endfacet
facet normal 0.7598408827174826 -0.6501090931152376 0
outer loop
vertex 9282.78 8117.200000000001 599.95
vertex 9323.6 8164.91 199.94
vertex 9323.6 8164.91 599.95
endloop
endfacet
facet normal 0.6501090931152316 -0.7598408827174877 0
outer loop
vertex 9235.07 8076.38 599.95
vertex 9235.07 8076.38 199.94
vertex 9282.78 8117.200000000001 199.94
endloop
endfacet
facet normal 0.6501090931152316 -0.7598408827174877 0
outer loop
vertex 9235.07 8076.38 599.95
vertex 9282.78 8117.200000000001 199.94
vertex 9282.78 8117.200000000001 599.95
endloop
endfacet
facet normal 0.5227079686811267 -0.8525118060632652 0
outer loop
vertex 9181.64 8043.62 599.95
vertex 9181.64 8043.62 199.94
vertex 9235.07 8076.38 199.94
endloop
endfacet
facet normal 0.5227079686811267 -0.8525118060632652 0
outer loop
vertex 9181.64 8043.62 599.95
vertex 9235.07 8076.38 199.94
vertex 9235.07 8076.38 599.95
endloop
endfacet
facet normal 0.3831443281873149 -0.923688488494845 0
outer loop
vertex 9123.66 8019.570000000001 599.95
vertex 9123.66 8019.570000000001 199.94
vertex 9181.64 8043.62 199.94
endloop
endfacet
facet normal 0.3831443281873149 -0.923688488494845 0
outer loop
vertex 9123.66 8019.570000000001 599.95
vertex 9181.64 8043.62 199.94
vertex 9181.64 8043.62 599.95
endloop
endfacet
facet normal 0.23376414183737496 -0.972293333305868 0
outer loop
vertex 9062.56 8004.88 599.95
vertex 9062.56 8004.88 199.94
vertex 9123.66 8019.570000000001 199.94
endloop
endfacet
facet normal 0.23376414183737496 -0.972293333305868 0
outer loop
vertex 9062.56 8004.88 599.95
vertex 9123.66 8019.570000000001 199.94
vertex 9123.66 8019.570000000001 599.95
endloop
endfacet
facet normal 0.07593902864132687 -0.9971124630296284 0
outer loop
vertex 9023.300000000001 8001.89 599.95
vertex 9023.300000000001 8001.89 199.94
vertex 9062.56 8004.88 199.94
endloop
endfacet
facet normal 0.07593902864132687 -0.9971124630296284 0
outer loop
vertex 9023.300000000001 8001.89 599.95
vertex 9062.56 8004.88 199.94
vertex 9062.56 8004.88 599.95
endloop
endfacet
facet normal 0.28735511618204607 -0.9578241160066928 0
outer loop
vertex 7782.71 8843.64 599.95
vertex 7782.71 8843.64 199.94
vertex 10942.49 9791.6 199.94
endloop
endfacet
facet normal 0.28735511618204607 -0.9578241160066928 0
outer loop
vertex 7782.71 8843.64 599.95
vertex 10942.49 9791.6 199.94
vertex 10942.49 9791.6 599.95
endloop
endfacet
facet normal 0.28687278516600806 -0.9579686869261945 0
outer loop
vertex 6999.9800000000005 8608.86 599.95
vertex 6999.9800000000005 8608.86 199.94
vertex 7240.4800000000005 8680.880000000001 199.94
endloop
endfacet
facet normal 0.28687278516600806 -0.9579686869261945 0
outer loop
vertex 6999.9800000000005 8608.86 599.95
vertex 7240.4800000000005 8680.880000000001 199.94
vertex 7240.4800000000005 8680.880000000001 599.95
endloop
endfacet
facet normal 0.65021541050468 -0.7597499061811265 0
outer loop
vertex 7240.4800000000005 8680.880000000001 599.95
vertex 7240.4800000000005 8680.880000000001 199.94
vertex 7282.860000000001 8717.15 199.94
endloop
endfacet
facet normal 0.65021541050468 -0.7597499061811265 0
outer loop
vertex 7240.4800000000005 8680.880000000001 599.95
vertex 7282.860000000001 8717.15 199.94
vertex 7282.860000000001 8717.15 599.95
endloop
endfacet
facet normal -0.9729365507195629 0.23107243079588624 0
outer loop
vertex 7782.71 8843.64 599.95
vertex 7790.12 8874.84 599.95
vertex 7790.12 8874.84 199.94
endloop
endfacet
facet normal -0.9729365507195629 0.23107243079588624 0
outer loop
vertex 7782.71 8843.64 599.95
vertex 7790.12 8874.84 199.94
vertex 7782.71 8843.64 199.94
endloop
endfacet
facet normal -0.287261815513357 -0.9578521020220033 0
outer loop
vertex 7696 8399.95 599.95
vertex 7696 8399.95 199.94
vertex 9023.300000000001 8001.89 199.94
endloop
endfacet
facet normal -0.287261815513357 -0.9578521020220033 0
outer loop
vertex 7696 8399.95 599.95
vertex 9023.300000000001 8001.89 199.94
vertex 9023.300000000001 8001.89 599.95
endloop
endfacet
facet normal -0.2873478855663454 -0.9578262852211514 0
outer loop
vertex 5696.08 9000.03 599.95
vertex 5696.08 9000.03 199.94
vertex 6999.9800000000005 8608.86 199.94
endloop
endfacet
facet normal -0.2873478855663454 -0.9578262852211514 0
outer loop
vertex 5696.08 9000.03 599.95
vertex 6999.9800000000005 8608.86 199.94
vertex 6999.9800000000005 8608.86 599.95
endloop
endfacet
facet normal 0.09950371902103569 -0.9950371902099856 0
outer loop
vertex 10999.95 9800.050000000001 199.94
vertex 10999.95 9800.050000000001 599.95
vertex 10960.95 9796.15 599.95
endloop
endfacet
facet normal 0.09950371902103569 -0.9950371902099856 0
outer loop
vertex 10999.95 9800.050000000001 199.94
vertex 10960.95 9796.15 599.95
vertex 10960.95 9796.15 199.94
endloop
endfacet
facet normal 0.28734788556629276 -0.9578262852211673 0
outer loop
vertex 10942.75 9790.69 199.94
vertex 10960.95 9796.15 199.94
vertex 10960.95 9796.15 599.95
endloop
endfacet
facet normal 0.28734788556629276 -0.9578262852211673 0
outer loop
vertex 10942.75 9790.69 199.94
vertex 10960.95 9796.15 599.95
vertex 10942.75 9790.69 599.95
endloop
endfacet
facet normal -0.9615239476407507 -0.2747211278976319 0
outer loop
vertex 10942.49 9791.6 599.95
vertex 10942.49 9791.6 199.94
vertex 10942.75 9790.69 199.94
endloop
endfacet
facet normal -0.9615239476407507 -0.2747211278976319 0
outer loop
vertex 10942.49 9791.6 599.95
vertex 10942.75 9790.69 199.94
vertex 10942.75 9790.69 599.95
endloop
endfacet
facet normal 0.23423525335069342 0.9721799453227454 0
outer loop
vertex 11123.58 9380.41 599.95
vertex 11123.58 9380.41 199.94
vertex 11062.61 9395.1 199.94
endloop
endfacet
facet normal 0.23423525335069342 0.9721799453227454 0
outer loop
vertex 11123.58 9380.41 599.95
vertex 11062.61 9395.1 199.94
vertex 11062.61 9395.1 599.95
endloop
endfacet
facet normal 0.3831443281873149 0.923688488494845 0
outer loop
vertex 11181.56 9356.36 599.95
vertex 11181.56 9356.36 199.94
vertex 11123.58 9380.41 199.94
endloop
endfacet
facet normal 0.3831443281873149 0.923688488494845 0
outer loop
vertex 11181.56 9356.36 599.95
vertex 11123.58 9380.41 199.94
vertex 11123.58 9380.41 599.95
endloop
endfacet
facet normal 0.5217849836991065 0.8530770368414116 0
outer loop
vertex 11235.12 9323.6 599.95
vertex 11235.12 9323.6 199.94
vertex 11181.56 9356.36 199.94
endloop
endfacet
facet normal 0.5217849836991065 0.8530770368414116 0
outer loop
vertex 11235.12 9323.6 599.95
vertex 11181.56 9356.36 199.94
vertex 11181.56 9356.36 599.95
endloop
endfacet
facet normal 0.6501090931152376 0.7598408827174826 0
outer loop
vertex 11282.83 9282.78 599.95
vertex 11282.83 9282.78 199.94
vertex 11235.12 9323.6 199.94
endloop
endfacet
facet normal 0.6501090931152376 0.7598408827174826 0
outer loop
vertex 11282.83 9282.78 599.95
vertex 11235.12 9323.6 199.94
vertex 11235.12 9323.6 599.95
endloop
endfacet
facet normal 0.759840882717495 0.6501090931152234 0
outer loop
vertex 11323.65 9235.07 599.95
vertex 11323.65 9235.07 199.94
vertex 11282.83 9282.78 199.94
endloop
endfacet
facet normal 0.759840882717495 0.6501090931152234 0
outer loop
vertex 11323.65 9235.07 599.95
vertex 11282.83 9282.78 199.94
vertex 11282.83 9282.78 599.95
endloop
endfacet
facet normal 0.8525118060632652 0.5227079686811267 0
outer loop
vertex 11356.41 9181.64 599.95
vertex 11356.41 9181.64 199.94
vertex 11323.65 9235.07 199.94
endloop
endfacet
facet normal 0.8525118060632652 0.5227079686811267 0
outer loop
vertex 11356.41 9181.64 599.95
vertex 11323.65 9235.07 199.94
vertex 11323.65 9235.07 599.95
endloop
endfacet
facet normal 0.9236884884948346 0.38314432818733957 0
outer loop
vertex 11380.460000000001 9123.66 599.95
vertex 11380.460000000001 9123.66 199.94
vertex 11356.41 9181.64 199.94
endloop
endfacet
facet normal 0.9236884884948346 0.38314432818733957 0
outer loop
vertex 11380.460000000001 9123.66 599.95
vertex 11356.41 9181.64 199.94
vertex 11356.41 9181.64 599.95
endloop
endfacet
facet normal 0.9727617825102862 0.23180706306627147 0
outer loop
vertex 11395.02 9062.56 599.95
vertex 11395.02 9062.56 199.94
vertex 11380.460000000001 9123.66 199.94
endloop
endfacet
facet normal 0.9727617825102862 0.23180706306627147 0
outer loop
vertex 11395.02 9062.56 599.95
vertex 11380.460000000001 9123.66 199.94
vertex 11380.460000000001 9123.66 599.95
endloop
endfacet
facet normal 0.996893868010432 0.07875668811725786 0
outer loop
vertex 11399.960000000001 9000.03 599.95
vertex 11399.960000000001 9000.03 199.94
vertex 11395.02 9062.56 199.94
endloop
endfacet
facet normal 0.996893868010432 0.07875668811725786 0
outer loop
vertex 11399.960000000001 9000.03 599.95
vertex 11395.02 9062.56 199.94
vertex 11395.02 9062.56 599.95
endloop
endfacet
facet normal 0.9969066834764632 -0.07859430284670041 0
outer loop
vertex 11395.02 8937.37 599.95
vertex 11395.02 8937.37 199.94
vertex 11399.960000000001 9000.03 199.94
endloop
endfacet
facet normal 0.9969066834764632 -0.07859430284670041 0
outer loop
vertex 11395.02 8937.37 599.95
vertex 11399.960000000001 9000.03 199.94
vertex 11399.960000000001 9000.03 599.95
endloop
endfacet
facet normal 0.9726502311087345 -0.23227468205580462 0
outer loop
vertex 11380.460000000001 8876.4 599.95
vertex 11380.460000000001 8876.4 199.94
vertex 11395.02 8937.37 199.94
endloop
endfacet
facet normal 0.9726502311087345 -0.23227468205580462 0
outer loop
vertex 11380.460000000001 8876.4 599.95
vertex 11395.02 8937.37 199.94
vertex 11395.02 8937.37 599.95
endloop
endfacet
facet normal 0.9236884884948346 -0.38314432818733957 0
outer loop
vertex 11356.41 8818.42 599.95
vertex 11356.41 8818.42 199.94
vertex 11380.460000000001 8876.4 199.94
endloop
endfacet
facet normal 0.9236884884948346 -0.38314432818733957 0
outer loop
vertex 11356.41 8818.42 599.95
vertex 11380.460000000001 8876.4 199.94
vertex 11380.460000000001 8876.4 599.95
endloop
endfacet
facet normal 0.8530770368414038 -0.5217849836991195 0
outer loop
vertex 11323.65 8764.86 599.95
vertex 11323.65 8764.86 199.94
vertex 11356.41 8818.42 199.94
endloop
endfacet
facet normal 0.8530770368414038 -0.5217849836991195 0
outer loop
vertex 11323.65 8764.86 599.95
vertex 11356.41 8818.42 199.94
vertex 11356.41 8818.42 599.95
endloop
endfacet
facet normal 0.759840882717495 -0.6501090931152234 0
outer loop
vertex 11282.83 8717.15 599.95
vertex 11282.83 8717.15 199.94
vertex 11323.65 8764.86 199.94
endloop
endfacet
facet normal 0.759840882717495 -0.6501090931152234 0
outer loop
vertex 11282.83 8717.15 599.95
vertex 11323.65 8764.86 199.94
vertex 11323.65 8764.86 599.95
endloop
endfacet
facet normal -0.9969002856625566 0.07867541195260833 0
outer loop
vertex 11799.970000000001 9000.03 599.95
vertex 11799.970000000001 9000.03 199.94
vertex 11790.09 8874.84 199.94
endloop
endfacet
facet normal -0.9969002856625566 0.07867541195260833 0
outer loop
vertex 11799.970000000001 9000.03 599.95
vertex 11790.09 8874.84 199.94
vertex 11790.09 8874.84 599.95
endloop
endfacet
facet normal -0.9968938680104323 -0.07875668811725559 0
outer loop
vertex 11795.03 9062.56 400.01
vertex 11795.03 9062.56 599.95
vertex 11790.09 9125.09 599.95
endloop
endfacet
facet normal -0.9968938680104324 -0.0787566881172556 0
outer loop
vertex 11795.03 9062.56 400.01
vertex 11790.09 9125.09 599.95
vertex 11790.09 9125.09 199.94
endloop
endfacet
facet normal -0.9968938680104323 -0.0787566881172556 0
outer loop
vertex 11795.03 9062.56 400.01
vertex 11790.09 9125.09 199.94
vertex 11795.03 9062.56 199.94
endloop
endfacet
facet normal -0.9968938680104322 -0.07875668811725788 0
outer loop
vertex 11795.03 9062.56 400.01
vertex 11795.03 9062.56 199.94
vertex 11799.970000000001 9000.03 199.94
endloop
endfacet
facet normal -0.996893868010432 -0.07875668811725786 0
outer loop
vertex 11795.03 9062.56 400.01
vertex 11799.970000000001 9000.03 199.94
vertex 11799.970000000001 9000.03 599.95
endloop
endfacet
facet normal -0.9968938680104321 -0.07875668811725786 0
outer loop
vertex 11795.03 9062.56 400.01
vertex 11799.970000000001 9000.03 599.95
vertex 11795.03 9062.56 599.95
endloop
endfacet
facet normal -0.9724718445812172 -0.2330204100434232 0
outer loop
vertex 11760.84 9247.16 599.95
vertex 11760.84 9247.16 199.94
vertex 11790.09 9125.09 199.94
endloop
endfacet
facet normal -0.9724718445812172 -0.2330204100434232 0
outer loop
vertex 11760.84 9247.16 599.95
vertex 11790.09 9125.09 199.94
vertex 11790.09 9125.09 599.95
endloop
endfacet
facet normal -0.9242058463794413 -0.3818946890414432 0
outer loop
vertex 11712.87 9363.25 599.95
vertex 11712.87 9363.25 199.94
vertex 11760.84 9247.16 199.94
endloop
endfacet
facet normal -0.9242058463794413 -0.3818946890414432 0
outer loop
vertex 11712.87 9363.25 599.95
vertex 11760.84 9247.16 199.94
vertex 11760.84 9247.16 599.95
endloop
endfacet
facet normal -0.8523332209083884 -0.522999120970516 0
outer loop
vertex 11647.220000000001 9470.24 599.95
vertex 11647.220000000001 9470.24 199.94
vertex 11712.87 9363.25 199.94
endloop
endfacet
facet normal -0.8523332209083884 -0.522999120970516 0
outer loop
vertex 11647.220000000001 9470.24 599.95
vertex 11712.87 9363.25 199.94
vertex 11712.87 9363.25 599.95
endloop
endfacet
facet normal -0.7603523618499117 -0.6495108050134816 0
outer loop
vertex 11565.710000000001 9565.66 599.95
vertex 11565.710000000001 9565.66 199.94
vertex 11647.220000000001 9470.24 199.94
endloop
endfacet
facet normal -0.7603523618499117 -0.6495108050134816 0
outer loop
vertex 11565.710000000001 9565.66 599.95
vertex 11647.220000000001 9470.24 199.94
vertex 11647.220000000001 9470.24 599.95
endloop
endfacet
facet normal -0.6495108050134816 -0.7603523618499117 0
outer loop
vertex 11470.29 9647.17 599.95
vertex 11470.29 9647.17 199.94
vertex 11565.710000000001 9565.66 199.94
endloop
endfacet
facet normal -0.6495108050134816 -0.7603523618499117 0
outer loop
vertex 11470.29 9647.17 599.95
vertex 11565.710000000001 9565.66 199.94
vertex 11565.710000000001 9565.66 599.95
endloop
endfacet
facet normal -0.5225377940433521 -0.852616123349956 0
outer loop
vertex 11363.17 9712.82 599.95
vertex 11363.17 9712.82 199.94
vertex 11470.29 9647.17 199.94
endloop
endfacet
facet normal -0.5225377940433521 -0.852616123349956 0
outer loop
vertex 11363.17 9712.82 599.95
vertex 11470.29 9647.17 199.94
vertex 11470.29 9647.17 599.95
endloop
endfacet
facet normal -0.38226029195802086 -0.9240546895028287 0
outer loop
vertex 11247.210000000001 9760.79 599.95
vertex 11247.210000000001 9760.79 199.94
vertex 11363.17 9712.82 199.94
endloop
endfacet
facet normal -0.38226029195802086 -0.9240546895028287 0
outer loop
vertex 11247.210000000001 9760.79 599.95
vertex 11363.17 9712.82 199.94
vertex 11363.17 9712.82 599.95
endloop
endfacet
facet normal -0.23399946733981936 -0.9722367249207781 0
outer loop
vertex 11125.140000000001 9790.17 599.95
vertex 11125.140000000001 9790.17 199.94
vertex 11247.210000000001 9760.79 199.94
endloop
endfacet
facet normal -0.23399946733981936 -0.9722367249207781 0
outer loop
vertex 11125.140000000001 9790.17 599.95
vertex 11247.210000000001 9760.79 199.94
vertex 11247.210000000001 9760.79 599.95
endloop
endfacet
facet normal -0.07867541195260833 -0.9969002856625566 0
outer loop
vertex 10999.95 9800.050000000001 599.95
vertex 10999.95 9800.050000000001 199.94
vertex 11125.140000000001 9790.17 199.94
endloop
endfacet
facet normal -0.07867541195260833 -0.9969002856625566 0
outer loop
vertex 10999.95 9800.050000000001 599.95
vertex 11125.140000000001 9790.17 199.94
vertex 11125.140000000001 9790.17 599.95
endloop
endfacet
facet normal 0.07896061279597494 0.9968777365489132 0
outer loop
vertex 11062.61 9395.1 599.95
vertex 11062.61 9395.1 199.94
vertex 11023.220000000001 9398.220000000001 199.94
endloop
endfacet
facet normal 0.07896061279597494 0.9968777365489132 0
outer loop
vertex 11062.61 9395.1 599.95
vertex 11023.220000000001 9398.220000000001 199.94
vertex 11023.220000000001 9398.220000000001 599.95
endloop
endfacet
facet normal 0.28749045141441115 0.9577835039013453 0
outer loop
vertex 9240.4 8719.1 599.95
vertex 9240.4 8719.1 199.94
vertex 9000.03 8791.25 199.94
endloop
endfacet
facet normal 0.28749045141441115 0.9577835039013453 0
outer loop
vertex 9240.4 8719.1 599.95
vertex 9000.03 8791.25 199.94
vertex 9000.03 8791.25 599.95
endloop
endfacet
facet normal 0.28734427038880933 0.9578273697669757 0
outer loop
vertex 12942.54 7608.38 599.95
vertex 12942.54 7608.38 199.94
vertex 9782.630000000001 8556.34 199.94
endloop
endfacet
facet normal 0.28734427038880933 0.9578273697669757 0
outer loop
vertex 12942.54 7608.38 599.95
vertex 9782.630000000001 8556.34 199.94
vertex 9782.630000000001 8556.34 599.95
endloop
endfacet
facet normal -0.9720184636660856 -0.23490446205260238 0
outer loop
vertex 9782.630000000001 8556.34 599.95
vertex 9782.630000000001 8556.34 199.94
vertex 9790.17 8525.14 199.94
endloop
endfacet
facet normal -0.9720184636660856 -0.23490446205260238 0
outer loop
vertex 9782.630000000001 8556.34 599.95
vertex 9790.17 8525.14 199.94
vertex 9790.17 8525.14 599.95
endloop
endfacet
facet normal 0.6502154105046907 0.7597499061811173 0
outer loop
vertex 9282.78 8682.83 599.95
vertex 9282.78 8682.83 199.94
vertex 9240.4 8719.1 199.94
endloop
endfacet
facet normal 0.6502154105046907 0.7597499061811173 0
outer loop
vertex 9282.78 8682.83 599.95
vertex 9240.4 8719.1 199.94
vertex 9240.4 8719.1 599.95
endloop
endfacet
facet normal -0.2874092054821696 0.9578078871068603 0
outer loop
vertex 9000.03 8791.25 599.95
vertex 9000.03 8791.25 199.94
vertex 7696 8399.95 199.94
endloop
endfacet
facet normal -0.2874092054821696 0.9578078871068603 0
outer loop
vertex 9000.03 8791.25 599.95
vertex 7696 8399.95 199.94
vertex 7696 8399.95 599.95
endloop
endfacet
facet normal -0.28737370775413135 0.957818538185414 0
outer loop
vertex 11023.220000000001 9398.220000000001 599.95
vertex 11023.220000000001 9398.220000000001 199.94
vertex 9696.050000000001 9000.03 199.94
endloop
endfacet
facet normal -0.28737370775413135 0.957818538185414 0
outer loop
vertex 11023.220000000001 9398.220000000001 599.95
vertex 9696.050000000001 9000.03 199.94
vertex 9696.050000000001 9000.03 599.95
endloop
endfacet
facet normal 0.09621815937081751 0.9953602693534094 0
outer loop
vertex 12961 7603.83 199.94
vertex 12961 7603.83 599.95
vertex 13000 7600.06 599.95
endloop
endfacet
facet normal 0.09621815937081751 0.9953602693534094 0
outer loop
vertex 12961 7603.83 199.94
vertex 13000 7600.06 599.95
vertex 13000 7600.06 199.94
endloop
endfacet
facet normal 0.29360600310210283 0.9559265217276943 0
outer loop
vertex 12942.800000000001 7609.42 199.94
vertex 12942.800000000001 7609.42 599.95
vertex 12961 7603.83 599.95
endloop
endfacet
facet normal 0.29360600310210283 0.9559265217276943 0
outer loop
vertex 12942.800000000001 7609.42 199.94
vertex 12961 7603.83 599.95
vertex 12961 7603.83 199.94
endloop
endfacet
facet normal -0.9701425001452819 0.2425356250365326 0
outer loop
vertex 12942.800000000001 7609.42 599.95
vertex 12942.800000000001 7609.42 199.94
vertex 12942.54 7608.38 199.94
endloop
endfacet
facet normal -0.9701425001452819 0.2425356250365326 0
outer loop
vertex 12942.800000000001 7609.42 599.95
vertex 12942.54 7608.38 199.94
vertex 12942.54 7608.38 599.95
endloop
endfacet
facet normal -0.0776464917321639 0.9969809538409885 0
outer loop
vertex 13125.19 7609.81 599.95
vertex 13125.19 7609.81 199.94
vertex 13000 7600.06 199.94
endloop
endfacet
facet normal -0.0776464917321639 0.9969809538409885 0
outer loop
vertex 13125.19 7609.81 599.95
vertex 13000 7600.06 199.94
vertex 13000 7600.06 599.95
endloop
endfacet
facet normal -0.2339994673398262 0.9722367249207764 0
outer loop
vertex 13247.26 7639.1900000000005 599.95
vertex 13247.26 7639.1900000000005 199.94
vertex 13125.19 7609.81 199.94
endloop
endfacet
facet normal -0.2339994673398262 0.9722367249207764 0
outer loop
vertex 13247.26 7639.1900000000005 599.95
vertex 13125.19 7609.81 199.94
vertex 13125.19 7609.81 599.95
endloop
endfacet
facet normal -0.3822602919580033 0.9240546895028358 0
outer loop
vertex 13363.220000000001 7687.16 599.95
vertex 13363.220000000001 7687.16 199.94
vertex 13247.26 7639.1900000000005 199.94
endloop
endfacet
facet normal -0.3822602919580033 0.9240546895028358 0
outer loop
vertex 13363.220000000001 7687.16 599.95
vertex 13247.26 7639.1900000000005 199.94
vertex 13247.26 7639.1900000000005 599.95
endloop
endfacet
facet normal -0.5229991209705213 0.8523332209083851 0
outer loop
vertex 13470.210000000001 7752.81 599.95
vertex 13470.210000000001 7752.81 199.94
vertex 13363.220000000001 7687.16 199.94
endloop
endfacet
facet normal -0.5229991209705213 0.8523332209083851 0
outer loop
vertex 13470.210000000001 7752.81 599.95
vertex 13363.220000000001 7687.16 199.94
vertex 13363.220000000001 7687.16 599.95
endloop
endfacet
facet normal -0.6495108050134816 0.7603523618499117 0
outer loop
vertex 13565.630000000001 7834.320000000001 599.95
vertex 13565.630000000001 7834.320000000001 199.94
vertex 13470.210000000001 7752.81 199.94
endloop
endfacet
facet normal -0.6495108050134816 0.7603523618499117 0
outer loop
vertex 13565.630000000001 7834.320000000001 599.95
vertex 13470.210000000001 7752.81 199.94
vertex 13470.210000000001 7752.81 599.95
endloop
endfacet
facet normal -0.7598408827174887 0.6501090931152305 0
outer loop
vertex 13647.27 7929.740000000001 599.95
vertex 13647.27 7929.740000000001 199.94
vertex 13565.630000000001 7834.320000000001 199.94
endloop
endfacet
facet normal -0.7598408827174887 0.6501090931152305 0
outer loop
vertex 13647.27 7929.740000000001 599.95
vertex 13565.630000000001 7834.320000000001 199.94
vertex 13565.630000000001 7834.320000000001 599.95
endloop
endfacet
facet normal -0.8530770368414057 0.5217849836991162 0
outer loop
vertex 13712.79 8036.860000000001 599.95
vertex 13712.79 8036.860000000001 199.94
vertex 13647.27 7929.740000000001 199.94
endloop
endfacet
facet normal -0.8530770368414057 0.5217849836991162 0
outer loop
vertex 13712.79 8036.860000000001 599.95
vertex 13647.27 7929.740000000001 199.94
vertex 13647.27 7929.740000000001 599.95
endloop
endfacet
facet normal -0.9236884884948408 0.38314432818732463 0
outer loop
vertex 13760.890000000001 8152.820000000001 599.95
vertex 13760.890000000001 8152.820000000001 199.94
vertex 13712.79 8036.860000000001 199.94
endloop
endfacet
facet normal -0.9236884884948408 0.38314432818732463 0
outer loop
vertex 13760.890000000001 8152.820000000001 599.95
vertex 13712.79 8036.860000000001 199.94
vertex 13712.79 8036.860000000001 599.95
endloop
endfacet
facet normal -0.9724718445812168 0.23302041004342486 0
outer loop
vertex 13790.140000000001 8274.89 599.95
vertex 13790.140000000001 8274.89 199.94
vertex 13760.890000000001 8152.820000000001 199.94
endloop
endfacet
facet normal -0.9724718445812168 0.23302041004342486 0
outer loop
vertex 13790.140000000001 8274.89 599.95
vertex 13760.890000000001 8152.820000000001 199.94
vertex 13760.890000000001 8152.820000000001 599.95
endloop
endfacet
facet normal -0.9968938680104323 0.07875668811725559 0
outer loop
vertex 13795.08 8337.42 400.01
vertex 13795.08 8337.42 599.95
vertex 13800.02 8399.95 599.95
endloop
endfacet
facet normal -0.9968938680104324 0.0787566881172556 0
outer loop
vertex 13795.08 8337.42 400.01
vertex 13800.02 8399.95 599.95
vertex 13800.02 8399.95 199.94
endloop
endfacet
facet normal -0.9968938680104323 0.0787566881172556 0
outer loop
vertex 13795.08 8337.42 400.01
vertex 13800.02 8399.95 199.94
vertex 13795.08 8337.42 199.94
endloop
endfacet
facet normal -0.9968938680104346 0.07875668811722676 0
outer loop
vertex 13795.08 8337.42 400.01
vertex 13795.08 8337.42 199.94
vertex 13790.140000000001 8274.89 199.94
endloop
endfacet
facet normal -0.9968938680104347 0.07875668811722678 0
outer loop
vertex 13795.08 8337.42 400.01
vertex 13790.140000000001 8274.89 199.94
vertex 13790.140000000001 8274.89 599.95
endloop
endfacet
facet normal -0.9968938680104346 0.07875668811722676 0
outer loop
vertex 13795.08 8337.42 400.01
vertex 13790.140000000001 8274.89 599.95
vertex 13795.08 8337.42 599.95
endloop
endfacet
facet normal -0.996900285662558 -0.07867541195259509 0
outer loop
vertex 13790.140000000001 8525.14 599.95
vertex 13790.140000000001 8525.14 199.94
vertex 13800.02 8399.95 199.94
endloop
endfacet
facet normal -0.996900285662558 -0.07867541195259509 0
outer loop
vertex 13790.140000000001 8525.14 599.95
vertex 13800.02 8399.95 199.94
vertex 13800.02 8399.95 599.95
endloop
endfacet
facet normal -0.9724718445812179 -0.23302041004341992 0
outer loop
vertex 13760.890000000001 8647.210000000001 599.95
vertex 13760.890000000001 8647.210000000001 199.94
vertex 13790.140000000001 8525.14 199.94
endloop
endfacet
facet normal -0.9724718445812179 -0.23302041004341992 0
outer loop
vertex 13760.890000000001 8647.210000000001 599.95
vertex 13790.140000000001 8525.14 199.94
vertex 13790.140000000001 8525.14 599.95
endloop
endfacet
facet normal -0.9236884884948396 -0.3831443281873272 0
outer loop
vertex 13712.79 8763.17 599.95
vertex 13712.79 8763.17 199.94
vertex 13760.890000000001 8647.210000000001 199.94
endloop
endfacet
facet normal -0.9236884884948396 -0.3831443281873272 0
outer loop
vertex 13712.79 8763.17 599.95
vertex 13760.890000000001 8647.210000000001 199.94
vertex 13760.890000000001 8647.210000000001 599.95
endloop
endfacet
facet normal -0.8530770368414076 -0.521784983699113 0
outer loop
vertex 13647.27 8870.29 599.95
vertex 13647.27 8870.29 199.94
vertex 13712.79 8763.17 199.94
endloop
endfacet
facet normal -0.8530770368414076 -0.521784983699113 0
outer loop
vertex 13647.27 8870.29 599.95
vertex 13712.79 8763.17 199.94
vertex 13712.79 8763.17 599.95
endloop
endfacet
facet normal 0.23180706306627147 0.9727617825102862 0
outer loop
vertex 13123.630000000001 8780.460000000001 599.95
vertex 13123.630000000001 8780.460000000001 199.94
vertex 13062.53 8795.02 199.94
endloop
endfacet
facet normal 0.23180706306627147 0.9727617825102862 0
outer loop
vertex 13123.630000000001 8780.460000000001 599.95
vertex 13062.53 8795.02 199.94
vertex 13062.53 8795.02 599.95
endloop
endfacet
facet normal 0.38314432818733957 0.9236884884948346 0
outer loop
vertex 13181.61 8756.41 599.95
vertex 13181.61 8756.41 199.94
vertex 13123.630000000001 8780.460000000001 199.94
endloop
endfacet
facet normal 0.38314432818733957 0.9236884884948346 0
outer loop
vertex 13181.61 8756.41 599.95
vertex 13123.630000000001 8780.460000000001 199.94
vertex 13123.630000000001 8780.460000000001 599.95
endloop
endfacet
facet normal 0.5217849836991195 0.8530770368414038 0
outer loop
vertex 13235.17 8723.65 599.95
vertex 13235.17 8723.65 199.94
vertex 13181.61 8756.41 199.94
endloop
endfacet
facet normal 0.5217849836991195 0.8530770368414038 0
outer loop
vertex 13235.17 8723.65 599.95
vertex 13181.61 8756.41 199.94
vertex 13181.61 8756.41 599.95
endloop
endfacet
facet normal 0.6501090931152234 0.759840882717495 0
outer loop
vertex 13282.880000000001 8682.83 599.95
vertex 13282.880000000001 8682.83 199.94
vertex 13235.17 8723.65 199.94
endloop
endfacet
facet normal 0.6501090931152234 0.759840882717495 0
outer loop
vertex 13282.880000000001 8682.83 599.95
vertex 13235.17 8723.65 199.94
vertex 13235.17 8723.65 599.95
endloop
endfacet
facet normal 0.7608640576866115 0.64891130805424 0
outer loop
vertex 13323.57 8635.12 599.95
vertex 13323.57 8635.12 199.94
vertex 13282.880000000001 8682.83 199.94
endloop
endfacet
facet normal 0.7608640576866115 0.64891130805424 0
outer loop
vertex 13323.57 8635.12 599.95
vertex 13282.880000000001 8682.83 199.94
vertex 13282.880000000001 8682.83 599.95
endloop
endfacet
facet normal 0.8521550447547152 0.5232893842789946 0
outer loop
vertex 13356.460000000001 8581.56 599.95
vertex 13356.460000000001 8581.56 199.94
vertex 13323.57 8635.12 199.94
endloop
endfacet
facet normal 0.8521550447547152 0.5232893842789946 0
outer loop
vertex 13356.460000000001 8581.56 599.95
vertex 13323.57 8635.12 199.94
vertex 13323.57 8635.12 599.95
endloop
endfacet
facet normal 0.9244203335627806 0.38137520487792254 0
outer loop
vertex 13380.380000000001 8523.58 599.95
vertex 13380.380000000001 8523.58 199.94
vertex 13356.460000000001 8581.56 199.94
endloop
endfacet
facet normal 0.9244203335627806 0.38137520487792254 0
outer loop
vertex 13380.380000000001 8523.58 599.95
vertex 13356.460000000001 8581.56 199.94
vertex 13356.460000000001 8581.56 599.95
endloop
endfacet
facet normal 0.9721799453227521 0.23423525335066603 0
outer loop
vertex 13395.07 8462.61 599.95
vertex 13395.07 8462.61 199.94
vertex 13380.380000000001 8523.58 199.94
endloop
endfacet
facet normal 0.9721799453227521 0.23423525335066603 0
outer loop
vertex 13395.07 8462.61 599.95
vertex 13380.380000000001 8523.58 199.94
vertex 13380.380000000001 8523.58 599.95
endloop
endfacet
facet normal 0.9969066834764632 0.07859430284670041 0
outer loop
vertex 13400.01 8399.95 599.95
vertex 13400.01 8399.95 199.94
vertex 13395.07 8462.61 199.94
endloop
endfacet
facet normal 0.9969066834764632 0.07859430284670041 0
outer loop
vertex 13400.01 8399.95 599.95
vertex 13395.07 8462.61 199.94
vertex 13395.07 8462.61 599.95
endloop
endfacet
facet normal 0.9968938680104324 -0.0787566881172556 0
outer loop
vertex 13395.07 8337.42 599.95
vertex 13395.07 8337.42 199.94
vertex 13400.01 8399.95 199.94
endloop
endfacet
facet normal 0.9968938680104324 -0.0787566881172556 0
outer loop
vertex 13395.07 8337.42 599.95
vertex 13400.01 8399.95 199.94
vertex 13400.01 8399.95 599.95
endloop
endfacet
facet normal 0.9721799453227521 -0.23423525335066603 0
outer loop
vertex 13380.380000000001 8276.45 599.95
vertex 13380.380000000001 8276.45 199.94
vertex 13395.07 8337.42 199.94
endloop
endfacet
facet normal 0.9721799453227521 -0.23423525335066603 0
outer loop
vertex 13380.380000000001 8276.45 599.95
vertex 13395.07 8337.42 199.94
vertex 13395.07 8337.42 599.95
endloop
endfacet
facet normal 0.9247209360778051 -0.3806457544481319 0
outer loop
vertex 13356.460000000001 8218.34 599.95
vertex 13356.460000000001 8218.34 199.94
vertex 13380.380000000001 8276.45 199.94
endloop
endfacet
facet normal 0.9247209360778051 -0.3806457544481319 0
outer loop
vertex 13356.460000000001 8218.34 599.95
vertex 13380.380000000001 8276.45 199.94
vertex 13380.380000000001 8276.45 599.95
endloop
endfacet
facet normal 0.8515871676312253 -0.5242130253301872 0
outer loop
vertex 13323.57 8164.91 599.95
vertex 13323.57 8164.91 199.94
vertex 13356.460000000001 8218.34 199.94
endloop
endfacet
facet normal 0.8515871676312253 -0.5242130253301872 0
outer loop
vertex 13323.57 8164.91 599.95
vertex 13356.460000000001 8218.34 199.94
vertex 13356.460000000001 8218.34 599.95
endloop
endfacet
facet normal 0.7608640576866115 -0.64891130805424 0
outer loop
vertex 13282.880000000001 8117.200000000001 599.95
vertex 13282.880000000001 8117.200000000001 199.94
vertex 13323.57 8164.91 199.94
endloop
endfacet
facet normal 0.7608640576866115 -0.64891130805424 0
outer loop
vertex 13282.880000000001 8117.200000000001 599.95
vertex 13323.57 8164.91 199.94
vertex 13323.57 8164.91 599.95
endloop
endfacet
facet normal 0.6501090931152316 -0.7598408827174877 0
outer loop
vertex 13235.17 8076.38 599.95
vertex 13235.17 8076.38 199.94
vertex 13282.880000000001 8117.200000000001 199.94
endloop
endfacet
facet normal 0.6501090931152316 -0.7598408827174877 0
outer loop
vertex 13235.17 8076.38 599.95
vertex 13282.880000000001 8117.200000000001 199.94
vertex 13282.880000000001 8117.200000000001 599.95
endloop
endfacet
facet normal 0.5217849836991195 -0.8530770368414038 0
outer loop
vertex 13181.61 8043.62 599.95
vertex 13181.61 8043.62 199.94
vertex 13235.17 8076.38 199.94
endloop
endfacet
facet normal 0.5217849836991195 -0.8530770368414038 0
outer loop
vertex 13181.61 8043.62 599.95
vertex 13235.17 8076.38 199.94
vertex 13235.17 8076.38 599.95
endloop
endfacet
facet normal 0.3831443281873149 -0.923688488494845 0
outer loop
vertex 13123.630000000001 8019.570000000001 599.95
vertex 13123.630000000001 8019.570000000001 199.94
vertex 13181.61 8043.62 199.94
endloop
endfacet
facet normal 0.3831443281873149 -0.923688488494845 0
outer loop
vertex 13123.630000000001 8019.570000000001 599.95
vertex 13181.61 8043.62 199.94
vertex 13181.61 8043.62 599.95
endloop
endfacet
facet normal 0.23376414183737496 -0.972293333305868 0
outer loop
vertex 13062.53 8004.88 599.95
vertex 13062.53 8004.88 199.94
vertex 13123.630000000001 8019.570000000001 199.94
endloop
endfacet
facet normal 0.23376414183737496 -0.972293333305868 0
outer loop
vertex 13062.53 8004.88 599.95
vertex 13123.630000000001 8019.570000000001 199.94
vertex 13123.630000000001 8019.570000000001 599.95
endloop
endfacet
facet normal 0.07593902864132338 -0.9971124630296286 0
outer loop
vertex 13023.27 8001.89 599.95
vertex 13023.27 8001.89 199.94
vertex 13062.53 8004.88 199.94
endloop
endfacet
facet normal 0.07593902864132338 -0.9971124630296286 0
outer loop
vertex 13023.27 8001.89 599.95
vertex 13062.53 8004.88 199.94
vertex 13062.53 8004.88 599.95
endloop
endfacet
facet normal 0.28728878912336836 -0.957844012166923 0
outer loop
vertex 11782.68 8843.64 599.95
vertex 11782.68 8843.64 199.94
vertex 12942.54 9191.52 199.94
endloop
endfacet
facet normal 0.28728878912336836 -0.957844012166923 0
outer loop
vertex 11782.68 8843.64 599.95
vertex 12942.54 9191.52 199.94
vertex 12942.54 9191.52 599.95
endloop
endfacet
facet normal 0.28687278516600806 -0.9579686869261945 0
outer loop
vertex 10999.95 8608.86 599.95
vertex 10999.95 8608.86 199.94
vertex 11240.45 8680.880000000001 199.94
endloop
endfacet
facet normal 0.28687278516600806 -0.9579686869261945 0
outer loop
vertex 10999.95 8608.86 599.95
vertex 11240.45 8680.880000000001 199.94
vertex 11240.45 8680.880000000001 599.95
endloop
endfacet
facet normal -0.28734788556634466 0.9578262852211517 0
outer loop
vertex 11695.970000000001 8399.95 599.95
vertex 13023.27 8798.14 599.95
vertex 13023.27 8798.14 199.94
endloop
endfacet
facet normal -0.28734788556634466 0.9578262852211517 0
outer loop
vertex 11695.970000000001 8399.95 599.95
vertex 13023.27 8798.14 199.94
vertex 11695.970000000001 8399.95 199.94
endloop
endfacet
facet normal 0.6502154105046881 -0.7597499061811196 0
outer loop
vertex 11240.45 8680.880000000001 599.95
vertex 11240.45 8680.880000000001 199.94
vertex 11282.83 8717.15 199.94
endloop
endfacet
facet normal 0.6502154105046881 -0.7597499061811196 0
outer loop
vertex 11240.45 8680.880000000001 599.95
vertex 11282.83 8717.15 199.94
vertex 11282.83 8717.15 599.95
endloop
endfacet
facet normal -0.9729365507195629 0.23107243079588624 0
outer loop
vertex 11782.68 8843.64 599.95
vertex 11790.09 8874.84 599.95
vertex 11790.09 8874.84 199.94
endloop
endfacet
facet normal -0.9729365507195629 0.23107243079588624 0
outer loop
vertex 11782.68 8843.64 599.95
vertex 11790.09 8874.84 199.94
vertex 11782.68 8843.64 199.94
endloop
endfacet
facet normal -0.2872618155133573 -0.9578521020220031 0
outer loop
vertex 11695.970000000001 8399.95 599.95
vertex 11695.970000000001 8399.95 199.94
vertex 13023.27 8001.89 199.94
endloop
endfacet
facet normal -0.2872618155133573 -0.9578521020220031 0
outer loop
vertex 11695.970000000001 8399.95 599.95
vertex 13023.27 8001.89 199.94
vertex 13023.27 8001.89 599.95
endloop
endfacet
facet normal -0.2873478855663479 -0.9578262852211505 -5.516243736291219e-15
outer loop
vertex 10304.45 8817.51 400.01
vertex 10217.35 8843.64 599.95
vertex 9696.050000000001 9000.03 599.95
endloop
endfacet
facet normal -0.2873478855663463 -0.9578262852211513 0
outer loop
vertex 10304.45 8817.51 400.01
vertex 9696.050000000001 9000.03 599.95
vertex 9696.050000000001 9000.03 199.94
endloop
endfacet
facet normal -0.2873478855663479 -0.9578262852211508 5.512659432369005e-15
outer loop
vertex 10304.45 8817.51 400.01
vertex 9696.050000000001 9000.03 199.94
vertex 10217.35 8843.64 199.94
endloop
endfacet
facet normal -0.287347885566344 -0.9578262852211518 3.672053874385331e-15
outer loop
vertex 10304.45 8817.51 400.01
vertex 10217.35 8843.64 199.94
vertex 10999.95 8608.86 199.94
endloop
endfacet
facet normal -0.2873478855663449 -0.9578262852211515 0
outer loop
vertex 10304.45 8817.51 400.01
vertex 10999.95 8608.86 199.94
vertex 10999.95 8608.86 599.95
endloop
endfacet
facet normal -0.28734788556634405 -0.9578262852211519 -3.6744414256690664e-15
outer loop
vertex 10304.45 8817.51 400.01
vertex 10999.95 8608.86 599.95
vertex 10217.35 8843.64 599.95
endloop
endfacet
facet normal 0.07922043358504612 0.9968571226121612 0
outer loop
vertex 13023.27 8798.14 599.95
vertex 13062.53 8795.02 599.95
vertex 13062.53 8795.02 199.94
endloop
endfacet
facet normal 0.07922043358504612 0.9968571226121612 0
outer loop
vertex 13023.27 8798.14 599.95
vertex 13062.53 8795.02 199.94
vertex 13023.27 8798.14 199.94
endloop
endfacet
facet normal 0.09621815937084051 -0.9953602693534073 0
outer loop
vertex 13000 9199.970000000001 199.94
vertex 13000 9199.970000000001 599.95
vertex 12961 9196.2 599.95
endloop
endfacet
facet normal 0.09621815937084051 -0.9953602693534073 0
outer loop
vertex 13000 9199.970000000001 199.94
vertex 12961 9196.2 599.95
vertex 12961 9196.2 199.94
endloop
endfacet
facet normal 0.29360600310210283 -0.9559265217276943 0
outer loop
vertex 12942.800000000001 9190.61 199.94
vertex 12961 9196.2 199.94
vertex 12961 9196.2 599.95
endloop
endfacet
facet normal 0.29360600310210283 -0.9559265217276943 0
outer loop
vertex 12942.800000000001 9190.61 199.94
vertex 12961 9196.2 599.95
vertex 12942.800000000001 9190.61 599.95
endloop
endfacet
facet normal -0.9615239476407507 -0.2747211278976319 0
outer loop
vertex 12942.800000000001 9190.61 599.95
vertex 12942.54 9191.52 599.95
vertex 12942.54 9191.52 199.94
endloop
endfacet
facet normal -0.9615239476407507 -0.2747211278976319 0
outer loop
vertex 12942.800000000001 9190.61 599.95
vertex 12942.54 9191.52 199.94
vertex 12942.800000000001 9190.61 199.94
endloop
endfacet
facet normal 0 -0.9999999999999999 0
outer loop
vertex 13599.95 9199.970000000001 199.94
vertex 13599.95 9199.970000000001 599.95
vertex 13000 9199.970000000001 599.95
endloop
endfacet
facet normal 0 -0.9999999999999999 0
outer loop
vertex 13599.95 9199.970000000001 199.94
vertex 13000 9199.970000000001 599.95
vertex 13000 9199.970000000001 199.94
endloop
endfacet
facet normal -1 0 0
outer loop
vertex 13599.95 9105.33 400.01
vertex 13599.95 9190.61 599.95
vertex 13599.95 9199.970000000001 599.95
endloop
endfacet
facet normal -0.9999999999999999 0 0
outer loop
vertex 13599.95 9105.33 400.01
vertex 13599.95 9199.970000000001 599.95
vertex 13599.95 9199.970000000001 199.94
endloop
endfacet
facet normal -1 0 0
outer loop
vertex 13599.95 9105.33 400.01
vertex 13599.95 9199.970000000001 199.94
vertex 13599.95 9190.61 199.94
endloop
endfacet
facet normal -1 0 0
outer loop
vertex 13599.95 9105.33 400.01
vertex 13599.95 9190.61 199.94
vertex 13599.95 8925.54 199.94
endloop
endfacet
facet normal -1 0 0
outer loop
vertex 13599.95 9105.33 400.01
vertex 13599.95 8925.54 199.94
vertex 13599.95 8925.54 599.95
endloop
endfacet
facet normal -1 0 0
outer loop
vertex 13599.95 9105.33 400.01
vertex 13599.95 8925.54 599.95
vertex 13599.95 9190.61 599.95
endloop
endfacet
facet normal -0.7595088389046648 -0.6504969820265796 0
outer loop
vertex 13599.95 8925.54 599.95
vertex 13599.95 8925.54 199.94
vertex 13647.27 8870.29 199.94
endloop
endfacet
facet normal -0.7595088389046648 -0.6504969820265796 0
outer loop
vertex 13599.95 8925.54 599.95
vertex 13647.27 8870.29 199.94
vertex 13647.27 8870.29 599.95
endloop
endfacet
endsolid JSCAD
