solid JSCAD
facet normal -1 0 0
outer loop
vertex 0 0 0
vertex 0 0 3999.9700000000003
vertex 0 15000.050000000001 3999.9700000000003
endloop
endfacet
facet normal -1 0 0
outer loop
vertex 0 0 0
vertex 0 15000.050000000001 3999.9700000000003
vertex 0 15000.050000000001 0
endloop
endfacet
facet normal 1 0 0
outer loop
vertex 19999.98 0 0
vertex 19999.98 15000.050000000001 0
vertex 19999.98 15000.050000000001 3999.9700000000003
endloop
endfacet
facet normal 1 0 0
outer loop
vertex 19999.98 0 0
vertex 19999.98 15000.050000000001 3999.9700000000003
vertex 19999.98 0 3999.9700000000003
endloop
endfacet
facet normal 0 -1 0
outer loop
vertex 0 0 0
vertex 19999.98 0 0
vertex 19999.98 0 3999.9700000000003
endloop
endfacet
facet normal 0 -1 0
outer loop
vertex 0 0 0
vertex 19999.98 0 3999.9700000000003
vertex 0 0 3999.9700000000003
endloop
endfacet
facet normal 0 1 0
outer loop
vertex 0 15000.050000000001 0
vertex 0 15000.050000000001 3999.9700000000003
vertex 19999.98 15000.050000000001 3999.9700000000003
endloop
endfacet
facet normal 0 1 0
outer loop
vertex 0 15000.050000000001 0
vertex 19999.98 15000.050000000001 3999.9700000000003
vertex 19999.98 15000.050000000001 0
endloop
endfacet
facet normal 0 0 -1
outer loop
vertex 0 0 0
vertex 0 15000.050000000001 0
vertex 19999.98 15000.050000000001 0
endloop
endfacet
facet normal 0 0 -1
outer loop
vertex 0 0 0
vertex 19999.98 15000.050000000001 0
vertex 19999.98 0 0
endloop
endfacet
facet normal 0 0 1
outer loop
vertex 0 0 3999.9700000000003
vertex 19999.98 0 3999.9700000000003
vertex 19999.98 15000.050000000001 3999.9700000000003
endloop
endfacet
facet normal 0 0 1
outer loop
vertex 0 0 3999.9700000000003
vertex 19999.98 15000.050000000001 3999.9700000000003
vertex 0 15000.050000000001 3999.9700000000003
endloop
endfacet
facet normal -1 0 0
outer loop
vertex 9999.99 7700.030000000001 599.95
vertex 9999.99 7700.030000000001 199.94
vertex 9999.99 7300.02 199.94
endloop
endfacet
facet normal -1 0 0
outer loop
vertex 9999.99 7700.030000000001 599.95
vertex 9999.99 7300.02 199.94
vertex 9999.99 7300.02 599.95
endloop
endfacet
facet normal -1 0 0
outer loop
vertex 9999.99 10200.06 599.95
vertex 9999.99 10200.06 199.94
vertex 9999.99 9800.050000000001 199.94
endloop
endfacet
facet normal -1 0 0
outer loop
vertex 9999.99 10200.06 599.95
vertex 9999.99 9800.050000000001 199.94
vertex 9999.99 9800.050000000001 599.95
endloop
endfacet
facet normal 0 -1 0
outer loop
vertex 10599.94 10200.06 599.95
vertex 10599.94 10200.06 199.94
vertex 12199.98 10200.06 199.94
endloop
endfacet
facet normal 0 -1 0
outer loop
vertex 10599.94 10200.06 599.95
vertex 12199.98 10200.06 199.94
vertex 12199.98 10200.06 599.95
endloop
endfacet
facet normal 0 -1 0
outer loop
vertex 7899.97 10200.06 599.95
vertex 7899.97 10200.06 199.94
vertex 9999.99 10200.06 199.94
endloop
endfacet
facet normal 0 -1 0
outer loop
vertex 7899.97 10200.06 599.95
vertex 9999.99 10200.06 199.94
vertex 9999.99 10200.06 599.95
endloop
endfacet
facet normal 0 -1 0
outer loop
vertex 4499.95 10200.06 599.95
vertex 4499.95 10200.06 199.94
vertex 6500 10200.06 199.94
endloop
endfacet
facet normal 0 -1 0
outer loop
vertex 4499.95 10200.06 599.95
vertex 6500 10200.06 199.94
vertex 6500 10200.06 599.95
endloop
endfacet
facet normal 0 0.9999999999999999 0
outer loop
vertex 6300.06 9800.050000000001 599.95
vertex 6300.06 9800.050000000001 199.94
vertex 4499.95 9800.050000000001 199.94
endloop
endfacet
facet normal 0 0.9999999999999999 0
outer loop
vertex 6300.06 9800.050000000001 599.95
vertex 4499.95 9800.050000000001 199.94
vertex 4499.95 9800.050000000001 599.95
endloop
endfacet
facet normal 0 1 0
outer loop
vertex 9999.99 9800.050000000001 599.95
vertex 9999.99 9800.050000000001 199.94
vertex 7899.97 9800.050000000001 199.94
endloop
endfacet
facet normal 0 1 0
outer loop
vertex 9999.99 9800.050000000001 599.95
vertex 7899.97 9800.050000000001 199.94
vertex 7899.97 9800.050000000001 599.95
endloop
endfacet
facet normal 0 1 0
outer loop
vertex 12199.98 9800.050000000001 599.95
vertex 12199.98 9800.050000000001 199.94
vertex 10599.94 9800.050000000001 199.94
endloop
endfacet
facet normal 0 1 0
outer loop
vertex 12199.98 9800.050000000001 599.95
vertex 10599.94 9800.050000000001 199.94
vertex 10599.94 9800.050000000001 599.95
endloop
endfacet
facet normal 0 0 1
outer loop
vertex 12317.76 10033.53 199.94
vertex 10599.94 10200.06 199.94
vertex 10599.94 9800.050000000001 199.94
endloop
endfacet
facet normal 0 0 0.9999999999999999
outer loop
vertex 12317.76 10033.53 199.94
vertex 10599.94 9800.050000000001 199.94
vertex 12199.98 9800.050000000001 199.94
endloop
endfacet
facet normal 0 0 1
outer loop
vertex 12317.76 10033.53 199.94
vertex 12199.98 9800.050000000001 199.94
vertex 12765.220000000001 9800.050000000001 199.94
endloop
endfacet
facet normal 0 0 1
outer loop
vertex 12317.76 10033.53 199.94
vertex 12765.220000000001 9800.050000000001 199.94
vertex 12754.300000000001 9829.56 199.94
endloop
endfacet
facet normal 0 0 0.9999999999999999
outer loop
vertex 12317.76 10033.53 199.94
vertex 12754.300000000001 9829.56 199.94
vertex 12734.54 9872.33 199.94
endloop
endfacet
facet normal 0 0 1
outer loop
vertex 12317.76 10033.53 199.94
vertex 12734.54 9872.33 199.94
vertex 12711.53 9913.54 199.94
endloop
endfacet
facet normal 0 0 1
outer loop
vertex 12317.76 10033.53 199.94
vertex 12711.53 9913.54 199.94
vertex 12685.4 9952.67 199.94
endloop
endfacet
facet normal 0 0 1
outer loop
vertex 12317.76 10033.53 199.94
vertex 12685.4 9952.67 199.94
vertex 12656.28 9989.720000000001 199.94
endloop
endfacet
facet normal 0 0 1
outer loop
vertex 12317.76 10033.53 199.94
vertex 12656.28 9989.720000000001 199.94
vertex 12624.300000000001 10024.300000000001 199.94
endloop
endfacet
facet normal 0 0 1
outer loop
vertex 12317.76 10033.53 199.94
vertex 12624.300000000001 10024.300000000001 199.94
vertex 12589.720000000001 10056.28 199.94
endloop
endfacet
facet normal 0 0 1
outer loop
vertex 12317.76 10033.53 199.94
vertex 12589.720000000001 10056.28 199.94
vertex 12552.67 10085.4 199.94
endloop
endfacet
facet normal 0 0 0.9999999999999999
outer loop
vertex 12317.76 10033.53 199.94
vertex 12552.67 10085.4 199.94
vertex 12513.54 10111.53 199.94
endloop
endfacet
facet normal 0 0 1
outer loop
vertex 12317.76 10033.53 199.94
vertex 12513.54 10111.53 199.94
vertex 12472.33 10134.54 199.94
endloop
endfacet
facet normal 0 0 1
outer loop
vertex 12317.76 10033.53 199.94
vertex 12472.33 10134.54 199.94
vertex 12429.560000000001 10154.300000000001 199.94
endloop
endfacet
facet normal 0 0 1
outer loop
vertex 12317.76 10033.53 199.94
vertex 12429.560000000001 10154.300000000001 199.94
vertex 12385.36 10170.68 199.94
endloop
endfacet
facet normal 0 0 1
outer loop
vertex 12317.76 10033.53 199.94
vertex 12385.36 10170.68 199.94
vertex 12340.12 10183.42 199.94
endloop
endfacet
facet normal 0 0 1
outer loop
vertex 12317.76 10033.53 199.94
vertex 12340.12 10183.42 199.94
vertex 12293.84 10192.65 199.94
endloop
endfacet
facet normal 0 0 0.9999999999999999
outer loop
vertex 12317.76 10033.53 199.94
vertex 12293.84 10192.65 199.94
vertex 12247.04 10198.11 199.94
endloop
endfacet
facet normal 0 0 1
outer loop
vertex 12317.76 10033.53 199.94
vertex 12247.04 10198.11 199.94
vertex 12199.98 10200.06 199.94
endloop
endfacet
facet normal 0 0 1
outer loop
vertex 12317.76 10033.53 199.94
vertex 12199.98 10200.06 199.94
vertex 10599.94 10200.06 199.94
endloop
endfacet
facet normal 0 0 1
outer loop
vertex 7832.240000000001 10033.4 199.94
vertex 7899.97 10200.06 199.94
vertex 7852.91 10198.11 199.94
endloop
endfacet
facet normal 0 0 1
outer loop
vertex 7832.240000000001 10033.4 199.94
vertex 7852.91 10198.11 199.94
vertex 7806.110000000001 10192.65 199.94
endloop
endfacet
facet normal 0 0 0.9999999999999999
outer loop
vertex 7832.240000000001 10033.4 199.94
vertex 7806.110000000001 10192.65 199.94
vertex 7759.96 10183.42 199.94
endloop
endfacet
facet normal 0 0 1
outer loop
vertex 7832.240000000001 10033.4 199.94
vertex 7759.96 10183.42 199.94
vertex 7714.59 10170.68 199.94
endloop
endfacet
facet normal 0 0 1
outer loop
vertex 7832.240000000001 10033.4 199.94
vertex 7714.59 10170.68 199.94
vertex 7670.39 10154.300000000001 199.94
endloop
endfacet
facet normal 0 0 1
outer loop
vertex 7832.240000000001 10033.4 199.94
vertex 7670.39 10154.300000000001 199.94
vertex 7627.62 10134.54 199.94
endloop
endfacet
facet normal 0 0 0.9999999999999999
outer loop
vertex 7832.240000000001 10033.4 199.94
vertex 7627.62 10134.54 199.94
vertex 7586.54 10111.53 199.94
endloop
endfacet
facet normal 0 0 1
outer loop
vertex 7832.240000000001 10033.4 199.94
vertex 7586.54 10111.53 199.94
vertex 7547.280000000001 10085.4 199.94
endloop
endfacet
facet normal 0 0 1
outer loop
vertex 7832.240000000001 10033.4 199.94
vertex 7547.280000000001 10085.4 199.94
vertex 7510.360000000001 10056.28 199.94
endloop
endfacet
facet normal 0 0 1
outer loop
vertex 7832.240000000001 10033.4 199.94
vertex 7510.360000000001 10056.28 199.94
vertex 7475.780000000001 10024.300000000001 199.94
endloop
endfacet
facet normal 0 0 0.9999999999999999
outer loop
vertex 7832.240000000001 10033.4 199.94
vertex 7475.780000000001 10024.300000000001 199.94
vertex 7443.8 9989.720000000001 199.94
endloop
endfacet
facet normal 0 0 1
outer loop
vertex 7832.240000000001 10033.4 199.94
vertex 7443.8 9989.720000000001 199.94
vertex 7414.55 9952.67 199.94
endloop
endfacet
facet normal 0 0 0.9999999999999999
outer loop
vertex 7832.240000000001 10033.4 199.94
vertex 7414.55 9952.67 199.94
vertex 7388.42 9913.54 199.94
endloop
endfacet
facet normal 0 0 0.9999999999999999
outer loop
vertex 7832.240000000001 10033.4 199.94
vertex 7388.42 9913.54 199.94
vertex 7365.41 9872.33 199.94
endloop
endfacet
facet normal 0 0 1
outer loop
vertex 7832.240000000001 10033.4 199.94
vertex 7365.41 9872.33 199.94
vertex 7345.650000000001 9829.56 199.94
endloop
endfacet
facet normal 0 0 0.9999999999999999
outer loop
vertex 7832.240000000001 10033.4 199.94
vertex 7345.650000000001 9829.56 199.94
vertex 7334.7300000000005 9800.050000000001 199.94
endloop
endfacet
facet normal 0 0 1
outer loop
vertex 7832.240000000001 10033.4 199.94
vertex 7334.7300000000005 9800.050000000001 199.94
vertex 7899.97 9800.050000000001 199.94
endloop
endfacet
facet normal 0 0 1
outer loop
vertex 7832.240000000001 10033.4 199.94
vertex 7899.97 9800.050000000001 199.94
vertex 9999.99 9800.050000000001 199.94
endloop
endfacet
facet normal 0 0 1
outer loop
vertex 7832.240000000001 10033.4 199.94
vertex 9999.99 9800.050000000001 199.94
vertex 9999.99 10200.06 199.94
endloop
endfacet
facet normal 0 0 1
outer loop
vertex 7832.240000000001 10033.4 199.94
vertex 9999.99 10200.06 199.94
vertex 7899.97 10200.06 199.94
endloop
endfacet
facet normal 0 0 1
outer loop
vertex 6411.21 10082.67 199.94
vertex 4499.95 10200.06 199.94
vertex 4499.95 9800.050000000001 199.94
endloop
endfacet
facet normal 0 0 1
outer loop
vertex 6411.21 10082.67 199.94
vertex 4499.95 9800.050000000001 199.94
vertex 6300.06 9800.050000000001 199.94
endloop
endfacet
facet normal 0 0 1
outer loop
vertex 6411.21 10082.67 199.94
vertex 6300.06 9800.050000000001 199.94
vertex 6699.9400000000005 9800.050000000001 199.94
endloop
endfacet
facet normal 0 0 1
outer loop
vertex 6411.21 10082.67 199.94
vertex 6699.9400000000005 9800.050000000001 199.94
vertex 6699.9400000000005 9999.99 199.94
endloop
endfacet
facet normal 0 0 1
outer loop
vertex 6411.21 10082.67 199.94
vertex 6699.9400000000005 9999.99 199.94
vertex 6699.030000000001 10019.62 199.94
endloop
endfacet
facet normal 0 0 1
outer loop
vertex 6411.21 10082.67 199.94
vertex 6699.030000000001 10019.62 199.94
vertex 6696.17 10038.99 199.94
endloop
endfacet
facet normal 0 0 1
outer loop
vertex 6411.21 10082.67 199.94
vertex 6696.17 10038.99 199.94
vertex 6691.360000000001 10058.1 199.94
endloop
endfacet
facet normal 0 0 1
outer loop
vertex 6411.21 10082.67 199.94
vertex 6691.360000000001 10058.1 199.94
vertex 6684.7300000000005 10076.56 199.94
endloop
endfacet
facet normal 0 0 1
outer loop
vertex 6411.21 10082.67 199.94
vertex 6684.7300000000005 10076.56 199.94
vertex 6676.41 10094.24 199.94
endloop
endfacet
facet normal 0 0 1
outer loop
vertex 6411.21 10082.67 199.94
vertex 6676.41 10094.24 199.94
vertex 6666.27 10111.140000000001 199.94
endloop
endfacet
facet normal 0 0 1
outer loop
vertex 6411.21 10082.67 199.94
vertex 6666.27 10111.140000000001 199.94
vertex 6654.570000000001 10126.87 199.94
endloop
endfacet
facet normal 0 0 1
outer loop
vertex 6411.21 10082.67 199.94
vertex 6654.570000000001 10126.87 199.94
vertex 6641.4400000000005 10141.43 199.94
endloop
endfacet
facet normal 0 0 1
outer loop
vertex 6411.21 10082.67 199.94
vertex 6641.4400000000005 10141.43 199.94
vertex 6626.88 10154.56 199.94
endloop
endfacet
facet normal 0 0 1
outer loop
vertex 6411.21 10082.67 199.94
vertex 6626.88 10154.56 199.94
vertex 6611.150000000001 10166.26 199.94
endloop
endfacet
facet normal 0 0 1
outer loop
vertex 6411.21 10082.67 199.94
vertex 6611.150000000001 10166.26 199.94
vertex 6594.25 10176.4 199.94
endloop
endfacet
facet normal 0 0 1
outer loop
vertex 6411.21 10082.67 199.94
vertex 6594.25 10176.4 199.94
vertex 6576.570000000001 10184.720000000001 199.94
endloop
endfacet
facet normal 0 0 0.9999999999999999
outer loop
vertex 6411.21 10082.67 199.94
vertex 6576.570000000001 10184.720000000001 199.94
vertex 6558.110000000001 10191.35 199.94
endloop
endfacet
facet normal 0 0 1
outer loop
vertex 6411.21 10082.67 199.94
vertex 6558.110000000001 10191.35 199.94
vertex 6539 10196.16 199.94
endloop
endfacet
facet normal 0 0 0.9999999999999999
outer loop
vertex 6411.21 10082.67 199.94
vertex 6539 10196.16 199.94
vertex 6519.63 10199.02 199.94
endloop
endfacet
facet normal 0 0 1
outer loop
vertex 6411.21 10082.67 199.94
vertex 6519.63 10199.02 199.94
vertex 6500 10200.06 199.94
endloop
endfacet
facet normal 0 0 1
outer loop
vertex 6411.21 10082.67 199.94
vertex 6500 10200.06 199.94
vertex 4499.95 10200.06 199.94
endloop
endfacet
facet normal 0 0 1
outer loop
vertex 12199.98 9800.050000000001 199.94
vertex 12215.710000000001 9799.4 199.94
vertex 12765.48 9799.4 199.94
endloop
endfacet
facet normal 0 0 1
outer loop
vertex 12199.98 9800.050000000001 199.94
vertex 12765.48 9799.4 199.94
vertex 12765.220000000001 9800.050000000001 199.94
endloop
endfacet
facet normal 0 0 1
outer loop
vertex 7334.7300000000005 9800.050000000001 199.94
vertex 7334.47 9799.4 199.94
vertex 7884.37 9799.4 199.94
endloop
endfacet
facet normal 0 0 1
outer loop
vertex 7334.7300000000005 9800.050000000001 199.94
vertex 7884.37 9799.4 199.94
vertex 7899.97 9800.050000000001 199.94
endloop
endfacet
facet normal 0 0 0.9999999999999999
outer loop
vertex 12215.710000000001 9799.4 199.94
vertex 12231.310000000001 9797.58 199.94
vertex 12766.130000000001 9797.58 199.94
endloop
endfacet
facet normal 0 0 0.9999999999999999
outer loop
vertex 12215.710000000001 9799.4 199.94
vertex 12766.130000000001 9797.58 199.94
vertex 12765.48 9799.4 199.94
endloop
endfacet
facet normal 0 0 1
outer loop
vertex 7334.47 9799.4 199.94
vertex 7333.820000000001 9797.58 199.94
vertex 7868.77 9797.58 199.94
endloop
endfacet
facet normal 0 0 0.9999999999999999
outer loop
vertex 7334.47 9799.4 199.94
vertex 7868.77 9797.58 199.94
vertex 7884.37 9799.4 199.94
endloop
endfacet
facet normal 0 0 1
outer loop
vertex 12231.310000000001 9797.58 199.94
vertex 12246.65 9794.460000000001 199.94
vertex 12767.300000000001 9794.460000000001 199.94
endloop
endfacet
facet normal 0 0 1
outer loop
vertex 12231.310000000001 9797.58 199.94
vertex 12767.300000000001 9794.460000000001 199.94
vertex 12766.130000000001 9797.58 199.94
endloop
endfacet
facet normal 0 0 1
outer loop
vertex 7333.820000000001 9797.58 199.94
vertex 7332.650000000001 9794.460000000001 199.94
vertex 7853.3 9794.460000000001 199.94
endloop
endfacet
facet normal 0 0 1
outer loop
vertex 7333.820000000001 9797.58 199.94
vertex 7853.3 9794.460000000001 199.94
vertex 7868.77 9797.58 199.94
endloop
endfacet
facet normal 0 0 0.9999999999999999
outer loop
vertex 12246.65 9794.460000000001 199.94
vertex 12261.86 9790.17 199.94
vertex 12768.86 9790.17 199.94
endloop
endfacet
facet normal 0 0 1
outer loop
vertex 12246.65 9794.460000000001 199.94
vertex 12768.86 9790.17 199.94
vertex 12767.300000000001 9794.460000000001 199.94
endloop
endfacet
facet normal 0 0 1
outer loop
vertex 7332.650000000001 9794.460000000001 199.94
vertex 7331.09 9790.17 199.94
vertex 7838.22 9790.17 199.94
endloop
endfacet
facet normal 0 0 1
outer loop
vertex 7332.650000000001 9794.460000000001 199.94
vertex 7838.22 9790.17 199.94
vertex 7853.3 9794.460000000001 199.94
endloop
endfacet
facet normal 0 0 0.9999999999999999
outer loop
vertex 12569.7 9787.050000000001 199.94
vertex 12261.86 9790.17 199.94
vertex 12276.550000000001 9784.84 199.94
endloop
endfacet
facet normal 0 0 1
outer loop
vertex 12569.7 9787.050000000001 199.94
vertex 12276.550000000001 9784.84 199.94
vertex 12770.810000000001 9784.84 199.94
endloop
endfacet
facet normal 0 0 0.9999999999999999
outer loop
vertex 12569.7 9787.050000000001 199.94
vertex 12770.810000000001 9784.84 199.94
vertex 12770.68 9785.36 199.94
endloop
endfacet
facet normal 0 0 1
outer loop
vertex 12569.7 9787.050000000001 199.94
vertex 12770.68 9785.36 199.94
vertex 12768.86 9790.17 199.94
endloop
endfacet
facet normal 0 0 1
outer loop
vertex 12569.7 9787.050000000001 199.94
vertex 12768.86 9790.17 199.94
vertex 12261.86 9790.17 199.94
endloop
endfacet
facet normal 0 0 1
outer loop
vertex 7530.25 9787.050000000001 199.94
vertex 7331.09 9790.17 199.94
vertex 7329.400000000001 9785.36 199.94
endloop
endfacet
facet normal 0 0 1
outer loop
vertex 7530.25 9787.050000000001 199.94
vertex 7329.400000000001 9785.36 199.94
vertex 7329.14 9784.84 199.94
endloop
endfacet
facet normal 0 0 1
outer loop
vertex 7530.25 9787.050000000001 199.94
vertex 7329.14 9784.84 199.94
vertex 7823.400000000001 9784.84 199.94
endloop
endfacet
facet normal 0 0 1
outer loop
vertex 7530.25 9787.050000000001 199.94
vertex 7823.400000000001 9784.84 199.94
vertex 7838.22 9790.17 199.94
endloop
endfacet
facet normal 0 0 1
outer loop
vertex 7530.25 9787.050000000001 199.94
vertex 7838.22 9790.17 199.94
vertex 7331.09 9790.17 199.94
endloop
endfacet
facet normal 0 0 1
outer loop
vertex 12276.550000000001 9784.84 199.94
vertex 12290.85 9778.210000000001 199.94
vertex 12772.630000000001 9778.210000000001 199.94
endloop
endfacet
facet normal 0 0 1
outer loop
vertex 12276.550000000001 9784.84 199.94
vertex 12772.630000000001 9778.210000000001 199.94
vertex 12770.810000000001 9784.84 199.94
endloop
endfacet
facet normal 0 0 1
outer loop
vertex 7329.14 9784.84 199.94
vertex 7327.320000000001 9778.210000000001 199.94
vertex 7809.2300000000005 9778.210000000001 199.94
endloop
endfacet
facet normal 0 0 1
outer loop
vertex 7329.14 9784.84 199.94
vertex 7809.2300000000005 9778.210000000001 199.94
vertex 7823.400000000001 9784.84 199.94
endloop
endfacet
facet normal 0 0 1
outer loop
vertex 12290.85 9778.210000000001 199.94
vertex 12304.5 9770.54 199.94
vertex 12774.84 9770.54 199.94
endloop
endfacet
facet normal 0 0 0.9999999999999999
outer loop
vertex 12290.85 9778.210000000001 199.94
vertex 12774.84 9770.54 199.94
vertex 12772.630000000001 9778.210000000001 199.94
endloop
endfacet
facet normal 0 0 1
outer loop
vertex 7327.320000000001 9778.210000000001 199.94
vertex 7325.110000000001 9770.54 199.94
vertex 7795.45 9770.54 199.94
endloop
endfacet
facet normal 0 0 0.9999999999999999
outer loop
vertex 7327.320000000001 9778.210000000001 199.94
vertex 7795.45 9770.54 199.94
vertex 7809.2300000000005 9778.210000000001 199.94
endloop
endfacet
facet normal 0 0 1
outer loop
vertex 12304.5 9770.54 199.94
vertex 12317.5 9761.83 199.94
vertex 12777.310000000001 9761.83 199.94
endloop
endfacet
facet normal 0 0 1
outer loop
vertex 12304.5 9770.54 199.94
vertex 12777.310000000001 9761.83 199.94
vertex 12774.84 9770.54 199.94
endloop
endfacet
facet normal 0 0 1
outer loop
vertex 7325.110000000001 9770.54 199.94
vertex 7322.77 9761.83 199.94
vertex 7782.45 9761.83 199.94
endloop
endfacet
facet normal 0 0 1
outer loop
vertex 7325.110000000001 9770.54 199.94
vertex 7782.45 9761.83 199.94
vertex 7795.45 9770.54 199.94
endloop
endfacet
facet normal 0 0 0.9999999999999999
outer loop
vertex 12317.5 9761.83 199.94
vertex 12329.85 9752.08 199.94
vertex 12780.04 9752.08 199.94
endloop
endfacet
facet normal 0 0 1
outer loop
vertex 12317.5 9761.83 199.94
vertex 12780.04 9752.08 199.94
vertex 12777.310000000001 9761.83 199.94
endloop
endfacet
facet normal 0 0 0.9999999999999999
outer loop
vertex 7322.77 9761.83 199.94
vertex 7319.91 9752.08 199.94
vertex 7770.1 9752.08 199.94
endloop
endfacet
facet normal 0 0 1
outer loop
vertex 7322.77 9761.83 199.94
vertex 7770.1 9752.08 199.94
vertex 7782.45 9761.83 199.94
endloop
endfacet
facet normal 0 0 1
outer loop
vertex 12329.85 9752.08 199.94
vertex 12341.42 9741.42 199.94
vertex 12783.03 9741.42 199.94
endloop
endfacet
facet normal 0 0 1
outer loop
vertex 12329.85 9752.08 199.94
vertex 12783.03 9741.42 199.94
vertex 12780.04 9752.08 199.94
endloop
endfacet
facet normal 0 0 1
outer loop
vertex 7319.91 9752.08 199.94
vertex 7316.92 9741.42 199.94
vertex 7758.530000000001 9741.42 199.94
endloop
endfacet
facet normal 0 0 1
outer loop
vertex 7319.91 9752.08 199.94
vertex 7758.530000000001 9741.42 199.94
vertex 7770.1 9752.08 199.94
endloop
endfacet
facet normal 0 0 1
outer loop
vertex 12609.09 9736.48 199.94
vertex 12341.42 9741.42 199.94
vertex 12352.08 9729.85 199.94
endloop
endfacet
facet normal 0 0 0.9999999999999999
outer loop
vertex 12609.09 9736.48 199.94
vertex 12352.08 9729.85 199.94
vertex 12785.5 9729.85 199.94
endloop
endfacet
facet normal 0 0 0.9999999999999999
outer loop
vertex 12609.09 9736.48 199.94
vertex 12785.5 9729.85 199.94
vertex 12783.42 9740.12 199.94
endloop
endfacet
facet normal 0 0 1
outer loop
vertex 12609.09 9736.48 199.94
vertex 12783.42 9740.12 199.94
vertex 12783.03 9741.42 199.94
endloop
endfacet
facet normal 0 0 1
outer loop
vertex 12609.09 9736.48 199.94
vertex 12783.03 9741.42 199.94
vertex 12341.42 9741.42 199.94
endloop
endfacet
facet normal 0 0 1
outer loop
vertex 7490.860000000001 9736.48 199.94
vertex 7316.92 9741.42 199.94
vertex 7316.530000000001 9740.12 199.94
endloop
endfacet
facet normal 0 0 1
outer loop
vertex 7490.860000000001 9736.48 199.94
vertex 7316.530000000001 9740.12 199.94
vertex 7314.58 9729.85 199.94
endloop
endfacet
facet normal 0 0 1
outer loop
vertex 7490.860000000001 9736.48 199.94
vertex 7314.58 9729.85 199.94
vertex 7747.87 9729.85 199.94
endloop
endfacet
facet normal 0 0 1
outer loop
vertex 7490.860000000001 9736.48 199.94
vertex 7747.87 9729.85 199.94
vertex 7758.530000000001 9741.42 199.94
endloop
endfacet
facet normal 0 0 1
outer loop
vertex 7490.860000000001 9736.48 199.94
vertex 7758.530000000001 9741.42 199.94
vertex 7316.92 9741.42 199.94
endloop
endfacet
facet normal 0 0 1
outer loop
vertex 12352.08 9729.85 199.94
vertex 12361.83 9717.5 199.94
vertex 12787.84 9717.5 199.94
endloop
endfacet
facet normal 0 0 0.9999999999999999
outer loop
vertex 12352.08 9729.85 199.94
vertex 12787.84 9717.5 199.94
vertex 12785.5 9729.85 199.94
endloop
endfacet
facet normal 0 0 1
outer loop
vertex 7314.58 9729.85 199.94
vertex 7312.110000000001 9717.5 199.94
vertex 7738.25 9717.5 199.94
endloop
endfacet
facet normal 0 0 1
outer loop
vertex 7314.58 9729.85 199.94
vertex 7738.25 9717.5 199.94
vertex 7747.87 9729.85 199.94
endloop
endfacet
facet normal 0 0 1
outer loop
vertex 12361.83 9717.5 199.94
vertex 12370.54 9704.5 199.94
vertex 12790.44 9704.5 199.94
endloop
endfacet
facet normal 0 0 1
outer loop
vertex 12361.83 9717.5 199.94
vertex 12790.44 9704.5 199.94
vertex 12787.84 9717.5 199.94
endloop
endfacet
facet normal 0 0 1
outer loop
vertex 7312.110000000001 9717.5 199.94
vertex 7309.51 9704.5 199.94
vertex 7729.41 9704.5 199.94
endloop
endfacet
facet normal 0 0 1
outer loop
vertex 7312.110000000001 9717.5 199.94
vertex 7729.41 9704.5 199.94
vertex 7738.25 9717.5 199.94
endloop
endfacet
facet normal 0 0 1
outer loop
vertex 12624.95 9696.960000000001 199.94
vertex 12370.54 9704.5 199.94
vertex 12378.210000000001 9690.85 199.94
endloop
endfacet
facet normal 0 0 1
outer loop
vertex 12624.95 9696.960000000001 199.94
vertex 12378.210000000001 9690.85 199.94
vertex 12793.04 9690.85 199.94
endloop
endfacet
facet normal 0 0 0.9999999999999999
outer loop
vertex 12624.95 9696.960000000001 199.94
vertex 12793.04 9690.85 199.94
vertex 12792.65 9693.84 199.94
endloop
endfacet
facet normal 0 0 1
outer loop
vertex 12624.95 9696.960000000001 199.94
vertex 12792.65 9693.84 199.94
vertex 12790.44 9704.5 199.94
endloop
endfacet
facet normal 0 0 1
outer loop
vertex 12624.95 9696.960000000001 199.94
vertex 12790.44 9704.5 199.94
vertex 12370.54 9704.5 199.94
endloop
endfacet
facet normal 0 0 1
outer loop
vertex 7475 9696.960000000001 199.94
vertex 7309.51 9704.5 199.94
vertex 7307.43 9693.84 199.94
endloop
endfacet
facet normal 0 0 0.9999999999999999
outer loop
vertex 7475 9696.960000000001 199.94
vertex 7307.43 9693.84 199.94
vertex 7307.04 9690.85 199.94
endloop
endfacet
facet normal 0 0 1
outer loop
vertex 7475 9696.960000000001 199.94
vertex 7307.04 9690.85 199.94
vertex 7721.740000000001 9690.85 199.94
endloop
endfacet
facet normal 0 0 1
outer loop
vertex 7475 9696.960000000001 199.94
vertex 7721.740000000001 9690.85 199.94
vertex 7729.41 9704.5 199.94
endloop
endfacet
facet normal 0 0 1
outer loop
vertex 7475 9696.960000000001 199.94
vertex 7729.41 9704.5 199.94
vertex 7309.51 9704.5 199.94
endloop
endfacet
facet normal 0 0 1
outer loop
vertex 12378.210000000001 9690.85 199.94
vertex 12384.84 9676.550000000001 199.94
vertex 12794.6 9676.550000000001 199.94
endloop
endfacet
facet normal 0 0 1
outer loop
vertex 12378.210000000001 9690.85 199.94
vertex 12794.6 9676.550000000001 199.94
vertex 12793.04 9690.85 199.94
endloop
endfacet
facet normal 0 0 1
outer loop
vertex 7307.04 9690.85 199.94
vertex 7305.35 9676.550000000001 199.94
vertex 7715.240000000001 9676.550000000001 199.94
endloop
endfacet
facet normal 0 0 1
outer loop
vertex 7307.04 9690.85 199.94
vertex 7715.240000000001 9676.550000000001 199.94
vertex 7721.740000000001 9690.85 199.94
endloop
endfacet
facet normal 0 0 0.9999999999999999
outer loop
vertex 12384.84 9676.550000000001 199.94
vertex 12390.17 9661.86 199.94
vertex 12796.42 9661.86 199.94
endloop
endfacet
facet normal 0 0 1
outer loop
vertex 12384.84 9676.550000000001 199.94
vertex 12796.42 9661.86 199.94
vertex 12794.6 9676.550000000001 199.94
endloop
endfacet
facet normal 0 0 0.9999999999999999
outer loop
vertex 7305.35 9676.550000000001 199.94
vertex 7303.530000000001 9661.86 199.94
vertex 7709.780000000001 9661.86 199.94
endloop
endfacet
facet normal 0 0 1
outer loop
vertex 7305.35 9676.550000000001 199.94
vertex 7709.780000000001 9661.86 199.94
vertex 7715.240000000001 9676.550000000001 199.94
endloop
endfacet
facet normal 0 0 1
outer loop
vertex 12635.48 9652.76 199.94
vertex 12390.17 9661.86 199.94
vertex 12394.460000000001 9646.65 199.94
endloop
endfacet
facet normal 0 0 1
outer loop
vertex 12635.48 9652.76 199.94
vertex 12394.460000000001 9646.65 199.94
vertex 12798.11 9646.65 199.94
endloop
endfacet
facet normal 0 0 0.9999999999999999
outer loop
vertex 12635.48 9652.76 199.94
vertex 12798.11 9646.65 199.94
vertex 12798.11 9647.04 199.94
endloop
endfacet
facet normal 0 0 1
outer loop
vertex 12635.48 9652.76 199.94
vertex 12798.11 9647.04 199.94
vertex 12796.42 9661.86 199.94
endloop
endfacet
facet normal 0 0 1
outer loop
vertex 12635.48 9652.76 199.94
vertex 12796.42 9661.86 199.94
vertex 12390.17 9661.86 199.94
endloop
endfacet
facet normal 0 0 1
outer loop
vertex 7464.47 9652.76 199.94
vertex 7303.530000000001 9661.86 199.94
vertex 7301.84 9647.04 199.94
endloop
endfacet
facet normal 0 0 1
outer loop
vertex 7464.47 9652.76 199.94
vertex 7301.84 9647.04 199.94
vertex 7301.84 9646.65 199.94
endloop
endfacet
facet normal 0 0 1
outer loop
vertex 7464.47 9652.76 199.94
vertex 7301.84 9646.65 199.94
vertex 7705.490000000001 9646.65 199.94
endloop
endfacet
facet normal 0 0 1
outer loop
vertex 7464.47 9652.76 199.94
vertex 7705.490000000001 9646.65 199.94
vertex 7709.780000000001 9661.86 199.94
endloop
endfacet
facet normal 0 0 1
outer loop
vertex 7464.47 9652.76 199.94
vertex 7709.780000000001 9661.86 199.94
vertex 7303.530000000001 9661.86 199.94
endloop
endfacet
facet normal 0 0 1
outer loop
vertex 12394.460000000001 9646.65 199.94
vertex 12397.58 9631.31 199.94
vertex 12798.76 9631.31 199.94
endloop
endfacet
facet normal 0 0 1
outer loop
vertex 12394.460000000001 9646.65 199.94
vertex 12798.76 9631.31 199.94
vertex 12798.11 9646.65 199.94
endloop
endfacet
facet normal 0 0 1
outer loop
vertex 7301.84 9646.65 199.94
vertex 7301.1900000000005 9631.31 199.94
vertex 7702.5 9631.31 199.94
endloop
endfacet
facet normal 0 0 1
outer loop
vertex 7301.84 9646.65 199.94
vertex 7702.5 9631.31 199.94
vertex 7705.490000000001 9646.65 199.94
endloop
endfacet
facet normal 0 0 0.9999999999999999
outer loop
vertex 12397.58 9631.31 199.94
vertex 12399.4 9615.710000000001 199.94
vertex 12799.41 9615.710000000001 199.94
endloop
endfacet
facet normal 0 0 1
outer loop
vertex 12397.58 9631.31 199.94
vertex 12799.41 9615.710000000001 199.94
vertex 12798.76 9631.31 199.94
endloop
endfacet
facet normal 0 0 0.9999999999999999
outer loop
vertex 7301.1900000000005 9631.31 199.94
vertex 7300.67 9615.710000000001 199.94
vertex 7700.68 9615.710000000001 199.94
endloop
endfacet
facet normal 0 0 1
outer loop
vertex 7301.1900000000005 9631.31 199.94
vertex 7700.68 9615.710000000001 199.94
vertex 7702.5 9631.31 199.94
endloop
endfacet
facet normal 0 0 1
outer loop
vertex 12399.4 9615.710000000001 199.94
vertex 12400.050000000001 9599.98 199.94
vertex 12800.060000000001 9599.98 199.94
endloop
endfacet
facet normal 0 0 1
outer loop
vertex 12399.4 9615.710000000001 199.94
vertex 12800.060000000001 9599.98 199.94
vertex 12799.41 9615.710000000001 199.94
endloop
endfacet
facet normal 0 0 1
outer loop
vertex 7300.67 9615.710000000001 199.94
vertex 7300.02 9599.98 199.94
vertex 7700.030000000001 9599.98 199.94
endloop
endfacet
facet normal 0 0 1
outer loop
vertex 7300.67 9615.710000000001 199.94
vertex 7700.030000000001 9599.98 199.94
vertex 7700.68 9615.710000000001 199.94
endloop
endfacet
facet normal 0 0 1
outer loop
vertex 7300.02 9599.98 199.94
vertex 7300.02 7899.97 199.94
vertex 7700.030000000001 7899.97 199.94
endloop
endfacet
facet normal 0 0 1
outer loop
vertex 7300.02 9599.98 199.94
vertex 7700.030000000001 7899.97 199.94
vertex 7700.030000000001 9599.98 199.94
endloop
endfacet
facet normal 0 0 1
outer loop
vertex 7300.02 7899.97 199.94
vertex 7300.67 7884.37 199.94
vertex 7700.68 7884.37 199.94
endloop
endfacet
facet normal 0 0 1
outer loop
vertex 7300.02 7899.97 199.94
vertex 7700.68 7884.37 199.94
vertex 7700.030000000001 7899.97 199.94
endloop
endfacet
facet normal 0 0 1
outer loop
vertex 7300.67 7884.37 199.94
vertex 7301.1900000000005 7868.77 199.94
vertex 7702.5 7868.77 199.94
endloop
endfacet
facet normal 0 0 1
outer loop
vertex 7300.67 7884.37 199.94
vertex 7702.5 7868.77 199.94
vertex 7700.68 7884.37 199.94
endloop
endfacet
facet normal 0 0 0.9999999999999999
outer loop
vertex 7301.1900000000005 7868.77 199.94
vertex 7301.84 7853.3 199.94
vertex 7705.490000000001 7853.3 199.94
endloop
endfacet
facet normal 0 0 0.9999999999999999
outer loop
vertex 7301.1900000000005 7868.77 199.94
vertex 7705.490000000001 7853.3 199.94
vertex 7702.5 7868.77 199.94
endloop
endfacet
facet normal 0 0 1
outer loop
vertex 7464.47 7847.1900000000005 199.94
vertex 7301.84 7853.3 199.94
vertex 7301.84 7852.91 199.94
endloop
endfacet
facet normal 0 0 0.9999999999999999
outer loop
vertex 7464.47 7847.1900000000005 199.94
vertex 7301.84 7852.91 199.94
vertex 7303.530000000001 7838.22 199.94
endloop
endfacet
facet normal 0 0 0.9999999999999999
outer loop
vertex 7464.47 7847.1900000000005 199.94
vertex 7303.530000000001 7838.22 199.94
vertex 7709.780000000001 7838.22 199.94
endloop
endfacet
facet normal 0 0 0.9999999999999999
outer loop
vertex 7464.47 7847.1900000000005 199.94
vertex 7709.780000000001 7838.22 199.94
vertex 7705.490000000001 7853.3 199.94
endloop
endfacet
facet normal 0 0 1
outer loop
vertex 7464.47 7847.1900000000005 199.94
vertex 7705.490000000001 7853.3 199.94
vertex 7301.84 7853.3 199.94
endloop
endfacet
facet normal 0 0 1
outer loop
vertex 7303.530000000001 7838.22 199.94
vertex 7305.35 7823.400000000001 199.94
vertex 7715.240000000001 7823.400000000001 199.94
endloop
endfacet
facet normal 0 0 1
outer loop
vertex 7303.530000000001 7838.22 199.94
vertex 7715.240000000001 7823.400000000001 199.94
vertex 7709.780000000001 7838.22 199.94
endloop
endfacet
facet normal 0 0 1
outer loop
vertex 7305.35 7823.400000000001 199.94
vertex 7307.04 7809.2300000000005 199.94
vertex 7721.740000000001 7809.2300000000005 199.94
endloop
endfacet
facet normal 0 0 1
outer loop
vertex 7305.35 7823.400000000001 199.94
vertex 7721.740000000001 7809.2300000000005 199.94
vertex 7715.240000000001 7823.400000000001 199.94
endloop
endfacet
facet normal 0 0 1
outer loop
vertex 12400.050000000001 9599.98 199.94
vertex 12400.050000000001 7800 199.94
vertex 12800.060000000001 7800 199.94
endloop
endfacet
facet normal 0 0 1
outer loop
vertex 12400.050000000001 9599.98 199.94
vertex 12800.060000000001 7800 199.94
vertex 12800.060000000001 9599.98 199.94
endloop
endfacet
facet normal 0 0 1
outer loop
vertex 7475 7803.12 199.94
vertex 7307.04 7809.2300000000005 199.94
vertex 7307.43 7806.110000000001 199.94
endloop
endfacet
facet normal 0 0 1
outer loop
vertex 7475 7803.12 199.94
vertex 7307.43 7806.110000000001 199.94
vertex 7309.51 7795.45 199.94
endloop
endfacet
facet normal 0 0 1
outer loop
vertex 7475 7803.12 199.94
vertex 7309.51 7795.45 199.94
vertex 7729.41 7795.45 199.94
endloop
endfacet
facet normal 0 0 1
outer loop
vertex 7475 7803.12 199.94
vertex 7729.41 7795.45 199.94
vertex 7721.740000000001 7809.2300000000005 199.94
endloop
endfacet
facet normal 0 0 1
outer loop
vertex 7475 7803.12 199.94
vertex 7721.740000000001 7809.2300000000005 199.94
vertex 7307.04 7809.2300000000005 199.94
endloop
endfacet
facet normal 0 0 1
outer loop
vertex 7309.51 7795.45 199.94
vertex 7312.110000000001 7782.45 199.94
vertex 7738.25 7782.45 199.94
endloop
endfacet
facet normal 0 0 1
outer loop
vertex 7309.51 7795.45 199.94
vertex 7738.25 7782.45 199.94
vertex 7729.41 7795.45 199.94
endloop
endfacet
facet normal 0 0 1
outer loop
vertex 7312.110000000001 7782.45 199.94
vertex 7314.58 7770.1 199.94
vertex 7747.87 7770.1 199.94
endloop
endfacet
facet normal 0 0 1
outer loop
vertex 7312.110000000001 7782.45 199.94
vertex 7747.87 7770.1 199.94
vertex 7738.25 7782.45 199.94
endloop
endfacet
facet normal 0 0 1
outer loop
vertex 7490.860000000001 7763.47 199.94
vertex 7314.58 7770.1 199.94
vertex 7316.530000000001 7759.96 199.94
endloop
endfacet
facet normal 0 0 1
outer loop
vertex 7490.860000000001 7763.47 199.94
vertex 7316.530000000001 7759.96 199.94
vertex 7316.92 7758.530000000001 199.94
endloop
endfacet
facet normal 0 0 1
outer loop
vertex 7490.860000000001 7763.47 199.94
vertex 7316.92 7758.530000000001 199.94
vertex 7758.530000000001 7758.530000000001 199.94
endloop
endfacet
facet normal 0 0 1
outer loop
vertex 7490.860000000001 7763.47 199.94
vertex 7758.530000000001 7758.530000000001 199.94
vertex 7747.87 7770.1 199.94
endloop
endfacet
facet normal 0 0 1
outer loop
vertex 7490.860000000001 7763.47 199.94
vertex 7747.87 7770.1 199.94
vertex 7314.58 7770.1 199.94
endloop
endfacet
facet normal 0 0 1
outer loop
vertex 7316.92 7758.530000000001 199.94
vertex 7319.91 7747.87 199.94
vertex 7770.1 7747.87 199.94
endloop
endfacet
facet normal 0 0 1
outer loop
vertex 7316.92 7758.530000000001 199.94
vertex 7770.1 7747.87 199.94
vertex 7758.530000000001 7758.530000000001 199.94
endloop
endfacet
facet normal 0 0 1
outer loop
vertex 7319.91 7747.87 199.94
vertex 7322.77 7738.25 199.94
vertex 7782.45 7738.25 199.94
endloop
endfacet
facet normal 0 0 1
outer loop
vertex 7319.91 7747.87 199.94
vertex 7782.45 7738.25 199.94
vertex 7770.1 7747.87 199.94
endloop
endfacet
facet normal 0 0 1
outer loop
vertex 7322.77 7738.25 199.94
vertex 7325.110000000001 7729.41 199.94
vertex 7795.45 7729.41 199.94
endloop
endfacet
facet normal 0 0 0.9999999999999999
outer loop
vertex 7322.77 7738.25 199.94
vertex 7795.45 7729.41 199.94
vertex 7782.45 7738.25 199.94
endloop
endfacet
facet normal 0 0 0.9999999999999999
outer loop
vertex 7325.110000000001 7729.41 199.94
vertex 7327.320000000001 7721.740000000001 199.94
vertex 7809.2300000000005 7721.740000000001 199.94
endloop
endfacet
facet normal 0 0 1
outer loop
vertex 7325.110000000001 7729.41 199.94
vertex 7809.2300000000005 7721.740000000001 199.94
vertex 7795.45 7729.41 199.94
endloop
endfacet
facet normal 0 0 0.9999999999999999
outer loop
vertex 7327.320000000001 7721.740000000001 199.94
vertex 7329.14 7715.240000000001 199.94
vertex 7823.400000000001 7715.240000000001 199.94
endloop
endfacet
facet normal 0 0 1
outer loop
vertex 7327.320000000001 7721.740000000001 199.94
vertex 7823.400000000001 7715.240000000001 199.94
vertex 7809.2300000000005 7721.740000000001 199.94
endloop
endfacet
facet normal 0 0 1
outer loop
vertex 7530.25 7712.900000000001 199.94
vertex 7329.14 7715.240000000001 199.94
vertex 7329.400000000001 7714.59 199.94
endloop
endfacet
facet normal 0 0 1
outer loop
vertex 7530.25 7712.900000000001 199.94
vertex 7329.400000000001 7714.59 199.94
vertex 7331.09 7709.780000000001 199.94
endloop
endfacet
facet normal 0 0 0.9999999999999999
outer loop
vertex 7530.25 7712.900000000001 199.94
vertex 7331.09 7709.780000000001 199.94
vertex 7838.22 7709.780000000001 199.94
endloop
endfacet
facet normal 0 0 1
outer loop
vertex 7530.25 7712.900000000001 199.94
vertex 7838.22 7709.780000000001 199.94
vertex 7823.400000000001 7715.240000000001 199.94
endloop
endfacet
facet normal 0 0 1
outer loop
vertex 7530.25 7712.900000000001 199.94
vertex 7823.400000000001 7715.240000000001 199.94
vertex 7329.14 7715.240000000001 199.94
endloop
endfacet
facet normal 0 0 1
outer loop
vertex 7331.09 7709.780000000001 199.94
vertex 7332.650000000001 7705.490000000001 199.94
vertex 7853.3 7705.490000000001 199.94
endloop
endfacet
facet normal 0 0 1
outer loop
vertex 7331.09 7709.780000000001 199.94
vertex 7853.3 7705.490000000001 199.94
vertex 7838.22 7709.780000000001 199.94
endloop
endfacet
facet normal 0 0 1
outer loop
vertex 7332.650000000001 7705.490000000001 199.94
vertex 7333.820000000001 7702.5 199.94
vertex 7868.77 7702.5 199.94
endloop
endfacet
facet normal 0 0 1
outer loop
vertex 7332.650000000001 7705.490000000001 199.94
vertex 7868.77 7702.5 199.94
vertex 7853.3 7705.490000000001 199.94
endloop
endfacet
facet normal 0 0 1
outer loop
vertex 7333.820000000001 7702.5 199.94
vertex 7334.47 7700.68 199.94
vertex 7884.37 7700.68 199.94
endloop
endfacet
facet normal 0 0 0.9999999999999999
outer loop
vertex 7333.820000000001 7702.5 199.94
vertex 7884.37 7700.68 199.94
vertex 7868.77 7702.5 199.94
endloop
endfacet
facet normal 0 0 1
outer loop
vertex 7334.47 7700.68 199.94
vertex 7334.7300000000005 7700.030000000001 199.94
vertex 7899.97 7700.030000000001 199.94
endloop
endfacet
facet normal 0 0 1
outer loop
vertex 7334.47 7700.68 199.94
vertex 7899.97 7700.030000000001 199.94
vertex 7884.37 7700.68 199.94
endloop
endfacet
facet normal 0 0 1
outer loop
vertex 6300.06 9800.050000000001 199.94
vertex 6300.06 7700.030000000001 199.94
vertex 6699.9400000000005 7700.030000000001 199.94
endloop
endfacet
facet normal 0 0 1
outer loop
vertex 6300.06 9800.050000000001 199.94
vertex 6699.9400000000005 7700.030000000001 199.94
vertex 6699.9400000000005 9800.050000000001 199.94
endloop
endfacet
facet normal 0 0 1
outer loop
vertex 12511.2 7517.38 199.94
vertex 12400.050000000001 7800 199.94
vertex 10599.94 7800 199.94
endloop
endfacet
facet normal 0 0 0.9999999999999999
outer loop
vertex 12511.2 7517.38 199.94
vertex 10599.94 7800 199.94
vertex 10599.94 7399.990000000001 199.94
endloop
endfacet
facet normal 0 0 1
outer loop
vertex 12511.2 7517.38 199.94
vertex 10599.94 7399.990000000001 199.94
vertex 12599.99 7399.990000000001 199.94
endloop
endfacet
facet normal 0 0 1
outer loop
vertex 12511.2 7517.38 199.94
vertex 12599.99 7399.990000000001 199.94
vertex 12619.62 7400.900000000001 199.94
endloop
endfacet
facet normal 0 0 1
outer loop
vertex 12511.2 7517.38 199.94
vertex 12619.62 7400.900000000001 199.94
vertex 12638.99 7403.89 199.94
endloop
endfacet
facet normal 0 0 0.9999999999999999
outer loop
vertex 12511.2 7517.38 199.94
vertex 12638.99 7403.89 199.94
vertex 12658.1 7408.570000000001 199.94
endloop
endfacet
facet normal 0 0 1
outer loop
vertex 12511.2 7517.38 199.94
vertex 12658.1 7408.570000000001 199.94
vertex 12676.560000000001 7415.2 199.94
endloop
endfacet
facet normal 0 0 1
outer loop
vertex 12511.2 7517.38 199.94
vertex 12676.560000000001 7415.2 199.94
vertex 12694.24 7423.650000000001 199.94
endloop
endfacet
facet normal 0 0 1
outer loop
vertex 12511.2 7517.38 199.94
vertex 12694.24 7423.650000000001 199.94
vertex 12711.140000000001 7433.66 199.94
endloop
endfacet
facet normal 0 0 1
outer loop
vertex 12511.2 7517.38 199.94
vertex 12711.140000000001 7433.66 199.94
vertex 12726.87 7445.360000000001 199.94
endloop
endfacet
facet normal 0 0 1
outer loop
vertex 12511.2 7517.38 199.94
vertex 12726.87 7445.360000000001 199.94
vertex 12741.43 7458.62 199.94
endloop
endfacet
facet normal 0 0 1
outer loop
vertex 12511.2 7517.38 199.94
vertex 12741.43 7458.62 199.94
vertex 12754.560000000001 7473.18 199.94
endloop
endfacet
facet normal 0 0 1
outer loop
vertex 12511.2 7517.38 199.94
vertex 12754.560000000001 7473.18 199.94
vertex 12766.26 7488.91 199.94
endloop
endfacet
facet normal 0 0 1
outer loop
vertex 12511.2 7517.38 199.94
vertex 12766.26 7488.91 199.94
vertex 12776.4 7505.68 199.94
endloop
endfacet
facet normal 0 0 1
outer loop
vertex 12511.2 7517.38 199.94
vertex 12776.4 7505.68 199.94
vertex 12784.720000000001 7523.490000000001 199.94
endloop
endfacet
facet normal 0 0 1
outer loop
vertex 12511.2 7517.38 199.94
vertex 12784.720000000001 7523.490000000001 199.94
vertex 12791.35 7541.95 199.94
endloop
endfacet
facet normal 0 0 1
outer loop
vertex 12511.2 7517.38 199.94
vertex 12791.35 7541.95 199.94
vertex 12796.16 7560.93 199.94
endloop
endfacet
facet normal 0 0 1
outer loop
vertex 12511.2 7517.38 199.94
vertex 12796.16 7560.93 199.94
vertex 12799.02 7580.43 199.94
endloop
endfacet
facet normal 0 0 1
outer loop
vertex 12511.2 7517.38 199.94
vertex 12799.02 7580.43 199.94
vertex 12800.060000000001 7600.06 199.94
endloop
endfacet
facet normal 0 0 1
outer loop
vertex 12511.2 7517.38 199.94
vertex 12800.060000000001 7600.06 199.94
vertex 12800.060000000001 7800 199.94
endloop
endfacet
facet normal 0 0 1
outer loop
vertex 12511.2 7517.38 199.94
vertex 12800.060000000001 7800 199.94
vertex 12400.050000000001 7800 199.94
endloop
endfacet
facet normal 0 0 1
outer loop
vertex 7832.240000000001 7466.55 199.94
vertex 7899.97 7700.030000000001 199.94
vertex 7334.7300000000005 7700.030000000001 199.94
endloop
endfacet
facet normal 0 0 1
outer loop
vertex 7832.240000000001 7466.55 199.94
vertex 7334.7300000000005 7700.030000000001 199.94
vertex 7345.650000000001 7670.39 199.94
endloop
endfacet
facet normal 0 0 1
outer loop
vertex 7832.240000000001 7466.55 199.94
vertex 7345.650000000001 7670.39 199.94
vertex 7365.41 7627.62 199.94
endloop
endfacet
facet normal 0 0 1
outer loop
vertex 7832.240000000001 7466.55 199.94
vertex 7365.41 7627.62 199.94
vertex 7388.42 7586.54 199.94
endloop
endfacet
facet normal 0 0 0.9999999999999999
outer loop
vertex 7832.240000000001 7466.55 199.94
vertex 7388.42 7586.54 199.94
vertex 7414.55 7547.280000000001 199.94
endloop
endfacet
facet normal 0 0 1
outer loop
vertex 7832.240000000001 7466.55 199.94
vertex 7414.55 7547.280000000001 199.94
vertex 7443.8 7510.360000000001 199.94
endloop
endfacet
facet normal 0 0 1
outer loop
vertex 7832.240000000001 7466.55 199.94
vertex 7443.8 7510.360000000001 199.94
vertex 7475.780000000001 7475.780000000001 199.94
endloop
endfacet
facet normal 0 0 1
outer loop
vertex 7832.240000000001 7466.55 199.94
vertex 7475.780000000001 7475.780000000001 199.94
vertex 7510.360000000001 7443.8 199.94
endloop
endfacet
facet normal 0 0 1
outer loop
vertex 7832.240000000001 7466.55 199.94
vertex 7510.360000000001 7443.8 199.94
vertex 7547.280000000001 7414.55 199.94
endloop
endfacet
facet normal 0 0 1
outer loop
vertex 7832.240000000001 7466.55 199.94
vertex 7547.280000000001 7414.55 199.94
vertex 7586.54 7388.42 199.94
endloop
endfacet
facet normal 0 0 1
outer loop
vertex 7832.240000000001 7466.55 199.94
vertex 7586.54 7388.42 199.94
vertex 7627.62 7365.41 199.94
endloop
endfacet
facet normal 0 0 1
outer loop
vertex 7832.240000000001 7466.55 199.94
vertex 7627.62 7365.41 199.94
vertex 7670.39 7345.650000000001 199.94
endloop
endfacet
facet normal 0 0 1
outer loop
vertex 7832.240000000001 7466.55 199.94
vertex 7670.39 7345.650000000001 199.94
vertex 7714.59 7329.400000000001 199.94
endloop
endfacet
facet normal 0 0 1
outer loop
vertex 7832.240000000001 7466.55 199.94
vertex 7714.59 7329.400000000001 199.94
vertex 7759.96 7316.530000000001 199.94
endloop
endfacet
facet normal 0 0 1
outer loop
vertex 7832.240000000001 7466.55 199.94
vertex 7759.96 7316.530000000001 199.94
vertex 7806.110000000001 7307.43 199.94
endloop
endfacet
facet normal 0 0 1
outer loop
vertex 7832.240000000001 7466.55 199.94
vertex 7806.110000000001 7307.43 199.94
vertex 7852.91 7301.84 199.94
endloop
endfacet
facet normal 0 0 1
outer loop
vertex 7832.240000000001 7466.55 199.94
vertex 7852.91 7301.84 199.94
vertex 7899.97 7300.02 199.94
endloop
endfacet
facet normal 0 0 1
outer loop
vertex 7832.240000000001 7466.55 199.94
vertex 7899.97 7300.02 199.94
vertex 9999.99 7300.02 199.94
endloop
endfacet
facet normal 0 0 1
outer loop
vertex 7832.240000000001 7466.55 199.94
vertex 9999.99 7300.02 199.94
vertex 9999.99 7700.030000000001 199.94
endloop
endfacet
facet normal 0 0 1
outer loop
vertex 7832.240000000001 7466.55 199.94
vertex 9999.99 7700.030000000001 199.94
vertex 7899.97 7700.030000000001 199.94
endloop
endfacet
facet normal 0 0 1
outer loop
vertex 6411.21 7417.41 199.94
vertex 6300.06 7700.030000000001 199.94
vertex 4499.95 7700.030000000001 199.94
endloop
endfacet
facet normal 0 0 1
outer loop
vertex 6411.21 7417.41 199.94
vertex 4499.95 7700.030000000001 199.94
vertex 4499.95 7300.02 199.94
endloop
endfacet
facet normal 0 0 1
outer loop
vertex 6411.21 7417.41 199.94
vertex 4499.95 7300.02 199.94
vertex 6500 7300.02 199.94
endloop
endfacet
facet normal 0 0 1
outer loop
vertex 6411.21 7417.41 199.94
vertex 6500 7300.02 199.94
vertex 6519.63 7300.93 199.94
endloop
endfacet
facet normal 0 0 0.9999999999999999
outer loop
vertex 6411.21 7417.41 199.94
vertex 6519.63 7300.93 199.94
vertex 6539 7303.79 199.94
endloop
endfacet
facet normal 0 0 1
outer loop
vertex 6411.21 7417.41 199.94
vertex 6539 7303.79 199.94
vertex 6558.110000000001 7308.6 199.94
endloop
endfacet
facet normal 0 0 1
outer loop
vertex 6411.21 7417.41 199.94
vertex 6558.110000000001 7308.6 199.94
vertex 6576.570000000001 7315.2300000000005 199.94
endloop
endfacet
facet normal 0 0 1
outer loop
vertex 6411.21 7417.41 199.94
vertex 6576.570000000001 7315.2300000000005 199.94
vertex 6594.25 7323.68 199.94
endloop
endfacet
facet normal 0 0 1
outer loop
vertex 6411.21 7417.41 199.94
vertex 6594.25 7323.68 199.94
vertex 6611.150000000001 7333.6900000000005 199.94
endloop
endfacet
facet normal 0 0 1
outer loop
vertex 6411.21 7417.41 199.94
vertex 6611.150000000001 7333.6900000000005 199.94
vertex 6626.88 7345.39 199.94
endloop
endfacet
facet normal 0 0 1
outer loop
vertex 6411.21 7417.41 199.94
vertex 6626.88 7345.39 199.94
vertex 6641.4400000000005 7358.52 199.94
endloop
endfacet
facet normal 0 0 1
outer loop
vertex 6411.21 7417.41 199.94
vertex 6641.4400000000005 7358.52 199.94
vertex 6654.570000000001 7373.08 199.94
endloop
endfacet
facet normal 0 0 1
outer loop
vertex 6411.21 7417.41 199.94
vertex 6654.570000000001 7373.08 199.94
vertex 6666.27 7388.9400000000005 199.94
endloop
endfacet
facet normal 0 0 1
outer loop
vertex 6411.21 7417.41 199.94
vertex 6666.27 7388.9400000000005 199.94
vertex 6676.41 7405.71 199.94
endloop
endfacet
facet normal 0 0 1
outer loop
vertex 6411.21 7417.41 199.94
vertex 6676.41 7405.71 199.94
vertex 6684.7300000000005 7423.52 199.94
endloop
endfacet
facet normal 0 0 1
outer loop
vertex 6411.21 7417.41 199.94
vertex 6684.7300000000005 7423.52 199.94
vertex 6691.360000000001 7441.9800000000005 199.94
endloop
endfacet
facet normal 0 0 1
outer loop
vertex 6411.21 7417.41 199.94
vertex 6691.360000000001 7441.9800000000005 199.94
vertex 6696.17 7460.96 199.94
endloop
endfacet
facet normal 0 0 1
outer loop
vertex 6411.21 7417.41 199.94
vertex 6696.17 7460.96 199.94
vertex 6699.030000000001 7480.46 199.94
endloop
endfacet
facet normal 0 0 1
outer loop
vertex 6411.21 7417.41 199.94
vertex 6699.030000000001 7480.46 199.94
vertex 6699.9400000000005 7499.96 199.94
endloop
endfacet
facet normal 0 0 1
outer loop
vertex 6411.21 7417.41 199.94
vertex 6699.9400000000005 7499.96 199.94
vertex 6699.9400000000005 7700.030000000001 199.94
endloop
endfacet
facet normal 0 0 1
outer loop
vertex 6411.21 7417.41 199.94
vertex 6699.9400000000005 7700.030000000001 199.94
vertex 6300.06 7700.030000000001 199.94
endloop
endfacet
facet normal 0 0 -1
outer loop
vertex 6411.21 10082.67 599.95
vertex 6500 10200.06 599.95
vertex 6519.63 10199.02 599.95
endloop
endfacet
facet normal 0 0 -0.9999999999999999
outer loop
vertex 6411.21 10082.67 599.95
vertex 6519.63 10199.02 599.95
vertex 6539 10196.16 599.95
endloop
endfacet
facet normal 0 0 -1
outer loop
vertex 6411.21 10082.67 599.95
vertex 6539 10196.16 599.95
vertex 6558.110000000001 10191.35 599.95
endloop
endfacet
facet normal 0 0 -0.9999999999999999
outer loop
vertex 6411.21 10082.67 599.95
vertex 6558.110000000001 10191.35 599.95
vertex 6576.570000000001 10184.720000000001 599.95
endloop
endfacet
facet normal 0 0 -1
outer loop
vertex 6411.21 10082.67 599.95
vertex 6576.570000000001 10184.720000000001 599.95
vertex 6594.25 10176.4 599.95
endloop
endfacet
facet normal 0 0 -1
outer loop
vertex 6411.21 10082.67 599.95
vertex 6594.25 10176.4 599.95
vertex 6611.150000000001 10166.26 599.95
endloop
endfacet
facet normal 0 0 -1
outer loop
vertex 6411.21 10082.67 599.95
vertex 6611.150000000001 10166.26 599.95
vertex 6626.88 10154.56 599.95
endloop
endfacet
facet normal 0 0 -1
outer loop
vertex 6411.21 10082.67 599.95
vertex 6626.88 10154.56 599.95
vertex 6641.4400000000005 10141.43 599.95
endloop
endfacet
facet normal 0 0 -1
outer loop
vertex 6411.21 10082.67 599.95
vertex 6641.4400000000005 10141.43 599.95
vertex 6654.570000000001 10126.87 599.95
endloop
endfacet
facet normal 0 0 -1
outer loop
vertex 6411.21 10082.67 599.95
vertex 6654.570000000001 10126.87 599.95
vertex 6666.27 10111.140000000001 599.95
endloop
endfacet
facet normal 0 0 -1
outer loop
vertex 6411.21 10082.67 599.95
vertex 6666.27 10111.140000000001 599.95
vertex 6676.41 10094.24 599.95
endloop
endfacet
facet normal 0 0 -1
outer loop
vertex 6411.21 10082.67 599.95
vertex 6676.41 10094.24 599.95
vertex 6684.7300000000005 10076.56 599.95
endloop
endfacet
facet normal 0 0 -1
outer loop
vertex 6411.21 10082.67 599.95
vertex 6684.7300000000005 10076.56 599.95
vertex 6691.360000000001 10058.1 599.95
endloop
endfacet
facet normal 0 0 -1
outer loop
vertex 6411.21 10082.67 599.95
vertex 6691.360000000001 10058.1 599.95
vertex 6696.17 10038.99 599.95
endloop
endfacet
facet normal 0 0 -1
outer loop
vertex 6411.21 10082.67 599.95
vertex 6696.17 10038.99 599.95
vertex 6699.030000000001 10019.62 599.95
endloop
endfacet
facet normal 0 0 -1
outer loop
vertex 6411.21 10082.67 599.95
vertex 6699.030000000001 10019.62 599.95
vertex 6699.9400000000005 9999.99 599.95
endloop
endfacet
facet normal 0 0 -1
outer loop
vertex 6411.21 10082.67 599.95
vertex 6699.9400000000005 9999.99 599.95
vertex 6699.9400000000005 9800.050000000001 599.95
endloop
endfacet
facet normal 0 0 -1
outer loop
vertex 6411.21 10082.67 599.95
vertex 6699.9400000000005 9800.050000000001 599.95
vertex 6300.06 9800.050000000001 599.95
endloop
endfacet
facet normal 0 0 -1
outer loop
vertex 6411.21 10082.67 599.95
vertex 6300.06 9800.050000000001 599.95
vertex 4499.95 9800.050000000001 599.95
endloop
endfacet
facet normal 0 0 -1
outer loop
vertex 6411.21 10082.67 599.95
vertex 4499.95 9800.050000000001 599.95
vertex 4499.95 10200.06 599.95
endloop
endfacet
facet normal 0 0 -1
outer loop
vertex 6411.21 10082.67 599.95
vertex 4499.95 10200.06 599.95
vertex 6500 10200.06 599.95
endloop
endfacet
facet normal 0 0 -1
outer loop
vertex 7832.240000000001 10033.53 599.95
vertex 9999.99 10200.06 599.95
vertex 9999.99 9800.050000000001 599.95
endloop
endfacet
facet normal 0 0 -1
outer loop
vertex 7832.240000000001 10033.53 599.95
vertex 9999.99 9800.050000000001 599.95
vertex 7899.97 9800.050000000001 599.95
endloop
endfacet
facet normal 0 0 -1
outer loop
vertex 7832.240000000001 10033.53 599.95
vertex 7899.97 9800.050000000001 599.95
vertex 7334.7300000000005 9800.050000000001 599.95
endloop
endfacet
facet normal 0 0 -1
outer loop
vertex 7832.240000000001 10033.53 599.95
vertex 7334.7300000000005 9800.050000000001 599.95
vertex 7345.650000000001 9829.56 599.95
endloop
endfacet
facet normal 0 0 -1
outer loop
vertex 7832.240000000001 10033.53 599.95
vertex 7345.650000000001 9829.56 599.95
vertex 7365.41 9872.33 599.95
endloop
endfacet
facet normal 0 0 -1
outer loop
vertex 7832.240000000001 10033.53 599.95
vertex 7365.41 9872.33 599.95
vertex 7388.42 9913.54 599.95
endloop
endfacet
facet normal 0 0 -1
outer loop
vertex 7832.240000000001 10033.53 599.95
vertex 7388.42 9913.54 599.95
vertex 7414.55 9952.67 599.95
endloop
endfacet
facet normal 0 0 -1
outer loop
vertex 7832.240000000001 10033.53 599.95
vertex 7414.55 9952.67 599.95
vertex 7443.8 9989.720000000001 599.95
endloop
endfacet
facet normal 0 0 -1
outer loop
vertex 7832.240000000001 10033.53 599.95
vertex 7443.8 9989.720000000001 599.95
vertex 7475.780000000001 10024.300000000001 599.95
endloop
endfacet
facet normal 0 0 -1
outer loop
vertex 7832.240000000001 10033.53 599.95
vertex 7475.780000000001 10024.300000000001 599.95
vertex 7510.360000000001 10056.28 599.95
endloop
endfacet
facet normal 0 0 -1
outer loop
vertex 7832.240000000001 10033.53 599.95
vertex 7510.360000000001 10056.28 599.95
vertex 7547.280000000001 10085.4 599.95
endloop
endfacet
facet normal 0 0 -1
outer loop
vertex 7832.240000000001 10033.53 599.95
vertex 7547.280000000001 10085.4 599.95
vertex 7586.54 10111.53 599.95
endloop
endfacet
facet normal 0 0 -1
outer loop
vertex 7832.240000000001 10033.53 599.95
vertex 7586.54 10111.53 599.95
vertex 7627.62 10134.54 599.95
endloop
endfacet
facet normal 0 0 -1
outer loop
vertex 7832.240000000001 10033.53 599.95
vertex 7627.62 10134.54 599.95
vertex 7670.39 10154.300000000001 599.95
endloop
endfacet
facet normal 0 0 -1
outer loop
vertex 7832.240000000001 10033.53 599.95
vertex 7670.39 10154.300000000001 599.95
vertex 7714.59 10170.68 599.95
endloop
endfacet
facet normal 0 0 -0.9999999999999999
outer loop
vertex 7832.240000000001 10033.53 599.95
vertex 7714.59 10170.68 599.95
vertex 7759.96 10183.42 599.95
endloop
endfacet
facet normal 0 0 -1
outer loop
vertex 7832.240000000001 10033.53 599.95
vertex 7759.96 10183.42 599.95
vertex 7806.110000000001 10192.65 599.95
endloop
endfacet
facet normal 0 0 -1
outer loop
vertex 7832.240000000001 10033.53 599.95
vertex 7806.110000000001 10192.65 599.95
vertex 7852.91 10198.11 599.95
endloop
endfacet
facet normal 0 0 -0.9999999999999999
outer loop
vertex 7832.240000000001 10033.53 599.95
vertex 7852.91 10198.11 599.95
vertex 7899.97 10200.06 599.95
endloop
endfacet
facet normal 0 0 -1
outer loop
vertex 7832.240000000001 10033.53 599.95
vertex 7899.97 10200.06 599.95
vertex 9999.99 10200.06 599.95
endloop
endfacet
facet normal 0 0 -0.9999999999999999
outer loop
vertex 12317.76 10033.4 599.95
vertex 12199.98 10200.06 599.95
vertex 12247.04 10198.11 599.95
endloop
endfacet
facet normal 0 0 -1
outer loop
vertex 12317.76 10033.4 599.95
vertex 12247.04 10198.11 599.95
vertex 12293.84 10192.65 599.95
endloop
endfacet
facet normal 0 0 -1
outer loop
vertex 12317.76 10033.4 599.95
vertex 12293.84 10192.65 599.95
vertex 12340.12 10183.42 599.95
endloop
endfacet
facet normal 0 0 -0.9999999999999999
outer loop
vertex 12317.76 10033.4 599.95
vertex 12340.12 10183.42 599.95
vertex 12385.36 10170.68 599.95
endloop
endfacet
facet normal 0 0 -1
outer loop
vertex 12317.76 10033.4 599.95
vertex 12385.36 10170.68 599.95
vertex 12429.560000000001 10154.300000000001 599.95
endloop
endfacet
facet normal 0 0 -1
outer loop
vertex 12317.76 10033.4 599.95
vertex 12429.560000000001 10154.300000000001 599.95
vertex 12472.33 10134.54 599.95
endloop
endfacet
facet normal 0 0 -1
outer loop
vertex 12317.76 10033.4 599.95
vertex 12472.33 10134.54 599.95
vertex 12513.54 10111.53 599.95
endloop
endfacet
facet normal 0 0 -1
outer loop
vertex 12317.76 10033.4 599.95
vertex 12513.54 10111.53 599.95
vertex 12552.67 10085.4 599.95
endloop
endfacet
facet normal 0 0 -1
outer loop
vertex 12317.76 10033.4 599.95
vertex 12552.67 10085.4 599.95
vertex 12589.720000000001 10056.28 599.95
endloop
endfacet
facet normal 0 0 -1
outer loop
vertex 12317.76 10033.4 599.95
vertex 12589.720000000001 10056.28 599.95
vertex 12624.300000000001 10024.300000000001 599.95
endloop
endfacet
facet normal 0 0 -0.9999999999999999
outer loop
vertex 12317.76 10033.4 599.95
vertex 12624.300000000001 10024.300000000001 599.95
vertex 12656.28 9989.720000000001 599.95
endloop
endfacet
facet normal 0 0 -1
outer loop
vertex 12317.76 10033.4 599.95
vertex 12656.28 9989.720000000001 599.95
vertex 12685.4 9952.67 599.95
endloop
endfacet
facet normal 0 0 -1
outer loop
vertex 12317.76 10033.4 599.95
vertex 12685.4 9952.67 599.95
vertex 12711.53 9913.54 599.95
endloop
endfacet
facet normal 0 0 -1
outer loop
vertex 12317.76 10033.4 599.95
vertex 12711.53 9913.54 599.95
vertex 12734.54 9872.33 599.95
endloop
endfacet
facet normal 0 0 -1
outer loop
vertex 12317.76 10033.4 599.95
vertex 12734.54 9872.33 599.95
vertex 12754.300000000001 9829.56 599.95
endloop
endfacet
facet normal 0 0 -1
outer loop
vertex 12317.76 10033.4 599.95
vertex 12754.300000000001 9829.56 599.95
vertex 12765.220000000001 9800.050000000001 599.95
endloop
endfacet
facet normal 0 0 -1
outer loop
vertex 12317.76 10033.4 599.95
vertex 12765.220000000001 9800.050000000001 599.95
vertex 12199.98 9800.050000000001 599.95
endloop
endfacet
facet normal 0 0 -0.9999999999999999
outer loop
vertex 12317.76 10033.4 599.95
vertex 12199.98 9800.050000000001 599.95
vertex 10599.94 9800.050000000001 599.95
endloop
endfacet
facet normal 0 0 -1
outer loop
vertex 12317.76 10033.4 599.95
vertex 10599.94 9800.050000000001 599.95
vertex 10599.94 10200.06 599.95
endloop
endfacet
facet normal 0 0 -1
outer loop
vertex 12317.76 10033.4 599.95
vertex 10599.94 10200.06 599.95
vertex 12199.98 10200.06 599.95
endloop
endfacet
facet normal 0 0 -1
outer loop
vertex 7899.97 9800.050000000001 599.95
vertex 7884.37 9799.4 599.95
vertex 7334.47 9799.4 599.95
endloop
endfacet
facet normal 0 0 -1
outer loop
vertex 7899.97 9800.050000000001 599.95
vertex 7334.47 9799.4 599.95
vertex 7334.7300000000005 9800.050000000001 599.95
endloop
endfacet
facet normal 0 0 -1
outer loop
vertex 12765.220000000001 9800.050000000001 599.95
vertex 12765.48 9799.4 599.95
vertex 12215.710000000001 9799.4 599.95
endloop
endfacet
facet normal 0 0 -1
outer loop
vertex 12765.220000000001 9800.050000000001 599.95
vertex 12215.710000000001 9799.4 599.95
vertex 12199.98 9800.050000000001 599.95
endloop
endfacet
facet normal 0 0 -0.9999999999999999
outer loop
vertex 7884.37 9799.4 599.95
vertex 7868.77 9797.58 599.95
vertex 7333.820000000001 9797.58 599.95
endloop
endfacet
facet normal 0 0 -0.9999999999999999
outer loop
vertex 7884.37 9799.4 599.95
vertex 7333.820000000001 9797.58 599.95
vertex 7334.47 9799.4 599.95
endloop
endfacet
facet normal 0 0 -0.9999999999999999
outer loop
vertex 12765.48 9799.4 599.95
vertex 12766.130000000001 9797.58 599.95
vertex 12231.310000000001 9797.58 599.95
endloop
endfacet
facet normal 0 0 -0.9999999999999999
outer loop
vertex 12765.48 9799.4 599.95
vertex 12231.310000000001 9797.58 599.95
vertex 12215.710000000001 9799.4 599.95
endloop
endfacet
facet normal 0 0 -1
outer loop
vertex 7868.77 9797.58 599.95
vertex 7853.3 9794.460000000001 599.95
vertex 7332.650000000001 9794.460000000001 599.95
endloop
endfacet
facet normal 0 0 -1
outer loop
vertex 7868.77 9797.58 599.95
vertex 7332.650000000001 9794.460000000001 599.95
vertex 7333.820000000001 9797.58 599.95
endloop
endfacet
facet normal 0 0 -1
outer loop
vertex 12766.130000000001 9797.58 599.95
vertex 12767.300000000001 9794.460000000001 599.95
vertex 12246.65 9794.460000000001 599.95
endloop
endfacet
facet normal 0 0 -1
outer loop
vertex 12766.130000000001 9797.58 599.95
vertex 12246.65 9794.460000000001 599.95
vertex 12231.310000000001 9797.58 599.95
endloop
endfacet
facet normal 0 0 -1
outer loop
vertex 7853.3 9794.460000000001 599.95
vertex 7838.22 9790.17 599.95
vertex 7331.09 9790.17 599.95
endloop
endfacet
facet normal 0 0 -1
outer loop
vertex 7853.3 9794.460000000001 599.95
vertex 7331.09 9790.17 599.95
vertex 7332.650000000001 9794.460000000001 599.95
endloop
endfacet
facet normal 0 0 -0.9999999999999999
outer loop
vertex 12767.300000000001 9794.460000000001 599.95
vertex 12768.86 9790.17 599.95
vertex 12261.86 9790.17 599.95
endloop
endfacet
facet normal 0 0 -1
outer loop
vertex 12767.300000000001 9794.460000000001 599.95
vertex 12261.86 9790.17 599.95
vertex 12246.65 9794.460000000001 599.95
endloop
endfacet
facet normal 0 0 -1
outer loop
vertex 7530.25 9787.050000000001 599.95
vertex 7838.22 9790.17 599.95
vertex 7823.400000000001 9784.84 599.95
endloop
endfacet
facet normal 0 0 -1
outer loop
vertex 7530.25 9787.050000000001 599.95
vertex 7823.400000000001 9784.84 599.95
vertex 7329.14 9784.84 599.95
endloop
endfacet
facet normal 0 0 -1
outer loop
vertex 7530.25 9787.050000000001 599.95
vertex 7329.14 9784.84 599.95
vertex 7329.400000000001 9785.36 599.95
endloop
endfacet
facet normal 0 0 -1
outer loop
vertex 7530.25 9787.050000000001 599.95
vertex 7329.400000000001 9785.36 599.95
vertex 7331.09 9790.17 599.95
endloop
endfacet
facet normal 0 0 -1
outer loop
vertex 7530.25 9787.050000000001 599.95
vertex 7331.09 9790.17 599.95
vertex 7838.22 9790.17 599.95
endloop
endfacet
facet normal 0 0 -1
outer loop
vertex 12569.7 9787.050000000001 599.95
vertex 12768.86 9790.17 599.95
vertex 12770.68 9785.36 599.95
endloop
endfacet
facet normal 0 0 -0.9999999999999999
outer loop
vertex 12569.7 9787.050000000001 599.95
vertex 12770.68 9785.36 599.95
vertex 12770.810000000001 9784.84 599.95
endloop
endfacet
facet normal 0 0 -1
outer loop
vertex 12569.7 9787.050000000001 599.95
vertex 12770.810000000001 9784.84 599.95
vertex 12276.550000000001 9784.84 599.95
endloop
endfacet
facet normal 0 0 -0.9999999999999999
outer loop
vertex 12569.7 9787.050000000001 599.95
vertex 12276.550000000001 9784.84 599.95
vertex 12261.86 9790.17 599.95
endloop
endfacet
facet normal 0 0 -1
outer loop
vertex 12569.7 9787.050000000001 599.95
vertex 12261.86 9790.17 599.95
vertex 12768.86 9790.17 599.95
endloop
endfacet
facet normal 0 0 -1
outer loop
vertex 7823.400000000001 9784.84 599.95
vertex 7809.2300000000005 9778.210000000001 599.95
vertex 7327.320000000001 9778.210000000001 599.95
endloop
endfacet
facet normal 0 0 -1
outer loop
vertex 7823.400000000001 9784.84 599.95
vertex 7327.320000000001 9778.210000000001 599.95
vertex 7329.14 9784.84 599.95
endloop
endfacet
facet normal 0 0 -1
outer loop
vertex 12770.810000000001 9784.84 599.95
vertex 12772.630000000001 9778.210000000001 599.95
vertex 12290.85 9778.210000000001 599.95
endloop
endfacet
facet normal 0 0 -1
outer loop
vertex 12770.810000000001 9784.84 599.95
vertex 12290.85 9778.210000000001 599.95
vertex 12276.550000000001 9784.84 599.95
endloop
endfacet
facet normal 0 0 -1
outer loop
vertex 7809.2300000000005 9778.210000000001 599.95
vertex 7795.45 9770.54 599.95
vertex 7325.110000000001 9770.54 599.95
endloop
endfacet
facet normal 0 0 -0.9999999999999999
outer loop
vertex 7809.2300000000005 9778.210000000001 599.95
vertex 7325.110000000001 9770.54 599.95
vertex 7327.320000000001 9778.210000000001 599.95
endloop
endfacet
facet normal 0 0 -1
outer loop
vertex 12772.630000000001 9778.210000000001 599.95
vertex 12774.84 9770.54 599.95
vertex 12304.5 9770.54 599.95
endloop
endfacet
facet normal 0 0 -0.9999999999999999
outer loop
vertex 12772.630000000001 9778.210000000001 599.95
vertex 12304.5 9770.54 599.95
vertex 12290.85 9778.210000000001 599.95
endloop
endfacet
facet normal 0 0 -0.9999999999999999
outer loop
vertex 7795.45 9770.54 599.95
vertex 7782.45 9761.83 599.95
vertex 7322.77 9761.83 599.95
endloop
endfacet
facet normal 0 0 -1
outer loop
vertex 7795.45 9770.54 599.95
vertex 7322.77 9761.83 599.95
vertex 7325.110000000001 9770.54 599.95
endloop
endfacet
facet normal 0 0 -1
outer loop
vertex 12774.84 9770.54 599.95
vertex 12777.310000000001 9761.83 599.95
vertex 12317.5 9761.83 599.95
endloop
endfacet
facet normal 0 0 -1
outer loop
vertex 12774.84 9770.54 599.95
vertex 12317.5 9761.83 599.95
vertex 12304.5 9770.54 599.95
endloop
endfacet
facet normal 0 0 -0.9999999999999999
outer loop
vertex 7782.45 9761.83 599.95
vertex 7770.1 9752.08 599.95
vertex 7319.91 9752.08 599.95
endloop
endfacet
facet normal 0 0 -1
outer loop
vertex 7782.45 9761.83 599.95
vertex 7319.91 9752.08 599.95
vertex 7322.77 9761.83 599.95
endloop
endfacet
facet normal 0 0 -1
outer loop
vertex 12777.310000000001 9761.83 599.95
vertex 12780.04 9752.08 599.95
vertex 12329.85 9752.08 599.95
endloop
endfacet
facet normal 0 0 -1
outer loop
vertex 12777.310000000001 9761.83 599.95
vertex 12329.85 9752.08 599.95
vertex 12317.5 9761.83 599.95
endloop
endfacet
facet normal 0 0 -1
outer loop
vertex 7770.1 9752.08 599.95
vertex 7758.530000000001 9741.42 599.95
vertex 7316.92 9741.42 599.95
endloop
endfacet
facet normal 0 0 -1
outer loop
vertex 7770.1 9752.08 599.95
vertex 7316.92 9741.42 599.95
vertex 7319.91 9752.08 599.95
endloop
endfacet
facet normal 0 0 -1
outer loop
vertex 12780.04 9752.08 599.95
vertex 12783.03 9741.42 599.95
vertex 12341.42 9741.42 599.95
endloop
endfacet
facet normal 0 0 -1
outer loop
vertex 12780.04 9752.08 599.95
vertex 12341.42 9741.42 599.95
vertex 12329.85 9752.08 599.95
endloop
endfacet
facet normal 0 0 -1
outer loop
vertex 7490.860000000001 9736.48 599.95
vertex 7758.530000000001 9741.42 599.95
vertex 7747.87 9729.85 599.95
endloop
endfacet
facet normal 0 0 -1
outer loop
vertex 7490.860000000001 9736.48 599.95
vertex 7747.87 9729.85 599.95
vertex 7314.58 9729.85 599.95
endloop
endfacet
facet normal 0 0 -1
outer loop
vertex 7490.860000000001 9736.48 599.95
vertex 7314.58 9729.85 599.95
vertex 7316.530000000001 9740.12 599.95
endloop
endfacet
facet normal 0 0 -1
outer loop
vertex 7490.860000000001 9736.48 599.95
vertex 7316.530000000001 9740.12 599.95
vertex 7316.92 9741.42 599.95
endloop
endfacet
facet normal 0 0 -1
outer loop
vertex 7490.860000000001 9736.48 599.95
vertex 7316.92 9741.42 599.95
vertex 7758.530000000001 9741.42 599.95
endloop
endfacet
facet normal 0 0 -1
outer loop
vertex 12609.09 9736.48 599.95
vertex 12783.03 9741.42 599.95
vertex 12783.42 9740.12 599.95
endloop
endfacet
facet normal 0 0 -0.9999999999999999
outer loop
vertex 12609.09 9736.48 599.95
vertex 12783.42 9740.12 599.95
vertex 12785.5 9729.85 599.95
endloop
endfacet
facet normal 0 0 -0.9999999999999999
outer loop
vertex 12609.09 9736.48 599.95
vertex 12785.5 9729.85 599.95
vertex 12352.08 9729.85 599.95
endloop
endfacet
facet normal 0 0 -1
outer loop
vertex 12609.09 9736.48 599.95
vertex 12352.08 9729.85 599.95
vertex 12341.42 9741.42 599.95
endloop
endfacet
facet normal 0 0 -1
outer loop
vertex 12609.09 9736.48 599.95
vertex 12341.42 9741.42 599.95
vertex 12783.03 9741.42 599.95
endloop
endfacet
facet normal 0 0 -1
outer loop
vertex 7747.87 9729.85 599.95
vertex 7738.25 9717.5 599.95
vertex 7312.110000000001 9717.5 599.95
endloop
endfacet
facet normal 0 0 -1
outer loop
vertex 7747.87 9729.85 599.95
vertex 7312.110000000001 9717.5 599.95
vertex 7314.58 9729.85 599.95
endloop
endfacet
facet normal 0 0 -1
outer loop
vertex 12785.5 9729.85 599.95
vertex 12787.84 9717.5 599.95
vertex 12361.83 9717.5 599.95
endloop
endfacet
facet normal 0 0 -0.9999999999999999
outer loop
vertex 12785.5 9729.85 599.95
vertex 12361.83 9717.5 599.95
vertex 12352.08 9729.85 599.95
endloop
endfacet
facet normal 0 0 -1
outer loop
vertex 7738.25 9717.5 599.95
vertex 7729.41 9704.5 599.95
vertex 7309.51 9704.5 599.95
endloop
endfacet
facet normal 0 0 -1
outer loop
vertex 7738.25 9717.5 599.95
vertex 7309.51 9704.5 599.95
vertex 7312.110000000001 9717.5 599.95
endloop
endfacet
facet normal 0 0 -1
outer loop
vertex 12787.84 9717.5 599.95
vertex 12790.44 9704.5 599.95
vertex 12370.54 9704.5 599.95
endloop
endfacet
facet normal 0 0 -1
outer loop
vertex 12787.84 9717.5 599.95
vertex 12370.54 9704.5 599.95
vertex 12361.83 9717.5 599.95
endloop
endfacet
facet normal 0 0 -1
outer loop
vertex 7475 9696.960000000001 599.95
vertex 7729.41 9704.5 599.95
vertex 7721.740000000001 9690.85 599.95
endloop
endfacet
facet normal 0 0 -1
outer loop
vertex 7475 9696.960000000001 599.95
vertex 7721.740000000001 9690.85 599.95
vertex 7307.04 9690.85 599.95
endloop
endfacet
facet normal 0 0 -0.9999999999999999
outer loop
vertex 7475 9696.960000000001 599.95
vertex 7307.04 9690.85 599.95
vertex 7307.43 9693.84 599.95
endloop
endfacet
facet normal 0 0 -1
outer loop
vertex 7475 9696.960000000001 599.95
vertex 7307.43 9693.84 599.95
vertex 7309.51 9704.5 599.95
endloop
endfacet
facet normal 0 0 -1
outer loop
vertex 7475 9696.960000000001 599.95
vertex 7309.51 9704.5 599.95
vertex 7729.41 9704.5 599.95
endloop
endfacet
facet normal 0 0 -1
outer loop
vertex 12624.95 9696.960000000001 599.95
vertex 12790.44 9704.5 599.95
vertex 12792.65 9693.84 599.95
endloop
endfacet
facet normal 0 0 -0.9999999999999999
outer loop
vertex 12624.95 9696.960000000001 599.95
vertex 12792.65 9693.84 599.95
vertex 12793.04 9690.85 599.95
endloop
endfacet
facet normal 0 0 -1
outer loop
vertex 12624.95 9696.960000000001 599.95
vertex 12793.04 9690.85 599.95
vertex 12378.210000000001 9690.85 599.95
endloop
endfacet
facet normal 0 0 -1
outer loop
vertex 12624.95 9696.960000000001 599.95
vertex 12378.210000000001 9690.85 599.95
vertex 12370.54 9704.5 599.95
endloop
endfacet
facet normal 0 0 -1
outer loop
vertex 12624.95 9696.960000000001 599.95
vertex 12370.54 9704.5 599.95
vertex 12790.44 9704.5 599.95
endloop
endfacet
facet normal 0 0 -1
outer loop
vertex 7721.740000000001 9690.85 599.95
vertex 7715.240000000001 9676.550000000001 599.95
vertex 7305.35 9676.550000000001 599.95
endloop
endfacet
facet normal 0 0 -1
outer loop
vertex 7721.740000000001 9690.85 599.95
vertex 7305.35 9676.550000000001 599.95
vertex 7307.04 9690.85 599.95
endloop
endfacet
facet normal 0 0 -1
outer loop
vertex 12793.04 9690.85 599.95
vertex 12794.6 9676.550000000001 599.95
vertex 12384.84 9676.550000000001 599.95
endloop
endfacet
facet normal 0 0 -1
outer loop
vertex 12793.04 9690.85 599.95
vertex 12384.84 9676.550000000001 599.95
vertex 12378.210000000001 9690.85 599.95
endloop
endfacet
facet normal 0 0 -0.9999999999999999
outer loop
vertex 7715.240000000001 9676.550000000001 599.95
vertex 7709.780000000001 9661.86 599.95
vertex 7303.530000000001 9661.86 599.95
endloop
endfacet
facet normal 0 0 -1
outer loop
vertex 7715.240000000001 9676.550000000001 599.95
vertex 7303.530000000001 9661.86 599.95
vertex 7305.35 9676.550000000001 599.95
endloop
endfacet
facet normal 0 0 -0.9999999999999999
outer loop
vertex 12794.6 9676.550000000001 599.95
vertex 12796.42 9661.86 599.95
vertex 12390.17 9661.86 599.95
endloop
endfacet
facet normal 0 0 -1
outer loop
vertex 12794.6 9676.550000000001 599.95
vertex 12390.17 9661.86 599.95
vertex 12384.84 9676.550000000001 599.95
endloop
endfacet
facet normal 0 0 -1
outer loop
vertex 7464.47 9652.76 599.95
vertex 7709.780000000001 9661.86 599.95
vertex 7705.490000000001 9646.65 599.95
endloop
endfacet
facet normal 0 0 -1
outer loop
vertex 7464.47 9652.76 599.95
vertex 7705.490000000001 9646.65 599.95
vertex 7301.84 9646.65 599.95
endloop
endfacet
facet normal 0 0 -1
outer loop
vertex 7464.47 9652.76 599.95
vertex 7301.84 9646.65 599.95
vertex 7301.84 9647.04 599.95
endloop
endfacet
facet normal 0 0 -1
outer loop
vertex 7464.47 9652.76 599.95
vertex 7301.84 9647.04 599.95
vertex 7303.530000000001 9661.86 599.95
endloop
endfacet
facet normal 0 0 -1
outer loop
vertex 7464.47 9652.76 599.95
vertex 7303.530000000001 9661.86 599.95
vertex 7709.780000000001 9661.86 599.95
endloop
endfacet
facet normal 0 0 -1
outer loop
vertex 12635.48 9652.76 599.95
vertex 12796.42 9661.86 599.95
vertex 12798.11 9647.04 599.95
endloop
endfacet
facet normal 0 0 -0.9999999999999999
outer loop
vertex 12635.48 9652.76 599.95
vertex 12798.11 9647.04 599.95
vertex 12798.11 9646.65 599.95
endloop
endfacet
facet normal 0 0 -1
outer loop
vertex 12635.48 9652.76 599.95
vertex 12798.11 9646.65 599.95
vertex 12394.460000000001 9646.65 599.95
endloop
endfacet
facet normal 0 0 -1
outer loop
vertex 12635.48 9652.76 599.95
vertex 12394.460000000001 9646.65 599.95
vertex 12390.17 9661.86 599.95
endloop
endfacet
facet normal 0 0 -1
outer loop
vertex 12635.48 9652.76 599.95
vertex 12390.17 9661.86 599.95
vertex 12796.42 9661.86 599.95
endloop
endfacet
facet normal 0 0 -1
outer loop
vertex 7705.490000000001 9646.65 599.95
vertex 7702.5 9631.31 599.95
vertex 7301.1900000000005 9631.31 599.95
endloop
endfacet
facet normal 0 0 -1
outer loop
vertex 7705.490000000001 9646.65 599.95
vertex 7301.1900000000005 9631.31 599.95
vertex 7301.84 9646.65 599.95
endloop
endfacet
facet normal 0 0 -1
outer loop
vertex 12798.11 9646.65 599.95
vertex 12798.76 9631.31 599.95
vertex 12397.58 9631.31 599.95
endloop
endfacet
facet normal 0 0 -1
outer loop
vertex 12798.11 9646.65 599.95
vertex 12397.58 9631.31 599.95
vertex 12394.460000000001 9646.65 599.95
endloop
endfacet
facet normal 0 0 -0.9999999999999999
outer loop
vertex 7702.5 9631.31 599.95
vertex 7700.68 9615.710000000001 599.95
vertex 7300.67 9615.710000000001 599.95
endloop
endfacet
facet normal 0 0 -1
outer loop
vertex 7702.5 9631.31 599.95
vertex 7300.67 9615.710000000001 599.95
vertex 7301.1900000000005 9631.31 599.95
endloop
endfacet
facet normal 0 0 -1
outer loop
vertex 12798.76 9631.31 599.95
vertex 12799.41 9615.710000000001 599.95
vertex 12399.4 9615.710000000001 599.95
endloop
endfacet
facet normal 0 0 -1
outer loop
vertex 12798.76 9631.31 599.95
vertex 12399.4 9615.710000000001 599.95
vertex 12397.58 9631.31 599.95
endloop
endfacet
facet normal 0 0 -1
outer loop
vertex 7700.68 9615.710000000001 599.95
vertex 7700.030000000001 9599.98 599.95
vertex 7300.02 9599.98 599.95
endloop
endfacet
facet normal 0 0 -1
outer loop
vertex 7700.68 9615.710000000001 599.95
vertex 7300.02 9599.98 599.95
vertex 7300.67 9615.710000000001 599.95
endloop
endfacet
facet normal 0 0 -1
outer loop
vertex 12799.41 9615.710000000001 599.95
vertex 12800.060000000001 9599.98 599.95
vertex 12400.050000000001 9599.98 599.95
endloop
endfacet
facet normal 0 0 -1
outer loop
vertex 12799.41 9615.710000000001 599.95
vertex 12400.050000000001 9599.98 599.95
vertex 12399.4 9615.710000000001 599.95
endloop
endfacet
facet normal 0 0 -1
outer loop
vertex 7700.030000000001 9599.98 599.95
vertex 7700.030000000001 7899.97 599.95
vertex 7300.02 7899.97 599.95
endloop
endfacet
facet normal 0 0 -1
outer loop
vertex 7700.030000000001 9599.98 599.95
vertex 7300.02 7899.97 599.95
vertex 7300.02 9599.98 599.95
endloop
endfacet
facet normal 0 0 -1
outer loop
vertex 7700.030000000001 7899.97 599.95
vertex 7700.68 7884.37 599.95
vertex 7300.67 7884.37 599.95
endloop
endfacet
facet normal 0 0 -1
outer loop
vertex 7700.030000000001 7899.97 599.95
vertex 7300.67 7884.37 599.95
vertex 7300.02 7899.97 599.95
endloop
endfacet
facet normal 0 0 -1
outer loop
vertex 7700.68 7884.37 599.95
vertex 7702.5 7868.77 599.95
vertex 7301.1900000000005 7868.77 599.95
endloop
endfacet
facet normal 0 0 -1
outer loop
vertex 7700.68 7884.37 599.95
vertex 7301.1900000000005 7868.77 599.95
vertex 7300.67 7884.37 599.95
endloop
endfacet
facet normal 0 0 -0.9999999999999999
outer loop
vertex 7702.5 7868.77 599.95
vertex 7705.490000000001 7853.3 599.95
vertex 7301.84 7853.3 599.95
endloop
endfacet
facet normal 0 0 -0.9999999999999999
outer loop
vertex 7702.5 7868.77 599.95
vertex 7301.84 7853.3 599.95
vertex 7301.1900000000005 7868.77 599.95
endloop
endfacet
facet normal 0 0 -0.9999999999999999
outer loop
vertex 7464.47 7847.1900000000005 599.95
vertex 7705.490000000001 7853.3 599.95
vertex 7709.780000000001 7838.22 599.95
endloop
endfacet
facet normal 0 0 -0.9999999999999999
outer loop
vertex 7464.47 7847.1900000000005 599.95
vertex 7709.780000000001 7838.22 599.95
vertex 7303.530000000001 7838.22 599.95
endloop
endfacet
facet normal 0 0 -0.9999999999999999
outer loop
vertex 7464.47 7847.1900000000005 599.95
vertex 7303.530000000001 7838.22 599.95
vertex 7301.84 7852.91 599.95
endloop
endfacet
facet normal 0 0 -1
outer loop
vertex 7464.47 7847.1900000000005 599.95
vertex 7301.84 7852.91 599.95
vertex 7301.84 7853.3 599.95
endloop
endfacet
facet normal 0 0 -1
outer loop
vertex 7464.47 7847.1900000000005 599.95
vertex 7301.84 7853.3 599.95
vertex 7705.490000000001 7853.3 599.95
endloop
endfacet
facet normal 0 0 -1
outer loop
vertex 7709.780000000001 7838.22 599.95
vertex 7715.240000000001 7823.400000000001 599.95
vertex 7305.35 7823.400000000001 599.95
endloop
endfacet
facet normal 0 0 -1
outer loop
vertex 7709.780000000001 7838.22 599.95
vertex 7305.35 7823.400000000001 599.95
vertex 7303.530000000001 7838.22 599.95
endloop
endfacet
facet normal 0 0 -1
outer loop
vertex 7715.240000000001 7823.400000000001 599.95
vertex 7721.740000000001 7809.2300000000005 599.95
vertex 7307.04 7809.2300000000005 599.95
endloop
endfacet
facet normal 0 0 -1
outer loop
vertex 7715.240000000001 7823.400000000001 599.95
vertex 7307.04 7809.2300000000005 599.95
vertex 7305.35 7823.400000000001 599.95
endloop
endfacet
facet normal 0 0 -1
outer loop
vertex 12800.060000000001 9599.98 599.95
vertex 12800.060000000001 7800 599.95
vertex 12400.050000000001 7800 599.95
endloop
endfacet
facet normal 0 0 -1
outer loop
vertex 12800.060000000001 9599.98 599.95
vertex 12400.050000000001 7800 599.95
vertex 12400.050000000001 9599.98 599.95
endloop
endfacet
facet normal 0 0 -1
outer loop
vertex 7475 7803.12 599.95
vertex 7721.740000000001 7809.2300000000005 599.95
vertex 7729.41 7795.45 599.95
endloop
endfacet
facet normal 0 0 -1
outer loop
vertex 7475 7803.12 599.95
vertex 7729.41 7795.45 599.95
vertex 7309.51 7795.45 599.95
endloop
endfacet
facet normal 0 0 -1
outer loop
vertex 7475 7803.12 599.95
vertex 7309.51 7795.45 599.95
vertex 7307.43 7806.110000000001 599.95
endloop
endfacet
facet normal 0 0 -1
outer loop
vertex 7475 7803.12 599.95
vertex 7307.43 7806.110000000001 599.95
vertex 7307.04 7809.2300000000005 599.95
endloop
endfacet
facet normal 0 0 -1
outer loop
vertex 7475 7803.12 599.95
vertex 7307.04 7809.2300000000005 599.95
vertex 7721.740000000001 7809.2300000000005 599.95
endloop
endfacet
facet normal 0 0 -1
outer loop
vertex 7729.41 7795.45 599.95
vertex 7738.25 7782.45 599.95
vertex 7312.110000000001 7782.45 599.95
endloop
endfacet
facet normal 0 0 -1
outer loop
vertex 7729.41 7795.45 599.95
vertex 7312.110000000001 7782.45 599.95
vertex 7309.51 7795.45 599.95
endloop
endfacet
facet normal 0 0 -1
outer loop
vertex 7738.25 7782.45 599.95
vertex 7747.87 7770.1 599.95
vertex 7314.58 7770.1 599.95
endloop
endfacet
facet normal 0 0 -1
outer loop
vertex 7738.25 7782.45 599.95
vertex 7314.58 7770.1 599.95
vertex 7312.110000000001 7782.45 599.95
endloop
endfacet
facet normal 0 0 -1
outer loop
vertex 7490.860000000001 7763.47 599.95
vertex 7747.87 7770.1 599.95
vertex 7758.530000000001 7758.530000000001 599.95
endloop
endfacet
facet normal 0 0 -1
outer loop
vertex 7490.860000000001 7763.47 599.95
vertex 7758.530000000001 7758.530000000001 599.95
vertex 7316.92 7758.530000000001 599.95
endloop
endfacet
facet normal 0 0 -1
outer loop
vertex 7490.860000000001 7763.47 599.95
vertex 7316.92 7758.530000000001 599.95
vertex 7316.530000000001 7759.96 599.95
endloop
endfacet
facet normal 0 0 -1
outer loop
vertex 7490.860000000001 7763.47 599.95
vertex 7316.530000000001 7759.96 599.95
vertex 7314.58 7770.1 599.95
endloop
endfacet
facet normal 0 0 -1
outer loop
vertex 7490.860000000001 7763.47 599.95
vertex 7314.58 7770.1 599.95
vertex 7747.87 7770.1 599.95
endloop
endfacet
facet normal 0 0 -1
outer loop
vertex 7758.530000000001 7758.530000000001 599.95
vertex 7770.1 7747.87 599.95
vertex 7319.91 7747.87 599.95
endloop
endfacet
facet normal 0 0 -1
outer loop
vertex 7758.530000000001 7758.530000000001 599.95
vertex 7319.91 7747.87 599.95
vertex 7316.92 7758.530000000001 599.95
endloop
endfacet
facet normal 0 0 -1
outer loop
vertex 7770.1 7747.87 599.95
vertex 7782.45 7738.25 599.95
vertex 7322.77 7738.25 599.95
endloop
endfacet
facet normal 0 0 -1
outer loop
vertex 7770.1 7747.87 599.95
vertex 7322.77 7738.25 599.95
vertex 7319.91 7747.87 599.95
endloop
endfacet
facet normal 0 0 -1
outer loop
vertex 7782.45 7738.25 599.95
vertex 7795.45 7729.41 599.95
vertex 7325.110000000001 7729.41 599.95
endloop
endfacet
facet normal 0 0 -0.9999999999999999
outer loop
vertex 7782.45 7738.25 599.95
vertex 7325.110000000001 7729.41 599.95
vertex 7322.77 7738.25 599.95
endloop
endfacet
facet normal 0 0 -0.9999999999999999
outer loop
vertex 7795.45 7729.41 599.95
vertex 7809.2300000000005 7721.740000000001 599.95
vertex 7327.320000000001 7721.740000000001 599.95
endloop
endfacet
facet normal 0 0 -1
outer loop
vertex 7795.45 7729.41 599.95
vertex 7327.320000000001 7721.740000000001 599.95
vertex 7325.110000000001 7729.41 599.95
endloop
endfacet
facet normal 0 0 -0.9999999999999999
outer loop
vertex 7809.2300000000005 7721.740000000001 599.95
vertex 7823.400000000001 7715.240000000001 599.95
vertex 7329.14 7715.240000000001 599.95
endloop
endfacet
facet normal 0 0 -1
outer loop
vertex 7809.2300000000005 7721.740000000001 599.95
vertex 7329.14 7715.240000000001 599.95
vertex 7327.320000000001 7721.740000000001 599.95
endloop
endfacet
facet normal 0 0 -1
outer loop
vertex 7530.25 7712.900000000001 599.95
vertex 7823.400000000001 7715.240000000001 599.95
vertex 7838.22 7709.780000000001 599.95
endloop
endfacet
facet normal 0 0 -0.9999999999999999
outer loop
vertex 7530.25 7712.900000000001 599.95
vertex 7838.22 7709.780000000001 599.95
vertex 7331.09 7709.780000000001 599.95
endloop
endfacet
facet normal 0 0 -1
outer loop
vertex 7530.25 7712.900000000001 599.95
vertex 7331.09 7709.780000000001 599.95
vertex 7329.400000000001 7714.59 599.95
endloop
endfacet
facet normal 0 0 -1
outer loop
vertex 7530.25 7712.900000000001 599.95
vertex 7329.400000000001 7714.59 599.95
vertex 7329.14 7715.240000000001 599.95
endloop
endfacet
facet normal 0 0 -1
outer loop
vertex 7530.25 7712.900000000001 599.95
vertex 7329.14 7715.240000000001 599.95
vertex 7823.400000000001 7715.240000000001 599.95
endloop
endfacet
facet normal 0 0 -1
outer loop
vertex 7838.22 7709.780000000001 599.95
vertex 7853.3 7705.490000000001 599.95
vertex 7332.650000000001 7705.490000000001 599.95
endloop
endfacet
facet normal 0 0 -1
outer loop
vertex 7838.22 7709.780000000001 599.95
vertex 7332.650000000001 7705.490000000001 599.95
vertex 7331.09 7709.780000000001 599.95
endloop
endfacet
facet normal 0 0 -1
outer loop
vertex 7853.3 7705.490000000001 599.95
vertex 7868.77 7702.5 599.95
vertex 7333.820000000001 7702.5 599.95
endloop
endfacet
facet normal 0 0 -1
outer loop
vertex 7853.3 7705.490000000001 599.95
vertex 7333.820000000001 7702.5 599.95
vertex 7332.650000000001 7705.490000000001 599.95
endloop
endfacet
facet normal 0 0 -0.9999999999999999
outer loop
vertex 7868.77 7702.5 599.95
vertex 7884.37 7700.68 599.95
vertex 7334.47 7700.68 599.95
endloop
endfacet
facet normal 0 0 -0.9999999999999999
outer loop
vertex 7868.77 7702.5 599.95
vertex 7334.47 7700.68 599.95
vertex 7333.820000000001 7702.5 599.95
endloop
endfacet
facet normal 0 0 -1
outer loop
vertex 6699.9400000000005 9800.050000000001 599.95
vertex 6699.9400000000005 7700.030000000001 599.95
vertex 6300.06 7700.030000000001 599.95
endloop
endfacet
facet normal 0 0 -1
outer loop
vertex 6699.9400000000005 9800.050000000001 599.95
vertex 6300.06 7700.030000000001 599.95
vertex 6300.06 9800.050000000001 599.95
endloop
endfacet
facet normal 0 0 -1
outer loop
vertex 7884.37 7700.68 599.95
vertex 7899.97 7700.030000000001 599.95
vertex 7334.7300000000005 7700.030000000001 599.95
endloop
endfacet
facet normal 0 0 -1
outer loop
vertex 7884.37 7700.68 599.95
vertex 7334.7300000000005 7700.030000000001 599.95
vertex 7334.47 7700.68 599.95
endloop
endfacet
facet normal 0 0 -1
outer loop
vertex 12511.2 7517.38 599.95
vertex 12400.050000000001 7800 599.95
vertex 12800.060000000001 7800 599.95
endloop
endfacet
facet normal 0 0 -1
outer loop
vertex 12511.2 7517.38 599.95
vertex 12800.060000000001 7800 599.95
vertex 12800.060000000001 7600.06 599.95
endloop
endfacet
facet normal 0 0 -1
outer loop
vertex 12511.2 7517.38 599.95
vertex 12800.060000000001 7600.06 599.95
vertex 12799.02 7580.43 599.95
endloop
endfacet
facet normal 0 0 -1
outer loop
vertex 12511.2 7517.38 599.95
vertex 12799.02 7580.43 599.95
vertex 12796.16 7560.93 599.95
endloop
endfacet
facet normal 0 0 -1
outer loop
vertex 12511.2 7517.38 599.95
vertex 12796.16 7560.93 599.95
vertex 12791.35 7541.95 599.95
endloop
endfacet
facet normal 0 0 -1
outer loop
vertex 12511.2 7517.38 599.95
vertex 12791.35 7541.95 599.95
vertex 12784.720000000001 7523.490000000001 599.95
endloop
endfacet
facet normal 0 0 -1
outer loop
vertex 12511.2 7517.38 599.95
vertex 12784.720000000001 7523.490000000001 599.95
vertex 12776.4 7505.68 599.95
endloop
endfacet
facet normal 0 0 -1
outer loop
vertex 12511.2 7517.38 599.95
vertex 12776.4 7505.68 599.95
vertex 12766.26 7488.91 599.95
endloop
endfacet
facet normal 0 0 -1
outer loop
vertex 12511.2 7517.38 599.95
vertex 12766.26 7488.91 599.95
vertex 12754.560000000001 7473.18 599.95
endloop
endfacet
facet normal 0 0 -1
outer loop
vertex 12511.2 7517.38 599.95
vertex 12754.560000000001 7473.18 599.95
vertex 12741.43 7458.62 599.95
endloop
endfacet
facet normal 0 0 -1
outer loop
vertex 12511.2 7517.38 599.95
vertex 12741.43 7458.62 599.95
vertex 12726.87 7445.360000000001 599.95
endloop
endfacet
facet normal 0 0 -1
outer loop
vertex 12511.2 7517.38 599.95
vertex 12726.87 7445.360000000001 599.95
vertex 12711.140000000001 7433.66 599.95
endloop
endfacet
facet normal 0 0 -1
outer loop
vertex 12511.2 7517.38 599.95
vertex 12711.140000000001 7433.66 599.95
vertex 12694.24 7423.650000000001 599.95
endloop
endfacet
facet normal 0 0 -1
outer loop
vertex 12511.2 7517.38 599.95
vertex 12694.24 7423.650000000001 599.95
vertex 12676.560000000001 7415.2 599.95
endloop
endfacet
facet normal 0 0 -1
outer loop
vertex 12511.2 7517.38 599.95
vertex 12676.560000000001 7415.2 599.95
vertex 12658.1 7408.570000000001 599.95
endloop
endfacet
facet normal 0 0 -0.9999999999999999
outer loop
vertex 12511.2 7517.38 599.95
vertex 12658.1 7408.570000000001 599.95
vertex 12638.99 7403.89 599.95
endloop
endfacet
facet normal 0 0 -1
outer loop
vertex 12511.2 7517.38 599.95
vertex 12638.99 7403.89 599.95
vertex 12619.62 7400.900000000001 599.95
endloop
endfacet
facet normal 0 0 -1
outer loop
vertex 12511.2 7517.38 599.95
vertex 12619.62 7400.900000000001 599.95
vertex 12599.99 7399.990000000001 599.95
endloop
endfacet
facet normal 0 0 -1
outer loop
vertex 12511.2 7517.38 599.95
vertex 12599.99 7399.990000000001 599.95
vertex 10599.94 7399.990000000001 599.95
endloop
endfacet
facet normal 0 0 -0.9999999999999999
outer loop
vertex 12511.2 7517.38 599.95
vertex 10599.94 7399.990000000001 599.95
vertex 10599.94 7800 599.95
endloop
endfacet
facet normal 0 0 -1
outer loop
vertex 12511.2 7517.38 599.95
vertex 10599.94 7800 599.95
vertex 12400.050000000001 7800 599.95
endloop
endfacet
facet normal 0 0 -1
outer loop
vertex 6411.21 7417.41 599.95
vertex 6300.06 7700.030000000001 599.95
vertex 6699.9400000000005 7700.030000000001 599.95
endloop
endfacet
facet normal 0 0 -1
outer loop
vertex 6411.21 7417.41 599.95
vertex 6699.9400000000005 7700.030000000001 599.95
vertex 6699.9400000000005 7499.96 599.95
endloop
endfacet
facet normal 0 0 -1
outer loop
vertex 6411.21 7417.41 599.95
vertex 6699.9400000000005 7499.96 599.95
vertex 6699.030000000001 7480.46 599.95
endloop
endfacet
facet normal 0 0 -1
outer loop
vertex 6411.21 7417.41 599.95
vertex 6699.030000000001 7480.46 599.95
vertex 6696.17 7460.96 599.95
endloop
endfacet
facet normal 0 0 -1
outer loop
vertex 6411.21 7417.41 599.95
vertex 6696.17 7460.96 599.95
vertex 6691.360000000001 7441.9800000000005 599.95
endloop
endfacet
facet normal 0 0 -1
outer loop
vertex 6411.21 7417.41 599.95
vertex 6691.360000000001 7441.9800000000005 599.95
vertex 6684.7300000000005 7423.52 599.95
endloop
endfacet
facet normal 0 0 -1
outer loop
vertex 6411.21 7417.41 599.95
vertex 6684.7300000000005 7423.52 599.95
vertex 6676.41 7405.71 599.95
endloop
endfacet
facet normal 0 0 -1
outer loop
vertex 6411.21 7417.41 599.95
vertex 6676.41 7405.71 599.95
vertex 6666.27 7388.9400000000005 599.95
endloop
endfacet
facet normal 0 0 -1
outer loop
vertex 6411.21 7417.41 599.95
vertex 6666.27 7388.9400000000005 599.95
vertex 6654.570000000001 7373.08 599.95
endloop
endfacet
facet normal 0 0 -1
outer loop
vertex 6411.21 7417.41 599.95
vertex 6654.570000000001 7373.08 599.95
vertex 6641.4400000000005 7358.52 599.95
endloop
endfacet
facet normal 0 0 -1
outer loop
vertex 6411.21 7417.41 599.95
vertex 6641.4400000000005 7358.52 599.95
vertex 6626.88 7345.39 599.95
endloop
endfacet
facet normal 0 0 -1
outer loop
vertex 6411.21 7417.41 599.95
vertex 6626.88 7345.39 599.95
vertex 6611.150000000001 7333.6900000000005 599.95
endloop
endfacet
facet normal 0 0 -1
outer loop
vertex 6411.21 7417.41 599.95
vertex 6611.150000000001 7333.6900000000005 599.95
vertex 6594.25 7323.68 599.95
endloop
endfacet
facet normal 0 0 -1
outer loop
vertex 6411.21 7417.41 599.95
vertex 6594.25 7323.68 599.95
vertex 6576.570000000001 7315.2300000000005 599.95
endloop
endfacet
facet normal 0 0 -1
outer loop
vertex 6411.21 7417.41 599.95
vertex 6576.570000000001 7315.2300000000005 599.95
vertex 6558.110000000001 7308.6 599.95
endloop
endfacet
facet normal 0 0 -1
outer loop
vertex 6411.21 7417.41 599.95
vertex 6558.110000000001 7308.6 599.95
vertex 6539 7303.79 599.95
endloop
endfacet
facet normal 0 0 -0.9999999999999999
outer loop
vertex 6411.21 7417.41 599.95
vertex 6539 7303.79 599.95
vertex 6519.63 7300.93 599.95
endloop
endfacet
facet normal 0 0 -1
outer loop
vertex 6411.21 7417.41 599.95
vertex 6519.63 7300.93 599.95
vertex 6500 7300.02 599.95
endloop
endfacet
facet normal 0 0 -1
outer loop
vertex 6411.21 7417.41 599.95
vertex 6500 7300.02 599.95
vertex 4499.95 7300.02 599.95
endloop
endfacet
facet normal 0 0 -1
outer loop
vertex 6411.21 7417.41 599.95
vertex 4499.95 7300.02 599.95
vertex 4499.95 7700.030000000001 599.95
endloop
endfacet
facet normal 0 0 -1
outer loop
vertex 6411.21 7417.41 599.95
vertex 4499.95 7700.030000000001 599.95
vertex 6300.06 7700.030000000001 599.95
endloop
endfacet
facet normal 0 0 -1
outer loop
vertex 7832.240000000001 7466.55 599.95
vertex 7899.97 7700.030000000001 599.95
vertex 9999.99 7700.030000000001 599.95
endloop
endfacet
facet normal 0 0 -1
outer loop
vertex 7832.240000000001 7466.55 599.95
vertex 9999.99 7700.030000000001 599.95
vertex 9999.99 7300.02 599.95
endloop
endfacet
facet normal 0 0 -1
outer loop
vertex 7832.240000000001 7466.55 599.95
vertex 9999.99 7300.02 599.95
vertex 7899.97 7300.02 599.95
endloop
endfacet
facet normal 0 0 -1
outer loop
vertex 7832.240000000001 7466.55 599.95
vertex 7899.97 7300.02 599.95
vertex 7852.91 7301.84 599.95
endloop
endfacet
facet normal 0 0 -1
outer loop
vertex 7832.240000000001 7466.55 599.95
vertex 7852.91 7301.84 599.95
vertex 7806.110000000001 7307.43 599.95
endloop
endfacet
facet normal 0 0 -1
outer loop
vertex 7832.240000000001 7466.55 599.95
vertex 7806.110000000001 7307.43 599.95
vertex 7759.96 7316.530000000001 599.95
endloop
endfacet
facet normal 0 0 -1
outer loop
vertex 7832.240000000001 7466.55 599.95
vertex 7759.96 7316.530000000001 599.95
vertex 7714.59 7329.400000000001 599.95
endloop
endfacet
facet normal 0 0 -1
outer loop
vertex 7832.240000000001 7466.55 599.95
vertex 7714.59 7329.400000000001 599.95
vertex 7670.39 7345.650000000001 599.95
endloop
endfacet
facet normal 0 0 -1
outer loop
vertex 7832.240000000001 7466.55 599.95
vertex 7670.39 7345.650000000001 599.95
vertex 7627.62 7365.41 599.95
endloop
endfacet
facet normal 0 0 -1
outer loop
vertex 7832.240000000001 7466.55 599.95
vertex 7627.62 7365.41 599.95
vertex 7586.54 7388.42 599.95
endloop
endfacet
facet normal 0 0 -1
outer loop
vertex 7832.240000000001 7466.55 599.95
vertex 7586.54 7388.42 599.95
vertex 7547.280000000001 7414.55 599.95
endloop
endfacet
facet normal 0 0 -1
outer loop
vertex 7832.240000000001 7466.55 599.95
vertex 7547.280000000001 7414.55 599.95
vertex 7510.360000000001 7443.8 599.95
endloop
endfacet
facet normal 0 0 -1
outer loop
vertex 7832.240000000001 7466.55 599.95
vertex 7510.360000000001 7443.8 599.95
vertex 7475.780000000001 7475.780000000001 599.95
endloop
endfacet
facet normal 0 0 -1
outer loop
vertex 7832.240000000001 7466.55 599.95
vertex 7475.780000000001 7475.780000000001 599.95
vertex 7443.8 7510.360000000001 599.95
endloop
endfacet
facet normal 0 0 -1
outer loop
vertex 7832.240000000001 7466.55 599.95
vertex 7443.8 7510.360000000001 599.95
vertex 7414.55 7547.280000000001 599.95
endloop
endfacet
facet normal 0 0 -0.9999999999999999
outer loop
vertex 7832.240000000001 7466.55 599.95
vertex 7414.55 7547.280000000001 599.95
vertex 7388.42 7586.54 599.95
endloop
endfacet
facet normal 0 0 -1
outer loop
vertex 7832.240000000001 7466.55 599.95
vertex 7388.42 7586.54 599.95
vertex 7365.41 7627.62 599.95
endloop
endfacet
facet normal 0 0 -1
outer loop
vertex 7832.240000000001 7466.55 599.95
vertex 7365.41 7627.62 599.95
vertex 7345.650000000001 7670.39 599.95
endloop
endfacet
facet normal 0 0 -1
outer loop
vertex 7832.240000000001 7466.55 599.95
vertex 7345.650000000001 7670.39 599.95
vertex 7334.7300000000005 7700.030000000001 599.95
endloop
endfacet
facet normal 0 0 -1
outer loop
vertex 7832.240000000001 7466.55 599.95
vertex 7334.7300000000005 7700.030000000001 599.95
vertex 7899.97 7700.030000000001 599.95
endloop
endfacet
facet normal 0.041400937029708054 -0.9991426136508553 0
outer loop
vertex 7852.91 10198.11 599.95
vertex 7852.91 10198.11 199.94
vertex 7899.97 10200.06 199.94
endloop
endfacet
facet normal 0.041400937029708054 -0.9991426136508553 0
outer loop
vertex 7852.91 10198.11 599.95
vertex 7899.97 10200.06 199.94
vertex 7899.97 10200.06 599.95
endloop
endfacet
facet normal 0.11588069956019996 -0.9932631390872405 0
outer loop
vertex 7806.110000000001 10192.65 599.95
vertex 7806.110000000001 10192.65 199.94
vertex 7852.91 10198.11 199.94
endloop
endfacet
facet normal 0.11588069956019996 -0.9932631390872405 0
outer loop
vertex 7806.110000000001 10192.65 599.95
vertex 7852.91 10198.11 199.94
vertex 7852.91 10198.11 599.95
endloop
endfacet
facet normal 0.19611613513817286 -0.9805806756909223 0
outer loop
vertex 7759.96 10183.42 599.95
vertex 7759.96 10183.42 199.94
vertex 7806.110000000001 10192.65 199.94
endloop
endfacet
facet normal 0.19611613513817286 -0.9805806756909223 0
outer loop
vertex 7759.96 10183.42 599.95
vertex 7806.110000000001 10192.65 199.94
vertex 7806.110000000001 10192.65 599.95
endloop
endfacet
facet normal 0.27034611342095394 -0.9627631998358603 0
outer loop
vertex 7714.59 10170.68 599.95
vertex 7714.59 10170.68 199.94
vertex 7759.96 10183.42 199.94
endloop
endfacet
facet normal 0.27034611342095394 -0.9627631998358603 0
outer loop
vertex 7714.59 10170.68 599.95
vertex 7759.96 10183.42 199.94
vertex 7759.96 10183.42 599.95
endloop
endfacet
facet normal 0.3474939948036298 -0.9376822082003129 0
outer loop
vertex 7670.39 10154.300000000001 599.95
vertex 7670.39 10154.300000000001 199.94
vertex 7714.59 10170.68 199.94
endloop
endfacet
facet normal 0.3474939948036298 -0.9376822082003129 0
outer loop
vertex 7670.39 10154.300000000001 599.95
vertex 7714.59 10170.68 199.94
vertex 7714.59 10170.68 599.95
endloop
endfacet
facet normal 0.4194081017470123 -0.9077977991760983 0
outer loop
vertex 7627.62 10134.54 599.95
vertex 7627.62 10134.54 199.94
vertex 7670.39 10154.300000000001 199.94
endloop
endfacet
facet normal 0.4194081017470123 -0.9077977991760983 0
outer loop
vertex 7627.62 10134.54 599.95
vertex 7670.39 10154.300000000001 199.94
vertex 7670.39 10154.300000000001 599.95
endloop
endfacet
facet normal 0.48868743931839154 -0.8724589312124857 0
outer loop
vertex 7586.54 10111.53 599.95
vertex 7586.54 10111.53 199.94
vertex 7627.62 10134.54 199.94
endloop
endfacet
facet normal 0.48868743931839154 -0.8724589312124857 0
outer loop
vertex 7586.54 10111.53 599.95
vertex 7627.62 10134.54 199.94
vertex 7627.62 10134.54 599.95
endloop
endfacet
facet normal 0.5540639102218581 -0.8324741337661277 0
outer loop
vertex 7547.280000000001 10085.4 599.95
vertex 7547.280000000001 10085.4 199.94
vertex 7586.54 10111.53 199.94
endloop
endfacet
facet normal 0.5540639102218581 -0.8324741337661277 0
outer loop
vertex 7547.280000000001 10085.4 599.95
vertex 7586.54 10111.53 199.94
vertex 7586.54 10111.53 599.95
endloop
endfacet
facet normal 0.6192856662767963 -0.78516575545811 0
outer loop
vertex 7510.360000000001 10056.28 599.95
vertex 7510.360000000001 10056.28 199.94
vertex 7547.280000000001 10085.4 199.94
endloop
endfacet
facet normal 0.6192856662767963 -0.78516575545811 0
outer loop
vertex 7510.360000000001 10056.28 599.95
vertex 7547.280000000001 10085.4 199.94
vertex 7547.280000000001 10085.4 599.95
endloop
endfacet
facet normal 0.6789676088252413 -0.7341682274289278 0
outer loop
vertex 7475.780000000001 10024.300000000001 599.95
vertex 7475.780000000001 10024.300000000001 199.94
vertex 7510.360000000001 10056.28 199.94
endloop
endfacet
facet normal 0.6789676088252413 -0.7341682274289278 0
outer loop
vertex 7475.780000000001 10024.300000000001 599.95
vertex 7510.360000000001 10056.28 199.94
vertex 7510.360000000001 10056.28 599.95
endloop
endfacet
facet normal 0.7341682274289183 -0.6789676088252516 0
outer loop
vertex 7443.8 9989.720000000001 599.95
vertex 7443.8 9989.720000000001 199.94
vertex 7475.780000000001 10024.300000000001 199.94
endloop
endfacet
facet normal 0.7341682274289183 -0.6789676088252516 0
outer loop
vertex 7443.8 9989.720000000001 599.95
vertex 7475.780000000001 10024.300000000001 199.94
vertex 7475.780000000001 10024.300000000001 599.95
endloop
endfacet
facet normal 0.7848827655334351 -0.6196442885790094 0
outer loop
vertex 7414.55 9952.67 599.95
vertex 7414.55 9952.67 199.94
vertex 7443.8 9989.720000000001 199.94
endloop
endfacet
facet normal 0.7848827655334351 -0.6196442885790094 0
outer loop
vertex 7414.55 9952.67 599.95
vertex 7443.8 9989.720000000001 199.94
vertex 7443.8 9989.720000000001 599.95
endloop
endfacet
facet normal 0.8316249925551218 -0.5553376196132346 0
outer loop
vertex 7388.42 9913.54 599.95
vertex 7388.42 9913.54 199.94
vertex 7414.55 9952.67 199.94
endloop
endfacet
facet normal 0.8316249925551218 -0.5553376196132346 0
outer loop
vertex 7388.42 9913.54 599.95
vertex 7414.55 9952.67 199.94
vertex 7414.55 9952.67 599.95
endloop
endfacet
facet normal 0.8731159123044157 -0.4875126702772224 0
outer loop
vertex 7365.41 9872.33 599.95
vertex 7365.41 9872.33 199.94
vertex 7388.42 9913.54 199.94
endloop
endfacet
facet normal 0.8731159123044157 -0.4875126702772224 0
outer loop
vertex 7365.41 9872.33 599.95
vertex 7388.42 9913.54 199.94
vertex 7388.42 9913.54 599.95
endloop
endfacet
facet normal 0.9077977991761057 -0.41940810174699644 0
outer loop
vertex 7345.650000000001 9829.56 599.95
vertex 7345.650000000001 9829.56 199.94
vertex 7365.41 9872.33 199.94
endloop
endfacet
facet normal 0.9077977991761057 -0.41940810174699644 0
outer loop
vertex 7345.650000000001 9829.56 599.95
vertex 7365.41 9872.33 199.94
vertex 7365.41 9872.33 599.95
endloop
endfacet
facet normal 0.9385785533962533 -0.34506564463098394 0
outer loop
vertex 7329.400000000001 9785.36 599.95
vertex 7329.400000000001 9785.36 199.94
vertex 7345.650000000001 9829.56 199.94
endloop
endfacet
facet normal 0.9385785533962533 -0.34506564463098394 0
outer loop
vertex 7329.400000000001 9785.36 599.95
vertex 7345.650000000001 9829.56 199.94
vertex 7345.650000000001 9829.56 599.95
endloop
endfacet
facet normal 0.9618362180113861 -0.27362582064116914 0
outer loop
vertex 7316.530000000001 9740.12 599.95
vertex 7316.530000000001 9740.12 199.94
vertex 7329.400000000001 9785.36 199.94
endloop
endfacet
facet normal 0.9618362180113861 -0.27362582064116914 0
outer loop
vertex 7316.530000000001 9740.12 599.95
vertex 7329.400000000001 9785.36 199.94
vertex 7329.400000000001 9785.36 599.95
endloop
endfacet
facet normal 0.9812115675355538 -0.1929348587850858 0
outer loop
vertex 7307.43 9693.84 599.95
vertex 7307.43 9693.84 199.94
vertex 7316.530000000001 9740.12 199.94
endloop
endfacet
facet normal 0.9812115675355538 -0.1929348587850858 0
outer loop
vertex 7307.43 9693.84 599.95
vertex 7316.530000000001 9740.12 199.94
vertex 7316.530000000001 9740.12 599.95
endloop
endfacet
facet normal 0.9929419460019544 -0.11860139910579394 0
outer loop
vertex 7301.84 9647.04 599.95
vertex 7301.84 9647.04 199.94
vertex 7307.43 9693.84 199.94
endloop
endfacet
facet normal 0.9929419460019544 -0.11860139910579394 0
outer loop
vertex 7301.84 9647.04 599.95
vertex 7307.43 9693.84 199.94
vertex 7307.43 9693.84 599.95
endloop
endfacet
facet normal 0.999252997433693 -0.03864514354715215 0
outer loop
vertex 7300.02 9599.98 599.95
vertex 7300.02 9599.98 199.94
vertex 7301.84 9647.04 199.94
endloop
endfacet
facet normal 0.999252997433693 -0.03864514354715215 0
outer loop
vertex 7300.02 9599.98 599.95
vertex 7301.84 9647.04 199.94
vertex 7301.84 9647.04 599.95
endloop
endfacet
facet normal -0.9991473250039736 0.041287079545592006 0
outer loop
vertex 7700.68 9615.710000000001 599.95
vertex 7700.68 9615.710000000001 199.94
vertex 7700.030000000001 9599.98 199.94
endloop
endfacet
facet normal -0.9991473250039736 0.041287079545592006 0
outer loop
vertex 7700.68 9615.710000000001 599.95
vertex 7700.030000000001 9599.98 199.94
vertex 7700.030000000001 9599.98 599.95
endloop
endfacet
facet normal -0.9932631390872437 0.11588069956017072 0
outer loop
vertex 7702.5 9631.31 599.95
vertex 7702.5 9631.31 199.94
vertex 7700.68 9615.710000000001 199.94
endloop
endfacet
facet normal -0.9932631390872437 0.11588069956017072 0
outer loop
vertex 7702.5 9631.31 599.95
vertex 7700.68 9615.710000000001 199.94
vertex 7700.68 9615.710000000001 599.95
endloop
endfacet
facet normal -0.9815287068477798 0.19131491743647408 0
outer loop
vertex 7705.490000000001 9646.65 599.95
vertex 7705.490000000001 9646.65 199.94
vertex 7702.5 9631.31 199.94
endloop
endfacet
facet normal -0.9815287068477798 0.19131491743647408 0
outer loop
vertex 7705.490000000001 9646.65 599.95
vertex 7702.5 9631.31 199.94
vertex 7702.5 9631.31 599.95
endloop
endfacet
facet normal -0.962449675986409 0.27146016502178844 0
outer loop
vertex 7709.780000000001 9661.86 599.95
vertex 7709.780000000001 9661.86 199.94
vertex 7705.490000000001 9646.65 199.94
endloop
endfacet
facet normal -0.962449675986409 0.27146016502178844 0
outer loop
vertex 7709.780000000001 9661.86 599.95
vertex 7705.490000000001 9646.65 199.94
vertex 7705.490000000001 9646.65 599.95
endloop
endfacet
facet normal -0.9373478912818793 0.3483947914498923 0
outer loop
vertex 7715.240000000001 9676.550000000001 599.95
vertex 7715.240000000001 9676.550000000001 199.94
vertex 7709.780000000001 9661.86 199.94
endloop
endfacet
facet normal -0.9373478912818793 0.3483947914498923 0
outer loop
vertex 7715.240000000001 9676.550000000001 599.95
vertex 7709.780000000001 9661.86 199.94
vertex 7709.780000000001 9661.86 599.95
endloop
endfacet
facet normal -0.9103664774625969 0.41380294430120146 0
outer loop
vertex 7721.740000000001 9690.85 599.95
vertex 7721.740000000001 9690.85 199.94
vertex 7715.240000000001 9676.550000000001 199.94
endloop
endfacet
facet normal -0.9103664774625969 0.41380294430120146 0
outer loop
vertex 7721.740000000001 9690.85 599.95
vertex 7715.240000000001 9676.550000000001 199.94
vertex 7715.240000000001 9676.550000000001 599.95
endloop
endfacet
facet normal -0.8717971852881434 0.4898669898285355 0
outer loop
vertex 7729.41 9704.5 599.95
vertex 7729.41 9704.5 199.94
vertex 7721.740000000001 9690.85 199.94
endloop
endfacet
facet normal -0.8717971852881434 0.4898669898285355 0
outer loop
vertex 7729.41 9704.5 599.95
vertex 7721.740000000001 9690.85 199.94
vertex 7721.740000000001 9690.85 599.95
endloop
endfacet
facet normal -0.8269265020695238 0.5623100214072855 0
outer loop
vertex 7738.25 9717.5 599.95
vertex 7738.25 9717.5 199.94
vertex 7729.41 9704.5 199.94
endloop
endfacet
facet normal -0.8269265020695238 0.5623100214072855 0
outer loop
vertex 7738.25 9717.5 599.95
vertex 7729.41 9704.5 199.94
vertex 7729.41 9704.5 599.95
endloop
endfacet
facet normal -0.788904855463848 0.6145153610981302 0
outer loop
vertex 7747.87 9729.85 599.95
vertex 7747.87 9729.85 199.94
vertex 7738.25 9717.5 199.94
endloop
endfacet
facet normal -0.788904855463848 0.6145153610981302 0
outer loop
vertex 7747.87 9729.85 599.95
vertex 7738.25 9717.5 199.94
vertex 7738.25 9717.5 599.95
endloop
endfacet
facet normal -0.735436734306388 0.6775933956531421 0
outer loop
vertex 7758.530000000001 9741.42 599.95
vertex 7758.530000000001 9741.42 199.94
vertex 7747.87 9729.85 199.94
endloop
endfacet
facet normal -0.735436734306388 0.6775933956531421 0
outer loop
vertex 7758.530000000001 9741.42 599.95
vertex 7747.87 9729.85 199.94
vertex 7747.87 9729.85 599.95
endloop
endfacet
facet normal -0.6775933956531107 0.7354367343064165 0
outer loop
vertex 7770.1 9752.08 599.95
vertex 7770.1 9752.08 199.94
vertex 7758.530000000001 9741.42 199.94
endloop
endfacet
facet normal -0.6775933956531107 0.7354367343064165 0
outer loop
vertex 7770.1 9752.08 599.95
vertex 7758.530000000001 9741.42 199.94
vertex 7758.530000000001 9741.42 599.95
endloop
endfacet
facet normal -0.6196442885790375 0.784882765533413 0
outer loop
vertex 7782.45 9761.83 599.95
vertex 7782.45 9761.83 199.94
vertex 7770.1 9752.08 199.94
endloop
endfacet
facet normal -0.6196442885790375 0.784882765533413 0
outer loop
vertex 7782.45 9761.83 599.95
vertex 7770.1 9752.08 199.94
vertex 7770.1 9752.08 599.95
endloop
endfacet
facet normal -0.5566158852405897 0.8307699779709391 0
outer loop
vertex 7795.45 9770.54 599.95
vertex 7795.45 9770.54 199.94
vertex 7782.45 9761.83 199.94
endloop
endfacet
facet normal -0.5566158852405897 0.8307699779709391 0
outer loop
vertex 7795.45 9770.54 599.95
vertex 7782.45 9761.83 199.94
vertex 7782.45 9761.83 599.95
endloop
endfacet
facet normal -0.48634266102916573 0.873768170662602 0
outer loop
vertex 7809.2300000000005 9778.210000000001 599.95
vertex 7809.2300000000005 9778.210000000001 199.94
vertex 7795.45 9770.54 199.94
endloop
endfacet
facet normal -0.48634266102916573 0.873768170662602 0
outer loop
vertex 7809.2300000000005 9778.210000000001 599.95
vertex 7795.45 9770.54 199.94
vertex 7795.45 9770.54 599.95
endloop
endfacet
facet normal -0.42379507415790507 0.9057580996709307 0
outer loop
vertex 7823.400000000001 9784.84 599.95
vertex 7823.400000000001 9784.84 199.94
vertex 7809.2300000000005 9778.210000000001 199.94
endloop
endfacet
facet normal -0.42379507415790507 0.9057580996709307 0
outer loop
vertex 7823.400000000001 9784.84 599.95
vertex 7809.2300000000005 9778.210000000001 199.94
vertex 7809.2300000000005 9778.210000000001 599.95
endloop
endfacet
facet normal -0.3384271601090299 0.9409925915226629 0
outer loop
vertex 7838.22 9790.17 599.95
vertex 7838.22 9790.17 199.94
vertex 7823.400000000001 9784.84 199.94
endloop
endfacet
facet normal -0.3384271601090299 0.9409925915226629 0
outer loop
vertex 7838.22 9790.17 599.95
vertex 7823.400000000001 9784.84 199.94
vertex 7823.400000000001 9784.84 599.95
endloop
endfacet
facet normal -0.27362582064122287 0.961836218011371 0
outer loop
vertex 7853.3 9794.460000000001 599.95
vertex 7853.3 9794.460000000001 199.94
vertex 7838.22 9790.17 199.94
endloop
endfacet
facet normal -0.27362582064122287 0.961836218011371 0
outer loop
vertex 7853.3 9794.460000000001 599.95
vertex 7838.22 9790.17 199.94
vertex 7838.22 9790.17 599.95
endloop
endfacet
facet normal -0.19770001394705347 0.9802625691544764 0
outer loop
vertex 7868.77 9797.58 599.95
vertex 7868.77 9797.58 199.94
vertex 7853.3 9794.460000000001 199.94
endloop
endfacet
facet normal -0.19770001394705347 0.9802625691544764 0
outer loop
vertex 7868.77 9797.58 599.95
vertex 7853.3 9794.460000000001 199.94
vertex 7853.3 9794.460000000001 599.95
endloop
endfacet
facet normal -0.11588069956016406 0.9932631390872446 0
outer loop
vertex 7884.37 9799.4 599.95
vertex 7884.37 9799.4 199.94
vertex 7868.77 9797.58 199.94
endloop
endfacet
facet normal -0.11588069956016406 0.9932631390872446 0
outer loop
vertex 7884.37 9799.4 599.95
vertex 7868.77 9797.58 199.94
vertex 7868.77 9797.58 599.95
endloop
endfacet
facet normal -0.04163054471227341 0.9991330730923482 0
outer loop
vertex 7899.97 9800.050000000001 599.95
vertex 7899.97 9800.050000000001 199.94
vertex 7884.37 9799.4 199.94
endloop
endfacet
facet normal -0.04163054471227341 0.9991330730923482 0
outer loop
vertex 7899.97 9800.050000000001 599.95
vertex 7884.37 9799.4 199.94
vertex 7884.37 9799.4 599.95
endloop
endfacet
facet normal 1 0 0
outer loop
vertex 7300.02 9599.98 599.95
vertex 7300.02 7899.97 599.95
vertex 7300.02 7899.97 199.94
endloop
endfacet
facet normal 1 0 0
outer loop
vertex 7300.02 9599.98 599.95
vertex 7300.02 7899.97 199.94
vertex 7300.02 9599.98 199.94
endloop
endfacet
facet normal -1 0 0
outer loop
vertex 7700.030000000001 7899.97 199.94
vertex 7700.030000000001 7899.97 599.95
vertex 7700.030000000001 9599.98 599.95
endloop
endfacet
facet normal -1 0 0
outer loop
vertex 7700.030000000001 7899.97 199.94
vertex 7700.030000000001 9599.98 599.95
vertex 7700.030000000001 9599.98 199.94
endloop
endfacet
facet normal 0.9992529974336929 0.038645143547152885 0
outer loop
vertex 7301.84 7852.91 599.95
vertex 7301.84 7852.91 199.94
vertex 7300.02 7899.97 199.94
endloop
endfacet
facet normal 0.9992529974336929 0.038645143547152885 0
outer loop
vertex 7301.84 7852.91 599.95
vertex 7300.02 7899.97 199.94
vertex 7300.02 7899.97 599.95
endloop
endfacet
facet normal 0.9929419460019544 0.11860139910579394 0
outer loop
vertex 7307.43 7806.110000000001 599.95
vertex 7307.43 7806.110000000001 199.94
vertex 7301.84 7852.91 199.94
endloop
endfacet
facet normal 0.9929419460019544 0.11860139910579394 0
outer loop
vertex 7307.43 7806.110000000001 599.95
vertex 7301.84 7852.91 199.94
vertex 7301.84 7852.91 599.95
endloop
endfacet
facet normal 0.9811085529868423 0.19345802453262226 0
outer loop
vertex 7316.530000000001 7759.96 599.95
vertex 7316.530000000001 7759.96 199.94
vertex 7307.43 7806.110000000001 199.94
endloop
endfacet
facet normal 0.9811085529868423 0.19345802453262226 0
outer loop
vertex 7316.530000000001 7759.96 599.95
vertex 7307.43 7806.110000000001 199.94
vertex 7307.43 7806.110000000001 599.95
endloop
endfacet
facet normal 0.9620423316785605 0.2729002602755785 0
outer loop
vertex 7329.400000000001 7714.59 599.95
vertex 7329.400000000001 7714.59 199.94
vertex 7316.530000000001 7759.96 199.94
endloop
endfacet
facet normal 0.9620423316785605 0.2729002602755785 0
outer loop
vertex 7329.400000000001 7714.59 599.95
vertex 7316.530000000001 7759.96 199.94
vertex 7316.530000000001 7759.96 599.95
endloop
endfacet
facet normal 0.9385785533962556 0.3450656446309777 0
outer loop
vertex 7345.650000000001 7670.39 599.95
vertex 7345.650000000001 7670.39 199.94
vertex 7329.400000000001 7714.59 199.94
endloop
endfacet
facet normal 0.9385785533962556 0.3450656446309777 0
outer loop
vertex 7345.650000000001 7670.39 599.95
vertex 7329.400000000001 7714.59 199.94
vertex 7329.400000000001 7714.59 599.95
endloop
endfacet
facet normal 0.9077977991761057 0.41940810174699644 0
outer loop
vertex 7365.41 7627.62 599.95
vertex 7365.41 7627.62 199.94
vertex 7345.650000000001 7670.39 199.94
endloop
endfacet
facet normal 0.9077977991761057 0.41940810174699644 0
outer loop
vertex 7365.41 7627.62 599.95
vertex 7345.650000000001 7670.39 199.94
vertex 7345.650000000001 7670.39 599.95
endloop
endfacet
facet normal 0.8724589312124857 0.48868743931839154 0
outer loop
vertex 7388.42 7586.54 599.95
vertex 7388.42 7586.54 199.94
vertex 7365.41 7627.62 199.94
endloop
endfacet
facet normal 0.8724589312124857 0.48868743931839154 0
outer loop
vertex 7388.42 7586.54 599.95
vertex 7365.41 7627.62 199.94
vertex 7365.41 7627.62 599.95
endloop
endfacet
facet normal 0.8324741337661367 0.5540639102218449 0
outer loop
vertex 7414.55 7547.280000000001 599.95
vertex 7414.55 7547.280000000001 199.94
vertex 7388.42 7586.54 199.94
endloop
endfacet
facet normal 0.8324741337661367 0.5540639102218449 0
outer loop
vertex 7414.55 7547.280000000001 599.95
vertex 7388.42 7586.54 199.94
vertex 7388.42 7586.54 599.95
endloop
endfacet
facet normal 0.7838219152423451 0.620985672287068 0
outer loop
vertex 7443.8 7510.360000000001 599.95
vertex 7443.8 7510.360000000001 199.94
vertex 7414.55 7547.280000000001 199.94
endloop
endfacet
facet normal 0.7838219152423451 0.620985672287068 0
outer loop
vertex 7443.8 7510.360000000001 599.95
vertex 7414.55 7547.280000000001 199.94
vertex 7414.55 7547.280000000001 599.95
endloop
endfacet
facet normal 0.7341682274289183 0.6789676088252516 0
outer loop
vertex 7475.780000000001 7475.780000000001 599.95
vertex 7475.780000000001 7475.780000000001 199.94
vertex 7443.8 7510.360000000001 199.94
endloop
endfacet
facet normal 0.7341682274289183 0.6789676088252516 0
outer loop
vertex 7475.780000000001 7475.780000000001 599.95
vertex 7443.8 7510.360000000001 199.94
vertex 7443.8 7510.360000000001 599.95
endloop
endfacet
facet normal 0.6789676088252516 0.7341682274289183 0
outer loop
vertex 7510.360000000001 7443.8 599.95
vertex 7510.360000000001 7443.8 199.94
vertex 7475.780000000001 7475.780000000001 199.94
endloop
endfacet
facet normal 0.6789676088252516 0.7341682274289183 0
outer loop
vertex 7510.360000000001 7443.8 599.95
vertex 7475.780000000001 7475.780000000001 199.94
vertex 7475.780000000001 7475.780000000001 599.95
endloop
endfacet
facet normal 0.620985672287068 0.7838219152423451 0
outer loop
vertex 7547.280000000001 7414.55 599.95
vertex 7547.280000000001 7414.55 199.94
vertex 7510.360000000001 7443.8 199.94
endloop
endfacet
facet normal 0.620985672287068 0.7838219152423451 0
outer loop
vertex 7547.280000000001 7414.55 599.95
vertex 7510.360000000001 7443.8 199.94
vertex 7510.360000000001 7443.8 599.95
endloop
endfacet
facet normal 0.5540639102218449 0.8324741337661367 0
outer loop
vertex 7586.54 7388.42 599.95
vertex 7586.54 7388.42 199.94
vertex 7547.280000000001 7414.55 199.94
endloop
endfacet
facet normal 0.5540639102218449 0.8324741337661367 0
outer loop
vertex 7586.54 7388.42 599.95
vertex 7547.280000000001 7414.55 199.94
vertex 7547.280000000001 7414.55 599.95
endloop
endfacet
facet normal 0.48868743931839154 0.8724589312124857 0
outer loop
vertex 7627.62 7365.41 599.95
vertex 7627.62 7365.41 199.94
vertex 7586.54 7388.42 199.94
endloop
endfacet
facet normal 0.48868743931839154 0.8724589312124857 0
outer loop
vertex 7627.62 7365.41 599.95
vertex 7586.54 7388.42 199.94
vertex 7586.54 7388.42 599.95
endloop
endfacet
facet normal 0.41940810174699644 0.9077977991761057 0
outer loop
vertex 7670.39 7345.650000000001 599.95
vertex 7670.39 7345.650000000001 199.94
vertex 7627.62 7365.41 199.94
endloop
endfacet
facet normal 0.41940810174699644 0.9077977991761057 0
outer loop
vertex 7670.39 7345.650000000001 599.95
vertex 7627.62 7365.41 199.94
vertex 7627.62 7365.41 599.95
endloop
endfacet
facet normal 0.3450656446309777 0.9385785533962556 0
outer loop
vertex 7714.59 7329.400000000001 599.95
vertex 7714.59 7329.400000000001 199.94
vertex 7670.39 7345.650000000001 199.94
endloop
endfacet
facet normal 0.3450656446309777 0.9385785533962556 0
outer loop
vertex 7714.59 7329.400000000001 599.95
vertex 7670.39 7345.650000000001 199.94
vertex 7670.39 7345.650000000001 599.95
endloop
endfacet
facet normal 0.2729002602755785 0.9620423316785605 0
outer loop
vertex 7759.96 7316.530000000001 599.95
vertex 7759.96 7316.530000000001 199.94
vertex 7714.59 7329.400000000001 199.94
endloop
endfacet
facet normal 0.2729002602755785 0.9620423316785605 0
outer loop
vertex 7759.96 7316.530000000001 599.95
vertex 7714.59 7329.400000000001 199.94
vertex 7714.59 7329.400000000001 599.95
endloop
endfacet
facet normal 0.19345802453262226 0.9811085529868423 0
outer loop
vertex 7806.110000000001 7307.43 599.95
vertex 7806.110000000001 7307.43 199.94
vertex 7759.96 7316.530000000001 199.94
endloop
endfacet
facet normal 0.19345802453262226 0.9811085529868423 0
outer loop
vertex 7806.110000000001 7307.43 599.95
vertex 7759.96 7316.530000000001 199.94
vertex 7759.96 7316.530000000001 599.95
endloop
endfacet
facet normal 0.11860139910579394 0.9929419460019544 0
outer loop
vertex 7852.91 7301.84 599.95
vertex 7852.91 7301.84 199.94
vertex 7806.110000000001 7307.43 199.94
endloop
endfacet
facet normal 0.11860139910579394 0.9929419460019544 0
outer loop
vertex 7852.91 7301.84 599.95
vertex 7806.110000000001 7307.43 199.94
vertex 7806.110000000001 7307.43 599.95
endloop
endfacet
facet normal 0.038645143547152885 0.9992529974336929 0
outer loop
vertex 7899.97 7300.02 599.95
vertex 7899.97 7300.02 199.94
vertex 7852.91 7301.84 199.94
endloop
endfacet
facet normal 0.038645143547152885 0.9992529974336929 0
outer loop
vertex 7899.97 7300.02 599.95
vertex 7852.91 7301.84 199.94
vertex 7852.91 7301.84 599.95
endloop
endfacet
facet normal -0.0416305447121571 -0.999133073092353 0
outer loop
vertex 7884.37 7700.68 599.95
vertex 7884.37 7700.68 199.94
vertex 7899.97 7700.030000000001 199.94
endloop
endfacet
facet normal -0.0416305447121571 -0.999133073092353 0
outer loop
vertex 7884.37 7700.68 599.95
vertex 7899.97 7700.030000000001 199.94
vertex 7899.97 7700.030000000001 599.95
endloop
endfacet
facet normal -0.11588069956016406 -0.9932631390872446 0
outer loop
vertex 7868.77 7702.5 599.95
vertex 7868.77 7702.5 199.94
vertex 7884.37 7700.68 199.94
endloop
endfacet
facet normal -0.11588069956016406 -0.9932631390872446 0
outer loop
vertex 7868.77 7702.5 599.95
vertex 7884.37 7700.68 199.94
vertex 7884.37 7700.68 599.95
endloop
endfacet
facet normal -0.18976535975545974 -0.981829470038907 0
outer loop
vertex 7853.3 7705.490000000001 599.95
vertex 7853.3 7705.490000000001 199.94
vertex 7868.77 7702.5 199.94
endloop
endfacet
facet normal -0.18976535975545974 -0.981829470038907 0
outer loop
vertex 7853.3 7705.490000000001 599.95
vertex 7868.77 7702.5 199.94
vertex 7868.77 7702.5 599.95
endloop
endfacet
facet normal -0.27362582064116914 -0.961836218011386 0
outer loop
vertex 7838.22 7709.780000000001 599.95
vertex 7838.22 7709.780000000001 199.94
vertex 7853.3 7705.490000000001 199.94
endloop
endfacet
facet normal -0.27362582064116914 -0.961836218011386 0
outer loop
vertex 7838.22 7709.780000000001 599.95
vertex 7853.3 7705.490000000001 199.94
vertex 7853.3 7705.490000000001 599.95
endloop
endfacet
facet normal -0.34570535882736436 -0.9383431168171071 0
outer loop
vertex 7823.400000000001 7715.240000000001 599.95
vertex 7823.400000000001 7715.240000000001 199.94
vertex 7838.22 7709.780000000001 199.94
endloop
endfacet
facet normal -0.34570535882736436 -0.9383431168171071 0
outer loop
vertex 7823.400000000001 7715.240000000001 599.95
vertex 7838.22 7709.780000000001 199.94
vertex 7838.22 7709.780000000001 599.95
endloop
endfacet
facet normal -0.4169418232462485 -0.9089331746768263 0
outer loop
vertex 7809.2300000000005 7721.740000000001 599.95
vertex 7809.2300000000005 7721.740000000001 199.94
vertex 7823.400000000001 7715.240000000001 199.94
endloop
endfacet
facet normal -0.4169418232462485 -0.9089331746768263 0
outer loop
vertex 7809.2300000000005 7721.740000000001 599.95
vertex 7823.400000000001 7715.240000000001 199.94
vertex 7823.400000000001 7715.240000000001 599.95
endloop
endfacet
facet normal -0.4863426610291217 -0.8737681706626266 0
outer loop
vertex 7795.45 7729.41 599.95
vertex 7795.45 7729.41 199.94
vertex 7809.2300000000005 7721.740000000001 199.94
endloop
endfacet
facet normal -0.4863426610291217 -0.8737681706626266 0
outer loop
vertex 7795.45 7729.41 599.95
vertex 7809.2300000000005 7721.740000000001 199.94
vertex 7809.2300000000005 7721.740000000001 599.95
endloop
endfacet
facet normal -0.5623100214072855 -0.8269265020695238 0
outer loop
vertex 7782.45 7738.25 599.95
vertex 7782.45 7738.25 199.94
vertex 7795.45 7729.41 199.94
endloop
endfacet
facet normal -0.5623100214072855 -0.8269265020695238 0
outer loop
vertex 7782.45 7738.25 599.95
vertex 7795.45 7729.41 199.94
vertex 7795.45 7729.41 599.95
endloop
endfacet
facet normal -0.6145153610981583 -0.7889048554638259 0
outer loop
vertex 7770.1 7747.87 599.95
vertex 7770.1 7747.87 199.94
vertex 7782.45 7738.25 199.94
endloop
endfacet
facet normal -0.6145153610981583 -0.7889048554638259 0
outer loop
vertex 7770.1 7747.87 599.95
vertex 7782.45 7738.25 199.94
vertex 7782.45 7738.25 599.95
endloop
endfacet
facet normal -0.6775933956531421 -0.735436734306388 0
outer loop
vertex 7758.530000000001 7758.530000000001 599.95
vertex 7758.530000000001 7758.530000000001 199.94
vertex 7770.1 7747.87 199.94
endloop
endfacet
facet normal -0.6775933956531421 -0.735436734306388 0
outer loop
vertex 7758.530000000001 7758.530000000001 599.95
vertex 7770.1 7747.87 199.94
vertex 7770.1 7747.87 599.95
endloop
endfacet
facet normal -0.735436734306388 -0.6775933956531421 0
outer loop
vertex 7747.87 7770.1 599.95
vertex 7747.87 7770.1 199.94
vertex 7758.530000000001 7758.530000000001 199.94
endloop
endfacet
facet normal -0.735436734306388 -0.6775933956531421 0
outer loop
vertex 7747.87 7770.1 599.95
vertex 7758.530000000001 7758.530000000001 199.94
vertex 7758.530000000001 7758.530000000001 599.95
endloop
endfacet
facet normal -0.7889048554638259 -0.6145153610981583 0
outer loop
vertex 7738.25 7782.45 599.95
vertex 7738.25 7782.45 199.94
vertex 7747.87 7770.1 199.94
endloop
endfacet
facet normal -0.7889048554638259 -0.6145153610981583 0
outer loop
vertex 7738.25 7782.45 599.95
vertex 7747.87 7770.1 199.94
vertex 7747.87 7770.1 599.95
endloop
endfacet
facet normal -0.8269265020695238 -0.5623100214072855 0
outer loop
vertex 7729.41 7795.45 599.95
vertex 7729.41 7795.45 199.94
vertex 7738.25 7782.45 199.94
endloop
endfacet
facet normal -0.8269265020695238 -0.5623100214072855 0
outer loop
vertex 7729.41 7795.45 599.95
vertex 7738.25 7782.45 199.94
vertex 7738.25 7782.45 599.95
endloop
endfacet
facet normal -0.8737681706626266 -0.4863426610291217 0
outer loop
vertex 7721.740000000001 7809.2300000000005 599.95
vertex 7721.740000000001 7809.2300000000005 199.94
vertex 7729.41 7795.45 199.94
endloop
endfacet
facet normal -0.8737681706626266 -0.4863426610291217 0
outer loop
vertex 7721.740000000001 7809.2300000000005 599.95
vertex 7729.41 7795.45 199.94
vertex 7729.41 7795.45 599.95
endloop
endfacet
facet normal -0.9089331746768263 -0.4169418232462485 0
outer loop
vertex 7715.240000000001 7823.400000000001 599.95
vertex 7715.240000000001 7823.400000000001 199.94
vertex 7721.740000000001 7809.2300000000005 199.94
endloop
endfacet
facet normal -0.9089331746768263 -0.4169418232462485 0
outer loop
vertex 7715.240000000001 7823.400000000001 599.95
vertex 7721.740000000001 7809.2300000000005 199.94
vertex 7721.740000000001 7809.2300000000005 599.95
endloop
endfacet
facet normal -0.9383431168171071 -0.34570535882736436 0
outer loop
vertex 7709.780000000001 7838.22 599.95
vertex 7709.780000000001 7838.22 199.94
vertex 7715.240000000001 7823.400000000001 199.94
endloop
endfacet
facet normal -0.9383431168171071 -0.34570535882736436 0
outer loop
vertex 7709.780000000001 7838.22 599.95
vertex 7715.240000000001 7823.400000000001 199.94
vertex 7715.240000000001 7823.400000000001 599.95
endloop
endfacet
facet normal -0.961836218011386 -0.27362582064116914 0
outer loop
vertex 7705.490000000001 7853.3 599.95
vertex 7705.490000000001 7853.3 199.94
vertex 7709.780000000001 7838.22 199.94
endloop
endfacet
facet normal -0.961836218011386 -0.27362582064116914 0
outer loop
vertex 7705.490000000001 7853.3 599.95
vertex 7709.780000000001 7838.22 199.94
vertex 7709.780000000001 7838.22 599.95
endloop
endfacet
facet normal -0.981829470038907 -0.18976535975545974 0
outer loop
vertex 7702.5 7868.77 599.95
vertex 7702.5 7868.77 199.94
vertex 7705.490000000001 7853.3 199.94
endloop
endfacet
facet normal -0.981829470038907 -0.18976535975545974 0
outer loop
vertex 7702.5 7868.77 599.95
vertex 7705.490000000001 7853.3 199.94
vertex 7705.490000000001 7853.3 599.95
endloop
endfacet
facet normal -0.9932631390872446 -0.11588069956016406 0
outer loop
vertex 7700.68 7884.37 599.95
vertex 7700.68 7884.37 199.94
vertex 7702.5 7868.77 199.94
endloop
endfacet
facet normal -0.9932631390872446 -0.11588069956016406 0
outer loop
vertex 7700.68 7884.37 599.95
vertex 7702.5 7868.77 199.94
vertex 7702.5 7868.77 599.95
endloop
endfacet
facet normal -0.999133073092353 -0.0416305447121571 0
outer loop
vertex 7700.030000000001 7899.97 599.95
vertex 7700.030000000001 7899.97 199.94
vertex 7700.68 7884.37 199.94
endloop
endfacet
facet normal -0.999133073092353 -0.0416305447121571 0
outer loop
vertex 7700.030000000001 7899.97 599.95
vertex 7700.68 7884.37 199.94
vertex 7700.68 7884.37 599.95
endloop
endfacet
facet normal 0 1 0
outer loop
vertex 6500 7300.02 599.95
vertex 6500 7300.02 199.94
vertex 4499.95 7300.02 199.94
endloop
endfacet
facet normal 0 1 0
outer loop
vertex 6500 7300.02 599.95
vertex 4499.95 7300.02 199.94
vertex 4499.95 7300.02 599.95
endloop
endfacet
facet normal 0 1 0
outer loop
vertex 9999.99 7300.02 599.95
vertex 9999.99 7300.02 199.94
vertex 7899.97 7300.02 199.94
endloop
endfacet
facet normal 0 1 0
outer loop
vertex 9999.99 7300.02 599.95
vertex 7899.97 7300.02 199.94
vertex 7899.97 7300.02 599.95
endloop
endfacet
facet normal 0 -1 0
outer loop
vertex 7899.97 7700.030000000001 599.95
vertex 7899.97 7700.030000000001 199.94
vertex 9999.99 7700.030000000001 199.94
endloop
endfacet
facet normal 0 -1 0
outer loop
vertex 7899.97 7700.030000000001 599.95
vertex 9999.99 7700.030000000001 199.94
vertex 9999.99 7700.030000000001 599.95
endloop
endfacet
facet normal 0 -0.9999999999999999 0
outer loop
vertex 4499.95 7700.030000000001 599.95
vertex 4499.95 7700.030000000001 199.94
vertex 6300.06 7700.030000000001 199.94
endloop
endfacet
facet normal 0 -0.9999999999999999 0
outer loop
vertex 4499.95 7700.030000000001 599.95
vertex 6300.06 7700.030000000001 199.94
vertex 6300.06 7700.030000000001 599.95
endloop
endfacet
facet normal 1 0 0
outer loop
vertex 4499.95 9800.050000000001 599.95
vertex 4499.95 9800.050000000001 199.94
vertex 4499.95 10200.06 199.94
endloop
endfacet
facet normal 1 0 0
outer loop
vertex 4499.95 9800.050000000001 599.95
vertex 4499.95 10200.06 199.94
vertex 4499.95 10200.06 599.95
endloop
endfacet
facet normal 1 0 0
outer loop
vertex 4499.95 7300.02 599.95
vertex 4499.95 7300.02 199.94
vertex 4499.95 7700.030000000001 199.94
endloop
endfacet
facet normal 1 0 0
outer loop
vertex 4499.95 7300.02 599.95
vertex 4499.95 7700.030000000001 199.94
vertex 4499.95 7700.030000000001 599.95
endloop
endfacet
facet normal -0.9989272144999906 -0.046307884115883796 0
outer loop
vertex 6699.9400000000005 9999.99 199.94
vertex 6699.9400000000005 9999.99 599.95
vertex 6699.030000000001 10019.62 599.95
endloop
endfacet
facet normal -0.9989272144999906 -0.046307884115883796 0
outer loop
vertex 6699.9400000000005 9999.99 199.94
vertex 6699.030000000001 10019.62 599.95
vertex 6699.030000000001 10019.62 199.94
endloop
endfacet
facet normal -0.989274641152322 -0.14606739668024604 0
outer loop
vertex 6699.030000000001 10019.62 199.94
vertex 6699.030000000001 10019.62 599.95
vertex 6696.17 10038.99 599.95
endloop
endfacet
facet normal -0.989274641152322 -0.14606739668024604 0
outer loop
vertex 6699.030000000001 10019.62 199.94
vertex 6696.17 10038.99 599.95
vertex 6696.17 10038.99 199.94
endloop
endfacet
facet normal -0.9697532018619776 -0.24408754060468216 0
outer loop
vertex 6696.17 10038.99 199.94
vertex 6696.17 10038.99 599.95
vertex 6691.360000000001 10058.1 599.95
endloop
endfacet
facet normal -0.9697532018619776 -0.24408754060468216 0
outer loop
vertex 6696.17 10038.99 199.94
vertex 6691.360000000001 10058.1 599.95
vertex 6691.360000000001 10058.1 199.94
endloop
endfacet
facet normal -0.9411406176553714 -0.3380152922565282 0
outer loop
vertex 6691.360000000001 10058.1 199.94
vertex 6691.360000000001 10058.1 599.95
vertex 6684.7300000000005 10076.56 599.95
endloop
endfacet
facet normal -0.9411406176553714 -0.3380152922565282 0
outer loop
vertex 6691.360000000001 10058.1 199.94
vertex 6684.7300000000005 10076.56 599.95
vertex 6684.7300000000005 10076.56 199.94
endloop
endfacet
facet normal -0.9048187022009845 -0.4257970363298997 0
outer loop
vertex 6684.7300000000005 10076.56 199.94
vertex 6684.7300000000005 10076.56 599.95
vertex 6676.41 10094.24 599.95
endloop
endfacet
facet normal -0.9048187022009845 -0.4257970363298997 0
outer loop
vertex 6684.7300000000005 10076.56 199.94
vertex 6676.41 10094.24 599.95
vertex 6676.41 10094.24 199.94
endloop
endfacet
facet normal -0.8574929257125767 -0.5144957554274723 0
outer loop
vertex 6676.41 10094.24 199.94
vertex 6676.41 10094.24 599.95
vertex 6666.27 10111.140000000001 599.95
endloop
endfacet
facet normal -0.8574929257125767 -0.5144957554274723 0
outer loop
vertex 6676.41 10094.24 199.94
vertex 6666.27 10111.140000000001 599.95
vertex 6666.27 10111.140000000001 199.94
endloop
endfacet
facet normal -0.8023809168082557 -0.5968122521714372 0
outer loop
vertex 6666.27 10111.140000000001 199.94
vertex 6666.27 10111.140000000001 599.95
vertex 6654.570000000001 10126.87 599.95
endloop
endfacet
facet normal -0.8023809168082557 -0.5968122521714372 0
outer loop
vertex 6666.27 10111.140000000001 199.94
vertex 6654.570000000001 10126.87 599.95
vertex 6654.570000000001 10126.87 199.94
endloop
endfacet
facet normal -0.7426343820859109 -0.6696970767025023 0
outer loop
vertex 6654.570000000001 10126.87 199.94
vertex 6654.570000000001 10126.87 599.95
vertex 6641.4400000000005 10141.43 599.95
endloop
endfacet
facet normal -0.7426343820859109 -0.6696970767025023 0
outer loop
vertex 6654.570000000001 10126.87 199.94
vertex 6641.4400000000005 10141.43 599.95
vertex 6641.4400000000005 10141.43 199.94
endloop
endfacet
facet normal -0.6696970767024536 -0.7426343820859548 0
outer loop
vertex 6641.4400000000005 10141.43 199.94
vertex 6641.4400000000005 10141.43 599.95
vertex 6626.88 10154.56 599.95
endloop
endfacet
facet normal -0.6696970767024536 -0.7426343820859548 0
outer loop
vertex 6641.4400000000005 10141.43 199.94
vertex 6626.88 10154.56 599.95
vertex 6626.88 10154.56 199.94
endloop
endfacet
facet normal -0.5968122521714669 -0.8023809168082334 0
outer loop
vertex 6626.88 10154.56 199.94
vertex 6626.88 10154.56 599.95
vertex 6611.150000000001 10166.26 599.95
endloop
endfacet
facet normal -0.5968122521714669 -0.8023809168082334 0
outer loop
vertex 6626.88 10154.56 199.94
vertex 6611.150000000001 10166.26 599.95
vertex 6611.150000000001 10166.26 199.94
endloop
endfacet
facet normal -0.5144957554274926 -0.8574929257125645 0
outer loop
vertex 6611.150000000001 10166.26 199.94
vertex 6611.150000000001 10166.26 599.95
vertex 6594.25 10176.4 599.95
endloop
endfacet
facet normal -0.5144957554274926 -0.8574929257125645 0
outer loop
vertex 6611.150000000001 10166.26 199.94
vertex 6594.25 10176.4 599.95
vertex 6594.25 10176.4 199.94
endloop
endfacet
facet normal -0.4257970363299558 -0.9048187022009583 0
outer loop
vertex 6594.25 10176.4 199.94
vertex 6594.25 10176.4 599.95
vertex 6576.570000000001 10184.720000000001 599.95
endloop
endfacet
facet normal -0.4257970363299558 -0.9048187022009583 0
outer loop
vertex 6594.25 10176.4 199.94
vertex 6576.570000000001 10184.720000000001 599.95
vertex 6576.570000000001 10184.720000000001 199.94
endloop
endfacet
facet normal -0.33801529225647237 -0.9411406176553914 0
outer loop
vertex 6576.570000000001 10184.720000000001 199.94
vertex 6576.570000000001 10184.720000000001 599.95
vertex 6558.110000000001 10191.35 599.95
endloop
endfacet
facet normal -0.33801529225647237 -0.9411406176553914 0
outer loop
vertex 6576.570000000001 10184.720000000001 199.94
vertex 6558.110000000001 10191.35 599.95
vertex 6558.110000000001 10191.35 199.94
endloop
endfacet
facet normal -0.24408754060468216 -0.9697532018619776 0
outer loop
vertex 6558.110000000001 10191.35 199.94
vertex 6558.110000000001 10191.35 599.95
vertex 6539 10196.16 599.95
endloop
endfacet
facet normal -0.24408754060468216 -0.9697532018619776 0
outer loop
vertex 6558.110000000001 10191.35 199.94
vertex 6539 10196.16 599.95
vertex 6539 10196.16 199.94
endloop
endfacet
facet normal -0.14606739668023933 -0.9892746411523231 0
outer loop
vertex 6539 10196.16 199.94
vertex 6539 10196.16 599.95
vertex 6519.63 10199.02 599.95
endloop
endfacet
facet normal -0.14606739668023933 -0.9892746411523231 0
outer loop
vertex 6539 10196.16 199.94
vertex 6519.63 10199.02 599.95
vertex 6519.63 10199.02 199.94
endloop
endfacet
facet normal -0.05290593379518571 -0.9985995003850439 0
outer loop
vertex 6519.63 10199.02 199.94
vertex 6519.63 10199.02 599.95
vertex 6500 10200.06 599.95
endloop
endfacet
facet normal -0.05290593379518571 -0.9985995003850439 0
outer loop
vertex 6519.63 10199.02 199.94
vertex 6500 10200.06 599.95
vertex 6500 10200.06 199.94
endloop
endfacet
facet normal -1 0 0
outer loop
vertex 6699.9400000000005 8750.04 400.01
vertex 6699.9400000000005 9800.050000000001 199.94
vertex 6699.9400000000005 7700.030000000001 199.94
endloop
endfacet
facet normal -1 0 0
outer loop
vertex 6699.9400000000005 8750.04 400.01
vertex 6699.9400000000005 7700.030000000001 199.94
vertex 6699.9400000000005 7499.96 199.94
endloop
endfacet
facet normal -1 0 0
outer loop
vertex 6699.9400000000005 8750.04 400.01
vertex 6699.9400000000005 7499.96 199.94
vertex 6699.9400000000005 7499.96 599.95
endloop
endfacet
facet normal -1 0 0
outer loop
vertex 6699.9400000000005 8750.04 400.01
vertex 6699.9400000000005 7499.96 599.95
vertex 6699.9400000000005 7700.030000000001 599.95
endloop
endfacet
facet normal -1 0 0
outer loop
vertex 6699.9400000000005 8750.04 400.01
vertex 6699.9400000000005 7700.030000000001 599.95
vertex 6699.9400000000005 9800.050000000001 599.95
endloop
endfacet
facet normal -1 0 0
outer loop
vertex 6699.9400000000005 8750.04 400.01
vertex 6699.9400000000005 9800.050000000001 599.95
vertex 6699.9400000000005 9999.99 599.95
endloop
endfacet
facet normal -0.9999999999999999 0 0
outer loop
vertex 6699.9400000000005 8750.04 400.01
vertex 6699.9400000000005 9999.99 599.95
vertex 6699.9400000000005 9999.99 199.94
endloop
endfacet
facet normal -1 0 0
outer loop
vertex 6699.9400000000005 8750.04 400.01
vertex 6699.9400000000005 9999.99 199.94
vertex 6699.9400000000005 9800.050000000001 199.94
endloop
endfacet
facet normal -0.046307884115885926 0.9989272144999902 0
outer loop
vertex 6500 7300.02 199.94
vertex 6500 7300.02 599.95
vertex 6519.63 7300.93 599.95
endloop
endfacet
facet normal -0.046307884115885926 0.9989272144999902 0
outer loop
vertex 6500 7300.02 199.94
vertex 6519.63 7300.93 599.95
vertex 6519.63 7300.93 199.94
endloop
endfacet
facet normal -0.1460673966801939 0.9892746411523299 0
outer loop
vertex 6519.63 7300.93 199.94
vertex 6519.63 7300.93 599.95
vertex 6539 7303.79 599.95
endloop
endfacet
facet normal -0.1460673966801939 0.9892746411523299 0
outer loop
vertex 6519.63 7300.93 199.94
vertex 6539 7303.79 599.95
vertex 6539 7303.79 199.94
endloop
endfacet
facet normal -0.24408754060472557 0.9697532018619667 0
outer loop
vertex 6539 7303.79 199.94
vertex 6539 7303.79 599.95
vertex 6558.110000000001 7308.6 599.95
endloop
endfacet
facet normal -0.24408754060472557 0.9697532018619667 0
outer loop
vertex 6539 7303.79 199.94
vertex 6558.110000000001 7308.6 599.95
vertex 6558.110000000001 7308.6 199.94
endloop
endfacet
facet normal -0.3380152922565135 0.9411406176553767 0
outer loop
vertex 6558.110000000001 7308.6 199.94
vertex 6558.110000000001 7308.6 599.95
vertex 6576.570000000001 7315.2300000000005 599.95
endloop
endfacet
facet normal -0.3380152922565135 0.9411406176553767 0
outer loop
vertex 6558.110000000001 7308.6 199.94
vertex 6576.570000000001 7315.2300000000005 599.95
vertex 6576.570000000001 7315.2300000000005 199.94
endloop
endfacet
facet normal -0.4312207353143306 0.9022464615807411 0
outer loop
vertex 6576.570000000001 7315.2300000000005 199.94
vertex 6576.570000000001 7315.2300000000005 599.95
vertex 6594.25 7323.68 599.95
endloop
endfacet
facet normal -0.4312207353143306 0.9022464615807411 0
outer loop
vertex 6576.570000000001 7315.2300000000005 199.94
vertex 6594.25 7323.68 599.95
vertex 6594.25 7323.68 199.94
endloop
endfacet
facet normal -0.5096209594142456 0.8603990223876964 0
outer loop
vertex 6594.25 7323.68 199.94
vertex 6594.25 7323.68 599.95
vertex 6611.150000000001 7333.6900000000005 599.95
endloop
endfacet
facet normal -0.5096209594142456 0.8603990223876964 0
outer loop
vertex 6594.25 7323.68 199.94
vertex 6611.150000000001 7333.6900000000005 599.95
vertex 6611.150000000001 7333.6900000000005 199.94
endloop
endfacet
facet normal -0.5968122521714372 0.8023809168082557 0
outer loop
vertex 6611.150000000001 7333.6900000000005 199.94
vertex 6611.150000000001 7333.6900000000005 599.95
vertex 6626.88 7345.39 599.95
endloop
endfacet
facet normal -0.5968122521714372 0.8023809168082557 0
outer loop
vertex 6611.150000000001 7333.6900000000005 199.94
vertex 6626.88 7345.39 599.95
vertex 6626.88 7345.39 199.94
endloop
endfacet
facet normal -0.6696970767024792 0.7426343820859318 0
outer loop
vertex 6626.88 7345.39 199.94
vertex 6626.88 7345.39 599.95
vertex 6641.4400000000005 7358.52 599.95
endloop
endfacet
facet normal -0.6696970767024792 0.7426343820859318 0
outer loop
vertex 6626.88 7345.39 199.94
vertex 6641.4400000000005 7358.52 599.95
vertex 6641.4400000000005 7358.52 199.94
endloop
endfacet
facet normal -0.7426343820859109 0.6696970767025023 0
outer loop
vertex 6641.4400000000005 7358.52 199.94
vertex 6641.4400000000005 7358.52 599.95
vertex 6654.570000000001 7373.08 599.95
endloop
endfacet
facet normal -0.7426343820859109 0.6696970767025023 0
outer loop
vertex 6641.4400000000005 7358.52 199.94
vertex 6654.570000000001 7373.08 599.95
vertex 6654.570000000001 7373.08 199.94
endloop
endfacet
facet normal -0.8047241302840948 0.5936489485702028 0
outer loop
vertex 6654.570000000001 7373.08 199.94
vertex 6654.570000000001 7373.08 599.95
vertex 6666.27 7388.9400000000005 599.95
endloop
endfacet
facet normal -0.8047241302840948 0.5936489485702028 0
outer loop
vertex 6654.570000000001 7373.08 199.94
vertex 6666.27 7388.9400000000005 599.95
vertex 6666.27 7388.9400000000005 199.94
endloop
endfacet
facet normal -0.8557319835805973 0.5174193389091832 0
outer loop
vertex 6666.27 7388.9400000000005 199.94
vertex 6666.27 7388.9400000000005 599.95
vertex 6676.41 7405.71 599.95
endloop
endfacet
facet normal -0.8557319835805973 0.5174193389091832 0
outer loop
vertex 6666.27 7388.9400000000005 199.94
vertex 6676.41 7405.71 599.95
vertex 6676.41 7405.71 199.94
endloop
endfacet
facet normal -0.9060141162433736 0.42324747036188987 0
outer loop
vertex 6676.41 7405.71 199.94
vertex 6676.41 7405.71 599.95
vertex 6684.7300000000005 7423.52 599.95
endloop
endfacet
facet normal -0.9060141162433736 0.42324747036188987 0
outer loop
vertex 6676.41 7405.71 199.94
vertex 6684.7300000000005 7423.52 599.95
vertex 6684.7300000000005 7423.52 199.94
endloop
endfacet
facet normal -0.9411406176553767 0.3380152922565135 0
outer loop
vertex 6684.7300000000005 7423.52 199.94
vertex 6684.7300000000005 7423.52 599.95
vertex 6691.360000000001 7441.9800000000005 599.95
endloop
endfacet
facet normal -0.9411406176553767 0.3380152922565135 0
outer loop
vertex 6684.7300000000005 7423.52 199.94
vertex 6691.360000000001 7441.9800000000005 599.95
vertex 6691.360000000001 7441.9800000000005 199.94
endloop
endfacet
facet normal -0.9693563597868492 0.2456588035076058 0
outer loop
vertex 6691.360000000001 7441.9800000000005 199.94
vertex 6691.360000000001 7441.9800000000005 599.95
vertex 6696.17 7460.96 599.95
endloop
endfacet
facet normal -0.9693563597868492 0.2456588035076058 0
outer loop
vertex 6691.360000000001 7441.9800000000005 199.94
vertex 6696.17 7460.96 599.95
vertex 6696.17 7460.96 199.94
endloop
endfacet
facet normal -0.9894149142837008 0.14511418742830565 0
outer loop
vertex 6696.17 7460.96 199.94
vertex 6696.17 7460.96 599.95
vertex 6699.030000000001 7480.46 599.95
endloop
endfacet
facet normal -0.9894149142837008 0.14511418742830565 0
outer loop
vertex 6696.17 7460.96 199.94
vertex 6699.030000000001 7480.46 599.95
vertex 6699.030000000001 7480.46 199.94
endloop
endfacet
facet normal -0.9989128864080867 0.0466159346990366 0
outer loop
vertex 6699.030000000001 7480.46 199.94
vertex 6699.030000000001 7480.46 599.95
vertex 6699.9400000000005 7499.96 599.95
endloop
endfacet
facet normal -0.9989128864080867 0.0466159346990366 0
outer loop
vertex 6699.030000000001 7480.46 199.94
vertex 6699.9400000000005 7499.96 599.95
vertex 6699.9400000000005 7499.96 199.94
endloop
endfacet
facet normal 1 0 0
outer loop
vertex 6300.06 7700.030000000001 599.95
vertex 6300.06 7700.030000000001 199.94
vertex 6300.06 9800.050000000001 199.94
endloop
endfacet
facet normal 1 0 0
outer loop
vertex 6300.06 7700.030000000001 599.95
vertex 6300.06 9800.050000000001 199.94
vertex 6300.06 9800.050000000001 599.95
endloop
endfacet
facet normal 1 0 0
outer loop
vertex 10599.94 9800.050000000001 599.95
vertex 10599.94 9800.050000000001 199.94
vertex 10599.94 10200.06 199.94
endloop
endfacet
facet normal 1 0 0
outer loop
vertex 10599.94 9800.050000000001 599.95
vertex 10599.94 10200.06 199.94
vertex 10599.94 10200.06 599.95
endloop
endfacet
facet normal 1 0 0
outer loop
vertex 10599.94 7399.990000000001 599.95
vertex 10599.94 7399.990000000001 199.94
vertex 10599.94 7800 199.94
endloop
endfacet
facet normal 1 0 0
outer loop
vertex 10599.94 7399.990000000001 599.95
vertex 10599.94 7800 199.94
vertex 10599.94 7800 599.95
endloop
endfacet
facet normal 0.04128707954570735 0.9991473250039689 0
outer loop
vertex 12215.710000000001 9799.4 599.95
vertex 12215.710000000001 9799.4 199.94
vertex 12199.98 9800.050000000001 199.94
endloop
endfacet
facet normal 0.04128707954570735 0.9991473250039689 0
outer loop
vertex 12215.710000000001 9799.4 599.95
vertex 12199.98 9800.050000000001 199.94
vertex 12199.98 9800.050000000001 599.95
endloop
endfacet
facet normal 0.1158806995601574 0.9932631390872454 0
outer loop
vertex 12231.310000000001 9797.58 599.95
vertex 12231.310000000001 9797.58 199.94
vertex 12215.710000000001 9799.4 199.94
endloop
endfacet
facet normal 0.1158806995601574 0.9932631390872454 0
outer loop
vertex 12231.310000000001 9797.58 599.95
vertex 12215.710000000001 9799.4 199.94
vertex 12215.710000000001 9799.4 599.95
endloop
endfacet
facet normal 0.19930915164893434 0.9799366622741402 0
outer loop
vertex 12246.65 9794.460000000001 599.95
vertex 12246.65 9794.460000000001 199.94
vertex 12231.310000000001 9797.58 199.94
endloop
endfacet
facet normal 0.19930915164893434 0.9799366622741402 0
outer loop
vertex 12246.65 9794.460000000001 599.95
vertex 12231.310000000001 9797.58 199.94
vertex 12231.310000000001 9797.58 599.95
endloop
endfacet
facet normal 0.2714601650218417 0.9624496759863937 0
outer loop
vertex 12261.86 9790.17 599.95
vertex 12261.86 9790.17 199.94
vertex 12246.65 9794.460000000001 199.94
endloop
endfacet
facet normal 0.2714601650218417 0.9624496759863937 0
outer loop
vertex 12261.86 9790.17 599.95
vertex 12246.65 9794.460000000001 199.94
vertex 12246.65 9794.460000000001 599.95
endloop
endfacet
facet normal 0.3410750356311436 0.9400360738127096 0
outer loop
vertex 12276.550000000001 9784.84 599.95
vertex 12276.550000000001 9784.84 199.94
vertex 12261.86 9790.17 199.94
endloop
endfacet
facet normal 0.3410750356311436 0.9400360738127096 0
outer loop
vertex 12276.550000000001 9784.84 599.95
vertex 12261.86 9790.17 199.94
vertex 12261.86 9790.17 599.95
endloop
endfacet
facet normal 0.42062660362553467 0.9072338509570989 0
outer loop
vertex 12290.85 9778.210000000001 599.95
vertex 12290.85 9778.210000000001 199.94
vertex 12276.550000000001 9784.84 199.94
endloop
endfacet
facet normal 0.42062660362553467 0.9072338509570989 0
outer loop
vertex 12290.85 9778.210000000001 599.95
vertex 12276.550000000001 9784.84 199.94
vertex 12276.550000000001 9784.84 599.95
endloop
endfacet
facet normal 0.4898669898285797 0.8717971852881187 0
outer loop
vertex 12304.5 9770.54 599.95
vertex 12304.5 9770.54 199.94
vertex 12290.85 9778.210000000001 199.94
endloop
endfacet
facet normal 0.4898669898285797 0.8717971852881187 0
outer loop
vertex 12304.5 9770.54 599.95
vertex 12290.85 9778.210000000001 199.94
vertex 12290.85 9778.210000000001 599.95
endloop
endfacet
facet normal 0.5566158852405897 0.8307699779709391 0
outer loop
vertex 12317.5 9761.83 599.95
vertex 12317.5 9761.83 199.94
vertex 12304.5 9770.54 199.94
endloop
endfacet
facet normal 0.5566158852405897 0.8307699779709391 0
outer loop
vertex 12317.5 9761.83 599.95
vertex 12304.5 9770.54 199.94
vertex 12304.5 9770.54 599.95
endloop
endfacet
facet normal 0.6196442885790094 0.7848827655334352 0
outer loop
vertex 12329.85 9752.08 599.95
vertex 12329.85 9752.08 199.94
vertex 12317.5 9761.83 199.94
endloop
endfacet
facet normal 0.6196442885790094 0.7848827655334352 0
outer loop
vertex 12329.85 9752.08 599.95
vertex 12317.5 9761.83 199.94
vertex 12317.5 9761.83 599.95
endloop
endfacet
facet normal 0.6775933956531107 0.7354367343064165 0
outer loop
vertex 12341.42 9741.42 599.95
vertex 12341.42 9741.42 199.94
vertex 12329.85 9752.08 199.94
endloop
endfacet
facet normal 0.6775933956531107 0.7354367343064165 0
outer loop
vertex 12341.42 9741.42 599.95
vertex 12329.85 9752.08 199.94
vertex 12329.85 9752.08 599.95
endloop
endfacet
facet normal 0.7354367343064165 0.6775933956531107 0
outer loop
vertex 12352.08 9729.85 599.95
vertex 12352.08 9729.85 199.94
vertex 12341.42 9741.42 199.94
endloop
endfacet
facet normal 0.7354367343064165 0.6775933956531107 0
outer loop
vertex 12352.08 9729.85 599.95
vertex 12341.42 9741.42 199.94
vertex 12341.42 9741.42 599.95
endloop
endfacet
facet normal 0.7848827655334352 0.6196442885790094 0
outer loop
vertex 12361.83 9717.5 599.95
vertex 12361.83 9717.5 199.94
vertex 12352.08 9729.85 199.94
endloop
endfacet
facet normal 0.7848827655334352 0.6196442885790094 0
outer loop
vertex 12361.83 9717.5 599.95
vertex 12352.08 9729.85 199.94
vertex 12352.08 9729.85 599.95
endloop
endfacet
facet normal 0.8307699779709391 0.5566158852405897 0
outer loop
vertex 12370.54 9704.5 599.95
vertex 12370.54 9704.5 199.94
vertex 12361.83 9717.5 199.94
endloop
endfacet
facet normal 0.8307699779709391 0.5566158852405897 0
outer loop
vertex 12370.54 9704.5 599.95
vertex 12361.83 9717.5 199.94
vertex 12361.83 9717.5 599.95
endloop
endfacet
facet normal 0.8717971852881187 0.4898669898285797 0
outer loop
vertex 12378.210000000001 9690.85 599.95
vertex 12378.210000000001 9690.85 199.94
vertex 12370.54 9704.5 199.94
endloop
endfacet
facet normal 0.8717971852881187 0.4898669898285797 0
outer loop
vertex 12378.210000000001 9690.85 599.95
vertex 12370.54 9704.5 199.94
vertex 12370.54 9704.5 599.95
endloop
endfacet
facet normal 0.9072338509570989 0.42062660362553467 0
outer loop
vertex 12384.84 9676.550000000001 599.95
vertex 12384.84 9676.550000000001 199.94
vertex 12378.210000000001 9690.85 199.94
endloop
endfacet
facet normal 0.9072338509570989 0.42062660362553467 0
outer loop
vertex 12384.84 9676.550000000001 599.95
vertex 12378.210000000001 9690.85 199.94
vertex 12378.210000000001 9690.85 599.95
endloop
endfacet
facet normal 0.9400360738127096 0.3410750356311436 0
outer loop
vertex 12390.17 9661.86 599.95
vertex 12390.17 9661.86 199.94
vertex 12384.84 9676.550000000001 199.94
endloop
endfacet
facet normal 0.9400360738127096 0.3410750356311436 0
outer loop
vertex 12390.17 9661.86 599.95
vertex 12384.84 9676.550000000001 199.94
vertex 12384.84 9676.550000000001 599.95
endloop
endfacet
facet normal 0.9624496759863937 0.2714601650218417 0
outer loop
vertex 12394.460000000001 9646.65 599.95
vertex 12394.460000000001 9646.65 199.94
vertex 12390.17 9661.86 199.94
endloop
endfacet
facet normal 0.9624496759863937 0.2714601650218417 0
outer loop
vertex 12394.460000000001 9646.65 599.95
vertex 12390.17 9661.86 199.94
vertex 12390.17 9661.86 599.95
endloop
endfacet
facet normal 0.9799366622741447 0.1993091516489116 0
outer loop
vertex 12397.58 9631.31 599.95
vertex 12397.58 9631.31 199.94
vertex 12394.460000000001 9646.65 199.94
endloop
endfacet
facet normal 0.9799366622741447 0.1993091516489116 0
outer loop
vertex 12397.58 9631.31 599.95
vertex 12394.460000000001 9646.65 199.94
vertex 12394.460000000001 9646.65 599.95
endloop
endfacet
facet normal 0.9932631390872437 0.11588069956017072 0
outer loop
vertex 12399.4 9615.710000000001 599.95
vertex 12399.4 9615.710000000001 199.94
vertex 12397.58 9631.31 199.94
endloop
endfacet
facet normal 0.9932631390872437 0.11588069956017072 0
outer loop
vertex 12399.4 9615.710000000001 599.95
vertex 12397.58 9631.31 199.94
vertex 12397.58 9631.31 599.95
endloop
endfacet
facet normal 0.9991473250039689 0.04128707954570735 0
outer loop
vertex 12400.050000000001 9599.98 599.95
vertex 12400.050000000001 9599.98 199.94
vertex 12399.4 9615.710000000001 199.94
endloop
endfacet
facet normal 0.9991473250039689 0.04128707954570735 0
outer loop
vertex 12400.050000000001 9599.98 599.95
vertex 12399.4 9615.710000000001 199.94
vertex 12399.4 9615.710000000001 599.95
endloop
endfacet
facet normal -0.9991426136508537 -0.04140093702974581 0
outer loop
vertex 12798.11 9647.04 599.95
vertex 12798.11 9647.04 199.94
vertex 12800.060000000001 9599.98 199.94
endloop
endfacet
facet normal -0.9991426136508537 -0.04140093702974581 0
outer loop
vertex 12798.11 9647.04 599.95
vertex 12800.060000000001 9599.98 199.94
vertex 12800.060000000001 9599.98 599.95
endloop
endfacet
facet normal -0.9932631390872405 -0.11588069956019996 0
outer loop
vertex 12792.65 9693.84 599.95
vertex 12792.65 9693.84 199.94
vertex 12798.11 9647.04 199.94
endloop
endfacet
facet normal -0.9932631390872405 -0.11588069956019996 0
outer loop
vertex 12792.65 9693.84 599.95
vertex 12798.11 9647.04 199.94
vertex 12798.11 9647.04 599.95
endloop
endfacet
facet normal -0.9806864840258493 -0.195586349342222 0
outer loop
vertex 12783.42 9740.12 599.95
vertex 12783.42 9740.12 199.94
vertex 12792.65 9693.84 199.94
endloop
endfacet
facet normal -0.9806864840258493 -0.195586349342222 0
outer loop
vertex 12783.42 9740.12 599.95
vertex 12792.65 9693.84 199.94
vertex 12792.65 9693.84 599.95
endloop
endfacet
facet normal -0.9625607734827633 -0.27106596494629204 0
outer loop
vertex 12770.68 9785.36 599.95
vertex 12770.68 9785.36 199.94
vertex 12783.42 9740.12 199.94
endloop
endfacet
facet normal -0.9625607734827633 -0.27106596494629204 0
outer loop
vertex 12770.68 9785.36 599.95
vertex 12783.42 9740.12 199.94
vertex 12783.42 9740.12 599.95
endloop
endfacet
facet normal -0.9376822082003106 -0.34749399480363613 0
outer loop
vertex 12754.300000000001 9829.56 599.95
vertex 12754.300000000001 9829.56 199.94
vertex 12770.68 9785.36 199.94
endloop
endfacet
facet normal -0.9376822082003106 -0.34749399480363613 0
outer loop
vertex 12754.300000000001 9829.56 599.95
vertex 12770.68 9785.36 199.94
vertex 12770.68 9785.36 599.95
endloop
endfacet
facet normal -0.9077977991760983 -0.4194081017470123 0
outer loop
vertex 12734.54 9872.33 599.95
vertex 12734.54 9872.33 199.94
vertex 12754.300000000001 9829.56 199.94
endloop
endfacet
facet normal -0.9077977991760983 -0.4194081017470123 0
outer loop
vertex 12734.54 9872.33 599.95
vertex 12754.300000000001 9829.56 199.94
vertex 12754.300000000001 9829.56 599.95
endloop
endfacet
facet normal -0.8731159123044157 -0.4875126702772224 0
outer loop
vertex 12711.53 9913.54 599.95
vertex 12711.53 9913.54 199.94
vertex 12734.54 9872.33 199.94
endloop
endfacet
facet normal -0.8731159123044157 -0.4875126702772224 0
outer loop
vertex 12711.53 9913.54 599.95
vertex 12734.54 9872.33 199.94
vertex 12734.54 9872.33 599.95
endloop
endfacet
facet normal -0.8316249925551129 -0.555337619613248 0
outer loop
vertex 12685.4 9952.67 599.95
vertex 12685.4 9952.67 199.94
vertex 12711.53 9913.54 199.94
endloop
endfacet
facet normal -0.8316249925551129 -0.555337619613248 0
outer loop
vertex 12685.4 9952.67 599.95
vertex 12711.53 9913.54 199.94
vertex 12711.53 9913.54 599.95
endloop
endfacet
facet normal -0.7862226024633396 -0.617943378778164 0
outer loop
vertex 12656.28 9989.720000000001 599.95
vertex 12656.28 9989.720000000001 199.94
vertex 12685.4 9952.67 199.94
endloop
endfacet
facet normal -0.7862226024633396 -0.617943378778164 0
outer loop
vertex 12656.28 9989.720000000001 599.95
vertex 12685.4 9952.67 199.94
vertex 12685.4 9952.67 599.95
endloop
endfacet
facet normal -0.7341682274289278 -0.6789676088252413 0
outer loop
vertex 12624.300000000001 10024.300000000001 599.95
vertex 12624.300000000001 10024.300000000001 199.94
vertex 12656.28 9989.720000000001 199.94
endloop
endfacet
facet normal -0.7341682274289278 -0.6789676088252413 0
outer loop
vertex 12624.300000000001 10024.300000000001 599.95
vertex 12656.28 9989.720000000001 199.94
vertex 12656.28 9989.720000000001 599.95
endloop
endfacet
facet normal -0.6789676088252413 -0.7341682274289278 0
outer loop
vertex 12589.720000000001 10056.28 599.95
vertex 12589.720000000001 10056.28 199.94
vertex 12624.300000000001 10024.300000000001 199.94
endloop
endfacet
facet normal -0.6789676088252413 -0.7341682274289278 0
outer loop
vertex 12589.720000000001 10056.28 599.95
vertex 12624.300000000001 10024.300000000001 199.94
vertex 12624.300000000001 10024.300000000001 599.95
endloop
endfacet
facet normal -0.617943378778164 -0.7862226024633396 0
outer loop
vertex 12552.67 10085.4 599.95
vertex 12552.67 10085.4 199.94
vertex 12589.720000000001 10056.28 199.94
endloop
endfacet
facet normal -0.617943378778164 -0.7862226024633396 0
outer loop
vertex 12552.67 10085.4 599.95
vertex 12589.720000000001 10056.28 199.94
vertex 12589.720000000001 10056.28 599.95
endloop
endfacet
facet normal -0.555337619613248 -0.8316249925551129 0
outer loop
vertex 12513.54 10111.53 599.95
vertex 12513.54 10111.53 199.94
vertex 12552.67 10085.4 199.94
endloop
endfacet
facet normal -0.555337619613248 -0.8316249925551129 0
outer loop
vertex 12513.54 10111.53 599.95
vertex 12552.67 10085.4 199.94
vertex 12552.67 10085.4 599.95
endloop
endfacet
facet normal -0.4875126702772224 -0.8731159123044157 0
outer loop
vertex 12472.33 10134.54 599.95
vertex 12472.33 10134.54 199.94
vertex 12513.54 10111.53 199.94
endloop
endfacet
facet normal -0.4875126702772224 -0.8731159123044157 0
outer loop
vertex 12472.33 10134.54 599.95
vertex 12513.54 10111.53 199.94
vertex 12513.54 10111.53 599.95
endloop
endfacet
facet normal -0.41940810174702703 -0.9077977991760916 0
outer loop
vertex 12429.560000000001 10154.300000000001 599.95
vertex 12429.560000000001 10154.300000000001 199.94
vertex 12472.33 10134.54 199.94
endloop
endfacet
facet normal -0.41940810174702703 -0.9077977991760916 0
outer loop
vertex 12429.560000000001 10154.300000000001 599.95
vertex 12472.33 10134.54 199.94
vertex 12472.33 10134.54 599.95
endloop
endfacet
facet normal -0.3474939948036236 -0.9376822082003153 0
outer loop
vertex 12385.36 10170.68 599.95
vertex 12385.36 10170.68 199.94
vertex 12429.560000000001 10154.300000000001 199.94
endloop
endfacet
facet normal -0.3474939948036236 -0.9376822082003153 0
outer loop
vertex 12385.36 10170.68 599.95
vertex 12429.560000000001 10154.300000000001 199.94
vertex 12429.560000000001 10154.300000000001 599.95
endloop
endfacet
facet normal -0.27106596494629204 -0.9625607734827633 0
outer loop
vertex 12340.12 10183.42 599.95
vertex 12340.12 10183.42 199.94
vertex 12385.36 10170.68 199.94
endloop
endfacet
facet normal -0.27106596494629204 -0.9625607734827633 0
outer loop
vertex 12340.12 10183.42 599.95
vertex 12385.36 10170.68 199.94
vertex 12385.36 10170.68 599.95
endloop
endfacet
facet normal -0.195586349342222 -0.9806864840258493 0
outer loop
vertex 12293.84 10192.65 599.95
vertex 12293.84 10192.65 199.94
vertex 12340.12 10183.42 199.94
endloop
endfacet
facet normal -0.195586349342222 -0.9806864840258493 0
outer loop
vertex 12293.84 10192.65 599.95
vertex 12340.12 10183.42 199.94
vertex 12340.12 10183.42 599.95
endloop
endfacet
facet normal -0.11588069956019996 -0.9932631390872405 0
outer loop
vertex 12247.04 10198.11 599.95
vertex 12247.04 10198.11 199.94
vertex 12293.84 10192.65 199.94
endloop
endfacet
facet normal -0.11588069956019996 -0.9932631390872405 0
outer loop
vertex 12247.04 10198.11 599.95
vertex 12293.84 10192.65 199.94
vertex 12293.84 10192.65 599.95
endloop
endfacet
facet normal -0.04140093702970725 -0.9991426136508552 0
outer loop
vertex 12199.98 10200.06 599.95
vertex 12199.98 10200.06 199.94
vertex 12247.04 10198.11 199.94
endloop
endfacet
facet normal -0.04140093702970725 -0.9991426136508552 0
outer loop
vertex 12199.98 10200.06 599.95
vertex 12247.04 10198.11 199.94
vertex 12247.04 10198.11 599.95
endloop
endfacet
facet normal -1 0 0
outer loop
vertex 12800.060000000001 8333.39 400.01
vertex 12800.060000000001 7800 199.94
vertex 12800.060000000001 7600.06 199.94
endloop
endfacet
facet normal -1 0 0
outer loop
vertex 12800.060000000001 8333.39 400.01
vertex 12800.060000000001 7600.06 199.94
vertex 12800.060000000001 7600.06 599.95
endloop
endfacet
facet normal -1 0 0
outer loop
vertex 12800.060000000001 8333.39 400.01
vertex 12800.060000000001 7600.06 599.95
vertex 12800.060000000001 7800 599.95
endloop
endfacet
facet normal -1 0 0
outer loop
vertex 12800.060000000001 8333.39 400.01
vertex 12800.060000000001 7800 599.95
vertex 12800.060000000001 9599.98 599.95
endloop
endfacet
facet normal -1 0 0
outer loop
vertex 12800.060000000001 8333.39 400.01
vertex 12800.060000000001 9599.98 599.95
vertex 12800.060000000001 9599.98 199.94
endloop
endfacet
facet normal -1 0 0
outer loop
vertex 12800.060000000001 8333.39 400.01
vertex 12800.060000000001 9599.98 199.94
vertex 12800.060000000001 7800 199.94
endloop
endfacet
facet normal -0.046307884115883796 0.9989272144999906 0
outer loop
vertex 12599.99 7399.990000000001 199.94
vertex 12599.99 7399.990000000001 599.95
vertex 12619.62 7400.900000000001 599.95
endloop
endfacet
facet normal -0.046307884115883796 0.9989272144999906 0
outer loop
vertex 12599.99 7399.990000000001 199.94
vertex 12619.62 7400.900000000001 599.95
vertex 12619.62 7400.900000000001 199.94
endloop
endfacet
facet normal -0.1525555872956912 0.9882948916112368 0
outer loop
vertex 12619.62 7400.900000000001 199.94
vertex 12619.62 7400.900000000001 599.95
vertex 12638.99 7403.89 599.95
endloop
endfacet
facet normal -0.1525555872956912 0.9882948916112368 0
outer loop
vertex 12619.62 7400.900000000001 199.94
vertex 12638.99 7403.89 599.95
vertex 12638.99 7403.89 199.94
endloop
endfacet
facet normal -0.2378687293792657 0.9712973116319708 0
outer loop
vertex 12638.99 7403.89 199.94
vertex 12638.99 7403.89 599.95
vertex 12658.1 7408.570000000001 599.95
endloop
endfacet
facet normal -0.2378687293792657 0.9712973116319708 0
outer loop
vertex 12638.99 7403.89 199.94
vertex 12658.1 7408.570000000001 599.95
vertex 12658.1 7408.570000000001 199.94
endloop
endfacet
facet normal -0.3380152922564576 0.9411406176553967 0
outer loop
vertex 12658.1 7408.570000000001 199.94
vertex 12658.1 7408.570000000001 599.95
vertex 12676.560000000001 7415.2 599.95
endloop
endfacet
facet normal -0.3380152922564576 0.9411406176553967 0
outer loop
vertex 12658.1 7408.570000000001 199.94
vertex 12676.560000000001 7415.2 599.95
vertex 12676.560000000001 7415.2 199.94
endloop
endfacet
facet normal -0.43122073531438654 0.9022464615807146 0
outer loop
vertex 12676.560000000001 7415.2 199.94
vertex 12676.560000000001 7415.2 599.95
vertex 12694.24 7423.650000000001 599.95
endloop
endfacet
facet normal -0.43122073531438654 0.9022464615807146 0
outer loop
vertex 12676.560000000001 7415.2 199.94
vertex 12694.24 7423.650000000001 599.95
vertex 12694.24 7423.650000000001 199.94
endloop
endfacet
facet normal -0.509620959414191 0.8603990223877287 0
outer loop
vertex 12694.24 7423.650000000001 199.94
vertex 12694.24 7423.650000000001 599.95
vertex 12711.140000000001 7433.66 599.95
endloop
endfacet
facet normal -0.509620959414191 0.8603990223877287 0
outer loop
vertex 12694.24 7423.650000000001 199.94
vertex 12711.140000000001 7433.66 599.95
vertex 12711.140000000001 7433.66 199.94
endloop
endfacet
facet normal -0.5968122521714669 0.8023809168082334 0
outer loop
vertex 12711.140000000001 7433.66 199.94
vertex 12711.140000000001 7433.66 599.95
vertex 12726.87 7445.360000000001 599.95
endloop
endfacet
facet normal -0.5968122521714669 0.8023809168082334 0
outer loop
vertex 12711.140000000001 7433.66 199.94
vertex 12726.87 7445.360000000001 599.95
vertex 12726.87 7445.360000000001 199.94
endloop
endfacet
facet normal -0.6733296688467456 0.7393423814787922 0
outer loop
vertex 12726.87 7445.360000000001 199.94
vertex 12726.87 7445.360000000001 599.95
vertex 12741.43 7458.62 599.95
endloop
endfacet
facet normal -0.6733296688467456 0.7393423814787922 0
outer loop
vertex 12726.87 7445.360000000001 199.94
vertex 12741.43 7458.62 599.95
vertex 12741.43 7458.62 199.94
endloop
endfacet
facet normal -0.7426343820859086 0.6696970767025047 0
outer loop
vertex 12741.43 7458.62 199.94
vertex 12741.43 7458.62 599.95
vertex 12754.560000000001 7473.18 599.95
endloop
endfacet
facet normal -0.7426343820859086 0.6696970767025047 0
outer loop
vertex 12741.43 7458.62 199.94
vertex 12754.560000000001 7473.18 599.95
vertex 12754.560000000001 7473.18 199.94
endloop
endfacet
facet normal -0.8023809168082779 0.5968122521714072 0
outer loop
vertex 12754.560000000001 7473.18 199.94
vertex 12754.560000000001 7473.18 599.95
vertex 12766.26 7488.91 599.95
endloop
endfacet
facet normal -0.8023809168082779 0.5968122521714072 0
outer loop
vertex 12754.560000000001 7473.18 199.94
vertex 12766.26 7488.91 599.95
vertex 12766.26 7488.91 199.94
endloop
endfacet
facet normal -0.8557319835806098 0.5174193389091627 0
outer loop
vertex 12766.26 7488.91 199.94
vertex 12766.26 7488.91 599.95
vertex 12776.4 7505.68 599.95
endloop
endfacet
facet normal -0.8557319835806098 0.5174193389091627 0
outer loop
vertex 12766.26 7488.91 199.94
vertex 12776.4 7505.68 599.95
vertex 12776.4 7505.68 199.94
endloop
endfacet
facet normal -0.9060141162433557 0.42324747036192784 0
outer loop
vertex 12776.4 7505.68 199.94
vertex 12776.4 7505.68 599.95
vertex 12784.720000000001 7523.490000000001 599.95
endloop
endfacet
facet normal -0.9060141162433557 0.42324747036192784 0
outer loop
vertex 12776.4 7505.68 199.94
vertex 12784.720000000001 7523.490000000001 599.95
vertex 12784.720000000001 7523.490000000001 199.94
endloop
endfacet
facet normal -0.941140617655386 0.3380152922564871 0
outer loop
vertex 12784.720000000001 7523.490000000001 199.94
vertex 12784.720000000001 7523.490000000001 599.95
vertex 12791.35 7541.95 599.95
endloop
endfacet
facet normal -0.941140617655386 0.3380152922564871 0
outer loop
vertex 12784.720000000001 7523.490000000001 199.94
vertex 12791.35 7541.95 599.95
vertex 12791.35 7541.95 199.94
endloop
endfacet
facet normal -0.9693563597868521 0.24565880350759475 0
outer loop
vertex 12791.35 7541.95 199.94
vertex 12791.35 7541.95 599.95
vertex 12796.16 7560.93 599.95
endloop
endfacet
facet normal -0.9693563597868521 0.24565880350759475 0
outer loop
vertex 12791.35 7541.95 199.94
vertex 12796.16 7560.93 599.95
vertex 12796.16 7560.93 199.94
endloop
endfacet
facet normal -0.9894149142837008 0.14511418742830565 0
outer loop
vertex 12796.16 7560.93 199.94
vertex 12796.16 7560.93 599.95
vertex 12799.02 7580.43 599.95
endloop
endfacet
facet normal -0.9894149142837008 0.14511418742830565 0
outer loop
vertex 12796.16 7560.93 199.94
vertex 12799.02 7580.43 599.95
vertex 12799.02 7580.43 199.94
endloop
endfacet
facet normal -0.998599500385039 0.05290593379527798 0
outer loop
vertex 12799.02 7580.43 199.94
vertex 12799.02 7580.43 599.95
vertex 12800.060000000001 7600.06 599.95
endloop
endfacet
facet normal -0.998599500385039 0.05290593379527798 0
outer loop
vertex 12799.02 7580.43 199.94
vertex 12800.060000000001 7600.06 599.95
vertex 12800.060000000001 7600.06 199.94
endloop
endfacet
facet normal 0 1 0
outer loop
vertex 10599.94 7399.990000000001 199.94
vertex 10599.94 7399.990000000001 599.95
vertex 12599.99 7399.990000000001 599.95
endloop
endfacet
facet normal 0 1 0
outer loop
vertex 10599.94 7399.990000000001 199.94
vertex 12599.99 7399.990000000001 599.95
vertex 12599.99 7399.990000000001 199.94
endloop
endfacet
facet normal 0 -0.9999999999999999 0
outer loop
vertex 12400.050000000001 7800 599.95
vertex 10599.94 7800 599.95
vertex 10599.94 7800 199.94
endloop
endfacet
facet normal 0 -0.9999999999999999 0
outer loop
vertex 12400.050000000001 7800 599.95
vertex 10599.94 7800 199.94
vertex 12400.050000000001 7800 199.94
endloop
endfacet
facet normal 1 0 0
outer loop
vertex 12400.050000000001 9599.98 599.95
vertex 12400.050000000001 7800 599.95
vertex 12400.050000000001 7800 199.94
endloop
endfacet
facet normal 1 0 0
outer loop
vertex 12400.050000000001 9599.98 599.95
vertex 12400.050000000001 7800 199.94
vertex 12400.050000000001 9599.98 199.94
endloop
endfacet
endsolid JSCAD
