solid JSCAD
facet normal -1 0 0
outer loop
vertex 0 0 0
vertex 0 0 3999.9700000000003
vertex 0 15000.050000000001 3999.9700000000003
endloop
endfacet
facet normal -1 0 0
outer loop
vertex 0 0 0
vertex 0 15000.050000000001 3999.9700000000003
vertex 0 15000.050000000001 0
endloop
endfacet
facet normal 1 0 0
outer loop
vertex 19999.98 0 0
vertex 19999.98 15000.050000000001 0
vertex 19999.98 15000.050000000001 3999.9700000000003
endloop
endfacet
facet normal 1 0 0
outer loop
vertex 19999.98 0 0
vertex 19999.98 15000.050000000001 3999.9700000000003
vertex 19999.98 0 3999.9700000000003
endloop
endfacet
facet normal 0 -1 0
outer loop
vertex 0 0 0
vertex 19999.98 0 0
vertex 19999.98 0 3999.9700000000003
endloop
endfacet
facet normal 0 -1 0
outer loop
vertex 0 0 0
vertex 19999.98 0 3999.9700000000003
vertex 0 0 3999.9700000000003
endloop
endfacet
facet normal 0 1 0
outer loop
vertex 0 15000.050000000001 0
vertex 0 15000.050000000001 3999.9700000000003
vertex 19999.98 15000.050000000001 3999.9700000000003
endloop
endfacet
facet normal 0 1 0
outer loop
vertex 0 15000.050000000001 0
vertex 19999.98 15000.050000000001 3999.9700000000003
vertex 19999.98 15000.050000000001 0
endloop
endfacet
facet normal 0 0 -1
outer loop
vertex 0 0 0
vertex 0 15000.050000000001 0
vertex 19999.98 15000.050000000001 0
endloop
endfacet
facet normal 0 0 -1
outer loop
vertex 0 0 0
vertex 19999.98 15000.050000000001 0
vertex 19999.98 0 0
endloop
endfacet
facet normal 0 0 1
outer loop
vertex 0 0 3999.9700000000003
vertex 19999.98 0 3999.9700000000003
vertex 19999.98 15000.050000000001 3999.9700000000003
endloop
endfacet
facet normal 0 0 1
outer loop
vertex 0 0 3999.9700000000003
vertex 19999.98 15000.050000000001 3999.9700000000003
vertex 0 15000.050000000001 3999.9700000000003
endloop
endfacet
facet normal -0.995167698206042 -0.09818987955633764 0
outer loop
vertex 8500.050000000001 11500.06 199.94
vertex 8500.050000000001 11500.06 599.95
vertex 8480.81 11695.06 599.95
endloop
endfacet
facet normal -0.995167698206042 -0.09818987955633764 0
outer loop
vertex 8500.050000000001 11500.06 199.94
vertex 8480.81 11695.06 599.95
vertex 8480.81 11695.06 199.94
endloop
endfacet
facet normal -0.9568904503711014 -0.2904490764120114 0
outer loop
vertex 8480.81 11695.06 199.94
vertex 8480.81 11695.06 599.95
vertex 8423.87 11882.65 599.95
endloop
endfacet
facet normal -0.9568904503711014 -0.2904490764120114 0
outer loop
vertex 8480.81 11695.06 199.94
vertex 8423.87 11882.65 599.95
vertex 8423.87 11882.65 199.94
endloop
endfacet
facet normal -0.8818936442255779 -0.4714484068002877 0
outer loop
vertex 8423.87 11882.65 199.94
vertex 8423.87 11882.65 599.95
vertex 8331.44 12055.550000000001 599.95
endloop
endfacet
facet normal -0.8818936442255779 -0.4714484068002877 0
outer loop
vertex 8423.87 11882.65 199.94
vertex 8331.44 12055.550000000001 599.95
vertex 8331.44 12055.550000000001 199.94
endloop
endfacet
facet normal -0.7733068109152759 -0.6340319993439176 0
outer loop
vertex 8331.44 12055.550000000001 199.94
vertex 8331.44 12055.550000000001 599.95
vertex 8207.16 12207.130000000001 599.95
endloop
endfacet
facet normal -0.7733068109152759 -0.6340319993439176 0
outer loop
vertex 8331.44 12055.550000000001 199.94
vertex 8207.16 12207.130000000001 599.95
vertex 8207.16 12207.130000000001 199.94
endloop
endfacet
facet normal -0.6340319993439122 -0.7733068109152805 0
outer loop
vertex 8207.16 12207.130000000001 199.94
vertex 8207.16 12207.130000000001 599.95
vertex 8055.58 12331.41 599.95
endloop
endfacet
facet normal -0.6340319993439122 -0.7733068109152805 0
outer loop
vertex 8207.16 12207.130000000001 199.94
vertex 8055.58 12331.41 599.95
vertex 8055.58 12331.41 199.94
endloop
endfacet
facet normal -0.47144840680029154 -0.8818936442255758 0
outer loop
vertex 8055.58 12331.41 199.94
vertex 8055.58 12331.41 599.95
vertex 7882.68 12423.84 599.95
endloop
endfacet
facet normal -0.47144840680029154 -0.8818936442255758 0
outer loop
vertex 8055.58 12331.41 199.94
vertex 7882.68 12423.84 599.95
vertex 7882.68 12423.84 199.94
endloop
endfacet
facet normal -0.2904490764120199 -0.9568904503710988 0
outer loop
vertex 7882.68 12423.84 199.94
vertex 7882.68 12423.84 599.95
vertex 7695.09 12480.78 599.95
endloop
endfacet
facet normal -0.2904490764120199 -0.9568904503710988 0
outer loop
vertex 7882.68 12423.84 199.94
vertex 7695.09 12480.78 599.95
vertex 7695.09 12480.78 199.94
endloop
endfacet
facet normal -0.09812509331857795 -0.9951740883188329 0
outer loop
vertex 7695.09 12480.78 199.94
vertex 7695.09 12480.78 599.95
vertex 7499.96 12500.02 599.95
endloop
endfacet
facet normal -0.09812509331857795 -0.9951740883188329 0
outer loop
vertex 7695.09 12480.78 199.94
vertex 7499.96 12500.02 599.95
vertex 7499.96 12500.02 199.94
endloop
endfacet
facet normal 0.09818987955632845 -0.9951676982060429 0
outer loop
vertex 7499.96 12500.02 199.94
vertex 7499.96 12500.02 599.95
vertex 7304.96 12480.78 599.95
endloop
endfacet
facet normal 0.09818987955632845 -0.9951676982060429 0
outer loop
vertex 7499.96 12500.02 199.94
vertex 7304.96 12480.78 599.95
vertex 7304.96 12480.78 199.94
endloop
endfacet
facet normal 0.2904490764120199 -0.9568904503710988 0
outer loop
vertex 7304.96 12480.78 199.94
vertex 7304.96 12480.78 599.95
vertex 7117.37 12423.84 599.95
endloop
endfacet
facet normal 0.2904490764120199 -0.9568904503710988 0
outer loop
vertex 7304.96 12480.78 199.94
vertex 7117.37 12423.84 599.95
vertex 7117.37 12423.84 199.94
endloop
endfacet
facet normal 0.47144840680029154 -0.8818936442255758 0
outer loop
vertex 7117.37 12423.84 199.94
vertex 7117.37 12423.84 599.95
vertex 6944.47 12331.41 599.95
endloop
endfacet
facet normal 0.47144840680029154 -0.8818936442255758 0
outer loop
vertex 7117.37 12423.84 199.94
vertex 6944.47 12331.41 599.95
vertex 6944.47 12331.41 199.94
endloop
endfacet
facet normal 0.6340319993439122 -0.7733068109152805 0
outer loop
vertex 6944.47 12331.41 199.94
vertex 6944.47 12331.41 599.95
vertex 6792.89 12207.130000000001 599.95
endloop
endfacet
facet normal 0.6340319993439122 -0.7733068109152805 0
outer loop
vertex 6944.47 12331.41 199.94
vertex 6792.89 12207.130000000001 599.95
vertex 6792.89 12207.130000000001 199.94
endloop
endfacet
facet normal 0.77298167165647 -0.634428353152008 0
outer loop
vertex 6792.89 12207.130000000001 199.94
vertex 6792.89 12207.130000000001 599.95
vertex 6668.4800000000005 12055.550000000001 599.95
endloop
endfacet
facet normal 0.77298167165647 -0.634428353152008 0
outer loop
vertex 6792.89 12207.130000000001 199.94
vertex 6668.4800000000005 12055.550000000001 599.95
vertex 6668.4800000000005 12055.550000000001 199.94
endloop
endfacet
facet normal 0.8821692656664069 -0.4709324651301841 0
outer loop
vertex 6668.4800000000005 12055.550000000001 199.94
vertex 6668.4800000000005 12055.550000000001 599.95
vertex 6576.18 11882.65 599.95
endloop
endfacet
facet normal 0.8821692656664069 -0.4709324651301841 0
outer loop
vertex 6668.4800000000005 12055.550000000001 199.94
vertex 6576.18 11882.65 599.95
vertex 6576.18 11882.65 199.94
endloop
endfacet
facet normal 0.9568904503710988 -0.2904490764120199 0
outer loop
vertex 6576.18 11882.65 199.94
vertex 6576.18 11882.65 599.95
vertex 6519.24 11695.06 599.95
endloop
endfacet
facet normal 0.9568904503710988 -0.2904490764120199 0
outer loop
vertex 6576.18 11882.65 199.94
vertex 6519.24 11695.06 599.95
vertex 6519.24 11695.06 199.94
endloop
endfacet
facet normal 0.9951676982060429 -0.09818987955632845 0
outer loop
vertex 6519.24 11695.06 199.94
vertex 6519.24 11695.06 599.95
vertex 6500 11500.06 599.95
endloop
endfacet
facet normal 0.9951676982060429 -0.09818987955632845 0
outer loop
vertex 6519.24 11695.06 199.94
vertex 6500 11500.06 599.95
vertex 6500 11500.06 199.94
endloop
endfacet
facet normal 0.9951740883188331 0.09812509331857842 0
outer loop
vertex 6500 11500.06 199.94
vertex 6500 11500.06 599.95
vertex 6519.24 11304.93 599.95
endloop
endfacet
facet normal 0.9951740883188331 0.09812509331857842 0
outer loop
vertex 6500 11500.06 199.94
vertex 6519.24 11304.93 599.95
vertex 6519.24 11304.93 199.94
endloop
endfacet
facet normal 0.9568904503710988 0.2904490764120199 0
outer loop
vertex 6519.24 11304.93 199.94
vertex 6519.24 11304.93 599.95
vertex 6576.18 11117.34 599.95
endloop
endfacet
facet normal 0.9568904503710988 0.2904490764120199 0
outer loop
vertex 6519.24 11304.93 199.94
vertex 6576.18 11117.34 599.95
vertex 6576.18 11117.34 199.94
endloop
endfacet
facet normal 0.882169265666405 0.47093246513018805 0
outer loop
vertex 6576.18 11117.34 199.94
vertex 6576.18 11117.34 599.95
vertex 6668.4800000000005 10944.44 599.95
endloop
endfacet
facet normal 0.882169265666405 0.47093246513018805 0
outer loop
vertex 6576.18 11117.34 199.94
vertex 6668.4800000000005 10944.44 599.95
vertex 6668.4800000000005 10944.44 199.94
endloop
endfacet
facet normal 0.77298167165647 0.634428353152008 0
outer loop
vertex 6668.4800000000005 10944.44 199.94
vertex 6668.4800000000005 10944.44 599.95
vertex 6792.89 10792.86 599.95
endloop
endfacet
facet normal 0.77298167165647 0.634428353152008 0
outer loop
vertex 6668.4800000000005 10944.44 199.94
vertex 6792.89 10792.86 599.95
vertex 6792.89 10792.86 199.94
endloop
endfacet
facet normal 0.6340319993439176 0.7733068109152759 0
outer loop
vertex 6792.89 10792.86 199.94
vertex 6792.89 10792.86 599.95
vertex 6944.47 10668.58 599.95
endloop
endfacet
facet normal 0.6340319993439176 0.7733068109152759 0
outer loop
vertex 6792.89 10792.86 199.94
vertex 6944.47 10668.58 599.95
vertex 6944.47 10668.58 199.94
endloop
endfacet
facet normal 0.47144840680029154 0.8818936442255758 0
outer loop
vertex 6944.47 10668.58 199.94
vertex 6944.47 10668.58 599.95
vertex 7117.37 10576.15 599.95
endloop
endfacet
facet normal 0.47144840680029154 0.8818936442255758 0
outer loop
vertex 6944.47 10668.58 199.94
vertex 7117.37 10576.15 599.95
vertex 7117.37 10576.15 199.94
endloop
endfacet
facet normal 0.2904490764120114 0.9568904503711014 0
outer loop
vertex 7117.37 10576.15 199.94
vertex 7117.37 10576.15 599.95
vertex 7304.96 10519.210000000001 599.95
endloop
endfacet
facet normal 0.2904490764120114 0.9568904503711014 0
outer loop
vertex 7117.37 10576.15 199.94
vertex 7304.96 10519.210000000001 599.95
vertex 7304.96 10519.210000000001 199.94
endloop
endfacet
facet normal 0.09818987955632845 0.9951676982060429 0
outer loop
vertex 7304.96 10519.210000000001 199.94
vertex 7304.96 10519.210000000001 599.95
vertex 7499.96 10499.970000000001 599.95
endloop
endfacet
facet normal 0.09818987955632845 0.9951676982060429 0
outer loop
vertex 7304.96 10519.210000000001 199.94
vertex 7499.96 10499.970000000001 599.95
vertex 7499.96 10499.970000000001 199.94
endloop
endfacet
facet normal -0.09812509331857795 0.9951740883188329 0
outer loop
vertex 7499.96 10499.970000000001 199.94
vertex 7499.96 10499.970000000001 599.95
vertex 7695.09 10519.210000000001 599.95
endloop
endfacet
facet normal -0.09812509331857795 0.9951740883188329 0
outer loop
vertex 7499.96 10499.970000000001 199.94
vertex 7695.09 10519.210000000001 599.95
vertex 7695.09 10519.210000000001 199.94
endloop
endfacet
facet normal -0.2904490764120114 0.9568904503711014 0
outer loop
vertex 7695.09 10519.210000000001 199.94
vertex 7695.09 10519.210000000001 599.95
vertex 7882.68 10576.15 599.95
endloop
endfacet
facet normal -0.2904490764120114 0.9568904503711014 0
outer loop
vertex 7695.09 10519.210000000001 199.94
vertex 7882.68 10576.15 599.95
vertex 7882.68 10576.15 199.94
endloop
endfacet
facet normal -0.47144840680029154 0.8818936442255758 0
outer loop
vertex 7882.68 10576.15 199.94
vertex 7882.68 10576.15 599.95
vertex 8055.58 10668.58 599.95
endloop
endfacet
facet normal -0.47144840680029154 0.8818936442255758 0
outer loop
vertex 7882.68 10576.15 199.94
vertex 8055.58 10668.58 599.95
vertex 8055.58 10668.58 199.94
endloop
endfacet
facet normal -0.6340319993439176 0.7733068109152759 0
outer loop
vertex 8055.58 10668.58 199.94
vertex 8055.58 10668.58 599.95
vertex 8207.16 10792.86 599.95
endloop
endfacet
facet normal -0.6340319993439176 0.7733068109152759 0
outer loop
vertex 8055.58 10668.58 199.94
vertex 8207.16 10792.86 599.95
vertex 8207.16 10792.86 199.94
endloop
endfacet
facet normal -0.7733068109152759 0.6340319993439176 0
outer loop
vertex 8207.16 10792.86 199.94
vertex 8207.16 10792.86 599.95
vertex 8331.44 10944.44 599.95
endloop
endfacet
facet normal -0.7733068109152759 0.6340319993439176 0
outer loop
vertex 8207.16 10792.86 199.94
vertex 8331.44 10944.44 599.95
vertex 8331.44 10944.44 199.94
endloop
endfacet
facet normal -0.8818936442255758 0.47144840680029154 0
outer loop
vertex 8331.44 10944.44 199.94
vertex 8331.44 10944.44 599.95
vertex 8423.87 11117.34 599.95
endloop
endfacet
facet normal -0.8818936442255758 0.47144840680029154 0
outer loop
vertex 8331.44 10944.44 199.94
vertex 8423.87 11117.34 599.95
vertex 8423.87 11117.34 199.94
endloop
endfacet
facet normal -0.9568904503711014 0.2904490764120114 0
outer loop
vertex 8423.87 11117.34 199.94
vertex 8423.87 11117.34 599.95
vertex 8480.81 11304.93 599.95
endloop
endfacet
facet normal -0.9568904503711014 0.2904490764120114 0
outer loop
vertex 8423.87 11117.34 199.94
vertex 8480.81 11304.93 599.95
vertex 8480.81 11304.93 199.94
endloop
endfacet
facet normal -0.9951740883188323 0.09812509331858761 0
outer loop
vertex 8480.81 11304.93 199.94
vertex 8480.81 11304.93 599.95
vertex 8500.050000000001 11500.06 599.95
endloop
endfacet
facet normal -0.9951740883188323 0.09812509331858761 0
outer loop
vertex 8480.81 11304.93 199.94
vertex 8500.050000000001 11500.06 599.95
vertex 8500.050000000001 11500.06 199.94
endloop
endfacet
facet normal 0 0 1
outer loop
vertex 3389.1 12666.42 199.94
vertex 4110.08 12666.42 199.94
vertex 5110.95 13333.58 199.94
endloop
endfacet
facet normal 0 0 1
outer loop
vertex 3389.1 12666.42 199.94
vertex 5110.95 13333.58 199.94
vertex 4889.04 13666.380000000001 199.94
endloop
endfacet
facet normal 0 0 1
outer loop
vertex 3445.13 12566.32 199.94
vertex 3389.1 12666.42 199.94
vertex 3388.84 12666.29 199.94
endloop
endfacet
facet normal 0 0 1
outer loop
vertex 3445.13 12566.32 199.94
vertex 3388.84 12666.29 199.94
vertex 3358.55 12641.460000000001 199.94
endloop
endfacet
facet normal 0 0 1
outer loop
vertex 3445.13 12566.32 199.94
vertex 3358.55 12641.460000000001 199.94
vertex 3333.7200000000003 12611.17 199.94
endloop
endfacet
facet normal 0 0 1
outer loop
vertex 3445.13 12566.32 199.94
vertex 3333.7200000000003 12611.17 199.94
vertex 3315.26 12576.59 199.94
endloop
endfacet
facet normal 0 0 1
outer loop
vertex 3445.13 12566.32 199.94
vertex 3315.26 12576.59 199.94
vertex 3303.82 12539.02 199.94
endloop
endfacet
facet normal 0 0 1
outer loop
vertex 3445.13 12566.32 199.94
vertex 3303.82 12539.02 199.94
vertex 3300.05 12500.02 199.94
endloop
endfacet
facet normal 0 0 1
outer loop
vertex 3445.13 12566.32 199.94
vertex 3300.05 12500.02 199.94
vertex 3303.82 12461.02 199.94
endloop
endfacet
facet normal 0 0 1
outer loop
vertex 3445.13 12566.32 199.94
vertex 3303.82 12461.02 199.94
vertex 3306.94 12450.880000000001 199.94
endloop
endfacet
facet normal 0 0 1
outer loop
vertex 3445.13 12566.32 199.94
vertex 3306.94 12450.880000000001 199.94
vertex 3786.9 12450.880000000001 199.94
endloop
endfacet
facet normal 0 0 1
outer loop
vertex 3445.13 12566.32 199.94
vertex 3786.9 12450.880000000001 199.94
vertex 4110.08 12666.42 199.94
endloop
endfacet
facet normal 0 0 1
outer loop
vertex 3445.13 12566.32 199.94
vertex 4110.08 12666.42 199.94
vertex 3389.1 12666.42 199.94
endloop
endfacet
facet normal 0 0 1
outer loop
vertex 3487.25 12412.53 199.94
vertex 3306.94 12450.880000000001 199.94
vertex 3315.26 12423.45 199.94
endloop
endfacet
facet normal 0 0 1
outer loop
vertex 3487.25 12412.53 199.94
vertex 3315.26 12423.45 199.94
vertex 3333.7200000000003 12388.87 199.94
endloop
endfacet
facet normal 0 0 1
outer loop
vertex 3487.25 12412.53 199.94
vertex 3333.7200000000003 12388.87 199.94
vertex 3340.61 12380.42 199.94
endloop
endfacet
facet normal 0 0 0.9999999999999999
outer loop
vertex 3487.25 12412.53 199.94
vertex 3340.61 12380.42 199.94
vertex 3839.6800000000003 12380.42 199.94
endloop
endfacet
facet normal 0 0 1
outer loop
vertex 3487.25 12412.53 199.94
vertex 3839.6800000000003 12380.42 199.94
vertex 3786.9 12450.880000000001 199.94
endloop
endfacet
facet normal 0 0 1
outer loop
vertex 3487.25 12412.53 199.94
vertex 3786.9 12450.880000000001 199.94
vertex 3306.94 12450.880000000001 199.94
endloop
endfacet
facet normal 0 0 1
outer loop
vertex 9999.99 12488.710000000001 199.94
vertex 9765.86 12676.95 199.94
vertex 9540.83 12608.7 199.94
endloop
endfacet
facet normal 0 0 1
outer loop
vertex 9999.99 12488.710000000001 199.94
vertex 9540.83 12608.7 199.94
vertex 9333.35 12497.810000000001 199.94
endloop
endfacet
facet normal 0 0 0.9999999999999999
outer loop
vertex 9999.99 12488.710000000001 199.94
vertex 9333.35 12497.810000000001 199.94
vertex 9151.48 12348.57 199.94
endloop
endfacet
facet normal 0 0 1
outer loop
vertex 9999.99 12488.710000000001 199.94
vertex 9151.48 12348.57 199.94
vertex 9111.7 12299.95 199.94
endloop
endfacet
facet normal 0 0 1
outer loop
vertex 9999.99 12488.710000000001 199.94
vertex 9111.7 12299.95 199.94
vertex 9999.99 12299.95 199.94
endloop
endfacet
facet normal 0 0 1
outer loop
vertex 9999.99 12488.710000000001 199.94
vertex 9999.99 12299.95 199.94
vertex 10888.41 12299.95 199.94
endloop
endfacet
facet normal 0 0 1
outer loop
vertex 9999.99 12488.710000000001 199.94
vertex 10888.41 12299.95 199.94
vertex 10848.5 12348.57 199.94
endloop
endfacet
facet normal 0 0 1
outer loop
vertex 9999.99 12488.710000000001 199.94
vertex 10848.5 12348.57 199.94
vertex 10666.630000000001 12497.810000000001 199.94
endloop
endfacet
facet normal 0 0 1
outer loop
vertex 9999.99 12488.710000000001 199.94
vertex 10666.630000000001 12497.810000000001 199.94
vertex 10459.28 12608.7 199.94
endloop
endfacet
facet normal 0 0 0.9999999999999999
outer loop
vertex 9999.99 12488.710000000001 199.94
vertex 10459.28 12608.7 199.94
vertex 10234.12 12676.95 199.94
endloop
endfacet
facet normal 0 0 1
outer loop
vertex 9999.99 12488.710000000001 199.94
vertex 10234.12 12676.95 199.94
vertex 9999.99 12699.960000000001 199.94
endloop
endfacet
facet normal 0 0 1
outer loop
vertex 9999.99 12488.710000000001 199.94
vertex 9999.99 12699.960000000001 199.94
vertex 9765.86 12676.95 199.94
endloop
endfacet
facet normal 0 0 1
outer loop
vertex 7499.96 12387.18 199.94
vertex 7304.96 12480.78 199.94
vertex 7117.37 12423.84 199.94
endloop
endfacet
facet normal 0 0 1
outer loop
vertex 7499.96 12387.18 199.94
vertex 7117.37 12423.84 199.94
vertex 6944.47 12331.41 199.94
endloop
endfacet
facet normal 0 0 1
outer loop
vertex 7499.96 12387.18 199.94
vertex 6944.47 12331.41 199.94
vertex 6906.12 12299.95 199.94
endloop
endfacet
facet normal 0 0 0.9999999999999999
outer loop
vertex 7499.96 12387.18 199.94
vertex 6906.12 12299.95 199.94
vertex 7499.96 12299.95 199.94
endloop
endfacet
facet normal 0 0 0.9999999999999999
outer loop
vertex 7499.96 12387.18 199.94
vertex 7499.96 12299.95 199.94
vertex 8093.93 12299.95 199.94
endloop
endfacet
facet normal 0 0 1
outer loop
vertex 7499.96 12387.18 199.94
vertex 8093.93 12299.95 199.94
vertex 8055.58 12331.41 199.94
endloop
endfacet
facet normal 0 0 1
outer loop
vertex 7499.96 12387.18 199.94
vertex 8055.58 12331.41 199.94
vertex 7882.68 12423.84 199.94
endloop
endfacet
facet normal 0 0 1
outer loop
vertex 7499.96 12387.18 199.94
vertex 7882.68 12423.84 199.94
vertex 7695.09 12480.78 199.94
endloop
endfacet
facet normal 0 0 1
outer loop
vertex 7499.96 12387.18 199.94
vertex 7695.09 12480.78 199.94
vertex 7499.96 12500.02 199.94
endloop
endfacet
facet normal 0 0 1
outer loop
vertex 7499.96 12387.18 199.94
vertex 7499.96 12500.02 199.94
vertex 7304.96 12480.78 199.94
endloop
endfacet
facet normal 0 0 0.9999999999999999
outer loop
vertex 9999.99 12299.95 199.94
vertex 10156.12 12284.61 199.94
vertex 10901.02 12284.61 199.94
endloop
endfacet
facet normal 0 0 1
outer loop
vertex 9999.99 12299.95 199.94
vertex 10901.02 12284.61 199.94
vertex 10888.41 12299.95 199.94
endloop
endfacet
facet normal 0 0 0.9999999999999999
outer loop
vertex 9111.7 12299.95 199.94
vertex 9099.09 12284.61 199.94
vertex 9843.99 12284.61 199.94
endloop
endfacet
facet normal 0 0 1
outer loop
vertex 9111.7 12299.95 199.94
vertex 9843.99 12284.61 199.94
vertex 9999.99 12299.95 199.94
endloop
endfacet
facet normal 0 0 1
outer loop
vertex 7499.96 12299.95 199.94
vertex 7656.09 12284.61 199.94
vertex 8112.650000000001 12284.61 199.94
endloop
endfacet
facet normal 0 0 1
outer loop
vertex 7499.96 12299.95 199.94
vertex 8112.650000000001 12284.61 199.94
vertex 8093.93 12299.95 199.94
endloop
endfacet
facet normal 0 0 1
outer loop
vertex 6906.12 12299.95 199.94
vertex 6887.400000000001 12284.61 199.94
vertex 7343.96 12284.61 199.94
endloop
endfacet
facet normal 0 0 1
outer loop
vertex 6906.12 12299.95 199.94
vertex 7343.96 12284.61 199.94
vertex 7499.96 12299.95 199.94
endloop
endfacet
facet normal 0 0 1
outer loop
vertex 10156.12 12284.61 199.94
vertex 10306.140000000001 12239.11 199.94
vertex 10938.33 12239.11 199.94
endloop
endfacet
facet normal 0 0 1
outer loop
vertex 10156.12 12284.61 199.94
vertex 10938.33 12239.11 199.94
vertex 10901.02 12284.61 199.94
endloop
endfacet
facet normal 0 0 0.9999999999999999
outer loop
vertex 9099.09 12284.61 199.94
vertex 9061.65 12239.11 199.94
vertex 9693.84 12239.11 199.94
endloop
endfacet
facet normal 0 0 1
outer loop
vertex 9099.09 12284.61 199.94
vertex 9693.84 12239.11 199.94
vertex 9843.99 12284.61 199.94
endloop
endfacet
facet normal 0 0 1
outer loop
vertex 7656.09 12284.61 199.94
vertex 7806.110000000001 12239.11 199.94
vertex 8168.16 12239.11 199.94
endloop
endfacet
facet normal 0 0 1
outer loop
vertex 7656.09 12284.61 199.94
vertex 8168.16 12239.11 199.94
vertex 8112.650000000001 12284.61 199.94
endloop
endfacet
facet normal 0 0 1
outer loop
vertex 6887.400000000001 12284.61 199.94
vertex 6831.89 12239.11 199.94
vertex 7193.81 12239.11 199.94
endloop
endfacet
facet normal 0 0 1
outer loop
vertex 6887.400000000001 12284.61 199.94
vertex 7193.81 12239.11 199.94
vertex 7343.96 12284.61 199.94
endloop
endfacet
facet normal 0 0 1
outer loop
vertex 10737.09 12195.04 199.94
vertex 10306.140000000001 12239.11 199.94
vertex 10444.460000000001 12165.140000000001 199.94
endloop
endfacet
facet normal 0 0 1
outer loop
vertex 10737.09 12195.04 199.94
vertex 10444.460000000001 12165.140000000001 199.94
vertex 10998.52 12165.140000000001 199.94
endloop
endfacet
facet normal 0 0 0.9999999999999999
outer loop
vertex 10737.09 12195.04 199.94
vertex 10998.52 12165.140000000001 199.94
vertex 10997.74 12166.7 199.94
endloop
endfacet
facet normal 0 0 1
outer loop
vertex 10737.09 12195.04 199.94
vertex 10997.74 12166.7 199.94
vertex 10938.33 12239.11 199.94
endloop
endfacet
facet normal 0 0 1
outer loop
vertex 10737.09 12195.04 199.94
vertex 10938.33 12239.11 199.94
vertex 10306.140000000001 12239.11 199.94
endloop
endfacet
facet normal 0 0 1
outer loop
vertex 9262.89 12195.04 199.94
vertex 9061.65 12239.11 199.94
vertex 9002.24 12166.7 199.94
endloop
endfacet
facet normal 0 0 1
outer loop
vertex 9262.89 12195.04 199.94
vertex 9002.24 12166.7 199.94
vertex 9001.460000000001 12165.140000000001 199.94
endloop
endfacet
facet normal 0 0 1
outer loop
vertex 9262.89 12195.04 199.94
vertex 9001.460000000001 12165.140000000001 199.94
vertex 9555.52 12165.140000000001 199.94
endloop
endfacet
facet normal 0 0 0.9999999999999999
outer loop
vertex 9262.89 12195.04 199.94
vertex 9555.52 12165.140000000001 199.94
vertex 9693.84 12239.11 199.94
endloop
endfacet
facet normal 0 0 1
outer loop
vertex 9262.89 12195.04 199.94
vertex 9693.84 12239.11 199.94
vertex 9061.65 12239.11 199.94
endloop
endfacet
facet normal 0 0 1
outer loop
vertex 8073.52 12203.1 199.94
vertex 7806.110000000001 12239.11 199.94
vertex 7944.43 12165.140000000001 199.94
endloop
endfacet
facet normal 0 0 1
outer loop
vertex 8073.52 12203.1 199.94
vertex 7944.43 12165.140000000001 199.94
vertex 8241.48 12165.140000000001 199.94
endloop
endfacet
facet normal 0 0 1
outer loop
vertex 8073.52 12203.1 199.94
vertex 8241.48 12165.140000000001 199.94
vertex 8207.16 12207.130000000001 199.94
endloop
endfacet
facet normal 0 0 1
outer loop
vertex 8073.52 12203.1 199.94
vertex 8207.16 12207.130000000001 199.94
vertex 8168.16 12239.11 199.94
endloop
endfacet
facet normal 0 0 1
outer loop
vertex 8073.52 12203.1 199.94
vertex 8168.16 12239.11 199.94
vertex 7806.110000000001 12239.11 199.94
endloop
endfacet
facet normal 0 0 1
outer loop
vertex 6926.530000000001 12203.1 199.94
vertex 6831.89 12239.11 199.94
vertex 6792.89 12207.130000000001 199.94
endloop
endfacet
facet normal 0 0 1
outer loop
vertex 6926.530000000001 12203.1 199.94
vertex 6792.89 12207.130000000001 199.94
vertex 6758.4400000000005 12165.140000000001 199.94
endloop
endfacet
facet normal 0 0 1
outer loop
vertex 6926.530000000001 12203.1 199.94
vertex 6758.4400000000005 12165.140000000001 199.94
vertex 7055.490000000001 12165.140000000001 199.94
endloop
endfacet
facet normal 0 0 1
outer loop
vertex 6926.530000000001 12203.1 199.94
vertex 7055.490000000001 12165.140000000001 199.94
vertex 7193.81 12239.11 199.94
endloop
endfacet
facet normal 0 0 1
outer loop
vertex 6926.530000000001 12203.1 199.94
vertex 7193.81 12239.11 199.94
vertex 6831.89 12239.11 199.94
endloop
endfacet
facet normal 0 0 0.9999999999999999
outer loop
vertex 10444.460000000001 12165.140000000001 199.94
vertex 10565.75 12065.69 199.94
vertex 11051.69 12065.69 199.94
endloop
endfacet
facet normal 0 0 0.9999999999999999
outer loop
vertex 10444.460000000001 12165.140000000001 199.94
vertex 11051.69 12065.69 199.94
vertex 10998.52 12165.140000000001 199.94
endloop
endfacet
facet normal 0 0 1
outer loop
vertex 9001.460000000001 12165.140000000001 199.94
vertex 8948.29 12065.69 199.94
vertex 9434.36 12065.69 199.94
endloop
endfacet
facet normal 0 0 0.9999999999999999
outer loop
vertex 9001.460000000001 12165.140000000001 199.94
vertex 9434.36 12065.69 199.94
vertex 9555.52 12165.140000000001 199.94
endloop
endfacet
facet normal 0 0 1
outer loop
vertex 7944.43 12165.140000000001 199.94
vertex 8065.72 12065.69 199.94
vertex 8323.12 12065.69 199.94
endloop
endfacet
facet normal 0 0 1
outer loop
vertex 7944.43 12165.140000000001 199.94
vertex 8323.12 12065.69 199.94
vertex 8241.48 12165.140000000001 199.94
endloop
endfacet
facet normal 0 0 1
outer loop
vertex 6758.4400000000005 12165.140000000001 199.94
vertex 6676.8 12065.69 199.94
vertex 6934.33 12065.69 199.94
endloop
endfacet
facet normal 0 0 1
outer loop
vertex 6758.4400000000005 12165.140000000001 199.94
vertex 6934.33 12065.69 199.94
vertex 7055.490000000001 12165.140000000001 199.94
endloop
endfacet
facet normal 0 0 1
outer loop
vertex 10900.890000000001 11995.880000000001 199.94
vertex 10565.75 12065.69 199.94
vertex 10665.2 11944.4 199.94
endloop
endfacet
facet normal 0 0 1
outer loop
vertex 10900.890000000001 11995.880000000001 199.94
vertex 10665.2 11944.4 199.94
vertex 11113.18 11944.4 199.94
endloop
endfacet
facet normal 0 0 1
outer loop
vertex 10900.890000000001 11995.880000000001 199.94
vertex 11113.18 11944.4 199.94
vertex 11108.630000000001 11959.220000000001 199.94
endloop
endfacet
facet normal 0 0 1
outer loop
vertex 10900.890000000001 11995.880000000001 199.94
vertex 11108.630000000001 11959.220000000001 199.94
vertex 11051.69 12065.69 199.94
endloop
endfacet
facet normal 0 0 1
outer loop
vertex 10900.890000000001 11995.880000000001 199.94
vertex 11051.69 12065.69 199.94
vertex 10565.75 12065.69 199.94
endloop
endfacet
facet normal 0 0 1
outer loop
vertex 9099.09 11995.880000000001 199.94
vertex 8948.29 12065.69 199.94
vertex 8891.35 11959.220000000001 199.94
endloop
endfacet
facet normal 0 0 0.9999999999999999
outer loop
vertex 9099.09 11995.880000000001 199.94
vertex 8891.35 11959.220000000001 199.94
vertex 8886.93 11944.4 199.94
endloop
endfacet
facet normal 0 0 1
outer loop
vertex 9099.09 11995.880000000001 199.94
vertex 8886.93 11944.4 199.94
vertex 9334.78 11944.4 199.94
endloop
endfacet
facet normal 0 0 1
outer loop
vertex 9099.09 11995.880000000001 199.94
vertex 9334.78 11944.4 199.94
vertex 9434.36 12065.69 199.94
endloop
endfacet
facet normal 0 0 1
outer loop
vertex 9099.09 11995.880000000001 199.94
vertex 9434.36 12065.69 199.94
vertex 8948.29 12065.69 199.94
endloop
endfacet
facet normal 0 0 1
outer loop
vertex 8255.26 12015.12 199.94
vertex 8065.72 12065.69 199.94
vertex 8165.17 11944.4 199.94
endloop
endfacet
facet normal 0 0 1
outer loop
vertex 8255.26 12015.12 199.94
vertex 8165.17 11944.4 199.94
vertex 8390.85 11944.4 199.94
endloop
endfacet
facet normal 0 0 0.9999999999999999
outer loop
vertex 8255.26 12015.12 199.94
vertex 8390.85 11944.4 199.94
vertex 8331.44 12055.550000000001 199.94
endloop
endfacet
facet normal 0 0 1
outer loop
vertex 8255.26 12015.12 199.94
vertex 8331.44 12055.550000000001 199.94
vertex 8323.12 12065.69 199.94
endloop
endfacet
facet normal 0 0 1
outer loop
vertex 8255.26 12015.12 199.94
vertex 8323.12 12065.69 199.94
vertex 8065.72 12065.69 199.94
endloop
endfacet
facet normal 0 0 0.9999999999999999
outer loop
vertex 6744.79 12015.12 199.94
vertex 6676.8 12065.69 199.94
vertex 6668.4800000000005 12055.550000000001 199.94
endloop
endfacet
facet normal 0 0 1
outer loop
vertex 6744.79 12015.12 199.94
vertex 6668.4800000000005 12055.550000000001 199.94
vertex 6609.2 11944.4 199.94
endloop
endfacet
facet normal 0 0 1
outer loop
vertex 6744.79 12015.12 199.94
vertex 6609.2 11944.4 199.94
vertex 6834.88 11944.4 199.94
endloop
endfacet
facet normal 0 0 1
outer loop
vertex 6744.79 12015.12 199.94
vertex 6834.88 11944.4 199.94
vertex 6934.33 12065.69 199.94
endloop
endfacet
facet normal 0 0 1
outer loop
vertex 6744.79 12015.12 199.94
vertex 6934.33 12065.69 199.94
vertex 6676.8 12065.69 199.94
endloop
endfacet
facet normal 0 0 1
outer loop
vertex 10665.2 11944.4 199.94
vertex 10739.04 11806.210000000001 199.94
vertex 11155.04 11806.210000000001 199.94
endloop
endfacet
facet normal 0 0 1
outer loop
vertex 10665.2 11944.4 199.94
vertex 11155.04 11806.210000000001 199.94
vertex 11113.18 11944.4 199.94
endloop
endfacet
facet normal 0 0 1
outer loop
vertex 8886.93 11944.4 199.94
vertex 8844.94 11806.210000000001 199.94
vertex 9260.94 11806.210000000001 199.94
endloop
endfacet
facet normal 0 0 1
outer loop
vertex 8886.93 11944.4 199.94
vertex 9260.94 11806.210000000001 199.94
vertex 9334.78 11944.4 199.94
endloop
endfacet
facet normal 0 0 1
outer loop
vertex 8333.26 11876.800000000001 199.94
vertex 8165.17 11944.4 199.94
vertex 8239.14 11806.210000000001 199.94
endloop
endfacet
facet normal 0 0 1
outer loop
vertex 8333.26 11876.800000000001 199.94
vertex 8239.14 11806.210000000001 199.94
vertex 8447.14 11806.210000000001 199.94
endloop
endfacet
facet normal 0 0 1
outer loop
vertex 8333.26 11876.800000000001 199.94
vertex 8447.14 11806.210000000001 199.94
vertex 8423.87 11882.65 199.94
endloop
endfacet
facet normal 0 0 0.9999999999999999
outer loop
vertex 8333.26 11876.800000000001 199.94
vertex 8423.87 11882.65 199.94
vertex 8390.85 11944.4 199.94
endloop
endfacet
facet normal 0 0 1
outer loop
vertex 8333.26 11876.800000000001 199.94
vertex 8390.85 11944.4 199.94
vertex 8165.17 11944.4 199.94
endloop
endfacet
facet normal 0 0 1
outer loop
vertex 6666.79 11876.800000000001 199.94
vertex 6609.2 11944.4 199.94
vertex 6576.18 11882.65 199.94
endloop
endfacet
facet normal 0 0 0.9999999999999999
outer loop
vertex 6666.79 11876.800000000001 199.94
vertex 6576.18 11882.65 199.94
vertex 6552.91 11806.210000000001 199.94
endloop
endfacet
facet normal 0 0 1
outer loop
vertex 6666.79 11876.800000000001 199.94
vertex 6552.91 11806.210000000001 199.94
vertex 6760.91 11806.210000000001 199.94
endloop
endfacet
facet normal 0 0 0.9999999999999999
outer loop
vertex 6666.79 11876.800000000001 199.94
vertex 6760.91 11806.210000000001 199.94
vertex 6834.88 11944.4 199.94
endloop
endfacet
facet normal 0 0 1
outer loop
vertex 6666.79 11876.800000000001 199.94
vertex 6834.88 11944.4 199.94
vertex 6609.2 11944.4 199.94
endloop
endfacet
facet normal 0 0 1
outer loop
vertex 11008.01 11731.720000000001 199.94
vertex 10739.04 11806.210000000001 199.94
vertex 10784.67 11656.06 199.94
endloop
endfacet
facet normal 0 0 1
outer loop
vertex 11008.01 11731.720000000001 199.94
vertex 10784.67 11656.06 199.94
vertex 11184.68 11656.06 199.94
endloop
endfacet
facet normal 0 0 1
outer loop
vertex 11008.01 11731.720000000001 199.94
vertex 11184.68 11656.06 199.94
vertex 11176.880000000001 11734.060000000001 199.94
endloop
endfacet
facet normal 0 0 1
outer loop
vertex 11008.01 11731.720000000001 199.94
vertex 11176.880000000001 11734.060000000001 199.94
vertex 11155.04 11806.210000000001 199.94
endloop
endfacet
facet normal 0 0 1
outer loop
vertex 11008.01 11731.720000000001 199.94
vertex 11155.04 11806.210000000001 199.94
vertex 10739.04 11806.210000000001 199.94
endloop
endfacet
facet normal 0 0 1
outer loop
vertex 8991.970000000001 11731.720000000001 199.94
vertex 8844.94 11806.210000000001 199.94
vertex 8823.1 11734.060000000001 199.94
endloop
endfacet
facet normal 0 0 1
outer loop
vertex 8991.970000000001 11731.720000000001 199.94
vertex 8823.1 11734.060000000001 199.94
vertex 8815.43 11656.06 199.94
endloop
endfacet
facet normal 0 0 1
outer loop
vertex 8991.970000000001 11731.720000000001 199.94
vertex 8815.43 11656.06 199.94
vertex 9215.31 11656.06 199.94
endloop
endfacet
facet normal 0 0 1
outer loop
vertex 8991.970000000001 11731.720000000001 199.94
vertex 9215.31 11656.06 199.94
vertex 9260.94 11806.210000000001 199.94
endloop
endfacet
facet normal 0 0 1
outer loop
vertex 8991.970000000001 11731.720000000001 199.94
vertex 9260.94 11806.210000000001 199.94
vertex 8844.94 11806.210000000001 199.94
endloop
endfacet
facet normal 0 0 1
outer loop
vertex 8387.210000000001 11723.92 199.94
vertex 8239.14 11806.210000000001 199.94
vertex 8284.64 11656.06 199.94
endloop
endfacet
facet normal 0 0 0.9999999999999999
outer loop
vertex 8387.210000000001 11723.92 199.94
vertex 8284.64 11656.06 199.94
vertex 8484.58 11656.06 199.94
endloop
endfacet
facet normal 0 0 0.9999999999999999
outer loop
vertex 8387.210000000001 11723.92 199.94
vertex 8484.58 11656.06 199.94
vertex 8480.81 11695.06 199.94
endloop
endfacet
facet normal 0 0 1
outer loop
vertex 8387.210000000001 11723.92 199.94
vertex 8480.81 11695.06 199.94
vertex 8447.14 11806.210000000001 199.94
endloop
endfacet
facet normal 0 0 1
outer loop
vertex 8387.210000000001 11723.92 199.94
vertex 8447.14 11806.210000000001 199.94
vertex 8239.14 11806.210000000001 199.94
endloop
endfacet
facet normal 0 0 1
outer loop
vertex 6612.71 11723.92 199.94
vertex 6552.91 11806.210000000001 199.94
vertex 6519.24 11695.06 199.94
endloop
endfacet
facet normal 0 0 0.9999999999999999
outer loop
vertex 6612.71 11723.92 199.94
vertex 6519.24 11695.06 199.94
vertex 6515.34 11656.06 199.94
endloop
endfacet
facet normal 0 0 1
outer loop
vertex 6612.71 11723.92 199.94
vertex 6515.34 11656.06 199.94
vertex 6715.41 11656.06 199.94
endloop
endfacet
facet normal 0 0 1
outer loop
vertex 6612.71 11723.92 199.94
vertex 6715.41 11656.06 199.94
vertex 6760.91 11806.210000000001 199.94
endloop
endfacet
facet normal 0 0 1
outer loop
vertex 6612.71 11723.92 199.94
vertex 6760.91 11806.210000000001 199.94
vertex 6552.91 11806.210000000001 199.94
endloop
endfacet
facet normal 0 0 1
outer loop
vertex 10784.67 11656.06 199.94
vertex 10800.01 11500.06 199.94
vertex 11200.02 11500.06 199.94
endloop
endfacet
facet normal 0 0 1
outer loop
vertex 10784.67 11656.06 199.94
vertex 11200.02 11500.06 199.94
vertex 11184.68 11656.06 199.94
endloop
endfacet
facet normal 0 0 1
outer loop
vertex 8815.43 11656.06 199.94
vertex 8799.960000000001 11500.06 199.94
vertex 9199.970000000001 11500.06 199.94
endloop
endfacet
facet normal 0 0 0.9999999999999999
outer loop
vertex 8815.43 11656.06 199.94
vertex 9199.970000000001 11500.06 199.94
vertex 9215.31 11656.06 199.94
endloop
endfacet
facet normal 0 0 1
outer loop
vertex 8284.64 11656.06 199.94
vertex 8299.98 11500.06 199.94
vertex 8500.050000000001 11500.06 199.94
endloop
endfacet
facet normal 0 0 1
outer loop
vertex 8284.64 11656.06 199.94
vertex 8500.050000000001 11500.06 199.94
vertex 8484.58 11656.06 199.94
endloop
endfacet
facet normal 0 0 1
outer loop
vertex 6515.34 11656.06 199.94
vertex 6500 11500.06 199.94
vertex 6699.9400000000005 11500.06 199.94
endloop
endfacet
facet normal 0 0 1
outer loop
vertex 6515.34 11656.06 199.94
vertex 6699.9400000000005 11500.06 199.94
vertex 6715.41 11656.06 199.94
endloop
endfacet
facet normal 0 0 1
outer loop
vertex 10800.01 11500.06 199.94
vertex 10784.67 11343.93 199.94
vertex 11184.68 11343.93 199.94
endloop
endfacet
facet normal 0 0 1
outer loop
vertex 10800.01 11500.06 199.94
vertex 11184.68 11343.93 199.94
vertex 11200.02 11500.06 199.94
endloop
endfacet
facet normal 0 0 0.9999999999999999
outer loop
vertex 8799.960000000001 11500.06 199.94
vertex 8815.43 11343.93 199.94
vertex 9215.31 11343.93 199.94
endloop
endfacet
facet normal 0 0 1
outer loop
vertex 8799.960000000001 11500.06 199.94
vertex 9215.31 11343.93 199.94
vertex 9199.970000000001 11500.06 199.94
endloop
endfacet
facet normal 0 0 1
outer loop
vertex 8299.98 11500.06 199.94
vertex 8284.64 11343.93 199.94
vertex 8484.58 11343.93 199.94
endloop
endfacet
facet normal 0 0 1
outer loop
vertex 8299.98 11500.06 199.94
vertex 8484.58 11343.93 199.94
vertex 8500.050000000001 11500.06 199.94
endloop
endfacet
facet normal 0 0 0.9999999999999999
outer loop
vertex 6500 11500.06 199.94
vertex 6515.34 11343.93 199.94
vertex 6715.41 11343.93 199.94
endloop
endfacet
facet normal 0 0 1
outer loop
vertex 6500 11500.06 199.94
vertex 6715.41 11343.93 199.94
vertex 6699.9400000000005 11500.06 199.94
endloop
endfacet
facet normal 0 0 1
outer loop
vertex 11008.01 11268.27 199.94
vertex 10784.67 11343.93 199.94
vertex 10739.04 11193.91 199.94
endloop
endfacet
facet normal 0 0 1
outer loop
vertex 11008.01 11268.27 199.94
vertex 10739.04 11193.91 199.94
vertex 11155.04 11193.91 199.94
endloop
endfacet
facet normal 0 0 1
outer loop
vertex 11008.01 11268.27 199.94
vertex 11155.04 11193.91 199.94
vertex 11176.880000000001 11265.93 199.94
endloop
endfacet
facet normal 0 0 1
outer loop
vertex 11008.01 11268.27 199.94
vertex 11176.880000000001 11265.93 199.94
vertex 11184.68 11343.93 199.94
endloop
endfacet
facet normal 0 0 1
outer loop
vertex 11008.01 11268.27 199.94
vertex 11184.68 11343.93 199.94
vertex 10784.67 11343.93 199.94
endloop
endfacet
facet normal 0 0 0.9999999999999999
outer loop
vertex 8991.970000000001 11268.27 199.94
vertex 8815.43 11343.93 199.94
vertex 8823.1 11265.93 199.94
endloop
endfacet
facet normal 0 0 1
outer loop
vertex 8991.970000000001 11268.27 199.94
vertex 8823.1 11265.93 199.94
vertex 8844.94 11193.91 199.94
endloop
endfacet
facet normal 0 0 1
outer loop
vertex 8991.970000000001 11268.27 199.94
vertex 8844.94 11193.91 199.94
vertex 9260.94 11193.91 199.94
endloop
endfacet
facet normal 0 0 1
outer loop
vertex 8991.970000000001 11268.27 199.94
vertex 9260.94 11193.91 199.94
vertex 9215.31 11343.93 199.94
endloop
endfacet
facet normal 0 0 1
outer loop
vertex 8991.970000000001 11268.27 199.94
vertex 9215.31 11343.93 199.94
vertex 8815.43 11343.93 199.94
endloop
endfacet
facet normal 0 0 1
outer loop
vertex 8387.210000000001 11276.07 199.94
vertex 8284.64 11343.93 199.94
vertex 8239.14 11193.91 199.94
endloop
endfacet
facet normal 0 0 1
outer loop
vertex 8387.210000000001 11276.07 199.94
vertex 8239.14 11193.91 199.94
vertex 8447.14 11193.91 199.94
endloop
endfacet
facet normal 0 0 1
outer loop
vertex 8387.210000000001 11276.07 199.94
vertex 8447.14 11193.91 199.94
vertex 8480.81 11304.93 199.94
endloop
endfacet
facet normal 0 0 0.9999999999999999
outer loop
vertex 8387.210000000001 11276.07 199.94
vertex 8480.81 11304.93 199.94
vertex 8484.58 11343.93 199.94
endloop
endfacet
facet normal 0 0 0.9999999999999999
outer loop
vertex 8387.210000000001 11276.07 199.94
vertex 8484.58 11343.93 199.94
vertex 8284.64 11343.93 199.94
endloop
endfacet
facet normal 0 0 0.9999999999999999
outer loop
vertex 6612.71 11276.07 199.94
vertex 6515.34 11343.93 199.94
vertex 6519.24 11304.93 199.94
endloop
endfacet
facet normal 0 0 1
outer loop
vertex 6612.71 11276.07 199.94
vertex 6519.24 11304.93 199.94
vertex 6552.91 11193.91 199.94
endloop
endfacet
facet normal 0 0 1
outer loop
vertex 6612.71 11276.07 199.94
vertex 6552.91 11193.91 199.94
vertex 6760.91 11193.91 199.94
endloop
endfacet
facet normal 0 0 1
outer loop
vertex 6612.71 11276.07 199.94
vertex 6760.91 11193.91 199.94
vertex 6715.41 11343.93 199.94
endloop
endfacet
facet normal 0 0 1
outer loop
vertex 6612.71 11276.07 199.94
vertex 6715.41 11343.93 199.94
vertex 6515.34 11343.93 199.94
endloop
endfacet
facet normal 0 0 1
outer loop
vertex 10739.04 11193.91 199.94
vertex 10665.2 11055.59 199.94
vertex 11113.18 11055.59 199.94
endloop
endfacet
facet normal 0 0 1
outer loop
vertex 10739.04 11193.91 199.94
vertex 11113.18 11055.59 199.94
vertex 11155.04 11193.91 199.94
endloop
endfacet
facet normal 0 0 1
outer loop
vertex 8844.94 11193.91 199.94
vertex 8886.93 11055.59 199.94
vertex 9334.78 11055.59 199.94
endloop
endfacet
facet normal 0 0 1
outer loop
vertex 8844.94 11193.91 199.94
vertex 9334.78 11055.59 199.94
vertex 9260.94 11193.91 199.94
endloop
endfacet
facet normal 0 0 1
outer loop
vertex 8333.26 11123.32 199.94
vertex 8239.14 11193.91 199.94
vertex 8165.17 11055.59 199.94
endloop
endfacet
facet normal 0 0 0.9999999999999999
outer loop
vertex 8333.26 11123.32 199.94
vertex 8165.17 11055.59 199.94
vertex 8390.85 11055.59 199.94
endloop
endfacet
facet normal 0 0 1
outer loop
vertex 8333.26 11123.32 199.94
vertex 8390.85 11055.59 199.94
vertex 8423.87 11117.34 199.94
endloop
endfacet
facet normal 0 0 1
outer loop
vertex 8333.26 11123.32 199.94
vertex 8423.87 11117.34 199.94
vertex 8447.14 11193.91 199.94
endloop
endfacet
facet normal 0 0 1
outer loop
vertex 8333.26 11123.32 199.94
vertex 8447.14 11193.91 199.94
vertex 8239.14 11193.91 199.94
endloop
endfacet
facet normal 0 0 1
outer loop
vertex 6666.79 11123.32 199.94
vertex 6552.91 11193.91 199.94
vertex 6576.18 11117.34 199.94
endloop
endfacet
facet normal 0 0 1
outer loop
vertex 6666.79 11123.32 199.94
vertex 6576.18 11117.34 199.94
vertex 6609.2 11055.59 199.94
endloop
endfacet
facet normal 0 0 0.9999999999999999
outer loop
vertex 6666.79 11123.32 199.94
vertex 6609.2 11055.59 199.94
vertex 6834.88 11055.59 199.94
endloop
endfacet
facet normal 0 0 1
outer loop
vertex 6666.79 11123.32 199.94
vertex 6834.88 11055.59 199.94
vertex 6760.91 11193.91 199.94
endloop
endfacet
facet normal 0 0 1
outer loop
vertex 6666.79 11123.32 199.94
vertex 6760.91 11193.91 199.94
vertex 6552.91 11193.91 199.94
endloop
endfacet
facet normal 0 0 1
outer loop
vertex 10900.890000000001 11004.11 199.94
vertex 10665.2 11055.59 199.94
vertex 10565.75 10934.300000000001 199.94
endloop
endfacet
facet normal 0 0 1
outer loop
vertex 10900.890000000001 11004.11 199.94
vertex 10565.75 10934.300000000001 199.94
vertex 11051.69 10934.300000000001 199.94
endloop
endfacet
facet normal 0 0 1
outer loop
vertex 10900.890000000001 11004.11 199.94
vertex 11051.69 10934.300000000001 199.94
vertex 11108.630000000001 11040.77 199.94
endloop
endfacet
facet normal 0 0 1
outer loop
vertex 10900.890000000001 11004.11 199.94
vertex 11108.630000000001 11040.77 199.94
vertex 11113.18 11055.59 199.94
endloop
endfacet
facet normal 0 0 1
outer loop
vertex 10900.890000000001 11004.11 199.94
vertex 11113.18 11055.59 199.94
vertex 10665.2 11055.59 199.94
endloop
endfacet
facet normal 0 0 1
outer loop
vertex 9099.09 11004.11 199.94
vertex 8886.93 11055.59 199.94
vertex 8891.35 11040.77 199.94
endloop
endfacet
facet normal 0 0 1
outer loop
vertex 9099.09 11004.11 199.94
vertex 8891.35 11040.77 199.94
vertex 8948.29 10934.300000000001 199.94
endloop
endfacet
facet normal 0 0 1
outer loop
vertex 9099.09 11004.11 199.94
vertex 8948.29 10934.300000000001 199.94
vertex 9434.36 10934.300000000001 199.94
endloop
endfacet
facet normal 0 0 1
outer loop
vertex 9099.09 11004.11 199.94
vertex 9434.36 10934.300000000001 199.94
vertex 9334.78 11055.59 199.94
endloop
endfacet
facet normal 0 0 1
outer loop
vertex 9099.09 11004.11 199.94
vertex 9334.78 11055.59 199.94
vertex 8886.93 11055.59 199.94
endloop
endfacet
facet normal 0 0 0.9999999999999999
outer loop
vertex 8255.26 10984.87 199.94
vertex 8165.17 11055.59 199.94
vertex 8065.72 10934.300000000001 199.94
endloop
endfacet
facet normal 0 0 1
outer loop
vertex 8255.26 10984.87 199.94
vertex 8065.72 10934.300000000001 199.94
vertex 8323.12 10934.300000000001 199.94
endloop
endfacet
facet normal 0 0 1
outer loop
vertex 8255.26 10984.87 199.94
vertex 8323.12 10934.300000000001 199.94
vertex 8331.44 10944.44 199.94
endloop
endfacet
facet normal 0 0 1
outer loop
vertex 8255.26 10984.87 199.94
vertex 8331.44 10944.44 199.94
vertex 8390.85 11055.59 199.94
endloop
endfacet
facet normal 0 0 1
outer loop
vertex 8255.26 10984.87 199.94
vertex 8390.85 11055.59 199.94
vertex 8165.17 11055.59 199.94
endloop
endfacet
facet normal 0 0 1
outer loop
vertex 6744.79 10984.87 199.94
vertex 6609.2 11055.59 199.94
vertex 6668.4800000000005 10944.44 199.94
endloop
endfacet
facet normal 0 0 0.9999999999999999
outer loop
vertex 6744.79 10984.87 199.94
vertex 6668.4800000000005 10944.44 199.94
vertex 6676.8 10934.300000000001 199.94
endloop
endfacet
facet normal 0 0 1
outer loop
vertex 6744.79 10984.87 199.94
vertex 6676.8 10934.300000000001 199.94
vertex 6934.33 10934.300000000001 199.94
endloop
endfacet
facet normal 0 0 0.9999999999999999
outer loop
vertex 6744.79 10984.87 199.94
vertex 6934.33 10934.300000000001 199.94
vertex 6834.88 11055.59 199.94
endloop
endfacet
facet normal 0 0 1
outer loop
vertex 6744.79 10984.87 199.94
vertex 6834.88 11055.59 199.94
vertex 6609.2 11055.59 199.94
endloop
endfacet
facet normal 0 0 1
outer loop
vertex 10565.75 10934.300000000001 199.94
vertex 10444.460000000001 10834.85 199.94
vertex 10998.52 10834.85 199.94
endloop
endfacet
facet normal 0 0 0.9999999999999999
outer loop
vertex 10565.75 10934.300000000001 199.94
vertex 10998.52 10834.85 199.94
vertex 11051.69 10934.300000000001 199.94
endloop
endfacet
facet normal 0 0 0.9999999999999999
outer loop
vertex 8948.29 10934.300000000001 199.94
vertex 9001.460000000001 10834.85 199.94
vertex 9555.52 10834.85 199.94
endloop
endfacet
facet normal 0 0 1
outer loop
vertex 8948.29 10934.300000000001 199.94
vertex 9555.52 10834.85 199.94
vertex 9434.36 10934.300000000001 199.94
endloop
endfacet
facet normal 0 0 1
outer loop
vertex 8065.72 10934.300000000001 199.94
vertex 7944.43 10834.85 199.94
vertex 8241.48 10834.85 199.94
endloop
endfacet
facet normal 0 0 1
outer loop
vertex 8065.72 10934.300000000001 199.94
vertex 8241.48 10834.85 199.94
vertex 8323.12 10934.300000000001 199.94
endloop
endfacet
facet normal 0 0 1
outer loop
vertex 6676.8 10934.300000000001 199.94
vertex 6758.4400000000005 10834.85 199.94
vertex 7055.490000000001 10834.85 199.94
endloop
endfacet
facet normal 0 0 1
outer loop
vertex 6676.8 10934.300000000001 199.94
vertex 7055.490000000001 10834.85 199.94
vertex 6934.33 10934.300000000001 199.94
endloop
endfacet
facet normal 0 0 1
outer loop
vertex 10737.09 10804.95 199.94
vertex 10444.460000000001 10834.85 199.94
vertex 10306.140000000001 10760.880000000001 199.94
endloop
endfacet
facet normal 0 0 1
outer loop
vertex 10737.09 10804.95 199.94
vertex 10306.140000000001 10760.880000000001 199.94
vertex 10938.33 10760.880000000001 199.94
endloop
endfacet
facet normal 0 0 1
outer loop
vertex 10737.09 10804.95 199.94
vertex 10938.33 10760.880000000001 199.94
vertex 10997.74 10833.29 199.94
endloop
endfacet
facet normal 0 0 0.9999999999999999
outer loop
vertex 10737.09 10804.95 199.94
vertex 10997.74 10833.29 199.94
vertex 10998.52 10834.85 199.94
endloop
endfacet
facet normal 0 0 1
outer loop
vertex 10737.09 10804.95 199.94
vertex 10998.52 10834.85 199.94
vertex 10444.460000000001 10834.85 199.94
endloop
endfacet
facet normal 0 0 1
outer loop
vertex 9262.89 10804.95 199.94
vertex 9001.460000000001 10834.85 199.94
vertex 9002.24 10833.29 199.94
endloop
endfacet
facet normal 0 0 1
outer loop
vertex 9262.89 10804.95 199.94
vertex 9002.24 10833.29 199.94
vertex 9061.65 10760.880000000001 199.94
endloop
endfacet
facet normal 0 0 1
outer loop
vertex 9262.89 10804.95 199.94
vertex 9061.65 10760.880000000001 199.94
vertex 9693.84 10760.880000000001 199.94
endloop
endfacet
facet normal 0 0 0.9999999999999999
outer loop
vertex 9262.89 10804.95 199.94
vertex 9693.84 10760.880000000001 199.94
vertex 9555.52 10834.85 199.94
endloop
endfacet
facet normal 0 0 1
outer loop
vertex 9262.89 10804.95 199.94
vertex 9555.52 10834.85 199.94
vertex 9001.460000000001 10834.85 199.94
endloop
endfacet
facet normal 0 0 1
outer loop
vertex 8073.52 10796.890000000001 199.94
vertex 7944.43 10834.85 199.94
vertex 7806.110000000001 10760.880000000001 199.94
endloop
endfacet
facet normal 0 0 1
outer loop
vertex 8073.52 10796.890000000001 199.94
vertex 7806.110000000001 10760.880000000001 199.94
vertex 8168.16 10760.880000000001 199.94
endloop
endfacet
facet normal 0 0 1
outer loop
vertex 8073.52 10796.890000000001 199.94
vertex 8168.16 10760.880000000001 199.94
vertex 8207.16 10792.86 199.94
endloop
endfacet
facet normal 0 0 1
outer loop
vertex 8073.52 10796.890000000001 199.94
vertex 8207.16 10792.86 199.94
vertex 8241.48 10834.85 199.94
endloop
endfacet
facet normal 0 0 1
outer loop
vertex 8073.52 10796.890000000001 199.94
vertex 8241.48 10834.85 199.94
vertex 7944.43 10834.85 199.94
endloop
endfacet
facet normal 0 0 1
outer loop
vertex 6926.530000000001 10796.890000000001 199.94
vertex 6758.4400000000005 10834.85 199.94
vertex 6792.89 10792.86 199.94
endloop
endfacet
facet normal 0 0 1
outer loop
vertex 6926.530000000001 10796.890000000001 199.94
vertex 6792.89 10792.86 199.94
vertex 6831.89 10760.880000000001 199.94
endloop
endfacet
facet normal 0 0 1
outer loop
vertex 6926.530000000001 10796.890000000001 199.94
vertex 6831.89 10760.880000000001 199.94
vertex 7193.81 10760.880000000001 199.94
endloop
endfacet
facet normal 0 0 1
outer loop
vertex 6926.530000000001 10796.890000000001 199.94
vertex 7193.81 10760.880000000001 199.94
vertex 7055.490000000001 10834.85 199.94
endloop
endfacet
facet normal 0 0 1
outer loop
vertex 6926.530000000001 10796.890000000001 199.94
vertex 7055.490000000001 10834.85 199.94
vertex 6758.4400000000005 10834.85 199.94
endloop
endfacet
facet normal 0 0 1
outer loop
vertex 10306.140000000001 10760.880000000001 199.94
vertex 10156.12 10715.380000000001 199.94
vertex 10901.02 10715.380000000001 199.94
endloop
endfacet
facet normal 0 0 0.9999999999999999
outer loop
vertex 10306.140000000001 10760.880000000001 199.94
vertex 10901.02 10715.380000000001 199.94
vertex 10938.33 10760.880000000001 199.94
endloop
endfacet
facet normal 0 0 1
outer loop
vertex 9061.65 10760.880000000001 199.94
vertex 9099.09 10715.380000000001 199.94
vertex 9843.99 10715.380000000001 199.94
endloop
endfacet
facet normal 0 0 0.9999999999999999
outer loop
vertex 9061.65 10760.880000000001 199.94
vertex 9843.99 10715.380000000001 199.94
vertex 9693.84 10760.880000000001 199.94
endloop
endfacet
facet normal 0 0 1
outer loop
vertex 7806.110000000001 10760.880000000001 199.94
vertex 7656.09 10715.380000000001 199.94
vertex 8112.650000000001 10715.380000000001 199.94
endloop
endfacet
facet normal 0 0 1
outer loop
vertex 7806.110000000001 10760.880000000001 199.94
vertex 8112.650000000001 10715.380000000001 199.94
vertex 8168.16 10760.880000000001 199.94
endloop
endfacet
facet normal 0 0 1
outer loop
vertex 6831.89 10760.880000000001 199.94
vertex 6887.400000000001 10715.380000000001 199.94
vertex 7343.96 10715.380000000001 199.94
endloop
endfacet
facet normal 0 0 1
outer loop
vertex 6831.89 10760.880000000001 199.94
vertex 7343.96 10715.380000000001 199.94
vertex 7193.81 10760.880000000001 199.94
endloop
endfacet
facet normal 0 0 1
outer loop
vertex 10156.12 10715.380000000001 199.94
vertex 9999.99 10700.04 199.94
vertex 10888.41 10700.04 199.94
endloop
endfacet
facet normal 0 0 0.9999999999999999
outer loop
vertex 10156.12 10715.380000000001 199.94
vertex 10888.41 10700.04 199.94
vertex 10901.02 10715.380000000001 199.94
endloop
endfacet
facet normal 0 0 1
outer loop
vertex 9099.09 10715.380000000001 199.94
vertex 9111.7 10700.04 199.94
vertex 9999.99 10700.04 199.94
endloop
endfacet
facet normal 0 0 0.9999999999999999
outer loop
vertex 9099.09 10715.380000000001 199.94
vertex 9999.99 10700.04 199.94
vertex 9843.99 10715.380000000001 199.94
endloop
endfacet
facet normal 0 0 1
outer loop
vertex 7656.09 10715.380000000001 199.94
vertex 7499.96 10700.04 199.94
vertex 8093.93 10700.04 199.94
endloop
endfacet
facet normal 0 0 0.9999999999999999
outer loop
vertex 7656.09 10715.380000000001 199.94
vertex 8093.93 10700.04 199.94
vertex 8112.650000000001 10715.380000000001 199.94
endloop
endfacet
facet normal 0 0 1
outer loop
vertex 6887.400000000001 10715.380000000001 199.94
vertex 6906.12 10700.04 199.94
vertex 7499.96 10700.04 199.94
endloop
endfacet
facet normal 0 0 1
outer loop
vertex 6887.400000000001 10715.380000000001 199.94
vertex 7499.96 10700.04 199.94
vertex 7343.96 10715.380000000001 199.94
endloop
endfacet
facet normal 0 0 1
outer loop
vertex 4044.04 11708.19 199.94
vertex 3340.61 12380.42 199.94
vertex 3339.96 12380.03 199.94
endloop
endfacet
facet normal 0 0 1
outer loop
vertex 4044.04 11708.19 199.94
vertex 3339.96 12380.03 199.94
vertex 4600.05 10700.04 199.94
endloop
endfacet
facet normal 0 0 1
outer loop
vertex 4044.04 11708.19 199.94
vertex 4600.05 10700.04 199.94
vertex 5100.03 10700.04 199.94
endloop
endfacet
facet normal 0 0 1
outer loop
vertex 4044.04 11708.19 199.94
vertex 5100.03 10700.04 199.94
vertex 3839.6800000000003 12380.42 199.94
endloop
endfacet
facet normal 0 0 1
outer loop
vertex 4044.04 11708.19 199.94
vertex 3839.6800000000003 12380.42 199.94
vertex 3340.61 12380.42 199.94
endloop
endfacet
facet normal 0 0 1
outer loop
vertex 4003.2200000000003 10659.87 199.94
vertex 4600.05 10700.04 199.94
vertex 2000.0500000000002 10700.04 199.94
endloop
endfacet
facet normal 0 0 1
outer loop
vertex 4003.2200000000003 10659.87 199.94
vertex 2000.0500000000002 10700.04 199.94
vertex 2000.0500000000002 10619.57 199.94
endloop
endfacet
facet normal 0 0 1
outer loop
vertex 4003.2200000000003 10659.87 199.94
vertex 2000.0500000000002 10619.57 199.94
vertex 5159.4400000000005 10619.57 199.94
endloop
endfacet
facet normal 0 0 1
outer loop
vertex 4003.2200000000003 10659.87 199.94
vertex 5159.4400000000005 10619.57 199.94
vertex 5159.96 10619.960000000001 199.94
endloop
endfacet
facet normal 0 0 1
outer loop
vertex 4003.2200000000003 10659.87 199.94
vertex 5159.96 10619.960000000001 199.94
vertex 5100.03 10700.04 199.94
endloop
endfacet
facet normal 0 0 1
outer loop
vertex 4003.2200000000003 10659.87 199.94
vertex 5100.03 10700.04 199.94
vertex 4600.05 10700.04 199.94
endloop
endfacet
facet normal 0 0 1
outer loop
vertex 7499.96 10612.81 199.94
vertex 7499.96 10700.04 199.94
vertex 6906.12 10700.04 199.94
endloop
endfacet
facet normal 0 0 1
outer loop
vertex 7499.96 10612.81 199.94
vertex 6906.12 10700.04 199.94
vertex 6944.47 10668.58 199.94
endloop
endfacet
facet normal 0 0 1
outer loop
vertex 7499.96 10612.81 199.94
vertex 6944.47 10668.58 199.94
vertex 7117.37 10576.15 199.94
endloop
endfacet
facet normal 0 0 0.9999999999999999
outer loop
vertex 7499.96 10612.81 199.94
vertex 7117.37 10576.15 199.94
vertex 7304.96 10519.210000000001 199.94
endloop
endfacet
facet normal 0 0 0.9999999999999999
outer loop
vertex 7499.96 10612.81 199.94
vertex 7304.96 10519.210000000001 199.94
vertex 7499.96 10499.970000000001 199.94
endloop
endfacet
facet normal 0 0 1
outer loop
vertex 7499.96 10612.81 199.94
vertex 7499.96 10499.970000000001 199.94
vertex 7695.09 10519.210000000001 199.94
endloop
endfacet
facet normal 0 0 1
outer loop
vertex 7499.96 10612.81 199.94
vertex 7695.09 10519.210000000001 199.94
vertex 7882.68 10576.15 199.94
endloop
endfacet
facet normal 0 0 1
outer loop
vertex 7499.96 10612.81 199.94
vertex 7882.68 10576.15 199.94
vertex 8055.58 10668.58 199.94
endloop
endfacet
facet normal 0 0 1
outer loop
vertex 7499.96 10612.81 199.94
vertex 8055.58 10668.58 199.94
vertex 8093.93 10700.04 199.94
endloop
endfacet
facet normal 0 0 1
outer loop
vertex 7499.96 10612.81 199.94
vertex 8093.93 10700.04 199.94
vertex 7499.96 10700.04 199.94
endloop
endfacet
facet normal 0 0 1
outer loop
vertex 9999.99 10511.28 199.94
vertex 9999.99 10700.04 199.94
vertex 9111.7 10700.04 199.94
endloop
endfacet
facet normal 0 0 1
outer loop
vertex 9999.99 10511.28 199.94
vertex 9111.7 10700.04 199.94
vertex 9151.48 10651.42 199.94
endloop
endfacet
facet normal 0 0 1
outer loop
vertex 9999.99 10511.28 199.94
vertex 9151.48 10651.42 199.94
vertex 9333.35 10502.18 199.94
endloop
endfacet
facet normal 0 0 1
outer loop
vertex 9999.99 10511.28 199.94
vertex 9333.35 10502.18 199.94
vertex 9540.83 10391.29 199.94
endloop
endfacet
facet normal 0 0 1
outer loop
vertex 9999.99 10511.28 199.94
vertex 9540.83 10391.29 199.94
vertex 9765.86 10323.04 199.94
endloop
endfacet
facet normal 0 0 1
outer loop
vertex 9999.99 10511.28 199.94
vertex 9765.86 10323.04 199.94
vertex 9999.99 10300.03 199.94
endloop
endfacet
facet normal 0 0 1
outer loop
vertex 9999.99 10511.28 199.94
vertex 9999.99 10300.03 199.94
vertex 10234.12 10323.04 199.94
endloop
endfacet
facet normal 0 0 0.9999999999999999
outer loop
vertex 9999.99 10511.28 199.94
vertex 10234.12 10323.04 199.94
vertex 10459.28 10391.29 199.94
endloop
endfacet
facet normal 0 0 1
outer loop
vertex 9999.99 10511.28 199.94
vertex 10459.28 10391.29 199.94
vertex 10666.630000000001 10502.18 199.94
endloop
endfacet
facet normal 0 0 1
outer loop
vertex 9999.99 10511.28 199.94
vertex 10666.630000000001 10502.18 199.94
vertex 10848.5 10651.42 199.94
endloop
endfacet
facet normal 0 0 1
outer loop
vertex 9999.99 10511.28 199.94
vertex 10848.5 10651.42 199.94
vertex 10888.41 10700.04 199.94
endloop
endfacet
facet normal 0 0 1
outer loop
vertex 9999.99 10511.28 199.94
vertex 10888.41 10700.04 199.94
vertex 9999.99 10700.04 199.94
endloop
endfacet
facet normal 0 0 1
outer loop
vertex 4721.47 10443.42 199.94
vertex 2000.0500000000002 10619.57 199.94
vertex 2000.0500000000002 10300.03 199.94
endloop
endfacet
facet normal 0 0 1
outer loop
vertex 4721.47 10443.42 199.94
vertex 2000.0500000000002 10300.03 199.94
vertex 5000.06 10300.03 199.94
endloop
endfacet
facet normal 0 0 1
outer loop
vertex 4721.47 10443.42 199.94
vertex 5000.06 10300.03 199.94
vertex 5039.06 10303.800000000001 199.94
endloop
endfacet
facet normal 0 0 1
outer loop
vertex 4721.47 10443.42 199.94
vertex 5039.06 10303.800000000001 199.94
vertex 5076.5 10315.24 199.94
endloop
endfacet
facet normal 0 0 1
outer loop
vertex 4721.47 10443.42 199.94
vertex 5076.5 10315.24 199.94
vertex 5111.08 10333.7 199.94
endloop
endfacet
facet normal 0 0 1
outer loop
vertex 4721.47 10443.42 199.94
vertex 5111.08 10333.7 199.94
vertex 5141.37 10358.53 199.94
endloop
endfacet
facet normal 0 0 1
outer loop
vertex 4721.47 10443.42 199.94
vertex 5141.37 10358.53 199.94
vertex 5166.33 10388.95 199.94
endloop
endfacet
facet normal 0 0 1
outer loop
vertex 4721.47 10443.42 199.94
vertex 5166.33 10388.95 199.94
vertex 5184.79 10423.4 199.94
endloop
endfacet
facet normal 0 0 1
outer loop
vertex 4721.47 10443.42 199.94
vertex 5184.79 10423.4 199.94
vertex 5196.1 10460.970000000001 199.94
endloop
endfacet
facet normal 0 0 1
outer loop
vertex 4721.47 10443.42 199.94
vertex 5196.1 10460.970000000001 199.94
vertex 5200 10499.970000000001 199.94
endloop
endfacet
facet normal 0 0 1
outer loop
vertex 4721.47 10443.42 199.94
vertex 5200 10499.970000000001 199.94
vertex 5196.1 10538.970000000001 199.94
endloop
endfacet
facet normal 0 0 0.9999999999999999
outer loop
vertex 4721.47 10443.42 199.94
vertex 5196.1 10538.970000000001 199.94
vertex 5184.79 10576.54 199.94
endloop
endfacet
facet normal 0 0 0.9999999999999999
outer loop
vertex 4721.47 10443.42 199.94
vertex 5184.79 10576.54 199.94
vertex 5166.33 10611.12 199.94
endloop
endfacet
facet normal 0 0 1
outer loop
vertex 4721.47 10443.42 199.94
vertex 5166.33 10611.12 199.94
vertex 5159.4400000000005 10619.57 199.94
endloop
endfacet
facet normal 0 0 1
outer loop
vertex 4721.47 10443.42 199.94
vertex 5159.4400000000005 10619.57 199.94
vertex 2000.0500000000002 10619.57 199.94
endloop
endfacet
facet normal 0 0 1
outer loop
vertex 8670.87 5102.5 199.94
vertex 8671.78 5102.5 199.94
vertex 8671.52 5102.89 199.94
endloop
endfacet
facet normal 0 0 1
outer loop
vertex 8513.050000000001 5157.75 199.94
vertex 8460.92 5196.1 199.94
vertex 8423.48 5184.79 199.94
endloop
endfacet
facet normal 0 0 1
outer loop
vertex 8513.050000000001 5157.75 199.94
vertex 8423.48 5184.79 199.94
vertex 8388.9 5166.33 199.94
endloop
endfacet
facet normal 0 0 1
outer loop
vertex 8513.050000000001 5157.75 199.94
vertex 8388.9 5166.33 199.94
vertex 8358.61 5141.37 199.94
endloop
endfacet
facet normal 0 0 1
outer loop
vertex 8513.050000000001 5157.75 199.94
vertex 8358.61 5141.37 199.94
vertex 8319.74 5102.5 199.94
endloop
endfacet
facet normal 0 0 1
outer loop
vertex 8513.050000000001 5157.75 199.94
vertex 8319.74 5102.5 199.94
vertex 8670.87 5102.5 199.94
endloop
endfacet
facet normal 0 0 1
outer loop
vertex 8513.050000000001 5157.75 199.94
vertex 8670.87 5102.5 199.94
vertex 8666.32 5111.08 199.94
endloop
endfacet
facet normal 0 0 1
outer loop
vertex 8513.050000000001 5157.75 199.94
vertex 8666.32 5111.08 199.94
vertex 8641.36 5141.37 199.94
endloop
endfacet
facet normal 0 0 1
outer loop
vertex 8513.050000000001 5157.75 199.94
vertex 8641.36 5141.37 199.94
vertex 8611.07 5166.33 199.94
endloop
endfacet
facet normal 0 0 1
outer loop
vertex 8513.050000000001 5157.75 199.94
vertex 8611.07 5166.33 199.94
vertex 8576.49 5184.79 199.94
endloop
endfacet
facet normal 0 0 1
outer loop
vertex 8513.050000000001 5157.75 199.94
vertex 8576.49 5184.79 199.94
vertex 8539.050000000001 5196.1 199.94
endloop
endfacet
facet normal 0 0 0.9999999999999999
outer loop
vertex 8513.050000000001 5157.75 199.94
vertex 8539.050000000001 5196.1 199.94
vertex 8500.050000000001 5200 199.94
endloop
endfacet
facet normal 0 0 1
outer loop
vertex 8513.050000000001 5157.75 199.94
vertex 8500.050000000001 5200 199.94
vertex 8460.92 5196.1 199.94
endloop
endfacet
facet normal 0 0 1
outer loop
vertex 8490.69 4889.95 199.94
vertex 8670.87 5102.5 199.94
vertex 8319.74 5102.5 199.94
endloop
endfacet
facet normal 0 0 1
outer loop
vertex 8490.69 4889.95 199.94
vertex 8319.74 5102.5 199.94
vertex 7894.64 4677.400000000001 199.94
endloop
endfacet
facet normal 0 0 1
outer loop
vertex 8490.69 4889.95 199.94
vertex 7894.64 4677.400000000001 199.94
vertex 8460.27 4677.400000000001 199.94
endloop
endfacet
facet normal 0 0 1
outer loop
vertex 8490.69 4889.95 199.94
vertex 8460.27 4677.400000000001 199.94
vertex 8926.710000000001 4677.400000000001 199.94
endloop
endfacet
facet normal 0 0 1
outer loop
vertex 8490.69 4889.95 199.94
vertex 8926.710000000001 4677.400000000001 199.94
vertex 8671.78 5102.5 199.94
endloop
endfacet
facet normal 0 0 1
outer loop
vertex 8490.69 4889.95 199.94
vertex 8671.78 5102.5 199.94
vertex 8670.87 5102.5 199.94
endloop
endfacet
facet normal 0 0 1
outer loop
vertex 7551.83 4173 199.94
vertex 7894.64 4677.400000000001 199.94
vertex 7358.52 4141.41 199.94
endloop
endfacet
facet normal 0 0 1
outer loop
vertex 7551.83 4173 199.94
vertex 7358.52 4141.41 199.94
vertex 7333.6900000000005 4111.12 199.94
endloop
endfacet
facet normal 0 0 1
outer loop
vertex 7551.83 4173 199.94
vertex 7333.6900000000005 4111.12 199.94
vertex 7315.2300000000005 4076.54 199.94
endloop
endfacet
facet normal 0 0 1
outer loop
vertex 7551.83 4173 199.94
vertex 7315.2300000000005 4076.54 199.94
vertex 7303.79 4038.9700000000003 199.94
endloop
endfacet
facet normal 0 0 1
outer loop
vertex 7551.83 4173 199.94
vertex 7303.79 4038.9700000000003 199.94
vertex 7300.02 3999.9700000000003 199.94
endloop
endfacet
facet normal 0 0 1
outer loop
vertex 7551.83 4173 199.94
vertex 7300.02 3999.9700000000003 199.94
vertex 7300.02 3917.1600000000003 199.94
endloop
endfacet
facet normal 0 0 1
outer loop
vertex 7551.83 4173 199.94
vertex 7300.02 3917.1600000000003 199.94
vertex 7700.030000000001 3917.1600000000003 199.94
endloop
endfacet
facet normal 0 0 1
outer loop
vertex 7551.83 4173 199.94
vertex 7700.030000000001 3917.1600000000003 199.94
vertex 8460.27 4677.400000000001 199.94
endloop
endfacet
facet normal 0 0 1
outer loop
vertex 7551.83 4173 199.94
vertex 8460.27 4677.400000000001 199.94
vertex 7894.64 4677.400000000001 199.94
endloop
endfacet
facet normal 0 0 1
outer loop
vertex 8460.27 4677.400000000001 199.94
vertex 9646.78 2699.9700000000003 199.94
vertex 10113.220000000001 2699.9700000000003 199.94
endloop
endfacet
facet normal 0 0 0.9999999999999999
outer loop
vertex 8460.27 4677.400000000001 199.94
vertex 10113.220000000001 2699.9700000000003 199.94
vertex 8926.710000000001 4677.400000000001 199.94
endloop
endfacet
facet normal 0 0 1
outer loop
vertex 7300.02 3917.1600000000003 199.94
vertex 7300.02 2699.9700000000003 199.94
vertex 7700.030000000001 2699.9700000000003 199.94
endloop
endfacet
facet normal 0 0 1
outer loop
vertex 7300.02 3917.1600000000003 199.94
vertex 7700.030000000001 2699.9700000000003 199.94
vertex 7700.030000000001 3917.1600000000003 199.94
endloop
endfacet
facet normal 0 0 1
outer loop
vertex 8914.62 2658.2400000000002 199.94
vertex 9646.78 2699.9700000000003 199.94
vertex 7700.030000000001 2699.9700000000003 199.94
endloop
endfacet
facet normal 0 0 1
outer loop
vertex 8914.62 2658.2400000000002 199.94
vertex 7700.030000000001 2699.9700000000003 199.94
vertex 7300.02 2699.9700000000003 199.94
endloop
endfacet
facet normal 0 0 1
outer loop
vertex 8914.62 2658.2400000000002 199.94
vertex 7300.02 2699.9700000000003 199.94
vertex 7300.02 2602.4700000000003 199.94
endloop
endfacet
facet normal 0 0 1
outer loop
vertex 8914.62 2658.2400000000002 199.94
vertex 7300.02 2602.4700000000003 199.94
vertex 10170.94 2602.4700000000003 199.94
endloop
endfacet
facet normal 0 0 1
outer loop
vertex 8914.62 2658.2400000000002 199.94
vertex 10170.94 2602.4700000000003 199.94
vertex 10171.460000000001 2602.86 199.94
endloop
endfacet
facet normal 0 0 1
outer loop
vertex 8914.62 2658.2400000000002 199.94
vertex 10171.460000000001 2602.86 199.94
vertex 10113.220000000001 2699.9700000000003 199.94
endloop
endfacet
facet normal 0 0 1
outer loop
vertex 8914.62 2658.2400000000002 199.94
vertex 10113.220000000001 2699.9700000000003 199.94
vertex 9646.78 2699.9700000000003 199.94
endloop
endfacet
facet normal 0 0 1
outer loop
vertex 8879.65 2413.19 199.94
vertex 7300.02 2602.4700000000003 199.94
vertex 7300.02 2500.03 199.94
endloop
endfacet
facet normal 0 0 1
outer loop
vertex 8879.65 2413.19 199.94
vertex 7300.02 2500.03 199.94
vertex 7303.79 2461.03 199.94
endloop
endfacet
facet normal 0 0 0.9999999999999999
outer loop
vertex 8879.65 2413.19 199.94
vertex 7303.79 2461.03 199.94
vertex 7315.2300000000005 2423.46 199.94
endloop
endfacet
facet normal 0 0 1
outer loop
vertex 8879.65 2413.19 199.94
vertex 7315.2300000000005 2423.46 199.94
vertex 7333.6900000000005 2388.88 199.94
endloop
endfacet
facet normal 0 0 1
outer loop
vertex 8879.65 2413.19 199.94
vertex 7333.6900000000005 2388.88 199.94
vertex 7358.52 2358.59 199.94
endloop
endfacet
facet normal 0 0 1
outer loop
vertex 8879.65 2413.19 199.94
vertex 7358.52 2358.59 199.94
vertex 7388.9400000000005 2333.76 199.94
endloop
endfacet
facet normal 0 0 1
outer loop
vertex 8879.65 2413.19 199.94
vertex 7388.9400000000005 2333.76 199.94
vertex 7423.52 2315.17 199.94
endloop
endfacet
facet normal 0 0 0.9999999999999999
outer loop
vertex 8879.65 2413.19 199.94
vertex 7423.52 2315.17 199.94
vertex 7460.96 2303.86 199.94
endloop
endfacet
facet normal 0 0 1
outer loop
vertex 8879.65 2413.19 199.94
vertex 7460.96 2303.86 199.94
vertex 7499.96 2299.96 199.94
endloop
endfacet
facet normal 0 0 1
outer loop
vertex 8879.65 2413.19 199.94
vertex 7499.96 2299.96 199.94
vertex 9999.99 2299.96 199.94
endloop
endfacet
facet normal 0 0 1
outer loop
vertex 8879.65 2413.19 199.94
vertex 9999.99 2299.96 199.94
vertex 10038.99 2303.86 199.94
endloop
endfacet
facet normal 0 0 1
outer loop
vertex 8879.65 2413.19 199.94
vertex 10038.99 2303.86 199.94
vertex 10076.56 2315.17 199.94
endloop
endfacet
facet normal 0 0 1
outer loop
vertex 8879.65 2413.19 199.94
vertex 10076.56 2315.17 199.94
vertex 10111.140000000001 2333.76 199.94
endloop
endfacet
facet normal 0 0 1
outer loop
vertex 8879.65 2413.19 199.94
vertex 10111.140000000001 2333.76 199.94
vertex 10141.43 2358.59 199.94
endloop
endfacet
facet normal 0 0 1
outer loop
vertex 8879.65 2413.19 199.94
vertex 10141.43 2358.59 199.94
vertex 10166.26 2388.88 199.94
endloop
endfacet
facet normal 0 0 1
outer loop
vertex 8879.65 2413.19 199.94
vertex 10166.26 2388.88 199.94
vertex 10184.720000000001 2423.46 199.94
endloop
endfacet
facet normal 0 0 0.9999999999999999
outer loop
vertex 8879.65 2413.19 199.94
vertex 10184.720000000001 2423.46 199.94
vertex 10196.16 2461.03 199.94
endloop
endfacet
facet normal 0 0 1
outer loop
vertex 8879.65 2413.19 199.94
vertex 10196.16 2461.03 199.94
vertex 10200.06 2500.03 199.94
endloop
endfacet
facet normal 0 0 1
outer loop
vertex 8879.65 2413.19 199.94
vertex 10200.06 2500.03 199.94
vertex 10196.16 2539.03 199.94
endloop
endfacet
facet normal 0 0 0.9999999999999999
outer loop
vertex 8879.65 2413.19 199.94
vertex 10196.16 2539.03 199.94
vertex 10184.720000000001 2576.6 199.94
endloop
endfacet
facet normal 0 0 0.9999999999999999
outer loop
vertex 8879.65 2413.19 199.94
vertex 10184.720000000001 2576.6 199.94
vertex 10170.94 2602.4700000000003 199.94
endloop
endfacet
facet normal 0 0 1
outer loop
vertex 8879.65 2413.19 199.94
vertex 10170.94 2602.4700000000003 199.94
vertex 7300.02 2602.4700000000003 199.94
endloop
endfacet
facet normal 0 0 -1
outer loop
vertex 5110.95 13333.58 599.95
vertex 4110.08 12666.42 599.95
vertex 3389.1 12666.42 599.95
endloop
endfacet
facet normal 0 0 -1
outer loop
vertex 5110.95 13333.58 599.95
vertex 3389.1 12666.42 599.95
vertex 4889.04 13666.380000000001 599.95
endloop
endfacet
facet normal 0 0 -1
outer loop
vertex 3445.13 12566.32 599.95
vertex 4110.08 12666.42 599.95
vertex 3786.9 12450.880000000001 599.95
endloop
endfacet
facet normal 0 0 -1
outer loop
vertex 3445.13 12566.32 599.95
vertex 3786.9 12450.880000000001 599.95
vertex 3306.94 12450.880000000001 599.95
endloop
endfacet
facet normal 0 0 -1
outer loop
vertex 3445.13 12566.32 599.95
vertex 3306.94 12450.880000000001 599.95
vertex 3303.82 12461.02 599.95
endloop
endfacet
facet normal 0 0 -1
outer loop
vertex 3445.13 12566.32 599.95
vertex 3303.82 12461.02 599.95
vertex 3300.05 12500.02 599.95
endloop
endfacet
facet normal 0 0 -1
outer loop
vertex 3445.13 12566.32 599.95
vertex 3300.05 12500.02 599.95
vertex 3303.82 12539.02 599.95
endloop
endfacet
facet normal 0 0 -1
outer loop
vertex 3445.13 12566.32 599.95
vertex 3303.82 12539.02 599.95
vertex 3315.26 12576.59 599.95
endloop
endfacet
facet normal 0 0 -1
outer loop
vertex 3445.13 12566.32 599.95
vertex 3315.26 12576.59 599.95
vertex 3333.7200000000003 12611.17 599.95
endloop
endfacet
facet normal 0 0 -1
outer loop
vertex 3445.13 12566.32 599.95
vertex 3333.7200000000003 12611.17 599.95
vertex 3358.55 12641.460000000001 599.95
endloop
endfacet
facet normal 0 0 -1
outer loop
vertex 3445.13 12566.32 599.95
vertex 3358.55 12641.460000000001 599.95
vertex 3388.84 12666.29 599.95
endloop
endfacet
facet normal 0 0 -1
outer loop
vertex 3445.13 12566.32 599.95
vertex 3388.84 12666.29 599.95
vertex 3389.1 12666.42 599.95
endloop
endfacet
facet normal 0 0 -1
outer loop
vertex 3445.13 12566.32 599.95
vertex 3389.1 12666.42 599.95
vertex 4110.08 12666.42 599.95
endloop
endfacet
facet normal 0 0 -1
outer loop
vertex 3487.1200000000003 12412.53 599.95
vertex 3786.9 12450.880000000001 599.95
vertex 3839.6800000000003 12380.42 599.95
endloop
endfacet
facet normal 0 0 -1
outer loop
vertex 3487.1200000000003 12412.53 599.95
vertex 3839.6800000000003 12380.42 599.95
vertex 3340.61 12380.42 599.95
endloop
endfacet
facet normal 0 0 -0.9999999999999999
outer loop
vertex 3487.1200000000003 12412.53 599.95
vertex 3340.61 12380.42 599.95
vertex 3333.7200000000003 12388.87 599.95
endloop
endfacet
facet normal 0 0 -1
outer loop
vertex 3487.1200000000003 12412.53 599.95
vertex 3333.7200000000003 12388.87 599.95
vertex 3315.26 12423.45 599.95
endloop
endfacet
facet normal 0 0 -1
outer loop
vertex 3487.1200000000003 12412.53 599.95
vertex 3315.26 12423.45 599.95
vertex 3306.94 12450.880000000001 599.95
endloop
endfacet
facet normal 0 0 -1
outer loop
vertex 3487.1200000000003 12412.53 599.95
vertex 3306.94 12450.880000000001 599.95
vertex 3786.9 12450.880000000001 599.95
endloop
endfacet
facet normal 0 0 -1
outer loop
vertex 7499.96 12387.18 599.95
vertex 7695.09 12480.78 599.95
vertex 7882.68 12423.84 599.95
endloop
endfacet
facet normal 0 0 -1
outer loop
vertex 7499.96 12387.18 599.95
vertex 7882.68 12423.84 599.95
vertex 8055.58 12331.41 599.95
endloop
endfacet
facet normal 0 0 -1
outer loop
vertex 7499.96 12387.18 599.95
vertex 8055.58 12331.41 599.95
vertex 8093.93 12299.95 599.95
endloop
endfacet
facet normal 0 0 -0.9999999999999999
outer loop
vertex 7499.96 12387.18 599.95
vertex 8093.93 12299.95 599.95
vertex 7499.96 12299.95 599.95
endloop
endfacet
facet normal 0 0 -0.9999999999999999
outer loop
vertex 7499.96 12387.18 599.95
vertex 7499.96 12299.95 599.95
vertex 6906.12 12299.95 599.95
endloop
endfacet
facet normal 0 0 -1
outer loop
vertex 7499.96 12387.18 599.95
vertex 6906.12 12299.95 599.95
vertex 6944.47 12331.41 599.95
endloop
endfacet
facet normal 0 0 -1
outer loop
vertex 7499.96 12387.18 599.95
vertex 6944.47 12331.41 599.95
vertex 7117.37 12423.84 599.95
endloop
endfacet
facet normal 0 0 -1
outer loop
vertex 7499.96 12387.18 599.95
vertex 7117.37 12423.84 599.95
vertex 7304.96 12480.78 599.95
endloop
endfacet
facet normal 0 0 -1
outer loop
vertex 7499.96 12387.18 599.95
vertex 7304.96 12480.78 599.95
vertex 7499.96 12500.02 599.95
endloop
endfacet
facet normal 0 0 -1
outer loop
vertex 7499.96 12387.18 599.95
vertex 7499.96 12500.02 599.95
vertex 7695.09 12480.78 599.95
endloop
endfacet
facet normal 0 0 -0.9999999999999999
outer loop
vertex 9999.99 12488.710000000001 599.95
vertex 10234.12 12676.95 599.95
vertex 10459.28 12608.7 599.95
endloop
endfacet
facet normal 0 0 -1
outer loop
vertex 9999.99 12488.710000000001 599.95
vertex 10459.28 12608.7 599.95
vertex 10666.630000000001 12497.810000000001 599.95
endloop
endfacet
facet normal 0 0 -1
outer loop
vertex 9999.99 12488.710000000001 599.95
vertex 10666.630000000001 12497.810000000001 599.95
vertex 10848.5 12348.57 599.95
endloop
endfacet
facet normal 0 0 -1
outer loop
vertex 9999.99 12488.710000000001 599.95
vertex 10848.5 12348.57 599.95
vertex 10888.41 12299.95 599.95
endloop
endfacet
facet normal 0 0 -1
outer loop
vertex 9999.99 12488.710000000001 599.95
vertex 10888.41 12299.95 599.95
vertex 9999.99 12299.95 599.95
endloop
endfacet
facet normal 0 0 -1
outer loop
vertex 9999.99 12488.710000000001 599.95
vertex 9999.99 12299.95 599.95
vertex 9111.7 12299.95 599.95
endloop
endfacet
facet normal 0 0 -1
outer loop
vertex 9999.99 12488.710000000001 599.95
vertex 9111.7 12299.95 599.95
vertex 9151.48 12348.57 599.95
endloop
endfacet
facet normal 0 0 -0.9999999999999999
outer loop
vertex 9999.99 12488.710000000001 599.95
vertex 9151.48 12348.57 599.95
vertex 9333.35 12497.810000000001 599.95
endloop
endfacet
facet normal 0 0 -1
outer loop
vertex 9999.99 12488.710000000001 599.95
vertex 9333.35 12497.810000000001 599.95
vertex 9540.83 12608.7 599.95
endloop
endfacet
facet normal 0 0 -1
outer loop
vertex 9999.99 12488.710000000001 599.95
vertex 9540.83 12608.7 599.95
vertex 9765.86 12676.95 599.95
endloop
endfacet
facet normal 0 0 -1
outer loop
vertex 9999.99 12488.710000000001 599.95
vertex 9765.86 12676.95 599.95
vertex 9999.99 12699.960000000001 599.95
endloop
endfacet
facet normal 0 0 -1
outer loop
vertex 9999.99 12488.710000000001 599.95
vertex 9999.99 12699.960000000001 599.95
vertex 10234.12 12676.95 599.95
endloop
endfacet
facet normal 0 0 -1
outer loop
vertex 7499.96 12299.95 599.95
vertex 7343.96 12284.61 599.95
vertex 6887.400000000001 12284.61 599.95
endloop
endfacet
facet normal 0 0 -1
outer loop
vertex 7499.96 12299.95 599.95
vertex 6887.400000000001 12284.61 599.95
vertex 6906.12 12299.95 599.95
endloop
endfacet
facet normal 0 0 -0.9999999999999999
outer loop
vertex 8093.93 12299.95 599.95
vertex 8112.650000000001 12284.61 599.95
vertex 7656.09 12284.61 599.95
endloop
endfacet
facet normal 0 0 -1
outer loop
vertex 8093.93 12299.95 599.95
vertex 7656.09 12284.61 599.95
vertex 7499.96 12299.95 599.95
endloop
endfacet
facet normal 0 0 -0.9999999999999999
outer loop
vertex 9999.99 12299.95 599.95
vertex 9843.99 12284.61 599.95
vertex 9099.09 12284.61 599.95
endloop
endfacet
facet normal 0 0 -1
outer loop
vertex 9999.99 12299.95 599.95
vertex 9099.09 12284.61 599.95
vertex 9111.7 12299.95 599.95
endloop
endfacet
facet normal 0 0 -0.9999999999999999
outer loop
vertex 10888.41 12299.95 599.95
vertex 10901.02 12284.61 599.95
vertex 10156.12 12284.61 599.95
endloop
endfacet
facet normal 0 0 -1
outer loop
vertex 10888.41 12299.95 599.95
vertex 10156.12 12284.61 599.95
vertex 9999.99 12299.95 599.95
endloop
endfacet
facet normal 0 0 -1
outer loop
vertex 7343.96 12284.61 599.95
vertex 7193.81 12239.11 599.95
vertex 6831.89 12239.11 599.95
endloop
endfacet
facet normal 0 0 -1
outer loop
vertex 7343.96 12284.61 599.95
vertex 6831.89 12239.11 599.95
vertex 6887.400000000001 12284.61 599.95
endloop
endfacet
facet normal 0 0 -1
outer loop
vertex 8112.650000000001 12284.61 599.95
vertex 8168.16 12239.11 599.95
vertex 7806.110000000001 12239.11 599.95
endloop
endfacet
facet normal 0 0 -1
outer loop
vertex 8112.650000000001 12284.61 599.95
vertex 7806.110000000001 12239.11 599.95
vertex 7656.09 12284.61 599.95
endloop
endfacet
facet normal 0 0 -1
outer loop
vertex 9843.99 12284.61 599.95
vertex 9693.84 12239.11 599.95
vertex 9061.65 12239.11 599.95
endloop
endfacet
facet normal 0 0 -1
outer loop
vertex 9843.99 12284.61 599.95
vertex 9061.65 12239.11 599.95
vertex 9099.09 12284.61 599.95
endloop
endfacet
facet normal 0 0 -1
outer loop
vertex 10901.02 12284.61 599.95
vertex 10938.33 12239.11 599.95
vertex 10306.140000000001 12239.11 599.95
endloop
endfacet
facet normal 0 0 -1
outer loop
vertex 10901.02 12284.61 599.95
vertex 10306.140000000001 12239.11 599.95
vertex 10156.12 12284.61 599.95
endloop
endfacet
facet normal 0 0 -1
outer loop
vertex 6926.530000000001 12203.1 599.95
vertex 7193.81 12239.11 599.95
vertex 7055.490000000001 12165.140000000001 599.95
endloop
endfacet
facet normal 0 0 -1
outer loop
vertex 6926.530000000001 12203.1 599.95
vertex 7055.490000000001 12165.140000000001 599.95
vertex 6758.4400000000005 12165.140000000001 599.95
endloop
endfacet
facet normal 0 0 -1
outer loop
vertex 6926.530000000001 12203.1 599.95
vertex 6758.4400000000005 12165.140000000001 599.95
vertex 6792.89 12207.130000000001 599.95
endloop
endfacet
facet normal 0 0 -1
outer loop
vertex 6926.530000000001 12203.1 599.95
vertex 6792.89 12207.130000000001 599.95
vertex 6831.89 12239.11 599.95
endloop
endfacet
facet normal 0 0 -1
outer loop
vertex 6926.530000000001 12203.1 599.95
vertex 6831.89 12239.11 599.95
vertex 7193.81 12239.11 599.95
endloop
endfacet
facet normal 0 0 -1
outer loop
vertex 8073.52 12203.1 599.95
vertex 8168.16 12239.11 599.95
vertex 8207.16 12207.130000000001 599.95
endloop
endfacet
facet normal 0 0 -1
outer loop
vertex 8073.52 12203.1 599.95
vertex 8207.16 12207.130000000001 599.95
vertex 8241.48 12165.140000000001 599.95
endloop
endfacet
facet normal 0 0 -1
outer loop
vertex 8073.52 12203.1 599.95
vertex 8241.48 12165.140000000001 599.95
vertex 7944.43 12165.140000000001 599.95
endloop
endfacet
facet normal 0 0 -1
outer loop
vertex 8073.52 12203.1 599.95
vertex 7944.43 12165.140000000001 599.95
vertex 7806.110000000001 12239.11 599.95
endloop
endfacet
facet normal 0 0 -1
outer loop
vertex 8073.52 12203.1 599.95
vertex 7806.110000000001 12239.11 599.95
vertex 8168.16 12239.11 599.95
endloop
endfacet
facet normal 0 0 -0.9999999999999999
outer loop
vertex 9262.89 12195.04 599.95
vertex 9693.84 12239.11 599.95
vertex 9555.52 12165.140000000001 599.95
endloop
endfacet
facet normal 0 0 -1
outer loop
vertex 9262.89 12195.04 599.95
vertex 9555.52 12165.140000000001 599.95
vertex 9001.460000000001 12165.140000000001 599.95
endloop
endfacet
facet normal 0 0 -1
outer loop
vertex 9262.89 12195.04 599.95
vertex 9001.460000000001 12165.140000000001 599.95
vertex 9002.24 12166.7 599.95
endloop
endfacet
facet normal 0 0 -1
outer loop
vertex 9262.89 12195.04 599.95
vertex 9002.24 12166.7 599.95
vertex 9061.65 12239.11 599.95
endloop
endfacet
facet normal 0 0 -1
outer loop
vertex 9262.89 12195.04 599.95
vertex 9061.65 12239.11 599.95
vertex 9693.84 12239.11 599.95
endloop
endfacet
facet normal 0 0 -1
outer loop
vertex 10737.09 12195.04 599.95
vertex 10938.33 12239.11 599.95
vertex 10997.74 12166.7 599.95
endloop
endfacet
facet normal 0 0 -0.9999999999999999
outer loop
vertex 10737.09 12195.04 599.95
vertex 10997.74 12166.7 599.95
vertex 10998.52 12165.140000000001 599.95
endloop
endfacet
facet normal 0 0 -1
outer loop
vertex 10737.09 12195.04 599.95
vertex 10998.52 12165.140000000001 599.95
vertex 10444.460000000001 12165.140000000001 599.95
endloop
endfacet
facet normal 0 0 -1
outer loop
vertex 10737.09 12195.04 599.95
vertex 10444.460000000001 12165.140000000001 599.95
vertex 10306.140000000001 12239.11 599.95
endloop
endfacet
facet normal 0 0 -1
outer loop
vertex 10737.09 12195.04 599.95
vertex 10306.140000000001 12239.11 599.95
vertex 10938.33 12239.11 599.95
endloop
endfacet
facet normal 0 0 -1
outer loop
vertex 7055.490000000001 12165.140000000001 599.95
vertex 6934.33 12065.69 599.95
vertex 6676.8 12065.69 599.95
endloop
endfacet
facet normal 0 0 -1
outer loop
vertex 7055.490000000001 12165.140000000001 599.95
vertex 6676.8 12065.69 599.95
vertex 6758.4400000000005 12165.140000000001 599.95
endloop
endfacet
facet normal 0 0 -1
outer loop
vertex 8241.48 12165.140000000001 599.95
vertex 8323.12 12065.69 599.95
vertex 8065.72 12065.69 599.95
endloop
endfacet
facet normal 0 0 -1
outer loop
vertex 8241.48 12165.140000000001 599.95
vertex 8065.72 12065.69 599.95
vertex 7944.43 12165.140000000001 599.95
endloop
endfacet
facet normal 0 0 -1
outer loop
vertex 9555.52 12165.140000000001 599.95
vertex 9434.36 12065.69 599.95
vertex 8948.29 12065.69 599.95
endloop
endfacet
facet normal 0 0 -0.9999999999999999
outer loop
vertex 9555.52 12165.140000000001 599.95
vertex 8948.29 12065.69 599.95
vertex 9001.460000000001 12165.140000000001 599.95
endloop
endfacet
facet normal 0 0 -0.9999999999999999
outer loop
vertex 10998.52 12165.140000000001 599.95
vertex 11051.69 12065.69 599.95
vertex 10565.75 12065.69 599.95
endloop
endfacet
facet normal 0 0 -0.9999999999999999
outer loop
vertex 10998.52 12165.140000000001 599.95
vertex 10565.75 12065.69 599.95
vertex 10444.460000000001 12165.140000000001 599.95
endloop
endfacet
facet normal 0 0 -1
outer loop
vertex 6744.79 12015.12 599.95
vertex 6934.33 12065.69 599.95
vertex 6834.88 11944.4 599.95
endloop
endfacet
facet normal 0 0 -1
outer loop
vertex 6744.79 12015.12 599.95
vertex 6834.88 11944.4 599.95
vertex 6609.2 11944.4 599.95
endloop
endfacet
facet normal 0 0 -1
outer loop
vertex 6744.79 12015.12 599.95
vertex 6609.2 11944.4 599.95
vertex 6668.4800000000005 12055.550000000001 599.95
endloop
endfacet
facet normal 0 0 -0.9999999999999999
outer loop
vertex 6744.79 12015.12 599.95
vertex 6668.4800000000005 12055.550000000001 599.95
vertex 6676.8 12065.69 599.95
endloop
endfacet
facet normal 0 0 -1
outer loop
vertex 6744.79 12015.12 599.95
vertex 6676.8 12065.69 599.95
vertex 6934.33 12065.69 599.95
endloop
endfacet
facet normal 0 0 -1
outer loop
vertex 8255.26 12015.12 599.95
vertex 8323.12 12065.69 599.95
vertex 8331.44 12055.550000000001 599.95
endloop
endfacet
facet normal 0 0 -0.9999999999999999
outer loop
vertex 8255.26 12015.12 599.95
vertex 8331.44 12055.550000000001 599.95
vertex 8390.85 11944.4 599.95
endloop
endfacet
facet normal 0 0 -1
outer loop
vertex 8255.26 12015.12 599.95
vertex 8390.85 11944.4 599.95
vertex 8165.17 11944.4 599.95
endloop
endfacet
facet normal 0 0 -1
outer loop
vertex 8255.26 12015.12 599.95
vertex 8165.17 11944.4 599.95
vertex 8065.72 12065.69 599.95
endloop
endfacet
facet normal 0 0 -1
outer loop
vertex 8255.26 12015.12 599.95
vertex 8065.72 12065.69 599.95
vertex 8323.12 12065.69 599.95
endloop
endfacet
facet normal 0 0 -1
outer loop
vertex 9099.09 11995.880000000001 599.95
vertex 9434.36 12065.69 599.95
vertex 9334.78 11944.4 599.95
endloop
endfacet
facet normal 0 0 -1
outer loop
vertex 9099.09 11995.880000000001 599.95
vertex 9334.78 11944.4 599.95
vertex 8886.93 11944.4 599.95
endloop
endfacet
facet normal 0 0 -0.9999999999999999
outer loop
vertex 9099.09 11995.880000000001 599.95
vertex 8886.93 11944.4 599.95
vertex 8891.35 11959.220000000001 599.95
endloop
endfacet
facet normal 0 0 -1
outer loop
vertex 9099.09 11995.880000000001 599.95
vertex 8891.35 11959.220000000001 599.95
vertex 8948.29 12065.69 599.95
endloop
endfacet
facet normal 0 0 -1
outer loop
vertex 9099.09 11995.880000000001 599.95
vertex 8948.29 12065.69 599.95
vertex 9434.36 12065.69 599.95
endloop
endfacet
facet normal 0 0 -1
outer loop
vertex 10900.890000000001 11995.880000000001 599.95
vertex 11051.69 12065.69 599.95
vertex 11108.630000000001 11959.220000000001 599.95
endloop
endfacet
facet normal 0 0 -1
outer loop
vertex 10900.890000000001 11995.880000000001 599.95
vertex 11108.630000000001 11959.220000000001 599.95
vertex 11113.18 11944.4 599.95
endloop
endfacet
facet normal 0 0 -1
outer loop
vertex 10900.890000000001 11995.880000000001 599.95
vertex 11113.18 11944.4 599.95
vertex 10665.2 11944.4 599.95
endloop
endfacet
facet normal 0 0 -1
outer loop
vertex 10900.890000000001 11995.880000000001 599.95
vertex 10665.2 11944.4 599.95
vertex 10565.75 12065.69 599.95
endloop
endfacet
facet normal 0 0 -1
outer loop
vertex 10900.890000000001 11995.880000000001 599.95
vertex 10565.75 12065.69 599.95
vertex 11051.69 12065.69 599.95
endloop
endfacet
facet normal 0 0 -0.9999999999999999
outer loop
vertex 6666.79 11876.800000000001 599.95
vertex 6834.88 11944.4 599.95
vertex 6760.91 11806.210000000001 599.95
endloop
endfacet
facet normal 0 0 -1
outer loop
vertex 6666.79 11876.800000000001 599.95
vertex 6760.91 11806.210000000001 599.95
vertex 6552.91 11806.210000000001 599.95
endloop
endfacet
facet normal 0 0 -0.9999999999999999
outer loop
vertex 6666.79 11876.800000000001 599.95
vertex 6552.91 11806.210000000001 599.95
vertex 6576.18 11882.65 599.95
endloop
endfacet
facet normal 0 0 -1
outer loop
vertex 6666.79 11876.800000000001 599.95
vertex 6576.18 11882.65 599.95
vertex 6609.2 11944.4 599.95
endloop
endfacet
facet normal 0 0 -1
outer loop
vertex 6666.79 11876.800000000001 599.95
vertex 6609.2 11944.4 599.95
vertex 6834.88 11944.4 599.95
endloop
endfacet
facet normal 0 0 -0.9999999999999999
outer loop
vertex 8333.26 11876.800000000001 599.95
vertex 8390.85 11944.4 599.95
vertex 8423.87 11882.65 599.95
endloop
endfacet
facet normal 0 0 -1
outer loop
vertex 8333.26 11876.800000000001 599.95
vertex 8423.87 11882.65 599.95
vertex 8447.14 11806.210000000001 599.95
endloop
endfacet
facet normal 0 0 -1
outer loop
vertex 8333.26 11876.800000000001 599.95
vertex 8447.14 11806.210000000001 599.95
vertex 8239.14 11806.210000000001 599.95
endloop
endfacet
facet normal 0 0 -1
outer loop
vertex 8333.26 11876.800000000001 599.95
vertex 8239.14 11806.210000000001 599.95
vertex 8165.17 11944.4 599.95
endloop
endfacet
facet normal 0 0 -1
outer loop
vertex 8333.26 11876.800000000001 599.95
vertex 8165.17 11944.4 599.95
vertex 8390.85 11944.4 599.95
endloop
endfacet
facet normal 0 0 -1
outer loop
vertex 9334.78 11944.4 599.95
vertex 9260.94 11806.210000000001 599.95
vertex 8844.94 11806.210000000001 599.95
endloop
endfacet
facet normal 0 0 -1
outer loop
vertex 9334.78 11944.4 599.95
vertex 8844.94 11806.210000000001 599.95
vertex 8886.93 11944.4 599.95
endloop
endfacet
facet normal 0 0 -1
outer loop
vertex 11113.18 11944.4 599.95
vertex 11155.04 11806.210000000001 599.95
vertex 10739.04 11806.210000000001 599.95
endloop
endfacet
facet normal 0 0 -1
outer loop
vertex 11113.18 11944.4 599.95
vertex 10739.04 11806.210000000001 599.95
vertex 10665.2 11944.4 599.95
endloop
endfacet
facet normal 0 0 -1
outer loop
vertex 6612.71 11723.92 599.95
vertex 6760.91 11806.210000000001 599.95
vertex 6715.41 11656.06 599.95
endloop
endfacet
facet normal 0 0 -1
outer loop
vertex 6612.71 11723.92 599.95
vertex 6715.41 11656.06 599.95
vertex 6515.34 11656.06 599.95
endloop
endfacet
facet normal 0 0 -0.9999999999999999
outer loop
vertex 6612.71 11723.92 599.95
vertex 6515.34 11656.06 599.95
vertex 6519.24 11695.06 599.95
endloop
endfacet
facet normal 0 0 -1
outer loop
vertex 6612.71 11723.92 599.95
vertex 6519.24 11695.06 599.95
vertex 6552.91 11806.210000000001 599.95
endloop
endfacet
facet normal 0 0 -1
outer loop
vertex 6612.71 11723.92 599.95
vertex 6552.91 11806.210000000001 599.95
vertex 6760.91 11806.210000000001 599.95
endloop
endfacet
facet normal 0 0 -1
outer loop
vertex 8387.210000000001 11723.92 599.95
vertex 8447.14 11806.210000000001 599.95
vertex 8480.81 11695.06 599.95
endloop
endfacet
facet normal 0 0 -0.9999999999999999
outer loop
vertex 8387.210000000001 11723.92 599.95
vertex 8480.81 11695.06 599.95
vertex 8484.58 11656.06 599.95
endloop
endfacet
facet normal 0 0 -0.9999999999999999
outer loop
vertex 8387.210000000001 11723.92 599.95
vertex 8484.58 11656.06 599.95
vertex 8284.64 11656.06 599.95
endloop
endfacet
facet normal 0 0 -1
outer loop
vertex 8387.210000000001 11723.92 599.95
vertex 8284.64 11656.06 599.95
vertex 8239.14 11806.210000000001 599.95
endloop
endfacet
facet normal 0 0 -1
outer loop
vertex 8387.210000000001 11723.92 599.95
vertex 8239.14 11806.210000000001 599.95
vertex 8447.14 11806.210000000001 599.95
endloop
endfacet
facet normal 0 0 -1
outer loop
vertex 8991.970000000001 11731.720000000001 599.95
vertex 9260.94 11806.210000000001 599.95
vertex 9215.31 11656.06 599.95
endloop
endfacet
facet normal 0 0 -1
outer loop
vertex 8991.970000000001 11731.720000000001 599.95
vertex 9215.31 11656.06 599.95
vertex 8815.43 11656.06 599.95
endloop
endfacet
facet normal 0 0 -1
outer loop
vertex 8991.970000000001 11731.720000000001 599.95
vertex 8815.43 11656.06 599.95
vertex 8823.1 11734.060000000001 599.95
endloop
endfacet
facet normal 0 0 -1
outer loop
vertex 8991.970000000001 11731.720000000001 599.95
vertex 8823.1 11734.060000000001 599.95
vertex 8844.94 11806.210000000001 599.95
endloop
endfacet
facet normal 0 0 -1
outer loop
vertex 8991.970000000001 11731.720000000001 599.95
vertex 8844.94 11806.210000000001 599.95
vertex 9260.94 11806.210000000001 599.95
endloop
endfacet
facet normal 0 0 -1
outer loop
vertex 11008.01 11731.720000000001 599.95
vertex 11155.04 11806.210000000001 599.95
vertex 11176.880000000001 11734.060000000001 599.95
endloop
endfacet
facet normal 0 0 -1
outer loop
vertex 11008.01 11731.720000000001 599.95
vertex 11176.880000000001 11734.060000000001 599.95
vertex 11184.68 11656.06 599.95
endloop
endfacet
facet normal 0 0 -1
outer loop
vertex 11008.01 11731.720000000001 599.95
vertex 11184.68 11656.06 599.95
vertex 10784.67 11656.06 599.95
endloop
endfacet
facet normal 0 0 -1
outer loop
vertex 11008.01 11731.720000000001 599.95
vertex 10784.67 11656.06 599.95
vertex 10739.04 11806.210000000001 599.95
endloop
endfacet
facet normal 0 0 -1
outer loop
vertex 11008.01 11731.720000000001 599.95
vertex 10739.04 11806.210000000001 599.95
vertex 11155.04 11806.210000000001 599.95
endloop
endfacet
facet normal 0 0 -1
outer loop
vertex 6715.41 11656.06 599.95
vertex 6699.9400000000005 11500.06 599.95
vertex 6500 11500.06 599.95
endloop
endfacet
facet normal 0 0 -1
outer loop
vertex 6715.41 11656.06 599.95
vertex 6500 11500.06 599.95
vertex 6515.34 11656.06 599.95
endloop
endfacet
facet normal 0 0 -1
outer loop
vertex 8484.58 11656.06 599.95
vertex 8500.050000000001 11500.06 599.95
vertex 8299.98 11500.06 599.95
endloop
endfacet
facet normal 0 0 -1
outer loop
vertex 8484.58 11656.06 599.95
vertex 8299.98 11500.06 599.95
vertex 8284.64 11656.06 599.95
endloop
endfacet
facet normal 0 0 -1
outer loop
vertex 9215.31 11656.06 599.95
vertex 9199.970000000001 11500.06 599.95
vertex 8799.960000000001 11500.06 599.95
endloop
endfacet
facet normal 0 0 -0.9999999999999999
outer loop
vertex 9215.31 11656.06 599.95
vertex 8799.960000000001 11500.06 599.95
vertex 8815.43 11656.06 599.95
endloop
endfacet
facet normal 0 0 -1
outer loop
vertex 11184.68 11656.06 599.95
vertex 11200.02 11500.06 599.95
vertex 10800.01 11500.06 599.95
endloop
endfacet
facet normal 0 0 -1
outer loop
vertex 11184.68 11656.06 599.95
vertex 10800.01 11500.06 599.95
vertex 10784.67 11656.06 599.95
endloop
endfacet
facet normal 0 0 -0.9999999999999999
outer loop
vertex 6699.9400000000005 11500.06 599.95
vertex 6715.41 11343.93 599.95
vertex 6515.34 11343.93 599.95
endloop
endfacet
facet normal 0 0 -1
outer loop
vertex 6699.9400000000005 11500.06 599.95
vertex 6515.34 11343.93 599.95
vertex 6500 11500.06 599.95
endloop
endfacet
facet normal 0 0 -1
outer loop
vertex 8500.050000000001 11500.06 599.95
vertex 8484.58 11343.93 599.95
vertex 8284.64 11343.93 599.95
endloop
endfacet
facet normal 0 0 -1
outer loop
vertex 8500.050000000001 11500.06 599.95
vertex 8284.64 11343.93 599.95
vertex 8299.98 11500.06 599.95
endloop
endfacet
facet normal 0 0 -0.9999999999999999
outer loop
vertex 9199.970000000001 11500.06 599.95
vertex 9215.31 11343.93 599.95
vertex 8815.43 11343.93 599.95
endloop
endfacet
facet normal 0 0 -1
outer loop
vertex 9199.970000000001 11500.06 599.95
vertex 8815.43 11343.93 599.95
vertex 8799.960000000001 11500.06 599.95
endloop
endfacet
facet normal 0 0 -1
outer loop
vertex 11200.02 11500.06 599.95
vertex 11184.68 11343.93 599.95
vertex 10784.67 11343.93 599.95
endloop
endfacet
facet normal 0 0 -1
outer loop
vertex 11200.02 11500.06 599.95
vertex 10784.67 11343.93 599.95
vertex 10800.01 11500.06 599.95
endloop
endfacet
facet normal 0 0 -1
outer loop
vertex 6612.71 11276.07 599.95
vertex 6715.41 11343.93 599.95
vertex 6760.91 11193.91 599.95
endloop
endfacet
facet normal 0 0 -1
outer loop
vertex 6612.71 11276.07 599.95
vertex 6760.91 11193.91 599.95
vertex 6552.91 11193.91 599.95
endloop
endfacet
facet normal 0 0 -1
outer loop
vertex 6612.71 11276.07 599.95
vertex 6552.91 11193.91 599.95
vertex 6519.24 11304.93 599.95
endloop
endfacet
facet normal 0 0 -0.9999999999999999
outer loop
vertex 6612.71 11276.07 599.95
vertex 6519.24 11304.93 599.95
vertex 6515.34 11343.93 599.95
endloop
endfacet
facet normal 0 0 -1
outer loop
vertex 6612.71 11276.07 599.95
vertex 6515.34 11343.93 599.95
vertex 6715.41 11343.93 599.95
endloop
endfacet
facet normal 0 0 -0.9999999999999999
outer loop
vertex 8387.210000000001 11276.07 599.95
vertex 8484.58 11343.93 599.95
vertex 8480.81 11304.93 599.95
endloop
endfacet
facet normal 0 0 -1
outer loop
vertex 8387.210000000001 11276.07 599.95
vertex 8480.81 11304.93 599.95
vertex 8447.14 11193.91 599.95
endloop
endfacet
facet normal 0 0 -1
outer loop
vertex 8387.210000000001 11276.07 599.95
vertex 8447.14 11193.91 599.95
vertex 8239.14 11193.91 599.95
endloop
endfacet
facet normal 0 0 -1
outer loop
vertex 8387.210000000001 11276.07 599.95
vertex 8239.14 11193.91 599.95
vertex 8284.64 11343.93 599.95
endloop
endfacet
facet normal 0 0 -0.9999999999999999
outer loop
vertex 8387.210000000001 11276.07 599.95
vertex 8284.64 11343.93 599.95
vertex 8484.58 11343.93 599.95
endloop
endfacet
facet normal 0 0 -1
outer loop
vertex 8991.970000000001 11268.27 599.95
vertex 9215.31 11343.93 599.95
vertex 9260.94 11193.91 599.95
endloop
endfacet
facet normal 0 0 -1
outer loop
vertex 8991.970000000001 11268.27 599.95
vertex 9260.94 11193.91 599.95
vertex 8844.94 11193.91 599.95
endloop
endfacet
facet normal 0 0 -1
outer loop
vertex 8991.970000000001 11268.27 599.95
vertex 8844.94 11193.91 599.95
vertex 8823.1 11265.93 599.95
endloop
endfacet
facet normal 0 0 -0.9999999999999999
outer loop
vertex 8991.970000000001 11268.27 599.95
vertex 8823.1 11265.93 599.95
vertex 8815.43 11343.93 599.95
endloop
endfacet
facet normal 0 0 -1
outer loop
vertex 8991.970000000001 11268.27 599.95
vertex 8815.43 11343.93 599.95
vertex 9215.31 11343.93 599.95
endloop
endfacet
facet normal 0 0 -1
outer loop
vertex 11008.01 11268.27 599.95
vertex 11184.68 11343.93 599.95
vertex 11176.880000000001 11265.93 599.95
endloop
endfacet
facet normal 0 0 -1
outer loop
vertex 11008.01 11268.27 599.95
vertex 11176.880000000001 11265.93 599.95
vertex 11155.04 11193.91 599.95
endloop
endfacet
facet normal 0 0 -1
outer loop
vertex 11008.01 11268.27 599.95
vertex 11155.04 11193.91 599.95
vertex 10739.04 11193.91 599.95
endloop
endfacet
facet normal 0 0 -1
outer loop
vertex 11008.01 11268.27 599.95
vertex 10739.04 11193.91 599.95
vertex 10784.67 11343.93 599.95
endloop
endfacet
facet normal 0 0 -1
outer loop
vertex 11008.01 11268.27 599.95
vertex 10784.67 11343.93 599.95
vertex 11184.68 11343.93 599.95
endloop
endfacet
facet normal 0 0 -1
outer loop
vertex 6666.79 11123.32 599.95
vertex 6760.91 11193.91 599.95
vertex 6834.88 11055.59 599.95
endloop
endfacet
facet normal 0 0 -0.9999999999999999
outer loop
vertex 6666.79 11123.32 599.95
vertex 6834.88 11055.59 599.95
vertex 6609.2 11055.59 599.95
endloop
endfacet
facet normal 0 0 -1
outer loop
vertex 6666.79 11123.32 599.95
vertex 6609.2 11055.59 599.95
vertex 6576.18 11117.34 599.95
endloop
endfacet
facet normal 0 0 -1
outer loop
vertex 6666.79 11123.32 599.95
vertex 6576.18 11117.34 599.95
vertex 6552.91 11193.91 599.95
endloop
endfacet
facet normal 0 0 -1
outer loop
vertex 6666.79 11123.32 599.95
vertex 6552.91 11193.91 599.95
vertex 6760.91 11193.91 599.95
endloop
endfacet
facet normal 0 0 -1
outer loop
vertex 8333.26 11123.32 599.95
vertex 8447.14 11193.91 599.95
vertex 8423.87 11117.34 599.95
endloop
endfacet
facet normal 0 0 -1
outer loop
vertex 8333.26 11123.32 599.95
vertex 8423.87 11117.34 599.95
vertex 8390.85 11055.59 599.95
endloop
endfacet
facet normal 0 0 -0.9999999999999999
outer loop
vertex 8333.26 11123.32 599.95
vertex 8390.85 11055.59 599.95
vertex 8165.17 11055.59 599.95
endloop
endfacet
facet normal 0 0 -1
outer loop
vertex 8333.26 11123.32 599.95
vertex 8165.17 11055.59 599.95
vertex 8239.14 11193.91 599.95
endloop
endfacet
facet normal 0 0 -1
outer loop
vertex 8333.26 11123.32 599.95
vertex 8239.14 11193.91 599.95
vertex 8447.14 11193.91 599.95
endloop
endfacet
facet normal 0 0 -1
outer loop
vertex 9260.94 11193.91 599.95
vertex 9334.78 11055.59 599.95
vertex 8886.93 11055.59 599.95
endloop
endfacet
facet normal 0 0 -1
outer loop
vertex 9260.94 11193.91 599.95
vertex 8886.93 11055.59 599.95
vertex 8844.94 11193.91 599.95
endloop
endfacet
facet normal 0 0 -0.9999999999999999
outer loop
vertex 11155.04 11193.91 599.95
vertex 11113.18 11055.59 599.95
vertex 10665.2 11055.59 599.95
endloop
endfacet
facet normal 0 0 -1
outer loop
vertex 11155.04 11193.91 599.95
vertex 10665.2 11055.59 599.95
vertex 10739.04 11193.91 599.95
endloop
endfacet
facet normal 0 0 -0.9999999999999999
outer loop
vertex 6744.79 10984.87 599.95
vertex 6834.88 11055.59 599.95
vertex 6934.33 10934.300000000001 599.95
endloop
endfacet
facet normal 0 0 -1
outer loop
vertex 6744.79 10984.87 599.95
vertex 6934.33 10934.300000000001 599.95
vertex 6676.8 10934.300000000001 599.95
endloop
endfacet
facet normal 0 0 -0.9999999999999999
outer loop
vertex 6744.79 10984.87 599.95
vertex 6676.8 10934.300000000001 599.95
vertex 6668.4800000000005 10944.44 599.95
endloop
endfacet
facet normal 0 0 -1
outer loop
vertex 6744.79 10984.87 599.95
vertex 6668.4800000000005 10944.44 599.95
vertex 6609.2 11055.59 599.95
endloop
endfacet
facet normal 0 0 -1
outer loop
vertex 6744.79 10984.87 599.95
vertex 6609.2 11055.59 599.95
vertex 6834.88 11055.59 599.95
endloop
endfacet
facet normal 0 0 -1
outer loop
vertex 8255.26 10984.87 599.95
vertex 8390.85 11055.59 599.95
vertex 8331.44 10944.44 599.95
endloop
endfacet
facet normal 0 0 -1
outer loop
vertex 8255.26 10984.87 599.95
vertex 8331.44 10944.44 599.95
vertex 8323.12 10934.300000000001 599.95
endloop
endfacet
facet normal 0 0 -1
outer loop
vertex 8255.26 10984.87 599.95
vertex 8323.12 10934.300000000001 599.95
vertex 8065.72 10934.300000000001 599.95
endloop
endfacet
facet normal 0 0 -0.9999999999999999
outer loop
vertex 8255.26 10984.87 599.95
vertex 8065.72 10934.300000000001 599.95
vertex 8165.17 11055.59 599.95
endloop
endfacet
facet normal 0 0 -1
outer loop
vertex 8255.26 10984.87 599.95
vertex 8165.17 11055.59 599.95
vertex 8390.85 11055.59 599.95
endloop
endfacet
facet normal 0 0 -1
outer loop
vertex 9099.09 11004.11 599.95
vertex 9334.78 11055.59 599.95
vertex 9434.36 10934.300000000001 599.95
endloop
endfacet
facet normal 0 0 -1
outer loop
vertex 9099.09 11004.11 599.95
vertex 9434.36 10934.300000000001 599.95
vertex 8948.29 10934.300000000001 599.95
endloop
endfacet
facet normal 0 0 -1
outer loop
vertex 9099.09 11004.11 599.95
vertex 8948.29 10934.300000000001 599.95
vertex 8891.35 11040.77 599.95
endloop
endfacet
facet normal 0 0 -1
outer loop
vertex 9099.09 11004.11 599.95
vertex 8891.35 11040.77 599.95
vertex 8886.93 11055.59 599.95
endloop
endfacet
facet normal 0 0 -1
outer loop
vertex 9099.09 11004.11 599.95
vertex 8886.93 11055.59 599.95
vertex 9334.78 11055.59 599.95
endloop
endfacet
facet normal 0 0 -1
outer loop
vertex 10900.890000000001 11004.11 599.95
vertex 11113.18 11055.59 599.95
vertex 11108.630000000001 11040.77 599.95
endloop
endfacet
facet normal 0 0 -1
outer loop
vertex 10900.890000000001 11004.11 599.95
vertex 11108.630000000001 11040.77 599.95
vertex 11051.69 10934.300000000001 599.95
endloop
endfacet
facet normal 0 0 -1
outer loop
vertex 10900.890000000001 11004.11 599.95
vertex 11051.69 10934.300000000001 599.95
vertex 10565.75 10934.300000000001 599.95
endloop
endfacet
facet normal 0 0 -1
outer loop
vertex 10900.890000000001 11004.11 599.95
vertex 10565.75 10934.300000000001 599.95
vertex 10665.2 11055.59 599.95
endloop
endfacet
facet normal 0 0 -1
outer loop
vertex 10900.890000000001 11004.11 599.95
vertex 10665.2 11055.59 599.95
vertex 11113.18 11055.59 599.95
endloop
endfacet
facet normal 0 0 -1
outer loop
vertex 6934.33 10934.300000000001 599.95
vertex 7055.490000000001 10834.85 599.95
vertex 6758.4400000000005 10834.85 599.95
endloop
endfacet
facet normal 0 0 -1
outer loop
vertex 6934.33 10934.300000000001 599.95
vertex 6758.4400000000005 10834.85 599.95
vertex 6676.8 10934.300000000001 599.95
endloop
endfacet
facet normal 0 0 -1
outer loop
vertex 8323.12 10934.300000000001 599.95
vertex 8241.48 10834.85 599.95
vertex 7944.43 10834.85 599.95
endloop
endfacet
facet normal 0 0 -1
outer loop
vertex 8323.12 10934.300000000001 599.95
vertex 7944.43 10834.85 599.95
vertex 8065.72 10934.300000000001 599.95
endloop
endfacet
facet normal 0 0 -0.9999999999999999
outer loop
vertex 9434.36 10934.300000000001 599.95
vertex 9555.52 10834.85 599.95
vertex 9001.460000000001 10834.85 599.95
endloop
endfacet
facet normal 0 0 -1
outer loop
vertex 9434.36 10934.300000000001 599.95
vertex 9001.460000000001 10834.85 599.95
vertex 8948.29 10934.300000000001 599.95
endloop
endfacet
facet normal 0 0 -0.9999999999999999
outer loop
vertex 11051.69 10934.300000000001 599.95
vertex 10998.52 10834.85 599.95
vertex 10444.460000000001 10834.85 599.95
endloop
endfacet
facet normal 0 0 -0.9999999999999999
outer loop
vertex 11051.69 10934.300000000001 599.95
vertex 10444.460000000001 10834.85 599.95
vertex 10565.75 10934.300000000001 599.95
endloop
endfacet
facet normal 0 0 -1
outer loop
vertex 6926.530000000001 10796.890000000001 599.95
vertex 7055.490000000001 10834.85 599.95
vertex 7193.81 10760.880000000001 599.95
endloop
endfacet
facet normal 0 0 -1
outer loop
vertex 6926.530000000001 10796.890000000001 599.95
vertex 7193.81 10760.880000000001 599.95
vertex 6831.89 10760.880000000001 599.95
endloop
endfacet
facet normal 0 0 -1
outer loop
vertex 6926.530000000001 10796.890000000001 599.95
vertex 6831.89 10760.880000000001 599.95
vertex 6792.89 10792.86 599.95
endloop
endfacet
facet normal 0 0 -1
outer loop
vertex 6926.530000000001 10796.890000000001 599.95
vertex 6792.89 10792.86 599.95
vertex 6758.4400000000005 10834.85 599.95
endloop
endfacet
facet normal 0 0 -1
outer loop
vertex 6926.530000000001 10796.890000000001 599.95
vertex 6758.4400000000005 10834.85 599.95
vertex 7055.490000000001 10834.85 599.95
endloop
endfacet
facet normal 0 0 -1
outer loop
vertex 8073.52 10796.890000000001 599.95
vertex 8241.48 10834.85 599.95
vertex 8207.16 10792.86 599.95
endloop
endfacet
facet normal 0 0 -1
outer loop
vertex 8073.52 10796.890000000001 599.95
vertex 8207.16 10792.86 599.95
vertex 8168.16 10760.880000000001 599.95
endloop
endfacet
facet normal 0 0 -1
outer loop
vertex 8073.52 10796.890000000001 599.95
vertex 8168.16 10760.880000000001 599.95
vertex 7806.110000000001 10760.880000000001 599.95
endloop
endfacet
facet normal 0 0 -1
outer loop
vertex 8073.52 10796.890000000001 599.95
vertex 7806.110000000001 10760.880000000001 599.95
vertex 7944.43 10834.85 599.95
endloop
endfacet
facet normal 0 0 -1
outer loop
vertex 8073.52 10796.890000000001 599.95
vertex 7944.43 10834.85 599.95
vertex 8241.48 10834.85 599.95
endloop
endfacet
facet normal 0 0 -0.9999999999999999
outer loop
vertex 9262.89 10804.95 599.95
vertex 9555.52 10834.85 599.95
vertex 9693.84 10760.880000000001 599.95
endloop
endfacet
facet normal 0 0 -1
outer loop
vertex 9262.89 10804.95 599.95
vertex 9693.84 10760.880000000001 599.95
vertex 9061.65 10760.880000000001 599.95
endloop
endfacet
facet normal 0 0 -1
outer loop
vertex 9262.89 10804.95 599.95
vertex 9061.65 10760.880000000001 599.95
vertex 9002.24 10833.29 599.95
endloop
endfacet
facet normal 0 0 -1
outer loop
vertex 9262.89 10804.95 599.95
vertex 9002.24 10833.29 599.95
vertex 9001.460000000001 10834.85 599.95
endloop
endfacet
facet normal 0 0 -1
outer loop
vertex 9262.89 10804.95 599.95
vertex 9001.460000000001 10834.85 599.95
vertex 9555.52 10834.85 599.95
endloop
endfacet
facet normal 0 0 -0.9999999999999999
outer loop
vertex 10737.09 10804.95 599.95
vertex 10998.52 10834.85 599.95
vertex 10997.74 10833.29 599.95
endloop
endfacet
facet normal 0 0 -1
outer loop
vertex 10737.09 10804.95 599.95
vertex 10997.74 10833.29 599.95
vertex 10938.33 10760.880000000001 599.95
endloop
endfacet
facet normal 0 0 -1
outer loop
vertex 10737.09 10804.95 599.95
vertex 10938.33 10760.880000000001 599.95
vertex 10306.140000000001 10760.880000000001 599.95
endloop
endfacet
facet normal 0 0 -1
outer loop
vertex 10737.09 10804.95 599.95
vertex 10306.140000000001 10760.880000000001 599.95
vertex 10444.460000000001 10834.85 599.95
endloop
endfacet
facet normal 0 0 -1
outer loop
vertex 10737.09 10804.95 599.95
vertex 10444.460000000001 10834.85 599.95
vertex 10998.52 10834.85 599.95
endloop
endfacet
facet normal 0 0 -1
outer loop
vertex 7193.81 10760.880000000001 599.95
vertex 7343.96 10715.380000000001 599.95
vertex 6887.400000000001 10715.380000000001 599.95
endloop
endfacet
facet normal 0 0 -1
outer loop
vertex 7193.81 10760.880000000001 599.95
vertex 6887.400000000001 10715.380000000001 599.95
vertex 6831.89 10760.880000000001 599.95
endloop
endfacet
facet normal 0 0 -1
outer loop
vertex 8168.16 10760.880000000001 599.95
vertex 8112.650000000001 10715.380000000001 599.95
vertex 7656.09 10715.380000000001 599.95
endloop
endfacet
facet normal 0 0 -1
outer loop
vertex 8168.16 10760.880000000001 599.95
vertex 7656.09 10715.380000000001 599.95
vertex 7806.110000000001 10760.880000000001 599.95
endloop
endfacet
facet normal 0 0 -1
outer loop
vertex 9693.84 10760.880000000001 599.95
vertex 9843.99 10715.380000000001 599.95
vertex 9099.09 10715.380000000001 599.95
endloop
endfacet
facet normal 0 0 -0.9999999999999999
outer loop
vertex 9693.84 10760.880000000001 599.95
vertex 9099.09 10715.380000000001 599.95
vertex 9061.65 10760.880000000001 599.95
endloop
endfacet
facet normal 0 0 -1
outer loop
vertex 10938.33 10760.880000000001 599.95
vertex 10901.02 10715.380000000001 599.95
vertex 10156.12 10715.380000000001 599.95
endloop
endfacet
facet normal 0 0 -0.9999999999999999
outer loop
vertex 10938.33 10760.880000000001 599.95
vertex 10156.12 10715.380000000001 599.95
vertex 10306.140000000001 10760.880000000001 599.95
endloop
endfacet
facet normal 0 0 -1
outer loop
vertex 4044.04 11708.19 599.95
vertex 3839.6800000000003 12380.42 599.95
vertex 5100.03 10700.04 599.95
endloop
endfacet
facet normal 0 0 -1
outer loop
vertex 4044.04 11708.19 599.95
vertex 5100.03 10700.04 599.95
vertex 4600.05 10700.04 599.95
endloop
endfacet
facet normal 0 0 -1
outer loop
vertex 4044.04 11708.19 599.95
vertex 4600.05 10700.04 599.95
vertex 3339.96 12380.03 599.95
endloop
endfacet
facet normal 0 0 -1
outer loop
vertex 4044.04 11708.19 599.95
vertex 3339.96 12380.03 599.95
vertex 3340.61 12380.42 599.95
endloop
endfacet
facet normal 0 0 -1
outer loop
vertex 4044.04 11708.19 599.95
vertex 3340.61 12380.42 599.95
vertex 3839.6800000000003 12380.42 599.95
endloop
endfacet
facet normal 0 0 -1
outer loop
vertex 7343.96 10715.380000000001 599.95
vertex 7499.96 10700.04 599.95
vertex 6906.12 10700.04 599.95
endloop
endfacet
facet normal 0 0 -1
outer loop
vertex 7343.96 10715.380000000001 599.95
vertex 6906.12 10700.04 599.95
vertex 6887.400000000001 10715.380000000001 599.95
endloop
endfacet
facet normal 0 0 -1
outer loop
vertex 8112.650000000001 10715.380000000001 599.95
vertex 8093.93 10700.04 599.95
vertex 7499.96 10700.04 599.95
endloop
endfacet
facet normal 0 0 -0.9999999999999999
outer loop
vertex 8112.650000000001 10715.380000000001 599.95
vertex 7499.96 10700.04 599.95
vertex 7656.09 10715.380000000001 599.95
endloop
endfacet
facet normal 0 0 -1
outer loop
vertex 9843.99 10715.380000000001 599.95
vertex 9999.99 10700.04 599.95
vertex 9111.7 10700.04 599.95
endloop
endfacet
facet normal 0 0 -0.9999999999999999
outer loop
vertex 9843.99 10715.380000000001 599.95
vertex 9111.7 10700.04 599.95
vertex 9099.09 10715.380000000001 599.95
endloop
endfacet
facet normal 0 0 -1
outer loop
vertex 10901.02 10715.380000000001 599.95
vertex 10888.41 10700.04 599.95
vertex 9999.99 10700.04 599.95
endloop
endfacet
facet normal 0 0 -0.9999999999999999
outer loop
vertex 10901.02 10715.380000000001 599.95
vertex 9999.99 10700.04 599.95
vertex 10156.12 10715.380000000001 599.95
endloop
endfacet
facet normal 0 0 -1
outer loop
vertex 4003.2200000000003 10659.87 599.95
vertex 4600.05 10700.04 599.95
vertex 5100.03 10700.04 599.95
endloop
endfacet
facet normal 0 0 -1
outer loop
vertex 4003.2200000000003 10659.87 599.95
vertex 5100.03 10700.04 599.95
vertex 5159.96 10619.960000000001 599.95
endloop
endfacet
facet normal 0 0 -1
outer loop
vertex 4003.2200000000003 10659.87 599.95
vertex 5159.96 10619.960000000001 599.95
vertex 5159.4400000000005 10619.57 599.95
endloop
endfacet
facet normal 0 0 -1
outer loop
vertex 4003.2200000000003 10659.87 599.95
vertex 5159.4400000000005 10619.57 599.95
vertex 2000.0500000000002 10619.57 599.95
endloop
endfacet
facet normal 0 0 -1
outer loop
vertex 4003.2200000000003 10659.87 599.95
vertex 2000.0500000000002 10619.57 599.95
vertex 2000.0500000000002 10700.04 599.95
endloop
endfacet
facet normal 0 0 -1
outer loop
vertex 4003.2200000000003 10659.87 599.95
vertex 2000.0500000000002 10700.04 599.95
vertex 4600.05 10700.04 599.95
endloop
endfacet
facet normal 0 0 -1
outer loop
vertex 7499.96 10612.81 599.95
vertex 7499.96 10700.04 599.95
vertex 8093.93 10700.04 599.95
endloop
endfacet
facet normal 0 0 -1
outer loop
vertex 7499.96 10612.81 599.95
vertex 8093.93 10700.04 599.95
vertex 8055.58 10668.58 599.95
endloop
endfacet
facet normal 0 0 -1
outer loop
vertex 7499.96 10612.81 599.95
vertex 8055.58 10668.58 599.95
vertex 7882.68 10576.15 599.95
endloop
endfacet
facet normal 0 0 -1
outer loop
vertex 7499.96 10612.81 599.95
vertex 7882.68 10576.15 599.95
vertex 7695.09 10519.210000000001 599.95
endloop
endfacet
facet normal 0 0 -1
outer loop
vertex 7499.96 10612.81 599.95
vertex 7695.09 10519.210000000001 599.95
vertex 7499.96 10499.970000000001 599.95
endloop
endfacet
facet normal 0 0 -0.9999999999999999
outer loop
vertex 7499.96 10612.81 599.95
vertex 7499.96 10499.970000000001 599.95
vertex 7304.96 10519.210000000001 599.95
endloop
endfacet
facet normal 0 0 -0.9999999999999999
outer loop
vertex 7499.96 10612.81 599.95
vertex 7304.96 10519.210000000001 599.95
vertex 7117.37 10576.15 599.95
endloop
endfacet
facet normal 0 0 -1
outer loop
vertex 7499.96 10612.81 599.95
vertex 7117.37 10576.15 599.95
vertex 6944.47 10668.58 599.95
endloop
endfacet
facet normal 0 0 -1
outer loop
vertex 7499.96 10612.81 599.95
vertex 6944.47 10668.58 599.95
vertex 6906.12 10700.04 599.95
endloop
endfacet
facet normal 0 0 -1
outer loop
vertex 7499.96 10612.81 599.95
vertex 6906.12 10700.04 599.95
vertex 7499.96 10700.04 599.95
endloop
endfacet
facet normal 0 0 -1
outer loop
vertex 4721.47 10443.42 599.95
vertex 5159.4400000000005 10619.57 599.95
vertex 5166.33 10611.12 599.95
endloop
endfacet
facet normal 0 0 -0.9999999999999999
outer loop
vertex 4721.47 10443.42 599.95
vertex 5166.33 10611.12 599.95
vertex 5184.79 10576.54 599.95
endloop
endfacet
facet normal 0 0 -0.9999999999999999
outer loop
vertex 4721.47 10443.42 599.95
vertex 5184.79 10576.54 599.95
vertex 5196.1 10538.970000000001 599.95
endloop
endfacet
facet normal 0 0 -1
outer loop
vertex 4721.47 10443.42 599.95
vertex 5196.1 10538.970000000001 599.95
vertex 5200 10499.970000000001 599.95
endloop
endfacet
facet normal 0 0 -1
outer loop
vertex 4721.47 10443.42 599.95
vertex 5200 10499.970000000001 599.95
vertex 5196.1 10460.970000000001 599.95
endloop
endfacet
facet normal 0 0 -1
outer loop
vertex 4721.47 10443.42 599.95
vertex 5196.1 10460.970000000001 599.95
vertex 5184.79 10423.4 599.95
endloop
endfacet
facet normal 0 0 -1
outer loop
vertex 4721.47 10443.42 599.95
vertex 5184.79 10423.4 599.95
vertex 5166.33 10388.95 599.95
endloop
endfacet
facet normal 0 0 -1
outer loop
vertex 4721.47 10443.42 599.95
vertex 5166.33 10388.95 599.95
vertex 5141.37 10358.53 599.95
endloop
endfacet
facet normal 0 0 -1
outer loop
vertex 4721.47 10443.42 599.95
vertex 5141.37 10358.53 599.95
vertex 5111.08 10333.7 599.95
endloop
endfacet
facet normal 0 0 -1
outer loop
vertex 4721.47 10443.42 599.95
vertex 5111.08 10333.7 599.95
vertex 5076.5 10315.24 599.95
endloop
endfacet
facet normal 0 0 -1
outer loop
vertex 4721.47 10443.42 599.95
vertex 5076.5 10315.24 599.95
vertex 5039.06 10303.800000000001 599.95
endloop
endfacet
facet normal 0 0 -1
outer loop
vertex 4721.47 10443.42 599.95
vertex 5039.06 10303.800000000001 599.95
vertex 5000.06 10300.03 599.95
endloop
endfacet
facet normal 0 0 -1
outer loop
vertex 4721.47 10443.42 599.95
vertex 5000.06 10300.03 599.95
vertex 2000.0500000000002 10300.03 599.95
endloop
endfacet
facet normal 0 0 -1
outer loop
vertex 4721.47 10443.42 599.95
vertex 2000.0500000000002 10300.03 599.95
vertex 2000.0500000000002 10619.57 599.95
endloop
endfacet
facet normal 0 0 -1
outer loop
vertex 4721.47 10443.42 599.95
vertex 2000.0500000000002 10619.57 599.95
vertex 5159.4400000000005 10619.57 599.95
endloop
endfacet
facet normal 0 0 -1
outer loop
vertex 9999.99 10511.28 599.95
vertex 9999.99 10700.04 599.95
vertex 10888.41 10700.04 599.95
endloop
endfacet
facet normal 0 0 -1
outer loop
vertex 9999.99 10511.28 599.95
vertex 10888.41 10700.04 599.95
vertex 10848.5 10651.42 599.95
endloop
endfacet
facet normal 0 0 -1
outer loop
vertex 9999.99 10511.28 599.95
vertex 10848.5 10651.42 599.95
vertex 10666.630000000001 10502.18 599.95
endloop
endfacet
facet normal 0 0 -1
outer loop
vertex 9999.99 10511.28 599.95
vertex 10666.630000000001 10502.18 599.95
vertex 10459.28 10391.29 599.95
endloop
endfacet
facet normal 0 0 -0.9999999999999999
outer loop
vertex 9999.99 10511.28 599.95
vertex 10459.28 10391.29 599.95
vertex 10234.12 10323.04 599.95
endloop
endfacet
facet normal 0 0 -1
outer loop
vertex 9999.99 10511.28 599.95
vertex 10234.12 10323.04 599.95
vertex 9999.99 10300.03 599.95
endloop
endfacet
facet normal 0 0 -1
outer loop
vertex 9999.99 10511.28 599.95
vertex 9999.99 10300.03 599.95
vertex 9765.86 10323.04 599.95
endloop
endfacet
facet normal 0 0 -1
outer loop
vertex 9999.99 10511.28 599.95
vertex 9765.86 10323.04 599.95
vertex 9540.83 10391.29 599.95
endloop
endfacet
facet normal 0 0 -1
outer loop
vertex 9999.99 10511.28 599.95
vertex 9540.83 10391.29 599.95
vertex 9333.35 10502.18 599.95
endloop
endfacet
facet normal 0 0 -1
outer loop
vertex 9999.99 10511.28 599.95
vertex 9333.35 10502.18 599.95
vertex 9151.48 10651.42 599.95
endloop
endfacet
facet normal 0 0 -1
outer loop
vertex 9999.99 10511.28 599.95
vertex 9151.48 10651.42 599.95
vertex 9111.7 10700.04 599.95
endloop
endfacet
facet normal 0 0 -1
outer loop
vertex 9999.99 10511.28 599.95
vertex 9111.7 10700.04 599.95
vertex 9999.99 10700.04 599.95
endloop
endfacet
facet normal 0 0 -1
outer loop
vertex 8513.050000000001 5157.75 599.95
vertex 8539.050000000001 5196.1 599.95
vertex 8576.49 5184.79 599.95
endloop
endfacet
facet normal 0 0 -1
outer loop
vertex 8513.050000000001 5157.75 599.95
vertex 8576.49 5184.79 599.95
vertex 8611.07 5166.33 599.95
endloop
endfacet
facet normal 0 0 -1
outer loop
vertex 8513.050000000001 5157.75 599.95
vertex 8611.07 5166.33 599.95
vertex 8641.36 5141.37 599.95
endloop
endfacet
facet normal 0 0 -1
outer loop
vertex 8513.050000000001 5157.75 599.95
vertex 8641.36 5141.37 599.95
vertex 8666.32 5111.08 599.95
endloop
endfacet
facet normal 0 0 -1
outer loop
vertex 8513.050000000001 5157.75 599.95
vertex 8666.32 5111.08 599.95
vertex 8670.87 5102.5 599.95
endloop
endfacet
facet normal 0 0 -1
outer loop
vertex 8513.050000000001 5157.75 599.95
vertex 8670.87 5102.5 599.95
vertex 8319.74 5102.5 599.95
endloop
endfacet
facet normal 0 0 -1
outer loop
vertex 8513.050000000001 5157.75 599.95
vertex 8319.74 5102.5 599.95
vertex 8358.61 5141.37 599.95
endloop
endfacet
facet normal 0 0 -1
outer loop
vertex 8513.050000000001 5157.75 599.95
vertex 8358.61 5141.37 599.95
vertex 8388.9 5166.33 599.95
endloop
endfacet
facet normal 0 0 -1
outer loop
vertex 8513.050000000001 5157.75 599.95
vertex 8388.9 5166.33 599.95
vertex 8423.48 5184.79 599.95
endloop
endfacet
facet normal 0 0 -1
outer loop
vertex 8513.050000000001 5157.75 599.95
vertex 8423.48 5184.79 599.95
vertex 8460.92 5196.1 599.95
endloop
endfacet
facet normal 0 0 -1
outer loop
vertex 8513.050000000001 5157.75 599.95
vertex 8460.92 5196.1 599.95
vertex 8500.050000000001 5200 599.95
endloop
endfacet
facet normal 0 0 -0.9999999999999999
outer loop
vertex 8513.050000000001 5157.75 599.95
vertex 8500.050000000001 5200 599.95
vertex 8539.050000000001 5196.1 599.95
endloop
endfacet
facet normal 0 0 -1
outer loop
vertex 8671.78 5102.5 599.95
vertex 8670.87 5102.5 599.95
vertex 8671.52 5102.89 599.95
endloop
endfacet
facet normal 0 0 -1
outer loop
vertex 8490.69 4889.95 599.95
vertex 8670.87 5102.5 599.95
vertex 8671.78 5102.5 599.95
endloop
endfacet
facet normal 0 0 -1
outer loop
vertex 8490.69 4889.95 599.95
vertex 8671.78 5102.5 599.95
vertex 8926.710000000001 4677.400000000001 599.95
endloop
endfacet
facet normal 0 0 -1
outer loop
vertex 8490.69 4889.95 599.95
vertex 8926.710000000001 4677.400000000001 599.95
vertex 8460.27 4677.400000000001 599.95
endloop
endfacet
facet normal 0 0 -1
outer loop
vertex 8490.69 4889.95 599.95
vertex 8460.27 4677.400000000001 599.95
vertex 7894.64 4677.400000000001 599.95
endloop
endfacet
facet normal 0 0 -1
outer loop
vertex 8490.69 4889.95 599.95
vertex 7894.64 4677.400000000001 599.95
vertex 8319.74 5102.5 599.95
endloop
endfacet
facet normal 0 0 -1
outer loop
vertex 8490.69 4889.95 599.95
vertex 8319.74 5102.5 599.95
vertex 8670.87 5102.5 599.95
endloop
endfacet
facet normal 0 0 -1
outer loop
vertex 7551.83 4173 599.95
vertex 8460.27 4677.400000000001 599.95
vertex 7700.030000000001 3917.1600000000003 599.95
endloop
endfacet
facet normal 0 0 -1
outer loop
vertex 7551.83 4173 599.95
vertex 7700.030000000001 3917.1600000000003 599.95
vertex 7300.02 3917.1600000000003 599.95
endloop
endfacet
facet normal 0 0 -1
outer loop
vertex 7551.83 4173 599.95
vertex 7300.02 3917.1600000000003 599.95
vertex 7300.02 3999.9700000000003 599.95
endloop
endfacet
facet normal 0 0 -1
outer loop
vertex 7551.83 4173 599.95
vertex 7300.02 3999.9700000000003 599.95
vertex 7303.79 4038.9700000000003 599.95
endloop
endfacet
facet normal 0 0 -1
outer loop
vertex 7551.83 4173 599.95
vertex 7303.79 4038.9700000000003 599.95
vertex 7315.2300000000005 4076.54 599.95
endloop
endfacet
facet normal 0 0 -1
outer loop
vertex 7551.83 4173 599.95
vertex 7315.2300000000005 4076.54 599.95
vertex 7333.6900000000005 4111.12 599.95
endloop
endfacet
facet normal 0 0 -1
outer loop
vertex 7551.83 4173 599.95
vertex 7333.6900000000005 4111.12 599.95
vertex 7358.52 4141.41 599.95
endloop
endfacet
facet normal 0 0 -1
outer loop
vertex 7551.83 4173 599.95
vertex 7358.52 4141.41 599.95
vertex 7894.64 4677.400000000001 599.95
endloop
endfacet
facet normal 0 0 -1
outer loop
vertex 7551.83 4173 599.95
vertex 7894.64 4677.400000000001 599.95
vertex 8460.27 4677.400000000001 599.95
endloop
endfacet
facet normal 0 0 -1
outer loop
vertex 7700.030000000001 3917.1600000000003 599.95
vertex 7700.030000000001 2699.9700000000003 599.95
vertex 7300.02 2699.9700000000003 599.95
endloop
endfacet
facet normal 0 0 -1
outer loop
vertex 7700.030000000001 3917.1600000000003 599.95
vertex 7300.02 2699.9700000000003 599.95
vertex 7300.02 3917.1600000000003 599.95
endloop
endfacet
facet normal 0 0 -1
outer loop
vertex 8926.710000000001 4677.400000000001 599.95
vertex 10113.220000000001 2699.9700000000003 599.95
vertex 9646.78 2699.9700000000003 599.95
endloop
endfacet
facet normal 0 0 -0.9999999999999999
outer loop
vertex 8926.710000000001 4677.400000000001 599.95
vertex 9646.78 2699.9700000000003 599.95
vertex 8460.27 4677.400000000001 599.95
endloop
endfacet
facet normal 0 0 -1
outer loop
vertex 8914.62 2658.2400000000002 599.95
vertex 7700.030000000001 2699.9700000000003 599.95
vertex 9646.78 2699.9700000000003 599.95
endloop
endfacet
facet normal 0 0 -1
outer loop
vertex 8914.62 2658.2400000000002 599.95
vertex 9646.78 2699.9700000000003 599.95
vertex 10113.220000000001 2699.9700000000003 599.95
endloop
endfacet
facet normal 0 0 -1
outer loop
vertex 8914.62 2658.2400000000002 599.95
vertex 10113.220000000001 2699.9700000000003 599.95
vertex 10171.460000000001 2602.86 599.95
endloop
endfacet
facet normal 0 0 -1
outer loop
vertex 8914.62 2658.2400000000002 599.95
vertex 10171.460000000001 2602.86 599.95
vertex 10170.94 2602.4700000000003 599.95
endloop
endfacet
facet normal 0 0 -1
outer loop
vertex 8914.62 2658.2400000000002 599.95
vertex 10170.94 2602.4700000000003 599.95
vertex 7300.02 2602.4700000000003 599.95
endloop
endfacet
facet normal 0 0 -1
outer loop
vertex 8914.62 2658.2400000000002 599.95
vertex 7300.02 2602.4700000000003 599.95
vertex 7300.02 2699.9700000000003 599.95
endloop
endfacet
facet normal 0 0 -1
outer loop
vertex 8914.62 2658.2400000000002 599.95
vertex 7300.02 2699.9700000000003 599.95
vertex 7700.030000000001 2699.9700000000003 599.95
endloop
endfacet
facet normal 0 0 -0.9999999999999999
outer loop
vertex 8879.65 2413.19 599.95
vertex 10170.94 2602.4700000000003 599.95
vertex 10184.720000000001 2576.6 599.95
endloop
endfacet
facet normal 0 0 -0.9999999999999999
outer loop
vertex 8879.65 2413.19 599.95
vertex 10184.720000000001 2576.6 599.95
vertex 10196.16 2539.03 599.95
endloop
endfacet
facet normal 0 0 -1
outer loop
vertex 8879.65 2413.19 599.95
vertex 10196.16 2539.03 599.95
vertex 10200.06 2500.03 599.95
endloop
endfacet
facet normal 0 0 -1
outer loop
vertex 8879.65 2413.19 599.95
vertex 10200.06 2500.03 599.95
vertex 10196.16 2461.03 599.95
endloop
endfacet
facet normal 0 0 -0.9999999999999999
outer loop
vertex 8879.65 2413.19 599.95
vertex 10196.16 2461.03 599.95
vertex 10184.720000000001 2423.46 599.95
endloop
endfacet
facet normal 0 0 -1
outer loop
vertex 8879.65 2413.19 599.95
vertex 10184.720000000001 2423.46 599.95
vertex 10166.26 2388.88 599.95
endloop
endfacet
facet normal 0 0 -1
outer loop
vertex 8879.65 2413.19 599.95
vertex 10166.26 2388.88 599.95
vertex 10141.43 2358.59 599.95
endloop
endfacet
facet normal 0 0 -1
outer loop
vertex 8879.65 2413.19 599.95
vertex 10141.43 2358.59 599.95
vertex 10111.140000000001 2333.76 599.95
endloop
endfacet
facet normal 0 0 -1
outer loop
vertex 8879.65 2413.19 599.95
vertex 10111.140000000001 2333.76 599.95
vertex 10076.56 2315.17 599.95
endloop
endfacet
facet normal 0 0 -1
outer loop
vertex 8879.65 2413.19 599.95
vertex 10076.56 2315.17 599.95
vertex 10038.99 2303.86 599.95
endloop
endfacet
facet normal 0 0 -1
outer loop
vertex 8879.65 2413.19 599.95
vertex 10038.99 2303.86 599.95
vertex 9999.99 2299.96 599.95
endloop
endfacet
facet normal 0 0 -1
outer loop
vertex 8879.65 2413.19 599.95
vertex 9999.99 2299.96 599.95
vertex 7499.96 2299.96 599.95
endloop
endfacet
facet normal 0 0 -1
outer loop
vertex 8879.65 2413.19 599.95
vertex 7499.96 2299.96 599.95
vertex 7460.96 2303.86 599.95
endloop
endfacet
facet normal 0 0 -0.9999999999999999
outer loop
vertex 8879.65 2413.19 599.95
vertex 7460.96 2303.86 599.95
vertex 7423.52 2315.17 599.95
endloop
endfacet
facet normal 0 0 -1
outer loop
vertex 8879.65 2413.19 599.95
vertex 7423.52 2315.17 599.95
vertex 7388.9400000000005 2333.76 599.95
endloop
endfacet
facet normal 0 0 -1
outer loop
vertex 8879.65 2413.19 599.95
vertex 7388.9400000000005 2333.76 599.95
vertex 7358.52 2358.59 599.95
endloop
endfacet
facet normal 0 0 -1
outer loop
vertex 8879.65 2413.19 599.95
vertex 7358.52 2358.59 599.95
vertex 7333.6900000000005 2388.88 599.95
endloop
endfacet
facet normal 0 0 -1
outer loop
vertex 8879.65 2413.19 599.95
vertex 7333.6900000000005 2388.88 599.95
vertex 7315.2300000000005 2423.46 599.95
endloop
endfacet
facet normal 0 0 -0.9999999999999999
outer loop
vertex 8879.65 2413.19 599.95
vertex 7315.2300000000005 2423.46 599.95
vertex 7303.79 2461.03 599.95
endloop
endfacet
facet normal 0 0 -1
outer loop
vertex 8879.65 2413.19 599.95
vertex 7303.79 2461.03 599.95
vertex 7300.02 2500.03 599.95
endloop
endfacet
facet normal 0 0 -1
outer loop
vertex 8879.65 2413.19 599.95
vertex 7300.02 2500.03 599.95
vertex 7300.02 2602.4700000000003 599.95
endloop
endfacet
facet normal 0 0 -1
outer loop
vertex 8879.65 2413.19 599.95
vertex 7300.02 2602.4700000000003 599.95
vertex 10170.94 2602.4700000000003 599.95
endloop
endfacet
facet normal 0.9952000594324646 0.09786133917752662 0
outer loop
vertex 8284.64 11656.06 199.94
vertex 8284.64 11656.06 599.95
vertex 8299.98 11500.06 599.95
endloop
endfacet
facet normal 0.9952000594324646 0.09786133917752662 0
outer loop
vertex 8284.64 11656.06 199.94
vertex 8299.98 11500.06 599.95
vertex 8299.98 11500.06 199.94
endloop
endfacet
facet normal 0.9570244044334745 0.29000739528286823 0
outer loop
vertex 8239.14 11806.210000000001 199.94
vertex 8239.14 11806.210000000001 599.95
vertex 8284.64 11656.06 599.95
endloop
endfacet
facet normal 0.9570244044334745 0.29000739528286823 0
outer loop
vertex 8239.14 11806.210000000001 199.94
vertex 8284.64 11656.06 599.95
vertex 8284.64 11656.06 199.94
endloop
endfacet
facet normal 0.881640207454795 0.4719221806601869 0
outer loop
vertex 8165.17 11944.4 199.94
vertex 8165.17 11944.4 599.95
vertex 8239.14 11806.210000000001 599.95
endloop
endfacet
facet normal 0.881640207454795 0.4719221806601869 0
outer loop
vertex 8165.17 11944.4 199.94
vertex 8239.14 11806.210000000001 599.95
vertex 8239.14 11806.210000000001 199.94
endloop
endfacet
facet normal 0.773292172912093 0.6340498523877233 0
outer loop
vertex 8065.72 12065.69 199.94
vertex 8065.72 12065.69 599.95
vertex 8165.17 11944.4 599.95
endloop
endfacet
facet normal 0.773292172912093 0.6340498523877233 0
outer loop
vertex 8065.72 12065.69 199.94
vertex 8165.17 11944.4 599.95
vertex 8165.17 11944.4 199.94
endloop
endfacet
facet normal 0.6340498523877296 0.7732921729120878 0
outer loop
vertex 7944.43 12165.140000000001 199.94
vertex 7944.43 12165.140000000001 599.95
vertex 8065.72 12065.69 599.95
endloop
endfacet
facet normal 0.6340498523877296 0.7732921729120878 0
outer loop
vertex 7944.43 12165.140000000001 199.94
vertex 8065.72 12065.69 599.95
vertex 8065.72 12065.69 199.94
endloop
endfacet
facet normal 0.47157731664702907 0.8818247186510411 0
outer loop
vertex 7806.110000000001 12239.11 199.94
vertex 7806.110000000001 12239.11 599.95
vertex 7944.43 12165.140000000001 599.95
endloop
endfacet
facet normal 0.47157731664702907 0.8818247186510411 0
outer loop
vertex 7806.110000000001 12239.11 199.94
vertex 7944.43 12165.140000000001 599.95
vertex 7944.43 12165.140000000001 199.94
endloop
endfacet
facet normal 0.2902375404189898 0.9569546332671864 0
outer loop
vertex 7656.09 12284.61 199.94
vertex 7656.09 12284.61 599.95
vertex 7806.110000000001 12239.11 599.95
endloop
endfacet
facet normal 0.2902375404189898 0.9569546332671864 0
outer loop
vertex 7656.09 12284.61 199.94
vertex 7806.110000000001 12239.11 599.95
vertex 7806.110000000001 12239.11 199.94
endloop
endfacet
facet normal 0.09778063535101986 0.9952079920048629 0
outer loop
vertex 7499.96 12299.95 199.94
vertex 7499.96 12299.95 599.95
vertex 7656.09 12284.61 599.95
endloop
endfacet
facet normal 0.09778063535101986 0.9952079920048629 0
outer loop
vertex 7499.96 12299.95 199.94
vertex 7656.09 12284.61 599.95
vertex 7656.09 12284.61 199.94
endloop
endfacet
facet normal -0.09786133917752662 0.9952000594324646 0
outer loop
vertex 7343.96 12284.61 199.94
vertex 7343.96 12284.61 599.95
vertex 7499.96 12299.95 599.95
endloop
endfacet
facet normal -0.09786133917752662 0.9952000594324646 0
outer loop
vertex 7343.96 12284.61 199.94
vertex 7499.96 12299.95 599.95
vertex 7499.96 12299.95 199.94
endloop
endfacet
facet normal -0.29000739528287145 0.9570244044334735 0
outer loop
vertex 7193.81 12239.11 199.94
vertex 7193.81 12239.11 599.95
vertex 7343.96 12284.61 599.95
endloop
endfacet
facet normal -0.29000739528287145 0.9570244044334735 0
outer loop
vertex 7193.81 12239.11 199.94
vertex 7343.96 12284.61 599.95
vertex 7343.96 12284.61 199.94
endloop
endfacet
facet normal -0.47157731664702907 0.8818247186510411 0
outer loop
vertex 7055.490000000001 12165.140000000001 199.94
vertex 7055.490000000001 12165.140000000001 599.95
vertex 7193.81 12239.11 599.95
endloop
endfacet
facet normal -0.47157731664702907 0.8818247186510411 0
outer loop
vertex 7055.490000000001 12165.140000000001 199.94
vertex 7193.81 12239.11 599.95
vertex 7193.81 12239.11 199.94
endloop
endfacet
facet normal -0.634456402169903 0.7729586494409789 0
outer loop
vertex 6934.33 12065.69 199.94
vertex 6934.33 12065.69 599.95
vertex 7055.490000000001 12165.140000000001 599.95
endloop
endfacet
facet normal -0.634456402169903 0.7729586494409789 0
outer loop
vertex 6934.33 12065.69 199.94
vertex 7055.490000000001 12165.140000000001 599.95
vertex 7055.490000000001 12165.140000000001 199.94
endloop
endfacet
facet normal -0.773292172912093 0.6340498523877233 0
outer loop
vertex 6834.88 11944.4 199.94
vertex 6834.88 11944.4 599.95
vertex 6934.33 12065.69 599.95
endloop
endfacet
facet normal -0.773292172912093 0.6340498523877233 0
outer loop
vertex 6834.88 11944.4 199.94
vertex 6934.33 12065.69 599.95
vertex 6934.33 12065.69 199.94
endloop
endfacet
facet normal -0.8816402074547927 0.47192218066019137 0
outer loop
vertex 6760.91 11806.210000000001 199.94
vertex 6760.91 11806.210000000001 599.95
vertex 6834.88 11944.4 599.95
endloop
endfacet
facet normal -0.8816402074547927 0.47192218066019137 0
outer loop
vertex 6760.91 11806.210000000001 199.94
vertex 6834.88 11944.4 599.95
vertex 6834.88 11944.4 199.94
endloop
endfacet
facet normal -0.9570244044334745 0.29000739528286823 0
outer loop
vertex 6715.41 11656.06 199.94
vertex 6715.41 11656.06 599.95
vertex 6760.91 11806.210000000001 599.95
endloop
endfacet
facet normal -0.9570244044334745 0.29000739528286823 0
outer loop
vertex 6715.41 11656.06 199.94
vertex 6760.91 11806.210000000001 599.95
vertex 6760.91 11806.210000000001 199.94
endloop
endfacet
facet normal -0.9951189569874412 0.09868262990125042 0
outer loop
vertex 6699.9400000000005 11500.06 199.94
vertex 6699.9400000000005 11500.06 599.95
vertex 6715.41 11656.06 599.95
endloop
endfacet
facet normal -0.9951189569874412 0.09868262990125042 0
outer loop
vertex 6699.9400000000005 11500.06 199.94
vertex 6715.41 11656.06 599.95
vertex 6715.41 11656.06 199.94
endloop
endfacet
facet normal -0.9951270226093383 -0.09860126202373594 0
outer loop
vertex 6715.41 11343.93 199.94
vertex 6715.41 11343.93 599.95
vertex 6699.9400000000005 11500.06 599.95
endloop
endfacet
facet normal -0.9951270226093383 -0.09860126202373594 0
outer loop
vertex 6715.41 11343.93 199.94
vertex 6699.9400000000005 11500.06 599.95
vertex 6699.9400000000005 11500.06 199.94
endloop
endfacet
facet normal -0.9569546332671864 -0.2902375404189898 0
outer loop
vertex 6760.91 11193.91 199.94
vertex 6760.91 11193.91 599.95
vertex 6715.41 11343.93 599.95
endloop
endfacet
facet normal -0.9569546332671864 -0.2902375404189898 0
outer loop
vertex 6760.91 11193.91 199.94
vertex 6715.41 11343.93 599.95
vertex 6715.41 11343.93 199.94
endloop
endfacet
facet normal -0.8818247186510386 -0.47157731664703356 0
outer loop
vertex 6834.88 11055.59 199.94
vertex 6834.88 11055.59 599.95
vertex 6760.91 11193.91 599.95
endloop
endfacet
facet normal -0.8818247186510386 -0.47157731664703356 0
outer loop
vertex 6834.88 11055.59 199.94
vertex 6760.91 11193.91 599.95
vertex 6760.91 11193.91 199.94
endloop
endfacet
facet normal -0.7732921729120883 -0.6340498523877289 0
outer loop
vertex 6934.33 10934.300000000001 199.94
vertex 6934.33 10934.300000000001 599.95
vertex 6834.88 11055.59 599.95
endloop
endfacet
facet normal -0.7732921729120883 -0.6340498523877289 0
outer loop
vertex 6934.33 10934.300000000001 199.94
vertex 6834.88 11055.59 599.95
vertex 6834.88 11055.59 199.94
endloop
endfacet
facet normal -0.634456402169903 -0.7729586494409789 0
outer loop
vertex 7055.490000000001 10834.85 199.94
vertex 7055.490000000001 10834.85 599.95
vertex 6934.33 10934.300000000001 599.95
endloop
endfacet
facet normal -0.634456402169903 -0.7729586494409789 0
outer loop
vertex 7055.490000000001 10834.85 199.94
vertex 6934.33 10934.300000000001 599.95
vertex 6934.33 10934.300000000001 199.94
endloop
endfacet
facet normal -0.47157731664702907 -0.8818247186510411 0
outer loop
vertex 7193.81 10760.880000000001 199.94
vertex 7193.81 10760.880000000001 599.95
vertex 7055.490000000001 10834.85 599.95
endloop
endfacet
facet normal -0.47157731664702907 -0.8818247186510411 0
outer loop
vertex 7193.81 10760.880000000001 199.94
vertex 7055.490000000001 10834.85 599.95
vertex 7055.490000000001 10834.85 199.94
endloop
endfacet
facet normal -0.29000739528287145 -0.9570244044334735 0
outer loop
vertex 7343.96 10715.380000000001 199.94
vertex 7343.96 10715.380000000001 599.95
vertex 7193.81 10760.880000000001 599.95
endloop
endfacet
facet normal -0.29000739528287145 -0.9570244044334735 0
outer loop
vertex 7343.96 10715.380000000001 199.94
vertex 7193.81 10760.880000000001 599.95
vertex 7193.81 10760.880000000001 199.94
endloop
endfacet
facet normal -0.09786133917752662 -0.9952000594324646 0
outer loop
vertex 7499.96 10700.04 199.94
vertex 7499.96 10700.04 599.95
vertex 7343.96 10715.380000000001 599.95
endloop
endfacet
facet normal -0.09786133917752662 -0.9952000594324646 0
outer loop
vertex 7499.96 10700.04 199.94
vertex 7343.96 10715.380000000001 599.95
vertex 7343.96 10715.380000000001 199.94
endloop
endfacet
facet normal 0.09778063535101986 -0.9952079920048629 0
outer loop
vertex 7656.09 10715.380000000001 199.94
vertex 7656.09 10715.380000000001 599.95
vertex 7499.96 10700.04 599.95
endloop
endfacet
facet normal 0.09778063535101986 -0.9952079920048629 0
outer loop
vertex 7656.09 10715.380000000001 199.94
vertex 7499.96 10700.04 599.95
vertex 7499.96 10700.04 199.94
endloop
endfacet
facet normal 0.2902375404189898 -0.9569546332671864 0
outer loop
vertex 7806.110000000001 10760.880000000001 199.94
vertex 7806.110000000001 10760.880000000001 599.95
vertex 7656.09 10715.380000000001 599.95
endloop
endfacet
facet normal 0.2902375404189898 -0.9569546332671864 0
outer loop
vertex 7806.110000000001 10760.880000000001 199.94
vertex 7656.09 10715.380000000001 599.95
vertex 7656.09 10715.380000000001 199.94
endloop
endfacet
facet normal 0.47157731664702907 -0.8818247186510411 0
outer loop
vertex 7944.43 10834.85 199.94
vertex 7944.43 10834.85 599.95
vertex 7806.110000000001 10760.880000000001 599.95
endloop
endfacet
facet normal 0.47157731664702907 -0.8818247186510411 0
outer loop
vertex 7944.43 10834.85 199.94
vertex 7806.110000000001 10760.880000000001 599.95
vertex 7806.110000000001 10760.880000000001 199.94
endloop
endfacet
facet normal 0.6340498523877296 -0.7732921729120878 0
outer loop
vertex 8065.72 10934.300000000001 199.94
vertex 8065.72 10934.300000000001 599.95
vertex 7944.43 10834.85 599.95
endloop
endfacet
facet normal 0.6340498523877296 -0.7732921729120878 0
outer loop
vertex 8065.72 10934.300000000001 199.94
vertex 7944.43 10834.85 599.95
vertex 7944.43 10834.85 199.94
endloop
endfacet
facet normal 0.7732921729120883 -0.6340498523877289 0
outer loop
vertex 8165.17 11055.59 199.94
vertex 8165.17 11055.59 599.95
vertex 8065.72 10934.300000000001 599.95
endloop
endfacet
facet normal 0.7732921729120883 -0.6340498523877289 0
outer loop
vertex 8165.17 11055.59 199.94
vertex 8065.72 10934.300000000001 599.95
vertex 8065.72 10934.300000000001 199.94
endloop
endfacet
facet normal 0.8818247186510411 -0.47157731664702907 0
outer loop
vertex 8239.14 11193.91 199.94
vertex 8239.14 11193.91 599.95
vertex 8165.17 11055.59 599.95
endloop
endfacet
facet normal 0.8818247186510411 -0.47157731664702907 0
outer loop
vertex 8239.14 11193.91 199.94
vertex 8165.17 11055.59 599.95
vertex 8165.17 11055.59 199.94
endloop
endfacet
facet normal 0.9569546332671864 -0.2902375404189898 0
outer loop
vertex 8284.64 11343.93 199.94
vertex 8284.64 11343.93 599.95
vertex 8239.14 11193.91 599.95
endloop
endfacet
facet normal 0.9569546332671864 -0.2902375404189898 0
outer loop
vertex 8284.64 11343.93 199.94
vertex 8239.14 11193.91 599.95
vertex 8239.14 11193.91 199.94
endloop
endfacet
facet normal 0.9952079920048628 -0.09778063535102043 0
outer loop
vertex 8299.98 11500.06 199.94
vertex 8299.98 11500.06 599.95
vertex 8284.64 11343.93 599.95
endloop
endfacet
facet normal 0.9952079920048628 -0.09778063535102043 0
outer loop
vertex 8299.98 11500.06 199.94
vertex 8284.64 11343.93 599.95
vertex 8284.64 11343.93 199.94
endloop
endfacet
facet normal -0.9951460649749662 -0.09840888864752119 0
outer loop
vertex 11200.02 11500.06 199.94
vertex 11200.02 11500.06 599.95
vertex 11176.880000000001 11734.060000000001 599.95
endloop
endfacet
facet normal -0.9951460649749662 -0.09840888864752119 0
outer loop
vertex 11200.02 11500.06 199.94
vertex 11176.880000000001 11734.060000000001 599.95
vertex 11176.880000000001 11734.060000000001 199.94
endloop
endfacet
facet normal -0.9570011658239657 -0.29008407162677957 0
outer loop
vertex 11176.880000000001 11734.060000000001 199.94
vertex 11176.880000000001 11734.060000000001 599.95
vertex 11108.630000000001 11959.220000000001 599.95
endloop
endfacet
facet normal -0.9570011658239657 -0.29008407162677957 0
outer loop
vertex 11176.880000000001 11734.060000000001 199.94
vertex 11108.630000000001 11959.220000000001 599.95
vertex 11108.630000000001 11959.220000000001 199.94
endloop
endfacet
facet normal -0.8819395901231523 -0.47136245010968597 0
outer loop
vertex 11108.630000000001 11959.220000000001 199.94
vertex 11108.630000000001 11959.220000000001 599.95
vertex 10997.74 12166.7 599.95
endloop
endfacet
facet normal -0.8819395901231523 -0.47136245010968597 0
outer loop
vertex 11108.630000000001 11959.220000000001 199.94
vertex 10997.74 12166.7 599.95
vertex 10997.74 12166.7 199.94
endloop
endfacet
facet normal -0.7730455783953828 -0.634350481771196 0
outer loop
vertex 10997.74 12166.7 199.94
vertex 10997.74 12166.7 599.95
vertex 10848.5 12348.57 599.95
endloop
endfacet
facet normal -0.7730455783953828 -0.634350481771196 0
outer loop
vertex 10997.74 12166.7 199.94
vertex 10848.5 12348.57 599.95
vertex 10848.5 12348.57 199.94
endloop
endfacet
facet normal -0.6343504817712005 -0.7730455783953788 0
outer loop
vertex 10848.5 12348.57 199.94
vertex 10848.5 12348.57 599.95
vertex 10666.630000000001 12497.810000000001 599.95
endloop
endfacet
facet normal -0.6343504817712005 -0.7730455783953788 0
outer loop
vertex 10848.5 12348.57 199.94
vertex 10666.630000000001 12497.810000000001 599.95
vertex 10666.630000000001 12497.810000000001 199.94
endloop
endfacet
facet normal -0.4715922666165721 -0.8818167236265391 0
outer loop
vertex 10666.630000000001 12497.810000000001 199.94
vertex 10666.630000000001 12497.810000000001 599.95
vertex 10459.28 12608.7 599.95
endloop
endfacet
facet normal -0.4715922666165721 -0.8818167236265391 0
outer loop
vertex 10666.630000000001 12497.810000000001 199.94
vertex 10459.28 12608.7 599.95
vertex 10459.28 12608.7 199.94
endloop
endfacet
facet normal -0.29008407162677957 -0.9570011658239657 0
outer loop
vertex 10459.28 12608.7 199.94
vertex 10459.28 12608.7 599.95
vertex 10234.12 12676.95 599.95
endloop
endfacet
facet normal -0.29008407162677957 -0.9570011658239657 0
outer loop
vertex 10459.28 12608.7 199.94
vertex 10234.12 12676.95 599.95
vertex 10234.12 12676.95 199.94
endloop
endfacet
facet normal -0.09780752190402259 -0.9952053499951626 0
outer loop
vertex 10234.12 12676.95 199.94
vertex 10234.12 12676.95 599.95
vertex 9999.99 12699.960000000001 599.95
endloop
endfacet
facet normal -0.09780752190402259 -0.9952053499951626 0
outer loop
vertex 10234.12 12676.95 199.94
vertex 9999.99 12699.960000000001 599.95
vertex 9999.99 12699.960000000001 199.94
endloop
endfacet
facet normal 0.09780752190402334 -0.9952053499951625 0
outer loop
vertex 9999.99 12699.960000000001 199.94
vertex 9999.99 12699.960000000001 599.95
vertex 9765.86 12676.95 599.95
endloop
endfacet
facet normal 0.09780752190402334 -0.9952053499951625 0
outer loop
vertex 9999.99 12699.960000000001 199.94
vertex 9765.86 12676.95 599.95
vertex 9765.86 12676.95 199.94
endloop
endfacet
facet normal 0.2902375404189898 -0.9569546332671863 0
outer loop
vertex 9765.86 12676.95 199.94
vertex 9765.86 12676.95 599.95
vertex 9540.83 12608.7 599.95
endloop
endfacet
facet normal 0.2902375404189898 -0.9569546332671863 0
outer loop
vertex 9765.86 12676.95 199.94
vertex 9540.83 12608.7 599.95
vertex 9540.83 12608.7 199.94
endloop
endfacet
facet normal 0.47136245010968 -0.8819395901231555 0
outer loop
vertex 9540.83 12608.7 199.94
vertex 9540.83 12608.7 599.95
vertex 9333.35 12497.810000000001 599.95
endloop
endfacet
facet normal 0.47136245010968 -0.8819395901231555 0
outer loop
vertex 9540.83 12608.7 199.94
vertex 9333.35 12497.810000000001 599.95
vertex 9333.35 12497.810000000001 199.94
endloop
endfacet
facet normal 0.6343504817711967 -0.773045578395382 0
outer loop
vertex 9333.35 12497.810000000001 199.94
vertex 9333.35 12497.810000000001 599.95
vertex 9151.48 12348.57 599.95
endloop
endfacet
facet normal 0.6343504817711967 -0.773045578395382 0
outer loop
vertex 9333.35 12497.810000000001 199.94
vertex 9151.48 12348.57 599.95
vertex 9151.48 12348.57 199.94
endloop
endfacet
facet normal 0.7730455783953828 -0.634350481771196 0
outer loop
vertex 9151.48 12348.57 199.94
vertex 9151.48 12348.57 599.95
vertex 9002.24 12166.7 599.95
endloop
endfacet
facet normal 0.7730455783953828 -0.634350481771196 0
outer loop
vertex 9151.48 12348.57 199.94
vertex 9002.24 12166.7 599.95
vertex 9002.24 12166.7 199.94
endloop
endfacet
facet normal 0.8819395901231555 -0.47136245010968 0
outer loop
vertex 9002.24 12166.7 199.94
vertex 9002.24 12166.7 599.95
vertex 8891.35 11959.220000000001 599.95
endloop
endfacet
facet normal 0.8819395901231555 -0.47136245010968 0
outer loop
vertex 9002.24 12166.7 199.94
vertex 8891.35 11959.220000000001 599.95
vertex 8891.35 11959.220000000001 199.94
endloop
endfacet
facet normal 0.9570011658239657 -0.29008407162677957 0
outer loop
vertex 8891.35 11959.220000000001 199.94
vertex 8891.35 11959.220000000001 599.95
vertex 8823.1 11734.060000000001 599.95
endloop
endfacet
facet normal 0.9570011658239657 -0.29008407162677957 0
outer loop
vertex 8891.35 11959.220000000001 199.94
vertex 8823.1 11734.060000000001 599.95
vertex 8823.1 11734.060000000001 199.94
endloop
endfacet
facet normal 0.9951460649749662 -0.09840888864752119 0
outer loop
vertex 8823.1 11734.060000000001 199.94
vertex 8823.1 11734.060000000001 599.95
vertex 8799.960000000001 11500.06 599.95
endloop
endfacet
facet normal 0.9951460649749662 -0.09840888864752119 0
outer loop
vertex 8823.1 11734.060000000001 199.94
vertex 8799.960000000001 11500.06 599.95
vertex 8799.960000000001 11500.06 199.94
endloop
endfacet
facet normal 0.9951514146165565 0.09835477612534325 0
outer loop
vertex 8799.960000000001 11500.06 199.94
vertex 8799.960000000001 11500.06 599.95
vertex 8823.1 11265.93 599.95
endloop
endfacet
facet normal 0.9951514146165565 0.09835477612534325 0
outer loop
vertex 8799.960000000001 11500.06 199.94
vertex 8823.1 11265.93 599.95
vertex 8823.1 11265.93 199.94
endloop
endfacet
facet normal 0.9570011658239657 0.29008407162677957 0
outer loop
vertex 8823.1 11265.93 199.94
vertex 8823.1 11265.93 599.95
vertex 8891.35 11040.77 599.95
endloop
endfacet
facet normal 0.9570011658239657 0.29008407162677957 0
outer loop
vertex 8823.1 11265.93 199.94
vertex 8891.35 11040.77 599.95
vertex 8891.35 11040.77 199.94
endloop
endfacet
facet normal 0.8819395901231555 0.47136245010968 0
outer loop
vertex 8891.35 11040.77 199.94
vertex 8891.35 11040.77 599.95
vertex 9002.24 10833.29 599.95
endloop
endfacet
facet normal 0.8819395901231555 0.47136245010968 0
outer loop
vertex 8891.35 11040.77 199.94
vertex 9002.24 10833.29 599.95
vertex 9002.24 10833.29 199.94
endloop
endfacet
facet normal 0.7730455783953858 0.6343504817711921 0
outer loop
vertex 9002.24 10833.29 199.94
vertex 9002.24 10833.29 599.95
vertex 9151.48 10651.42 599.95
endloop
endfacet
facet normal 0.7730455783953858 0.6343504817711921 0
outer loop
vertex 9002.24 10833.29 199.94
vertex 9151.48 10651.42 599.95
vertex 9151.48 10651.42 199.94
endloop
endfacet
facet normal 0.6343504817711921 0.7730455783953858 0
outer loop
vertex 9151.48 10651.42 199.94
vertex 9151.48 10651.42 599.95
vertex 9333.35 10502.18 599.95
endloop
endfacet
facet normal 0.6343504817711921 0.7730455783953858 0
outer loop
vertex 9151.48 10651.42 199.94
vertex 9333.35 10502.18 599.95
vertex 9333.35 10502.18 199.94
endloop
endfacet
facet normal 0.47136245010968 0.8819395901231555 0
outer loop
vertex 9333.35 10502.18 199.94
vertex 9333.35 10502.18 599.95
vertex 9540.83 10391.29 599.95
endloop
endfacet
facet normal 0.47136245010968 0.8819395901231555 0
outer loop
vertex 9333.35 10502.18 199.94
vertex 9540.83 10391.29 599.95
vertex 9540.83 10391.29 199.94
endloop
endfacet
facet normal 0.2902375404189898 0.9569546332671863 0
outer loop
vertex 9540.83 10391.29 199.94
vertex 9540.83 10391.29 599.95
vertex 9765.86 10323.04 599.95
endloop
endfacet
facet normal 0.2902375404189898 0.9569546332671863 0
outer loop
vertex 9540.83 10391.29 199.94
vertex 9765.86 10323.04 599.95
vertex 9765.86 10323.04 199.94
endloop
endfacet
facet normal 0.09780752190402334 0.9952053499951625 0
outer loop
vertex 9765.86 10323.04 199.94
vertex 9765.86 10323.04 599.95
vertex 9999.99 10300.03 599.95
endloop
endfacet
facet normal 0.09780752190402334 0.9952053499951625 0
outer loop
vertex 9765.86 10323.04 199.94
vertex 9999.99 10300.03 599.95
vertex 9999.99 10300.03 199.94
endloop
endfacet
facet normal -0.09780752190402259 0.9952053499951626 0
outer loop
vertex 9999.99 10300.03 199.94
vertex 9999.99 10300.03 599.95
vertex 10234.12 10323.04 599.95
endloop
endfacet
facet normal -0.09780752190402259 0.9952053499951626 0
outer loop
vertex 9999.99 10300.03 199.94
vertex 10234.12 10323.04 599.95
vertex 10234.12 10323.04 199.94
endloop
endfacet
facet normal -0.29008407162677957 0.9570011658239657 0
outer loop
vertex 10234.12 10323.04 199.94
vertex 10234.12 10323.04 599.95
vertex 10459.28 10391.29 599.95
endloop
endfacet
facet normal -0.29008407162677957 0.9570011658239657 0
outer loop
vertex 10234.12 10323.04 199.94
vertex 10459.28 10391.29 599.95
vertex 10459.28 10391.29 199.94
endloop
endfacet
facet normal -0.4715922666165721 0.8818167236265391 0
outer loop
vertex 10459.28 10391.29 199.94
vertex 10459.28 10391.29 599.95
vertex 10666.630000000001 10502.18 599.95
endloop
endfacet
facet normal -0.4715922666165721 0.8818167236265391 0
outer loop
vertex 10459.28 10391.29 199.94
vertex 10666.630000000001 10502.18 599.95
vertex 10666.630000000001 10502.18 199.94
endloop
endfacet
facet normal -0.634350481771196 0.7730455783953828 0
outer loop
vertex 10666.630000000001 10502.18 199.94
vertex 10666.630000000001 10502.18 599.95
vertex 10848.5 10651.42 599.95
endloop
endfacet
facet normal -0.634350481771196 0.7730455783953828 0
outer loop
vertex 10666.630000000001 10502.18 199.94
vertex 10848.5 10651.42 599.95
vertex 10848.5 10651.42 199.94
endloop
endfacet
facet normal -0.7730455783953858 0.6343504817711921 0
outer loop
vertex 10848.5 10651.42 199.94
vertex 10848.5 10651.42 599.95
vertex 10997.74 10833.29 599.95
endloop
endfacet
facet normal -0.7730455783953858 0.6343504817711921 0
outer loop
vertex 10848.5 10651.42 199.94
vertex 10997.74 10833.29 599.95
vertex 10997.74 10833.29 199.94
endloop
endfacet
facet normal -0.8819395901231523 0.47136245010968597 0
outer loop
vertex 10997.74 10833.29 199.94
vertex 10997.74 10833.29 599.95
vertex 11108.630000000001 11040.77 599.95
endloop
endfacet
facet normal -0.8819395901231523 0.47136245010968597 0
outer loop
vertex 10997.74 10833.29 199.94
vertex 11108.630000000001 11040.77 599.95
vertex 11108.630000000001 11040.77 199.94
endloop
endfacet
facet normal -0.9570011658239657 0.29008407162677957 0
outer loop
vertex 11108.630000000001 11040.77 199.94
vertex 11108.630000000001 11040.77 599.95
vertex 11176.880000000001 11265.93 599.95
endloop
endfacet
facet normal -0.9570011658239657 0.29008407162677957 0
outer loop
vertex 11108.630000000001 11040.77 199.94
vertex 11176.880000000001 11265.93 599.95
vertex 11176.880000000001 11265.93 199.94
endloop
endfacet
facet normal -0.9951514146165565 0.09835477612534325 0
outer loop
vertex 11176.880000000001 11265.93 199.94
vertex 11176.880000000001 11265.93 599.95
vertex 11200.02 11500.06 599.95
endloop
endfacet
facet normal -0.9951514146165565 0.09835477612534325 0
outer loop
vertex 11176.880000000001 11265.93 199.94
vertex 11200.02 11500.06 599.95
vertex 11200.02 11500.06 199.94
endloop
endfacet
facet normal 0.9952000594324646 0.09786133917752662 0
outer loop
vertex 10784.67 11656.06 199.94
vertex 10784.67 11656.06 599.95
vertex 10800.01 11500.06 599.95
endloop
endfacet
facet normal 0.9952000594324646 0.09786133917752662 0
outer loop
vertex 10784.67 11656.06 199.94
vertex 10800.01 11500.06 599.95
vertex 10800.01 11500.06 199.94
endloop
endfacet
facet normal 0.9567941879783474 0.2907660259570483 0
outer loop
vertex 10739.04 11806.210000000001 199.94
vertex 10739.04 11806.210000000001 599.95
vertex 10784.67 11656.06 599.95
endloop
endfacet
facet normal 0.9567941879783474 0.2907660259570483 0
outer loop
vertex 10739.04 11806.210000000001 199.94
vertex 10784.67 11656.06 599.95
vertex 10784.67 11656.06 199.94
endloop
endfacet
facet normal 0.8819851866862589 0.4712771270346197 0
outer loop
vertex 10665.2 11944.4 199.94
vertex 10665.2 11944.4 599.95
vertex 10739.04 11806.210000000001 599.95
endloop
endfacet
facet normal 0.8819851866862589 0.4712771270346197 0
outer loop
vertex 10665.2 11944.4 199.94
vertex 10739.04 11806.210000000001 599.95
vertex 10739.04 11806.210000000001 199.94
endloop
endfacet
facet normal 0.7732921729120902 0.6340498523877268 0
outer loop
vertex 10565.75 12065.69 199.94
vertex 10565.75 12065.69 599.95
vertex 10665.2 11944.4 599.95
endloop
endfacet
facet normal 0.7732921729120902 0.6340498523877268 0
outer loop
vertex 10565.75 12065.69 199.94
vertex 10665.2 11944.4 599.95
vertex 10665.2 11944.4 199.94
endloop
endfacet
facet normal 0.6340498523877325 0.7732921729120855 0
outer loop
vertex 10444.460000000001 12165.140000000001 199.94
vertex 10444.460000000001 12165.140000000001 599.95
vertex 10565.75 12065.69 599.95
endloop
endfacet
facet normal 0.6340498523877325 0.7732921729120855 0
outer loop
vertex 10444.460000000001 12165.140000000001 199.94
vertex 10565.75 12065.69 599.95
vertex 10565.75 12065.69 199.94
endloop
endfacet
facet normal 0.47157731664702907 0.8818247186510411 0
outer loop
vertex 10306.140000000001 12239.11 199.94
vertex 10306.140000000001 12239.11 599.95
vertex 10444.460000000001 12165.140000000001 599.95
endloop
endfacet
facet normal 0.47157731664702907 0.8818247186510411 0
outer loop
vertex 10306.140000000001 12239.11 199.94
vertex 10444.460000000001 12165.140000000001 599.95
vertex 10444.460000000001 12165.140000000001 199.94
endloop
endfacet
facet normal 0.2902375404189898 0.9569546332671864 0
outer loop
vertex 10156.12 12284.61 199.94
vertex 10156.12 12284.61 599.95
vertex 10306.140000000001 12239.11 599.95
endloop
endfacet
facet normal 0.2902375404189898 0.9569546332671864 0
outer loop
vertex 10156.12 12284.61 199.94
vertex 10306.140000000001 12239.11 599.95
vertex 10306.140000000001 12239.11 199.94
endloop
endfacet
facet normal 0.09778063535101927 0.9952079920048627 0
outer loop
vertex 9999.99 12299.95 199.94
vertex 9999.99 12299.95 599.95
vertex 10156.12 12284.61 599.95
endloop
endfacet
facet normal 0.09778063535101927 0.9952079920048627 0
outer loop
vertex 9999.99 12299.95 199.94
vertex 10156.12 12284.61 599.95
vertex 10156.12 12284.61 199.94
endloop
endfacet
facet normal -0.09786133917752662 0.9952000594324646 0
outer loop
vertex 9843.99 12284.61 199.94
vertex 9843.99 12284.61 599.95
vertex 9999.99 12299.95 599.95
endloop
endfacet
facet normal -0.09786133917752662 0.9952000594324646 0
outer loop
vertex 9843.99 12284.61 199.94
vertex 9999.99 12299.95 599.95
vertex 9999.99 12299.95 199.94
endloop
endfacet
facet normal -0.29000739528287145 0.9570244044334735 0
outer loop
vertex 9693.84 12239.11 199.94
vertex 9693.84 12239.11 599.95
vertex 9843.99 12284.61 599.95
endloop
endfacet
facet normal -0.29000739528287145 0.9570244044334735 0
outer loop
vertex 9693.84 12239.11 199.94
vertex 9843.99 12284.61 599.95
vertex 9843.99 12284.61 199.94
endloop
endfacet
facet normal -0.47157731664702907 0.8818247186510411 0
outer loop
vertex 9555.52 12165.140000000001 199.94
vertex 9555.52 12165.140000000001 599.95
vertex 9693.84 12239.11 599.95
endloop
endfacet
facet normal -0.47157731664702907 0.8818247186510411 0
outer loop
vertex 9555.52 12165.140000000001 199.94
vertex 9693.84 12239.11 599.95
vertex 9693.84 12239.11 199.94
endloop
endfacet
facet normal -0.6344564021699058 0.7729586494409766 0
outer loop
vertex 9434.36 12065.69 199.94
vertex 9434.36 12065.69 599.95
vertex 9555.52 12165.140000000001 599.95
endloop
endfacet
facet normal -0.6344564021699058 0.7729586494409766 0
outer loop
vertex 9434.36 12065.69 199.94
vertex 9555.52 12165.140000000001 599.95
vertex 9555.52 12165.140000000001 199.94
endloop
endfacet
facet normal -0.7728858509010492 0.6345450823046077 0
outer loop
vertex 9334.78 11944.4 199.94
vertex 9334.78 11944.4 599.95
vertex 9434.36 12065.69 599.95
endloop
endfacet
facet normal -0.7728858509010492 0.6345450823046077 0
outer loop
vertex 9334.78 11944.4 199.94
vertex 9434.36 12065.69 599.95
vertex 9434.36 12065.69 199.94
endloop
endfacet
facet normal -0.8819851866862589 0.4712771270346197 0
outer loop
vertex 9260.94 11806.210000000001 199.94
vertex 9260.94 11806.210000000001 599.95
vertex 9334.78 11944.4 599.95
endloop
endfacet
facet normal -0.8819851866862589 0.4712771270346197 0
outer loop
vertex 9260.94 11806.210000000001 199.94
vertex 9334.78 11944.4 599.95
vertex 9334.78 11944.4 199.94
endloop
endfacet
facet normal -0.9567941879783441 0.2907660259570589 0
outer loop
vertex 9215.31 11656.06 199.94
vertex 9215.31 11656.06 599.95
vertex 9260.94 11806.210000000001 599.95
endloop
endfacet
facet normal -0.9567941879783441 0.2907660259570589 0
outer loop
vertex 9215.31 11656.06 199.94
vertex 9260.94 11806.210000000001 599.95
vertex 9260.94 11806.210000000001 199.94
endloop
endfacet
facet normal -0.9952000594324658 0.09786133917751513 0
outer loop
vertex 9199.970000000001 11500.06 199.94
vertex 9199.970000000001 11500.06 599.95
vertex 9215.31 11656.06 599.95
endloop
endfacet
facet normal -0.9952000594324658 0.09786133917751513 0
outer loop
vertex 9199.970000000001 11500.06 199.94
vertex 9215.31 11656.06 599.95
vertex 9215.31 11656.06 199.94
endloop
endfacet
facet normal -0.9952079920048638 -0.09778063535100893 0
outer loop
vertex 9215.31 11343.93 199.94
vertex 9215.31 11343.93 599.95
vertex 9199.970000000001 11500.06 599.95
endloop
endfacet
facet normal -0.9952079920048638 -0.09778063535100893 0
outer loop
vertex 9215.31 11343.93 199.94
vertex 9199.970000000001 11500.06 599.95
vertex 9199.970000000001 11500.06 199.94
endloop
endfacet
facet normal -0.9567240682175264 -0.29099666199684426 0
outer loop
vertex 9260.94 11193.91 199.94
vertex 9260.94 11193.91 599.95
vertex 9215.31 11343.93 599.95
endloop
endfacet
facet normal -0.9567240682175264 -0.29099666199684426 0
outer loop
vertex 9260.94 11193.91 199.94
vertex 9215.31 11343.93 599.95
vertex 9215.31 11343.93 199.94
endloop
endfacet
facet normal -0.8821692656664049 -0.470932465130188 0
outer loop
vertex 9334.78 11055.59 199.94
vertex 9334.78 11055.59 599.95
vertex 9260.94 11193.91 599.95
endloop
endfacet
facet normal -0.8821692656664049 -0.470932465130188 0
outer loop
vertex 9334.78 11055.59 199.94
vertex 9260.94 11193.91 599.95
vertex 9260.94 11193.91 199.94
endloop
endfacet
facet normal -0.7728858509010446 -0.6345450823046134 0
outer loop
vertex 9434.36 10934.300000000001 199.94
vertex 9434.36 10934.300000000001 599.95
vertex 9334.78 11055.59 599.95
endloop
endfacet
facet normal -0.7728858509010446 -0.6345450823046134 0
outer loop
vertex 9434.36 10934.300000000001 199.94
vertex 9334.78 11055.59 599.95
vertex 9334.78 11055.59 199.94
endloop
endfacet
facet normal -0.6344564021699058 -0.7729586494409766 0
outer loop
vertex 9555.52 10834.85 199.94
vertex 9555.52 10834.85 599.95
vertex 9434.36 10934.300000000001 599.95
endloop
endfacet
facet normal -0.6344564021699058 -0.7729586494409766 0
outer loop
vertex 9555.52 10834.85 199.94
vertex 9434.36 10934.300000000001 599.95
vertex 9434.36 10934.300000000001 199.94
endloop
endfacet
facet normal -0.47157731664702907 -0.8818247186510411 0
outer loop
vertex 9693.84 10760.880000000001 199.94
vertex 9693.84 10760.880000000001 599.95
vertex 9555.52 10834.85 599.95
endloop
endfacet
facet normal -0.47157731664702907 -0.8818247186510411 0
outer loop
vertex 9693.84 10760.880000000001 199.94
vertex 9555.52 10834.85 599.95
vertex 9555.52 10834.85 199.94
endloop
endfacet
facet normal -0.29000739528287145 -0.9570244044334735 0
outer loop
vertex 9843.99 10715.380000000001 199.94
vertex 9843.99 10715.380000000001 599.95
vertex 9693.84 10760.880000000001 599.95
endloop
endfacet
facet normal -0.29000739528287145 -0.9570244044334735 0
outer loop
vertex 9843.99 10715.380000000001 199.94
vertex 9693.84 10760.880000000001 599.95
vertex 9693.84 10760.880000000001 199.94
endloop
endfacet
facet normal -0.09786133917752662 -0.9952000594324646 0
outer loop
vertex 9999.99 10700.04 199.94
vertex 9999.99 10700.04 599.95
vertex 9843.99 10715.380000000001 599.95
endloop
endfacet
facet normal -0.09786133917752662 -0.9952000594324646 0
outer loop
vertex 9999.99 10700.04 199.94
vertex 9843.99 10715.380000000001 599.95
vertex 9843.99 10715.380000000001 199.94
endloop
endfacet
facet normal 0.09778063535101927 -0.9952079920048627 0
outer loop
vertex 10156.12 10715.380000000001 199.94
vertex 10156.12 10715.380000000001 599.95
vertex 9999.99 10700.04 599.95
endloop
endfacet
facet normal 0.09778063535101927 -0.9952079920048627 0
outer loop
vertex 10156.12 10715.380000000001 199.94
vertex 9999.99 10700.04 599.95
vertex 9999.99 10700.04 199.94
endloop
endfacet
facet normal 0.2902375404189898 -0.9569546332671864 0
outer loop
vertex 10306.140000000001 10760.880000000001 199.94
vertex 10306.140000000001 10760.880000000001 599.95
vertex 10156.12 10715.380000000001 599.95
endloop
endfacet
facet normal 0.2902375404189898 -0.9569546332671864 0
outer loop
vertex 10306.140000000001 10760.880000000001 199.94
vertex 10156.12 10715.380000000001 599.95
vertex 10156.12 10715.380000000001 199.94
endloop
endfacet
facet normal 0.47157731664702907 -0.8818247186510411 0
outer loop
vertex 10444.460000000001 10834.85 199.94
vertex 10444.460000000001 10834.85 599.95
vertex 10306.140000000001 10760.880000000001 599.95
endloop
endfacet
facet normal 0.47157731664702907 -0.8818247186510411 0
outer loop
vertex 10444.460000000001 10834.85 199.94
vertex 10306.140000000001 10760.880000000001 599.95
vertex 10306.140000000001 10760.880000000001 199.94
endloop
endfacet
facet normal 0.6340498523877325 -0.7732921729120855 0
outer loop
vertex 10565.75 10934.300000000001 199.94
vertex 10565.75 10934.300000000001 599.95
vertex 10444.460000000001 10834.85 599.95
endloop
endfacet
facet normal 0.6340498523877325 -0.7732921729120855 0
outer loop
vertex 10565.75 10934.300000000001 199.94
vertex 10444.460000000001 10834.85 599.95
vertex 10444.460000000001 10834.85 199.94
endloop
endfacet
facet normal 0.7732921729120855 -0.6340498523877325 0
outer loop
vertex 10665.2 11055.59 199.94
vertex 10665.2 11055.59 599.95
vertex 10565.75 10934.300000000001 599.95
endloop
endfacet
facet normal 0.7732921729120855 -0.6340498523877325 0
outer loop
vertex 10665.2 11055.59 199.94
vertex 10565.75 10934.300000000001 599.95
vertex 10565.75 10934.300000000001 199.94
endloop
endfacet
facet normal 0.8821692656664049 -0.470932465130188 0
outer loop
vertex 10739.04 11193.91 199.94
vertex 10739.04 11193.91 599.95
vertex 10665.2 11055.59 599.95
endloop
endfacet
facet normal 0.8821692656664049 -0.470932465130188 0
outer loop
vertex 10739.04 11193.91 199.94
vertex 10665.2 11055.59 599.95
vertex 10665.2 11055.59 199.94
endloop
endfacet
facet normal 0.9567240682175296 -0.29099666199683366 0
outer loop
vertex 10784.67 11343.93 199.94
vertex 10784.67 11343.93 599.95
vertex 10739.04 11193.91 599.95
endloop
endfacet
facet normal 0.9567240682175296 -0.29099666199683366 0
outer loop
vertex 10784.67 11343.93 199.94
vertex 10739.04 11193.91 599.95
vertex 10739.04 11193.91 199.94
endloop
endfacet
facet normal 0.9952079920048628 -0.09778063535102043 0
outer loop
vertex 10800.01 11500.06 199.94
vertex 10800.01 11500.06 599.95
vertex 10784.67 11343.93 599.95
endloop
endfacet
facet normal 0.9952079920048628 -0.09778063535102043 0
outer loop
vertex 10800.01 11500.06 199.94
vertex 10784.67 11343.93 599.95
vertex 10784.67 11343.93 199.94
endloop
endfacet
facet normal 0 1 0
outer loop
vertex 7499.96 2299.96 199.94
vertex 7499.96 2299.96 599.95
vertex 9999.99 2299.96 599.95
endloop
endfacet
facet normal 0 1 0
outer loop
vertex 7499.96 2299.96 199.94
vertex 9999.99 2299.96 599.95
vertex 9999.99 2299.96 199.94
endloop
endfacet
facet normal 0.9953602693534094 0.09621815937081751 0
outer loop
vertex 7300.02 2500.03 199.94
vertex 7300.02 2500.03 599.95
vertex 7303.79 2461.03 599.95
endloop
endfacet
facet normal 0.9953602693534094 0.09621815937081751 0
outer loop
vertex 7300.02 2500.03 199.94
vertex 7303.79 2461.03 599.95
vertex 7303.79 2461.03 199.94
endloop
endfacet
facet normal 0.956633783021112 0.2912933318541911 0
outer loop
vertex 7303.79 2461.03 199.94
vertex 7303.79 2461.03 599.95
vertex 7315.2300000000005 2423.46 599.95
endloop
endfacet
facet normal 0.956633783021112 0.2912933318541911 0
outer loop
vertex 7303.79 2461.03 199.94
vertex 7315.2300000000005 2423.46 599.95
vertex 7315.2300000000005 2423.46 199.94
endloop
endfacet
facet normal 0.8821692656664049 0.470932465130188 0
outer loop
vertex 7315.2300000000005 2423.46 199.94
vertex 7315.2300000000005 2423.46 599.95
vertex 7333.6900000000005 2388.88 599.95
endloop
endfacet
facet normal 0.8821692656664049 0.470932465130188 0
outer loop
vertex 7315.2300000000005 2423.46 199.94
vertex 7333.6900000000005 2388.88 599.95
vertex 7333.6900000000005 2388.88 199.94
endloop
endfacet
facet normal 0.7733654271742705 0.6339605003874911 0
outer loop
vertex 7333.6900000000005 2388.88 199.94
vertex 7333.6900000000005 2388.88 599.95
vertex 7358.52 2358.59 599.95
endloop
endfacet
facet normal 0.7733654271742705 0.6339605003874911 0
outer loop
vertex 7333.6900000000005 2388.88 199.94
vertex 7358.52 2358.59 599.95
vertex 7358.52 2358.59 199.94
endloop
endfacet
facet normal 0.6323359436049082 0.7746942974007817 0
outer loop
vertex 7358.52 2358.59 199.94
vertex 7358.52 2358.59 599.95
vertex 7388.9400000000005 2333.76 599.95
endloop
endfacet
facet normal 0.6323359436049082 0.7746942974007817 0
outer loop
vertex 7358.52 2358.59 199.94
vertex 7388.9400000000005 2333.76 599.95
vertex 7388.9400000000005 2333.76 199.94
endloop
endfacet
facet normal 0.4735073379125953 0.8807898733199238 0
outer loop
vertex 7388.9400000000005 2333.76 199.94
vertex 7388.9400000000005 2333.76 599.95
vertex 7423.52 2315.17 599.95
endloop
endfacet
facet normal 0.4735073379125953 0.8807898733199238 0
outer loop
vertex 7388.9400000000005 2333.76 199.94
vertex 7423.52 2315.17 599.95
vertex 7423.52 2315.17 199.94
endloop
endfacet
facet normal 0.2891770165876645 0.9572756411177804 0
outer loop
vertex 7423.52 2315.17 199.94
vertex 7423.52 2315.17 599.95
vertex 7460.96 2303.86 599.95
endloop
endfacet
facet normal 0.2891770165876645 0.9572756411177804 0
outer loop
vertex 7423.52 2315.17 199.94
vertex 7460.96 2303.86 599.95
vertex 7460.96 2303.86 199.94
endloop
endfacet
facet normal 0.09950371902100122 0.9950371902099889 0
outer loop
vertex 7460.96 2303.86 199.94
vertex 7460.96 2303.86 599.95
vertex 7499.96 2299.96 599.95
endloop
endfacet
facet normal 0.09950371902100122 0.9950371902099889 0
outer loop
vertex 7460.96 2303.86 199.94
vertex 7499.96 2299.96 599.95
vertex 7499.96 2299.96 199.94
endloop
endfacet
facet normal 1 0 0
outer loop
vertex 7300.02 3143.92 400.01
vertex 7300.02 2602.4700000000003 199.94
vertex 7300.02 2699.9700000000003 199.94
endloop
endfacet
facet normal 1 0 0
outer loop
vertex 7300.02 3143.92 400.01
vertex 7300.02 2699.9700000000003 199.94
vertex 7300.02 3917.1600000000003 199.94
endloop
endfacet
facet normal 1 0 0
outer loop
vertex 7300.02 3143.92 400.01
vertex 7300.02 3917.1600000000003 199.94
vertex 7300.02 3999.9700000000003 199.94
endloop
endfacet
facet normal 0.9999999999999999 0 0
outer loop
vertex 7300.02 3143.92 400.01
vertex 7300.02 3999.9700000000003 199.94
vertex 7300.02 3999.9700000000003 599.95
endloop
endfacet
facet normal 1 0 0
outer loop
vertex 7300.02 3143.92 400.01
vertex 7300.02 3999.9700000000003 599.95
vertex 7300.02 3917.1600000000003 599.95
endloop
endfacet
facet normal 0.9999999999999999 0 0
outer loop
vertex 7300.02 3143.92 400.01
vertex 7300.02 3917.1600000000003 599.95
vertex 7300.02 2699.9700000000003 599.95
endloop
endfacet
facet normal 1 0 0
outer loop
vertex 7300.02 3143.92 400.01
vertex 7300.02 2699.9700000000003 599.95
vertex 7300.02 2602.4700000000003 599.95
endloop
endfacet
facet normal 1 0 0
outer loop
vertex 7300.02 3143.92 400.01
vertex 7300.02 2602.4700000000003 599.95
vertex 7300.02 2500.03 599.95
endloop
endfacet
facet normal 1 0 0
outer loop
vertex 7300.02 3143.92 400.01
vertex 7300.02 2500.03 599.95
vertex 7300.02 2500.03 199.94
endloop
endfacet
facet normal 1 0 0
outer loop
vertex 7300.02 3143.92 400.01
vertex 7300.02 2500.03 199.94
vertex 7300.02 2602.4700000000003 199.94
endloop
endfacet
facet normal 0.7733654271742705 -0.6339605003874911 0
outer loop
vertex 7358.52 4141.41 199.94
vertex 7358.52 4141.41 599.95
vertex 7333.6900000000005 4111.12 599.95
endloop
endfacet
facet normal 0.7733654271742705 -0.6339605003874911 0
outer loop
vertex 7358.52 4141.41 199.94
vertex 7333.6900000000005 4111.12 599.95
vertex 7333.6900000000005 4111.12 199.94
endloop
endfacet
facet normal 0.8821692656664049 -0.470932465130188 0
outer loop
vertex 7333.6900000000005 4111.12 199.94
vertex 7333.6900000000005 4111.12 599.95
vertex 7315.2300000000005 4076.54 599.95
endloop
endfacet
facet normal 0.8821692656664049 -0.470932465130188 0
outer loop
vertex 7333.6900000000005 4111.12 199.94
vertex 7315.2300000000005 4076.54 599.95
vertex 7315.2300000000005 4076.54 199.94
endloop
endfacet
facet normal 0.956633783021111 -0.2912933318541943 0
outer loop
vertex 7315.2300000000005 4076.54 199.94
vertex 7315.2300000000005 4076.54 599.95
vertex 7303.79 4038.9700000000003 599.95
endloop
endfacet
facet normal 0.956633783021111 -0.2912933318541943 0
outer loop
vertex 7315.2300000000005 4076.54 199.94
vertex 7303.79 4038.9700000000003 599.95
vertex 7303.79 4038.9700000000003 199.94
endloop
endfacet
facet normal 0.9953602693534094 -0.09621815937081751 0
outer loop
vertex 7303.79 4038.9700000000003 199.94
vertex 7303.79 4038.9700000000003 599.95
vertex 7300.02 3999.9700000000003 599.95
endloop
endfacet
facet normal 0.9953602693534094 -0.09621815937081751 0
outer loop
vertex 7303.79 4038.9700000000003 199.94
vertex 7300.02 3999.9700000000003 599.95
vertex 7300.02 3999.9700000000003 199.94
endloop
endfacet
facet normal 0.7070608189011988 -0.7071527404845194 0
outer loop
vertex 8358.61 5141.37 199.94
vertex 8358.61 5141.37 599.95
vertex 7358.52 4141.41 599.95
endloop
endfacet
facet normal 0.7070608189011988 -0.7071527404845194 0
outer loop
vertex 8358.61 5141.37 199.94
vertex 7358.52 4141.41 599.95
vertex 7358.52 4141.41 199.94
endloop
endfacet
facet normal -0.9999999999999999 0 0
outer loop
vertex 7700.030000000001 2699.9700000000003 599.95
vertex 7700.030000000001 3917.1600000000003 599.95
vertex 7700.030000000001 3917.1600000000003 199.94
endloop
endfacet
facet normal -0.9999999999999999 0 0
outer loop
vertex 7700.030000000001 2699.9700000000003 599.95
vertex 7700.030000000001 3917.1600000000003 199.94
vertex 7700.030000000001 2699.9700000000003 199.94
endloop
endfacet
facet normal -0.7717389817980538 -0.6359394184773447 0
outer loop
vertex 8666.32 5111.08 199.94
vertex 8666.32 5111.08 599.95
vertex 8641.36 5141.37 599.95
endloop
endfacet
facet normal -0.7717389817980538 -0.6359394184773447 0
outer loop
vertex 8666.32 5111.08 199.94
vertex 8641.36 5141.37 599.95
vertex 8641.36 5141.37 199.94
endloop
endfacet
facet normal -0.635939418477347 -0.7717389817980517 0
outer loop
vertex 8641.36 5141.37 199.94
vertex 8641.36 5141.37 599.95
vertex 8611.07 5166.33 599.95
endloop
endfacet
facet normal -0.635939418477347 -0.7717389817980517 0
outer loop
vertex 8641.36 5141.37 199.94
vertex 8611.07 5166.33 599.95
vertex 8611.07 5166.33 199.94
endloop
endfacet
facet normal -0.470932465130188 -0.8821692656664049 0
outer loop
vertex 8611.07 5166.33 199.94
vertex 8611.07 5166.33 599.95
vertex 8576.49 5184.79 599.95
endloop
endfacet
facet normal -0.470932465130188 -0.8821692656664049 0
outer loop
vertex 8611.07 5166.33 199.94
vertex 8576.49 5184.79 599.95
vertex 8576.49 5184.79 199.94
endloop
endfacet
facet normal -0.2891770165876816 -0.9572756411177752 0
outer loop
vertex 8576.49 5184.79 199.94
vertex 8576.49 5184.79 599.95
vertex 8539.050000000001 5196.1 599.95
endloop
endfacet
facet normal -0.2891770165876816 -0.9572756411177752 0
outer loop
vertex 8576.49 5184.79 199.94
vertex 8539.050000000001 5196.1 599.95
vertex 8539.050000000001 5196.1 199.94
endloop
endfacet
facet normal -0.09950371902098973 -0.99503719020999 0
outer loop
vertex 8539.050000000001 5196.1 199.94
vertex 8539.050000000001 5196.1 599.95
vertex 8500.050000000001 5200 599.95
endloop
endfacet
facet normal -0.09950371902098973 -0.99503719020999 0
outer loop
vertex 8539.050000000001 5196.1 199.94
vertex 8500.050000000001 5200 599.95
vertex 8500.050000000001 5200 199.94
endloop
endfacet
facet normal 0.09917639879002758 -0.9950698678600621 0
outer loop
vertex 8500.050000000001 5200 199.94
vertex 8500.050000000001 5200 599.95
vertex 8460.92 5196.1 599.95
endloop
endfacet
facet normal 0.09917639879002758 -0.9950698678600621 0
outer loop
vertex 8500.050000000001 5200 199.94
vertex 8460.92 5196.1 599.95
vertex 8460.92 5196.1 199.94
endloop
endfacet
facet normal 0.2891770165876687 -0.9572756411177791 0
outer loop
vertex 8460.92 5196.1 199.94
vertex 8460.92 5196.1 599.95
vertex 8423.48 5184.79 599.95
endloop
endfacet
facet normal 0.2891770165876687 -0.9572756411177791 0
outer loop
vertex 8460.92 5196.1 199.94
vertex 8423.48 5184.79 599.95
vertex 8423.48 5184.79 199.94
endloop
endfacet
facet normal 0.470932465130188 -0.8821692656664049 0
outer loop
vertex 8423.48 5184.79 199.94
vertex 8423.48 5184.79 599.95
vertex 8388.9 5166.33 599.95
endloop
endfacet
facet normal 0.470932465130188 -0.8821692656664049 0
outer loop
vertex 8423.48 5184.79 199.94
vertex 8388.9 5166.33 599.95
vertex 8388.9 5166.33 199.94
endloop
endfacet
facet normal 0.6359394184773698 -0.7717389817980329 0
outer loop
vertex 8388.9 5166.33 199.94
vertex 8388.9 5166.33 599.95
vertex 8358.61 5141.37 599.95
endloop
endfacet
facet normal 0.6359394184773698 -0.7717389817980329 0
outer loop
vertex 8388.9 5166.33 199.94
vertex 8358.61 5141.37 599.95
vertex 8358.61 5141.37 199.94
endloop
endfacet
facet normal -0.8575047286456396 -0.5144760833608961 0
outer loop
vertex 10171.460000000001 2602.86 199.94
vertex 10171.460000000001 2602.86 599.95
vertex 8671.52 5102.89 599.95
endloop
endfacet
facet normal -0.8575047286456396 -0.5144760833608961 0
outer loop
vertex 10171.460000000001 2602.86 199.94
vertex 8671.52 5102.89 599.95
vertex 8671.52 5102.89 199.94
endloop
endfacet
facet normal 0.5144957554280558 -0.8574929257122266 0
outer loop
vertex 8670.87 5102.5 199.94
vertex 8671.52 5102.89 199.94
vertex 8671.52 5102.89 599.95
endloop
endfacet
facet normal 0.5144957554280558 -0.8574929257122266 0
outer loop
vertex 8670.87 5102.5 199.94
vertex 8671.52 5102.89 599.95
vertex 8670.87 5102.5 599.95
endloop
endfacet
facet normal 0.857482977453806 0.5145123354954236 0
outer loop
vertex 8460.27 4677.400000000001 599.95
vertex 9646.78 2699.9700000000003 599.95
vertex 9646.78 2699.9700000000003 199.94
endloop
endfacet
facet normal 0.857482977453806 0.5145123354954236 0
outer loop
vertex 8460.27 4677.400000000001 599.95
vertex 9646.78 2699.9700000000003 199.94
vertex 8460.27 4677.400000000001 199.94
endloop
endfacet
facet normal 0 -1 0
outer loop
vertex 9646.78 2699.9700000000003 599.95
vertex 7700.030000000001 2699.9700000000003 599.95
vertex 7700.030000000001 2699.9700000000003 199.94
endloop
endfacet
facet normal 0 -1 0
outer loop
vertex 9646.78 2699.9700000000003 599.95
vertex 7700.030000000001 2699.9700000000003 199.94
vertex 9646.78 2699.9700000000003 199.94
endloop
endfacet
facet normal -0.7071067811865478 0.7071067811865474 0
outer loop
vertex 8460.27 4677.400000000001 599.95
vertex 8460.27 4677.400000000001 199.94
vertex 7700.030000000001 3917.1600000000003 199.94
endloop
endfacet
facet normal -0.7071067811865478 0.7071067811865474 0
outer loop
vertex 8460.27 4677.400000000001 599.95
vertex 7700.030000000001 3917.1600000000003 199.94
vertex 7700.030000000001 3917.1600000000003 599.95
endloop
endfacet
facet normal -0.8834621020683298 -0.4685026298848367 0
outer loop
vertex 8670.87 5102.5 199.94
vertex 8670.87 5102.5 599.95
vertex 8666.32 5111.08 599.95
endloop
endfacet
facet normal -0.8834621020683298 -0.4685026298848367 0
outer loop
vertex 8670.87 5102.5 199.94
vertex 8666.32 5111.08 599.95
vertex 8666.32 5111.08 199.94
endloop
endfacet
facet normal -0.99503719020999 -0.09950371902098973 0
outer loop
vertex 10200.06 2500.03 199.94
vertex 10200.06 2500.03 599.95
vertex 10196.16 2539.03 599.95
endloop
endfacet
facet normal -0.99503719020999 -0.09950371902098973 0
outer loop
vertex 10200.06 2500.03 199.94
vertex 10196.16 2539.03 599.95
vertex 10196.16 2539.03 199.94
endloop
endfacet
facet normal -0.9566337830211238 -0.2912933318541519 0
outer loop
vertex 10196.16 2539.03 199.94
vertex 10196.16 2539.03 599.95
vertex 10184.720000000001 2576.6 599.95
endloop
endfacet
facet normal -0.9566337830211238 -0.2912933318541519 0
outer loop
vertex 10196.16 2539.03 199.94
vertex 10184.720000000001 2576.6 599.95
vertex 10184.720000000001 2576.6 199.94
endloop
endfacet
facet normal -0.09950371902100122 0.9950371902099889 0
outer loop
vertex 9999.99 2299.96 199.94
vertex 9999.99 2299.96 599.95
vertex 10038.99 2303.86 599.95
endloop
endfacet
facet normal -0.09950371902100122 0.9950371902099889 0
outer loop
vertex 9999.99 2299.96 199.94
vertex 10038.99 2303.86 599.95
vertex 10038.99 2303.86 199.94
endloop
endfacet
facet normal -0.28825968092873944 0.9575522734299478 0
outer loop
vertex 10038.99 2303.86 199.94
vertex 10038.99 2303.86 599.95
vertex 10076.56 2315.17 599.95
endloop
endfacet
facet normal -0.28825968092873944 0.9575522734299478 0
outer loop
vertex 10038.99 2303.86 199.94
vertex 10076.56 2315.17 599.95
vertex 10076.56 2315.17 199.94
endloop
endfacet
facet normal -0.473507337912576 0.8807898733199341 0
outer loop
vertex 10076.56 2315.17 199.94
vertex 10076.56 2315.17 599.95
vertex 10111.140000000001 2333.76 599.95
endloop
endfacet
facet normal -0.473507337912576 0.8807898733199341 0
outer loop
vertex 10076.56 2315.17 199.94
vertex 10111.140000000001 2333.76 599.95
vertex 10111.140000000001 2333.76 199.94
endloop
endfacet
facet normal -0.6339605003875025 0.7733654271742612 0
outer loop
vertex 10111.140000000001 2333.76 199.94
vertex 10111.140000000001 2333.76 599.95
vertex 10141.43 2358.59 599.95
endloop
endfacet
facet normal -0.6339605003875025 0.7733654271742612 0
outer loop
vertex 10111.140000000001 2333.76 199.94
vertex 10141.43 2358.59 599.95
vertex 10141.43 2358.59 199.94
endloop
endfacet
facet normal -0.7733654271742705 0.6339605003874911 0
outer loop
vertex 10141.43 2358.59 199.94
vertex 10141.43 2358.59 599.95
vertex 10166.26 2388.88 599.95
endloop
endfacet
facet normal -0.7733654271742705 0.6339605003874911 0
outer loop
vertex 10141.43 2358.59 199.94
vertex 10166.26 2388.88 599.95
vertex 10166.26 2388.88 199.94
endloop
endfacet
facet normal -0.8821692656663953 0.4709324651302061 0
outer loop
vertex 10166.26 2388.88 199.94
vertex 10166.26 2388.88 599.95
vertex 10184.720000000001 2423.46 599.95
endloop
endfacet
facet normal -0.8821692656663953 0.4709324651302061 0
outer loop
vertex 10166.26 2388.88 199.94
vertex 10184.720000000001 2423.46 599.95
vertex 10184.720000000001 2423.46 199.94
endloop
endfacet
facet normal -0.9566337830211248 0.2912933318541487 0
outer loop
vertex 10184.720000000001 2423.46 199.94
vertex 10184.720000000001 2423.46 599.95
vertex 10196.16 2461.03 599.95
endloop
endfacet
facet normal -0.9566337830211248 0.2912933318541487 0
outer loop
vertex 10184.720000000001 2423.46 199.94
vertex 10196.16 2461.03 599.95
vertex 10196.16 2461.03 199.94
endloop
endfacet
facet normal -0.99503719020999 0.09950371902098973 0
outer loop
vertex 10196.16 2461.03 199.94
vertex 10196.16 2461.03 599.95
vertex 10200.06 2500.03 599.95
endloop
endfacet
facet normal -0.99503719020999 0.09950371902098973 0
outer loop
vertex 10196.16 2461.03 199.94
vertex 10200.06 2500.03 599.95
vertex 10200.06 2500.03 199.94
endloop
endfacet
facet normal -0.8825983666772387 -0.47012777320497734 0
outer loop
vertex 10170.94 2602.4700000000003 199.94
vertex 10184.720000000001 2576.6 199.94
vertex 10184.720000000001 2576.6 599.95
endloop
endfacet
facet normal -0.8825983666772387 -0.47012777320497734 0
outer loop
vertex 10170.94 2602.4700000000003 199.94
vertex 10184.720000000001 2576.6 599.95
vertex 10170.94 2602.4700000000003 599.95
endloop
endfacet
facet normal -0.5999999999995523 0.8000000000003359 0
outer loop
vertex 10170.94 2602.4700000000003 599.95
vertex 10171.460000000001 2602.86 599.95
vertex 10171.460000000001 2602.86 199.94
endloop
endfacet
facet normal -0.5999999999995523 0.8000000000003359 0
outer loop
vertex 10170.94 2602.4700000000003 599.95
vertex 10171.460000000001 2602.86 199.94
vertex 10170.94 2602.4700000000003 199.94
endloop
endfacet
facet normal 1 0 0
outer loop
vertex 2000.0500000000002 10539.880000000001 400.01
vertex 2000.0500000000002 10619.57 199.94
vertex 2000.0500000000002 10700.04 199.94
endloop
endfacet
facet normal 1 0 0
outer loop
vertex 2000.0500000000002 10539.880000000001 400.01
vertex 2000.0500000000002 10700.04 199.94
vertex 2000.0500000000002 10700.04 599.95
endloop
endfacet
facet normal 0.9999999999999999 0 0
outer loop
vertex 2000.0500000000002 10539.880000000001 400.01
vertex 2000.0500000000002 10700.04 599.95
vertex 2000.0500000000002 10619.57 599.95
endloop
endfacet
facet normal 1 0 0
outer loop
vertex 2000.0500000000002 10539.880000000001 400.01
vertex 2000.0500000000002 10619.57 599.95
vertex 2000.0500000000002 10300.03 599.95
endloop
endfacet
facet normal 0.9999999999999999 0 0
outer loop
vertex 2000.0500000000002 10539.880000000001 400.01
vertex 2000.0500000000002 10300.03 599.95
vertex 2000.0500000000002 10300.03 199.94
endloop
endfacet
facet normal 1 0 0
outer loop
vertex 2000.0500000000002 10539.880000000001 400.01
vertex 2000.0500000000002 10300.03 199.94
vertex 2000.0500000000002 10619.57 199.94
endloop
endfacet
facet normal 0 1 0
outer loop
vertex 2000.0500000000002 10300.03 599.95
vertex 5000.06 10300.03 599.95
vertex 5000.06 10300.03 199.94
endloop
endfacet
facet normal 0 1 0
outer loop
vertex 2000.0500000000002 10300.03 599.95
vertex 5000.06 10300.03 199.94
vertex 2000.0500000000002 10300.03 199.94
endloop
endfacet
facet normal -0.99503719020999 -0.09950371902098973 0
outer loop
vertex 5200 10499.970000000001 199.94
vertex 5200 10499.970000000001 599.95
vertex 5196.1 10538.970000000001 599.95
endloop
endfacet
facet normal -0.99503719020999 -0.09950371902098973 0
outer loop
vertex 5200 10499.970000000001 199.94
vertex 5196.1 10538.970000000001 599.95
vertex 5196.1 10538.970000000001 199.94
endloop
endfacet
facet normal -0.9575522734299445 -0.28825968092875004 0
outer loop
vertex 5196.1 10538.970000000001 199.94
vertex 5196.1 10538.970000000001 599.95
vertex 5184.79 10576.54 599.95
endloop
endfacet
facet normal -0.9575522734299445 -0.28825968092875004 0
outer loop
vertex 5196.1 10538.970000000001 199.94
vertex 5184.79 10576.54 599.95
vertex 5184.79 10576.54 199.94
endloop
endfacet
facet normal -0.8821692656664049 -0.470932465130188 0
outer loop
vertex 5184.79 10576.54 199.94
vertex 5184.79 10576.54 599.95
vertex 5166.33 10611.12 599.95
endloop
endfacet
facet normal -0.8821692656664049 -0.470932465130188 0
outer loop
vertex 5184.79 10576.54 199.94
vertex 5166.33 10611.12 599.95
vertex 5166.33 10611.12 199.94
endloop
endfacet
facet normal -0.09621815937084051 0.9953602693534073 0
outer loop
vertex 5000.06 10300.03 199.94
vertex 5000.06 10300.03 599.95
vertex 5039.06 10303.800000000001 599.95
endloop
endfacet
facet normal -0.09621815937084051 0.9953602693534073 0
outer loop
vertex 5000.06 10300.03 199.94
vertex 5039.06 10303.800000000001 599.95
vertex 5039.06 10303.800000000001 199.94
endloop
endfacet
facet normal -0.29221853559899247 0.9563515710513474 0
outer loop
vertex 5039.06 10303.800000000001 199.94
vertex 5039.06 10303.800000000001 599.95
vertex 5076.5 10315.24 599.95
endloop
endfacet
facet normal -0.29221853559899247 0.9563515710513474 0
outer loop
vertex 5039.06 10303.800000000001 199.94
vertex 5076.5 10315.24 599.95
vertex 5076.5 10315.24 199.94
endloop
endfacet
facet normal -0.4709324651302061 0.8821692656663953 0
outer loop
vertex 5076.5 10315.24 199.94
vertex 5076.5 10315.24 599.95
vertex 5111.08 10333.7 599.95
endloop
endfacet
facet normal -0.4709324651302061 0.8821692656663953 0
outer loop
vertex 5076.5 10315.24 199.94
vertex 5111.08 10333.7 599.95
vertex 5111.08 10333.7 199.94
endloop
endfacet
facet normal -0.6339605003874911 0.7733654271742705 0
outer loop
vertex 5111.08 10333.7 199.94
vertex 5111.08 10333.7 599.95
vertex 5141.37 10358.53 599.95
endloop
endfacet
facet normal -0.6339605003874911 0.7733654271742705 0
outer loop
vertex 5111.08 10333.7 199.94
vertex 5141.37 10358.53 599.95
vertex 5141.37 10358.53 199.94
endloop
endfacet
facet normal -0.7730733704825907 0.6343166116780226 0
outer loop
vertex 5141.37 10358.53 199.94
vertex 5141.37 10358.53 599.95
vertex 5166.33 10388.95 599.95
endloop
endfacet
facet normal -0.7730733704825907 0.6343166116780226 0
outer loop
vertex 5141.37 10358.53 199.94
vertex 5166.33 10388.95 599.95
vertex 5166.33 10388.95 199.94
endloop
endfacet
facet normal -0.8814305179281775 0.47231371149360535 0
outer loop
vertex 5166.33 10388.95 199.94
vertex 5166.33 10388.95 599.95
vertex 5184.79 10423.4 599.95
endloop
endfacet
facet normal -0.8814305179281775 0.47231371149360535 0
outer loop
vertex 5166.33 10388.95 199.94
vertex 5184.79 10423.4 599.95
vertex 5184.79 10423.4 199.94
endloop
endfacet
facet normal -0.9575522734299483 0.2882596809287372 0
outer loop
vertex 5184.79 10423.4 199.94
vertex 5184.79 10423.4 599.95
vertex 5196.1 10460.970000000001 599.95
endloop
endfacet
facet normal -0.9575522734299483 0.2882596809287372 0
outer loop
vertex 5184.79 10423.4 199.94
vertex 5196.1 10460.970000000001 599.95
vertex 5196.1 10460.970000000001 199.94
endloop
endfacet
facet normal -0.99503719020999 0.09950371902098973 0
outer loop
vertex 5196.1 10460.970000000001 199.94
vertex 5196.1 10460.970000000001 599.95
vertex 5200 10499.970000000001 599.95
endloop
endfacet
facet normal -0.99503719020999 0.09950371902098973 0
outer loop
vertex 5196.1 10460.970000000001 199.94
vertex 5200 10499.970000000001 599.95
vertex 5200 10499.970000000001 199.94
endloop
endfacet
facet normal -0.6000000000015673 0.7999999999988248 0
outer loop
vertex 5159.4400000000005 10619.57 199.94
vertex 5159.4400000000005 10619.57 599.95
vertex 5159.96 10619.960000000001 599.95
endloop
endfacet
facet normal -0.6000000000015673 0.7999999999988248 0
outer loop
vertex 5159.4400000000005 10619.57 199.94
vertex 5159.96 10619.960000000001 599.95
vertex 5159.96 10619.960000000001 199.94
endloop
endfacet
facet normal 0.7999777142220696 0.6000297132209644 0
outer loop
vertex 4600.05 10700.04 599.95
vertex 4600.05 10700.04 199.94
vertex 3339.96 12380.03 199.94
endloop
endfacet
facet normal 0.7999777142220696 0.6000297132209644 0
outer loop
vertex 4600.05 10700.04 599.95
vertex 3339.96 12380.03 199.94
vertex 3339.96 12380.03 599.95
endloop
endfacet
facet normal 0 -0.9999999999999999 0
outer loop
vertex 4600.05 10700.04 199.94
vertex 4600.05 10700.04 599.95
vertex 2000.0500000000002 10700.04 599.95
endloop
endfacet
facet normal 0 -0.9999999999999999 0
outer loop
vertex 4600.05 10700.04 199.94
vertex 2000.0500000000002 10700.04 599.95
vertex 2000.0500000000002 10700.04 199.94
endloop
endfacet
facet normal -0.775018687806079 -0.6319383146726772 0
outer loop
vertex 5159.4400000000005 10619.57 199.94
vertex 5166.33 10611.12 199.94
vertex 5166.33 10611.12 599.95
endloop
endfacet
facet normal -0.775018687806079 -0.6319383146726772 0
outer loop
vertex 5159.4400000000005 10619.57 199.94
vertex 5166.33 10611.12 599.95
vertex 5159.4400000000005 10619.57 599.95
endloop
endfacet
facet normal 0.6339605003874911 -0.7733654271742705 0
outer loop
vertex 3388.84 12666.29 199.94
vertex 3388.84 12666.29 599.95
vertex 3358.55 12641.460000000001 599.95
endloop
endfacet
facet normal 0.6339605003874911 -0.7733654271742705 0
outer loop
vertex 3388.84 12666.29 199.94
vertex 3358.55 12641.460000000001 599.95
vertex 3358.55 12641.460000000001 199.94
endloop
endfacet
facet normal 0.7733654271742799 -0.6339605003874798 0
outer loop
vertex 3358.55 12641.460000000001 199.94
vertex 3358.55 12641.460000000001 599.95
vertex 3333.7200000000003 12611.17 599.95
endloop
endfacet
facet normal 0.7733654271742799 -0.6339605003874798 0
outer loop
vertex 3358.55 12641.460000000001 199.94
vertex 3333.7200000000003 12611.17 599.95
vertex 3333.7200000000003 12611.17 199.94
endloop
endfacet
facet normal 0.8821692656664049 -0.470932465130188 0
outer loop
vertex 3333.7200000000003 12611.17 199.94
vertex 3333.7200000000003 12611.17 599.95
vertex 3315.26 12576.59 599.95
endloop
endfacet
facet normal 0.8821692656664049 -0.470932465130188 0
outer loop
vertex 3333.7200000000003 12611.17 199.94
vertex 3315.26 12576.59 599.95
vertex 3315.26 12576.59 199.94
endloop
endfacet
facet normal 0.9566337830211142 -0.29129333185418377 0
outer loop
vertex 3315.26 12576.59 199.94
vertex 3315.26 12576.59 599.95
vertex 3303.82 12539.02 599.95
endloop
endfacet
facet normal 0.9566337830211142 -0.29129333185418377 0
outer loop
vertex 3315.26 12576.59 199.94
vertex 3303.82 12539.02 599.95
vertex 3303.82 12539.02 199.94
endloop
endfacet
facet normal 0.9953602693534084 -0.096218159370829 0
outer loop
vertex 3303.82 12539.02 199.94
vertex 3303.82 12539.02 599.95
vertex 3300.05 12500.02 599.95
endloop
endfacet
facet normal 0.9953602693534084 -0.096218159370829 0
outer loop
vertex 3303.82 12539.02 199.94
vertex 3300.05 12500.02 599.95
vertex 3300.05 12500.02 199.94
endloop
endfacet
facet normal 0.9953602693534084 0.096218159370829 0
outer loop
vertex 3300.05 12500.02 199.94
vertex 3300.05 12500.02 599.95
vertex 3303.82 12461.02 599.95
endloop
endfacet
facet normal 0.9953602693534084 0.096218159370829 0
outer loop
vertex 3300.05 12500.02 199.94
vertex 3303.82 12461.02 599.95
vertex 3303.82 12461.02 199.94
endloop
endfacet
facet normal 0.9566337830211142 0.29129333185418377 0
outer loop
vertex 3303.82 12461.02 199.94
vertex 3303.82 12461.02 599.95
vertex 3315.26 12423.45 599.95
endloop
endfacet
facet normal 0.9566337830211142 0.29129333185418377 0
outer loop
vertex 3303.82 12461.02 199.94
vertex 3315.26 12423.45 599.95
vertex 3315.26 12423.45 199.94
endloop
endfacet
facet normal 0.8821692656664049 0.470932465130188 0
outer loop
vertex 3315.26 12423.45 199.94
vertex 3315.26 12423.45 599.95
vertex 3333.7200000000003 12388.87 599.95
endloop
endfacet
facet normal 0.8821692656664049 0.470932465130188 0
outer loop
vertex 3315.26 12423.45 199.94
vertex 3333.7200000000003 12388.87 599.95
vertex 3333.7200000000003 12388.87 199.94
endloop
endfacet
facet normal 0.7750186878061252 0.6319383146726205 0
outer loop
vertex 3340.61 12380.42 199.94
vertex 3333.7200000000003 12388.87 199.94
vertex 3333.7200000000003 12388.87 599.95
endloop
endfacet
facet normal 0.7750186878061252 0.6319383146726205 0
outer loop
vertex 3340.61 12380.42 199.94
vertex 3333.7200000000003 12388.87 599.95
vertex 3340.61 12380.42 599.95
endloop
endfacet
facet normal 0.5144957554269091 -0.8574929257129148 0
outer loop
vertex 3339.96 12380.03 599.95
vertex 3339.96 12380.03 199.94
vertex 3340.61 12380.42 199.94
endloop
endfacet
facet normal 0.5144957554269091 -0.8574929257129148 0
outer loop
vertex 3339.96 12380.03 599.95
vertex 3340.61 12380.42 199.94
vertex 3340.61 12380.42 599.95
endloop
endfacet
facet normal -0.8320002909401536 -0.5547751939979831 0
outer loop
vertex 5110.95 13333.58 599.95
vertex 4889.04 13666.380000000001 599.95
vertex 4889.04 13666.380000000001 199.94
endloop
endfacet
facet normal -0.8320002909401536 -0.5547751939979831 0
outer loop
vertex 5110.95 13333.58 599.95
vertex 4889.04 13666.380000000001 199.94
vertex 5110.95 13333.58 199.94
endloop
endfacet
facet normal 0.5547001962252295 -0.8320502943378434 0
outer loop
vertex 4889.04 13666.380000000001 199.94
vertex 4889.04 13666.380000000001 599.95
vertex 3389.1 12666.42 599.95
endloop
endfacet
facet normal 0.5547001962252295 -0.8320502943378434 0
outer loop
vertex 4889.04 13666.380000000001 199.94
vertex 3389.1 12666.42 599.95
vertex 3389.1 12666.42 199.94
endloop
endfacet
facet normal -0.5547001962252287 0.8320502943378439 0
outer loop
vertex 5110.95 13333.58 599.95
vertex 5110.95 13333.58 199.94
vertex 3786.9 12450.880000000001 199.94
endloop
endfacet
facet normal -0.5547001962252287 0.8320502943378439 0
outer loop
vertex 5110.95 13333.58 599.95
vertex 3786.9 12450.880000000001 199.94
vertex 3786.9 12450.880000000001 599.95
endloop
endfacet
facet normal -0.8000272650847338 -0.599963644832786 0
outer loop
vertex 3786.9 12450.880000000001 599.95
vertex 3786.9 12450.880000000001 199.94
vertex 5159.96 10619.960000000001 199.94
endloop
endfacet
facet normal -0.8000272650847338 -0.599963644832786 0
outer loop
vertex 3786.9 12450.880000000001 599.95
vertex 5159.96 10619.960000000001 199.94
vertex 5159.96 10619.960000000001 599.95
endloop
endfacet
facet normal 0.44721359549808065 -0.8944271910008544 0
outer loop
vertex 3389.1 12666.42 199.94
vertex 3389.1 12666.42 599.95
vertex 3388.84 12666.29 599.95
endloop
endfacet
facet normal 0.44721359549808065 -0.8944271910008544 0
outer loop
vertex 3389.1 12666.42 199.94
vertex 3388.84 12666.29 599.95
vertex 3388.84 12666.29 199.94
endloop
endfacet
endsolid JSCAD
