solid JSCAD
facet normal -0.9999999999999999 0 0
outer loop
vertex 0 12357.150000000003 3619.070000000001
vertex 0 0 0
vertex 0 0 3999.970000000001
endloop
endfacet
facet normal -1 0 0
outer loop
vertex 0 12357.150000000003 3619.070000000001
vertex 0 0 3999.970000000001
vertex 0 13099.970000000003 3999.970000000001
endloop
endfacet
facet normal -1 0 0
outer loop
vertex 0 12357.150000000003 3619.070000000001
vertex 0 13099.970000000003 3999.970000000001
vertex 0 13107.640000000003 3999.970000000001
endloop
endfacet
facet normal -1 0 0
outer loop
vertex 0 12357.150000000003 3619.070000000001
vertex 0 13107.640000000003 3999.970000000001
vertex 0 13130.390000000003 3999.970000000001
endloop
endfacet
facet normal -1 0 0
outer loop
vertex 0 12357.150000000003 3619.070000000001
vertex 0 13130.390000000003 3999.970000000001
vertex 0 13167.440000000004 3999.970000000001
endloop
endfacet
facet normal -1 0 0
outer loop
vertex 0 12357.150000000003 3619.070000000001
vertex 0 13167.440000000004 3999.970000000001
vertex 0 13217.100000000004 3999.970000000001
endloop
endfacet
facet normal -1 0 0
outer loop
vertex 0 12357.150000000003 3619.070000000001
vertex 0 13217.100000000004 3999.970000000001
vertex 0 13277.810000000003 3999.970000000001
endloop
endfacet
facet normal -1 0 0
outer loop
vertex 0 12357.150000000003 3619.070000000001
vertex 0 13277.810000000003 3999.970000000001
vertex 0 13346.970000000003 3999.970000000001
endloop
endfacet
facet normal -0.9999999999999999 0 0
outer loop
vertex 0 12357.150000000003 3619.070000000001
vertex 0 13346.970000000003 3999.970000000001
vertex 0 13421.980000000003 3999.970000000001
endloop
endfacet
facet normal -0.9999999999999999 0 0
outer loop
vertex 0 12357.150000000003 3619.070000000001
vertex 0 13421.980000000003 3999.970000000001
vertex 0 13499.980000000003 3999.970000000001
endloop
endfacet
facet normal -1 0 0
outer loop
vertex 0 12357.150000000003 3619.070000000001
vertex 0 13499.980000000003 3999.970000000001
vertex 0 13577.980000000003 3999.970000000001
endloop
endfacet
facet normal -1 0 0
outer loop
vertex 0 12357.150000000003 3619.070000000001
vertex 0 13577.980000000003 3999.970000000001
vertex 0 13653.120000000003 3999.970000000001
endloop
endfacet
facet normal -1 0 0
outer loop
vertex 0 12357.150000000003 3619.070000000001
vertex 0 13653.120000000003 3999.970000000001
vertex 0 13722.280000000004 3999.970000000001
endloop
endfacet
facet normal -1 0 0
outer loop
vertex 0 12357.150000000003 3619.070000000001
vertex 0 13722.280000000004 3999.970000000001
vertex 0 13782.860000000004 3999.970000000001
endloop
endfacet
facet normal -1 0 0
outer loop
vertex 0 12357.150000000003 3619.070000000001
vertex 0 13782.860000000004 3999.970000000001
vertex 0 13832.650000000003 3999.970000000001
endloop
endfacet
facet normal -1 0 0
outer loop
vertex 0 12357.150000000003 3619.070000000001
vertex 0 13832.650000000003 3999.970000000001
vertex 0 13869.570000000003 3999.970000000001
endloop
endfacet
facet normal -1 0 0
outer loop
vertex 0 12357.150000000003 3619.070000000001
vertex 0 13869.570000000003 3999.970000000001
vertex 0 13892.320000000003 3999.970000000001
endloop
endfacet
facet normal -1 0 0
outer loop
vertex 0 12357.150000000003 3619.070000000001
vertex 0 13892.320000000003 3999.970000000001
vertex 0 13899.990000000003 3999.970000000001
endloop
endfacet
facet normal -1 0 0
outer loop
vertex 0 12357.150000000003 3619.070000000001
vertex 0 13899.990000000003 3999.970000000001
vertex 0 15000.050000000003 3999.970000000001
endloop
endfacet
facet normal -1 0 0
outer loop
vertex 0 12357.150000000003 3619.070000000001
vertex 0 15000.050000000003 3999.970000000001
vertex 0 15000.050000000003 0
endloop
endfacet
facet normal -1 0 0
outer loop
vertex 0 12357.150000000003 3619.070000000001
vertex 0 15000.050000000003 0
vertex 0 0 0
endloop
endfacet
facet normal 1 0 0
outer loop
vertex 19999.980000000003 12357.150000000003 3619.070000000001
vertex 19999.980000000003 0 0
vertex 19999.980000000003 15000.050000000003 0
endloop
endfacet
facet normal 1 0 0
outer loop
vertex 19999.980000000003 12357.150000000003 3619.070000000001
vertex 19999.980000000003 15000.050000000003 0
vertex 19999.980000000003 15000.050000000003 3999.970000000001
endloop
endfacet
facet normal 1 0 0
outer loop
vertex 19999.980000000003 12357.150000000003 3619.070000000001
vertex 19999.980000000003 15000.050000000003 3999.970000000001
vertex 19999.980000000003 13899.990000000003 3999.970000000001
endloop
endfacet
facet normal 1 0 0
outer loop
vertex 19999.980000000003 12357.150000000003 3619.070000000001
vertex 19999.980000000003 13899.990000000003 3999.970000000001
vertex 19999.980000000003 13892.320000000003 3999.970000000001
endloop
endfacet
facet normal 1 0 0
outer loop
vertex 19999.980000000003 12357.150000000003 3619.070000000001
vertex 19999.980000000003 13892.320000000003 3999.970000000001
vertex 19999.980000000003 13869.570000000003 3999.970000000001
endloop
endfacet
facet normal 1 0 0
outer loop
vertex 19999.980000000003 12357.150000000003 3619.070000000001
vertex 19999.980000000003 13869.570000000003 3999.970000000001
vertex 19999.980000000003 13832.650000000003 3999.970000000001
endloop
endfacet
facet normal 1 0 0
outer loop
vertex 19999.980000000003 12357.150000000003 3619.070000000001
vertex 19999.980000000003 13832.650000000003 3999.970000000001
vertex 19999.980000000003 13782.860000000004 3999.970000000001
endloop
endfacet
facet normal 1 0 0
outer loop
vertex 19999.980000000003 12357.150000000003 3619.070000000001
vertex 19999.980000000003 13782.860000000004 3999.970000000001
vertex 19999.980000000003 13722.280000000004 3999.970000000001
endloop
endfacet
facet normal 1 0 0
outer loop
vertex 19999.980000000003 12357.150000000003 3619.070000000001
vertex 19999.980000000003 13722.280000000004 3999.970000000001
vertex 19999.980000000003 13653.120000000003 3999.970000000001
endloop
endfacet
facet normal 1 0 0
outer loop
vertex 19999.980000000003 12357.150000000003 3619.070000000001
vertex 19999.980000000003 13653.120000000003 3999.970000000001
vertex 19999.980000000003 13577.980000000003 3999.970000000001
endloop
endfacet
facet normal 1 0 0
outer loop
vertex 19999.980000000003 12357.150000000003 3619.070000000001
vertex 19999.980000000003 13577.980000000003 3999.970000000001
vertex 19999.980000000003 13499.980000000003 3999.970000000001
endloop
endfacet
facet normal 0.9999999999999999 0 0
outer loop
vertex 19999.980000000003 12357.150000000003 3619.070000000001
vertex 19999.980000000003 13499.980000000003 3999.970000000001
vertex 19999.980000000003 13421.980000000003 3999.970000000001
endloop
endfacet
facet normal 0.9999999999999999 0 0
outer loop
vertex 19999.980000000003 12357.150000000003 3619.070000000001
vertex 19999.980000000003 13421.980000000003 3999.970000000001
vertex 19999.980000000003 13346.970000000003 3999.970000000001
endloop
endfacet
facet normal 1 0 0
outer loop
vertex 19999.980000000003 12357.150000000003 3619.070000000001
vertex 19999.980000000003 13346.970000000003 3999.970000000001
vertex 19999.980000000003 13277.810000000003 3999.970000000001
endloop
endfacet
facet normal 1 0 0
outer loop
vertex 19999.980000000003 12357.150000000003 3619.070000000001
vertex 19999.980000000003 13277.810000000003 3999.970000000001
vertex 19999.980000000003 13217.100000000004 3999.970000000001
endloop
endfacet
facet normal 1 0 0
outer loop
vertex 19999.980000000003 12357.150000000003 3619.070000000001
vertex 19999.980000000003 13217.100000000004 3999.970000000001
vertex 19999.980000000003 13167.440000000004 3999.970000000001
endloop
endfacet
facet normal 1 0 0
outer loop
vertex 19999.980000000003 12357.150000000003 3619.070000000001
vertex 19999.980000000003 13167.440000000004 3999.970000000001
vertex 19999.980000000003 13130.390000000003 3999.970000000001
endloop
endfacet
facet normal 1 0 0
outer loop
vertex 19999.980000000003 12357.150000000003 3619.070000000001
vertex 19999.980000000003 13130.390000000003 3999.970000000001
vertex 19999.980000000003 13107.640000000003 3999.970000000001
endloop
endfacet
facet normal 1 0 0
outer loop
vertex 19999.980000000003 12357.150000000003 3619.070000000001
vertex 19999.980000000003 13107.640000000003 3999.970000000001
vertex 19999.980000000003 13099.970000000003 3999.970000000001
endloop
endfacet
facet normal 1 0 0
outer loop
vertex 19999.980000000003 12357.150000000003 3619.070000000001
vertex 19999.980000000003 13099.970000000003 3999.970000000001
vertex 19999.980000000003 0 3999.970000000001
endloop
endfacet
facet normal 0.9999999999999999 0 0
outer loop
vertex 19999.980000000003 12357.150000000003 3619.070000000001
vertex 19999.980000000003 0 3999.970000000001
vertex 19999.980000000003 0 0
endloop
endfacet
facet normal 0 -0.9999999999999999 0
outer loop
vertex 0 0 0
vertex 19999.980000000003 0 0
vertex 19999.980000000003 0 3999.970000000001
endloop
endfacet
facet normal 0 -0.9999999999999999 0
outer loop
vertex 0 0 0
vertex 19999.980000000003 0 3999.970000000001
vertex 0 0 3999.970000000001
endloop
endfacet
facet normal 0 0.9999999999999999 0
outer loop
vertex 0 15000.050000000003 0
vertex 0 15000.050000000003 3999.970000000001
vertex 19999.980000000003 15000.050000000003 3999.970000000001
endloop
endfacet
facet normal 0 0.9999999999999999 0
outer loop
vertex 0 15000.050000000003 0
vertex 19999.980000000003 15000.050000000003 3999.970000000001
vertex 19999.980000000003 15000.050000000003 0
endloop
endfacet
facet normal 0 0 -1
outer loop
vertex 0 0 0
vertex 0 15000.050000000003 0
vertex 19999.980000000003 15000.050000000003 0
endloop
endfacet
facet normal 0 0 -1
outer loop
vertex 0 0 0
vertex 19999.980000000003 15000.050000000003 0
vertex 19999.980000000003 0 0
endloop
endfacet
facet normal 0.9486874089354187 -0.31621543309491007 0
outer loop
vertex 5500.040000000002 9500.010000000002 599.9500000000002
vertex 5500.040000000002 9500.010000000002 199.94000000000005
vertex 6500.000000000002 12500.020000000002 199.94000000000005
endloop
endfacet
facet normal 0.9486874089354187 -0.31621543309491007 0
outer loop
vertex 5500.040000000002 9500.010000000002 599.9500000000002
vertex 6500.000000000002 12500.020000000002 199.94000000000005
vertex 6500.000000000002 12500.020000000002 599.9500000000002
endloop
endfacet
facet normal 0.21692448577222412 0.9761883872862123 0
outer loop
vertex 9999.990000000002 8500.050000000003 599.9500000000002
vertex 9999.990000000002 8500.050000000003 199.94000000000005
vertex 5500.040000000002 9500.010000000002 199.94000000000005
endloop
endfacet
facet normal 0.21692448577222412 0.9761883872862123 0
outer loop
vertex 9999.990000000002 8500.050000000003 599.9500000000002
vertex 5500.040000000002 9500.010000000002 199.94000000000005
vertex 5500.040000000002 9500.010000000002 599.9500000000002
endloop
endfacet
facet normal -0.7525751795532268 -0.6585063394686707 0
outer loop
vertex 6500.000000000002 12500.020000000002 599.9500000000002
vertex 6500.000000000002 12500.020000000002 199.94000000000005
vertex 9999.990000000002 8500.050000000003 199.94000000000005
endloop
endfacet
facet normal -0.7525751795532268 -0.6585063394686707 0
outer loop
vertex 6500.000000000002 12500.020000000002 599.9500000000002
vertex 9999.990000000002 8500.050000000003 199.94000000000005
vertex 9999.990000000002 8500.050000000003 599.9500000000002
endloop
endfacet
facet normal 0 0 -0.9999999999999999
outer loop
vertex 13000.000000000004 11500.060000000003 599.9500000000002
vertex 13195.130000000003 12480.780000000002 599.9500000000002
vertex 13382.720000000003 12423.840000000004 599.9500000000002
endloop
endfacet
facet normal 0 0 -1
outer loop
vertex 13000.000000000004 11500.060000000003 599.9500000000002
vertex 13382.720000000003 12423.840000000004 599.9500000000002
vertex 13555.620000000003 12331.410000000003 599.9500000000002
endloop
endfacet
facet normal 0 0 -0.9999999999999999
outer loop
vertex 13000.000000000004 11500.060000000003 599.9500000000002
vertex 13555.620000000003 12331.410000000003 599.9500000000002
vertex 13707.070000000003 12207.130000000003 599.9500000000002
endloop
endfacet
facet normal 0 0 -1
outer loop
vertex 13000.000000000004 11500.060000000003 599.9500000000002
vertex 13707.070000000003 12207.130000000003 599.9500000000002
vertex 13831.480000000003 12055.550000000003 599.9500000000002
endloop
endfacet
facet normal 0 0 -1
outer loop
vertex 13000.000000000004 11500.060000000003 599.9500000000002
vertex 13831.480000000003 12055.550000000003 599.9500000000002
vertex 13923.910000000003 11882.650000000003 599.9500000000002
endloop
endfacet
facet normal 0 0 -1
outer loop
vertex 13000.000000000004 11500.060000000003 599.9500000000002
vertex 13923.910000000003 11882.650000000003 599.9500000000002
vertex 13980.850000000004 11695.060000000003 599.9500000000002
endloop
endfacet
facet normal 0 0 -1
outer loop
vertex 13000.000000000004 11500.060000000003 599.9500000000002
vertex 13980.850000000004 11695.060000000003 599.9500000000002
vertex 13999.960000000003 11500.060000000003 599.9500000000002
endloop
endfacet
facet normal 0 0 -1
outer loop
vertex 13000.000000000004 11500.060000000003 599.9500000000002
vertex 13999.960000000003 11500.060000000003 599.9500000000002
vertex 13980.850000000004 11304.930000000002 599.9500000000002
endloop
endfacet
facet normal 0 0 -0.9999999999999999
outer loop
vertex 13000.000000000004 11500.060000000003 599.9500000000002
vertex 13980.850000000004 11304.930000000002 599.9500000000002
vertex 13923.910000000003 11117.340000000002 599.9500000000002
endloop
endfacet
facet normal 0 0 -1
outer loop
vertex 13000.000000000004 11500.060000000003 599.9500000000002
vertex 13923.910000000003 11117.340000000002 599.9500000000002
vertex 13831.480000000003 10944.440000000002 599.9500000000002
endloop
endfacet
facet normal 0 0 -0.9999999999999999
outer loop
vertex 13000.000000000004 11500.060000000003 599.9500000000002
vertex 13831.480000000003 10944.440000000002 599.9500000000002
vertex 13707.070000000003 10792.860000000002 599.9500000000002
endloop
endfacet
facet normal 0 0 -0.9999999999999999
outer loop
vertex 13000.000000000004 11500.060000000003 599.9500000000002
vertex 13707.070000000003 10792.860000000002 599.9500000000002
vertex 13555.620000000003 10668.580000000002 599.9500000000002
endloop
endfacet
facet normal 0 0 -1
outer loop
vertex 13000.000000000004 11500.060000000003 599.9500000000002
vertex 13555.620000000003 10668.580000000002 599.9500000000002
vertex 13382.720000000003 10576.150000000003 599.9500000000002
endloop
endfacet
facet normal 0 0 -1
outer loop
vertex 13000.000000000004 11500.060000000003 599.9500000000002
vertex 13382.720000000003 10576.150000000003 599.9500000000002
vertex 13195.130000000003 10519.210000000003 599.9500000000002
endloop
endfacet
facet normal 0 0 -1
outer loop
vertex 13000.000000000004 11500.060000000003 599.9500000000002
vertex 13195.130000000003 10519.210000000003 599.9500000000002
vertex 13000.000000000004 10499.970000000003 599.9500000000002
endloop
endfacet
facet normal 0 0 -1
outer loop
vertex 13000.000000000004 11500.060000000003 599.9500000000002
vertex 13000.000000000004 10499.970000000003 599.9500000000002
vertex 12804.870000000003 10519.210000000003 599.9500000000002
endloop
endfacet
facet normal 0 0 -0.9999999999999999
outer loop
vertex 13000.000000000004 11500.060000000003 599.9500000000002
vertex 12804.870000000003 10519.210000000003 599.9500000000002
vertex 12617.280000000002 10576.150000000003 599.9500000000002
endloop
endfacet
facet normal 0 0 -1
outer loop
vertex 13000.000000000004 11500.060000000003 599.9500000000002
vertex 12617.280000000002 10576.150000000003 599.9500000000002
vertex 12444.380000000003 10668.580000000002 599.9500000000002
endloop
endfacet
facet normal 0 0 -1
outer loop
vertex 13000.000000000004 11500.060000000003 599.9500000000002
vertex 12444.380000000003 10668.580000000002 599.9500000000002
vertex 12292.930000000004 10792.860000000002 599.9500000000002
endloop
endfacet
facet normal 0 0 -1
outer loop
vertex 13000.000000000004 11500.060000000003 599.9500000000002
vertex 12292.930000000004 10792.860000000002 599.9500000000002
vertex 12168.520000000002 10944.440000000002 599.9500000000002
endloop
endfacet
facet normal 0 0 -1
outer loop
vertex 13000.000000000004 11500.060000000003 599.9500000000002
vertex 12168.520000000002 10944.440000000002 599.9500000000002
vertex 12076.090000000004 11117.340000000002 599.9500000000002
endloop
endfacet
facet normal 0 0 -0.9999999999999999
outer loop
vertex 13000.000000000004 11500.060000000003 599.9500000000002
vertex 12076.090000000004 11117.340000000002 599.9500000000002
vertex 12019.150000000003 11304.930000000002 599.9500000000002
endloop
endfacet
facet normal 0 0 -1
outer loop
vertex 13000.000000000004 11500.060000000003 599.9500000000002
vertex 12019.150000000003 11304.930000000002 599.9500000000002
vertex 12000.040000000003 11500.060000000003 599.9500000000002
endloop
endfacet
facet normal 0 0 -1
outer loop
vertex 13000.000000000004 11500.060000000003 599.9500000000002
vertex 12000.040000000003 11500.060000000003 599.9500000000002
vertex 12019.150000000003 11695.060000000003 599.9500000000002
endloop
endfacet
facet normal 0 0 -1
outer loop
vertex 13000.000000000004 11500.060000000003 599.9500000000002
vertex 12019.150000000003 11695.060000000003 599.9500000000002
vertex 12076.090000000004 11882.650000000003 599.9500000000002
endloop
endfacet
facet normal 0 0 -1
outer loop
vertex 13000.000000000004 11500.060000000003 599.9500000000002
vertex 12076.090000000004 11882.650000000003 599.9500000000002
vertex 12168.520000000002 12055.550000000003 599.9500000000002
endloop
endfacet
facet normal 0 0 -1
outer loop
vertex 13000.000000000004 11500.060000000003 599.9500000000002
vertex 12168.520000000002 12055.550000000003 599.9500000000002
vertex 12292.930000000004 12207.130000000003 599.9500000000002
endloop
endfacet
facet normal 0 0 -1
outer loop
vertex 13000.000000000004 11500.060000000003 599.9500000000002
vertex 12292.930000000004 12207.130000000003 599.9500000000002
vertex 12444.380000000003 12331.410000000003 599.9500000000002
endloop
endfacet
facet normal 0 0 -1
outer loop
vertex 13000.000000000004 11500.060000000003 599.9500000000002
vertex 12444.380000000003 12331.410000000003 599.9500000000002
vertex 12617.280000000002 12423.840000000004 599.9500000000002
endloop
endfacet
facet normal 0 0 -1
outer loop
vertex 13000.000000000004 11500.060000000003 599.9500000000002
vertex 12617.280000000002 12423.840000000004 599.9500000000002
vertex 12804.870000000003 12480.780000000002 599.9500000000002
endloop
endfacet
facet normal 0 0 -1
outer loop
vertex 13000.000000000004 11500.060000000003 599.9500000000002
vertex 12804.870000000003 12480.780000000002 599.9500000000002
vertex 13000.000000000004 12500.020000000002 599.9500000000002
endloop
endfacet
facet normal 0 0 -0.9999999999999999
outer loop
vertex 13000.000000000004 11500.060000000003 599.9500000000002
vertex 13000.000000000004 12500.020000000002 599.9500000000002
vertex 13195.130000000003 12480.780000000002 599.9500000000002
endloop
endfacet
facet normal 0 0 -0.9999999999999999
outer loop
vertex 4206.670000000001 8897.980000000001 599.9500000000002
vertex 3400.4100000000008 8897.980000000001 599.9500000000002
vertex 900.7700000000002 10326.290000000003 599.9500000000002
endloop
endfacet
facet normal 0 0 -1
outer loop
vertex 4206.670000000001 8897.980000000001 599.9500000000002
vertex 900.7700000000002 10326.290000000003 599.9500000000002
vertex 1099.2800000000002 10673.650000000003 599.9500000000002
endloop
endfacet
facet normal 0 0 -0.9999999999999999
outer loop
vertex 4616.430000000001 8897.980000000001 599.9500000000002
vertex 4206.670000000001 8897.980000000001 599.9500000000002
vertex 3304.730000000001 12956.580000000004 599.9500000000002
endloop
endfacet
facet normal 0 0 -1
outer loop
vertex 4616.430000000001 8897.980000000001 599.9500000000002
vertex 3304.730000000001 12956.580000000004 599.9500000000002
vertex 3695.250000000001 13043.420000000004 599.9500000000002
endloop
endfacet
facet normal 0 0 -1
outer loop
vertex 4272.450000000001 8720.660000000002 599.9500000000002
vertex 4206.670000000001 8897.980000000001 599.9500000000002
vertex 4616.430000000001 8897.980000000001 599.9500000000002
endloop
endfacet
facet normal 0 0 -1
outer loop
vertex 4272.450000000001 8720.660000000002 599.9500000000002
vertex 4616.430000000001 8897.980000000001 599.9500000000002
vertex 4695.210000000001 8543.340000000002 599.9500000000002
endloop
endfacet
facet normal 0 0 -1
outer loop
vertex 4272.450000000001 8720.660000000002 599.9500000000002
vertex 4695.210000000001 8543.340000000002 599.9500000000002
vertex 4694.8200000000015 8543.340000000002 599.9500000000002
endloop
endfacet
facet normal 0 0 -0.9999999999999999
outer loop
vertex 4272.450000000001 8720.660000000002 599.9500000000002
vertex 4694.8200000000015 8543.340000000002 599.9500000000002
vertex 4021.160000000001 8543.340000000002 599.9500000000002
endloop
endfacet
facet normal 0 0 -1
outer loop
vertex 4272.450000000001 8720.660000000002 599.9500000000002
vertex 4021.160000000001 8543.340000000002 599.9500000000002
vertex 3400.4100000000008 8897.980000000001 599.9500000000002
endloop
endfacet
facet normal 0 0 -1
outer loop
vertex 4272.450000000001 8720.660000000002 599.9500000000002
vertex 3400.4100000000008 8897.980000000001 599.9500000000002
vertex 4206.670000000001 8897.980000000001 599.9500000000002
endloop
endfacet
facet normal 0 0 -1
outer loop
vertex 9999.990000000002 8500.050000000003 599.9500000000002
vertex 5500.040000000002 9500.010000000002 599.9500000000002
vertex 6500.000000000002 12500.020000000002 599.9500000000002
endloop
endfacet
facet normal 0 0 -1
outer loop
vertex 4567.550000000001 8422.700000000003 599.9500000000002
vertex 4694.8200000000015 8543.340000000002 599.9500000000002
vertex 4696.120000000001 8539.050000000003 599.9500000000002
endloop
endfacet
facet normal 0 0 -1
outer loop
vertex 4567.550000000001 8422.700000000003 599.9500000000002
vertex 4696.120000000001 8539.050000000003 599.9500000000002
vertex 4700.020000000001 8500.050000000003 599.9500000000002
endloop
endfacet
facet normal 0 0 -1
outer loop
vertex 4567.550000000001 8422.700000000003 599.9500000000002
vertex 4700.020000000001 8500.050000000003 599.9500000000002
vertex 4696.120000000001 8460.920000000002 599.9500000000002
endloop
endfacet
facet normal 0 0 -1
outer loop
vertex 4567.550000000001 8422.700000000003 599.9500000000002
vertex 4696.120000000001 8460.920000000002 599.9500000000002
vertex 4684.810000000001 8423.480000000001 599.9500000000002
endloop
endfacet
facet normal 0 0 -1
outer loop
vertex 4567.550000000001 8422.700000000003 599.9500000000002
vertex 4684.810000000001 8423.480000000001 599.9500000000002
vertex 4666.350000000001 8388.900000000001 599.9500000000002
endloop
endfacet
facet normal 0 0 -1
outer loop
vertex 4567.550000000001 8422.700000000003 599.9500000000002
vertex 4666.350000000001 8388.900000000001 599.9500000000002
vertex 4641.390000000001 8358.610000000002 599.9500000000002
endloop
endfacet
facet normal 0 0 -1
outer loop
vertex 4567.550000000001 8422.700000000003 599.9500000000002
vertex 4641.390000000001 8358.610000000002 599.9500000000002
vertex 4611.100000000001 8333.650000000001 599.9500000000002
endloop
endfacet
facet normal 0 0 -1
outer loop
vertex 4567.550000000001 8422.700000000003 599.9500000000002
vertex 4611.100000000001 8333.650000000001 599.9500000000002
vertex 4598.750000000001 8327.150000000001 599.9500000000002
endloop
endfacet
facet normal 0 0 -1
outer loop
vertex 4567.550000000001 8422.700000000003 599.9500000000002
vertex 4598.750000000001 8327.150000000001 599.9500000000002
vertex 4401.1500000000015 8327.150000000001 599.9500000000002
endloop
endfacet
facet normal 0 0 -1
outer loop
vertex 4567.550000000001 8422.700000000003 599.9500000000002
vertex 4401.1500000000015 8327.150000000001 599.9500000000002
vertex 4399.460000000001 8327.150000000001 599.9500000000002
endloop
endfacet
facet normal 0 0 -1
outer loop
vertex 4567.550000000001 8422.700000000003 599.9500000000002
vertex 4399.460000000001 8327.150000000001 599.9500000000002
vertex 4021.160000000001 8543.340000000002 599.9500000000002
endloop
endfacet
facet normal 0 0 -1
outer loop
vertex 4567.550000000001 8422.700000000003 599.9500000000002
vertex 4021.160000000001 8543.340000000002 599.9500000000002
vertex 4694.8200000000015 8543.340000000002 599.9500000000002
endloop
endfacet
facet normal 0 0 -0.9999999999999999
outer loop
vertex 4401.1500000000015 8327.150000000001 599.9500000000002
vertex 4400.760000000001 8326.370000000003 599.9500000000002
vertex 4399.460000000001 8327.150000000001 599.9500000000002
endloop
endfacet
facet normal 0 0 -1
outer loop
vertex 4499.950000000001 8313.240000000002 599.9500000000002
vertex 4598.750000000001 8327.150000000001 599.9500000000002
vertex 4576.520000000001 8315.190000000002 599.9500000000002
endloop
endfacet
facet normal 0 0 -0.9999999999999999
outer loop
vertex 4499.950000000001 8313.240000000002 599.9500000000002
vertex 4576.520000000001 8315.190000000002 599.9500000000002
vertex 4539.080000000001 8303.880000000003 599.9500000000002
endloop
endfacet
facet normal 0 0 -1
outer loop
vertex 4499.950000000001 8313.240000000002 599.9500000000002
vertex 4539.080000000001 8303.880000000003 599.9500000000002
vertex 4499.950000000001 8299.980000000001 599.9500000000002
endloop
endfacet
facet normal 0 0 -1
outer loop
vertex 4499.950000000001 8313.240000000002 599.9500000000002
vertex 4499.950000000001 8299.980000000001 599.9500000000002
vertex 4460.950000000001 8303.880000000003 599.9500000000002
endloop
endfacet
facet normal 0 0 -1
outer loop
vertex 4499.950000000001 8313.240000000002 599.9500000000002
vertex 4460.950000000001 8303.880000000003 599.9500000000002
vertex 4423.510000000001 8315.190000000002 599.9500000000002
endloop
endfacet
facet normal 0 0 -1
outer loop
vertex 4499.950000000001 8313.240000000002 599.9500000000002
vertex 4423.510000000001 8315.190000000002 599.9500000000002
vertex 4401.1500000000015 8327.150000000001 599.9500000000002
endloop
endfacet
facet normal 0 0 -1
outer loop
vertex 4499.950000000001 8313.240000000002 599.9500000000002
vertex 4401.1500000000015 8327.150000000001 599.9500000000002
vertex 4598.750000000001 8327.150000000001 599.9500000000002
endloop
endfacet
facet normal 0 0 1
outer loop
vertex 18000.060000000005 13499.980000000003 199.94000000000005
vertex 17960.930000000004 13696.150000000003 199.94000000000005
vertex 17923.490000000005 13684.840000000004 199.94000000000005
endloop
endfacet
facet normal 0 0 0.9999999999999999
outer loop
vertex 18000.060000000005 13499.980000000003 199.94000000000005
vertex 17923.490000000005 13684.840000000004 199.94000000000005
vertex 17888.910000000003 13666.250000000004 199.94000000000005
endloop
endfacet
facet normal 0 0 1
outer loop
vertex 18000.060000000005 13499.980000000003 199.94000000000005
vertex 17888.910000000003 13666.250000000004 199.94000000000005
vertex 17858.620000000003 13641.420000000004 199.94000000000005
endloop
endfacet
facet normal 0 0 1
outer loop
vertex 18000.060000000005 13499.980000000003 199.94000000000005
vertex 17858.620000000003 13641.420000000004 199.94000000000005
vertex 17833.660000000003 13611.130000000003 199.94000000000005
endloop
endfacet
facet normal 0 0 0.9999999999999999
outer loop
vertex 18000.060000000005 13499.980000000003 199.94000000000005
vertex 17833.660000000003 13611.130000000003 199.94000000000005
vertex 17815.200000000004 13576.550000000003 199.94000000000005
endloop
endfacet
facet normal 0 0 0.9999999999999999
outer loop
vertex 18000.060000000005 13499.980000000003 199.94000000000005
vertex 17815.200000000004 13576.550000000003 199.94000000000005
vertex 17803.890000000003 13538.980000000003 199.94000000000005
endloop
endfacet
facet normal 0 0 1
outer loop
vertex 18000.060000000005 13499.980000000003 199.94000000000005
vertex 17803.890000000003 13538.980000000003 199.94000000000005
vertex 17799.990000000005 13499.980000000003 199.94000000000005
endloop
endfacet
facet normal 0 0 1
outer loop
vertex 18000.060000000005 13499.980000000003 199.94000000000005
vertex 17799.990000000005 13499.980000000003 199.94000000000005
vertex 17803.890000000003 13460.980000000003 199.94000000000005
endloop
endfacet
facet normal 0 0 0.9999999999999999
outer loop
vertex 18000.060000000005 13499.980000000003 199.94000000000005
vertex 17803.890000000003 13460.980000000003 199.94000000000005
vertex 17815.200000000004 13423.410000000003 199.94000000000005
endloop
endfacet
facet normal 0 0 0.9999999999999999
outer loop
vertex 18000.060000000005 13499.980000000003 199.94000000000005
vertex 17815.200000000004 13423.410000000003 199.94000000000005
vertex 17833.660000000003 13388.830000000004 199.94000000000005
endloop
endfacet
facet normal 0 0 1
outer loop
vertex 18000.060000000005 13499.980000000003 199.94000000000005
vertex 17833.660000000003 13388.830000000004 199.94000000000005
vertex 17858.620000000003 13358.540000000003 199.94000000000005
endloop
endfacet
facet normal 0 0 1
outer loop
vertex 18000.060000000005 13499.980000000003 199.94000000000005
vertex 17858.620000000003 13358.540000000003 199.94000000000005
vertex 17888.910000000003 13333.710000000003 199.94000000000005
endloop
endfacet
facet normal 0 0 1
outer loop
vertex 18000.060000000005 13499.980000000003 199.94000000000005
vertex 17888.910000000003 13333.710000000003 199.94000000000005
vertex 17923.490000000005 13315.250000000004 199.94000000000005
endloop
endfacet
facet normal 0 0 1
outer loop
vertex 18000.060000000005 13499.980000000003 199.94000000000005
vertex 17923.490000000005 13315.250000000004 199.94000000000005
vertex 17960.930000000004 13303.810000000003 199.94000000000005
endloop
endfacet
facet normal 0 0 1
outer loop
vertex 18000.060000000005 13499.980000000003 199.94000000000005
vertex 17960.930000000004 13303.810000000003 199.94000000000005
vertex 18000.060000000005 13300.040000000003 199.94000000000005
endloop
endfacet
facet normal 0 0 1
outer loop
vertex 18000.060000000005 13499.980000000003 199.94000000000005
vertex 18000.060000000005 13300.040000000003 199.94000000000005
vertex 18039.060000000005 13303.810000000003 199.94000000000005
endloop
endfacet
facet normal 0 0 1
outer loop
vertex 18000.060000000005 13499.980000000003 199.94000000000005
vertex 18039.060000000005 13303.810000000003 199.94000000000005
vertex 18076.500000000004 13315.250000000004 199.94000000000005
endloop
endfacet
facet normal 0 0 1
outer loop
vertex 18000.060000000005 13499.980000000003 199.94000000000005
vertex 18076.500000000004 13315.250000000004 199.94000000000005
vertex 18111.080000000005 13333.710000000003 199.94000000000005
endloop
endfacet
facet normal 0 0 1
outer loop
vertex 18000.060000000005 13499.980000000003 199.94000000000005
vertex 18111.080000000005 13333.710000000003 199.94000000000005
vertex 18141.370000000006 13358.540000000003 199.94000000000005
endloop
endfacet
facet normal 0 0 1
outer loop
vertex 18000.060000000005 13499.980000000003 199.94000000000005
vertex 18141.370000000006 13358.540000000003 199.94000000000005
vertex 18166.330000000005 13388.830000000004 199.94000000000005
endloop
endfacet
facet normal 0 0 0.9999999999999999
outer loop
vertex 18000.060000000005 13499.980000000003 199.94000000000005
vertex 18166.330000000005 13388.830000000004 199.94000000000005
vertex 18184.790000000005 13423.410000000003 199.94000000000005
endloop
endfacet
facet normal 0 0 0.9999999999999999
outer loop
vertex 18000.060000000005 13499.980000000003 199.94000000000005
vertex 18184.790000000005 13423.410000000003 199.94000000000005
vertex 18196.100000000006 13460.980000000003 199.94000000000005
endloop
endfacet
facet normal 0 0 1
outer loop
vertex 18000.060000000005 13499.980000000003 199.94000000000005
vertex 18196.100000000006 13460.980000000003 199.94000000000005
vertex 18200.000000000004 13499.980000000003 199.94000000000005
endloop
endfacet
facet normal 0 0 1
outer loop
vertex 18000.060000000005 13499.980000000003 199.94000000000005
vertex 18200.000000000004 13499.980000000003 199.94000000000005
vertex 18196.100000000006 13538.980000000003 199.94000000000005
endloop
endfacet
facet normal 0 0 0.9999999999999999
outer loop
vertex 18000.060000000005 13499.980000000003 199.94000000000005
vertex 18196.100000000006 13538.980000000003 199.94000000000005
vertex 18184.790000000005 13576.550000000003 199.94000000000005
endloop
endfacet
facet normal 0 0 0.9999999999999999
outer loop
vertex 18000.060000000005 13499.980000000003 199.94000000000005
vertex 18184.790000000005 13576.550000000003 199.94000000000005
vertex 18166.330000000005 13611.130000000003 199.94000000000005
endloop
endfacet
facet normal 0 0 1
outer loop
vertex 18000.060000000005 13499.980000000003 199.94000000000005
vertex 18166.330000000005 13611.130000000003 199.94000000000005
vertex 18141.370000000006 13641.420000000004 199.94000000000005
endloop
endfacet
facet normal 0 0 1
outer loop
vertex 18000.060000000005 13499.980000000003 199.94000000000005
vertex 18141.370000000006 13641.420000000004 199.94000000000005
vertex 18111.080000000005 13666.250000000004 199.94000000000005
endloop
endfacet
facet normal 0 0 1
outer loop
vertex 18000.060000000005 13499.980000000003 199.94000000000005
vertex 18111.080000000005 13666.250000000004 199.94000000000005
vertex 18076.500000000004 13684.840000000004 199.94000000000005
endloop
endfacet
facet normal 0 0 1
outer loop
vertex 18000.060000000005 13499.980000000003 199.94000000000005
vertex 18076.500000000004 13684.840000000004 199.94000000000005
vertex 18039.060000000005 13696.150000000003 199.94000000000005
endloop
endfacet
facet normal 0 0 1
outer loop
vertex 18000.060000000005 13499.980000000003 199.94000000000005
vertex 18039.060000000005 13696.150000000003 199.94000000000005
vertex 18000.060000000005 13700.050000000003 199.94000000000005
endloop
endfacet
facet normal 0 0 1
outer loop
vertex 18000.060000000005 13499.980000000003 199.94000000000005
vertex 18000.060000000005 13700.050000000003 199.94000000000005
vertex 17960.930000000004 13696.150000000003 199.94000000000005
endloop
endfacet
facet normal 0 0 1
outer loop
vertex 13000.000000000004 11500.060000000003 199.94000000000005
vertex 12804.870000000003 12480.780000000002 199.94000000000005
vertex 12617.280000000002 12423.840000000004 199.94000000000005
endloop
endfacet
facet normal 0 0 1
outer loop
vertex 13000.000000000004 11500.060000000003 199.94000000000005
vertex 12617.280000000002 12423.840000000004 199.94000000000005
vertex 12444.380000000003 12331.410000000003 199.94000000000005
endloop
endfacet
facet normal 0 0 1
outer loop
vertex 13000.000000000004 11500.060000000003 199.94000000000005
vertex 12444.380000000003 12331.410000000003 199.94000000000005
vertex 12292.930000000004 12207.130000000003 199.94000000000005
endloop
endfacet
facet normal 0 0 1
outer loop
vertex 13000.000000000004 11500.060000000003 199.94000000000005
vertex 12292.930000000004 12207.130000000003 199.94000000000005
vertex 12168.520000000002 12055.550000000003 199.94000000000005
endloop
endfacet
facet normal 0 0 1
outer loop
vertex 13000.000000000004 11500.060000000003 199.94000000000005
vertex 12168.520000000002 12055.550000000003 199.94000000000005
vertex 12076.090000000004 11882.650000000003 199.94000000000005
endloop
endfacet
facet normal 0 0 1
outer loop
vertex 13000.000000000004 11500.060000000003 199.94000000000005
vertex 12076.090000000004 11882.650000000003 199.94000000000005
vertex 12019.150000000003 11695.060000000003 199.94000000000005
endloop
endfacet
facet normal 0 0 1
outer loop
vertex 13000.000000000004 11500.060000000003 199.94000000000005
vertex 12019.150000000003 11695.060000000003 199.94000000000005
vertex 12000.040000000003 11500.060000000003 199.94000000000005
endloop
endfacet
facet normal 0 0 1
outer loop
vertex 13000.000000000004 11500.060000000003 199.94000000000005
vertex 12000.040000000003 11500.060000000003 199.94000000000005
vertex 12019.150000000003 11304.930000000002 199.94000000000005
endloop
endfacet
facet normal 0 0 0.9999999999999999
outer loop
vertex 13000.000000000004 11500.060000000003 199.94000000000005
vertex 12019.150000000003 11304.930000000002 199.94000000000005
vertex 12076.090000000004 11117.340000000002 199.94000000000005
endloop
endfacet
facet normal 0 0 1
outer loop
vertex 13000.000000000004 11500.060000000003 199.94000000000005
vertex 12076.090000000004 11117.340000000002 199.94000000000005
vertex 12168.520000000002 10944.440000000002 199.94000000000005
endloop
endfacet
facet normal 0 0 1
outer loop
vertex 13000.000000000004 11500.060000000003 199.94000000000005
vertex 12168.520000000002 10944.440000000002 199.94000000000005
vertex 12292.930000000004 10792.860000000002 199.94000000000005
endloop
endfacet
facet normal 0 0 1
outer loop
vertex 13000.000000000004 11500.060000000003 199.94000000000005
vertex 12292.930000000004 10792.860000000002 199.94000000000005
vertex 12444.380000000003 10668.580000000002 199.94000000000005
endloop
endfacet
facet normal 0 0 1
outer loop
vertex 13000.000000000004 11500.060000000003 199.94000000000005
vertex 12444.380000000003 10668.580000000002 199.94000000000005
vertex 12617.280000000002 10576.150000000003 199.94000000000005
endloop
endfacet
facet normal 0 0 0.9999999999999999
outer loop
vertex 13000.000000000004 11500.060000000003 199.94000000000005
vertex 12617.280000000002 10576.150000000003 199.94000000000005
vertex 12804.870000000003 10519.210000000003 199.94000000000005
endloop
endfacet
facet normal 0 0 1
outer loop
vertex 13000.000000000004 11500.060000000003 199.94000000000005
vertex 12804.870000000003 10519.210000000003 199.94000000000005
vertex 13000.000000000004 10499.970000000003 199.94000000000005
endloop
endfacet
facet normal 0 0 1
outer loop
vertex 13000.000000000004 11500.060000000003 199.94000000000005
vertex 13000.000000000004 10499.970000000003 199.94000000000005
vertex 13195.130000000003 10519.210000000003 199.94000000000005
endloop
endfacet
facet normal 0 0 1
outer loop
vertex 13000.000000000004 11500.060000000003 199.94000000000005
vertex 13195.130000000003 10519.210000000003 199.94000000000005
vertex 13382.720000000003 10576.150000000003 199.94000000000005
endloop
endfacet
facet normal 0 0 1
outer loop
vertex 13000.000000000004 11500.060000000003 199.94000000000005
vertex 13382.720000000003 10576.150000000003 199.94000000000005
vertex 13555.620000000003 10668.580000000002 199.94000000000005
endloop
endfacet
facet normal 0 0 0.9999999999999999
outer loop
vertex 13000.000000000004 11500.060000000003 199.94000000000005
vertex 13555.620000000003 10668.580000000002 199.94000000000005
vertex 13707.070000000003 10792.860000000002 199.94000000000005
endloop
endfacet
facet normal 0 0 0.9999999999999999
outer loop
vertex 13000.000000000004 11500.060000000003 199.94000000000005
vertex 13707.070000000003 10792.860000000002 199.94000000000005
vertex 13831.480000000003 10944.440000000002 199.94000000000005
endloop
endfacet
facet normal 0 0 1
outer loop
vertex 13000.000000000004 11500.060000000003 199.94000000000005
vertex 13831.480000000003 10944.440000000002 199.94000000000005
vertex 13923.910000000003 11117.340000000002 199.94000000000005
endloop
endfacet
facet normal 0 0 0.9999999999999999
outer loop
vertex 13000.000000000004 11500.060000000003 199.94000000000005
vertex 13923.910000000003 11117.340000000002 199.94000000000005
vertex 13980.850000000004 11304.930000000002 199.94000000000005
endloop
endfacet
facet normal 0 0 1
outer loop
vertex 13000.000000000004 11500.060000000003 199.94000000000005
vertex 13980.850000000004 11304.930000000002 199.94000000000005
vertex 13999.960000000003 11500.060000000003 199.94000000000005
endloop
endfacet
facet normal 0 0 1
outer loop
vertex 13000.000000000004 11500.060000000003 199.94000000000005
vertex 13999.960000000003 11500.060000000003 199.94000000000005
vertex 13980.850000000004 11695.060000000003 199.94000000000005
endloop
endfacet
facet normal 0 0 1
outer loop
vertex 13000.000000000004 11500.060000000003 199.94000000000005
vertex 13980.850000000004 11695.060000000003 199.94000000000005
vertex 13923.910000000003 11882.650000000003 199.94000000000005
endloop
endfacet
facet normal 0 0 1
outer loop
vertex 13000.000000000004 11500.060000000003 199.94000000000005
vertex 13923.910000000003 11882.650000000003 199.94000000000005
vertex 13831.480000000003 12055.550000000003 199.94000000000005
endloop
endfacet
facet normal 0 0 1
outer loop
vertex 13000.000000000004 11500.060000000003 199.94000000000005
vertex 13831.480000000003 12055.550000000003 199.94000000000005
vertex 13707.070000000003 12207.130000000003 199.94000000000005
endloop
endfacet
facet normal 0 0 0.9999999999999999
outer loop
vertex 13000.000000000004 11500.060000000003 199.94000000000005
vertex 13707.070000000003 12207.130000000003 199.94000000000005
vertex 13555.620000000003 12331.410000000003 199.94000000000005
endloop
endfacet
facet normal 0 0 1
outer loop
vertex 13000.000000000004 11500.060000000003 199.94000000000005
vertex 13555.620000000003 12331.410000000003 199.94000000000005
vertex 13382.720000000003 12423.840000000004 199.94000000000005
endloop
endfacet
facet normal 0 0 0.9999999999999999
outer loop
vertex 13000.000000000004 11500.060000000003 199.94000000000005
vertex 13382.720000000003 12423.840000000004 199.94000000000005
vertex 13195.130000000003 12480.780000000002 199.94000000000005
endloop
endfacet
facet normal 0 0 0.9999999999999999
outer loop
vertex 13000.000000000004 11500.060000000003 199.94000000000005
vertex 13195.130000000003 12480.780000000002 199.94000000000005
vertex 13000.000000000004 12500.020000000002 199.94000000000005
endloop
endfacet
facet normal 0 0 1
outer loop
vertex 13000.000000000004 11500.060000000003 199.94000000000005
vertex 13000.000000000004 12500.020000000002 199.94000000000005
vertex 12804.870000000003 12480.780000000002 199.94000000000005
endloop
endfacet
facet normal 0 0 1
outer loop
vertex 3304.730000000001 12956.580000000004 199.94000000000005
vertex 4206.670000000001 8897.980000000001 199.94000000000005
vertex 4616.430000000001 8897.980000000001 199.94000000000005
endloop
endfacet
facet normal 0 0 1
outer loop
vertex 3304.730000000001 12956.580000000004 199.94000000000005
vertex 4616.430000000001 8897.980000000001 199.94000000000005
vertex 3695.250000000001 13043.420000000004 199.94000000000005
endloop
endfacet
facet normal 0 0 1
outer loop
vertex 900.7700000000002 10326.290000000003 199.94000000000005
vertex 3400.4100000000008 8897.980000000001 199.94000000000005
vertex 4206.670000000001 8897.980000000001 199.94000000000005
endloop
endfacet
facet normal 0 0 1
outer loop
vertex 900.7700000000002 10326.290000000003 199.94000000000005
vertex 4206.670000000001 8897.980000000001 199.94000000000005
vertex 1099.2800000000002 10673.650000000003 199.94000000000005
endloop
endfacet
facet normal 0 0 1
outer loop
vertex 4272.450000000001 8720.660000000002 199.94000000000005
vertex 4206.670000000001 8897.980000000001 199.94000000000005
vertex 3400.4100000000008 8897.980000000001 199.94000000000005
endloop
endfacet
facet normal 0 0 1
outer loop
vertex 4272.450000000001 8720.660000000002 199.94000000000005
vertex 3400.4100000000008 8897.980000000001 199.94000000000005
vertex 4021.160000000001 8543.340000000002 199.94000000000005
endloop
endfacet
facet normal 0 0 0.9999999999999999
outer loop
vertex 4272.450000000001 8720.660000000002 199.94000000000005
vertex 4021.160000000001 8543.340000000002 199.94000000000005
vertex 4694.8200000000015 8543.340000000002 199.94000000000005
endloop
endfacet
facet normal 0 0 1
outer loop
vertex 4272.450000000001 8720.660000000002 199.94000000000005
vertex 4694.8200000000015 8543.340000000002 199.94000000000005
vertex 4695.210000000001 8543.340000000002 199.94000000000005
endloop
endfacet
facet normal 0 0 1
outer loop
vertex 4272.450000000001 8720.660000000002 199.94000000000005
vertex 4695.210000000001 8543.340000000002 199.94000000000005
vertex 4616.430000000001 8897.980000000001 199.94000000000005
endloop
endfacet
facet normal 0 0 1
outer loop
vertex 4272.450000000001 8720.660000000002 199.94000000000005
vertex 4616.430000000001 8897.980000000001 199.94000000000005
vertex 4206.670000000001 8897.980000000001 199.94000000000005
endloop
endfacet
facet normal 0 0 1
outer loop
vertex 5500.040000000002 9500.010000000002 199.94000000000005
vertex 9999.990000000002 8500.050000000003 199.94000000000005
vertex 6500.000000000002 12500.020000000002 199.94000000000005
endloop
endfacet
facet normal 0 0 1
outer loop
vertex 4567.550000000001 8422.700000000003 199.94000000000005
vertex 4021.160000000001 8543.340000000002 199.94000000000005
vertex 4399.460000000001 8327.150000000001 199.94000000000005
endloop
endfacet
facet normal 0 0 1
outer loop
vertex 4567.550000000001 8422.700000000003 199.94000000000005
vertex 4399.460000000001 8327.150000000001 199.94000000000005
vertex 4401.1500000000015 8327.150000000001 199.94000000000005
endloop
endfacet
facet normal 0 0 1
outer loop
vertex 4567.550000000001 8422.700000000003 199.94000000000005
vertex 4401.1500000000015 8327.150000000001 199.94000000000005
vertex 4598.750000000001 8327.150000000001 199.94000000000005
endloop
endfacet
facet normal 0 0 1
outer loop
vertex 4567.550000000001 8422.700000000003 199.94000000000005
vertex 4598.750000000001 8327.150000000001 199.94000000000005
vertex 4611.100000000001 8333.650000000001 199.94000000000005
endloop
endfacet
facet normal 0 0 1
outer loop
vertex 4567.550000000001 8422.700000000003 199.94000000000005
vertex 4611.100000000001 8333.650000000001 199.94000000000005
vertex 4641.390000000001 8358.610000000002 199.94000000000005
endloop
endfacet
facet normal 0 0 1
outer loop
vertex 4567.550000000001 8422.700000000003 199.94000000000005
vertex 4641.390000000001 8358.610000000002 199.94000000000005
vertex 4666.350000000001 8388.900000000001 199.94000000000005
endloop
endfacet
facet normal 0 0 1
outer loop
vertex 4567.550000000001 8422.700000000003 199.94000000000005
vertex 4666.350000000001 8388.900000000001 199.94000000000005
vertex 4684.810000000001 8423.480000000001 199.94000000000005
endloop
endfacet
facet normal 0 0 1
outer loop
vertex 4567.550000000001 8422.700000000003 199.94000000000005
vertex 4684.810000000001 8423.480000000001 199.94000000000005
vertex 4696.120000000001 8460.920000000002 199.94000000000005
endloop
endfacet
facet normal 0 0 1
outer loop
vertex 4567.550000000001 8422.700000000003 199.94000000000005
vertex 4696.120000000001 8460.920000000002 199.94000000000005
vertex 4700.020000000001 8500.050000000003 199.94000000000005
endloop
endfacet
facet normal 0 0 1
outer loop
vertex 4567.550000000001 8422.700000000003 199.94000000000005
vertex 4700.020000000001 8500.050000000003 199.94000000000005
vertex 4696.120000000001 8539.050000000003 199.94000000000005
endloop
endfacet
facet normal 0 0 1
outer loop
vertex 4567.550000000001 8422.700000000003 199.94000000000005
vertex 4696.120000000001 8539.050000000003 199.94000000000005
vertex 4694.8200000000015 8543.340000000002 199.94000000000005
endloop
endfacet
facet normal 0 0 1
outer loop
vertex 4567.550000000001 8422.700000000003 199.94000000000005
vertex 4694.8200000000015 8543.340000000002 199.94000000000005
vertex 4021.160000000001 8543.340000000002 199.94000000000005
endloop
endfacet
facet normal 0 0 0.9999999999999999
outer loop
vertex 4399.460000000001 8327.150000000001 199.94000000000005
vertex 4400.760000000001 8326.370000000003 199.94000000000005
vertex 4401.1500000000015 8327.150000000001 199.94000000000005
endloop
endfacet
facet normal 0 0 1
outer loop
vertex 4499.950000000001 8313.240000000002 199.94000000000005
vertex 4401.1500000000015 8327.150000000001 199.94000000000005
vertex 4423.510000000001 8315.190000000002 199.94000000000005
endloop
endfacet
facet normal 0 0 1
outer loop
vertex 4499.950000000001 8313.240000000002 199.94000000000005
vertex 4423.510000000001 8315.190000000002 199.94000000000005
vertex 4460.950000000001 8303.880000000003 199.94000000000005
endloop
endfacet
facet normal 0 0 1
outer loop
vertex 4499.950000000001 8313.240000000002 199.94000000000005
vertex 4460.950000000001 8303.880000000003 199.94000000000005
vertex 4499.950000000001 8299.980000000001 199.94000000000005
endloop
endfacet
facet normal 0 0 1
outer loop
vertex 4499.950000000001 8313.240000000002 199.94000000000005
vertex 4499.950000000001 8299.980000000001 199.94000000000005
vertex 4539.080000000001 8303.880000000003 199.94000000000005
endloop
endfacet
facet normal 0 0 0.9999999999999999
outer loop
vertex 4499.950000000001 8313.240000000002 199.94000000000005
vertex 4539.080000000001 8303.880000000003 199.94000000000005
vertex 4576.520000000001 8315.190000000002 199.94000000000005
endloop
endfacet
facet normal 0 0 1
outer loop
vertex 4499.950000000001 8313.240000000002 199.94000000000005
vertex 4576.520000000001 8315.190000000002 199.94000000000005
vertex 4598.750000000001 8327.150000000001 199.94000000000005
endloop
endfacet
facet normal 0 0 1
outer loop
vertex 4499.950000000001 8313.240000000002 199.94000000000005
vertex 4598.750000000001 8327.150000000001 199.94000000000005
vertex 4401.1500000000015 8327.150000000001 199.94000000000005
endloop
endfacet
facet normal -0.9952323142866296 -0.09753276680008338 0
outer loop
vertex 13999.960000000003 11500.060000000003 199.94000000000005
vertex 13999.960000000003 11500.060000000003 599.9500000000002
vertex 13980.850000000004 11695.060000000003 599.9500000000002
endloop
endfacet
facet normal -0.9952323142866296 -0.09753276680008338 0
outer loop
vertex 13999.960000000003 11500.060000000003 199.94000000000005
vertex 13980.850000000004 11695.060000000003 599.9500000000002
vertex 13980.850000000004 11695.060000000003 199.94000000000005
endloop
endfacet
facet normal -0.9568904503710988 -0.29044907641201995 0
outer loop
vertex 13980.850000000004 11695.060000000003 199.94000000000005
vertex 13980.850000000004 11695.060000000003 599.9500000000002
vertex 13923.910000000003 11882.650000000003 599.9500000000002
endloop
endfacet
facet normal -0.9568904503710988 -0.29044907641201995 0
outer loop
vertex 13980.850000000004 11695.060000000003 199.94000000000005
vertex 13923.910000000003 11882.650000000003 599.9500000000002
vertex 13923.910000000003 11882.650000000003 199.94000000000005
endloop
endfacet
facet normal -0.881893644225576 -0.47144840680029154 0
outer loop
vertex 13923.910000000003 11882.650000000003 199.94000000000005
vertex 13923.910000000003 11882.650000000003 599.9500000000002
vertex 13831.480000000003 12055.550000000003 599.9500000000002
endloop
endfacet
facet normal -0.881893644225576 -0.47144840680029154 0
outer loop
vertex 13923.910000000003 11882.650000000003 199.94000000000005
vertex 13831.480000000003 12055.550000000003 599.9500000000002
vertex 13831.480000000003 12055.550000000003 199.94000000000005
endloop
endfacet
facet normal -0.7729816716564701 -0.6344283531520081 0
outer loop
vertex 13831.480000000003 12055.550000000003 199.94000000000005
vertex 13831.480000000003 12055.550000000003 599.9500000000002
vertex 13707.070000000003 12207.130000000003 599.9500000000002
endloop
endfacet
facet normal -0.7729816716564701 -0.6344283531520081 0
outer loop
vertex 13831.480000000003 12055.550000000003 199.94000000000005
vertex 13707.070000000003 12207.130000000003 599.9500000000002
vertex 13707.070000000003 12207.130000000003 199.94000000000005
endloop
endfacet
facet normal -0.634357284422327 -0.7730399961841115 0
outer loop
vertex 13707.070000000003 12207.130000000003 199.94000000000005
vertex 13707.070000000003 12207.130000000003 599.9500000000002
vertex 13555.620000000003 12331.410000000003 599.9500000000002
endloop
endfacet
facet normal -0.634357284422327 -0.7730399961841115 0
outer loop
vertex 13707.070000000003 12207.130000000003 199.94000000000005
vertex 13555.620000000003 12331.410000000003 599.9500000000002
vertex 13555.620000000003 12331.410000000003 199.94000000000005
endloop
endfacet
facet normal -0.47144840680029154 -0.881893644225576 0
outer loop
vertex 13555.620000000003 12331.410000000003 199.94000000000005
vertex 13555.620000000003 12331.410000000003 599.9500000000002
vertex 13382.720000000003 12423.840000000004 599.9500000000002
endloop
endfacet
facet normal -0.47144840680029154 -0.881893644225576 0
outer loop
vertex 13555.620000000003 12331.410000000003 199.94000000000005
vertex 13382.720000000003 12423.840000000004 599.9500000000002
vertex 13382.720000000003 12423.840000000004 199.94000000000005
endloop
endfacet
facet normal -0.29044907641201145 -0.9568904503711014 0
outer loop
vertex 13382.720000000003 12423.840000000004 199.94000000000005
vertex 13382.720000000003 12423.840000000004 599.9500000000002
vertex 13195.130000000003 12480.780000000002 599.9500000000002
endloop
endfacet
facet normal -0.29044907641201145 -0.9568904503711014 0
outer loop
vertex 13382.720000000003 12423.840000000004 199.94000000000005
vertex 13195.130000000003 12480.780000000002 599.9500000000002
vertex 13195.130000000003 12480.780000000002 199.94000000000005
endloop
endfacet
facet normal -0.09812509331857844 -0.9951740883188331 0
outer loop
vertex 13195.130000000003 12480.780000000002 199.94000000000005
vertex 13195.130000000003 12480.780000000002 599.9500000000002
vertex 13000.000000000004 12500.020000000002 599.9500000000002
endloop
endfacet
facet normal -0.09812509331857844 -0.9951740883188331 0
outer loop
vertex 13195.130000000003 12480.780000000002 199.94000000000005
vertex 13000.000000000004 12500.020000000002 599.9500000000002
vertex 13000.000000000004 12500.020000000002 199.94000000000005
endloop
endfacet
facet normal 0.09812509331857751 -0.9951740883188329 0
outer loop
vertex 13000.000000000004 12500.020000000002 199.94000000000005
vertex 13000.000000000004 12500.020000000002 599.9500000000002
vertex 12804.870000000003 12480.780000000002 599.9500000000002
endloop
endfacet
facet normal 0.09812509331857751 -0.9951740883188329 0
outer loop
vertex 13000.000000000004 12500.020000000002 199.94000000000005
vertex 12804.870000000003 12480.780000000002 599.9500000000002
vertex 12804.870000000003 12480.780000000002 199.94000000000005
endloop
endfacet
facet normal 0.29044907641201145 -0.9568904503711014 0
outer loop
vertex 12804.870000000003 12480.780000000002 199.94000000000005
vertex 12804.870000000003 12480.780000000002 599.9500000000002
vertex 12617.280000000002 12423.840000000004 599.9500000000002
endloop
endfacet
facet normal 0.29044907641201145 -0.9568904503711014 0
outer loop
vertex 12804.870000000003 12480.780000000002 199.94000000000005
vertex 12617.280000000002 12423.840000000004 599.9500000000002
vertex 12617.280000000002 12423.840000000004 199.94000000000005
endloop
endfacet
facet normal 0.47144840680029154 -0.881893644225576 0
outer loop
vertex 12617.280000000002 12423.840000000004 199.94000000000005
vertex 12617.280000000002 12423.840000000004 599.9500000000002
vertex 12444.380000000003 12331.410000000003 599.9500000000002
endloop
endfacet
facet normal 0.47144840680029154 -0.881893644225576 0
outer loop
vertex 12617.280000000002 12423.840000000004 199.94000000000005
vertex 12444.380000000003 12331.410000000003 599.9500000000002
vertex 12444.380000000003 12331.410000000003 199.94000000000005
endloop
endfacet
facet normal 0.6343572844223314 -0.7730399961841076 0
outer loop
vertex 12444.380000000003 12331.410000000003 199.94000000000005
vertex 12444.380000000003 12331.410000000003 599.9500000000002
vertex 12292.930000000004 12207.130000000003 599.9500000000002
endloop
endfacet
facet normal 0.6343572844223314 -0.7730399961841076 0
outer loop
vertex 12444.380000000003 12331.410000000003 199.94000000000005
vertex 12292.930000000004 12207.130000000003 599.9500000000002
vertex 12292.930000000004 12207.130000000003 199.94000000000005
endloop
endfacet
facet normal 0.7729816716564656 -0.6344283531520135 0
outer loop
vertex 12292.930000000004 12207.130000000003 199.94000000000005
vertex 12292.930000000004 12207.130000000003 599.9500000000002
vertex 12168.520000000002 12055.550000000003 599.9500000000002
endloop
endfacet
facet normal 0.7729816716564656 -0.6344283531520135 0
outer loop
vertex 12292.930000000004 12207.130000000003 199.94000000000005
vertex 12168.520000000002 12055.550000000003 599.9500000000002
vertex 12168.520000000002 12055.550000000003 199.94000000000005
endloop
endfacet
facet normal 0.8818936442255798 -0.47144840680028427 0
outer loop
vertex 12168.520000000002 12055.550000000003 199.94000000000005
vertex 12168.520000000002 12055.550000000003 599.9500000000002
vertex 12076.090000000004 11882.650000000003 599.9500000000002
endloop
endfacet
facet normal 0.8818936442255798 -0.47144840680028427 0
outer loop
vertex 12168.520000000002 12055.550000000003 199.94000000000005
vertex 12076.090000000004 11882.650000000003 599.9500000000002
vertex 12076.090000000004 11882.650000000003 199.94000000000005
endloop
endfacet
facet normal 0.9568904503710988 -0.29044907641201995 0
outer loop
vertex 12076.090000000004 11882.650000000003 199.94000000000005
vertex 12076.090000000004 11882.650000000003 599.9500000000002
vertex 12019.150000000003 11695.060000000003 599.9500000000002
endloop
endfacet
facet normal 0.9568904503710988 -0.29044907641201995 0
outer loop
vertex 12076.090000000004 11882.650000000003 199.94000000000005
vertex 12019.150000000003 11695.060000000003 599.9500000000002
vertex 12019.150000000003 11695.060000000003 199.94000000000005
endloop
endfacet
facet normal 0.9952323142866286 -0.09753276680009257 0
outer loop
vertex 12019.150000000003 11695.060000000003 199.94000000000005
vertex 12019.150000000003 11695.060000000003 599.9500000000002
vertex 12000.040000000003 11500.060000000003 599.9500000000002
endloop
endfacet
facet normal 0.9952323142866286 -0.09753276680009257 0
outer loop
vertex 12019.150000000003 11695.060000000003 199.94000000000005
vertex 12000.040000000003 11500.060000000003 599.9500000000002
vertex 12000.040000000003 11500.060000000003 199.94000000000005
endloop
endfacet
facet normal 0.9952386195655087 0.0974684057802355 0
outer loop
vertex 12000.040000000003 11500.060000000003 199.94000000000005
vertex 12000.040000000003 11500.060000000003 599.9500000000002
vertex 12019.150000000003 11304.930000000002 599.9500000000002
endloop
endfacet
facet normal 0.9952386195655087 0.0974684057802355 0
outer loop
vertex 12000.040000000003 11500.060000000003 199.94000000000005
vertex 12019.150000000003 11304.930000000002 599.9500000000002
vertex 12019.150000000003 11304.930000000002 199.94000000000005
endloop
endfacet
facet normal 0.9568904503710988 0.29044907641201995 0
outer loop
vertex 12019.150000000003 11304.930000000002 199.94000000000005
vertex 12019.150000000003 11304.930000000002 599.9500000000002
vertex 12076.090000000004 11117.340000000002 599.9500000000002
endloop
endfacet
facet normal 0.9568904503710988 0.29044907641201995 0
outer loop
vertex 12019.150000000003 11304.930000000002 199.94000000000005
vertex 12076.090000000004 11117.340000000002 599.9500000000002
vertex 12076.090000000004 11117.340000000002 199.94000000000005
endloop
endfacet
facet normal 0.8818936442255798 0.47144840680028427 0
outer loop
vertex 12076.090000000004 11117.340000000002 199.94000000000005
vertex 12076.090000000004 11117.340000000002 599.9500000000002
vertex 12168.520000000002 10944.440000000002 599.9500000000002
endloop
endfacet
facet normal 0.8818936442255798 0.47144840680028427 0
outer loop
vertex 12076.090000000004 11117.340000000002 199.94000000000005
vertex 12168.520000000002 10944.440000000002 599.9500000000002
vertex 12168.520000000002 10944.440000000002 199.94000000000005
endloop
endfacet
facet normal 0.7729816716564656 0.6344283531520135 0
outer loop
vertex 12168.520000000002 10944.440000000002 199.94000000000005
vertex 12168.520000000002 10944.440000000002 599.9500000000002
vertex 12292.930000000004 10792.860000000002 599.9500000000002
endloop
endfacet
facet normal 0.7729816716564656 0.6344283531520135 0
outer loop
vertex 12168.520000000002 10944.440000000002 199.94000000000005
vertex 12292.930000000004 10792.860000000002 599.9500000000002
vertex 12292.930000000004 10792.860000000002 199.94000000000005
endloop
endfacet
facet normal 0.6343572844223314 0.7730399961841076 0
outer loop
vertex 12292.930000000004 10792.860000000002 199.94000000000005
vertex 12292.930000000004 10792.860000000002 599.9500000000002
vertex 12444.380000000003 10668.580000000002 599.9500000000002
endloop
endfacet
facet normal 0.6343572844223314 0.7730399961841076 0
outer loop
vertex 12292.930000000004 10792.860000000002 199.94000000000005
vertex 12444.380000000003 10668.580000000002 599.9500000000002
vertex 12444.380000000003 10668.580000000002 199.94000000000005
endloop
endfacet
facet normal 0.47144840680028427 0.8818936442255798 0
outer loop
vertex 12444.380000000003 10668.580000000002 199.94000000000005
vertex 12444.380000000003 10668.580000000002 599.9500000000002
vertex 12617.280000000002 10576.150000000003 599.9500000000002
endloop
endfacet
facet normal 0.47144840680028427 0.8818936442255798 0
outer loop
vertex 12444.380000000003 10668.580000000002 199.94000000000005
vertex 12617.280000000002 10576.150000000003 599.9500000000002
vertex 12617.280000000002 10576.150000000003 199.94000000000005
endloop
endfacet
facet normal 0.29044907641201995 0.9568904503710988 0
outer loop
vertex 12617.280000000002 10576.150000000003 199.94000000000005
vertex 12617.280000000002 10576.150000000003 599.9500000000002
vertex 12804.870000000003 10519.210000000003 599.9500000000002
endloop
endfacet
facet normal 0.29044907641201995 0.9568904503710988 0
outer loop
vertex 12617.280000000002 10576.150000000003 199.94000000000005
vertex 12804.870000000003 10519.210000000003 599.9500000000002
vertex 12804.870000000003 10519.210000000003 199.94000000000005
endloop
endfacet
facet normal 0.09812509331857751 0.9951740883188329 0
outer loop
vertex 12804.870000000003 10519.210000000003 199.94000000000005
vertex 12804.870000000003 10519.210000000003 599.9500000000002
vertex 13000.000000000004 10499.970000000003 599.9500000000002
endloop
endfacet
facet normal 0.09812509331857751 0.9951740883188329 0
outer loop
vertex 12804.870000000003 10519.210000000003 199.94000000000005
vertex 13000.000000000004 10499.970000000003 599.9500000000002
vertex 13000.000000000004 10499.970000000003 199.94000000000005
endloop
endfacet
facet normal -0.09812509331857844 0.9951740883188331 0
outer loop
vertex 13000.000000000004 10499.970000000003 199.94000000000005
vertex 13000.000000000004 10499.970000000003 599.9500000000002
vertex 13195.130000000003 10519.210000000003 599.9500000000002
endloop
endfacet
facet normal -0.09812509331857844 0.9951740883188331 0
outer loop
vertex 13000.000000000004 10499.970000000003 199.94000000000005
vertex 13195.130000000003 10519.210000000003 599.9500000000002
vertex 13195.130000000003 10519.210000000003 199.94000000000005
endloop
endfacet
facet normal -0.29044907641201995 0.9568904503710988 0
outer loop
vertex 13195.130000000003 10519.210000000003 199.94000000000005
vertex 13195.130000000003 10519.210000000003 599.9500000000002
vertex 13382.720000000003 10576.150000000003 599.9500000000002
endloop
endfacet
facet normal -0.29044907641201995 0.9568904503710988 0
outer loop
vertex 13195.130000000003 10519.210000000003 199.94000000000005
vertex 13382.720000000003 10576.150000000003 599.9500000000002
vertex 13382.720000000003 10576.150000000003 199.94000000000005
endloop
endfacet
facet normal -0.47144840680028427 0.8818936442255798 0
outer loop
vertex 13382.720000000003 10576.150000000003 199.94000000000005
vertex 13382.720000000003 10576.150000000003 599.9500000000002
vertex 13555.620000000003 10668.580000000002 599.9500000000002
endloop
endfacet
facet normal -0.47144840680028427 0.8818936442255798 0
outer loop
vertex 13382.720000000003 10576.150000000003 199.94000000000005
vertex 13555.620000000003 10668.580000000002 599.9500000000002
vertex 13555.620000000003 10668.580000000002 199.94000000000005
endloop
endfacet
facet normal -0.634357284422327 0.7730399961841115 0
outer loop
vertex 13555.620000000003 10668.580000000002 199.94000000000005
vertex 13555.620000000003 10668.580000000002 599.9500000000002
vertex 13707.070000000003 10792.860000000002 599.9500000000002
endloop
endfacet
facet normal -0.634357284422327 0.7730399961841115 0
outer loop
vertex 13555.620000000003 10668.580000000002 199.94000000000005
vertex 13707.070000000003 10792.860000000002 599.9500000000002
vertex 13707.070000000003 10792.860000000002 199.94000000000005
endloop
endfacet
facet normal -0.7729816716564701 0.6344283531520081 0
outer loop
vertex 13707.070000000003 10792.860000000002 199.94000000000005
vertex 13707.070000000003 10792.860000000002 599.9500000000002
vertex 13831.480000000003 10944.440000000002 599.9500000000002
endloop
endfacet
facet normal -0.7729816716564701 0.6344283531520081 0
outer loop
vertex 13707.070000000003 10792.860000000002 199.94000000000005
vertex 13831.480000000003 10944.440000000002 599.9500000000002
vertex 13831.480000000003 10944.440000000002 199.94000000000005
endloop
endfacet
facet normal -0.881893644225576 0.47144840680029154 0
outer loop
vertex 13831.480000000003 10944.440000000002 199.94000000000005
vertex 13831.480000000003 10944.440000000002 599.9500000000002
vertex 13923.910000000003 11117.340000000002 599.9500000000002
endloop
endfacet
facet normal -0.881893644225576 0.47144840680029154 0
outer loop
vertex 13831.480000000003 10944.440000000002 199.94000000000005
vertex 13923.910000000003 11117.340000000002 599.9500000000002
vertex 13923.910000000003 11117.340000000002 199.94000000000005
endloop
endfacet
facet normal -0.9568904503710988 0.29044907641201995 0
outer loop
vertex 13923.910000000003 11117.340000000002 199.94000000000005
vertex 13923.910000000003 11117.340000000002 599.9500000000002
vertex 13980.850000000004 11304.930000000002 599.9500000000002
endloop
endfacet
facet normal -0.9568904503710988 0.29044907641201995 0
outer loop
vertex 13923.910000000003 11117.340000000002 199.94000000000005
vertex 13980.850000000004 11304.930000000002 599.9500000000002
vertex 13980.850000000004 11304.930000000002 199.94000000000005
endloop
endfacet
facet normal -0.9952386195655096 0.09746840578022631 0
outer loop
vertex 13980.850000000004 11304.930000000002 199.94000000000005
vertex 13980.850000000004 11304.930000000002 599.9500000000002
vertex 13999.960000000003 11500.060000000003 599.9500000000002
endloop
endfacet
facet normal -0.9952386195655096 0.09746840578022631 0
outer loop
vertex 13980.850000000004 11304.930000000002 199.94000000000005
vertex 13999.960000000003 11500.060000000003 599.9500000000002
vertex 13999.960000000003 11500.060000000003 199.94000000000005
endloop
endfacet
facet normal 0.2170680824850337 -0.9761564667440722 0
outer loop
vertex 3695.250000000001 13043.420000000004 199.94000000000005
vertex 3695.250000000001 13043.420000000004 599.9500000000002
vertex 3304.730000000001 12956.580000000004 599.9500000000002
endloop
endfacet
facet normal 0.2170680824850337 -0.9761564667440722 0
outer loop
vertex 3695.250000000001 13043.420000000004 199.94000000000005
vertex 3304.730000000001 12956.580000000004 599.9500000000002
vertex 3304.730000000001 12956.580000000004 199.94000000000005
endloop
endfacet
facet normal -0.9761897142788718 -0.21691851404648368 0
outer loop
vertex 4695.210000000001 8543.340000000002 199.94000000000005
vertex 4695.210000000001 8543.340000000002 599.9500000000002
vertex 3695.250000000001 13043.420000000004 599.9500000000002
endloop
endfacet
facet normal -0.9761897142788718 -0.21691851404648368 0
outer loop
vertex 4695.210000000001 8543.340000000002 199.94000000000005
vertex 3695.250000000001 13043.420000000004 599.9500000000002
vertex 3695.250000000001 13043.420000000004 199.94000000000005
endloop
endfacet
facet normal -0.9950371902099877 -0.0995037190210127 0
outer loop
vertex 4700.020000000001 8500.050000000003 199.94000000000005
vertex 4700.020000000001 8500.050000000003 599.9500000000002
vertex 4696.120000000001 8539.050000000003 599.9500000000002
endloop
endfacet
facet normal -0.9950371902099877 -0.0995037190210127 0
outer loop
vertex 4700.020000000001 8500.050000000003 199.94000000000005
vertex 4696.120000000001 8539.050000000003 599.9500000000002
vertex 4696.120000000001 8539.050000000003 199.94000000000005
endloop
endfacet
facet normal 0.2891770165876539 0.9572756411177835 0
outer loop
vertex 4423.510000000001 8315.190000000002 199.94000000000005
vertex 4423.510000000001 8315.190000000002 599.9500000000002
vertex 4460.950000000001 8303.880000000003 599.9500000000002
endloop
endfacet
facet normal 0.2891770165876539 0.9572756411177835 0
outer loop
vertex 4423.510000000001 8315.190000000002 199.94000000000005
vertex 4460.950000000001 8303.880000000003 599.9500000000002
vertex 4460.950000000001 8303.880000000003 199.94000000000005
endloop
endfacet
facet normal 0.09950371902103568 0.9950371902099856 0
outer loop
vertex 4460.950000000001 8303.880000000003 199.94000000000005
vertex 4460.950000000001 8303.880000000003 599.9500000000002
vertex 4499.950000000001 8299.980000000001 599.9500000000002
endloop
endfacet
facet normal 0.09950371902103568 0.9950371902099856 0
outer loop
vertex 4460.950000000001 8303.880000000003 199.94000000000005
vertex 4499.950000000001 8299.980000000001 599.9500000000002
vertex 4499.950000000001 8299.980000000001 199.94000000000005
endloop
endfacet
facet normal -0.09917639879007566 0.9950698678600572 0
outer loop
vertex 4499.950000000001 8299.980000000001 199.94000000000005
vertex 4499.950000000001 8299.980000000001 599.9500000000002
vertex 4539.080000000001 8303.880000000003 599.9500000000002
endloop
endfacet
facet normal -0.09917639879007566 0.9950698678600572 0
outer loop
vertex 4499.950000000001 8299.980000000001 199.94000000000005
vertex 4539.080000000001 8303.880000000003 599.9500000000002
vertex 4539.080000000001 8303.880000000003 199.94000000000005
endloop
endfacet
facet normal -0.2891770165876475 0.9572756411177857 0
outer loop
vertex 4539.080000000001 8303.880000000003 199.94000000000005
vertex 4539.080000000001 8303.880000000003 599.9500000000002
vertex 4576.520000000001 8315.190000000002 599.9500000000002
endloop
endfacet
facet normal -0.2891770165876475 0.9572756411177857 0
outer loop
vertex 4539.080000000001 8303.880000000003 199.94000000000005
vertex 4576.520000000001 8315.190000000002 599.9500000000002
vertex 4576.520000000001 8315.190000000002 199.94000000000005
endloop
endfacet
facet normal -0.47093246513017 0.8821692656664145 0
outer loop
vertex 4576.520000000001 8315.190000000002 199.94000000000005
vertex 4576.520000000001 8315.190000000002 599.9500000000002
vertex 4611.100000000001 8333.650000000001 599.9500000000002
endloop
endfacet
facet normal -0.47093246513017 0.8821692656664145 0
outer loop
vertex 4576.520000000001 8315.190000000002 199.94000000000005
vertex 4611.100000000001 8333.650000000001 599.9500000000002
vertex 4611.100000000001 8333.650000000001 199.94000000000005
endloop
endfacet
facet normal -0.6359394184773723 0.771738981798031 0
outer loop
vertex 4611.100000000001 8333.650000000001 199.94000000000005
vertex 4611.100000000001 8333.650000000001 599.9500000000002
vertex 4641.390000000001 8358.610000000002 599.9500000000002
endloop
endfacet
facet normal -0.6359394184773723 0.771738981798031 0
outer loop
vertex 4611.100000000001 8333.650000000001 199.94000000000005
vertex 4641.390000000001 8358.610000000002 599.9500000000002
vertex 4641.390000000001 8358.610000000002 199.94000000000005
endloop
endfacet
facet normal -0.771738981798033 0.6359394184773699 0
outer loop
vertex 4641.390000000001 8358.610000000002 199.94000000000005
vertex 4641.390000000001 8358.610000000002 599.9500000000002
vertex 4666.350000000001 8388.900000000001 599.9500000000002
endloop
endfacet
facet normal -0.771738981798033 0.6359394184773699 0
outer loop
vertex 4641.390000000001 8358.610000000002 199.94000000000005
vertex 4666.350000000001 8388.900000000001 599.9500000000002
vertex 4666.350000000001 8388.900000000001 199.94000000000005
endloop
endfacet
facet normal -0.882169265666405 0.4709324651301881 0
outer loop
vertex 4666.350000000001 8388.900000000001 199.94000000000005
vertex 4666.350000000001 8388.900000000001 599.9500000000002
vertex 4684.810000000001 8423.480000000001 599.9500000000002
endloop
endfacet
facet normal -0.882169265666405 0.4709324651301881 0
outer loop
vertex 4666.350000000001 8388.900000000001 199.94000000000005
vertex 4684.810000000001 8423.480000000001 599.9500000000002
vertex 4684.810000000001 8423.480000000001 199.94000000000005
endloop
endfacet
facet normal -0.9572756411177857 0.2891770165876475 0
outer loop
vertex 4684.810000000001 8423.480000000001 199.94000000000005
vertex 4684.810000000001 8423.480000000001 599.9500000000002
vertex 4696.120000000001 8460.920000000002 599.9500000000002
endloop
endfacet
facet normal -0.9572756411177857 0.2891770165876475 0
outer loop
vertex 4684.810000000001 8423.480000000001 199.94000000000005
vertex 4696.120000000001 8460.920000000002 599.9500000000002
vertex 4696.120000000001 8460.920000000002 199.94000000000005
endloop
endfacet
facet normal -0.9950698678600598 0.09917639879005047 0
outer loop
vertex 4696.120000000001 8460.920000000002 199.94000000000005
vertex 4696.120000000001 8460.920000000002 599.9500000000002
vertex 4700.020000000001 8500.050000000003 599.9500000000002
endloop
endfacet
facet normal -0.9950698678600598 0.09917639879005047 0
outer loop
vertex 4696.120000000001 8460.920000000002 199.94000000000005
vertex 4700.020000000001 8500.050000000003 599.9500000000002
vertex 4700.020000000001 8500.050000000003 199.94000000000005
endloop
endfacet
facet normal -0.9570244044335008 -0.2900073952827807 0
outer loop
vertex 4694.8200000000015 8543.340000000002 199.94000000000005
vertex 4696.120000000001 8539.050000000003 199.94000000000005
vertex 4696.120000000001 8539.050000000003 599.9500000000002
endloop
endfacet
facet normal -0.9570244044335008 -0.2900073952827807 0
outer loop
vertex 4694.8200000000015 8543.340000000002 199.94000000000005
vertex 4696.120000000001 8539.050000000003 599.9500000000002
vertex 4694.8200000000015 8543.340000000002 599.9500000000002
endloop
endfacet
facet normal 0 1 0
outer loop
vertex 4695.210000000001 8543.340000000002 599.9500000000002
vertex 4695.210000000001 8543.340000000002 199.94000000000005
vertex 4694.8200000000015 8543.340000000002 199.94000000000005
endloop
endfacet
facet normal 0 1 0
outer loop
vertex 4695.210000000001 8543.340000000002 599.9500000000002
vertex 4694.8200000000015 8543.340000000002 199.94000000000005
vertex 4694.8200000000015 8543.340000000002 599.9500000000002
endloop
endfacet
facet normal 0.8682231454924111 -0.4961739308259392 0
outer loop
vertex 1099.2800000000002 10673.650000000003 599.9500000000002
vertex 900.7700000000002 10326.290000000003 599.9500000000002
vertex 900.7700000000002 10326.290000000003 199.94000000000005
endloop
endfacet
facet normal 0.8682231454924111 -0.4961739308259392 0
outer loop
vertex 1099.2800000000002 10673.650000000003 599.9500000000002
vertex 900.7700000000002 10326.290000000003 199.94000000000005
vertex 1099.2800000000002 10673.650000000003 199.94000000000005
endloop
endfacet
facet normal 0.4961250462363495 0.8682510803315938 0
outer loop
vertex 900.7700000000002 10326.290000000003 199.94000000000005
vertex 900.7700000000002 10326.290000000003 599.9500000000002
vertex 4400.760000000001 8326.370000000003 599.9500000000002
endloop
endfacet
facet normal 0.4961250462363495 0.8682510803315938 0
outer loop
vertex 900.7700000000002 10326.290000000003 199.94000000000005
vertex 4400.760000000001 8326.370000000003 599.9500000000002
vertex 4400.760000000001 8326.370000000003 199.94000000000005
endloop
endfacet
facet normal -0.8944271909994989 0.4472135955007923 0
outer loop
vertex 4401.1500000000015 8327.150000000001 199.94000000000005
vertex 4400.760000000001 8326.370000000003 199.94000000000005
vertex 4400.760000000001 8326.370000000003 599.9500000000002
endloop
endfacet
facet normal -0.8944271909994989 0.4472135955007923 0
outer loop
vertex 4401.1500000000015 8327.150000000001 199.94000000000005
vertex 4400.760000000001 8326.370000000003 599.9500000000002
vertex 4401.1500000000015 8327.150000000001 599.9500000000002
endloop
endfacet
facet normal -0.49614285011462717 -0.8682409068226022 0
outer loop
vertex 1099.2800000000002 10673.650000000003 599.9500000000002
vertex 1099.2800000000002 10673.650000000003 199.94000000000005
vertex 4206.670000000001 8897.980000000001 199.94000000000005
endloop
endfacet
facet normal -0.49614285011462717 -0.8682409068226022 0
outer loop
vertex 1099.2800000000002 10673.650000000003 599.9500000000002
vertex 4206.670000000001 8897.980000000001 199.94000000000005
vertex 4206.670000000001 8897.980000000001 599.9500000000002
endloop
endfacet
facet normal 0.976185588728269 0.21693707926318792 0
outer loop
vertex 3304.730000000001 12956.580000000004 599.9500000000002
vertex 4206.670000000001 8897.980000000001 599.9500000000002
vertex 4206.670000000001 8897.980000000001 199.94000000000005
endloop
endfacet
facet normal 0.976185588728269 0.21693707926318792 0
outer loop
vertex 3304.730000000001 12956.580000000004 599.9500000000002
vertex 4206.670000000001 8897.980000000001 199.94000000000005
vertex 3304.730000000001 12956.580000000004 199.94000000000005
endloop
endfacet
facet normal 0.47165225033713915 0.8817846419347031 0
outer loop
vertex 4401.1500000000015 8327.150000000001 199.94000000000005
vertex 4401.1500000000015 8327.150000000001 599.9500000000002
vertex 4423.510000000001 8315.190000000002 599.9500000000002
endloop
endfacet
facet normal 0.47165225033713915 0.8817846419347031 0
outer loop
vertex 4401.1500000000015 8327.150000000001 199.94000000000005
vertex 4423.510000000001 8315.190000000002 599.9500000000002
vertex 4423.510000000001 8315.190000000002 199.94000000000005
endloop
endfacet
facet normal 1 0 0
outer loop
vertex 5500.040000000002 5000.060000000001 1200.0300000000002
vertex 5500.040000000002 6099.990000000002 1399.9700000000003
vertex 5500.040000000002 6096.220000000001 1399.9700000000003
endloop
endfacet
facet normal 1 0 0
outer loop
vertex 5500.040000000002 5000.060000000001 1200.0300000000002
vertex 5500.040000000002 6096.220000000001 1399.9700000000003
vertex 5500.040000000002 6084.780000000002 1399.9700000000003
endloop
endfacet
facet normal 1 0 0
outer loop
vertex 5500.040000000002 5000.060000000001 1200.0300000000002
vertex 5500.040000000002 6084.780000000002 1399.9700000000003
vertex 5500.040000000002 6066.3200000000015 1399.9700000000003
endloop
endfacet
facet normal 1 0 0
outer loop
vertex 5500.040000000002 5000.060000000001 1200.0300000000002
vertex 5500.040000000002 6066.3200000000015 1399.9700000000003
vertex 5500.040000000002 6041.3600000000015 1399.9700000000003
endloop
endfacet
facet normal 1 0 0
outer loop
vertex 5500.040000000002 5000.060000000001 1200.0300000000002
vertex 5500.040000000002 6041.3600000000015 1399.9700000000003
vertex 5500.040000000002 6011.0700000000015 1399.9700000000003
endloop
endfacet
facet normal 0.9999999999999999 0 0
outer loop
vertex 5500.040000000002 5000.060000000001 1200.0300000000002
vertex 5500.040000000002 6011.0700000000015 1399.9700000000003
vertex 5500.040000000002 5976.490000000002 1399.9700000000003
endloop
endfacet
facet normal 1 0 0
outer loop
vertex 5500.040000000002 5000.060000000001 1200.0300000000002
vertex 5500.040000000002 5976.490000000002 1399.9700000000003
vertex 5500.040000000002 5939.050000000001 1399.9700000000003
endloop
endfacet
facet normal 1 0 0
outer loop
vertex 5500.040000000002 5000.060000000001 1200.0300000000002
vertex 5500.040000000002 5939.050000000001 1399.9700000000003
vertex 5500.040000000002 5900.050000000001 1399.9700000000003
endloop
endfacet
facet normal 1 0 0
outer loop
vertex 5500.040000000002 5000.060000000001 1200.0300000000002
vertex 5500.040000000002 5900.050000000001 1399.9700000000003
vertex 5500.040000000002 5860.920000000002 1399.9700000000003
endloop
endfacet
facet normal 1 0 0
outer loop
vertex 5500.040000000002 5000.060000000001 1200.0300000000002
vertex 5500.040000000002 5860.920000000002 1399.9700000000003
vertex 5500.040000000002 5823.480000000001 1399.9700000000003
endloop
endfacet
facet normal 0.9999999999999999 0 0
outer loop
vertex 5500.040000000002 5000.060000000001 1200.0300000000002
vertex 5500.040000000002 5823.480000000001 1399.9700000000003
vertex 5500.040000000002 5788.9000000000015 1399.9700000000003
endloop
endfacet
facet normal 1 0 0
outer loop
vertex 5500.040000000002 5000.060000000001 1200.0300000000002
vertex 5500.040000000002 5788.9000000000015 1399.9700000000003
vertex 5500.040000000002 5758.6100000000015 1399.9700000000003
endloop
endfacet
facet normal 1 0 0
outer loop
vertex 5500.040000000002 5000.060000000001 1200.0300000000002
vertex 5500.040000000002 5758.6100000000015 1399.9700000000003
vertex 5500.040000000002 5733.6500000000015 1399.9700000000003
endloop
endfacet
facet normal 1 0 0
outer loop
vertex 5500.040000000002 5000.060000000001 1200.0300000000002
vertex 5500.040000000002 5733.6500000000015 1399.9700000000003
vertex 5500.040000000002 5715.190000000001 1399.9700000000003
endloop
endfacet
facet normal 1 0 0
outer loop
vertex 5500.040000000002 5000.060000000001 1200.0300000000002
vertex 5500.040000000002 5715.190000000001 1399.9700000000003
vertex 5500.040000000002 5703.880000000001 1399.9700000000003
endloop
endfacet
facet normal 1 0 0
outer loop
vertex 5500.040000000002 5000.060000000001 1200.0300000000002
vertex 5500.040000000002 5703.880000000001 1399.9700000000003
vertex 5500.040000000002 5699.980000000001 1399.9700000000003
endloop
endfacet
facet normal 1 0 0
outer loop
vertex 5500.040000000002 5000.060000000001 1200.0300000000002
vertex 5500.040000000002 5699.980000000001 1399.9700000000003
vertex 5500.040000000002 5200.000000000001 1399.9700000000003
endloop
endfacet
facet normal 1 0 0
outer loop
vertex 5500.040000000002 5000.060000000001 1200.0300000000002
vertex 5500.040000000002 5200.000000000001 1399.9700000000003
vertex 5500.040000000002 5196.100000000001 1399.9700000000003
endloop
endfacet
facet normal 1 0 0
outer loop
vertex 5500.040000000002 5000.060000000001 1200.0300000000002
vertex 5500.040000000002 5196.100000000001 1399.9700000000003
vertex 5500.040000000002 5184.790000000001 1399.9700000000003
endloop
endfacet
facet normal 1 0 0
outer loop
vertex 5500.040000000002 5000.060000000001 1200.0300000000002
vertex 5500.040000000002 5184.790000000001 1399.9700000000003
vertex 5500.040000000002 5166.330000000001 1399.9700000000003
endloop
endfacet
facet normal 1 0 0
outer loop
vertex 5500.040000000002 5000.060000000001 1200.0300000000002
vertex 5500.040000000002 5166.330000000001 1399.9700000000003
vertex 5500.040000000002 5141.370000000002 1399.9700000000003
endloop
endfacet
facet normal 1 0 0
outer loop
vertex 5500.040000000002 5000.060000000001 1200.0300000000002
vertex 5500.040000000002 5141.370000000002 1399.9700000000003
vertex 5500.040000000002 5111.080000000001 1399.9700000000003
endloop
endfacet
facet normal 0.9999999999999999 0 0
outer loop
vertex 5500.040000000002 5000.060000000001 1200.0300000000002
vertex 5500.040000000002 5111.080000000001 1399.9700000000003
vertex 5500.040000000002 5076.500000000001 1399.9700000000003
endloop
endfacet
facet normal 1 0 0
outer loop
vertex 5500.040000000002 5000.060000000001 1200.0300000000002
vertex 5500.040000000002 5076.500000000001 1399.9700000000003
vertex 5500.040000000002 5039.060000000001 1399.9700000000003
endloop
endfacet
facet normal 1 0 0
outer loop
vertex 5500.040000000002 5000.060000000001 1200.0300000000002
vertex 5500.040000000002 5039.060000000001 1399.9700000000003
vertex 5500.040000000002 5000.060000000001 1399.9700000000003
endloop
endfacet
facet normal 1 0 0
outer loop
vertex 5500.040000000002 5000.060000000001 1200.0300000000002
vertex 5500.040000000002 5000.060000000001 1399.9700000000003
vertex 5500.040000000002 4960.930000000001 1399.9700000000003
endloop
endfacet
facet normal 1 0 0
outer loop
vertex 5500.040000000002 5000.060000000001 1200.0300000000002
vertex 5500.040000000002 4960.930000000001 1399.9700000000003
vertex 5500.040000000002 4923.490000000002 1399.9700000000003
endloop
endfacet
facet normal 1 0 0
outer loop
vertex 5500.040000000002 5000.060000000001 1200.0300000000002
vertex 5500.040000000002 4923.490000000002 1399.9700000000003
vertex 5500.040000000002 4888.910000000001 1399.9700000000003
endloop
endfacet
facet normal 1 0 0
outer loop
vertex 5500.040000000002 5000.060000000001 1200.0300000000002
vertex 5500.040000000002 4888.910000000001 1399.9700000000003
vertex 5500.040000000002 4858.620000000001 1399.9700000000003
endloop
endfacet
facet normal 1 0 0
outer loop
vertex 5500.040000000002 5000.060000000001 1200.0300000000002
vertex 5500.040000000002 4858.620000000001 1399.9700000000003
vertex 5500.040000000002 4833.660000000001 1399.9700000000003
endloop
endfacet
facet normal 1 0 0
outer loop
vertex 5500.040000000002 5000.060000000001 1200.0300000000002
vertex 5500.040000000002 4833.660000000001 1399.9700000000003
vertex 5500.040000000002 4815.200000000002 1399.9700000000003
endloop
endfacet
facet normal 1 0 0
outer loop
vertex 5500.040000000002 5000.060000000001 1200.0300000000002
vertex 5500.040000000002 4815.200000000002 1399.9700000000003
vertex 5500.040000000002 4803.890000000001 1399.9700000000003
endloop
endfacet
facet normal 1 0 0
outer loop
vertex 5500.040000000002 5000.060000000001 1200.0300000000002
vertex 5500.040000000002 4803.890000000001 1399.9700000000003
vertex 5500.040000000002 4799.990000000002 1399.9700000000003
endloop
endfacet
facet normal 1 0 0
outer loop
vertex 5500.040000000002 5000.060000000001 1200.0300000000002
vertex 5500.040000000002 4799.990000000002 1399.9700000000003
vertex 5500.040000000002 4300.010000000001 1399.9700000000003
endloop
endfacet
facet normal 1 0 0
outer loop
vertex 5500.040000000002 5000.060000000001 1200.0300000000002
vertex 5500.040000000002 4300.010000000001 1399.9700000000003
vertex 5500.040000000002 4296.1100000000015 1399.9700000000003
endloop
endfacet
facet normal 1 0 0
outer loop
vertex 5500.040000000002 5000.060000000001 1200.0300000000002
vertex 5500.040000000002 4296.1100000000015 1399.9700000000003
vertex 5500.040000000002 4284.800000000001 1399.9700000000003
endloop
endfacet
facet normal 1 0 0
outer loop
vertex 5500.040000000002 5000.060000000001 1200.0300000000002
vertex 5500.040000000002 4284.800000000001 1399.9700000000003
vertex 5500.040000000002 4266.340000000001 1399.9700000000003
endloop
endfacet
facet normal 1 0 0
outer loop
vertex 5500.040000000002 5000.060000000001 1200.0300000000002
vertex 5500.040000000002 4266.340000000001 1399.9700000000003
vertex 5500.040000000002 4241.380000000001 1399.9700000000003
endloop
endfacet
facet normal 1 0 0
outer loop
vertex 5500.040000000002 5000.060000000001 1200.0300000000002
vertex 5500.040000000002 4241.380000000001 1399.9700000000003
vertex 5500.040000000002 4211.090000000001 1399.9700000000003
endloop
endfacet
facet normal 1 0 0
outer loop
vertex 5500.040000000002 5000.060000000001 1200.0300000000002
vertex 5500.040000000002 4211.090000000001 1399.9700000000003
vertex 5500.040000000002 4176.510000000001 1399.9700000000003
endloop
endfacet
facet normal 1 0 0
outer loop
vertex 5500.040000000002 5000.060000000001 1200.0300000000002
vertex 5500.040000000002 4176.510000000001 1399.9700000000003
vertex 5500.040000000002 4139.070000000001 1399.9700000000003
endloop
endfacet
facet normal 1 0 0
outer loop
vertex 5500.040000000002 5000.060000000001 1200.0300000000002
vertex 5500.040000000002 4139.070000000001 1399.9700000000003
vertex 5500.040000000002 4099.940000000001 1399.9700000000003
endloop
endfacet
facet normal 1 0 0
outer loop
vertex 5500.040000000002 5000.060000000001 1200.0300000000002
vertex 5500.040000000002 4099.940000000001 1399.9700000000003
vertex 5500.040000000002 4060.940000000001 1399.9700000000003
endloop
endfacet
facet normal 1 0 0
outer loop
vertex 5500.040000000002 5000.060000000001 1200.0300000000002
vertex 5500.040000000002 4060.940000000001 1399.9700000000003
vertex 5500.040000000002 4023.500000000001 1399.9700000000003
endloop
endfacet
facet normal 1 0 0
outer loop
vertex 5500.040000000002 5000.060000000001 1200.0300000000002
vertex 5500.040000000002 4023.500000000001 1399.9700000000003
vertex 5500.040000000002 3988.920000000001 1399.9700000000003
endloop
endfacet
facet normal 1 0 0
outer loop
vertex 5500.040000000002 5000.060000000001 1200.0300000000002
vertex 5500.040000000002 3988.920000000001 1399.9700000000003
vertex 5500.040000000002 3958.630000000001 1399.9700000000003
endloop
endfacet
facet normal 1 0 0
outer loop
vertex 5500.040000000002 5000.060000000001 1200.0300000000002
vertex 5500.040000000002 3958.630000000001 1399.9700000000003
vertex 5500.040000000002 3933.670000000001 1399.9700000000003
endloop
endfacet
facet normal 1 0 0
outer loop
vertex 5500.040000000002 5000.060000000001 1200.0300000000002
vertex 5500.040000000002 3933.670000000001 1399.9700000000003
vertex 5500.040000000002 3915.210000000001 1399.9700000000003
endloop
endfacet
facet normal 1 0 0
outer loop
vertex 5500.040000000002 5000.060000000001 1200.0300000000002
vertex 5500.040000000002 3915.210000000001 1399.9700000000003
vertex 5500.040000000002 3903.900000000001 1399.9700000000003
endloop
endfacet
facet normal 1 0 0
outer loop
vertex 5500.040000000002 5000.060000000001 1200.0300000000002
vertex 5500.040000000002 3903.900000000001 1399.9700000000003
vertex 5500.040000000002 3900.000000000001 1399.9700000000003
endloop
endfacet
facet normal 1 0 0
outer loop
vertex 5500.040000000002 5000.060000000001 1200.0300000000002
vertex 5500.040000000002 3900.000000000001 1399.9700000000003
vertex 5500.040000000002 3800.030000000001 1399.9700000000003
endloop
endfacet
facet normal 1 0 0
outer loop
vertex 5500.040000000002 5000.060000000001 1200.0300000000002
vertex 5500.040000000002 3800.030000000001 1399.9700000000003
vertex 5500.040000000002 3800.030000000001 999.9600000000003
endloop
endfacet
facet normal 0.9999999999999999 0 0
outer loop
vertex 5500.040000000002 5000.060000000001 1200.0300000000002
vertex 5500.040000000002 3800.030000000001 999.9600000000003
vertex 5500.040000000002 3900.000000000001 999.9600000000003
endloop
endfacet
facet normal 1 0 0
outer loop
vertex 5500.040000000002 5000.060000000001 1200.0300000000002
vertex 5500.040000000002 3900.000000000001 999.9600000000003
vertex 5500.040000000002 3903.900000000001 999.9600000000003
endloop
endfacet
facet normal 1 0 0
outer loop
vertex 5500.040000000002 5000.060000000001 1200.0300000000002
vertex 5500.040000000002 3903.900000000001 999.9600000000003
vertex 5500.040000000002 3915.210000000001 999.9600000000003
endloop
endfacet
facet normal 1 0 0
outer loop
vertex 5500.040000000002 5000.060000000001 1200.0300000000002
vertex 5500.040000000002 3915.210000000001 999.9600000000003
vertex 5500.040000000002 3933.670000000001 999.9600000000003
endloop
endfacet
facet normal 1 0 0
outer loop
vertex 5500.040000000002 5000.060000000001 1200.0300000000002
vertex 5500.040000000002 3933.670000000001 999.9600000000003
vertex 5500.040000000002 3958.630000000001 999.9600000000003
endloop
endfacet
facet normal 1 0 0
outer loop
vertex 5500.040000000002 5000.060000000001 1200.0300000000002
vertex 5500.040000000002 3958.630000000001 999.9600000000003
vertex 5500.040000000002 3988.920000000001 999.9600000000003
endloop
endfacet
facet normal 1 0 0
outer loop
vertex 5500.040000000002 5000.060000000001 1200.0300000000002
vertex 5500.040000000002 3988.920000000001 999.9600000000003
vertex 5500.040000000002 4023.500000000001 999.9600000000003
endloop
endfacet
facet normal 1 0 0
outer loop
vertex 5500.040000000002 5000.060000000001 1200.0300000000002
vertex 5500.040000000002 4023.500000000001 999.9600000000003
vertex 5500.040000000002 4060.940000000001 999.9600000000003
endloop
endfacet
facet normal 1 0 0
outer loop
vertex 5500.040000000002 5000.060000000001 1200.0300000000002
vertex 5500.040000000002 4060.940000000001 999.9600000000003
vertex 5500.040000000002 4099.940000000001 999.9600000000003
endloop
endfacet
facet normal 1 0 0
outer loop
vertex 5500.040000000002 5000.060000000001 1200.0300000000002
vertex 5500.040000000002 4099.940000000001 999.9600000000003
vertex 5500.040000000002 4139.070000000001 999.9600000000003
endloop
endfacet
facet normal 1 0 0
outer loop
vertex 5500.040000000002 5000.060000000001 1200.0300000000002
vertex 5500.040000000002 4139.070000000001 999.9600000000003
vertex 5500.040000000002 4176.510000000001 999.9600000000003
endloop
endfacet
facet normal 1 0 0
outer loop
vertex 5500.040000000002 5000.060000000001 1200.0300000000002
vertex 5500.040000000002 4176.510000000001 999.9600000000003
vertex 5500.040000000002 4211.090000000001 999.9600000000003
endloop
endfacet
facet normal 1 0 0
outer loop
vertex 5500.040000000002 5000.060000000001 1200.0300000000002
vertex 5500.040000000002 4211.090000000001 999.9600000000003
vertex 5500.040000000002 4241.380000000001 999.9600000000003
endloop
endfacet
facet normal 1 0 0
outer loop
vertex 5500.040000000002 5000.060000000001 1200.0300000000002
vertex 5500.040000000002 4241.380000000001 999.9600000000003
vertex 5500.040000000002 4266.340000000001 999.9600000000003
endloop
endfacet
facet normal 1 0 0
outer loop
vertex 5500.040000000002 5000.060000000001 1200.0300000000002
vertex 5500.040000000002 4266.340000000001 999.9600000000003
vertex 5500.040000000002 4284.800000000001 999.9600000000003
endloop
endfacet
facet normal 1 0 0
outer loop
vertex 5500.040000000002 5000.060000000001 1200.0300000000002
vertex 5500.040000000002 4284.800000000001 999.9600000000003
vertex 5500.040000000002 4296.1100000000015 999.9600000000003
endloop
endfacet
facet normal 1 0 0
outer loop
vertex 5500.040000000002 5000.060000000001 1200.0300000000002
vertex 5500.040000000002 4296.1100000000015 999.9600000000003
vertex 5500.040000000002 4300.010000000001 999.9600000000003
endloop
endfacet
facet normal 1 0 0
outer loop
vertex 5500.040000000002 5000.060000000001 1200.0300000000002
vertex 5500.040000000002 4300.010000000001 999.9600000000003
vertex 5500.040000000002 4799.990000000002 999.9600000000003
endloop
endfacet
facet normal 1 0 0
outer loop
vertex 5500.040000000002 5000.060000000001 1200.0300000000002
vertex 5500.040000000002 4799.990000000002 999.9600000000003
vertex 5500.040000000002 4803.890000000001 999.9600000000003
endloop
endfacet
facet normal 1 0 0
outer loop
vertex 5500.040000000002 5000.060000000001 1200.0300000000002
vertex 5500.040000000002 4803.890000000001 999.9600000000003
vertex 5500.040000000002 4815.200000000002 999.9600000000003
endloop
endfacet
facet normal 1 0 0
outer loop
vertex 5500.040000000002 5000.060000000001 1200.0300000000002
vertex 5500.040000000002 4815.200000000002 999.9600000000003
vertex 5500.040000000002 4833.660000000001 999.9600000000003
endloop
endfacet
facet normal 1 0 0
outer loop
vertex 5500.040000000002 5000.060000000001 1200.0300000000002
vertex 5500.040000000002 4833.660000000001 999.9600000000003
vertex 5500.040000000002 4858.620000000001 999.9600000000003
endloop
endfacet
facet normal 1 0 0
outer loop
vertex 5500.040000000002 5000.060000000001 1200.0300000000002
vertex 5500.040000000002 4858.620000000001 999.9600000000003
vertex 5500.040000000002 4888.910000000001 999.9600000000003
endloop
endfacet
facet normal 1 0 0
outer loop
vertex 5500.040000000002 5000.060000000001 1200.0300000000002
vertex 5500.040000000002 4888.910000000001 999.9600000000003
vertex 5500.040000000002 4923.490000000002 999.9600000000003
endloop
endfacet
facet normal 1 0 0
outer loop
vertex 5500.040000000002 5000.060000000001 1200.0300000000002
vertex 5500.040000000002 4923.490000000002 999.9600000000003
vertex 5500.040000000002 4960.930000000001 999.9600000000003
endloop
endfacet
facet normal 1 0 0
outer loop
vertex 5500.040000000002 5000.060000000001 1200.0300000000002
vertex 5500.040000000002 4960.930000000001 999.9600000000003
vertex 5500.040000000002 5000.060000000001 999.9600000000003
endloop
endfacet
facet normal 1 0 0
outer loop
vertex 5500.040000000002 5000.060000000001 1200.0300000000002
vertex 5500.040000000002 5000.060000000001 999.9600000000003
vertex 5500.040000000002 5039.060000000001 999.9600000000003
endloop
endfacet
facet normal 1 0 0
outer loop
vertex 5500.040000000002 5000.060000000001 1200.0300000000002
vertex 5500.040000000002 5039.060000000001 999.9600000000003
vertex 5500.040000000002 5076.500000000001 999.9600000000003
endloop
endfacet
facet normal 0.9999999999999999 0 0
outer loop
vertex 5500.040000000002 5000.060000000001 1200.0300000000002
vertex 5500.040000000002 5076.500000000001 999.9600000000003
vertex 5500.040000000002 5111.080000000001 999.9600000000003
endloop
endfacet
facet normal 1 0 0
outer loop
vertex 5500.040000000002 5000.060000000001 1200.0300000000002
vertex 5500.040000000002 5111.080000000001 999.9600000000003
vertex 5500.040000000002 5141.370000000002 999.9600000000003
endloop
endfacet
facet normal 0.9999999999999999 0 0
outer loop
vertex 5500.040000000002 5000.060000000001 1200.0300000000002
vertex 5500.040000000002 5141.370000000002 999.9600000000003
vertex 5500.040000000002 5166.330000000001 999.9600000000003
endloop
endfacet
facet normal 0.9999999999999999 0 0
outer loop
vertex 5500.040000000002 5000.060000000001 1200.0300000000002
vertex 5500.040000000002 5166.330000000001 999.9600000000003
vertex 5500.040000000002 5184.790000000001 999.9600000000003
endloop
endfacet
facet normal 1 0 0
outer loop
vertex 5500.040000000002 5000.060000000001 1200.0300000000002
vertex 5500.040000000002 5184.790000000001 999.9600000000003
vertex 5500.040000000002 5196.100000000001 999.9600000000003
endloop
endfacet
facet normal 1 0 0
outer loop
vertex 5500.040000000002 5000.060000000001 1200.0300000000002
vertex 5500.040000000002 5196.100000000001 999.9600000000003
vertex 5500.040000000002 5200.000000000001 999.9600000000003
endloop
endfacet
facet normal 1 0 0
outer loop
vertex 5500.040000000002 5000.060000000001 1200.0300000000002
vertex 5500.040000000002 5200.000000000001 999.9600000000003
vertex 5500.040000000002 5699.980000000001 999.9600000000003
endloop
endfacet
facet normal 1 0 0
outer loop
vertex 5500.040000000002 5000.060000000001 1200.0300000000002
vertex 5500.040000000002 5699.980000000001 999.9600000000003
vertex 5500.040000000002 5703.880000000001 999.9600000000003
endloop
endfacet
facet normal 1 0 0
outer loop
vertex 5500.040000000002 5000.060000000001 1200.0300000000002
vertex 5500.040000000002 5703.880000000001 999.9600000000003
vertex 5500.040000000002 5715.190000000001 999.9600000000003
endloop
endfacet
facet normal 1 0 0
outer loop
vertex 5500.040000000002 5000.060000000001 1200.0300000000002
vertex 5500.040000000002 5715.190000000001 999.9600000000003
vertex 5500.040000000002 5733.6500000000015 999.9600000000003
endloop
endfacet
facet normal 1 0 0
outer loop
vertex 5500.040000000002 5000.060000000001 1200.0300000000002
vertex 5500.040000000002 5733.6500000000015 999.9600000000003
vertex 5500.040000000002 5758.6100000000015 999.9600000000003
endloop
endfacet
facet normal 1 0 0
outer loop
vertex 5500.040000000002 5000.060000000001 1200.0300000000002
vertex 5500.040000000002 5758.6100000000015 999.9600000000003
vertex 5500.040000000002 5788.9000000000015 999.9600000000003
endloop
endfacet
facet normal 1 0 0
outer loop
vertex 5500.040000000002 5000.060000000001 1200.0300000000002
vertex 5500.040000000002 5788.9000000000015 999.9600000000003
vertex 5500.040000000002 5823.480000000001 999.9600000000003
endloop
endfacet
facet normal 1 0 0
outer loop
vertex 5500.040000000002 5000.060000000001 1200.0300000000002
vertex 5500.040000000002 5823.480000000001 999.9600000000003
vertex 5500.040000000002 5860.920000000002 999.9600000000003
endloop
endfacet
facet normal 1 0 0
outer loop
vertex 5500.040000000002 5000.060000000001 1200.0300000000002
vertex 5500.040000000002 5860.920000000002 999.9600000000003
vertex 5500.040000000002 5900.050000000001 999.9600000000003
endloop
endfacet
facet normal 1 0 0
outer loop
vertex 5500.040000000002 5000.060000000001 1200.0300000000002
vertex 5500.040000000002 5900.050000000001 999.9600000000003
vertex 5500.040000000002 5939.050000000001 999.9600000000003
endloop
endfacet
facet normal 1 0 0
outer loop
vertex 5500.040000000002 5000.060000000001 1200.0300000000002
vertex 5500.040000000002 5939.050000000001 999.9600000000003
vertex 5500.040000000002 5976.490000000002 999.9600000000003
endloop
endfacet
facet normal 1 0 0
outer loop
vertex 5500.040000000002 5000.060000000001 1200.0300000000002
vertex 5500.040000000002 5976.490000000002 999.9600000000003
vertex 5500.040000000002 6011.0700000000015 999.9600000000003
endloop
endfacet
facet normal 1 0 0
outer loop
vertex 5500.040000000002 5000.060000000001 1200.0300000000002
vertex 5500.040000000002 6011.0700000000015 999.9600000000003
vertex 5500.040000000002 6041.3600000000015 999.9600000000003
endloop
endfacet
facet normal 1 0 0
outer loop
vertex 5500.040000000002 5000.060000000001 1200.0300000000002
vertex 5500.040000000002 6041.3600000000015 999.9600000000003
vertex 5500.040000000002 6066.3200000000015 999.9600000000003
endloop
endfacet
facet normal 1 0 0
outer loop
vertex 5500.040000000002 5000.060000000001 1200.0300000000002
vertex 5500.040000000002 6066.3200000000015 999.9600000000003
vertex 5500.040000000002 6084.780000000002 999.9600000000003
endloop
endfacet
facet normal 0.9999999999999999 0 0
outer loop
vertex 5500.040000000002 5000.060000000001 1200.0300000000002
vertex 5500.040000000002 6084.780000000002 999.9600000000003
vertex 5500.040000000002 6096.220000000001 999.9600000000003
endloop
endfacet
facet normal 1 0 0
outer loop
vertex 5500.040000000002 5000.060000000001 1200.0300000000002
vertex 5500.040000000002 6096.220000000001 999.9600000000003
vertex 5500.040000000002 6099.990000000002 999.9600000000003
endloop
endfacet
facet normal 1 0 0
outer loop
vertex 5500.040000000002 5000.060000000001 1200.0300000000002
vertex 5500.040000000002 6099.990000000002 999.9600000000003
vertex 5500.040000000002 6199.960000000002 999.9600000000003
endloop
endfacet
facet normal 1 0 0
outer loop
vertex 5500.040000000002 5000.060000000001 1200.0300000000002
vertex 5500.040000000002 6199.960000000002 999.9600000000003
vertex 5500.040000000002 6199.960000000002 1399.9700000000003
endloop
endfacet
facet normal 1 0 0
outer loop
vertex 5500.040000000002 5000.060000000001 1200.0300000000002
vertex 5500.040000000002 6199.960000000002 1399.9700000000003
vertex 5500.040000000002 6099.990000000002 1399.9700000000003
endloop
endfacet
facet normal 0 1 0
outer loop
vertex 9100.000000000002 3400.020000000001 1399.9700000000003
vertex 9100.000000000002 3400.020000000001 999.9600000000003
vertex 5900.050000000001 3400.020000000001 999.9600000000003
endloop
endfacet
facet normal 0 1 0
outer loop
vertex 9100.000000000002 3400.020000000001 1399.9700000000003
vertex 5900.050000000001 3400.020000000001 999.9600000000003
vertex 5900.050000000001 3400.020000000001 1399.9700000000003
endloop
endfacet
facet normal -1 0 0
outer loop
vertex 9500.010000000002 5000.060000000001 1200.0300000000002
vertex 9500.010000000002 3900.000000000001 1399.9700000000003
vertex 9500.010000000002 3903.900000000001 1399.9700000000003
endloop
endfacet
facet normal -1 0 0
outer loop
vertex 9500.010000000002 5000.060000000001 1200.0300000000002
vertex 9500.010000000002 3903.900000000001 1399.9700000000003
vertex 9500.010000000002 3915.210000000001 1399.9700000000003
endloop
endfacet
facet normal -1 0 0
outer loop
vertex 9500.010000000002 5000.060000000001 1200.0300000000002
vertex 9500.010000000002 3915.210000000001 1399.9700000000003
vertex 9500.010000000002 3933.670000000001 1399.9700000000003
endloop
endfacet
facet normal -1 0 0
outer loop
vertex 9500.010000000002 5000.060000000001 1200.0300000000002
vertex 9500.010000000002 3933.670000000001 1399.9700000000003
vertex 9500.010000000002 3958.630000000001 1399.9700000000003
endloop
endfacet
facet normal -1 0 0
outer loop
vertex 9500.010000000002 5000.060000000001 1200.0300000000002
vertex 9500.010000000002 3958.630000000001 1399.9700000000003
vertex 9500.010000000002 3988.920000000001 1399.9700000000003
endloop
endfacet
facet normal -1 0 0
outer loop
vertex 9500.010000000002 5000.060000000001 1200.0300000000002
vertex 9500.010000000002 3988.920000000001 1399.9700000000003
vertex 9500.010000000002 4023.500000000001 1399.9700000000003
endloop
endfacet
facet normal -1 0 0
outer loop
vertex 9500.010000000002 5000.060000000001 1200.0300000000002
vertex 9500.010000000002 4023.500000000001 1399.9700000000003
vertex 9500.010000000002 4060.940000000001 1399.9700000000003
endloop
endfacet
facet normal -1 0 0
outer loop
vertex 9500.010000000002 5000.060000000001 1200.0300000000002
vertex 9500.010000000002 4060.940000000001 1399.9700000000003
vertex 9500.010000000002 4099.940000000001 1399.9700000000003
endloop
endfacet
facet normal -1 0 0
outer loop
vertex 9500.010000000002 5000.060000000001 1200.0300000000002
vertex 9500.010000000002 4099.940000000001 1399.9700000000003
vertex 9500.010000000002 4139.070000000001 1399.9700000000003
endloop
endfacet
facet normal -1 0 0
outer loop
vertex 9500.010000000002 5000.060000000001 1200.0300000000002
vertex 9500.010000000002 4139.070000000001 1399.9700000000003
vertex 9500.010000000002 4176.510000000001 1399.9700000000003
endloop
endfacet
facet normal -1 0 0
outer loop
vertex 9500.010000000002 5000.060000000001 1200.0300000000002
vertex 9500.010000000002 4176.510000000001 1399.9700000000003
vertex 9500.010000000002 4211.090000000001 1399.9700000000003
endloop
endfacet
facet normal -1 0 0
outer loop
vertex 9500.010000000002 5000.060000000001 1200.0300000000002
vertex 9500.010000000002 4211.090000000001 1399.9700000000003
vertex 9500.010000000002 4241.380000000001 1399.9700000000003
endloop
endfacet
facet normal -1 0 0
outer loop
vertex 9500.010000000002 5000.060000000001 1200.0300000000002
vertex 9500.010000000002 4241.380000000001 1399.9700000000003
vertex 9500.010000000002 4266.340000000001 1399.9700000000003
endloop
endfacet
facet normal -1 0 0
outer loop
vertex 9500.010000000002 5000.060000000001 1200.0300000000002
vertex 9500.010000000002 4266.340000000001 1399.9700000000003
vertex 9500.010000000002 4284.800000000001 1399.9700000000003
endloop
endfacet
facet normal -1 0 0
outer loop
vertex 9500.010000000002 5000.060000000001 1200.0300000000002
vertex 9500.010000000002 4284.800000000001 1399.9700000000003
vertex 9500.010000000002 4296.1100000000015 1399.9700000000003
endloop
endfacet
facet normal -1 0 0
outer loop
vertex 9500.010000000002 5000.060000000001 1200.0300000000002
vertex 9500.010000000002 4296.1100000000015 1399.9700000000003
vertex 9500.010000000002 4300.010000000001 1399.9700000000003
endloop
endfacet
facet normal -1 0 0
outer loop
vertex 9500.010000000002 5000.060000000001 1200.0300000000002
vertex 9500.010000000002 4300.010000000001 1399.9700000000003
vertex 9500.010000000002 4799.990000000002 1399.9700000000003
endloop
endfacet
facet normal -1 0 0
outer loop
vertex 9500.010000000002 5000.060000000001 1200.0300000000002
vertex 9500.010000000002 4799.990000000002 1399.9700000000003
vertex 9500.010000000002 4803.890000000001 1399.9700000000003
endloop
endfacet
facet normal -1 0 0
outer loop
vertex 9500.010000000002 5000.060000000001 1200.0300000000002
vertex 9500.010000000002 4803.890000000001 1399.9700000000003
vertex 9500.010000000002 4815.200000000002 1399.9700000000003
endloop
endfacet
facet normal -1 0 0
outer loop
vertex 9500.010000000002 5000.060000000001 1200.0300000000002
vertex 9500.010000000002 4815.200000000002 1399.9700000000003
vertex 9500.010000000002 4833.660000000001 1399.9700000000003
endloop
endfacet
facet normal -1 0 0
outer loop
vertex 9500.010000000002 5000.060000000001 1200.0300000000002
vertex 9500.010000000002 4833.660000000001 1399.9700000000003
vertex 9500.010000000002 4858.620000000001 1399.9700000000003
endloop
endfacet
facet normal -1 0 0
outer loop
vertex 9500.010000000002 5000.060000000001 1200.0300000000002
vertex 9500.010000000002 4858.620000000001 1399.9700000000003
vertex 9500.010000000002 4888.910000000001 1399.9700000000003
endloop
endfacet
facet normal -1 0 0
outer loop
vertex 9500.010000000002 5000.060000000001 1200.0300000000002
vertex 9500.010000000002 4888.910000000001 1399.9700000000003
vertex 9500.010000000002 4923.490000000002 1399.9700000000003
endloop
endfacet
facet normal -1 0 0
outer loop
vertex 9500.010000000002 5000.060000000001 1200.0300000000002
vertex 9500.010000000002 4923.490000000002 1399.9700000000003
vertex 9500.010000000002 4960.930000000001 1399.9700000000003
endloop
endfacet
facet normal -1 0 0
outer loop
vertex 9500.010000000002 5000.060000000001 1200.0300000000002
vertex 9500.010000000002 4960.930000000001 1399.9700000000003
vertex 9500.010000000002 5000.060000000001 1399.9700000000003
endloop
endfacet
facet normal -1 0 0
outer loop
vertex 9500.010000000002 5000.060000000001 1200.0300000000002
vertex 9500.010000000002 5000.060000000001 1399.9700000000003
vertex 9500.010000000002 5039.060000000001 1399.9700000000003
endloop
endfacet
facet normal -1 0 0
outer loop
vertex 9500.010000000002 5000.060000000001 1200.0300000000002
vertex 9500.010000000002 5039.060000000001 1399.9700000000003
vertex 9500.010000000002 5076.500000000001 1399.9700000000003
endloop
endfacet
facet normal -0.9999999999999999 0 0
outer loop
vertex 9500.010000000002 5000.060000000001 1200.0300000000002
vertex 9500.010000000002 5076.500000000001 1399.9700000000003
vertex 9500.010000000002 5111.080000000001 1399.9700000000003
endloop
endfacet
facet normal -1 0 0
outer loop
vertex 9500.010000000002 5000.060000000001 1200.0300000000002
vertex 9500.010000000002 5111.080000000001 1399.9700000000003
vertex 9500.010000000002 5141.370000000002 1399.9700000000003
endloop
endfacet
facet normal -1 0 0
outer loop
vertex 9500.010000000002 5000.060000000001 1200.0300000000002
vertex 9500.010000000002 5141.370000000002 1399.9700000000003
vertex 9500.010000000002 5166.330000000001 1399.9700000000003
endloop
endfacet
facet normal -1 0 0
outer loop
vertex 9500.010000000002 5000.060000000001 1200.0300000000002
vertex 9500.010000000002 5166.330000000001 1399.9700000000003
vertex 9500.010000000002 5184.790000000001 1399.9700000000003
endloop
endfacet
facet normal -1 0 0
outer loop
vertex 9500.010000000002 5000.060000000001 1200.0300000000002
vertex 9500.010000000002 5184.790000000001 1399.9700000000003
vertex 9500.010000000002 5196.100000000001 1399.9700000000003
endloop
endfacet
facet normal -1 0 0
outer loop
vertex 9500.010000000002 5000.060000000001 1200.0300000000002
vertex 9500.010000000002 5196.100000000001 1399.9700000000003
vertex 9500.010000000002 5200.000000000001 1399.9700000000003
endloop
endfacet
facet normal -1 0 0
outer loop
vertex 9500.010000000002 5000.060000000001 1200.0300000000002
vertex 9500.010000000002 5200.000000000001 1399.9700000000003
vertex 9500.010000000002 5699.980000000001 1399.9700000000003
endloop
endfacet
facet normal -1 0 0
outer loop
vertex 9500.010000000002 5000.060000000001 1200.0300000000002
vertex 9500.010000000002 5699.980000000001 1399.9700000000003
vertex 9500.010000000002 5703.880000000001 1399.9700000000003
endloop
endfacet
facet normal -1 0 0
outer loop
vertex 9500.010000000002 5000.060000000001 1200.0300000000002
vertex 9500.010000000002 5703.880000000001 1399.9700000000003
vertex 9500.010000000002 5715.190000000001 1399.9700000000003
endloop
endfacet
facet normal -1 0 0
outer loop
vertex 9500.010000000002 5000.060000000001 1200.0300000000002
vertex 9500.010000000002 5715.190000000001 1399.9700000000003
vertex 9500.010000000002 5733.6500000000015 1399.9700000000003
endloop
endfacet
facet normal -1 0 0
outer loop
vertex 9500.010000000002 5000.060000000001 1200.0300000000002
vertex 9500.010000000002 5733.6500000000015 1399.9700000000003
vertex 9500.010000000002 5758.6100000000015 1399.9700000000003
endloop
endfacet
facet normal -1 0 0
outer loop
vertex 9500.010000000002 5000.060000000001 1200.0300000000002
vertex 9500.010000000002 5758.6100000000015 1399.9700000000003
vertex 9500.010000000002 5788.9000000000015 1399.9700000000003
endloop
endfacet
facet normal -0.9999999999999999 0 0
outer loop
vertex 9500.010000000002 5000.060000000001 1200.0300000000002
vertex 9500.010000000002 5788.9000000000015 1399.9700000000003
vertex 9500.010000000002 5823.480000000001 1399.9700000000003
endloop
endfacet
facet normal -1 0 0
outer loop
vertex 9500.010000000002 5000.060000000001 1200.0300000000002
vertex 9500.010000000002 5823.480000000001 1399.9700000000003
vertex 9500.010000000002 5860.920000000002 1399.9700000000003
endloop
endfacet
facet normal -1 0 0
outer loop
vertex 9500.010000000002 5000.060000000001 1200.0300000000002
vertex 9500.010000000002 5860.920000000002 1399.9700000000003
vertex 9500.010000000002 5900.050000000001 1399.9700000000003
endloop
endfacet
facet normal -1 0 0
outer loop
vertex 9500.010000000002 5000.060000000001 1200.0300000000002
vertex 9500.010000000002 5900.050000000001 1399.9700000000003
vertex 9500.010000000002 5939.050000000001 1399.9700000000003
endloop
endfacet
facet normal -1 0 0
outer loop
vertex 9500.010000000002 5000.060000000001 1200.0300000000002
vertex 9500.010000000002 5939.050000000001 1399.9700000000003
vertex 9500.010000000002 5976.490000000002 1399.9700000000003
endloop
endfacet
facet normal -0.9999999999999999 0 0
outer loop
vertex 9500.010000000002 5000.060000000001 1200.0300000000002
vertex 9500.010000000002 5976.490000000002 1399.9700000000003
vertex 9500.010000000002 6011.0700000000015 1399.9700000000003
endloop
endfacet
facet normal -1 0 0
outer loop
vertex 9500.010000000002 5000.060000000001 1200.0300000000002
vertex 9500.010000000002 6011.0700000000015 1399.9700000000003
vertex 9500.010000000002 6041.3600000000015 1399.9700000000003
endloop
endfacet
facet normal -1 0 0
outer loop
vertex 9500.010000000002 5000.060000000001 1200.0300000000002
vertex 9500.010000000002 6041.3600000000015 1399.9700000000003
vertex 9500.010000000002 6066.3200000000015 1399.9700000000003
endloop
endfacet
facet normal -1 0 0
outer loop
vertex 9500.010000000002 5000.060000000001 1200.0300000000002
vertex 9500.010000000002 6066.3200000000015 1399.9700000000003
vertex 9500.010000000002 6084.780000000002 1399.9700000000003
endloop
endfacet
facet normal -1 0 0
outer loop
vertex 9500.010000000002 5000.060000000001 1200.0300000000002
vertex 9500.010000000002 6084.780000000002 1399.9700000000003
vertex 9500.010000000002 6096.220000000001 1399.9700000000003
endloop
endfacet
facet normal -1 0 0
outer loop
vertex 9500.010000000002 5000.060000000001 1200.0300000000002
vertex 9500.010000000002 6096.220000000001 1399.9700000000003
vertex 9500.010000000002 6099.990000000002 1399.9700000000003
endloop
endfacet
facet normal -1 0 0
outer loop
vertex 9500.010000000002 5000.060000000001 1200.0300000000002
vertex 9500.010000000002 6099.990000000002 1399.9700000000003
vertex 9500.010000000002 6199.960000000002 1399.9700000000003
endloop
endfacet
facet normal -1 0 0
outer loop
vertex 9500.010000000002 5000.060000000001 1200.0300000000002
vertex 9500.010000000002 6199.960000000002 1399.9700000000003
vertex 9500.010000000002 6199.960000000002 999.9600000000003
endloop
endfacet
facet normal -1 0 0
outer loop
vertex 9500.010000000002 5000.060000000001 1200.0300000000002
vertex 9500.010000000002 6199.960000000002 999.9600000000003
vertex 9500.010000000002 6099.990000000002 999.9600000000003
endloop
endfacet
facet normal -1 0 0
outer loop
vertex 9500.010000000002 5000.060000000001 1200.0300000000002
vertex 9500.010000000002 6099.990000000002 999.9600000000003
vertex 9500.010000000002 6096.220000000001 999.9600000000003
endloop
endfacet
facet normal -0.9999999999999999 0 0
outer loop
vertex 9500.010000000002 5000.060000000001 1200.0300000000002
vertex 9500.010000000002 6096.220000000001 999.9600000000003
vertex 9500.010000000002 6084.780000000002 999.9600000000003
endloop
endfacet
facet normal -1 0 0
outer loop
vertex 9500.010000000002 5000.060000000001 1200.0300000000002
vertex 9500.010000000002 6084.780000000002 999.9600000000003
vertex 9500.010000000002 6066.3200000000015 999.9600000000003
endloop
endfacet
facet normal -1 0 0
outer loop
vertex 9500.010000000002 5000.060000000001 1200.0300000000002
vertex 9500.010000000002 6066.3200000000015 999.9600000000003
vertex 9500.010000000002 6041.3600000000015 999.9600000000003
endloop
endfacet
facet normal -1 0 0
outer loop
vertex 9500.010000000002 5000.060000000001 1200.0300000000002
vertex 9500.010000000002 6041.3600000000015 999.9600000000003
vertex 9500.010000000002 6011.0700000000015 999.9600000000003
endloop
endfacet
facet normal -1 0 0
outer loop
vertex 9500.010000000002 5000.060000000001 1200.0300000000002
vertex 9500.010000000002 6011.0700000000015 999.9600000000003
vertex 9500.010000000002 5976.490000000002 999.9600000000003
endloop
endfacet
facet normal -1 0 0
outer loop
vertex 9500.010000000002 5000.060000000001 1200.0300000000002
vertex 9500.010000000002 5976.490000000002 999.9600000000003
vertex 9500.010000000002 5939.050000000001 999.9600000000003
endloop
endfacet
facet normal -1 0 0
outer loop
vertex 9500.010000000002 5000.060000000001 1200.0300000000002
vertex 9500.010000000002 5939.050000000001 999.9600000000003
vertex 9500.010000000002 5900.050000000001 999.9600000000003
endloop
endfacet
facet normal -1 0 0
outer loop
vertex 9500.010000000002 5000.060000000001 1200.0300000000002
vertex 9500.010000000002 5900.050000000001 999.9600000000003
vertex 9500.010000000002 5860.920000000002 999.9600000000003
endloop
endfacet
facet normal -1 0 0
outer loop
vertex 9500.010000000002 5000.060000000001 1200.0300000000002
vertex 9500.010000000002 5860.920000000002 999.9600000000003
vertex 9500.010000000002 5823.480000000001 999.9600000000003
endloop
endfacet
facet normal -1 0 0
outer loop
vertex 9500.010000000002 5000.060000000001 1200.0300000000002
vertex 9500.010000000002 5823.480000000001 999.9600000000003
vertex 9500.010000000002 5788.9000000000015 999.9600000000003
endloop
endfacet
facet normal -1 0 0
outer loop
vertex 9500.010000000002 5000.060000000001 1200.0300000000002
vertex 9500.010000000002 5788.9000000000015 999.9600000000003
vertex 9500.010000000002 5758.6100000000015 999.9600000000003
endloop
endfacet
facet normal -1 0 0
outer loop
vertex 9500.010000000002 5000.060000000001 1200.0300000000002
vertex 9500.010000000002 5758.6100000000015 999.9600000000003
vertex 9500.010000000002 5733.6500000000015 999.9600000000003
endloop
endfacet
facet normal -1 0 0
outer loop
vertex 9500.010000000002 5000.060000000001 1200.0300000000002
vertex 9500.010000000002 5733.6500000000015 999.9600000000003
vertex 9500.010000000002 5715.190000000001 999.9600000000003
endloop
endfacet
facet normal -1 0 0
outer loop
vertex 9500.010000000002 5000.060000000001 1200.0300000000002
vertex 9500.010000000002 5715.190000000001 999.9600000000003
vertex 9500.010000000002 5703.880000000001 999.9600000000003
endloop
endfacet
facet normal -1 0 0
outer loop
vertex 9500.010000000002 5000.060000000001 1200.0300000000002
vertex 9500.010000000002 5703.880000000001 999.9600000000003
vertex 9500.010000000002 5699.980000000001 999.9600000000003
endloop
endfacet
facet normal -1 0 0
outer loop
vertex 9500.010000000002 5000.060000000001 1200.0300000000002
vertex 9500.010000000002 5699.980000000001 999.9600000000003
vertex 9500.010000000002 5200.000000000001 999.9600000000003
endloop
endfacet
facet normal -1 0 0
outer loop
vertex 9500.010000000002 5000.060000000001 1200.0300000000002
vertex 9500.010000000002 5200.000000000001 999.9600000000003
vertex 9500.010000000002 5196.100000000001 999.9600000000003
endloop
endfacet
facet normal -1 0 0
outer loop
vertex 9500.010000000002 5000.060000000001 1200.0300000000002
vertex 9500.010000000002 5196.100000000001 999.9600000000003
vertex 9500.010000000002 5184.790000000001 999.9600000000003
endloop
endfacet
facet normal -0.9999999999999999 0 0
outer loop
vertex 9500.010000000002 5000.060000000001 1200.0300000000002
vertex 9500.010000000002 5184.790000000001 999.9600000000003
vertex 9500.010000000002 5166.330000000001 999.9600000000003
endloop
endfacet
facet normal -0.9999999999999999 0 0
outer loop
vertex 9500.010000000002 5000.060000000001 1200.0300000000002
vertex 9500.010000000002 5166.330000000001 999.9600000000003
vertex 9500.010000000002 5141.370000000002 999.9600000000003
endloop
endfacet
facet normal -1 0 0
outer loop
vertex 9500.010000000002 5000.060000000001 1200.0300000000002
vertex 9500.010000000002 5141.370000000002 999.9600000000003
vertex 9500.010000000002 5111.080000000001 999.9600000000003
endloop
endfacet
facet normal -0.9999999999999999 0 0
outer loop
vertex 9500.010000000002 5000.060000000001 1200.0300000000002
vertex 9500.010000000002 5111.080000000001 999.9600000000003
vertex 9500.010000000002 5076.500000000001 999.9600000000003
endloop
endfacet
facet normal -1 0 0
outer loop
vertex 9500.010000000002 5000.060000000001 1200.0300000000002
vertex 9500.010000000002 5076.500000000001 999.9600000000003
vertex 9500.010000000002 5039.060000000001 999.9600000000003
endloop
endfacet
facet normal -1 0 0
outer loop
vertex 9500.010000000002 5000.060000000001 1200.0300000000002
vertex 9500.010000000002 5039.060000000001 999.9600000000003
vertex 9500.010000000002 5000.060000000001 999.9600000000003
endloop
endfacet
facet normal -1 0 0
outer loop
vertex 9500.010000000002 5000.060000000001 1200.0300000000002
vertex 9500.010000000002 5000.060000000001 999.9600000000003
vertex 9500.010000000002 4960.930000000001 999.9600000000003
endloop
endfacet
facet normal -1 0 0
outer loop
vertex 9500.010000000002 5000.060000000001 1200.0300000000002
vertex 9500.010000000002 4960.930000000001 999.9600000000003
vertex 9500.010000000002 4923.490000000002 999.9600000000003
endloop
endfacet
facet normal -1 0 0
outer loop
vertex 9500.010000000002 5000.060000000001 1200.0300000000002
vertex 9500.010000000002 4923.490000000002 999.9600000000003
vertex 9500.010000000002 4888.910000000001 999.9600000000003
endloop
endfacet
facet normal -1 0 0
outer loop
vertex 9500.010000000002 5000.060000000001 1200.0300000000002
vertex 9500.010000000002 4888.910000000001 999.9600000000003
vertex 9500.010000000002 4858.620000000001 999.9600000000003
endloop
endfacet
facet normal -1 0 0
outer loop
vertex 9500.010000000002 5000.060000000001 1200.0300000000002
vertex 9500.010000000002 4858.620000000001 999.9600000000003
vertex 9500.010000000002 4833.660000000001 999.9600000000003
endloop
endfacet
facet normal -1 0 0
outer loop
vertex 9500.010000000002 5000.060000000001 1200.0300000000002
vertex 9500.010000000002 4833.660000000001 999.9600000000003
vertex 9500.010000000002 4815.200000000002 999.9600000000003
endloop
endfacet
facet normal -1 0 0
outer loop
vertex 9500.010000000002 5000.060000000001 1200.0300000000002
vertex 9500.010000000002 4815.200000000002 999.9600000000003
vertex 9500.010000000002 4803.890000000001 999.9600000000003
endloop
endfacet
facet normal -1 0 0
outer loop
vertex 9500.010000000002 5000.060000000001 1200.0300000000002
vertex 9500.010000000002 4803.890000000001 999.9600000000003
vertex 9500.010000000002 4799.990000000002 999.9600000000003
endloop
endfacet
facet normal -1 0 0
outer loop
vertex 9500.010000000002 5000.060000000001 1200.0300000000002
vertex 9500.010000000002 4799.990000000002 999.9600000000003
vertex 9500.010000000002 4300.010000000001 999.9600000000003
endloop
endfacet
facet normal -1 0 0
outer loop
vertex 9500.010000000002 5000.060000000001 1200.0300000000002
vertex 9500.010000000002 4300.010000000001 999.9600000000003
vertex 9500.010000000002 4296.1100000000015 999.9600000000003
endloop
endfacet
facet normal -1 0 0
outer loop
vertex 9500.010000000002 5000.060000000001 1200.0300000000002
vertex 9500.010000000002 4296.1100000000015 999.9600000000003
vertex 9500.010000000002 4284.800000000001 999.9600000000003
endloop
endfacet
facet normal -1 0 0
outer loop
vertex 9500.010000000002 5000.060000000001 1200.0300000000002
vertex 9500.010000000002 4284.800000000001 999.9600000000003
vertex 9500.010000000002 4266.340000000001 999.9600000000003
endloop
endfacet
facet normal -1 0 0
outer loop
vertex 9500.010000000002 5000.060000000001 1200.0300000000002
vertex 9500.010000000002 4266.340000000001 999.9600000000003
vertex 9500.010000000002 4241.380000000001 999.9600000000003
endloop
endfacet
facet normal -1 0 0
outer loop
vertex 9500.010000000002 5000.060000000001 1200.0300000000002
vertex 9500.010000000002 4241.380000000001 999.9600000000003
vertex 9500.010000000002 4211.090000000001 999.9600000000003
endloop
endfacet
facet normal -1 0 0
outer loop
vertex 9500.010000000002 5000.060000000001 1200.0300000000002
vertex 9500.010000000002 4211.090000000001 999.9600000000003
vertex 9500.010000000002 4176.510000000001 999.9600000000003
endloop
endfacet
facet normal -1 0 0
outer loop
vertex 9500.010000000002 5000.060000000001 1200.0300000000002
vertex 9500.010000000002 4176.510000000001 999.9600000000003
vertex 9500.010000000002 4139.070000000001 999.9600000000003
endloop
endfacet
facet normal -1 0 0
outer loop
vertex 9500.010000000002 5000.060000000001 1200.0300000000002
vertex 9500.010000000002 4139.070000000001 999.9600000000003
vertex 9500.010000000002 4099.940000000001 999.9600000000003
endloop
endfacet
facet normal -1 0 0
outer loop
vertex 9500.010000000002 5000.060000000001 1200.0300000000002
vertex 9500.010000000002 4099.940000000001 999.9600000000003
vertex 9500.010000000002 4060.940000000001 999.9600000000003
endloop
endfacet
facet normal -1 0 0
outer loop
vertex 9500.010000000002 5000.060000000001 1200.0300000000002
vertex 9500.010000000002 4060.940000000001 999.9600000000003
vertex 9500.010000000002 4023.500000000001 999.9600000000003
endloop
endfacet
facet normal -1 0 0
outer loop
vertex 9500.010000000002 5000.060000000001 1200.0300000000002
vertex 9500.010000000002 4023.500000000001 999.9600000000003
vertex 9500.010000000002 3988.920000000001 999.9600000000003
endloop
endfacet
facet normal -1 0 0
outer loop
vertex 9500.010000000002 5000.060000000001 1200.0300000000002
vertex 9500.010000000002 3988.920000000001 999.9600000000003
vertex 9500.010000000002 3958.630000000001 999.9600000000003
endloop
endfacet
facet normal -1 0 0
outer loop
vertex 9500.010000000002 5000.060000000001 1200.0300000000002
vertex 9500.010000000002 3958.630000000001 999.9600000000003
vertex 9500.010000000002 3933.670000000001 999.9600000000003
endloop
endfacet
facet normal -1 0 0
outer loop
vertex 9500.010000000002 5000.060000000001 1200.0300000000002
vertex 9500.010000000002 3933.670000000001 999.9600000000003
vertex 9500.010000000002 3915.210000000001 999.9600000000003
endloop
endfacet
facet normal -1 0 0
outer loop
vertex 9500.010000000002 5000.060000000001 1200.0300000000002
vertex 9500.010000000002 3915.210000000001 999.9600000000003
vertex 9500.010000000002 3903.900000000001 999.9600000000003
endloop
endfacet
facet normal -1 0 0
outer loop
vertex 9500.010000000002 5000.060000000001 1200.0300000000002
vertex 9500.010000000002 3903.900000000001 999.9600000000003
vertex 9500.010000000002 3900.000000000001 999.9600000000003
endloop
endfacet
facet normal -0.9999999999999999 0 0
outer loop
vertex 9500.010000000002 5000.060000000001 1200.0300000000002
vertex 9500.010000000002 3900.000000000001 999.9600000000003
vertex 9500.010000000002 3800.030000000001 999.9600000000003
endloop
endfacet
facet normal -1 0 0
outer loop
vertex 9500.010000000002 5000.060000000001 1200.0300000000002
vertex 9500.010000000002 3800.030000000001 999.9600000000003
vertex 9500.010000000002 3800.030000000001 1399.9700000000003
endloop
endfacet
facet normal -1 0 0
outer loop
vertex 9500.010000000002 5000.060000000001 1200.0300000000002
vertex 9500.010000000002 3800.030000000001 1399.9700000000003
vertex 9500.010000000002 3900.000000000001 1399.9700000000003
endloop
endfacet
facet normal 0 -1 0
outer loop
vertex 5900.050000000001 6599.970000000002 1399.9700000000003
vertex 5900.050000000001 6599.970000000002 999.9600000000003
vertex 9100.000000000002 6599.970000000002 999.9600000000003
endloop
endfacet
facet normal 0 -1 0
outer loop
vertex 5900.050000000001 6599.970000000002 1399.9700000000003
vertex 9100.000000000002 6599.970000000002 999.9600000000003
vertex 9100.000000000002 6599.970000000002 1399.9700000000003
endloop
endfacet
facet normal 0.09770006388284164 -0.9952159049760452 0
outer loop
vertex 5900.050000000001 6599.970000000002 999.9600000000003
vertex 5900.050000000001 6599.970000000002 1399.9700000000003
vertex 5821.920000000002 6592.300000000002 1399.9700000000003
endloop
endfacet
facet normal 0.09770006388284164 -0.9952159049760452 0
outer loop
vertex 5900.050000000001 6599.970000000002 999.9600000000003
vertex 5821.920000000002 6592.300000000002 1399.9700000000003
vertex 5821.920000000002 6592.300000000002 999.9600000000003
endloop
endfacet
facet normal 0.29023754041898975 -0.9569546332671863 0
outer loop
vertex 5821.920000000002 6592.300000000002 999.9600000000003
vertex 5821.920000000002 6592.300000000002 1399.9700000000003
vertex 5746.910000000002 6569.550000000002 1399.9700000000003
endloop
endfacet
facet normal 0.29023754041898975 -0.9569546332671863 0
outer loop
vertex 5821.920000000002 6592.300000000002 999.9600000000003
vertex 5746.910000000002 6569.550000000002 1399.9700000000003
vertex 5746.910000000002 6569.550000000002 999.9600000000003
endloop
endfacet
facet normal 0.470932465130188 -0.882169265666405 0
outer loop
vertex 5746.910000000002 6569.550000000002 999.9600000000003
vertex 5746.910000000002 6569.550000000002 1399.9700000000003
vertex 5677.750000000002 6532.630000000002 1399.9700000000003
endloop
endfacet
facet normal 0.470932465130188 -0.882169265666405 0
outer loop
vertex 5746.910000000002 6569.550000000002 999.9600000000003
vertex 5677.750000000002 6532.630000000002 1399.9700000000003
vertex 5677.750000000002 6532.630000000002 999.9600000000003
endloop
endfacet
facet normal 0.6349515217551444 -0.772551982083294 0
outer loop
vertex 5677.750000000002 6532.630000000002 999.9600000000003
vertex 5677.750000000002 6532.630000000002 1399.9700000000003
vertex 5617.170000000001 6482.840000000002 1399.9700000000003
endloop
endfacet
facet normal 0.6349515217551444 -0.772551982083294 0
outer loop
vertex 5677.750000000002 6532.630000000002 999.9600000000003
vertex 5617.170000000001 6482.840000000002 1399.9700000000003
vertex 5617.170000000001 6482.840000000002 999.9600000000003
endloop
endfacet
facet normal 0.7725519820832893 -0.63495152175515 0
outer loop
vertex 5617.170000000001 6482.840000000002 999.9600000000003
vertex 5617.170000000001 6482.840000000002 1399.9700000000003
vertex 5567.380000000001 6422.260000000002 1399.9700000000003
endloop
endfacet
facet normal 0.7725519820832893 -0.63495152175515 0
outer loop
vertex 5617.170000000001 6482.840000000002 999.9600000000003
vertex 5567.380000000001 6422.260000000002 1399.9700000000003
vertex 5567.380000000001 6422.260000000002 999.9600000000003
endloop
endfacet
facet normal 0.8821692656664075 -0.4709324651301832 0
outer loop
vertex 5567.380000000001 6422.260000000002 999.9600000000003
vertex 5567.380000000001 6422.260000000002 1399.9700000000003
vertex 5530.460000000001 6353.100000000001 1399.9700000000003
endloop
endfacet
facet normal 0.8821692656664075 -0.4709324651301832 0
outer loop
vertex 5567.380000000001 6422.260000000002 999.9600000000003
vertex 5530.460000000001 6353.100000000001 1399.9700000000003
vertex 5530.460000000001 6353.100000000001 999.9600000000003
endloop
endfacet
facet normal 0.9569546332671854 -0.290237540418993 0
outer loop
vertex 5530.460000000001 6353.100000000001 999.9600000000003
vertex 5530.460000000001 6353.100000000001 1399.9700000000003
vertex 5507.710000000001 6278.090000000002 1399.9700000000003
endloop
endfacet
facet normal 0.9569546332671854 -0.290237540418993 0
outer loop
vertex 5530.460000000001 6353.100000000001 999.9600000000003
vertex 5507.710000000001 6278.090000000002 1399.9700000000003
vertex 5507.710000000001 6278.090000000002 999.9600000000003
endloop
endfacet
facet normal 0.9952159049760466 -0.09770006388282906 0
outer loop
vertex 5507.710000000001 6278.090000000002 999.9600000000003
vertex 5507.710000000001 6278.090000000002 1399.9700000000003
vertex 5500.040000000002 6199.960000000002 1399.9700000000003
endloop
endfacet
facet normal 0.9952159049760466 -0.09770006388282906 0
outer loop
vertex 5507.710000000001 6278.090000000002 999.9600000000003
vertex 5500.040000000002 6199.960000000002 1399.9700000000003
vertex 5500.040000000002 6199.960000000002 999.9600000000003
endloop
endfacet
facet normal -0.9952159049760453 -0.09770006388284051 0
outer loop
vertex 9500.010000000002 6199.960000000002 999.9600000000003
vertex 9500.010000000002 6199.960000000002 1399.9700000000003
vertex 9492.340000000002 6278.090000000002 1399.9700000000003
endloop
endfacet
facet normal -0.9952159049760453 -0.09770006388284051 0
outer loop
vertex 9500.010000000002 6199.960000000002 999.9600000000003
vertex 9492.340000000002 6278.090000000002 1399.9700000000003
vertex 9492.340000000002 6278.090000000002 999.9600000000003
endloop
endfacet
facet normal -0.9569546332671854 -0.290237540418993 0
outer loop
vertex 9492.340000000002 6278.090000000002 999.9600000000003
vertex 9492.340000000002 6278.090000000002 1399.9700000000003
vertex 9469.590000000002 6353.100000000001 1399.9700000000003
endloop
endfacet
facet normal -0.9569546332671854 -0.290237540418993 0
outer loop
vertex 9492.340000000002 6278.090000000002 999.9600000000003
vertex 9469.590000000002 6353.100000000001 1399.9700000000003
vertex 9469.590000000002 6353.100000000001 999.9600000000003
endloop
endfacet
facet normal -0.8814799700287881 -0.4722214125154077 0
outer loop
vertex 9469.590000000002 6353.100000000001 999.9600000000003
vertex 9469.590000000002 6353.100000000001 1399.9700000000003
vertex 9432.540000000003 6422.260000000002 1399.9700000000003
endloop
endfacet
facet normal -0.8814799700287881 -0.4722214125154077 0
outer loop
vertex 9469.590000000002 6353.100000000001 999.9600000000003
vertex 9432.540000000003 6422.260000000002 1399.9700000000003
vertex 9432.540000000003 6422.260000000002 999.9600000000003
endloop
endfacet
facet normal -0.7733654271742705 -0.633960500387491 0
outer loop
vertex 9432.540000000003 6422.260000000002 999.9600000000003
vertex 9432.540000000003 6422.260000000002 1399.9700000000003
vertex 9382.880000000003 6482.840000000002 1399.9700000000003
endloop
endfacet
facet normal -0.7733654271742705 -0.633960500387491 0
outer loop
vertex 9432.540000000003 6422.260000000002 999.9600000000003
vertex 9382.880000000003 6482.840000000002 1399.9700000000003
vertex 9382.880000000003 6482.840000000002 999.9600000000003
endloop
endfacet
facet normal -0.6341389877487124 -0.7732190790565366 0
outer loop
vertex 9382.880000000003 6482.840000000002 999.9600000000003
vertex 9382.880000000003 6482.840000000002 1399.9700000000003
vertex 9322.170000000002 6532.630000000002 1399.9700000000003
endloop
endfacet
facet normal -0.6341389877487124 -0.7732190790565366 0
outer loop
vertex 9382.880000000003 6482.840000000002 999.9600000000003
vertex 9322.170000000002 6532.630000000002 1399.9700000000003
vertex 9322.170000000002 6532.630000000002 999.9600000000003
endloop
endfacet
facet normal -0.470932465130188 -0.882169265666405 0
outer loop
vertex 9322.170000000002 6532.630000000002 999.9600000000003
vertex 9322.170000000002 6532.630000000002 1399.9700000000003
vertex 9253.010000000002 6569.550000000002 1399.9700000000003
endloop
endfacet
facet normal -0.470932465130188 -0.882169265666405 0
outer loop
vertex 9322.170000000002 6532.630000000002 999.9600000000003
vertex 9253.010000000002 6569.550000000002 1399.9700000000003
vertex 9253.010000000002 6569.550000000002 999.9600000000003
endloop
endfacet
facet normal -0.29023754041898975 -0.9569546332671863 0
outer loop
vertex 9253.010000000002 6569.550000000002 999.9600000000003
vertex 9253.010000000002 6569.550000000002 1399.9700000000003
vertex 9178.000000000002 6592.300000000002 1399.9700000000003
endloop
endfacet
facet normal -0.29023754041898975 -0.9569546332671863 0
outer loop
vertex 9253.010000000002 6569.550000000002 999.9600000000003
vertex 9178.000000000002 6592.300000000002 1399.9700000000003
vertex 9178.000000000002 6592.300000000002 999.9600000000003
endloop
endfacet
facet normal -0.09786133917752662 -0.9952000594324646 0
outer loop
vertex 9178.000000000002 6592.300000000002 999.9600000000003
vertex 9178.000000000002 6592.300000000002 1399.9700000000003
vertex 9100.000000000002 6599.970000000002 1399.9700000000003
endloop
endfacet
facet normal -0.09786133917752662 -0.9952000594324646 0
outer loop
vertex 9178.000000000002 6592.300000000002 999.9600000000003
vertex 9100.000000000002 6599.970000000002 1399.9700000000003
vertex 9100.000000000002 6599.970000000002 999.9600000000003
endloop
endfacet
facet normal -0.09786133917752662 0.9952000594324646 0
outer loop
vertex 9100.000000000002 3400.020000000001 999.9600000000003
vertex 9100.000000000002 3400.020000000001 1399.9700000000003
vertex 9178.000000000002 3407.690000000001 1399.9700000000003
endloop
endfacet
facet normal -0.09786133917752662 0.9952000594324646 0
outer loop
vertex 9100.000000000002 3400.020000000001 999.9600000000003
vertex 9178.000000000002 3407.690000000001 1399.9700000000003
vertex 9178.000000000002 3407.690000000001 999.9600000000003
endloop
endfacet
facet normal -0.29023754041898975 0.9569546332671863 0
outer loop
vertex 9178.000000000002 3407.690000000001 999.9600000000003
vertex 9178.000000000002 3407.690000000001 1399.9700000000003
vertex 9253.010000000002 3430.440000000001 1399.9700000000003
endloop
endfacet
facet normal -0.29023754041898975 0.9569546332671863 0
outer loop
vertex 9178.000000000002 3407.690000000001 999.9600000000003
vertex 9253.010000000002 3430.440000000001 1399.9700000000003
vertex 9253.010000000002 3430.440000000001 999.9600000000003
endloop
endfacet
facet normal -0.470932465130188 0.882169265666405 0
outer loop
vertex 9253.010000000002 3430.440000000001 999.9600000000003
vertex 9253.010000000002 3430.440000000001 1399.9700000000003
vertex 9322.170000000002 3467.360000000001 1399.9700000000003
endloop
endfacet
facet normal -0.470932465130188 0.882169265666405 0
outer loop
vertex 9253.010000000002 3430.440000000001 999.9600000000003
vertex 9322.170000000002 3467.360000000001 1399.9700000000003
vertex 9322.170000000002 3467.360000000001 999.9600000000003
endloop
endfacet
facet normal -0.6341389877487124 0.7732190790565366 0
outer loop
vertex 9322.170000000002 3467.360000000001 999.9600000000003
vertex 9322.170000000002 3467.360000000001 1399.9700000000003
vertex 9382.880000000003 3517.150000000001 1399.9700000000003
endloop
endfacet
facet normal -0.6341389877487124 0.7732190790565366 0
outer loop
vertex 9322.170000000002 3467.360000000001 999.9600000000003
vertex 9382.880000000003 3517.150000000001 1399.9700000000003
vertex 9382.880000000003 3517.150000000001 999.9600000000003
endloop
endfacet
facet normal -0.7733654271742705 0.633960500387491 0
outer loop
vertex 9382.880000000003 3517.150000000001 999.9600000000003
vertex 9382.880000000003 3517.150000000001 1399.9700000000003
vertex 9432.540000000003 3577.730000000001 1399.9700000000003
endloop
endfacet
facet normal -0.7733654271742705 0.633960500387491 0
outer loop
vertex 9382.880000000003 3517.150000000001 999.9600000000003
vertex 9432.540000000003 3577.730000000001 1399.9700000000003
vertex 9432.540000000003 3577.730000000001 999.9600000000003
endloop
endfacet
facet normal -0.8814799700287855 0.47222141251541255 0
outer loop
vertex 9432.540000000003 3577.730000000001 999.9600000000003
vertex 9432.540000000003 3577.730000000001 1399.9700000000003
vertex 9469.590000000002 3646.890000000001 1399.9700000000003
endloop
endfacet
facet normal -0.8814799700287855 0.47222141251541255 0
outer loop
vertex 9432.540000000003 3577.730000000001 999.9600000000003
vertex 9469.590000000002 3646.890000000001 1399.9700000000003
vertex 9469.590000000002 3646.890000000001 999.9600000000003
endloop
endfacet
facet normal -0.9569546332671863 0.29023754041898975 0
outer loop
vertex 9469.590000000002 3646.890000000001 999.9600000000003
vertex 9469.590000000002 3646.890000000001 1399.9700000000003
vertex 9492.340000000002 3721.900000000001 1399.9700000000003
endloop
endfacet
facet normal -0.9569546332671863 0.29023754041898975 0
outer loop
vertex 9469.590000000002 3646.890000000001 999.9600000000003
vertex 9492.340000000002 3721.900000000001 1399.9700000000003
vertex 9492.340000000002 3721.900000000001 999.9600000000003
endloop
endfacet
facet normal -0.9952159049760453 0.09770006388284051 0
outer loop
vertex 9492.340000000002 3721.900000000001 999.9600000000003
vertex 9492.340000000002 3721.900000000001 1399.9700000000003
vertex 9500.010000000002 3800.030000000001 1399.9700000000003
endloop
endfacet
facet normal -0.9952159049760453 0.09770006388284051 0
outer loop
vertex 9492.340000000002 3721.900000000001 999.9600000000003
vertex 9500.010000000002 3800.030000000001 1399.9700000000003
vertex 9500.010000000002 3800.030000000001 999.9600000000003
endloop
endfacet
facet normal 0.9952159049760466 0.09770006388282906 0
outer loop
vertex 5500.040000000002 3800.030000000001 999.9600000000003
vertex 5500.040000000002 3800.030000000001 1399.9700000000003
vertex 5507.710000000001 3721.900000000001 1399.9700000000003
endloop
endfacet
facet normal 0.9952159049760466 0.09770006388282906 0
outer loop
vertex 5500.040000000002 3800.030000000001 999.9600000000003
vertex 5507.710000000001 3721.900000000001 1399.9700000000003
vertex 5507.710000000001 3721.900000000001 999.9600000000003
endloop
endfacet
facet normal 0.9569546332671863 0.29023754041898975 0
outer loop
vertex 5507.710000000001 3721.900000000001 999.9600000000003
vertex 5507.710000000001 3721.900000000001 1399.9700000000003
vertex 5530.460000000001 3646.890000000001 1399.9700000000003
endloop
endfacet
facet normal 0.9569546332671863 0.29023754041898975 0
outer loop
vertex 5507.710000000001 3721.900000000001 999.9600000000003
vertex 5530.460000000001 3646.890000000001 1399.9700000000003
vertex 5530.460000000001 3646.890000000001 999.9600000000003
endloop
endfacet
facet normal 0.882169265666405 0.470932465130188 0
outer loop
vertex 5530.460000000001 3646.890000000001 999.9600000000003
vertex 5530.460000000001 3646.890000000001 1399.9700000000003
vertex 5567.380000000001 3577.730000000001 1399.9700000000003
endloop
endfacet
facet normal 0.882169265666405 0.470932465130188 0
outer loop
vertex 5530.460000000001 3646.890000000001 999.9600000000003
vertex 5567.380000000001 3577.730000000001 1399.9700000000003
vertex 5567.380000000001 3577.730000000001 999.9600000000003
endloop
endfacet
facet normal 0.7725519820832893 0.63495152175515 0
outer loop
vertex 5567.380000000001 3577.730000000001 999.9600000000003
vertex 5567.380000000001 3577.730000000001 1399.9700000000003
vertex 5617.170000000001 3517.150000000001 1399.9700000000003
endloop
endfacet
facet normal 0.7725519820832893 0.63495152175515 0
outer loop
vertex 5567.380000000001 3577.730000000001 999.9600000000003
vertex 5617.170000000001 3517.150000000001 1399.9700000000003
vertex 5617.170000000001 3517.150000000001 999.9600000000003
endloop
endfacet
facet normal 0.6349515217551444 0.772551982083294 0
outer loop
vertex 5617.170000000001 3517.150000000001 999.9600000000003
vertex 5617.170000000001 3517.150000000001 1399.9700000000003
vertex 5677.750000000002 3467.360000000001 1399.9700000000003
endloop
endfacet
facet normal 0.6349515217551444 0.772551982083294 0
outer loop
vertex 5617.170000000001 3517.150000000001 999.9600000000003
vertex 5677.750000000002 3467.360000000001 1399.9700000000003
vertex 5677.750000000002 3467.360000000001 999.9600000000003
endloop
endfacet
facet normal 0.470932465130188 0.882169265666405 0
outer loop
vertex 5677.750000000002 3467.360000000001 999.9600000000003
vertex 5677.750000000002 3467.360000000001 1399.9700000000003
vertex 5746.910000000002 3430.440000000001 1399.9700000000003
endloop
endfacet
facet normal 0.470932465130188 0.882169265666405 0
outer loop
vertex 5677.750000000002 3467.360000000001 999.9600000000003
vertex 5746.910000000002 3430.440000000001 1399.9700000000003
vertex 5746.910000000002 3430.440000000001 999.9600000000003
endloop
endfacet
facet normal 0.29023754041898975 0.9569546332671863 0
outer loop
vertex 5746.910000000002 3430.440000000001 999.9600000000003
vertex 5746.910000000002 3430.440000000001 1399.9700000000003
vertex 5821.920000000002 3407.690000000001 1399.9700000000003
endloop
endfacet
facet normal 0.29023754041898975 0.9569546332671863 0
outer loop
vertex 5746.910000000002 3430.440000000001 999.9600000000003
vertex 5821.920000000002 3407.690000000001 1399.9700000000003
vertex 5821.920000000002 3407.690000000001 999.9600000000003
endloop
endfacet
facet normal 0.09770006388284164 0.9952159049760452 0
outer loop
vertex 5821.920000000002 3407.690000000001 999.9600000000003
vertex 5821.920000000002 3407.690000000001 1399.9700000000003
vertex 5900.050000000001 3400.020000000001 1399.9700000000003
endloop
endfacet
facet normal 0.09770006388284164 0.9952159049760452 0
outer loop
vertex 5821.920000000002 3407.690000000001 999.9600000000003
vertex 5900.050000000001 3400.020000000001 1399.9700000000003
vertex 5900.050000000001 3400.020000000001 999.9600000000003
endloop
endfacet
facet normal 0 0 -1
outer loop
vertex 7499.960000000002 6360.9000000000015 1399.9700000000003
vertex 9100.000000000002 6599.970000000002 1399.9700000000003
vertex 9178.000000000002 6592.300000000002 1399.9700000000003
endloop
endfacet
facet normal 0 0 -1
outer loop
vertex 7499.960000000002 6360.9000000000015 1399.9700000000003
vertex 9178.000000000002 6592.300000000002 1399.9700000000003
vertex 9253.010000000002 6569.550000000002 1399.9700000000003
endloop
endfacet
facet normal 0 0 -1
outer loop
vertex 7499.960000000002 6360.9000000000015 1399.9700000000003
vertex 9253.010000000002 6569.550000000002 1399.9700000000003
vertex 9322.170000000002 6532.630000000002 1399.9700000000003
endloop
endfacet
facet normal 0 0 -1
outer loop
vertex 7499.960000000002 6360.9000000000015 1399.9700000000003
vertex 9322.170000000002 6532.630000000002 1399.9700000000003
vertex 9382.880000000003 6482.840000000002 1399.9700000000003
endloop
endfacet
facet normal 0 0 -1
outer loop
vertex 7499.960000000002 6360.9000000000015 1399.9700000000003
vertex 9382.880000000003 6482.840000000002 1399.9700000000003
vertex 9432.540000000003 6422.260000000002 1399.9700000000003
endloop
endfacet
facet normal 0 0 -1
outer loop
vertex 7499.960000000002 6360.9000000000015 1399.9700000000003
vertex 9432.540000000003 6422.260000000002 1399.9700000000003
vertex 9469.590000000002 6353.100000000001 1399.9700000000003
endloop
endfacet
facet normal 0 0 -1
outer loop
vertex 7499.960000000002 6360.9000000000015 1399.9700000000003
vertex 9469.590000000002 6353.100000000001 1399.9700000000003
vertex 9492.340000000002 6278.090000000002 1399.9700000000003
endloop
endfacet
facet normal 0 0 -1
outer loop
vertex 7499.960000000002 6360.9000000000015 1399.9700000000003
vertex 9492.340000000002 6278.090000000002 1399.9700000000003
vertex 9500.010000000002 6199.960000000002 1399.9700000000003
endloop
endfacet
facet normal 0 0 -0.9999999999999999
outer loop
vertex 7499.960000000002 6360.9000000000015 1399.9700000000003
vertex 9500.010000000002 6199.960000000002 1399.9700000000003
vertex 9500.010000000002 6099.990000000002 1399.9700000000003
endloop
endfacet
facet normal 0 0 -1
outer loop
vertex 7499.960000000002 6360.9000000000015 1399.9700000000003
vertex 9500.010000000002 6099.990000000002 1399.9700000000003
vertex 8819.980000000001 6099.990000000002 1399.9700000000003
endloop
endfacet
facet normal 0 0 -0.9999999999999999
outer loop
vertex 7499.960000000002 6360.9000000000015 1399.9700000000003
vertex 8819.980000000001 6099.990000000002 1399.9700000000003
vertex 7940.010000000002 6099.990000000002 1399.9700000000003
endloop
endfacet
facet normal 0 0 -1
outer loop
vertex 7499.960000000002 6360.9000000000015 1399.9700000000003
vertex 7940.010000000002 6099.990000000002 1399.9700000000003
vertex 7060.040000000002 6099.990000000002 1399.9700000000003
endloop
endfacet
facet normal 0 0 -1
outer loop
vertex 7499.960000000002 6360.9000000000015 1399.9700000000003
vertex 7060.040000000002 6099.990000000002 1399.9700000000003
vertex 6179.940000000001 6099.990000000002 1399.9700000000003
endloop
endfacet
facet normal 0 0 -1
outer loop
vertex 7499.960000000002 6360.9000000000015 1399.9700000000003
vertex 6179.940000000001 6099.990000000002 1399.9700000000003
vertex 5500.040000000002 6099.990000000002 1399.9700000000003
endloop
endfacet
facet normal 0 0 -1
outer loop
vertex 7499.960000000002 6360.9000000000015 1399.9700000000003
vertex 5500.040000000002 6099.990000000002 1399.9700000000003
vertex 5500.040000000002 6199.960000000002 1399.9700000000003
endloop
endfacet
facet normal 0 0 -1
outer loop
vertex 7499.960000000002 6360.9000000000015 1399.9700000000003
vertex 5500.040000000002 6199.960000000002 1399.9700000000003
vertex 5507.710000000001 6278.090000000002 1399.9700000000003
endloop
endfacet
facet normal 0 0 -1
outer loop
vertex 7499.960000000002 6360.9000000000015 1399.9700000000003
vertex 5507.710000000001 6278.090000000002 1399.9700000000003
vertex 5530.460000000001 6353.100000000001 1399.9700000000003
endloop
endfacet
facet normal 0 0 -1
outer loop
vertex 7499.960000000002 6360.9000000000015 1399.9700000000003
vertex 5530.460000000001 6353.100000000001 1399.9700000000003
vertex 5567.380000000001 6422.260000000002 1399.9700000000003
endloop
endfacet
facet normal 0 0 -1
outer loop
vertex 7499.960000000002 6360.9000000000015 1399.9700000000003
vertex 5567.380000000001 6422.260000000002 1399.9700000000003
vertex 5617.170000000001 6482.840000000002 1399.9700000000003
endloop
endfacet
facet normal 0 0 -1
outer loop
vertex 7499.960000000002 6360.9000000000015 1399.9700000000003
vertex 5617.170000000001 6482.840000000002 1399.9700000000003
vertex 5677.750000000002 6532.630000000002 1399.9700000000003
endloop
endfacet
facet normal 0 0 -1
outer loop
vertex 7499.960000000002 6360.9000000000015 1399.9700000000003
vertex 5677.750000000002 6532.630000000002 1399.9700000000003
vertex 5746.910000000002 6569.550000000002 1399.9700000000003
endloop
endfacet
facet normal 0 0 -1
outer loop
vertex 7499.960000000002 6360.9000000000015 1399.9700000000003
vertex 5746.910000000002 6569.550000000002 1399.9700000000003
vertex 5821.920000000002 6592.300000000002 1399.9700000000003
endloop
endfacet
facet normal 0 0 -1
outer loop
vertex 7499.960000000002 6360.9000000000015 1399.9700000000003
vertex 5821.920000000002 6592.300000000002 1399.9700000000003
vertex 5900.050000000001 6599.970000000002 1399.9700000000003
endloop
endfacet
facet normal 0 0 -1
outer loop
vertex 7499.960000000002 6360.9000000000015 1399.9700000000003
vertex 5900.050000000001 6599.970000000002 1399.9700000000003
vertex 9100.000000000002 6599.970000000002 1399.9700000000003
endloop
endfacet
facet normal 0 0 -1
outer loop
vertex 6179.940000000001 6099.990000000002 1399.9700000000003
vertex 6140.940000000001 6096.220000000001 1399.9700000000003
vertex 5500.040000000002 6096.220000000001 1399.9700000000003
endloop
endfacet
facet normal 0 0 -1
outer loop
vertex 6179.940000000001 6099.990000000002 1399.9700000000003
vertex 5500.040000000002 6096.220000000001 1399.9700000000003
vertex 5500.040000000002 6099.990000000002 1399.9700000000003
endloop
endfacet
facet normal 0 0 -1
outer loop
vertex 7060.040000000002 6099.990000000002 1399.9700000000003
vertex 7021.040000000002 6096.220000000001 1399.9700000000003
vertex 6219.0700000000015 6096.220000000001 1399.9700000000003
endloop
endfacet
facet normal 0 0 -1
outer loop
vertex 7060.040000000002 6099.990000000002 1399.9700000000003
vertex 6219.0700000000015 6096.220000000001 1399.9700000000003
vertex 6179.940000000001 6099.990000000002 1399.9700000000003
endloop
endfacet
facet normal 0 0 -1
outer loop
vertex 7940.010000000002 6099.990000000002 1399.9700000000003
vertex 7901.010000000002 6096.220000000001 1399.9700000000003
vertex 7099.040000000002 6096.220000000001 1399.9700000000003
endloop
endfacet
facet normal 0 0 -1
outer loop
vertex 7940.010000000002 6099.990000000002 1399.9700000000003
vertex 7099.040000000002 6096.220000000001 1399.9700000000003
vertex 7060.040000000002 6099.990000000002 1399.9700000000003
endloop
endfacet
facet normal 0 0 -1
outer loop
vertex 8819.980000000001 6099.990000000002 1399.9700000000003
vertex 8780.980000000001 6096.220000000001 1399.9700000000003
vertex 7979.010000000002 6096.220000000001 1399.9700000000003
endloop
endfacet
facet normal 0 0 -1
outer loop
vertex 8819.980000000001 6099.990000000002 1399.9700000000003
vertex 7979.010000000002 6096.220000000001 1399.9700000000003
vertex 7940.010000000002 6099.990000000002 1399.9700000000003
endloop
endfacet
facet normal 0 0 -1
outer loop
vertex 9500.010000000002 6099.990000000002 1399.9700000000003
vertex 9500.010000000002 6096.220000000001 1399.9700000000003
vertex 8858.980000000001 6096.220000000001 1399.9700000000003
endloop
endfacet
facet normal 0 0 -0.9999999999999999
outer loop
vertex 9500.010000000002 6099.990000000002 1399.9700000000003
vertex 8858.980000000001 6096.220000000001 1399.9700000000003
vertex 8819.980000000001 6099.990000000002 1399.9700000000003
endloop
endfacet
facet normal 0 0 -1
outer loop
vertex 6140.940000000001 6096.220000000001 1399.9700000000003
vertex 6103.500000000002 6084.780000000002 1399.9700000000003
vertex 5500.040000000002 6084.780000000002 1399.9700000000003
endloop
endfacet
facet normal 0 0 -1
outer loop
vertex 6140.940000000001 6096.220000000001 1399.9700000000003
vertex 5500.040000000002 6084.780000000002 1399.9700000000003
vertex 5500.040000000002 6096.220000000001 1399.9700000000003
endloop
endfacet
facet normal 0 0 -1
outer loop
vertex 7021.040000000002 6096.220000000001 1399.9700000000003
vertex 6983.470000000002 6084.780000000002 1399.9700000000003
vertex 6256.510000000001 6084.780000000002 1399.9700000000003
endloop
endfacet
facet normal 0 0 -1
outer loop
vertex 7021.040000000002 6096.220000000001 1399.9700000000003
vertex 6256.510000000001 6084.780000000002 1399.9700000000003
vertex 6219.0700000000015 6096.220000000001 1399.9700000000003
endloop
endfacet
facet normal 0 0 -1
outer loop
vertex 7901.010000000002 6096.220000000001 1399.9700000000003
vertex 7863.440000000002 6084.780000000002 1399.9700000000003
vertex 7136.480000000001 6084.780000000002 1399.9700000000003
endloop
endfacet
facet normal 0 0 -1
outer loop
vertex 7901.010000000002 6096.220000000001 1399.9700000000003
vertex 7136.480000000001 6084.780000000002 1399.9700000000003
vertex 7099.040000000002 6096.220000000001 1399.9700000000003
endloop
endfacet
facet normal 0 0 -1
outer loop
vertex 8780.980000000001 6096.220000000001 1399.9700000000003
vertex 8743.410000000002 6084.780000000002 1399.9700000000003
vertex 8016.580000000002 6084.780000000002 1399.9700000000003
endloop
endfacet
facet normal 0 0 -1
outer loop
vertex 8780.980000000001 6096.220000000001 1399.9700000000003
vertex 8016.580000000002 6084.780000000002 1399.9700000000003
vertex 7979.010000000002 6096.220000000001 1399.9700000000003
endloop
endfacet
facet normal 0 0 -1
outer loop
vertex 9500.010000000002 6096.220000000001 1399.9700000000003
vertex 9500.010000000002 6084.780000000002 1399.9700000000003
vertex 8896.550000000003 6084.780000000002 1399.9700000000003
endloop
endfacet
facet normal 0 0 -1
outer loop
vertex 9500.010000000002 6096.220000000001 1399.9700000000003
vertex 8896.550000000003 6084.780000000002 1399.9700000000003
vertex 8858.980000000001 6096.220000000001 1399.9700000000003
endloop
endfacet
facet normal 0 0 -1
outer loop
vertex 6103.500000000002 6084.780000000002 1399.9700000000003
vertex 6068.920000000002 6066.3200000000015 1399.9700000000003
vertex 5500.040000000002 6066.3200000000015 1399.9700000000003
endloop
endfacet
facet normal 0 0 -1
outer loop
vertex 6103.500000000002 6084.780000000002 1399.9700000000003
vertex 5500.040000000002 6066.3200000000015 1399.9700000000003
vertex 5500.040000000002 6084.780000000002 1399.9700000000003
endloop
endfacet
facet normal 0 0 -1
outer loop
vertex 6983.470000000002 6084.780000000002 1399.9700000000003
vertex 6948.890000000002 6066.3200000000015 1399.9700000000003
vertex 6291.090000000002 6066.3200000000015 1399.9700000000003
endloop
endfacet
facet normal 0 0 -1
outer loop
vertex 6983.470000000002 6084.780000000002 1399.9700000000003
vertex 6291.090000000002 6066.3200000000015 1399.9700000000003
vertex 6256.510000000001 6084.780000000002 1399.9700000000003
endloop
endfacet
facet normal 0 0 -1
outer loop
vertex 7863.440000000002 6084.780000000002 1399.9700000000003
vertex 7828.8600000000015 6066.3200000000015 1399.9700000000003
vertex 7171.060000000002 6066.3200000000015 1399.9700000000003
endloop
endfacet
facet normal 0 0 -1
outer loop
vertex 7863.440000000002 6084.780000000002 1399.9700000000003
vertex 7171.060000000002 6066.3200000000015 1399.9700000000003
vertex 7136.480000000001 6084.780000000002 1399.9700000000003
endloop
endfacet
facet normal 0 0 -1
outer loop
vertex 8743.410000000002 6084.780000000002 1399.9700000000003
vertex 8708.830000000002 6066.3200000000015 1399.9700000000003
vertex 8051.160000000002 6066.3200000000015 1399.9700000000003
endloop
endfacet
facet normal 0 0 -1
outer loop
vertex 8743.410000000002 6084.780000000002 1399.9700000000003
vertex 8051.160000000002 6066.3200000000015 1399.9700000000003
vertex 8016.580000000002 6084.780000000002 1399.9700000000003
endloop
endfacet
facet normal 0 0 -1
outer loop
vertex 9500.010000000002 6084.780000000002 1399.9700000000003
vertex 9500.010000000002 6066.3200000000015 1399.9700000000003
vertex 8931.130000000003 6066.3200000000015 1399.9700000000003
endloop
endfacet
facet normal 0 0 -1
outer loop
vertex 9500.010000000002 6084.780000000002 1399.9700000000003
vertex 8931.130000000003 6066.3200000000015 1399.9700000000003
vertex 8896.550000000003 6084.780000000002 1399.9700000000003
endloop
endfacet
facet normal 0 0 -1
outer loop
vertex 6068.920000000002 6066.3200000000015 1399.9700000000003
vertex 6038.630000000002 6041.3600000000015 1399.9700000000003
vertex 5500.040000000002 6041.3600000000015 1399.9700000000003
endloop
endfacet
facet normal 0 0 -1
outer loop
vertex 6068.920000000002 6066.3200000000015 1399.9700000000003
vertex 5500.040000000002 6041.3600000000015 1399.9700000000003
vertex 5500.040000000002 6066.3200000000015 1399.9700000000003
endloop
endfacet
facet normal 0 0 -1
outer loop
vertex 6948.890000000002 6066.3200000000015 1399.9700000000003
vertex 6918.600000000001 6041.3600000000015 1399.9700000000003
vertex 6321.380000000002 6041.3600000000015 1399.9700000000003
endloop
endfacet
facet normal 0 0 -1
outer loop
vertex 6948.890000000002 6066.3200000000015 1399.9700000000003
vertex 6321.380000000002 6041.3600000000015 1399.9700000000003
vertex 6291.090000000002 6066.3200000000015 1399.9700000000003
endloop
endfacet
facet normal 0 0 -1
outer loop
vertex 7828.8600000000015 6066.3200000000015 1399.9700000000003
vertex 7798.5700000000015 6041.3600000000015 1399.9700000000003
vertex 7201.480000000001 6041.3600000000015 1399.9700000000003
endloop
endfacet
facet normal 0 0 -1
outer loop
vertex 7828.8600000000015 6066.3200000000015 1399.9700000000003
vertex 7201.480000000001 6041.3600000000015 1399.9700000000003
vertex 7171.060000000002 6066.3200000000015 1399.9700000000003
endloop
endfacet
facet normal 0 0 -0.9999999999999999
outer loop
vertex 8708.830000000002 6066.3200000000015 1399.9700000000003
vertex 8678.540000000003 6041.3600000000015 1399.9700000000003
vertex 8081.450000000002 6041.3600000000015 1399.9700000000003
endloop
endfacet
facet normal 0 0 -1
outer loop
vertex 8708.830000000002 6066.3200000000015 1399.9700000000003
vertex 8081.450000000002 6041.3600000000015 1399.9700000000003
vertex 8051.160000000002 6066.3200000000015 1399.9700000000003
endloop
endfacet
facet normal 0 0 -1
outer loop
vertex 9500.010000000002 6066.3200000000015 1399.9700000000003
vertex 9500.010000000002 6041.3600000000015 1399.9700000000003
vertex 8961.420000000002 6041.3600000000015 1399.9700000000003
endloop
endfacet
facet normal 0 0 -1
outer loop
vertex 9500.010000000002 6066.3200000000015 1399.9700000000003
vertex 8961.420000000002 6041.3600000000015 1399.9700000000003
vertex 8931.130000000003 6066.3200000000015 1399.9700000000003
endloop
endfacet
facet normal 0 0 -1
outer loop
vertex 6038.630000000002 6041.3600000000015 1399.9700000000003
vertex 6013.670000000002 6011.0700000000015 1399.9700000000003
vertex 5500.040000000002 6011.0700000000015 1399.9700000000003
endloop
endfacet
facet normal 0 0 -1
outer loop
vertex 6038.630000000002 6041.3600000000015 1399.9700000000003
vertex 5500.040000000002 6011.0700000000015 1399.9700000000003
vertex 5500.040000000002 6041.3600000000015 1399.9700000000003
endloop
endfacet
facet normal 0 0 -1
outer loop
vertex 6918.600000000001 6041.3600000000015 1399.9700000000003
vertex 6893.770000000001 6011.0700000000015 1399.9700000000003
vertex 6346.340000000002 6011.0700000000015 1399.9700000000003
endloop
endfacet
facet normal 0 0 -1
outer loop
vertex 6918.600000000001 6041.3600000000015 1399.9700000000003
vertex 6346.340000000002 6011.0700000000015 1399.9700000000003
vertex 6321.380000000002 6041.3600000000015 1399.9700000000003
endloop
endfacet
facet normal 0 0 -1
outer loop
vertex 7798.5700000000015 6041.3600000000015 1399.9700000000003
vertex 7773.740000000002 6011.0700000000015 1399.9700000000003
vertex 7226.310000000002 6011.0700000000015 1399.9700000000003
endloop
endfacet
facet normal 0 0 -1
outer loop
vertex 7798.5700000000015 6041.3600000000015 1399.9700000000003
vertex 7226.310000000002 6011.0700000000015 1399.9700000000003
vertex 7201.480000000001 6041.3600000000015 1399.9700000000003
endloop
endfacet
facet normal 0 0 -1
outer loop
vertex 8678.540000000003 6041.3600000000015 1399.9700000000003
vertex 8653.710000000003 6011.0700000000015 1399.9700000000003
vertex 8106.280000000002 6011.0700000000015 1399.9700000000003
endloop
endfacet
facet normal 0 0 -1
outer loop
vertex 8678.540000000003 6041.3600000000015 1399.9700000000003
vertex 8106.280000000002 6011.0700000000015 1399.9700000000003
vertex 8081.450000000002 6041.3600000000015 1399.9700000000003
endloop
endfacet
facet normal 0 0 -1
outer loop
vertex 9500.010000000002 6041.3600000000015 1399.9700000000003
vertex 9500.010000000002 6011.0700000000015 1399.9700000000003
vertex 8986.250000000002 6011.0700000000015 1399.9700000000003
endloop
endfacet
facet normal 0 0 -1
outer loop
vertex 9500.010000000002 6041.3600000000015 1399.9700000000003
vertex 8986.250000000002 6011.0700000000015 1399.9700000000003
vertex 8961.420000000002 6041.3600000000015 1399.9700000000003
endloop
endfacet
facet normal 0 0 -1
outer loop
vertex 6013.670000000002 6011.0700000000015 1399.9700000000003
vertex 5995.210000000002 5976.490000000002 1399.9700000000003
vertex 5500.040000000002 5976.490000000002 1399.9700000000003
endloop
endfacet
facet normal 0 0 -1
outer loop
vertex 6013.670000000002 6011.0700000000015 1399.9700000000003
vertex 5500.040000000002 5976.490000000002 1399.9700000000003
vertex 5500.040000000002 6011.0700000000015 1399.9700000000003
endloop
endfacet
facet normal 0 0 -1
outer loop
vertex 6893.770000000001 6011.0700000000015 1399.9700000000003
vertex 6875.180000000002 5976.490000000002 1399.9700000000003
vertex 6364.800000000002 5976.490000000002 1399.9700000000003
endloop
endfacet
facet normal 0 0 -1
outer loop
vertex 6893.770000000001 6011.0700000000015 1399.9700000000003
vertex 6364.800000000002 5976.490000000002 1399.9700000000003
vertex 6346.340000000002 6011.0700000000015 1399.9700000000003
endloop
endfacet
facet normal 0 0 -1
outer loop
vertex 7773.740000000002 6011.0700000000015 1399.9700000000003
vertex 7755.280000000002 5976.490000000002 1399.9700000000003
vertex 7244.770000000001 5976.490000000002 1399.9700000000003
endloop
endfacet
facet normal 0 0 -1
outer loop
vertex 7773.740000000002 6011.0700000000015 1399.9700000000003
vertex 7244.770000000001 5976.490000000002 1399.9700000000003
vertex 7226.310000000002 6011.0700000000015 1399.9700000000003
endloop
endfacet
facet normal 0 0 -1
outer loop
vertex 8653.710000000003 6011.0700000000015 1399.9700000000003
vertex 8635.250000000002 5976.490000000002 1399.9700000000003
vertex 8124.740000000002 5976.490000000002 1399.9700000000003
endloop
endfacet
facet normal 0 0 -1
outer loop
vertex 8653.710000000003 6011.0700000000015 1399.9700000000003
vertex 8124.740000000002 5976.490000000002 1399.9700000000003
vertex 8106.280000000002 6011.0700000000015 1399.9700000000003
endloop
endfacet
facet normal 0 0 -1
outer loop
vertex 9500.010000000002 6011.0700000000015 1399.9700000000003
vertex 9500.010000000002 5976.490000000002 1399.9700000000003
vertex 9004.840000000002 5976.490000000002 1399.9700000000003
endloop
endfacet
facet normal 0 0 -1
outer loop
vertex 9500.010000000002 6011.0700000000015 1399.9700000000003
vertex 9004.840000000002 5976.490000000002 1399.9700000000003
vertex 8986.250000000002 6011.0700000000015 1399.9700000000003
endloop
endfacet
facet normal 0 0 -1
outer loop
vertex 5995.210000000002 5976.490000000002 1399.9700000000003
vertex 5983.9000000000015 5939.050000000001 1399.9700000000003
vertex 5500.040000000002 5939.050000000001 1399.9700000000003
endloop
endfacet
facet normal 0 0 -0.9999999999999999
outer loop
vertex 5995.210000000002 5976.490000000002 1399.9700000000003
vertex 5500.040000000002 5939.050000000001 1399.9700000000003
vertex 5500.040000000002 5976.490000000002 1399.9700000000003
endloop
endfacet
facet normal 0 0 -1
outer loop
vertex 6875.180000000002 5976.490000000002 1399.9700000000003
vertex 6863.870000000002 5939.050000000001 1399.9700000000003
vertex 6376.1100000000015 5939.050000000001 1399.9700000000003
endloop
endfacet
facet normal 0 0 -1
outer loop
vertex 6875.180000000002 5976.490000000002 1399.9700000000003
vertex 6376.1100000000015 5939.050000000001 1399.9700000000003
vertex 6364.800000000002 5976.490000000002 1399.9700000000003
endloop
endfacet
facet normal 0 0 -1
outer loop
vertex 7755.280000000002 5976.490000000002 1399.9700000000003
vertex 7743.840000000002 5939.050000000001 1399.9700000000003
vertex 7256.210000000002 5939.050000000001 1399.9700000000003
endloop
endfacet
facet normal 0 0 -0.9999999999999999
outer loop
vertex 7755.280000000002 5976.490000000002 1399.9700000000003
vertex 7256.210000000002 5939.050000000001 1399.9700000000003
vertex 7244.770000000001 5976.490000000002 1399.9700000000003
endloop
endfacet
facet normal 0 0 -1
outer loop
vertex 8635.250000000002 5976.490000000002 1399.9700000000003
vertex 8623.810000000001 5939.050000000001 1399.9700000000003
vertex 8136.180000000002 5939.050000000001 1399.9700000000003
endloop
endfacet
facet normal 0 0 -0.9999999999999999
outer loop
vertex 8635.250000000002 5976.490000000002 1399.9700000000003
vertex 8136.180000000002 5939.050000000001 1399.9700000000003
vertex 8124.740000000002 5976.490000000002 1399.9700000000003
endloop
endfacet
facet normal 0 0 -1
outer loop
vertex 9500.010000000002 5976.490000000002 1399.9700000000003
vertex 9500.010000000002 5939.050000000001 1399.9700000000003
vertex 9016.150000000001 5939.050000000001 1399.9700000000003
endloop
endfacet
facet normal 0 0 -0.9999999999999999
outer loop
vertex 9500.010000000002 5976.490000000002 1399.9700000000003
vertex 9016.150000000001 5939.050000000001 1399.9700000000003
vertex 9004.840000000002 5976.490000000002 1399.9700000000003
endloop
endfacet
facet normal 0 0 -1
outer loop
vertex 5983.9000000000015 5939.050000000001 1399.9700000000003
vertex 5980.000000000002 5900.050000000001 1399.9700000000003
vertex 5500.040000000002 5900.050000000001 1399.9700000000003
endloop
endfacet
facet normal 0 0 -0.9999999999999999
outer loop
vertex 5983.9000000000015 5939.050000000001 1399.9700000000003
vertex 5500.040000000002 5900.050000000001 1399.9700000000003
vertex 5500.040000000002 5939.050000000001 1399.9700000000003
endloop
endfacet
facet normal 0 0 -1
outer loop
vertex 6863.870000000002 5939.050000000001 1399.9700000000003
vertex 6859.970000000002 5900.050000000001 1399.9700000000003
vertex 6380.010000000001 5900.050000000001 1399.9700000000003
endloop
endfacet
facet normal 0 0 -1
outer loop
vertex 6863.870000000002 5939.050000000001 1399.9700000000003
vertex 6380.010000000001 5900.050000000001 1399.9700000000003
vertex 6376.1100000000015 5939.050000000001 1399.9700000000003
endloop
endfacet
facet normal 0 0 -1
outer loop
vertex 7743.840000000002 5939.050000000001 1399.9700000000003
vertex 7739.940000000002 5900.050000000001 1399.9700000000003
vertex 7259.980000000001 5900.050000000001 1399.9700000000003
endloop
endfacet
facet normal 0 0 -1
outer loop
vertex 7743.840000000002 5939.050000000001 1399.9700000000003
vertex 7259.980000000001 5900.050000000001 1399.9700000000003
vertex 7256.210000000002 5939.050000000001 1399.9700000000003
endloop
endfacet
facet normal 0 0 -1
outer loop
vertex 8623.810000000001 5939.050000000001 1399.9700000000003
vertex 8620.040000000003 5900.050000000001 1399.9700000000003
vertex 8139.950000000002 5900.050000000001 1399.9700000000003
endloop
endfacet
facet normal 0 0 -1
outer loop
vertex 8623.810000000001 5939.050000000001 1399.9700000000003
vertex 8139.950000000002 5900.050000000001 1399.9700000000003
vertex 8136.180000000002 5939.050000000001 1399.9700000000003
endloop
endfacet
facet normal 0 0 -1
outer loop
vertex 9500.010000000002 5939.050000000001 1399.9700000000003
vertex 9500.010000000002 5900.050000000001 1399.9700000000003
vertex 9020.050000000003 5900.050000000001 1399.9700000000003
endloop
endfacet
facet normal 0 0 -1
outer loop
vertex 9500.010000000002 5939.050000000001 1399.9700000000003
vertex 9020.050000000003 5900.050000000001 1399.9700000000003
vertex 9016.150000000001 5939.050000000001 1399.9700000000003
endloop
endfacet
facet normal 0 0 -1
outer loop
vertex 5980.000000000002 5900.050000000001 1399.9700000000003
vertex 5983.9000000000015 5860.920000000002 1399.9700000000003
vertex 5500.040000000002 5860.920000000002 1399.9700000000003
endloop
endfacet
facet normal 0 0 -1
outer loop
vertex 5980.000000000002 5900.050000000001 1399.9700000000003
vertex 5500.040000000002 5860.920000000002 1399.9700000000003
vertex 5500.040000000002 5900.050000000001 1399.9700000000003
endloop
endfacet
facet normal 0 0 -1
outer loop
vertex 6859.970000000002 5900.050000000001 1399.9700000000003
vertex 6863.870000000002 5860.920000000002 1399.9700000000003
vertex 6376.1100000000015 5860.920000000002 1399.9700000000003
endloop
endfacet
facet normal 0 0 -1
outer loop
vertex 6859.970000000002 5900.050000000001 1399.9700000000003
vertex 6376.1100000000015 5860.920000000002 1399.9700000000003
vertex 6380.010000000001 5900.050000000001 1399.9700000000003
endloop
endfacet
facet normal 0 0 -0.9999999999999999
outer loop
vertex 7739.940000000002 5900.050000000001 1399.9700000000003
vertex 7743.840000000002 5860.920000000002 1399.9700000000003
vertex 7256.210000000002 5860.920000000002 1399.9700000000003
endloop
endfacet
facet normal 0 0 -1
outer loop
vertex 7739.940000000002 5900.050000000001 1399.9700000000003
vertex 7256.210000000002 5860.920000000002 1399.9700000000003
vertex 7259.980000000001 5900.050000000001 1399.9700000000003
endloop
endfacet
facet normal 0 0 -1
outer loop
vertex 8620.040000000003 5900.050000000001 1399.9700000000003
vertex 8623.810000000001 5860.920000000002 1399.9700000000003
vertex 8136.180000000002 5860.920000000002 1399.9700000000003
endloop
endfacet
facet normal 0 0 -1
outer loop
vertex 8620.040000000003 5900.050000000001 1399.9700000000003
vertex 8136.180000000002 5860.920000000002 1399.9700000000003
vertex 8139.950000000002 5900.050000000001 1399.9700000000003
endloop
endfacet
facet normal 0 0 -1
outer loop
vertex 9500.010000000002 5900.050000000001 1399.9700000000003
vertex 9500.010000000002 5860.920000000002 1399.9700000000003
vertex 9016.150000000001 5860.920000000002 1399.9700000000003
endloop
endfacet
facet normal 0 0 -0.9999999999999999
outer loop
vertex 9500.010000000002 5900.050000000001 1399.9700000000003
vertex 9016.150000000001 5860.920000000002 1399.9700000000003
vertex 9020.050000000003 5900.050000000001 1399.9700000000003
endloop
endfacet
facet normal 0 0 -0.9999999999999999
outer loop
vertex 5983.9000000000015 5860.920000000002 1399.9700000000003
vertex 5995.210000000002 5823.480000000001 1399.9700000000003
vertex 5500.040000000002 5823.480000000001 1399.9700000000003
endloop
endfacet
facet normal 0 0 -1
outer loop
vertex 5983.9000000000015 5860.920000000002 1399.9700000000003
vertex 5500.040000000002 5823.480000000001 1399.9700000000003
vertex 5500.040000000002 5860.920000000002 1399.9700000000003
endloop
endfacet
facet normal 0 0 -1
outer loop
vertex 6863.870000000002 5860.920000000002 1399.9700000000003
vertex 6875.180000000002 5823.480000000001 1399.9700000000003
vertex 6364.800000000002 5823.480000000001 1399.9700000000003
endloop
endfacet
facet normal 0 0 -1
outer loop
vertex 6863.870000000002 5860.920000000002 1399.9700000000003
vertex 6364.800000000002 5823.480000000001 1399.9700000000003
vertex 6376.1100000000015 5860.920000000002 1399.9700000000003
endloop
endfacet
facet normal 0 0 -0.9999999999999999
outer loop
vertex 7743.840000000002 5860.920000000002 1399.9700000000003
vertex 7755.280000000002 5823.480000000001 1399.9700000000003
vertex 7244.770000000001 5823.480000000001 1399.9700000000003
endloop
endfacet
facet normal 0 0 -1
outer loop
vertex 7743.840000000002 5860.920000000002 1399.9700000000003
vertex 7244.770000000001 5823.480000000001 1399.9700000000003
vertex 7256.210000000002 5860.920000000002 1399.9700000000003
endloop
endfacet
facet normal 0 0 -1
outer loop
vertex 8623.810000000001 5860.920000000002 1399.9700000000003
vertex 8635.250000000002 5823.480000000001 1399.9700000000003
vertex 8124.740000000002 5823.480000000001 1399.9700000000003
endloop
endfacet
facet normal 0 0 -1
outer loop
vertex 8623.810000000001 5860.920000000002 1399.9700000000003
vertex 8124.740000000002 5823.480000000001 1399.9700000000003
vertex 8136.180000000002 5860.920000000002 1399.9700000000003
endloop
endfacet
facet normal 0 0 -0.9999999999999999
outer loop
vertex 9500.010000000002 5860.920000000002 1399.9700000000003
vertex 9500.010000000002 5823.480000000001 1399.9700000000003
vertex 9004.840000000002 5823.480000000001 1399.9700000000003
endloop
endfacet
facet normal 0 0 -1
outer loop
vertex 9500.010000000002 5860.920000000002 1399.9700000000003
vertex 9004.840000000002 5823.480000000001 1399.9700000000003
vertex 9016.150000000001 5860.920000000002 1399.9700000000003
endloop
endfacet
facet normal 0 0 -1
outer loop
vertex 5995.210000000002 5823.480000000001 1399.9700000000003
vertex 6013.670000000002 5788.9000000000015 1399.9700000000003
vertex 5500.040000000002 5788.9000000000015 1399.9700000000003
endloop
endfacet
facet normal 0 0 -1
outer loop
vertex 5995.210000000002 5823.480000000001 1399.9700000000003
vertex 5500.040000000002 5788.9000000000015 1399.9700000000003
vertex 5500.040000000002 5823.480000000001 1399.9700000000003
endloop
endfacet
facet normal 0 0 -1
outer loop
vertex 6875.180000000002 5823.480000000001 1399.9700000000003
vertex 6893.770000000001 5788.9000000000015 1399.9700000000003
vertex 6346.340000000002 5788.9000000000015 1399.9700000000003
endloop
endfacet
facet normal 0 0 -1
outer loop
vertex 6875.180000000002 5823.480000000001 1399.9700000000003
vertex 6346.340000000002 5788.9000000000015 1399.9700000000003
vertex 6364.800000000002 5823.480000000001 1399.9700000000003
endloop
endfacet
facet normal 0 0 -1
outer loop
vertex 7755.280000000002 5823.480000000001 1399.9700000000003
vertex 7773.740000000002 5788.9000000000015 1399.9700000000003
vertex 7226.310000000002 5788.9000000000015 1399.9700000000003
endloop
endfacet
facet normal 0 0 -1
outer loop
vertex 7755.280000000002 5823.480000000001 1399.9700000000003
vertex 7226.310000000002 5788.9000000000015 1399.9700000000003
vertex 7244.770000000001 5823.480000000001 1399.9700000000003
endloop
endfacet
facet normal 0 0 -1
outer loop
vertex 8635.250000000002 5823.480000000001 1399.9700000000003
vertex 8653.710000000003 5788.9000000000015 1399.9700000000003
vertex 8106.280000000002 5788.9000000000015 1399.9700000000003
endloop
endfacet
facet normal 0 0 -1
outer loop
vertex 8635.250000000002 5823.480000000001 1399.9700000000003
vertex 8106.280000000002 5788.9000000000015 1399.9700000000003
vertex 8124.740000000002 5823.480000000001 1399.9700000000003
endloop
endfacet
facet normal 0 0 -1
outer loop
vertex 9500.010000000002 5823.480000000001 1399.9700000000003
vertex 9500.010000000002 5788.9000000000015 1399.9700000000003
vertex 8986.250000000002 5788.9000000000015 1399.9700000000003
endloop
endfacet
facet normal 0 0 -1
outer loop
vertex 9500.010000000002 5823.480000000001 1399.9700000000003
vertex 8986.250000000002 5788.9000000000015 1399.9700000000003
vertex 9004.840000000002 5823.480000000001 1399.9700000000003
endloop
endfacet
facet normal 0 0 -1
outer loop
vertex 6013.670000000002 5788.9000000000015 1399.9700000000003
vertex 6038.630000000002 5758.6100000000015 1399.9700000000003
vertex 5500.040000000002 5758.6100000000015 1399.9700000000003
endloop
endfacet
facet normal 0 0 -1
outer loop
vertex 6013.670000000002 5788.9000000000015 1399.9700000000003
vertex 5500.040000000002 5758.6100000000015 1399.9700000000003
vertex 5500.040000000002 5788.9000000000015 1399.9700000000003
endloop
endfacet
facet normal 0 0 -1
outer loop
vertex 6893.770000000001 5788.9000000000015 1399.9700000000003
vertex 6918.600000000001 5758.6100000000015 1399.9700000000003
vertex 6321.380000000002 5758.6100000000015 1399.9700000000003
endloop
endfacet
facet normal 0 0 -1
outer loop
vertex 6893.770000000001 5788.9000000000015 1399.9700000000003
vertex 6321.380000000002 5758.6100000000015 1399.9700000000003
vertex 6346.340000000002 5788.9000000000015 1399.9700000000003
endloop
endfacet
facet normal 0 0 -1
outer loop
vertex 7773.740000000002 5788.9000000000015 1399.9700000000003
vertex 7798.5700000000015 5758.6100000000015 1399.9700000000003
vertex 7201.480000000001 5758.6100000000015 1399.9700000000003
endloop
endfacet
facet normal 0 0 -1
outer loop
vertex 7773.740000000002 5788.9000000000015 1399.9700000000003
vertex 7201.480000000001 5758.6100000000015 1399.9700000000003
vertex 7226.310000000002 5788.9000000000015 1399.9700000000003
endloop
endfacet
facet normal 0 0 -1
outer loop
vertex 8653.710000000003 5788.9000000000015 1399.9700000000003
vertex 8678.540000000003 5758.6100000000015 1399.9700000000003
vertex 8081.450000000002 5758.6100000000015 1399.9700000000003
endloop
endfacet
facet normal 0 0 -1
outer loop
vertex 8653.710000000003 5788.9000000000015 1399.9700000000003
vertex 8081.450000000002 5758.6100000000015 1399.9700000000003
vertex 8106.280000000002 5788.9000000000015 1399.9700000000003
endloop
endfacet
facet normal 0 0 -1
outer loop
vertex 9500.010000000002 5788.9000000000015 1399.9700000000003
vertex 9500.010000000002 5758.6100000000015 1399.9700000000003
vertex 8961.420000000002 5758.6100000000015 1399.9700000000003
endloop
endfacet
facet normal 0 0 -1
outer loop
vertex 9500.010000000002 5788.9000000000015 1399.9700000000003
vertex 8961.420000000002 5758.6100000000015 1399.9700000000003
vertex 8986.250000000002 5788.9000000000015 1399.9700000000003
endloop
endfacet
facet normal 0 0 -1
outer loop
vertex 6038.630000000002 5758.6100000000015 1399.9700000000003
vertex 6068.920000000002 5733.6500000000015 1399.9700000000003
vertex 5500.040000000002 5733.6500000000015 1399.9700000000003
endloop
endfacet
facet normal 0 0 -1
outer loop
vertex 6038.630000000002 5758.6100000000015 1399.9700000000003
vertex 5500.040000000002 5733.6500000000015 1399.9700000000003
vertex 5500.040000000002 5758.6100000000015 1399.9700000000003
endloop
endfacet
facet normal 0 0 -1
outer loop
vertex 6918.600000000001 5758.6100000000015 1399.9700000000003
vertex 6948.890000000002 5733.6500000000015 1399.9700000000003
vertex 6291.090000000002 5733.6500000000015 1399.9700000000003
endloop
endfacet
facet normal 0 0 -1
outer loop
vertex 6918.600000000001 5758.6100000000015 1399.9700000000003
vertex 6291.090000000002 5733.6500000000015 1399.9700000000003
vertex 6321.380000000002 5758.6100000000015 1399.9700000000003
endloop
endfacet
facet normal 0 0 -1
outer loop
vertex 7798.5700000000015 5758.6100000000015 1399.9700000000003
vertex 7828.8600000000015 5733.6500000000015 1399.9700000000003
vertex 7171.060000000002 5733.6500000000015 1399.9700000000003
endloop
endfacet
facet normal 0 0 -1
outer loop
vertex 7798.5700000000015 5758.6100000000015 1399.9700000000003
vertex 7171.060000000002 5733.6500000000015 1399.9700000000003
vertex 7201.480000000001 5758.6100000000015 1399.9700000000003
endloop
endfacet
facet normal 0 0 -1
outer loop
vertex 8678.540000000003 5758.6100000000015 1399.9700000000003
vertex 8708.830000000002 5733.6500000000015 1399.9700000000003
vertex 8051.160000000002 5733.6500000000015 1399.9700000000003
endloop
endfacet
facet normal 0 0 -0.9999999999999999
outer loop
vertex 8678.540000000003 5758.6100000000015 1399.9700000000003
vertex 8051.160000000002 5733.6500000000015 1399.9700000000003
vertex 8081.450000000002 5758.6100000000015 1399.9700000000003
endloop
endfacet
facet normal 0 0 -1
outer loop
vertex 9500.010000000002 5758.6100000000015 1399.9700000000003
vertex 9500.010000000002 5733.6500000000015 1399.9700000000003
vertex 8931.130000000003 5733.6500000000015 1399.9700000000003
endloop
endfacet
facet normal 0 0 -1
outer loop
vertex 9500.010000000002 5758.6100000000015 1399.9700000000003
vertex 8931.130000000003 5733.6500000000015 1399.9700000000003
vertex 8961.420000000002 5758.6100000000015 1399.9700000000003
endloop
endfacet
facet normal 0 0 -1
outer loop
vertex 6068.920000000002 5733.6500000000015 1399.9700000000003
vertex 6103.500000000002 5715.190000000001 1399.9700000000003
vertex 5500.040000000002 5715.190000000001 1399.9700000000003
endloop
endfacet
facet normal 0 0 -1
outer loop
vertex 6068.920000000002 5733.6500000000015 1399.9700000000003
vertex 5500.040000000002 5715.190000000001 1399.9700000000003
vertex 5500.040000000002 5733.6500000000015 1399.9700000000003
endloop
endfacet
facet normal 0 0 -1
outer loop
vertex 6948.890000000002 5733.6500000000015 1399.9700000000003
vertex 6983.470000000002 5715.190000000001 1399.9700000000003
vertex 6256.510000000001 5715.190000000001 1399.9700000000003
endloop
endfacet
facet normal 0 0 -1
outer loop
vertex 6948.890000000002 5733.6500000000015 1399.9700000000003
vertex 6256.510000000001 5715.190000000001 1399.9700000000003
vertex 6291.090000000002 5733.6500000000015 1399.9700000000003
endloop
endfacet
facet normal 0 0 -1
outer loop
vertex 7828.8600000000015 5733.6500000000015 1399.9700000000003
vertex 7863.440000000002 5715.190000000001 1399.9700000000003
vertex 7136.480000000001 5715.190000000001 1399.9700000000003
endloop
endfacet
facet normal 0 0 -1
outer loop
vertex 7828.8600000000015 5733.6500000000015 1399.9700000000003
vertex 7136.480000000001 5715.190000000001 1399.9700000000003
vertex 7171.060000000002 5733.6500000000015 1399.9700000000003
endloop
endfacet
facet normal 0 0 -1
outer loop
vertex 8708.830000000002 5733.6500000000015 1399.9700000000003
vertex 8743.410000000002 5715.190000000001 1399.9700000000003
vertex 8016.580000000002 5715.190000000001 1399.9700000000003
endloop
endfacet
facet normal 0 0 -1
outer loop
vertex 8708.830000000002 5733.6500000000015 1399.9700000000003
vertex 8016.580000000002 5715.190000000001 1399.9700000000003
vertex 8051.160000000002 5733.6500000000015 1399.9700000000003
endloop
endfacet
facet normal 0 0 -1
outer loop
vertex 9500.010000000002 5733.6500000000015 1399.9700000000003
vertex 9500.010000000002 5715.190000000001 1399.9700000000003
vertex 8896.550000000003 5715.190000000001 1399.9700000000003
endloop
endfacet
facet normal 0 0 -1
outer loop
vertex 9500.010000000002 5733.6500000000015 1399.9700000000003
vertex 8896.550000000003 5715.190000000001 1399.9700000000003
vertex 8931.130000000003 5733.6500000000015 1399.9700000000003
endloop
endfacet
facet normal 0 0 -1
outer loop
vertex 6103.500000000002 5715.190000000001 1399.9700000000003
vertex 6140.940000000001 5703.880000000001 1399.9700000000003
vertex 5500.040000000002 5703.880000000001 1399.9700000000003
endloop
endfacet
facet normal 0 0 -1
outer loop
vertex 6103.500000000002 5715.190000000001 1399.9700000000003
vertex 5500.040000000002 5703.880000000001 1399.9700000000003
vertex 5500.040000000002 5715.190000000001 1399.9700000000003
endloop
endfacet
facet normal 0 0 -1
outer loop
vertex 6983.470000000002 5715.190000000001 1399.9700000000003
vertex 7021.040000000002 5703.880000000001 1399.9700000000003
vertex 6219.0700000000015 5703.880000000001 1399.9700000000003
endloop
endfacet
facet normal 0 0 -1
outer loop
vertex 6983.470000000002 5715.190000000001 1399.9700000000003
vertex 6219.0700000000015 5703.880000000001 1399.9700000000003
vertex 6256.510000000001 5715.190000000001 1399.9700000000003
endloop
endfacet
facet normal 0 0 -1
outer loop
vertex 7863.440000000002 5715.190000000001 1399.9700000000003
vertex 7901.010000000002 5703.880000000001 1399.9700000000003
vertex 7099.040000000002 5703.880000000001 1399.9700000000003
endloop
endfacet
facet normal 0 0 -1
outer loop
vertex 7863.440000000002 5715.190000000001 1399.9700000000003
vertex 7099.040000000002 5703.880000000001 1399.9700000000003
vertex 7136.480000000001 5715.190000000001 1399.9700000000003
endloop
endfacet
facet normal 0 0 -1
outer loop
vertex 8743.410000000002 5715.190000000001 1399.9700000000003
vertex 8780.980000000001 5703.880000000001 1399.9700000000003
vertex 7979.010000000002 5703.880000000001 1399.9700000000003
endloop
endfacet
facet normal 0 0 -1
outer loop
vertex 8743.410000000002 5715.190000000001 1399.9700000000003
vertex 7979.010000000002 5703.880000000001 1399.9700000000003
vertex 8016.580000000002 5715.190000000001 1399.9700000000003
endloop
endfacet
facet normal 0 0 -1
outer loop
vertex 9500.010000000002 5715.190000000001 1399.9700000000003
vertex 9500.010000000002 5703.880000000001 1399.9700000000003
vertex 8858.980000000001 5703.880000000001 1399.9700000000003
endloop
endfacet
facet normal 0 0 -1
outer loop
vertex 9500.010000000002 5715.190000000001 1399.9700000000003
vertex 8858.980000000001 5703.880000000001 1399.9700000000003
vertex 8896.550000000003 5715.190000000001 1399.9700000000003
endloop
endfacet
facet normal 0 0 -1
outer loop
vertex 6140.940000000001 5703.880000000001 1399.9700000000003
vertex 6179.940000000001 5699.980000000001 1399.9700000000003
vertex 5500.040000000002 5699.980000000001 1399.9700000000003
endloop
endfacet
facet normal 0 0 -1
outer loop
vertex 6140.940000000001 5703.880000000001 1399.9700000000003
vertex 5500.040000000002 5699.980000000001 1399.9700000000003
vertex 5500.040000000002 5703.880000000001 1399.9700000000003
endloop
endfacet
facet normal 0 0 -1
outer loop
vertex 7021.040000000002 5703.880000000001 1399.9700000000003
vertex 7060.040000000002 5699.980000000001 1399.9700000000003
vertex 6179.940000000001 5699.980000000001 1399.9700000000003
endloop
endfacet
facet normal 0 0 -0.9999999999999999
outer loop
vertex 7021.040000000002 5703.880000000001 1399.9700000000003
vertex 6179.940000000001 5699.980000000001 1399.9700000000003
vertex 6219.0700000000015 5703.880000000001 1399.9700000000003
endloop
endfacet
facet normal 0 0 -1
outer loop
vertex 7901.010000000002 5703.880000000001 1399.9700000000003
vertex 7940.010000000002 5699.980000000001 1399.9700000000003
vertex 7060.040000000002 5699.980000000001 1399.9700000000003
endloop
endfacet
facet normal 0 0 -0.9999999999999999
outer loop
vertex 7901.010000000002 5703.880000000001 1399.9700000000003
vertex 7060.040000000002 5699.980000000001 1399.9700000000003
vertex 7099.040000000002 5703.880000000001 1399.9700000000003
endloop
endfacet
facet normal 0 0 -0.9999999999999999
outer loop
vertex 8780.980000000001 5703.880000000001 1399.9700000000003
vertex 8819.980000000001 5699.980000000001 1399.9700000000003
vertex 7940.010000000002 5699.980000000001 1399.9700000000003
endloop
endfacet
facet normal 0 0 -0.9999999999999999
outer loop
vertex 8780.980000000001 5703.880000000001 1399.9700000000003
vertex 7940.010000000002 5699.980000000001 1399.9700000000003
vertex 7979.010000000002 5703.880000000001 1399.9700000000003
endloop
endfacet
facet normal 0 0 -0.9999999999999999
outer loop
vertex 9500.010000000002 5703.880000000001 1399.9700000000003
vertex 9500.010000000002 5699.980000000001 1399.9700000000003
vertex 8819.980000000001 5699.980000000001 1399.9700000000003
endloop
endfacet
facet normal 0 0 -1
outer loop
vertex 9500.010000000002 5703.880000000001 1399.9700000000003
vertex 8819.980000000001 5699.980000000001 1399.9700000000003
vertex 8858.980000000001 5703.880000000001 1399.9700000000003
endloop
endfacet
facet normal 0 0 -1
outer loop
vertex 7499.960000000002 5449.990000000002 1399.9700000000003
vertex 6179.940000000001 5699.980000000001 1399.9700000000003
vertex 7060.040000000002 5699.980000000001 1399.9700000000003
endloop
endfacet
facet normal 0 0 -1
outer loop
vertex 7499.960000000002 5449.990000000002 1399.9700000000003
vertex 7060.040000000002 5699.980000000001 1399.9700000000003
vertex 7940.010000000002 5699.980000000001 1399.9700000000003
endloop
endfacet
facet normal 0 0 -0.9999999999999999
outer loop
vertex 7499.960000000002 5449.990000000002 1399.9700000000003
vertex 7940.010000000002 5699.980000000001 1399.9700000000003
vertex 8819.980000000001 5699.980000000001 1399.9700000000003
endloop
endfacet
facet normal 0 0 -1
outer loop
vertex 7499.960000000002 5449.990000000002 1399.9700000000003
vertex 8819.980000000001 5699.980000000001 1399.9700000000003
vertex 9500.010000000002 5699.980000000001 1399.9700000000003
endloop
endfacet
facet normal 0 0 -1
outer loop
vertex 7499.960000000002 5449.990000000002 1399.9700000000003
vertex 9500.010000000002 5699.980000000001 1399.9700000000003
vertex 9500.010000000002 5200.000000000001 1399.9700000000003
endloop
endfacet
facet normal 0 0 -1
outer loop
vertex 7499.960000000002 5449.990000000002 1399.9700000000003
vertex 9500.010000000002 5200.000000000001 1399.9700000000003
vertex 8819.980000000001 5200.000000000001 1399.9700000000003
endloop
endfacet
facet normal 0 0 -1
outer loop
vertex 7499.960000000002 5449.990000000002 1399.9700000000003
vertex 8819.980000000001 5200.000000000001 1399.9700000000003
vertex 7940.010000000002 5200.000000000001 1399.9700000000003
endloop
endfacet
facet normal 0 0 -1
outer loop
vertex 7499.960000000002 5449.990000000002 1399.9700000000003
vertex 7940.010000000002 5200.000000000001 1399.9700000000003
vertex 7060.040000000002 5200.000000000001 1399.9700000000003
endloop
endfacet
facet normal 0 0 -1
outer loop
vertex 7499.960000000002 5449.990000000002 1399.9700000000003
vertex 7060.040000000002 5200.000000000001 1399.9700000000003
vertex 6179.940000000001 5200.000000000001 1399.9700000000003
endloop
endfacet
facet normal 0 0 -1
outer loop
vertex 7499.960000000002 5449.990000000002 1399.9700000000003
vertex 6179.940000000001 5200.000000000001 1399.9700000000003
vertex 5500.040000000002 5200.000000000001 1399.9700000000003
endloop
endfacet
facet normal 0 0 -1
outer loop
vertex 7499.960000000002 5449.990000000002 1399.9700000000003
vertex 5500.040000000002 5200.000000000001 1399.9700000000003
vertex 5500.040000000002 5699.980000000001 1399.9700000000003
endloop
endfacet
facet normal 0 0 -1
outer loop
vertex 7499.960000000002 5449.990000000002 1399.9700000000003
vertex 5500.040000000002 5699.980000000001 1399.9700000000003
vertex 6179.940000000001 5699.980000000001 1399.9700000000003
endloop
endfacet
facet normal 0 0 -1
outer loop
vertex 6179.940000000001 5200.000000000001 1399.9700000000003
vertex 6140.940000000001 5196.100000000001 1399.9700000000003
vertex 5500.040000000002 5196.100000000001 1399.9700000000003
endloop
endfacet
facet normal 0 0 -1
outer loop
vertex 6179.940000000001 5200.000000000001 1399.9700000000003
vertex 5500.040000000002 5196.100000000001 1399.9700000000003
vertex 5500.040000000002 5200.000000000001 1399.9700000000003
endloop
endfacet
facet normal 0 0 -0.9999999999999999
outer loop
vertex 7060.040000000002 5200.000000000001 1399.9700000000003
vertex 7021.040000000002 5196.100000000001 1399.9700000000003
vertex 6219.0700000000015 5196.100000000001 1399.9700000000003
endloop
endfacet
facet normal 0 0 -1
outer loop
vertex 7060.040000000002 5200.000000000001 1399.9700000000003
vertex 6219.0700000000015 5196.100000000001 1399.9700000000003
vertex 6179.940000000001 5200.000000000001 1399.9700000000003
endloop
endfacet
facet normal 0 0 -0.9999999999999999
outer loop
vertex 7940.010000000002 5200.000000000001 1399.9700000000003
vertex 7901.010000000002 5196.100000000001 1399.9700000000003
vertex 7099.040000000002 5196.100000000001 1399.9700000000003
endloop
endfacet
facet normal 0 0 -1
outer loop
vertex 7940.010000000002 5200.000000000001 1399.9700000000003
vertex 7099.040000000002 5196.100000000001 1399.9700000000003
vertex 7060.040000000002 5200.000000000001 1399.9700000000003
endloop
endfacet
facet normal 0 0 -0.9999999999999999
outer loop
vertex 8819.980000000001 5200.000000000001 1399.9700000000003
vertex 8780.980000000001 5196.100000000001 1399.9700000000003
vertex 7979.010000000002 5196.100000000001 1399.9700000000003
endloop
endfacet
facet normal 0 0 -0.9999999999999999
outer loop
vertex 8819.980000000001 5200.000000000001 1399.9700000000003
vertex 7979.010000000002 5196.100000000001 1399.9700000000003
vertex 7940.010000000002 5200.000000000001 1399.9700000000003
endloop
endfacet
facet normal 0 0 -1
outer loop
vertex 9500.010000000002 5200.000000000001 1399.9700000000003
vertex 9500.010000000002 5196.100000000001 1399.9700000000003
vertex 8858.980000000001 5196.100000000001 1399.9700000000003
endloop
endfacet
facet normal 0 0 -0.9999999999999999
outer loop
vertex 9500.010000000002 5200.000000000001 1399.9700000000003
vertex 8858.980000000001 5196.100000000001 1399.9700000000003
vertex 8819.980000000001 5200.000000000001 1399.9700000000003
endloop
endfacet
facet normal 0 0 -1
outer loop
vertex 6140.940000000001 5196.100000000001 1399.9700000000003
vertex 6103.500000000002 5184.790000000001 1399.9700000000003
vertex 5500.040000000002 5184.790000000001 1399.9700000000003
endloop
endfacet
facet normal 0 0 -1
outer loop
vertex 6140.940000000001 5196.100000000001 1399.9700000000003
vertex 5500.040000000002 5184.790000000001 1399.9700000000003
vertex 5500.040000000002 5196.100000000001 1399.9700000000003
endloop
endfacet
facet normal 0 0 -1
outer loop
vertex 7021.040000000002 5196.100000000001 1399.9700000000003
vertex 6983.470000000002 5184.790000000001 1399.9700000000003
vertex 6256.510000000001 5184.790000000001 1399.9700000000003
endloop
endfacet
facet normal 0 0 -1
outer loop
vertex 7021.040000000002 5196.100000000001 1399.9700000000003
vertex 6256.510000000001 5184.790000000001 1399.9700000000003
vertex 6219.0700000000015 5196.100000000001 1399.9700000000003
endloop
endfacet
facet normal 0 0 -1
outer loop
vertex 7901.010000000002 5196.100000000001 1399.9700000000003
vertex 7863.440000000002 5184.790000000001 1399.9700000000003
vertex 7136.480000000001 5184.790000000001 1399.9700000000003
endloop
endfacet
facet normal 0 0 -1
outer loop
vertex 7901.010000000002 5196.100000000001 1399.9700000000003
vertex 7136.480000000001 5184.790000000001 1399.9700000000003
vertex 7099.040000000002 5196.100000000001 1399.9700000000003
endloop
endfacet
facet normal 0 0 -1
outer loop
vertex 8780.980000000001 5196.100000000001 1399.9700000000003
vertex 8743.410000000002 5184.790000000001 1399.9700000000003
vertex 8016.580000000002 5184.790000000001 1399.9700000000003
endloop
endfacet
facet normal 0 0 -1
outer loop
vertex 8780.980000000001 5196.100000000001 1399.9700000000003
vertex 8016.580000000002 5184.790000000001 1399.9700000000003
vertex 7979.010000000002 5196.100000000001 1399.9700000000003
endloop
endfacet
facet normal 0 0 -1
outer loop
vertex 9500.010000000002 5196.100000000001 1399.9700000000003
vertex 9500.010000000002 5184.790000000001 1399.9700000000003
vertex 8896.550000000003 5184.790000000001 1399.9700000000003
endloop
endfacet
facet normal 0 0 -1
outer loop
vertex 9500.010000000002 5196.100000000001 1399.9700000000003
vertex 8896.550000000003 5184.790000000001 1399.9700000000003
vertex 8858.980000000001 5196.100000000001 1399.9700000000003
endloop
endfacet
facet normal 0 0 -1
outer loop
vertex 6103.500000000002 5184.790000000001 1399.9700000000003
vertex 6068.920000000002 5166.330000000001 1399.9700000000003
vertex 5500.040000000002 5166.330000000001 1399.9700000000003
endloop
endfacet
facet normal 0 0 -1
outer loop
vertex 6103.500000000002 5184.790000000001 1399.9700000000003
vertex 5500.040000000002 5166.330000000001 1399.9700000000003
vertex 5500.040000000002 5184.790000000001 1399.9700000000003
endloop
endfacet
facet normal 0 0 -1
outer loop
vertex 6983.470000000002 5184.790000000001 1399.9700000000003
vertex 6948.890000000002 5166.330000000001 1399.9700000000003
vertex 6291.090000000002 5166.330000000001 1399.9700000000003
endloop
endfacet
facet normal 0 0 -1
outer loop
vertex 6983.470000000002 5184.790000000001 1399.9700000000003
vertex 6291.090000000002 5166.330000000001 1399.9700000000003
vertex 6256.510000000001 5184.790000000001 1399.9700000000003
endloop
endfacet
facet normal 0 0 -1
outer loop
vertex 7863.440000000002 5184.790000000001 1399.9700000000003
vertex 7828.8600000000015 5166.330000000001 1399.9700000000003
vertex 7171.060000000002 5166.330000000001 1399.9700000000003
endloop
endfacet
facet normal 0 0 -1
outer loop
vertex 7863.440000000002 5184.790000000001 1399.9700000000003
vertex 7171.060000000002 5166.330000000001 1399.9700000000003
vertex 7136.480000000001 5184.790000000001 1399.9700000000003
endloop
endfacet
facet normal 0 0 -1
outer loop
vertex 8743.410000000002 5184.790000000001 1399.9700000000003
vertex 8708.830000000002 5166.330000000001 1399.9700000000003
vertex 8051.160000000002 5166.330000000001 1399.9700000000003
endloop
endfacet
facet normal 0 0 -1
outer loop
vertex 8743.410000000002 5184.790000000001 1399.9700000000003
vertex 8051.160000000002 5166.330000000001 1399.9700000000003
vertex 8016.580000000002 5184.790000000001 1399.9700000000003
endloop
endfacet
facet normal 0 0 -1
outer loop
vertex 9500.010000000002 5184.790000000001 1399.9700000000003
vertex 9500.010000000002 5166.330000000001 1399.9700000000003
vertex 8931.130000000003 5166.330000000001 1399.9700000000003
endloop
endfacet
facet normal 0 0 -1
outer loop
vertex 9500.010000000002 5184.790000000001 1399.9700000000003
vertex 8931.130000000003 5166.330000000001 1399.9700000000003
vertex 8896.550000000003 5184.790000000001 1399.9700000000003
endloop
endfacet
facet normal 0 0 -1
outer loop
vertex 6068.920000000002 5166.330000000001 1399.9700000000003
vertex 6038.630000000002 5141.370000000002 1399.9700000000003
vertex 5500.040000000002 5141.370000000002 1399.9700000000003
endloop
endfacet
facet normal 0 0 -1
outer loop
vertex 6068.920000000002 5166.330000000001 1399.9700000000003
vertex 5500.040000000002 5141.370000000002 1399.9700000000003
vertex 5500.040000000002 5166.330000000001 1399.9700000000003
endloop
endfacet
facet normal 0 0 -1
outer loop
vertex 6948.890000000002 5166.330000000001 1399.9700000000003
vertex 6918.600000000001 5141.370000000002 1399.9700000000003
vertex 6321.380000000002 5141.370000000002 1399.9700000000003
endloop
endfacet
facet normal 0 0 -1
outer loop
vertex 6948.890000000002 5166.330000000001 1399.9700000000003
vertex 6321.380000000002 5141.370000000002 1399.9700000000003
vertex 6291.090000000002 5166.330000000001 1399.9700000000003
endloop
endfacet
facet normal 0 0 -0.9999999999999999
outer loop
vertex 7828.8600000000015 5166.330000000001 1399.9700000000003
vertex 7798.5700000000015 5141.370000000002 1399.9700000000003
vertex 7201.480000000001 5141.370000000002 1399.9700000000003
endloop
endfacet
facet normal 0 0 -1
outer loop
vertex 7828.8600000000015 5166.330000000001 1399.9700000000003
vertex 7201.480000000001 5141.370000000002 1399.9700000000003
vertex 7171.060000000002 5166.330000000001 1399.9700000000003
endloop
endfacet
facet normal 0 0 -1
outer loop
vertex 8708.830000000002 5166.330000000001 1399.9700000000003
vertex 8678.540000000003 5141.370000000002 1399.9700000000003
vertex 8081.450000000002 5141.370000000002 1399.9700000000003
endloop
endfacet
facet normal 0 0 -1
outer loop
vertex 8708.830000000002 5166.330000000001 1399.9700000000003
vertex 8081.450000000002 5141.370000000002 1399.9700000000003
vertex 8051.160000000002 5166.330000000001 1399.9700000000003
endloop
endfacet
facet normal 0 0 -1
outer loop
vertex 9500.010000000002 5166.330000000001 1399.9700000000003
vertex 9500.010000000002 5141.370000000002 1399.9700000000003
vertex 8961.420000000002 5141.370000000002 1399.9700000000003
endloop
endfacet
facet normal 0 0 -1
outer loop
vertex 9500.010000000002 5166.330000000001 1399.9700000000003
vertex 8961.420000000002 5141.370000000002 1399.9700000000003
vertex 8931.130000000003 5166.330000000001 1399.9700000000003
endloop
endfacet
facet normal 0 0 -1
outer loop
vertex 6038.630000000002 5141.370000000002 1399.9700000000003
vertex 6013.670000000002 5111.080000000001 1399.9700000000003
vertex 5500.040000000002 5111.080000000001 1399.9700000000003
endloop
endfacet
facet normal 0 0 -1
outer loop
vertex 6038.630000000002 5141.370000000002 1399.9700000000003
vertex 5500.040000000002 5111.080000000001 1399.9700000000003
vertex 5500.040000000002 5141.370000000002 1399.9700000000003
endloop
endfacet
facet normal 0 0 -1
outer loop
vertex 6918.600000000001 5141.370000000002 1399.9700000000003
vertex 6893.770000000001 5111.080000000001 1399.9700000000003
vertex 6346.340000000002 5111.080000000001 1399.9700000000003
endloop
endfacet
facet normal 0 0 -1
outer loop
vertex 6918.600000000001 5141.370000000002 1399.9700000000003
vertex 6346.340000000002 5111.080000000001 1399.9700000000003
vertex 6321.380000000002 5141.370000000002 1399.9700000000003
endloop
endfacet
facet normal 0 0 -1
outer loop
vertex 7798.5700000000015 5141.370000000002 1399.9700000000003
vertex 7773.740000000002 5111.080000000001 1399.9700000000003
vertex 7226.310000000002 5111.080000000001 1399.9700000000003
endloop
endfacet
facet normal 0 0 -1
outer loop
vertex 7798.5700000000015 5141.370000000002 1399.9700000000003
vertex 7226.310000000002 5111.080000000001 1399.9700000000003
vertex 7201.480000000001 5141.370000000002 1399.9700000000003
endloop
endfacet
facet normal 0 0 -1
outer loop
vertex 8678.540000000003 5141.370000000002 1399.9700000000003
vertex 8653.710000000003 5111.080000000001 1399.9700000000003
vertex 8106.280000000002 5111.080000000001 1399.9700000000003
endloop
endfacet
facet normal 0 0 -1
outer loop
vertex 8678.540000000003 5141.370000000002 1399.9700000000003
vertex 8106.280000000002 5111.080000000001 1399.9700000000003
vertex 8081.450000000002 5141.370000000002 1399.9700000000003
endloop
endfacet
facet normal 0 0 -0.9999999999999999
outer loop
vertex 9500.010000000002 5141.370000000002 1399.9700000000003
vertex 9500.010000000002 5111.080000000001 1399.9700000000003
vertex 8986.250000000002 5111.080000000001 1399.9700000000003
endloop
endfacet
facet normal 0 0 -1
outer loop
vertex 9500.010000000002 5141.370000000002 1399.9700000000003
vertex 8986.250000000002 5111.080000000001 1399.9700000000003
vertex 8961.420000000002 5141.370000000002 1399.9700000000003
endloop
endfacet
facet normal 0 0 -1
outer loop
vertex 6013.670000000002 5111.080000000001 1399.9700000000003
vertex 5995.210000000002 5076.500000000001 1399.9700000000003
vertex 5500.040000000002 5076.500000000001 1399.9700000000003
endloop
endfacet
facet normal 0 0 -1
outer loop
vertex 6013.670000000002 5111.080000000001 1399.9700000000003
vertex 5500.040000000002 5076.500000000001 1399.9700000000003
vertex 5500.040000000002 5111.080000000001 1399.9700000000003
endloop
endfacet
facet normal 0 0 -1
outer loop
vertex 6893.770000000001 5111.080000000001 1399.9700000000003
vertex 6875.180000000002 5076.500000000001 1399.9700000000003
vertex 6364.800000000002 5076.500000000001 1399.9700000000003
endloop
endfacet
facet normal 0 0 -1
outer loop
vertex 6893.770000000001 5111.080000000001 1399.9700000000003
vertex 6364.800000000002 5076.500000000001 1399.9700000000003
vertex 6346.340000000002 5111.080000000001 1399.9700000000003
endloop
endfacet
facet normal 0 0 -1
outer loop
vertex 7773.740000000002 5111.080000000001 1399.9700000000003
vertex 7755.280000000002 5076.500000000001 1399.9700000000003
vertex 7244.770000000001 5076.500000000001 1399.9700000000003
endloop
endfacet
facet normal 0 0 -1
outer loop
vertex 7773.740000000002 5111.080000000001 1399.9700000000003
vertex 7244.770000000001 5076.500000000001 1399.9700000000003
vertex 7226.310000000002 5111.080000000001 1399.9700000000003
endloop
endfacet
facet normal 0 0 -1
outer loop
vertex 8653.710000000003 5111.080000000001 1399.9700000000003
vertex 8635.250000000002 5076.500000000001 1399.9700000000003
vertex 8124.740000000002 5076.500000000001 1399.9700000000003
endloop
endfacet
facet normal 0 0 -1
outer loop
vertex 8653.710000000003 5111.080000000001 1399.9700000000003
vertex 8124.740000000002 5076.500000000001 1399.9700000000003
vertex 8106.280000000002 5111.080000000001 1399.9700000000003
endloop
endfacet
facet normal 0 0 -1
outer loop
vertex 9500.010000000002 5111.080000000001 1399.9700000000003
vertex 9500.010000000002 5076.500000000001 1399.9700000000003
vertex 9004.840000000002 5076.500000000001 1399.9700000000003
endloop
endfacet
facet normal 0 0 -1
outer loop
vertex 9500.010000000002 5111.080000000001 1399.9700000000003
vertex 9004.840000000002 5076.500000000001 1399.9700000000003
vertex 8986.250000000002 5111.080000000001 1399.9700000000003
endloop
endfacet
facet normal 0 0 -1
outer loop
vertex 5995.210000000002 5076.500000000001 1399.9700000000003
vertex 5983.9000000000015 5039.060000000001 1399.9700000000003
vertex 5500.040000000002 5039.060000000001 1399.9700000000003
endloop
endfacet
facet normal 0 0 -1
outer loop
vertex 5995.210000000002 5076.500000000001 1399.9700000000003
vertex 5500.040000000002 5039.060000000001 1399.9700000000003
vertex 5500.040000000002 5076.500000000001 1399.9700000000003
endloop
endfacet
facet normal 0 0 -1
outer loop
vertex 6875.180000000002 5076.500000000001 1399.9700000000003
vertex 6863.870000000002 5039.060000000001 1399.9700000000003
vertex 6376.1100000000015 5039.060000000001 1399.9700000000003
endloop
endfacet
facet normal 0 0 -1
outer loop
vertex 6875.180000000002 5076.500000000001 1399.9700000000003
vertex 6376.1100000000015 5039.060000000001 1399.9700000000003
vertex 6364.800000000002 5076.500000000001 1399.9700000000003
endloop
endfacet
facet normal 0 0 -1
outer loop
vertex 7755.280000000002 5076.500000000001 1399.9700000000003
vertex 7743.840000000002 5039.060000000001 1399.9700000000003
vertex 7256.210000000002 5039.060000000001 1399.9700000000003
endloop
endfacet
facet normal 0 0 -1
outer loop
vertex 7755.280000000002 5076.500000000001 1399.9700000000003
vertex 7256.210000000002 5039.060000000001 1399.9700000000003
vertex 7244.770000000001 5076.500000000001 1399.9700000000003
endloop
endfacet
facet normal 0 0 -1
outer loop
vertex 8635.250000000002 5076.500000000001 1399.9700000000003
vertex 8623.810000000001 5039.060000000001 1399.9700000000003
vertex 8136.180000000002 5039.060000000001 1399.9700000000003
endloop
endfacet
facet normal 0 0 -1
outer loop
vertex 8635.250000000002 5076.500000000001 1399.9700000000003
vertex 8136.180000000002 5039.060000000001 1399.9700000000003
vertex 8124.740000000002 5076.500000000001 1399.9700000000003
endloop
endfacet
facet normal 0 0 -1
outer loop
vertex 9500.010000000002 5076.500000000001 1399.9700000000003
vertex 9500.010000000002 5039.060000000001 1399.9700000000003
vertex 9016.150000000001 5039.060000000001 1399.9700000000003
endloop
endfacet
facet normal 0 0 -1
outer loop
vertex 9500.010000000002 5076.500000000001 1399.9700000000003
vertex 9016.150000000001 5039.060000000001 1399.9700000000003
vertex 9004.840000000002 5076.500000000001 1399.9700000000003
endloop
endfacet
facet normal 0 0 -1
outer loop
vertex 5983.9000000000015 5039.060000000001 1399.9700000000003
vertex 5980.000000000002 5000.060000000001 1399.9700000000003
vertex 5500.040000000002 5000.060000000001 1399.9700000000003
endloop
endfacet
facet normal 0 0 -0.9999999999999999
outer loop
vertex 5983.9000000000015 5039.060000000001 1399.9700000000003
vertex 5500.040000000002 5000.060000000001 1399.9700000000003
vertex 5500.040000000002 5039.060000000001 1399.9700000000003
endloop
endfacet
facet normal 0 0 -1
outer loop
vertex 6863.870000000002 5039.060000000001 1399.9700000000003
vertex 6859.970000000002 5000.060000000001 1399.9700000000003
vertex 6380.010000000001 5000.060000000001 1399.9700000000003
endloop
endfacet
facet normal 0 0 -1
outer loop
vertex 6863.870000000002 5039.060000000001 1399.9700000000003
vertex 6380.010000000001 5000.060000000001 1399.9700000000003
vertex 6376.1100000000015 5039.060000000001 1399.9700000000003
endloop
endfacet
facet normal 0 0 -1
outer loop
vertex 7743.840000000002 5039.060000000001 1399.9700000000003
vertex 7739.940000000002 5000.060000000001 1399.9700000000003
vertex 7259.980000000001 5000.060000000001 1399.9700000000003
endloop
endfacet
facet normal 0 0 -1
outer loop
vertex 7743.840000000002 5039.060000000001 1399.9700000000003
vertex 7259.980000000001 5000.060000000001 1399.9700000000003
vertex 7256.210000000002 5039.060000000001 1399.9700000000003
endloop
endfacet
facet normal 0 0 -1
outer loop
vertex 8623.810000000001 5039.060000000001 1399.9700000000003
vertex 8620.040000000003 5000.060000000001 1399.9700000000003
vertex 8139.950000000002 5000.060000000001 1399.9700000000003
endloop
endfacet
facet normal 0 0 -1
outer loop
vertex 8623.810000000001 5039.060000000001 1399.9700000000003
vertex 8139.950000000002 5000.060000000001 1399.9700000000003
vertex 8136.180000000002 5039.060000000001 1399.9700000000003
endloop
endfacet
facet normal 0 0 -1
outer loop
vertex 9500.010000000002 5039.060000000001 1399.9700000000003
vertex 9500.010000000002 5000.060000000001 1399.9700000000003
vertex 9020.050000000003 5000.060000000001 1399.9700000000003
endloop
endfacet
facet normal 0 0 -1
outer loop
vertex 9500.010000000002 5039.060000000001 1399.9700000000003
vertex 9020.050000000003 5000.060000000001 1399.9700000000003
vertex 9016.150000000001 5039.060000000001 1399.9700000000003
endloop
endfacet
facet normal 0 0 -1
outer loop
vertex 5980.000000000002 5000.060000000001 1399.9700000000003
vertex 5983.9000000000015 4960.930000000001 1399.9700000000003
vertex 5500.040000000002 4960.930000000001 1399.9700000000003
endloop
endfacet
facet normal 0 0 -1
outer loop
vertex 5980.000000000002 5000.060000000001 1399.9700000000003
vertex 5500.040000000002 4960.930000000001 1399.9700000000003
vertex 5500.040000000002 5000.060000000001 1399.9700000000003
endloop
endfacet
facet normal 0 0 -1
outer loop
vertex 6859.970000000002 5000.060000000001 1399.9700000000003
vertex 6863.870000000002 4960.930000000001 1399.9700000000003
vertex 6376.1100000000015 4960.930000000001 1399.9700000000003
endloop
endfacet
facet normal 0 0 -1
outer loop
vertex 6859.970000000002 5000.060000000001 1399.9700000000003
vertex 6376.1100000000015 4960.930000000001 1399.9700000000003
vertex 6380.010000000001 5000.060000000001 1399.9700000000003
endloop
endfacet
facet normal 0 0 -1
outer loop
vertex 7739.940000000002 5000.060000000001 1399.9700000000003
vertex 7743.840000000002 4960.930000000001 1399.9700000000003
vertex 7256.210000000002 4960.930000000001 1399.9700000000003
endloop
endfacet
facet normal 0 0 -1
outer loop
vertex 7739.940000000002 5000.060000000001 1399.9700000000003
vertex 7256.210000000002 4960.930000000001 1399.9700000000003
vertex 7259.980000000001 5000.060000000001 1399.9700000000003
endloop
endfacet
facet normal 0 0 -1
outer loop
vertex 8620.040000000003 5000.060000000001 1399.9700000000003
vertex 8623.810000000001 4960.930000000001 1399.9700000000003
vertex 8136.180000000002 4960.930000000001 1399.9700000000003
endloop
endfacet
facet normal 0 0 -1
outer loop
vertex 8620.040000000003 5000.060000000001 1399.9700000000003
vertex 8136.180000000002 4960.930000000001 1399.9700000000003
vertex 8139.950000000002 5000.060000000001 1399.9700000000003
endloop
endfacet
facet normal 0 0 -1
outer loop
vertex 9500.010000000002 5000.060000000001 1399.9700000000003
vertex 9500.010000000002 4960.930000000001 1399.9700000000003
vertex 9016.150000000001 4960.930000000001 1399.9700000000003
endloop
endfacet
facet normal 0 0 -1
outer loop
vertex 9500.010000000002 5000.060000000001 1399.9700000000003
vertex 9016.150000000001 4960.930000000001 1399.9700000000003
vertex 9020.050000000003 5000.060000000001 1399.9700000000003
endloop
endfacet
facet normal 0 0 -1
outer loop
vertex 5983.9000000000015 4960.930000000001 1399.9700000000003
vertex 5995.210000000002 4923.490000000002 1399.9700000000003
vertex 5500.040000000002 4923.490000000002 1399.9700000000003
endloop
endfacet
facet normal 0 0 -1
outer loop
vertex 5983.9000000000015 4960.930000000001 1399.9700000000003
vertex 5500.040000000002 4923.490000000002 1399.9700000000003
vertex 5500.040000000002 4960.930000000001 1399.9700000000003
endloop
endfacet
facet normal 0 0 -1
outer loop
vertex 6863.870000000002 4960.930000000001 1399.9700000000003
vertex 6875.180000000002 4923.490000000002 1399.9700000000003
vertex 6364.800000000002 4923.490000000002 1399.9700000000003
endloop
endfacet
facet normal 0 0 -1
outer loop
vertex 6863.870000000002 4960.930000000001 1399.9700000000003
vertex 6364.800000000002 4923.490000000002 1399.9700000000003
vertex 6376.1100000000015 4960.930000000001 1399.9700000000003
endloop
endfacet
facet normal 0 0 -1
outer loop
vertex 7743.840000000002 4960.930000000001 1399.9700000000003
vertex 7755.280000000002 4923.490000000002 1399.9700000000003
vertex 7244.770000000001 4923.490000000002 1399.9700000000003
endloop
endfacet
facet normal 0 0 -1
outer loop
vertex 7743.840000000002 4960.930000000001 1399.9700000000003
vertex 7244.770000000001 4923.490000000002 1399.9700000000003
vertex 7256.210000000002 4960.930000000001 1399.9700000000003
endloop
endfacet
facet normal 0 0 -1
outer loop
vertex 8623.810000000001 4960.930000000001 1399.9700000000003
vertex 8635.250000000002 4923.490000000002 1399.9700000000003
vertex 8124.740000000002 4923.490000000002 1399.9700000000003
endloop
endfacet
facet normal 0 0 -1
outer loop
vertex 8623.810000000001 4960.930000000001 1399.9700000000003
vertex 8124.740000000002 4923.490000000002 1399.9700000000003
vertex 8136.180000000002 4960.930000000001 1399.9700000000003
endloop
endfacet
facet normal 0 0 -1
outer loop
vertex 9500.010000000002 4960.930000000001 1399.9700000000003
vertex 9500.010000000002 4923.490000000002 1399.9700000000003
vertex 9004.840000000002 4923.490000000002 1399.9700000000003
endloop
endfacet
facet normal 0 0 -1
outer loop
vertex 9500.010000000002 4960.930000000001 1399.9700000000003
vertex 9004.840000000002 4923.490000000002 1399.9700000000003
vertex 9016.150000000001 4960.930000000001 1399.9700000000003
endloop
endfacet
facet normal 0 0 -1
outer loop
vertex 5995.210000000002 4923.490000000002 1399.9700000000003
vertex 6013.670000000002 4888.910000000001 1399.9700000000003
vertex 5500.040000000002 4888.910000000001 1399.9700000000003
endloop
endfacet
facet normal 0 0 -1
outer loop
vertex 5995.210000000002 4923.490000000002 1399.9700000000003
vertex 5500.040000000002 4888.910000000001 1399.9700000000003
vertex 5500.040000000002 4923.490000000002 1399.9700000000003
endloop
endfacet
facet normal 0 0 -1
outer loop
vertex 6875.180000000002 4923.490000000002 1399.9700000000003
vertex 6893.770000000001 4888.910000000001 1399.9700000000003
vertex 6346.340000000002 4888.910000000001 1399.9700000000003
endloop
endfacet
facet normal 0 0 -1
outer loop
vertex 6875.180000000002 4923.490000000002 1399.9700000000003
vertex 6346.340000000002 4888.910000000001 1399.9700000000003
vertex 6364.800000000002 4923.490000000002 1399.9700000000003
endloop
endfacet
facet normal 0 0 -1
outer loop
vertex 7755.280000000002 4923.490000000002 1399.9700000000003
vertex 7773.740000000002 4888.910000000001 1399.9700000000003
vertex 7226.310000000002 4888.910000000001 1399.9700000000003
endloop
endfacet
facet normal 0 0 -1
outer loop
vertex 7755.280000000002 4923.490000000002 1399.9700000000003
vertex 7226.310000000002 4888.910000000001 1399.9700000000003
vertex 7244.770000000001 4923.490000000002 1399.9700000000003
endloop
endfacet
facet normal 0 0 -1
outer loop
vertex 8635.250000000002 4923.490000000002 1399.9700000000003
vertex 8653.710000000003 4888.910000000001 1399.9700000000003
vertex 8106.280000000002 4888.910000000001 1399.9700000000003
endloop
endfacet
facet normal 0 0 -1
outer loop
vertex 8635.250000000002 4923.490000000002 1399.9700000000003
vertex 8106.280000000002 4888.910000000001 1399.9700000000003
vertex 8124.740000000002 4923.490000000002 1399.9700000000003
endloop
endfacet
facet normal 0 0 -1
outer loop
vertex 9500.010000000002 4923.490000000002 1399.9700000000003
vertex 9500.010000000002 4888.910000000001 1399.9700000000003
vertex 8986.250000000002 4888.910000000001 1399.9700000000003
endloop
endfacet
facet normal 0 0 -1
outer loop
vertex 9500.010000000002 4923.490000000002 1399.9700000000003
vertex 8986.250000000002 4888.910000000001 1399.9700000000003
vertex 9004.840000000002 4923.490000000002 1399.9700000000003
endloop
endfacet
facet normal 0 0 -1
outer loop
vertex 6013.670000000002 4888.910000000001 1399.9700000000003
vertex 6038.630000000002 4858.620000000001 1399.9700000000003
vertex 5500.040000000002 4858.620000000001 1399.9700000000003
endloop
endfacet
facet normal 0 0 -1
outer loop
vertex 6013.670000000002 4888.910000000001 1399.9700000000003
vertex 5500.040000000002 4858.620000000001 1399.9700000000003
vertex 5500.040000000002 4888.910000000001 1399.9700000000003
endloop
endfacet
facet normal 0 0 -1
outer loop
vertex 6893.770000000001 4888.910000000001 1399.9700000000003
vertex 6918.600000000001 4858.620000000001 1399.9700000000003
vertex 6321.380000000002 4858.620000000001 1399.9700000000003
endloop
endfacet
facet normal 0 0 -1
outer loop
vertex 6893.770000000001 4888.910000000001 1399.9700000000003
vertex 6321.380000000002 4858.620000000001 1399.9700000000003
vertex 6346.340000000002 4888.910000000001 1399.9700000000003
endloop
endfacet
facet normal 0 0 -1
outer loop
vertex 7773.740000000002 4888.910000000001 1399.9700000000003
vertex 7798.5700000000015 4858.620000000001 1399.9700000000003
vertex 7201.480000000001 4858.620000000001 1399.9700000000003
endloop
endfacet
facet normal 0 0 -1
outer loop
vertex 7773.740000000002 4888.910000000001 1399.9700000000003
vertex 7201.480000000001 4858.620000000001 1399.9700000000003
vertex 7226.310000000002 4888.910000000001 1399.9700000000003
endloop
endfacet
facet normal 0 0 -1
outer loop
vertex 8653.710000000003 4888.910000000001 1399.9700000000003
vertex 8678.540000000003 4858.620000000001 1399.9700000000003
vertex 8081.450000000002 4858.620000000001 1399.9700000000003
endloop
endfacet
facet normal 0 0 -1
outer loop
vertex 8653.710000000003 4888.910000000001 1399.9700000000003
vertex 8081.450000000002 4858.620000000001 1399.9700000000003
vertex 8106.280000000002 4888.910000000001 1399.9700000000003
endloop
endfacet
facet normal 0 0 -1
outer loop
vertex 9500.010000000002 4888.910000000001 1399.9700000000003
vertex 9500.010000000002 4858.620000000001 1399.9700000000003
vertex 8961.420000000002 4858.620000000001 1399.9700000000003
endloop
endfacet
facet normal 0 0 -1
outer loop
vertex 9500.010000000002 4888.910000000001 1399.9700000000003
vertex 8961.420000000002 4858.620000000001 1399.9700000000003
vertex 8986.250000000002 4888.910000000001 1399.9700000000003
endloop
endfacet
facet normal 0 0 -1
outer loop
vertex 6038.630000000002 4858.620000000001 1399.9700000000003
vertex 6068.920000000002 4833.660000000001 1399.9700000000003
vertex 5500.040000000002 4833.660000000001 1399.9700000000003
endloop
endfacet
facet normal 0 0 -1
outer loop
vertex 6038.630000000002 4858.620000000001 1399.9700000000003
vertex 5500.040000000002 4833.660000000001 1399.9700000000003
vertex 5500.040000000002 4858.620000000001 1399.9700000000003
endloop
endfacet
facet normal 0 0 -1
outer loop
vertex 6918.600000000001 4858.620000000001 1399.9700000000003
vertex 6948.890000000002 4833.660000000001 1399.9700000000003
vertex 6291.090000000002 4833.660000000001 1399.9700000000003
endloop
endfacet
facet normal 0 0 -1
outer loop
vertex 6918.600000000001 4858.620000000001 1399.9700000000003
vertex 6291.090000000002 4833.660000000001 1399.9700000000003
vertex 6321.380000000002 4858.620000000001 1399.9700000000003
endloop
endfacet
facet normal 0 0 -1
outer loop
vertex 7798.5700000000015 4858.620000000001 1399.9700000000003
vertex 7828.8600000000015 4833.660000000001 1399.9700000000003
vertex 7171.060000000002 4833.660000000001 1399.9700000000003
endloop
endfacet
facet normal 0 0 -1
outer loop
vertex 7798.5700000000015 4858.620000000001 1399.9700000000003
vertex 7171.060000000002 4833.660000000001 1399.9700000000003
vertex 7201.480000000001 4858.620000000001 1399.9700000000003
endloop
endfacet
facet normal 0 0 -1
outer loop
vertex 8678.540000000003 4858.620000000001 1399.9700000000003
vertex 8708.830000000002 4833.660000000001 1399.9700000000003
vertex 8051.160000000002 4833.660000000001 1399.9700000000003
endloop
endfacet
facet normal 0 0 -0.9999999999999999
outer loop
vertex 8678.540000000003 4858.620000000001 1399.9700000000003
vertex 8051.160000000002 4833.660000000001 1399.9700000000003
vertex 8081.450000000002 4858.620000000001 1399.9700000000003
endloop
endfacet
facet normal 0 0 -1
outer loop
vertex 9500.010000000002 4858.620000000001 1399.9700000000003
vertex 9500.010000000002 4833.660000000001 1399.9700000000003
vertex 8931.130000000003 4833.660000000001 1399.9700000000003
endloop
endfacet
facet normal 0 0 -1
outer loop
vertex 9500.010000000002 4858.620000000001 1399.9700000000003
vertex 8931.130000000003 4833.660000000001 1399.9700000000003
vertex 8961.420000000002 4858.620000000001 1399.9700000000003
endloop
endfacet
facet normal 0 0 -1
outer loop
vertex 6068.920000000002 4833.660000000001 1399.9700000000003
vertex 6103.500000000002 4815.200000000002 1399.9700000000003
vertex 5500.040000000002 4815.200000000002 1399.9700000000003
endloop
endfacet
facet normal 0 0 -1
outer loop
vertex 6068.920000000002 4833.660000000001 1399.9700000000003
vertex 5500.040000000002 4815.200000000002 1399.9700000000003
vertex 5500.040000000002 4833.660000000001 1399.9700000000003
endloop
endfacet
facet normal 0 0 -1
outer loop
vertex 6948.890000000002 4833.660000000001 1399.9700000000003
vertex 6983.470000000002 4815.200000000002 1399.9700000000003
vertex 6256.510000000001 4815.200000000002 1399.9700000000003
endloop
endfacet
facet normal 0 0 -1
outer loop
vertex 6948.890000000002 4833.660000000001 1399.9700000000003
vertex 6256.510000000001 4815.200000000002 1399.9700000000003
vertex 6291.090000000002 4833.660000000001 1399.9700000000003
endloop
endfacet
facet normal 0 0 -1
outer loop
vertex 7828.8600000000015 4833.660000000001 1399.9700000000003
vertex 7863.440000000002 4815.200000000002 1399.9700000000003
vertex 7136.480000000001 4815.200000000002 1399.9700000000003
endloop
endfacet
facet normal 0 0 -1
outer loop
vertex 7828.8600000000015 4833.660000000001 1399.9700000000003
vertex 7136.480000000001 4815.200000000002 1399.9700000000003
vertex 7171.060000000002 4833.660000000001 1399.9700000000003
endloop
endfacet
facet normal 0 0 -0.9999999999999999
outer loop
vertex 8708.830000000002 4833.660000000001 1399.9700000000003
vertex 8743.410000000002 4815.200000000002 1399.9700000000003
vertex 8016.580000000002 4815.200000000002 1399.9700000000003
endloop
endfacet
facet normal 0 0 -0.9999999999999999
outer loop
vertex 8708.830000000002 4833.660000000001 1399.9700000000003
vertex 8016.580000000002 4815.200000000002 1399.9700000000003
vertex 8051.160000000002 4833.660000000001 1399.9700000000003
endloop
endfacet
facet normal 0 0 -1
outer loop
vertex 9500.010000000002 4833.660000000001 1399.9700000000003
vertex 9500.010000000002 4815.200000000002 1399.9700000000003
vertex 8896.550000000003 4815.200000000002 1399.9700000000003
endloop
endfacet
facet normal 0 0 -1
outer loop
vertex 9500.010000000002 4833.660000000001 1399.9700000000003
vertex 8896.550000000003 4815.200000000002 1399.9700000000003
vertex 8931.130000000003 4833.660000000001 1399.9700000000003
endloop
endfacet
facet normal 0 0 -1
outer loop
vertex 6103.500000000002 4815.200000000002 1399.9700000000003
vertex 6140.940000000001 4803.890000000001 1399.9700000000003
vertex 5500.040000000002 4803.890000000001 1399.9700000000003
endloop
endfacet
facet normal 0 0 -1
outer loop
vertex 6103.500000000002 4815.200000000002 1399.9700000000003
vertex 5500.040000000002 4803.890000000001 1399.9700000000003
vertex 5500.040000000002 4815.200000000002 1399.9700000000003
endloop
endfacet
facet normal 0 0 -1
outer loop
vertex 6983.470000000002 4815.200000000002 1399.9700000000003
vertex 7021.040000000002 4803.890000000001 1399.9700000000003
vertex 6219.0700000000015 4803.890000000001 1399.9700000000003
endloop
endfacet
facet normal 0 0 -1
outer loop
vertex 6983.470000000002 4815.200000000002 1399.9700000000003
vertex 6219.0700000000015 4803.890000000001 1399.9700000000003
vertex 6256.510000000001 4815.200000000002 1399.9700000000003
endloop
endfacet
facet normal 0 0 -1
outer loop
vertex 7863.440000000002 4815.200000000002 1399.9700000000003
vertex 7901.010000000002 4803.890000000001 1399.9700000000003
vertex 7099.040000000002 4803.890000000001 1399.9700000000003
endloop
endfacet
facet normal 0 0 -1
outer loop
vertex 7863.440000000002 4815.200000000002 1399.9700000000003
vertex 7099.040000000002 4803.890000000001 1399.9700000000003
vertex 7136.480000000001 4815.200000000002 1399.9700000000003
endloop
endfacet
facet normal 0 0 -1
outer loop
vertex 8743.410000000002 4815.200000000002 1399.9700000000003
vertex 8780.980000000001 4803.890000000001 1399.9700000000003
vertex 7979.010000000002 4803.890000000001 1399.9700000000003
endloop
endfacet
facet normal 0 0 -1
outer loop
vertex 8743.410000000002 4815.200000000002 1399.9700000000003
vertex 7979.010000000002 4803.890000000001 1399.9700000000003
vertex 8016.580000000002 4815.200000000002 1399.9700000000003
endloop
endfacet
facet normal 0 0 -1
outer loop
vertex 9500.010000000002 4815.200000000002 1399.9700000000003
vertex 9500.010000000002 4803.890000000001 1399.9700000000003
vertex 8858.980000000001 4803.890000000001 1399.9700000000003
endloop
endfacet
facet normal 0 0 -1
outer loop
vertex 9500.010000000002 4815.200000000002 1399.9700000000003
vertex 8858.980000000001 4803.890000000001 1399.9700000000003
vertex 8896.550000000003 4815.200000000002 1399.9700000000003
endloop
endfacet
facet normal 0 0 -1
outer loop
vertex 6140.940000000001 4803.890000000001 1399.9700000000003
vertex 6179.940000000001 4799.990000000002 1399.9700000000003
vertex 5500.040000000002 4799.990000000002 1399.9700000000003
endloop
endfacet
facet normal 0 0 -1
outer loop
vertex 6140.940000000001 4803.890000000001 1399.9700000000003
vertex 5500.040000000002 4799.990000000002 1399.9700000000003
vertex 5500.040000000002 4803.890000000001 1399.9700000000003
endloop
endfacet
facet normal 0 0 -1
outer loop
vertex 7021.040000000002 4803.890000000001 1399.9700000000003
vertex 7060.040000000002 4799.990000000002 1399.9700000000003
vertex 6179.940000000001 4799.990000000002 1399.9700000000003
endloop
endfacet
facet normal 0 0 -0.9999999999999999
outer loop
vertex 7021.040000000002 4803.890000000001 1399.9700000000003
vertex 6179.940000000001 4799.990000000002 1399.9700000000003
vertex 6219.0700000000015 4803.890000000001 1399.9700000000003
endloop
endfacet
facet normal 0 0 -1
outer loop
vertex 7901.010000000002 4803.890000000001 1399.9700000000003
vertex 7940.010000000002 4799.990000000002 1399.9700000000003
vertex 7060.040000000002 4799.990000000002 1399.9700000000003
endloop
endfacet
facet normal 0 0 -0.9999999999999999
outer loop
vertex 7901.010000000002 4803.890000000001 1399.9700000000003
vertex 7060.040000000002 4799.990000000002 1399.9700000000003
vertex 7099.040000000002 4803.890000000001 1399.9700000000003
endloop
endfacet
facet normal 0 0 -0.9999999999999999
outer loop
vertex 8780.980000000001 4803.890000000001 1399.9700000000003
vertex 8819.980000000001 4799.990000000002 1399.9700000000003
vertex 7940.010000000002 4799.990000000002 1399.9700000000003
endloop
endfacet
facet normal 0 0 -0.9999999999999999
outer loop
vertex 8780.980000000001 4803.890000000001 1399.9700000000003
vertex 7940.010000000002 4799.990000000002 1399.9700000000003
vertex 7979.010000000002 4803.890000000001 1399.9700000000003
endloop
endfacet
facet normal 0 0 -0.9999999999999999
outer loop
vertex 9500.010000000002 4803.890000000001 1399.9700000000003
vertex 9500.010000000002 4799.990000000002 1399.9700000000003
vertex 8819.980000000001 4799.990000000002 1399.9700000000003
endloop
endfacet
facet normal 0 0 -1
outer loop
vertex 9500.010000000002 4803.890000000001 1399.9700000000003
vertex 8819.980000000001 4799.990000000002 1399.9700000000003
vertex 8858.980000000001 4803.890000000001 1399.9700000000003
endloop
endfacet
facet normal 0 0 -1
outer loop
vertex 7499.960000000002 4550.000000000001 1399.9700000000003
vertex 6179.940000000001 4799.990000000002 1399.9700000000003
vertex 7060.040000000002 4799.990000000002 1399.9700000000003
endloop
endfacet
facet normal 0 0 -1
outer loop
vertex 7499.960000000002 4550.000000000001 1399.9700000000003
vertex 7060.040000000002 4799.990000000002 1399.9700000000003
vertex 7940.010000000002 4799.990000000002 1399.9700000000003
endloop
endfacet
facet normal 0 0 -1
outer loop
vertex 7499.960000000002 4550.000000000001 1399.9700000000003
vertex 7940.010000000002 4799.990000000002 1399.9700000000003
vertex 8819.980000000001 4799.990000000002 1399.9700000000003
endloop
endfacet
facet normal 0 0 -1
outer loop
vertex 7499.960000000002 4550.000000000001 1399.9700000000003
vertex 8819.980000000001 4799.990000000002 1399.9700000000003
vertex 9500.010000000002 4799.990000000002 1399.9700000000003
endloop
endfacet
facet normal 0 0 -1
outer loop
vertex 7499.960000000002 4550.000000000001 1399.9700000000003
vertex 9500.010000000002 4799.990000000002 1399.9700000000003
vertex 9500.010000000002 4300.010000000001 1399.9700000000003
endloop
endfacet
facet normal 0 0 -1
outer loop
vertex 7499.960000000002 4550.000000000001 1399.9700000000003
vertex 9500.010000000002 4300.010000000001 1399.9700000000003
vertex 8819.980000000001 4300.010000000001 1399.9700000000003
endloop
endfacet
facet normal 0 0 -0.9999999999999999
outer loop
vertex 7499.960000000002 4550.000000000001 1399.9700000000003
vertex 8819.980000000001 4300.010000000001 1399.9700000000003
vertex 7940.010000000002 4300.010000000001 1399.9700000000003
endloop
endfacet
facet normal 0 0 -1
outer loop
vertex 7499.960000000002 4550.000000000001 1399.9700000000003
vertex 7940.010000000002 4300.010000000001 1399.9700000000003
vertex 7060.040000000002 4300.010000000001 1399.9700000000003
endloop
endfacet
facet normal 0 0 -1
outer loop
vertex 7499.960000000002 4550.000000000001 1399.9700000000003
vertex 7060.040000000002 4300.010000000001 1399.9700000000003
vertex 6179.940000000001 4300.010000000001 1399.9700000000003
endloop
endfacet
facet normal 0 0 -1
outer loop
vertex 7499.960000000002 4550.000000000001 1399.9700000000003
vertex 6179.940000000001 4300.010000000001 1399.9700000000003
vertex 5500.040000000002 4300.010000000001 1399.9700000000003
endloop
endfacet
facet normal 0 0 -1
outer loop
vertex 7499.960000000002 4550.000000000001 1399.9700000000003
vertex 5500.040000000002 4300.010000000001 1399.9700000000003
vertex 5500.040000000002 4799.990000000002 1399.9700000000003
endloop
endfacet
facet normal 0 0 -1
outer loop
vertex 7499.960000000002 4550.000000000001 1399.9700000000003
vertex 5500.040000000002 4799.990000000002 1399.9700000000003
vertex 6179.940000000001 4799.990000000002 1399.9700000000003
endloop
endfacet
facet normal 0 0 -1
outer loop
vertex 6179.940000000001 4300.010000000001 1399.9700000000003
vertex 6140.940000000001 4296.1100000000015 1399.9700000000003
vertex 5500.040000000002 4296.1100000000015 1399.9700000000003
endloop
endfacet
facet normal 0 0 -1
outer loop
vertex 6179.940000000001 4300.010000000001 1399.9700000000003
vertex 5500.040000000002 4296.1100000000015 1399.9700000000003
vertex 5500.040000000002 4300.010000000001 1399.9700000000003
endloop
endfacet
facet normal 0 0 -0.9999999999999999
outer loop
vertex 7060.040000000002 4300.010000000001 1399.9700000000003
vertex 7021.040000000002 4296.1100000000015 1399.9700000000003
vertex 6219.0700000000015 4296.1100000000015 1399.9700000000003
endloop
endfacet
facet normal 0 0 -1
outer loop
vertex 7060.040000000002 4300.010000000001 1399.9700000000003
vertex 6219.0700000000015 4296.1100000000015 1399.9700000000003
vertex 6179.940000000001 4300.010000000001 1399.9700000000003
endloop
endfacet
facet normal 0 0 -0.9999999999999999
outer loop
vertex 7940.010000000002 4300.010000000001 1399.9700000000003
vertex 7901.010000000002 4296.1100000000015 1399.9700000000003
vertex 7099.040000000002 4296.1100000000015 1399.9700000000003
endloop
endfacet
facet normal 0 0 -1
outer loop
vertex 7940.010000000002 4300.010000000001 1399.9700000000003
vertex 7099.040000000002 4296.1100000000015 1399.9700000000003
vertex 7060.040000000002 4300.010000000001 1399.9700000000003
endloop
endfacet
facet normal 0 0 -0.9999999999999999
outer loop
vertex 8819.980000000001 4300.010000000001 1399.9700000000003
vertex 8780.980000000001 4296.1100000000015 1399.9700000000003
vertex 7979.010000000002 4296.1100000000015 1399.9700000000003
endloop
endfacet
facet normal 0 0 -0.9999999999999999
outer loop
vertex 8819.980000000001 4300.010000000001 1399.9700000000003
vertex 7979.010000000002 4296.1100000000015 1399.9700000000003
vertex 7940.010000000002 4300.010000000001 1399.9700000000003
endloop
endfacet
facet normal 0 0 -1
outer loop
vertex 9500.010000000002 4300.010000000001 1399.9700000000003
vertex 9500.010000000002 4296.1100000000015 1399.9700000000003
vertex 8858.980000000001 4296.1100000000015 1399.9700000000003
endloop
endfacet
facet normal 0 0 -0.9999999999999999
outer loop
vertex 9500.010000000002 4300.010000000001 1399.9700000000003
vertex 8858.980000000001 4296.1100000000015 1399.9700000000003
vertex 8819.980000000001 4300.010000000001 1399.9700000000003
endloop
endfacet
facet normal 0 0 -1
outer loop
vertex 6140.940000000001 4296.1100000000015 1399.9700000000003
vertex 6103.500000000002 4284.800000000001 1399.9700000000003
vertex 5500.040000000002 4284.800000000001 1399.9700000000003
endloop
endfacet
facet normal 0 0 -1
outer loop
vertex 6140.940000000001 4296.1100000000015 1399.9700000000003
vertex 5500.040000000002 4284.800000000001 1399.9700000000003
vertex 5500.040000000002 4296.1100000000015 1399.9700000000003
endloop
endfacet
facet normal 0 0 -1
outer loop
vertex 7021.040000000002 4296.1100000000015 1399.9700000000003
vertex 6983.470000000002 4284.800000000001 1399.9700000000003
vertex 6256.510000000001 4284.800000000001 1399.9700000000003
endloop
endfacet
facet normal 0 0 -1
outer loop
vertex 7021.040000000002 4296.1100000000015 1399.9700000000003
vertex 6256.510000000001 4284.800000000001 1399.9700000000003
vertex 6219.0700000000015 4296.1100000000015 1399.9700000000003
endloop
endfacet
facet normal 0 0 -1
outer loop
vertex 7901.010000000002 4296.1100000000015 1399.9700000000003
vertex 7863.440000000002 4284.800000000001 1399.9700000000003
vertex 7136.480000000001 4284.800000000001 1399.9700000000003
endloop
endfacet
facet normal 0 0 -1
outer loop
vertex 7901.010000000002 4296.1100000000015 1399.9700000000003
vertex 7136.480000000001 4284.800000000001 1399.9700000000003
vertex 7099.040000000002 4296.1100000000015 1399.9700000000003
endloop
endfacet
facet normal 0 0 -1
outer loop
vertex 8780.980000000001 4296.1100000000015 1399.9700000000003
vertex 8743.410000000002 4284.800000000001 1399.9700000000003
vertex 8016.580000000002 4284.800000000001 1399.9700000000003
endloop
endfacet
facet normal 0 0 -1
outer loop
vertex 8780.980000000001 4296.1100000000015 1399.9700000000003
vertex 8016.580000000002 4284.800000000001 1399.9700000000003
vertex 7979.010000000002 4296.1100000000015 1399.9700000000003
endloop
endfacet
facet normal 0 0 -1
outer loop
vertex 9500.010000000002 4296.1100000000015 1399.9700000000003
vertex 9500.010000000002 4284.800000000001 1399.9700000000003
vertex 8896.550000000003 4284.800000000001 1399.9700000000003
endloop
endfacet
facet normal 0 0 -1
outer loop
vertex 9500.010000000002 4296.1100000000015 1399.9700000000003
vertex 8896.550000000003 4284.800000000001 1399.9700000000003
vertex 8858.980000000001 4296.1100000000015 1399.9700000000003
endloop
endfacet
facet normal 0 0 -1
outer loop
vertex 6103.500000000002 4284.800000000001 1399.9700000000003
vertex 6068.920000000002 4266.340000000001 1399.9700000000003
vertex 5500.040000000002 4266.340000000001 1399.9700000000003
endloop
endfacet
facet normal 0 0 -1
outer loop
vertex 6103.500000000002 4284.800000000001 1399.9700000000003
vertex 5500.040000000002 4266.340000000001 1399.9700000000003
vertex 5500.040000000002 4284.800000000001 1399.9700000000003
endloop
endfacet
facet normal 0 0 -1
outer loop
vertex 6983.470000000002 4284.800000000001 1399.9700000000003
vertex 6948.890000000002 4266.340000000001 1399.9700000000003
vertex 6291.090000000002 4266.340000000001 1399.9700000000003
endloop
endfacet
facet normal 0 0 -1
outer loop
vertex 6983.470000000002 4284.800000000001 1399.9700000000003
vertex 6291.090000000002 4266.340000000001 1399.9700000000003
vertex 6256.510000000001 4284.800000000001 1399.9700000000003
endloop
endfacet
facet normal 0 0 -1
outer loop
vertex 7863.440000000002 4284.800000000001 1399.9700000000003
vertex 7828.8600000000015 4266.340000000001 1399.9700000000003
vertex 7171.060000000002 4266.340000000001 1399.9700000000003
endloop
endfacet
facet normal 0 0 -1
outer loop
vertex 7863.440000000002 4284.800000000001 1399.9700000000003
vertex 7171.060000000002 4266.340000000001 1399.9700000000003
vertex 7136.480000000001 4284.800000000001 1399.9700000000003
endloop
endfacet
facet normal 0 0 -1
outer loop
vertex 8743.410000000002 4284.800000000001 1399.9700000000003
vertex 8708.830000000002 4266.340000000001 1399.9700000000003
vertex 8051.160000000002 4266.340000000001 1399.9700000000003
endloop
endfacet
facet normal 0 0 -1
outer loop
vertex 8743.410000000002 4284.800000000001 1399.9700000000003
vertex 8051.160000000002 4266.340000000001 1399.9700000000003
vertex 8016.580000000002 4284.800000000001 1399.9700000000003
endloop
endfacet
facet normal 0 0 -1
outer loop
vertex 9500.010000000002 4284.800000000001 1399.9700000000003
vertex 9500.010000000002 4266.340000000001 1399.9700000000003
vertex 8931.130000000003 4266.340000000001 1399.9700000000003
endloop
endfacet
facet normal 0 0 -1
outer loop
vertex 9500.010000000002 4284.800000000001 1399.9700000000003
vertex 8931.130000000003 4266.340000000001 1399.9700000000003
vertex 8896.550000000003 4284.800000000001 1399.9700000000003
endloop
endfacet
facet normal 0 0 -1
outer loop
vertex 6068.920000000002 4266.340000000001 1399.9700000000003
vertex 6038.630000000002 4241.380000000001 1399.9700000000003
vertex 5500.040000000002 4241.380000000001 1399.9700000000003
endloop
endfacet
facet normal 0 0 -1
outer loop
vertex 6068.920000000002 4266.340000000001 1399.9700000000003
vertex 5500.040000000002 4241.380000000001 1399.9700000000003
vertex 5500.040000000002 4266.340000000001 1399.9700000000003
endloop
endfacet
facet normal 0 0 -1
outer loop
vertex 6948.890000000002 4266.340000000001 1399.9700000000003
vertex 6918.600000000001 4241.380000000001 1399.9700000000003
vertex 6321.380000000002 4241.380000000001 1399.9700000000003
endloop
endfacet
facet normal 0 0 -1
outer loop
vertex 6948.890000000002 4266.340000000001 1399.9700000000003
vertex 6321.380000000002 4241.380000000001 1399.9700000000003
vertex 6291.090000000002 4266.340000000001 1399.9700000000003
endloop
endfacet
facet normal 0 0 -1
outer loop
vertex 7828.8600000000015 4266.340000000001 1399.9700000000003
vertex 7798.5700000000015 4241.380000000001 1399.9700000000003
vertex 7201.480000000001 4241.380000000001 1399.9700000000003
endloop
endfacet
facet normal 0 0 -1
outer loop
vertex 7828.8600000000015 4266.340000000001 1399.9700000000003
vertex 7201.480000000001 4241.380000000001 1399.9700000000003
vertex 7171.060000000002 4266.340000000001 1399.9700000000003
endloop
endfacet
facet normal 0 0 -0.9999999999999999
outer loop
vertex 8708.830000000002 4266.340000000001 1399.9700000000003
vertex 8678.540000000003 4241.380000000001 1399.9700000000003
vertex 8081.450000000002 4241.380000000001 1399.9700000000003
endloop
endfacet
facet normal 0 0 -1
outer loop
vertex 8708.830000000002 4266.340000000001 1399.9700000000003
vertex 8081.450000000002 4241.380000000001 1399.9700000000003
vertex 8051.160000000002 4266.340000000001 1399.9700000000003
endloop
endfacet
facet normal 0 0 -1
outer loop
vertex 9500.010000000002 4266.340000000001 1399.9700000000003
vertex 9500.010000000002 4241.380000000001 1399.9700000000003
vertex 8961.420000000002 4241.380000000001 1399.9700000000003
endloop
endfacet
facet normal 0 0 -1
outer loop
vertex 9500.010000000002 4266.340000000001 1399.9700000000003
vertex 8961.420000000002 4241.380000000001 1399.9700000000003
vertex 8931.130000000003 4266.340000000001 1399.9700000000003
endloop
endfacet
facet normal 0 0 -1
outer loop
vertex 6038.630000000002 4241.380000000001 1399.9700000000003
vertex 6013.670000000002 4211.090000000001 1399.9700000000003
vertex 5500.040000000002 4211.090000000001 1399.9700000000003
endloop
endfacet
facet normal 0 0 -1
outer loop
vertex 6038.630000000002 4241.380000000001 1399.9700000000003
vertex 5500.040000000002 4211.090000000001 1399.9700000000003
vertex 5500.040000000002 4241.380000000001 1399.9700000000003
endloop
endfacet
facet normal 0 0 -1
outer loop
vertex 6918.600000000001 4241.380000000001 1399.9700000000003
vertex 6893.770000000001 4211.090000000001 1399.9700000000003
vertex 6346.340000000002 4211.090000000001 1399.9700000000003
endloop
endfacet
facet normal 0 0 -1
outer loop
vertex 6918.600000000001 4241.380000000001 1399.9700000000003
vertex 6346.340000000002 4211.090000000001 1399.9700000000003
vertex 6321.380000000002 4241.380000000001 1399.9700000000003
endloop
endfacet
facet normal 0 0 -1
outer loop
vertex 7798.5700000000015 4241.380000000001 1399.9700000000003
vertex 7773.740000000002 4211.090000000001 1399.9700000000003
vertex 7226.310000000002 4211.090000000001 1399.9700000000003
endloop
endfacet
facet normal 0 0 -1
outer loop
vertex 7798.5700000000015 4241.380000000001 1399.9700000000003
vertex 7226.310000000002 4211.090000000001 1399.9700000000003
vertex 7201.480000000001 4241.380000000001 1399.9700000000003
endloop
endfacet
facet normal 0 0 -1
outer loop
vertex 8678.540000000003 4241.380000000001 1399.9700000000003
vertex 8653.710000000003 4211.090000000001 1399.9700000000003
vertex 8106.280000000002 4211.090000000001 1399.9700000000003
endloop
endfacet
facet normal 0 0 -1
outer loop
vertex 8678.540000000003 4241.380000000001 1399.9700000000003
vertex 8106.280000000002 4211.090000000001 1399.9700000000003
vertex 8081.450000000002 4241.380000000001 1399.9700000000003
endloop
endfacet
facet normal 0 0 -1
outer loop
vertex 9500.010000000002 4241.380000000001 1399.9700000000003
vertex 9500.010000000002 4211.090000000001 1399.9700000000003
vertex 8986.250000000002 4211.090000000001 1399.9700000000003
endloop
endfacet
facet normal 0 0 -1
outer loop
vertex 9500.010000000002 4241.380000000001 1399.9700000000003
vertex 8986.250000000002 4211.090000000001 1399.9700000000003
vertex 8961.420000000002 4241.380000000001 1399.9700000000003
endloop
endfacet
facet normal 0 0 -1
outer loop
vertex 6013.670000000002 4211.090000000001 1399.9700000000003
vertex 5995.210000000002 4176.510000000001 1399.9700000000003
vertex 5500.040000000002 4176.510000000001 1399.9700000000003
endloop
endfacet
facet normal 0 0 -1
outer loop
vertex 6013.670000000002 4211.090000000001 1399.9700000000003
vertex 5500.040000000002 4176.510000000001 1399.9700000000003
vertex 5500.040000000002 4211.090000000001 1399.9700000000003
endloop
endfacet
facet normal 0 0 -1
outer loop
vertex 6893.770000000001 4211.090000000001 1399.9700000000003
vertex 6875.180000000002 4176.510000000001 1399.9700000000003
vertex 6364.800000000002 4176.510000000001 1399.9700000000003
endloop
endfacet
facet normal 0 0 -1
outer loop
vertex 6893.770000000001 4211.090000000001 1399.9700000000003
vertex 6364.800000000002 4176.510000000001 1399.9700000000003
vertex 6346.340000000002 4211.090000000001 1399.9700000000003
endloop
endfacet
facet normal 0 0 -1
outer loop
vertex 7773.740000000002 4211.090000000001 1399.9700000000003
vertex 7755.280000000002 4176.510000000001 1399.9700000000003
vertex 7244.770000000001 4176.510000000001 1399.9700000000003
endloop
endfacet
facet normal 0 0 -1
outer loop
vertex 7773.740000000002 4211.090000000001 1399.9700000000003
vertex 7244.770000000001 4176.510000000001 1399.9700000000003
vertex 7226.310000000002 4211.090000000001 1399.9700000000003
endloop
endfacet
facet normal 0 0 -1
outer loop
vertex 8653.710000000003 4211.090000000001 1399.9700000000003
vertex 8635.250000000002 4176.510000000001 1399.9700000000003
vertex 8124.740000000002 4176.510000000001 1399.9700000000003
endloop
endfacet
facet normal 0 0 -1
outer loop
vertex 8653.710000000003 4211.090000000001 1399.9700000000003
vertex 8124.740000000002 4176.510000000001 1399.9700000000003
vertex 8106.280000000002 4211.090000000001 1399.9700000000003
endloop
endfacet
facet normal 0 0 -1
outer loop
vertex 9500.010000000002 4211.090000000001 1399.9700000000003
vertex 9500.010000000002 4176.510000000001 1399.9700000000003
vertex 9004.840000000002 4176.510000000001 1399.9700000000003
endloop
endfacet
facet normal 0 0 -1
outer loop
vertex 9500.010000000002 4211.090000000001 1399.9700000000003
vertex 9004.840000000002 4176.510000000001 1399.9700000000003
vertex 8986.250000000002 4211.090000000001 1399.9700000000003
endloop
endfacet
facet normal 0 0 -1
outer loop
vertex 5995.210000000002 4176.510000000001 1399.9700000000003
vertex 5983.9000000000015 4139.070000000001 1399.9700000000003
vertex 5500.040000000002 4139.070000000001 1399.9700000000003
endloop
endfacet
facet normal 0 0 -0.9999999999999999
outer loop
vertex 5995.210000000002 4176.510000000001 1399.9700000000003
vertex 5500.040000000002 4139.070000000001 1399.9700000000003
vertex 5500.040000000002 4176.510000000001 1399.9700000000003
endloop
endfacet
facet normal 0 0 -1
outer loop
vertex 6875.180000000002 4176.510000000001 1399.9700000000003
vertex 6863.870000000002 4139.070000000001 1399.9700000000003
vertex 6376.1100000000015 4139.070000000001 1399.9700000000003
endloop
endfacet
facet normal 0 0 -1
outer loop
vertex 6875.180000000002 4176.510000000001 1399.9700000000003
vertex 6376.1100000000015 4139.070000000001 1399.9700000000003
vertex 6364.800000000002 4176.510000000001 1399.9700000000003
endloop
endfacet
facet normal 0 0 -1
outer loop
vertex 7755.280000000002 4176.510000000001 1399.9700000000003
vertex 7743.840000000002 4139.070000000001 1399.9700000000003
vertex 7256.210000000002 4139.070000000001 1399.9700000000003
endloop
endfacet
facet normal 0 0 -0.9999999999999999
outer loop
vertex 7755.280000000002 4176.510000000001 1399.9700000000003
vertex 7256.210000000002 4139.070000000001 1399.9700000000003
vertex 7244.770000000001 4176.510000000001 1399.9700000000003
endloop
endfacet
facet normal 0 0 -1
outer loop
vertex 8635.250000000002 4176.510000000001 1399.9700000000003
vertex 8623.810000000001 4139.070000000001 1399.9700000000003
vertex 8136.180000000002 4139.070000000001 1399.9700000000003
endloop
endfacet
facet normal 0 0 -0.9999999999999999
outer loop
vertex 8635.250000000002 4176.510000000001 1399.9700000000003
vertex 8136.180000000002 4139.070000000001 1399.9700000000003
vertex 8124.740000000002 4176.510000000001 1399.9700000000003
endloop
endfacet
facet normal 0 0 -1
outer loop
vertex 9500.010000000002 4176.510000000001 1399.9700000000003
vertex 9500.010000000002 4139.070000000001 1399.9700000000003
vertex 9016.150000000001 4139.070000000001 1399.9700000000003
endloop
endfacet
facet normal 0 0 -0.9999999999999999
outer loop
vertex 9500.010000000002 4176.510000000001 1399.9700000000003
vertex 9016.150000000001 4139.070000000001 1399.9700000000003
vertex 9004.840000000002 4176.510000000001 1399.9700000000003
endloop
endfacet
facet normal 0 0 -1
outer loop
vertex 5983.9000000000015 4139.070000000001 1399.9700000000003
vertex 5980.000000000002 4099.940000000001 1399.9700000000003
vertex 5500.040000000002 4099.940000000001 1399.9700000000003
endloop
endfacet
facet normal 0 0 -1
outer loop
vertex 5983.9000000000015 4139.070000000001 1399.9700000000003
vertex 5500.040000000002 4099.940000000001 1399.9700000000003
vertex 5500.040000000002 4139.070000000001 1399.9700000000003
endloop
endfacet
facet normal 0 0 -1
outer loop
vertex 6863.870000000002 4139.070000000001 1399.9700000000003
vertex 6859.970000000002 4099.940000000001 1399.9700000000003
vertex 6380.010000000001 4099.940000000001 1399.9700000000003
endloop
endfacet
facet normal 0 0 -1
outer loop
vertex 6863.870000000002 4139.070000000001 1399.9700000000003
vertex 6380.010000000001 4099.940000000001 1399.9700000000003
vertex 6376.1100000000015 4139.070000000001 1399.9700000000003
endloop
endfacet
facet normal 0 0 -1
outer loop
vertex 7743.840000000002 4139.070000000001 1399.9700000000003
vertex 7739.940000000002 4099.940000000001 1399.9700000000003
vertex 7259.980000000001 4099.940000000001 1399.9700000000003
endloop
endfacet
facet normal 0 0 -0.9999999999999999
outer loop
vertex 7743.840000000002 4139.070000000001 1399.9700000000003
vertex 7259.980000000001 4099.940000000001 1399.9700000000003
vertex 7256.210000000002 4139.070000000001 1399.9700000000003
endloop
endfacet
facet normal 0 0 -1
outer loop
vertex 8623.810000000001 4139.070000000001 1399.9700000000003
vertex 8620.040000000003 4099.940000000001 1399.9700000000003
vertex 8139.950000000002 4099.940000000001 1399.9700000000003
endloop
endfacet
facet normal 0 0 -1
outer loop
vertex 8623.810000000001 4139.070000000001 1399.9700000000003
vertex 8139.950000000002 4099.940000000001 1399.9700000000003
vertex 8136.180000000002 4139.070000000001 1399.9700000000003
endloop
endfacet
facet normal 0 0 -0.9999999999999999
outer loop
vertex 9500.010000000002 4139.070000000001 1399.9700000000003
vertex 9500.010000000002 4099.940000000001 1399.9700000000003
vertex 9020.050000000003 4099.940000000001 1399.9700000000003
endloop
endfacet
facet normal 0 0 -1
outer loop
vertex 9500.010000000002 4139.070000000001 1399.9700000000003
vertex 9020.050000000003 4099.940000000001 1399.9700000000003
vertex 9016.150000000001 4139.070000000001 1399.9700000000003
endloop
endfacet
facet normal 0 0 -1
outer loop
vertex 5980.000000000002 4099.940000000001 1399.9700000000003
vertex 5983.9000000000015 4060.940000000001 1399.9700000000003
vertex 5500.040000000002 4060.940000000001 1399.9700000000003
endloop
endfacet
facet normal 0 0 -1
outer loop
vertex 5980.000000000002 4099.940000000001 1399.9700000000003
vertex 5500.040000000002 4060.940000000001 1399.9700000000003
vertex 5500.040000000002 4099.940000000001 1399.9700000000003
endloop
endfacet
facet normal 0 0 -1
outer loop
vertex 6859.970000000002 4099.940000000001 1399.9700000000003
vertex 6863.870000000002 4060.940000000001 1399.9700000000003
vertex 6376.1100000000015 4060.940000000001 1399.9700000000003
endloop
endfacet
facet normal 0 0 -1
outer loop
vertex 6859.970000000002 4099.940000000001 1399.9700000000003
vertex 6376.1100000000015 4060.940000000001 1399.9700000000003
vertex 6380.010000000001 4099.940000000001 1399.9700000000003
endloop
endfacet
facet normal 0 0 -1
outer loop
vertex 7739.940000000002 4099.940000000001 1399.9700000000003
vertex 7743.840000000002 4060.940000000001 1399.9700000000003
vertex 7256.210000000002 4060.940000000001 1399.9700000000003
endloop
endfacet
facet normal 0 0 -1
outer loop
vertex 7739.940000000002 4099.940000000001 1399.9700000000003
vertex 7256.210000000002 4060.940000000001 1399.9700000000003
vertex 7259.980000000001 4099.940000000001 1399.9700000000003
endloop
endfacet
facet normal 0 0 -1
outer loop
vertex 8620.040000000003 4099.940000000001 1399.9700000000003
vertex 8623.810000000001 4060.940000000001 1399.9700000000003
vertex 8136.180000000002 4060.940000000001 1399.9700000000003
endloop
endfacet
facet normal 0 0 -1
outer loop
vertex 8620.040000000003 4099.940000000001 1399.9700000000003
vertex 8136.180000000002 4060.940000000001 1399.9700000000003
vertex 8139.950000000002 4099.940000000001 1399.9700000000003
endloop
endfacet
facet normal 0 0 -1
outer loop
vertex 9500.010000000002 4099.940000000001 1399.9700000000003
vertex 9500.010000000002 4060.940000000001 1399.9700000000003
vertex 9016.150000000001 4060.940000000001 1399.9700000000003
endloop
endfacet
facet normal 0 0 -1
outer loop
vertex 9500.010000000002 4099.940000000001 1399.9700000000003
vertex 9016.150000000001 4060.940000000001 1399.9700000000003
vertex 9020.050000000003 4099.940000000001 1399.9700000000003
endloop
endfacet
facet normal 0 0 -1
outer loop
vertex 5983.9000000000015 4060.940000000001 1399.9700000000003
vertex 5995.210000000002 4023.500000000001 1399.9700000000003
vertex 5500.040000000002 4023.500000000001 1399.9700000000003
endloop
endfacet
facet normal 0 0 -1
outer loop
vertex 5983.9000000000015 4060.940000000001 1399.9700000000003
vertex 5500.040000000002 4023.500000000001 1399.9700000000003
vertex 5500.040000000002 4060.940000000001 1399.9700000000003
endloop
endfacet
facet normal 0 0 -0.9999999999999999
outer loop
vertex 6863.870000000002 4060.940000000001 1399.9700000000003
vertex 6875.180000000002 4023.500000000001 1399.9700000000003
vertex 6364.800000000002 4023.500000000001 1399.9700000000003
endloop
endfacet
facet normal 0 0 -0.9999999999999999
outer loop
vertex 6863.870000000002 4060.940000000001 1399.9700000000003
vertex 6364.800000000002 4023.500000000001 1399.9700000000003
vertex 6376.1100000000015 4060.940000000001 1399.9700000000003
endloop
endfacet
facet normal 0 0 -1
outer loop
vertex 7743.840000000002 4060.940000000001 1399.9700000000003
vertex 7755.280000000002 4023.500000000001 1399.9700000000003
vertex 7244.770000000001 4023.500000000001 1399.9700000000003
endloop
endfacet
facet normal 0 0 -1
outer loop
vertex 7743.840000000002 4060.940000000001 1399.9700000000003
vertex 7244.770000000001 4023.500000000001 1399.9700000000003
vertex 7256.210000000002 4060.940000000001 1399.9700000000003
endloop
endfacet
facet normal 0 0 -1
outer loop
vertex 8623.810000000001 4060.940000000001 1399.9700000000003
vertex 8635.250000000002 4023.500000000001 1399.9700000000003
vertex 8124.740000000002 4023.500000000001 1399.9700000000003
endloop
endfacet
facet normal 0 0 -1
outer loop
vertex 8623.810000000001 4060.940000000001 1399.9700000000003
vertex 8124.740000000002 4023.500000000001 1399.9700000000003
vertex 8136.180000000002 4060.940000000001 1399.9700000000003
endloop
endfacet
facet normal 0 0 -1
outer loop
vertex 9500.010000000002 4060.940000000001 1399.9700000000003
vertex 9500.010000000002 4023.500000000001 1399.9700000000003
vertex 9004.840000000002 4023.500000000001 1399.9700000000003
endloop
endfacet
facet normal 0 0 -1
outer loop
vertex 9500.010000000002 4060.940000000001 1399.9700000000003
vertex 9004.840000000002 4023.500000000001 1399.9700000000003
vertex 9016.150000000001 4060.940000000001 1399.9700000000003
endloop
endfacet
facet normal 0 0 -1
outer loop
vertex 5995.210000000002 4023.500000000001 1399.9700000000003
vertex 6013.670000000002 3988.920000000001 1399.9700000000003
vertex 5500.040000000002 3988.920000000001 1399.9700000000003
endloop
endfacet
facet normal 0 0 -1
outer loop
vertex 5995.210000000002 4023.500000000001 1399.9700000000003
vertex 5500.040000000002 3988.920000000001 1399.9700000000003
vertex 5500.040000000002 4023.500000000001 1399.9700000000003
endloop
endfacet
facet normal 0 0 -1
outer loop
vertex 6875.180000000002 4023.500000000001 1399.9700000000003
vertex 6893.770000000001 3988.920000000001 1399.9700000000003
vertex 6346.340000000002 3988.920000000001 1399.9700000000003
endloop
endfacet
facet normal 0 0 -1
outer loop
vertex 6875.180000000002 4023.500000000001 1399.9700000000003
vertex 6346.340000000002 3988.920000000001 1399.9700000000003
vertex 6364.800000000002 4023.500000000001 1399.9700000000003
endloop
endfacet
facet normal 0 0 -1
outer loop
vertex 7755.280000000002 4023.500000000001 1399.9700000000003
vertex 7773.740000000002 3988.920000000001 1399.9700000000003
vertex 7226.310000000002 3988.920000000001 1399.9700000000003
endloop
endfacet
facet normal 0 0 -1
outer loop
vertex 7755.280000000002 4023.500000000001 1399.9700000000003
vertex 7226.310000000002 3988.920000000001 1399.9700000000003
vertex 7244.770000000001 4023.500000000001 1399.9700000000003
endloop
endfacet
facet normal 0 0 -1
outer loop
vertex 8635.250000000002 4023.500000000001 1399.9700000000003
vertex 8653.710000000003 3988.920000000001 1399.9700000000003
vertex 8106.280000000002 3988.920000000001 1399.9700000000003
endloop
endfacet
facet normal 0 0 -1
outer loop
vertex 8635.250000000002 4023.500000000001 1399.9700000000003
vertex 8106.280000000002 3988.920000000001 1399.9700000000003
vertex 8124.740000000002 4023.500000000001 1399.9700000000003
endloop
endfacet
facet normal 0 0 -1
outer loop
vertex 9500.010000000002 4023.500000000001 1399.9700000000003
vertex 9500.010000000002 3988.920000000001 1399.9700000000003
vertex 8986.250000000002 3988.920000000001 1399.9700000000003
endloop
endfacet
facet normal 0 0 -1
outer loop
vertex 9500.010000000002 4023.500000000001 1399.9700000000003
vertex 8986.250000000002 3988.920000000001 1399.9700000000003
vertex 9004.840000000002 4023.500000000001 1399.9700000000003
endloop
endfacet
facet normal 0 0 -1
outer loop
vertex 6013.670000000002 3988.920000000001 1399.9700000000003
vertex 6038.630000000002 3958.630000000001 1399.9700000000003
vertex 5500.040000000002 3958.630000000001 1399.9700000000003
endloop
endfacet
facet normal 0 0 -1
outer loop
vertex 6013.670000000002 3988.920000000001 1399.9700000000003
vertex 5500.040000000002 3958.630000000001 1399.9700000000003
vertex 5500.040000000002 3988.920000000001 1399.9700000000003
endloop
endfacet
facet normal 0 0 -1
outer loop
vertex 6893.770000000001 3988.920000000001 1399.9700000000003
vertex 6918.600000000001 3958.630000000001 1399.9700000000003
vertex 6321.380000000002 3958.630000000001 1399.9700000000003
endloop
endfacet
facet normal 0 0 -1
outer loop
vertex 6893.770000000001 3988.920000000001 1399.9700000000003
vertex 6321.380000000002 3958.630000000001 1399.9700000000003
vertex 6346.340000000002 3988.920000000001 1399.9700000000003
endloop
endfacet
facet normal 0 0 -1
outer loop
vertex 7773.740000000002 3988.920000000001 1399.9700000000003
vertex 7798.5700000000015 3958.630000000001 1399.9700000000003
vertex 7201.480000000001 3958.630000000001 1399.9700000000003
endloop
endfacet
facet normal 0 0 -1
outer loop
vertex 7773.740000000002 3988.920000000001 1399.9700000000003
vertex 7201.480000000001 3958.630000000001 1399.9700000000003
vertex 7226.310000000002 3988.920000000001 1399.9700000000003
endloop
endfacet
facet normal 0 0 -1
outer loop
vertex 8653.710000000003 3988.920000000001 1399.9700000000003
vertex 8678.540000000003 3958.630000000001 1399.9700000000003
vertex 8081.450000000002 3958.630000000001 1399.9700000000003
endloop
endfacet
facet normal 0 0 -1
outer loop
vertex 8653.710000000003 3988.920000000001 1399.9700000000003
vertex 8081.450000000002 3958.630000000001 1399.9700000000003
vertex 8106.280000000002 3988.920000000001 1399.9700000000003
endloop
endfacet
facet normal 0 0 -1
outer loop
vertex 9500.010000000002 3988.920000000001 1399.9700000000003
vertex 9500.010000000002 3958.630000000001 1399.9700000000003
vertex 8961.420000000002 3958.630000000001 1399.9700000000003
endloop
endfacet
facet normal 0 0 -1
outer loop
vertex 9500.010000000002 3988.920000000001 1399.9700000000003
vertex 8961.420000000002 3958.630000000001 1399.9700000000003
vertex 8986.250000000002 3988.920000000001 1399.9700000000003
endloop
endfacet
facet normal 0 0 -1
outer loop
vertex 6038.630000000002 3958.630000000001 1399.9700000000003
vertex 6068.920000000002 3933.670000000001 1399.9700000000003
vertex 5500.040000000002 3933.670000000001 1399.9700000000003
endloop
endfacet
facet normal 0 0 -1
outer loop
vertex 6038.630000000002 3958.630000000001 1399.9700000000003
vertex 5500.040000000002 3933.670000000001 1399.9700000000003
vertex 5500.040000000002 3958.630000000001 1399.9700000000003
endloop
endfacet
facet normal 0 0 -1
outer loop
vertex 6918.600000000001 3958.630000000001 1399.9700000000003
vertex 6948.890000000002 3933.670000000001 1399.9700000000003
vertex 6291.090000000002 3933.670000000001 1399.9700000000003
endloop
endfacet
facet normal 0 0 -1
outer loop
vertex 6918.600000000001 3958.630000000001 1399.9700000000003
vertex 6291.090000000002 3933.670000000001 1399.9700000000003
vertex 6321.380000000002 3958.630000000001 1399.9700000000003
endloop
endfacet
facet normal 0 0 -1
outer loop
vertex 7798.5700000000015 3958.630000000001 1399.9700000000003
vertex 7828.8600000000015 3933.670000000001 1399.9700000000003
vertex 7171.060000000002 3933.670000000001 1399.9700000000003
endloop
endfacet
facet normal 0 0 -1
outer loop
vertex 7798.5700000000015 3958.630000000001 1399.9700000000003
vertex 7171.060000000002 3933.670000000001 1399.9700000000003
vertex 7201.480000000001 3958.630000000001 1399.9700000000003
endloop
endfacet
facet normal 0 0 -1
outer loop
vertex 8678.540000000003 3958.630000000001 1399.9700000000003
vertex 8708.830000000002 3933.670000000001 1399.9700000000003
vertex 8051.160000000002 3933.670000000001 1399.9700000000003
endloop
endfacet
facet normal 0 0 -0.9999999999999999
outer loop
vertex 8678.540000000003 3958.630000000001 1399.9700000000003
vertex 8051.160000000002 3933.670000000001 1399.9700000000003
vertex 8081.450000000002 3958.630000000001 1399.9700000000003
endloop
endfacet
facet normal 0 0 -1
outer loop
vertex 9500.010000000002 3958.630000000001 1399.9700000000003
vertex 9500.010000000002 3933.670000000001 1399.9700000000003
vertex 8931.130000000003 3933.670000000001 1399.9700000000003
endloop
endfacet
facet normal 0 0 -1
outer loop
vertex 9500.010000000002 3958.630000000001 1399.9700000000003
vertex 8931.130000000003 3933.670000000001 1399.9700000000003
vertex 8961.420000000002 3958.630000000001 1399.9700000000003
endloop
endfacet
facet normal 0 0 -1
outer loop
vertex 6068.920000000002 3933.670000000001 1399.9700000000003
vertex 6103.500000000002 3915.210000000001 1399.9700000000003
vertex 5500.040000000002 3915.210000000001 1399.9700000000003
endloop
endfacet
facet normal 0 0 -1
outer loop
vertex 6068.920000000002 3933.670000000001 1399.9700000000003
vertex 5500.040000000002 3915.210000000001 1399.9700000000003
vertex 5500.040000000002 3933.670000000001 1399.9700000000003
endloop
endfacet
facet normal 0 0 -1
outer loop
vertex 6948.890000000002 3933.670000000001 1399.9700000000003
vertex 6983.470000000002 3915.210000000001 1399.9700000000003
vertex 6256.510000000001 3915.210000000001 1399.9700000000003
endloop
endfacet
facet normal 0 0 -1
outer loop
vertex 6948.890000000002 3933.670000000001 1399.9700000000003
vertex 6256.510000000001 3915.210000000001 1399.9700000000003
vertex 6291.090000000002 3933.670000000001 1399.9700000000003
endloop
endfacet
facet normal 0 0 -1
outer loop
vertex 7828.8600000000015 3933.670000000001 1399.9700000000003
vertex 7863.440000000002 3915.210000000001 1399.9700000000003
vertex 7136.480000000001 3915.210000000001 1399.9700000000003
endloop
endfacet
facet normal 0 0 -1
outer loop
vertex 7828.8600000000015 3933.670000000001 1399.9700000000003
vertex 7136.480000000001 3915.210000000001 1399.9700000000003
vertex 7171.060000000002 3933.670000000001 1399.9700000000003
endloop
endfacet
facet normal 0 0 -1
outer loop
vertex 8708.830000000002 3933.670000000001 1399.9700000000003
vertex 8743.410000000002 3915.210000000001 1399.9700000000003
vertex 8016.580000000002 3915.210000000001 1399.9700000000003
endloop
endfacet
facet normal 0 0 -1
outer loop
vertex 8708.830000000002 3933.670000000001 1399.9700000000003
vertex 8016.580000000002 3915.210000000001 1399.9700000000003
vertex 8051.160000000002 3933.670000000001 1399.9700000000003
endloop
endfacet
facet normal 0 0 -1
outer loop
vertex 9500.010000000002 3933.670000000001 1399.9700000000003
vertex 9500.010000000002 3915.210000000001 1399.9700000000003
vertex 8896.550000000003 3915.210000000001 1399.9700000000003
endloop
endfacet
facet normal 0 0 -1
outer loop
vertex 9500.010000000002 3933.670000000001 1399.9700000000003
vertex 8896.550000000003 3915.210000000001 1399.9700000000003
vertex 8931.130000000003 3933.670000000001 1399.9700000000003
endloop
endfacet
facet normal 0 0 -1
outer loop
vertex 6103.500000000002 3915.210000000001 1399.9700000000003
vertex 6140.940000000001 3903.900000000001 1399.9700000000003
vertex 5500.040000000002 3903.900000000001 1399.9700000000003
endloop
endfacet
facet normal 0 0 -0.9999999999999999
outer loop
vertex 6103.500000000002 3915.210000000001 1399.9700000000003
vertex 5500.040000000002 3903.900000000001 1399.9700000000003
vertex 5500.040000000002 3915.210000000001 1399.9700000000003
endloop
endfacet
facet normal 0 0 -1
outer loop
vertex 6983.470000000002 3915.210000000001 1399.9700000000003
vertex 7021.040000000002 3903.900000000001 1399.9700000000003
vertex 6219.0700000000015 3903.900000000001 1399.9700000000003
endloop
endfacet
facet normal 0 0 -1
outer loop
vertex 6983.470000000002 3915.210000000001 1399.9700000000003
vertex 6219.0700000000015 3903.900000000001 1399.9700000000003
vertex 6256.510000000001 3915.210000000001 1399.9700000000003
endloop
endfacet
facet normal 0 0 -1
outer loop
vertex 7863.440000000002 3915.210000000001 1399.9700000000003
vertex 7901.010000000002 3903.900000000001 1399.9700000000003
vertex 7099.040000000002 3903.900000000001 1399.9700000000003
endloop
endfacet
facet normal 0 0 -1
outer loop
vertex 7863.440000000002 3915.210000000001 1399.9700000000003
vertex 7099.040000000002 3903.900000000001 1399.9700000000003
vertex 7136.480000000001 3915.210000000001 1399.9700000000003
endloop
endfacet
facet normal 0 0 -1
outer loop
vertex 8743.410000000002 3915.210000000001 1399.9700000000003
vertex 8780.980000000001 3903.900000000001 1399.9700000000003
vertex 7979.010000000002 3903.900000000001 1399.9700000000003
endloop
endfacet
facet normal 0 0 -1
outer loop
vertex 8743.410000000002 3915.210000000001 1399.9700000000003
vertex 7979.010000000002 3903.900000000001 1399.9700000000003
vertex 8016.580000000002 3915.210000000001 1399.9700000000003
endloop
endfacet
facet normal 0 0 -1
outer loop
vertex 9500.010000000002 3915.210000000001 1399.9700000000003
vertex 9500.010000000002 3903.900000000001 1399.9700000000003
vertex 8858.980000000001 3903.900000000001 1399.9700000000003
endloop
endfacet
facet normal 0 0 -1
outer loop
vertex 9500.010000000002 3915.210000000001 1399.9700000000003
vertex 8858.980000000001 3903.900000000001 1399.9700000000003
vertex 8896.550000000003 3915.210000000001 1399.9700000000003
endloop
endfacet
facet normal 0 0 -1
outer loop
vertex 6140.940000000001 3903.900000000001 1399.9700000000003
vertex 6179.940000000001 3900.000000000001 1399.9700000000003
vertex 5500.040000000002 3900.000000000001 1399.9700000000003
endloop
endfacet
facet normal 0 0 -1
outer loop
vertex 6140.940000000001 3903.900000000001 1399.9700000000003
vertex 5500.040000000002 3900.000000000001 1399.9700000000003
vertex 5500.040000000002 3903.900000000001 1399.9700000000003
endloop
endfacet
facet normal 0 0 -1
outer loop
vertex 7021.040000000002 3903.900000000001 1399.9700000000003
vertex 7060.040000000002 3900.000000000001 1399.9700000000003
vertex 6179.940000000001 3900.000000000001 1399.9700000000003
endloop
endfacet
facet normal 0 0 -1
outer loop
vertex 7021.040000000002 3903.900000000001 1399.9700000000003
vertex 6179.940000000001 3900.000000000001 1399.9700000000003
vertex 6219.0700000000015 3903.900000000001 1399.9700000000003
endloop
endfacet
facet normal 0 0 -1
outer loop
vertex 7901.010000000002 3903.900000000001 1399.9700000000003
vertex 7940.010000000002 3900.000000000001 1399.9700000000003
vertex 7060.040000000002 3900.000000000001 1399.9700000000003
endloop
endfacet
facet normal 0 0 -1
outer loop
vertex 7901.010000000002 3903.900000000001 1399.9700000000003
vertex 7060.040000000002 3900.000000000001 1399.9700000000003
vertex 7099.040000000002 3903.900000000001 1399.9700000000003
endloop
endfacet
facet normal 0 0 -1
outer loop
vertex 8780.980000000001 3903.900000000001 1399.9700000000003
vertex 8819.980000000001 3900.000000000001 1399.9700000000003
vertex 7940.010000000002 3900.000000000001 1399.9700000000003
endloop
endfacet
facet normal 0 0 -1
outer loop
vertex 8780.980000000001 3903.900000000001 1399.9700000000003
vertex 7940.010000000002 3900.000000000001 1399.9700000000003
vertex 7979.010000000002 3903.900000000001 1399.9700000000003
endloop
endfacet
facet normal 0 0 -0.9999999999999999
outer loop
vertex 9500.010000000002 3903.900000000001 1399.9700000000003
vertex 9500.010000000002 3900.000000000001 1399.9700000000003
vertex 8819.980000000001 3900.000000000001 1399.9700000000003
endloop
endfacet
facet normal 0 0 -0.9999999999999999
outer loop
vertex 9500.010000000002 3903.900000000001 1399.9700000000003
vertex 8819.980000000001 3900.000000000001 1399.9700000000003
vertex 8858.980000000001 3903.900000000001 1399.9700000000003
endloop
endfacet
facet normal 0 0 -1
outer loop
vertex 7499.960000000002 3639.090000000001 1399.9700000000003
vertex 6179.940000000001 3900.000000000001 1399.9700000000003
vertex 7060.040000000002 3900.000000000001 1399.9700000000003
endloop
endfacet
facet normal 0 0 -1
outer loop
vertex 7499.960000000002 3639.090000000001 1399.9700000000003
vertex 7060.040000000002 3900.000000000001 1399.9700000000003
vertex 7940.010000000002 3900.000000000001 1399.9700000000003
endloop
endfacet
facet normal 0 0 -0.9999999999999999
outer loop
vertex 7499.960000000002 3639.090000000001 1399.9700000000003
vertex 7940.010000000002 3900.000000000001 1399.9700000000003
vertex 8819.980000000001 3900.000000000001 1399.9700000000003
endloop
endfacet
facet normal 0 0 -1
outer loop
vertex 7499.960000000002 3639.090000000001 1399.9700000000003
vertex 8819.980000000001 3900.000000000001 1399.9700000000003
vertex 9500.010000000002 3900.000000000001 1399.9700000000003
endloop
endfacet
facet normal 0 0 -1
outer loop
vertex 7499.960000000002 3639.090000000001 1399.9700000000003
vertex 9500.010000000002 3900.000000000001 1399.9700000000003
vertex 9500.010000000002 3800.030000000001 1399.9700000000003
endloop
endfacet
facet normal 0 0 -1
outer loop
vertex 7499.960000000002 3639.090000000001 1399.9700000000003
vertex 9500.010000000002 3800.030000000001 1399.9700000000003
vertex 9492.340000000002 3721.900000000001 1399.9700000000003
endloop
endfacet
facet normal 0 0 -1
outer loop
vertex 7499.960000000002 3639.090000000001 1399.9700000000003
vertex 9492.340000000002 3721.900000000001 1399.9700000000003
vertex 9469.590000000002 3646.890000000001 1399.9700000000003
endloop
endfacet
facet normal 0 0 -1
outer loop
vertex 7499.960000000002 3639.090000000001 1399.9700000000003
vertex 9469.590000000002 3646.890000000001 1399.9700000000003
vertex 9432.540000000003 3577.730000000001 1399.9700000000003
endloop
endfacet
facet normal 0 0 -0.9999999999999999
outer loop
vertex 7499.960000000002 3639.090000000001 1399.9700000000003
vertex 9432.540000000003 3577.730000000001 1399.9700000000003
vertex 9382.880000000003 3517.150000000001 1399.9700000000003
endloop
endfacet
facet normal 0 0 -1
outer loop
vertex 7499.960000000002 3639.090000000001 1399.9700000000003
vertex 9382.880000000003 3517.150000000001 1399.9700000000003
vertex 9322.170000000002 3467.360000000001 1399.9700000000003
endloop
endfacet
facet normal 0 0 -1
outer loop
vertex 7499.960000000002 3639.090000000001 1399.9700000000003
vertex 9322.170000000002 3467.360000000001 1399.9700000000003
vertex 9253.010000000002 3430.440000000001 1399.9700000000003
endloop
endfacet
facet normal 0 0 -1
outer loop
vertex 7499.960000000002 3639.090000000001 1399.9700000000003
vertex 9253.010000000002 3430.440000000001 1399.9700000000003
vertex 9178.000000000002 3407.690000000001 1399.9700000000003
endloop
endfacet
facet normal 0 0 -1
outer loop
vertex 7499.960000000002 3639.090000000001 1399.9700000000003
vertex 9178.000000000002 3407.690000000001 1399.9700000000003
vertex 9100.000000000002 3400.020000000001 1399.9700000000003
endloop
endfacet
facet normal 0 0 -1
outer loop
vertex 7499.960000000002 3639.090000000001 1399.9700000000003
vertex 9100.000000000002 3400.020000000001 1399.9700000000003
vertex 5900.050000000001 3400.020000000001 1399.9700000000003
endloop
endfacet
facet normal 0 0 -1
outer loop
vertex 7499.960000000002 3639.090000000001 1399.9700000000003
vertex 5900.050000000001 3400.020000000001 1399.9700000000003
vertex 5821.920000000002 3407.690000000001 1399.9700000000003
endloop
endfacet
facet normal 0 0 -1
outer loop
vertex 7499.960000000002 3639.090000000001 1399.9700000000003
vertex 5821.920000000002 3407.690000000001 1399.9700000000003
vertex 5746.910000000002 3430.440000000001 1399.9700000000003
endloop
endfacet
facet normal 0 0 -1
outer loop
vertex 7499.960000000002 3639.090000000001 1399.9700000000003
vertex 5746.910000000002 3430.440000000001 1399.9700000000003
vertex 5677.750000000002 3467.360000000001 1399.9700000000003
endloop
endfacet
facet normal 0 0 -1
outer loop
vertex 7499.960000000002 3639.090000000001 1399.9700000000003
vertex 5677.750000000002 3467.360000000001 1399.9700000000003
vertex 5617.170000000001 3517.150000000001 1399.9700000000003
endloop
endfacet
facet normal 0 0 -0.9999999999999999
outer loop
vertex 7499.960000000002 3639.090000000001 1399.9700000000003
vertex 5617.170000000001 3517.150000000001 1399.9700000000003
vertex 5567.380000000001 3577.730000000001 1399.9700000000003
endloop
endfacet
facet normal 0 0 -1
outer loop
vertex 7499.960000000002 3639.090000000001 1399.9700000000003
vertex 5567.380000000001 3577.730000000001 1399.9700000000003
vertex 5530.460000000001 3646.890000000001 1399.9700000000003
endloop
endfacet
facet normal 0 0 -1
outer loop
vertex 7499.960000000002 3639.090000000001 1399.9700000000003
vertex 5530.460000000001 3646.890000000001 1399.9700000000003
vertex 5507.710000000001 3721.900000000001 1399.9700000000003
endloop
endfacet
facet normal 0 0 -1
outer loop
vertex 7499.960000000002 3639.090000000001 1399.9700000000003
vertex 5507.710000000001 3721.900000000001 1399.9700000000003
vertex 5500.040000000002 3800.030000000001 1399.9700000000003
endloop
endfacet
facet normal 0 0 -1
outer loop
vertex 7499.960000000002 3639.090000000001 1399.9700000000003
vertex 5500.040000000002 3800.030000000001 1399.9700000000003
vertex 5500.040000000002 3900.000000000001 1399.9700000000003
endloop
endfacet
facet normal 0 0 -1
outer loop
vertex 7499.960000000002 3639.090000000001 1399.9700000000003
vertex 5500.040000000002 3900.000000000001 1399.9700000000003
vertex 6179.940000000001 3900.000000000001 1399.9700000000003
endloop
endfacet
facet normal 0 0 1
outer loop
vertex 7499.960000000002 6360.9000000000015 999.9600000000003
vertex 5900.050000000001 6599.970000000002 999.9600000000003
vertex 5821.920000000002 6592.300000000002 999.9600000000003
endloop
endfacet
facet normal 0 0 1
outer loop
vertex 7499.960000000002 6360.9000000000015 999.9600000000003
vertex 5821.920000000002 6592.300000000002 999.9600000000003
vertex 5746.910000000002 6569.550000000002 999.9600000000003
endloop
endfacet
facet normal 0 0 1
outer loop
vertex 7499.960000000002 6360.9000000000015 999.9600000000003
vertex 5746.910000000002 6569.550000000002 999.9600000000003
vertex 5677.750000000002 6532.630000000002 999.9600000000003
endloop
endfacet
facet normal 0 0 1
outer loop
vertex 7499.960000000002 6360.9000000000015 999.9600000000003
vertex 5677.750000000002 6532.630000000002 999.9600000000003
vertex 5617.170000000001 6482.840000000002 999.9600000000003
endloop
endfacet
facet normal 0 0 1
outer loop
vertex 7499.960000000002 6360.9000000000015 999.9600000000003
vertex 5617.170000000001 6482.840000000002 999.9600000000003
vertex 5567.380000000001 6422.260000000002 999.9600000000003
endloop
endfacet
facet normal 0 0 1
outer loop
vertex 7499.960000000002 6360.9000000000015 999.9600000000003
vertex 5567.380000000001 6422.260000000002 999.9600000000003
vertex 5530.460000000001 6353.100000000001 999.9600000000003
endloop
endfacet
facet normal 0 0 1
outer loop
vertex 7499.960000000002 6360.9000000000015 999.9600000000003
vertex 5530.460000000001 6353.100000000001 999.9600000000003
vertex 5507.710000000001 6278.090000000002 999.9600000000003
endloop
endfacet
facet normal 0 0 1
outer loop
vertex 7499.960000000002 6360.9000000000015 999.9600000000003
vertex 5507.710000000001 6278.090000000002 999.9600000000003
vertex 5500.040000000002 6199.960000000002 999.9600000000003
endloop
endfacet
facet normal 0 0 1
outer loop
vertex 7499.960000000002 6360.9000000000015 999.9600000000003
vertex 5500.040000000002 6199.960000000002 999.9600000000003
vertex 5500.040000000002 6099.990000000002 999.9600000000003
endloop
endfacet
facet normal 0 0 1
outer loop
vertex 7499.960000000002 6360.9000000000015 999.9600000000003
vertex 5500.040000000002 6099.990000000002 999.9600000000003
vertex 6179.940000000001 6099.990000000002 999.9600000000003
endloop
endfacet
facet normal 0 0 1
outer loop
vertex 7499.960000000002 6360.9000000000015 999.9600000000003
vertex 6179.940000000001 6099.990000000002 999.9600000000003
vertex 7060.040000000002 6099.990000000002 999.9600000000003
endloop
endfacet
facet normal 0 0 1
outer loop
vertex 7499.960000000002 6360.9000000000015 999.9600000000003
vertex 7060.040000000002 6099.990000000002 999.9600000000003
vertex 7940.010000000002 6099.990000000002 999.9600000000003
endloop
endfacet
facet normal 0 0 0.9999999999999999
outer loop
vertex 7499.960000000002 6360.9000000000015 999.9600000000003
vertex 7940.010000000002 6099.990000000002 999.9600000000003
vertex 8819.980000000001 6099.990000000002 999.9600000000003
endloop
endfacet
facet normal 0 0 1
outer loop
vertex 7499.960000000002 6360.9000000000015 999.9600000000003
vertex 8819.980000000001 6099.990000000002 999.9600000000003
vertex 9500.010000000002 6099.990000000002 999.9600000000003
endloop
endfacet
facet normal 0 0 0.9999999999999999
outer loop
vertex 7499.960000000002 6360.9000000000015 999.9600000000003
vertex 9500.010000000002 6099.990000000002 999.9600000000003
vertex 9500.010000000002 6199.960000000002 999.9600000000003
endloop
endfacet
facet normal 0 0 1
outer loop
vertex 7499.960000000002 6360.9000000000015 999.9600000000003
vertex 9500.010000000002 6199.960000000002 999.9600000000003
vertex 9492.340000000002 6278.090000000002 999.9600000000003
endloop
endfacet
facet normal 0 0 1
outer loop
vertex 7499.960000000002 6360.9000000000015 999.9600000000003
vertex 9492.340000000002 6278.090000000002 999.9600000000003
vertex 9469.590000000002 6353.100000000001 999.9600000000003
endloop
endfacet
facet normal 0 0 1
outer loop
vertex 7499.960000000002 6360.9000000000015 999.9600000000003
vertex 9469.590000000002 6353.100000000001 999.9600000000003
vertex 9432.540000000003 6422.260000000002 999.9600000000003
endloop
endfacet
facet normal 0 0 1
outer loop
vertex 7499.960000000002 6360.9000000000015 999.9600000000003
vertex 9432.540000000003 6422.260000000002 999.9600000000003
vertex 9382.880000000003 6482.840000000002 999.9600000000003
endloop
endfacet
facet normal 0 0 1
outer loop
vertex 7499.960000000002 6360.9000000000015 999.9600000000003
vertex 9382.880000000003 6482.840000000002 999.9600000000003
vertex 9322.170000000002 6532.630000000002 999.9600000000003
endloop
endfacet
facet normal 0 0 1
outer loop
vertex 7499.960000000002 6360.9000000000015 999.9600000000003
vertex 9322.170000000002 6532.630000000002 999.9600000000003
vertex 9253.010000000002 6569.550000000002 999.9600000000003
endloop
endfacet
facet normal 0 0 1
outer loop
vertex 7499.960000000002 6360.9000000000015 999.9600000000003
vertex 9253.010000000002 6569.550000000002 999.9600000000003
vertex 9178.000000000002 6592.300000000002 999.9600000000003
endloop
endfacet
facet normal 0 0 1
outer loop
vertex 7499.960000000002 6360.9000000000015 999.9600000000003
vertex 9178.000000000002 6592.300000000002 999.9600000000003
vertex 9100.000000000002 6599.970000000002 999.9600000000003
endloop
endfacet
facet normal 0 0 1
outer loop
vertex 7499.960000000002 6360.9000000000015 999.9600000000003
vertex 9100.000000000002 6599.970000000002 999.9600000000003
vertex 5900.050000000001 6599.970000000002 999.9600000000003
endloop
endfacet
facet normal 0 0 1
outer loop
vertex 8819.980000000001 6099.990000000002 999.9600000000003
vertex 8858.980000000001 6096.220000000001 999.9600000000003
vertex 9500.010000000002 6096.220000000001 999.9600000000003
endloop
endfacet
facet normal 0 0 0.9999999999999999
outer loop
vertex 8819.980000000001 6099.990000000002 999.9600000000003
vertex 9500.010000000002 6096.220000000001 999.9600000000003
vertex 9500.010000000002 6099.990000000002 999.9600000000003
endloop
endfacet
facet normal 0 0 1
outer loop
vertex 7940.010000000002 6099.990000000002 999.9600000000003
vertex 7979.010000000002 6096.220000000001 999.9600000000003
vertex 8780.980000000001 6096.220000000001 999.9600000000003
endloop
endfacet
facet normal 0 0 1
outer loop
vertex 7940.010000000002 6099.990000000002 999.9600000000003
vertex 8780.980000000001 6096.220000000001 999.9600000000003
vertex 8819.980000000001 6099.990000000002 999.9600000000003
endloop
endfacet
facet normal 0 0 1
outer loop
vertex 7060.040000000002 6099.990000000002 999.9600000000003
vertex 7099.040000000002 6096.220000000001 999.9600000000003
vertex 7901.010000000002 6096.220000000001 999.9600000000003
endloop
endfacet
facet normal 0 0 1
outer loop
vertex 7060.040000000002 6099.990000000002 999.9600000000003
vertex 7901.010000000002 6096.220000000001 999.9600000000003
vertex 7940.010000000002 6099.990000000002 999.9600000000003
endloop
endfacet
facet normal 0 0 1
outer loop
vertex 6179.940000000001 6099.990000000002 999.9600000000003
vertex 6219.0700000000015 6096.220000000001 999.9600000000003
vertex 7021.040000000002 6096.220000000001 999.9600000000003
endloop
endfacet
facet normal 0 0 1
outer loop
vertex 6179.940000000001 6099.990000000002 999.9600000000003
vertex 7021.040000000002 6096.220000000001 999.9600000000003
vertex 7060.040000000002 6099.990000000002 999.9600000000003
endloop
endfacet
facet normal 0 0 1
outer loop
vertex 5500.040000000002 6099.990000000002 999.9600000000003
vertex 5500.040000000002 6096.220000000001 999.9600000000003
vertex 6140.940000000001 6096.220000000001 999.9600000000003
endloop
endfacet
facet normal 0 0 1
outer loop
vertex 5500.040000000002 6099.990000000002 999.9600000000003
vertex 6140.940000000001 6096.220000000001 999.9600000000003
vertex 6179.940000000001 6099.990000000002 999.9600000000003
endloop
endfacet
facet normal 0 0 1
outer loop
vertex 8858.980000000001 6096.220000000001 999.9600000000003
vertex 8896.550000000003 6084.780000000002 999.9600000000003
vertex 9500.010000000002 6084.780000000002 999.9600000000003
endloop
endfacet
facet normal 0 0 1
outer loop
vertex 8858.980000000001 6096.220000000001 999.9600000000003
vertex 9500.010000000002 6084.780000000002 999.9600000000003
vertex 9500.010000000002 6096.220000000001 999.9600000000003
endloop
endfacet
facet normal 0 0 1
outer loop
vertex 7979.010000000002 6096.220000000001 999.9600000000003
vertex 8016.580000000002 6084.780000000002 999.9600000000003
vertex 8743.410000000002 6084.780000000002 999.9600000000003
endloop
endfacet
facet normal 0 0 1
outer loop
vertex 7979.010000000002 6096.220000000001 999.9600000000003
vertex 8743.410000000002 6084.780000000002 999.9600000000003
vertex 8780.980000000001 6096.220000000001 999.9600000000003
endloop
endfacet
facet normal 0 0 1
outer loop
vertex 7099.040000000002 6096.220000000001 999.9600000000003
vertex 7136.480000000001 6084.780000000002 999.9600000000003
vertex 7863.440000000002 6084.780000000002 999.9600000000003
endloop
endfacet
facet normal 0 0 1
outer loop
vertex 7099.040000000002 6096.220000000001 999.9600000000003
vertex 7863.440000000002 6084.780000000002 999.9600000000003
vertex 7901.010000000002 6096.220000000001 999.9600000000003
endloop
endfacet
facet normal 0 0 1
outer loop
vertex 6219.0700000000015 6096.220000000001 999.9600000000003
vertex 6256.510000000001 6084.780000000002 999.9600000000003
vertex 6983.470000000002 6084.780000000002 999.9600000000003
endloop
endfacet
facet normal 0 0 1
outer loop
vertex 6219.0700000000015 6096.220000000001 999.9600000000003
vertex 6983.470000000002 6084.780000000002 999.9600000000003
vertex 7021.040000000002 6096.220000000001 999.9600000000003
endloop
endfacet
facet normal 0 0 1
outer loop
vertex 5500.040000000002 6096.220000000001 999.9600000000003
vertex 5500.040000000002 6084.780000000002 999.9600000000003
vertex 6103.500000000002 6084.780000000002 999.9600000000003
endloop
endfacet
facet normal 0 0 1
outer loop
vertex 5500.040000000002 6096.220000000001 999.9600000000003
vertex 6103.500000000002 6084.780000000002 999.9600000000003
vertex 6140.940000000001 6096.220000000001 999.9600000000003
endloop
endfacet
facet normal 0 0 1
outer loop
vertex 8896.550000000003 6084.780000000002 999.9600000000003
vertex 8931.130000000003 6066.3200000000015 999.9600000000003
vertex 9500.010000000002 6066.3200000000015 999.9600000000003
endloop
endfacet
facet normal 0 0 1
outer loop
vertex 8896.550000000003 6084.780000000002 999.9600000000003
vertex 9500.010000000002 6066.3200000000015 999.9600000000003
vertex 9500.010000000002 6084.780000000002 999.9600000000003
endloop
endfacet
facet normal 0 0 1
outer loop
vertex 8016.580000000002 6084.780000000002 999.9600000000003
vertex 8051.160000000002 6066.3200000000015 999.9600000000003
vertex 8708.830000000002 6066.3200000000015 999.9600000000003
endloop
endfacet
facet normal 0 0 1
outer loop
vertex 8016.580000000002 6084.780000000002 999.9600000000003
vertex 8708.830000000002 6066.3200000000015 999.9600000000003
vertex 8743.410000000002 6084.780000000002 999.9600000000003
endloop
endfacet
facet normal 0 0 1
outer loop
vertex 7136.480000000001 6084.780000000002 999.9600000000003
vertex 7171.060000000002 6066.3200000000015 999.9600000000003
vertex 7828.8600000000015 6066.3200000000015 999.9600000000003
endloop
endfacet
facet normal 0 0 1
outer loop
vertex 7136.480000000001 6084.780000000002 999.9600000000003
vertex 7828.8600000000015 6066.3200000000015 999.9600000000003
vertex 7863.440000000002 6084.780000000002 999.9600000000003
endloop
endfacet
facet normal 0 0 1
outer loop
vertex 6256.510000000001 6084.780000000002 999.9600000000003
vertex 6291.090000000002 6066.3200000000015 999.9600000000003
vertex 6948.890000000002 6066.3200000000015 999.9600000000003
endloop
endfacet
facet normal 0 0 1
outer loop
vertex 6256.510000000001 6084.780000000002 999.9600000000003
vertex 6948.890000000002 6066.3200000000015 999.9600000000003
vertex 6983.470000000002 6084.780000000002 999.9600000000003
endloop
endfacet
facet normal 0 0 1
outer loop
vertex 5500.040000000002 6084.780000000002 999.9600000000003
vertex 5500.040000000002 6066.3200000000015 999.9600000000003
vertex 6068.920000000002 6066.3200000000015 999.9600000000003
endloop
endfacet
facet normal 0 0 1
outer loop
vertex 5500.040000000002 6084.780000000002 999.9600000000003
vertex 6068.920000000002 6066.3200000000015 999.9600000000003
vertex 6103.500000000002 6084.780000000002 999.9600000000003
endloop
endfacet
facet normal 0 0 1
outer loop
vertex 8931.130000000003 6066.3200000000015 999.9600000000003
vertex 8961.420000000002 6041.3600000000015 999.9600000000003
vertex 9500.010000000002 6041.3600000000015 999.9600000000003
endloop
endfacet
facet normal 0 0 1
outer loop
vertex 8931.130000000003 6066.3200000000015 999.9600000000003
vertex 9500.010000000002 6041.3600000000015 999.9600000000003
vertex 9500.010000000002 6066.3200000000015 999.9600000000003
endloop
endfacet
facet normal 0 0 0.9999999999999999
outer loop
vertex 8051.160000000002 6066.3200000000015 999.9600000000003
vertex 8081.450000000002 6041.3600000000015 999.9600000000003
vertex 8678.540000000003 6041.3600000000015 999.9600000000003
endloop
endfacet
facet normal 0 0 1
outer loop
vertex 8051.160000000002 6066.3200000000015 999.9600000000003
vertex 8678.540000000003 6041.3600000000015 999.9600000000003
vertex 8708.830000000002 6066.3200000000015 999.9600000000003
endloop
endfacet
facet normal 0 0 1
outer loop
vertex 7171.060000000002 6066.3200000000015 999.9600000000003
vertex 7201.480000000001 6041.3600000000015 999.9600000000003
vertex 7798.5700000000015 6041.3600000000015 999.9600000000003
endloop
endfacet
facet normal 0 0 1
outer loop
vertex 7171.060000000002 6066.3200000000015 999.9600000000003
vertex 7798.5700000000015 6041.3600000000015 999.9600000000003
vertex 7828.8600000000015 6066.3200000000015 999.9600000000003
endloop
endfacet
facet normal 0 0 1
outer loop
vertex 6291.090000000002 6066.3200000000015 999.9600000000003
vertex 6321.380000000002 6041.3600000000015 999.9600000000003
vertex 6918.600000000001 6041.3600000000015 999.9600000000003
endloop
endfacet
facet normal 0 0 1
outer loop
vertex 6291.090000000002 6066.3200000000015 999.9600000000003
vertex 6918.600000000001 6041.3600000000015 999.9600000000003
vertex 6948.890000000002 6066.3200000000015 999.9600000000003
endloop
endfacet
facet normal 0 0 1
outer loop
vertex 5500.040000000002 6066.3200000000015 999.9600000000003
vertex 5500.040000000002 6041.3600000000015 999.9600000000003
vertex 6038.630000000002 6041.3600000000015 999.9600000000003
endloop
endfacet
facet normal 0 0 1
outer loop
vertex 5500.040000000002 6066.3200000000015 999.9600000000003
vertex 6038.630000000002 6041.3600000000015 999.9600000000003
vertex 6068.920000000002 6066.3200000000015 999.9600000000003
endloop
endfacet
facet normal 0 0 1
outer loop
vertex 8961.420000000002 6041.3600000000015 999.9600000000003
vertex 8986.250000000002 6011.0700000000015 999.9600000000003
vertex 9500.010000000002 6011.0700000000015 999.9600000000003
endloop
endfacet
facet normal 0 0 1
outer loop
vertex 8961.420000000002 6041.3600000000015 999.9600000000003
vertex 9500.010000000002 6011.0700000000015 999.9600000000003
vertex 9500.010000000002 6041.3600000000015 999.9600000000003
endloop
endfacet
facet normal 0 0 1
outer loop
vertex 8081.450000000002 6041.3600000000015 999.9600000000003
vertex 8106.280000000002 6011.0700000000015 999.9600000000003
vertex 8653.710000000003 6011.0700000000015 999.9600000000003
endloop
endfacet
facet normal 0 0 1
outer loop
vertex 8081.450000000002 6041.3600000000015 999.9600000000003
vertex 8653.710000000003 6011.0700000000015 999.9600000000003
vertex 8678.540000000003 6041.3600000000015 999.9600000000003
endloop
endfacet
facet normal 0 0 1
outer loop
vertex 7201.480000000001 6041.3600000000015 999.9600000000003
vertex 7226.310000000002 6011.0700000000015 999.9600000000003
vertex 7773.740000000002 6011.0700000000015 999.9600000000003
endloop
endfacet
facet normal 0 0 1
outer loop
vertex 7201.480000000001 6041.3600000000015 999.9600000000003
vertex 7773.740000000002 6011.0700000000015 999.9600000000003
vertex 7798.5700000000015 6041.3600000000015 999.9600000000003
endloop
endfacet
facet normal 0 0 1
outer loop
vertex 6321.380000000002 6041.3600000000015 999.9600000000003
vertex 6346.340000000002 6011.0700000000015 999.9600000000003
vertex 6893.770000000001 6011.0700000000015 999.9600000000003
endloop
endfacet
facet normal 0 0 1
outer loop
vertex 6321.380000000002 6041.3600000000015 999.9600000000003
vertex 6893.770000000001 6011.0700000000015 999.9600000000003
vertex 6918.600000000001 6041.3600000000015 999.9600000000003
endloop
endfacet
facet normal 0 0 1
outer loop
vertex 5500.040000000002 6041.3600000000015 999.9600000000003
vertex 5500.040000000002 6011.0700000000015 999.9600000000003
vertex 6013.670000000002 6011.0700000000015 999.9600000000003
endloop
endfacet
facet normal 0 0 1
outer loop
vertex 5500.040000000002 6041.3600000000015 999.9600000000003
vertex 6013.670000000002 6011.0700000000015 999.9600000000003
vertex 6038.630000000002 6041.3600000000015 999.9600000000003
endloop
endfacet
facet normal 0 0 1
outer loop
vertex 8986.250000000002 6011.0700000000015 999.9600000000003
vertex 9004.840000000002 5976.490000000002 999.9600000000003
vertex 9500.010000000002 5976.490000000002 999.9600000000003
endloop
endfacet
facet normal 0 0 1
outer loop
vertex 8986.250000000002 6011.0700000000015 999.9600000000003
vertex 9500.010000000002 5976.490000000002 999.9600000000003
vertex 9500.010000000002 6011.0700000000015 999.9600000000003
endloop
endfacet
facet normal 0 0 1
outer loop
vertex 8106.280000000002 6011.0700000000015 999.9600000000003
vertex 8124.740000000002 5976.490000000002 999.9600000000003
vertex 8635.250000000002 5976.490000000002 999.9600000000003
endloop
endfacet
facet normal 0 0 1
outer loop
vertex 8106.280000000002 6011.0700000000015 999.9600000000003
vertex 8635.250000000002 5976.490000000002 999.9600000000003
vertex 8653.710000000003 6011.0700000000015 999.9600000000003
endloop
endfacet
facet normal 0 0 1
outer loop
vertex 7226.310000000002 6011.0700000000015 999.9600000000003
vertex 7244.770000000001 5976.490000000002 999.9600000000003
vertex 7755.280000000002 5976.490000000002 999.9600000000003
endloop
endfacet
facet normal 0 0 1
outer loop
vertex 7226.310000000002 6011.0700000000015 999.9600000000003
vertex 7755.280000000002 5976.490000000002 999.9600000000003
vertex 7773.740000000002 6011.0700000000015 999.9600000000003
endloop
endfacet
facet normal 0 0 1
outer loop
vertex 6346.340000000002 6011.0700000000015 999.9600000000003
vertex 6364.800000000002 5976.490000000002 999.9600000000003
vertex 6875.180000000002 5976.490000000002 999.9600000000003
endloop
endfacet
facet normal 0 0 1
outer loop
vertex 6346.340000000002 6011.0700000000015 999.9600000000003
vertex 6875.180000000002 5976.490000000002 999.9600000000003
vertex 6893.770000000001 6011.0700000000015 999.9600000000003
endloop
endfacet
facet normal 0 0 1
outer loop
vertex 5500.040000000002 6011.0700000000015 999.9600000000003
vertex 5500.040000000002 5976.490000000002 999.9600000000003
vertex 5995.210000000002 5976.490000000002 999.9600000000003
endloop
endfacet
facet normal 0 0 1
outer loop
vertex 5500.040000000002 6011.0700000000015 999.9600000000003
vertex 5995.210000000002 5976.490000000002 999.9600000000003
vertex 6013.670000000002 6011.0700000000015 999.9600000000003
endloop
endfacet
facet normal 0 0 1
outer loop
vertex 9004.840000000002 5976.490000000002 999.9600000000003
vertex 9016.150000000001 5939.050000000001 999.9600000000003
vertex 9500.010000000002 5939.050000000001 999.9600000000003
endloop
endfacet
facet normal 0 0 0.9999999999999999
outer loop
vertex 9004.840000000002 5976.490000000002 999.9600000000003
vertex 9500.010000000002 5939.050000000001 999.9600000000003
vertex 9500.010000000002 5976.490000000002 999.9600000000003
endloop
endfacet
facet normal 0 0 1
outer loop
vertex 8124.740000000002 5976.490000000002 999.9600000000003
vertex 8136.180000000002 5939.050000000001 999.9600000000003
vertex 8623.810000000001 5939.050000000001 999.9600000000003
endloop
endfacet
facet normal 0 0 0.9999999999999999
outer loop
vertex 8124.740000000002 5976.490000000002 999.9600000000003
vertex 8623.810000000001 5939.050000000001 999.9600000000003
vertex 8635.250000000002 5976.490000000002 999.9600000000003
endloop
endfacet
facet normal 0 0 1
outer loop
vertex 7244.770000000001 5976.490000000002 999.9600000000003
vertex 7256.210000000002 5939.050000000001 999.9600000000003
vertex 7743.840000000002 5939.050000000001 999.9600000000003
endloop
endfacet
facet normal 0 0 0.9999999999999999
outer loop
vertex 7244.770000000001 5976.490000000002 999.9600000000003
vertex 7743.840000000002 5939.050000000001 999.9600000000003
vertex 7755.280000000002 5976.490000000002 999.9600000000003
endloop
endfacet
facet normal 0 0 1
outer loop
vertex 6364.800000000002 5976.490000000002 999.9600000000003
vertex 6376.1100000000015 5939.050000000001 999.9600000000003
vertex 6863.870000000002 5939.050000000001 999.9600000000003
endloop
endfacet
facet normal 0 0 1
outer loop
vertex 6364.800000000002 5976.490000000002 999.9600000000003
vertex 6863.870000000002 5939.050000000001 999.9600000000003
vertex 6875.180000000002 5976.490000000002 999.9600000000003
endloop
endfacet
facet normal 0 0 1
outer loop
vertex 5500.040000000002 5976.490000000002 999.9600000000003
vertex 5500.040000000002 5939.050000000001 999.9600000000003
vertex 5983.9000000000015 5939.050000000001 999.9600000000003
endloop
endfacet
facet normal 0 0 0.9999999999999999
outer loop
vertex 5500.040000000002 5976.490000000002 999.9600000000003
vertex 5983.9000000000015 5939.050000000001 999.9600000000003
vertex 5995.210000000002 5976.490000000002 999.9600000000003
endloop
endfacet
facet normal 0 0 1
outer loop
vertex 9016.150000000001 5939.050000000001 999.9600000000003
vertex 9020.050000000003 5900.050000000001 999.9600000000003
vertex 9500.010000000002 5900.050000000001 999.9600000000003
endloop
endfacet
facet normal 0 0 1
outer loop
vertex 9016.150000000001 5939.050000000001 999.9600000000003
vertex 9500.010000000002 5900.050000000001 999.9600000000003
vertex 9500.010000000002 5939.050000000001 999.9600000000003
endloop
endfacet
facet normal 0 0 1
outer loop
vertex 8136.180000000002 5939.050000000001 999.9600000000003
vertex 8139.950000000002 5900.050000000001 999.9600000000003
vertex 8620.040000000003 5900.050000000001 999.9600000000003
endloop
endfacet
facet normal 0 0 1
outer loop
vertex 8136.180000000002 5939.050000000001 999.9600000000003
vertex 8620.040000000003 5900.050000000001 999.9600000000003
vertex 8623.810000000001 5939.050000000001 999.9600000000003
endloop
endfacet
facet normal 0 0 1
outer loop
vertex 7256.210000000002 5939.050000000001 999.9600000000003
vertex 7259.980000000001 5900.050000000001 999.9600000000003
vertex 7739.940000000002 5900.050000000001 999.9600000000003
endloop
endfacet
facet normal 0 0 1
outer loop
vertex 7256.210000000002 5939.050000000001 999.9600000000003
vertex 7739.940000000002 5900.050000000001 999.9600000000003
vertex 7743.840000000002 5939.050000000001 999.9600000000003
endloop
endfacet
facet normal 0 0 1
outer loop
vertex 6376.1100000000015 5939.050000000001 999.9600000000003
vertex 6380.010000000001 5900.050000000001 999.9600000000003
vertex 6859.970000000002 5900.050000000001 999.9600000000003
endloop
endfacet
facet normal 0 0 1
outer loop
vertex 6376.1100000000015 5939.050000000001 999.9600000000003
vertex 6859.970000000002 5900.050000000001 999.9600000000003
vertex 6863.870000000002 5939.050000000001 999.9600000000003
endloop
endfacet
facet normal 0 0 1
outer loop
vertex 5500.040000000002 5939.050000000001 999.9600000000003
vertex 5500.040000000002 5900.050000000001 999.9600000000003
vertex 5980.000000000002 5900.050000000001 999.9600000000003
endloop
endfacet
facet normal 0 0 0.9999999999999999
outer loop
vertex 5500.040000000002 5939.050000000001 999.9600000000003
vertex 5980.000000000002 5900.050000000001 999.9600000000003
vertex 5983.9000000000015 5939.050000000001 999.9600000000003
endloop
endfacet
facet normal 0 0 1
outer loop
vertex 9020.050000000003 5900.050000000001 999.9600000000003
vertex 9016.150000000001 5860.920000000002 999.9600000000003
vertex 9500.010000000002 5860.920000000002 999.9600000000003
endloop
endfacet
facet normal 0 0 0.9999999999999999
outer loop
vertex 9020.050000000003 5900.050000000001 999.9600000000003
vertex 9500.010000000002 5860.920000000002 999.9600000000003
vertex 9500.010000000002 5900.050000000001 999.9600000000003
endloop
endfacet
facet normal 0 0 1
outer loop
vertex 8139.950000000002 5900.050000000001 999.9600000000003
vertex 8136.180000000002 5860.920000000002 999.9600000000003
vertex 8623.810000000001 5860.920000000002 999.9600000000003
endloop
endfacet
facet normal 0 0 1
outer loop
vertex 8139.950000000002 5900.050000000001 999.9600000000003
vertex 8623.810000000001 5860.920000000002 999.9600000000003
vertex 8620.040000000003 5900.050000000001 999.9600000000003
endloop
endfacet
facet normal 0 0 1
outer loop
vertex 7259.980000000001 5900.050000000001 999.9600000000003
vertex 7256.210000000002 5860.920000000002 999.9600000000003
vertex 7743.840000000002 5860.920000000002 999.9600000000003
endloop
endfacet
facet normal 0 0 1
outer loop
vertex 7259.980000000001 5900.050000000001 999.9600000000003
vertex 7743.840000000002 5860.920000000002 999.9600000000003
vertex 7739.940000000002 5900.050000000001 999.9600000000003
endloop
endfacet
facet normal 0 0 1
outer loop
vertex 6380.010000000001 5900.050000000001 999.9600000000003
vertex 6376.1100000000015 5860.920000000002 999.9600000000003
vertex 6863.870000000002 5860.920000000002 999.9600000000003
endloop
endfacet
facet normal 0 0 1
outer loop
vertex 6380.010000000001 5900.050000000001 999.9600000000003
vertex 6863.870000000002 5860.920000000002 999.9600000000003
vertex 6859.970000000002 5900.050000000001 999.9600000000003
endloop
endfacet
facet normal 0 0 1
outer loop
vertex 5500.040000000002 5900.050000000001 999.9600000000003
vertex 5500.040000000002 5860.920000000002 999.9600000000003
vertex 5983.9000000000015 5860.920000000002 999.9600000000003
endloop
endfacet
facet normal 0 0 1
outer loop
vertex 5500.040000000002 5900.050000000001 999.9600000000003
vertex 5983.9000000000015 5860.920000000002 999.9600000000003
vertex 5980.000000000002 5900.050000000001 999.9600000000003
endloop
endfacet
facet normal 0 0 0.9999999999999999
outer loop
vertex 9016.150000000001 5860.920000000002 999.9600000000003
vertex 9004.840000000002 5823.480000000001 999.9600000000003
vertex 9500.010000000002 5823.480000000001 999.9600000000003
endloop
endfacet
facet normal 0 0 1
outer loop
vertex 9016.150000000001 5860.920000000002 999.9600000000003
vertex 9500.010000000002 5823.480000000001 999.9600000000003
vertex 9500.010000000002 5860.920000000002 999.9600000000003
endloop
endfacet
facet normal 0 0 1
outer loop
vertex 8136.180000000002 5860.920000000002 999.9600000000003
vertex 8124.740000000002 5823.480000000001 999.9600000000003
vertex 8635.250000000002 5823.480000000001 999.9600000000003
endloop
endfacet
facet normal 0 0 1
outer loop
vertex 8136.180000000002 5860.920000000002 999.9600000000003
vertex 8635.250000000002 5823.480000000001 999.9600000000003
vertex 8623.810000000001 5860.920000000002 999.9600000000003
endloop
endfacet
facet normal 0 0 1
outer loop
vertex 7256.210000000002 5860.920000000002 999.9600000000003
vertex 7244.770000000001 5823.480000000001 999.9600000000003
vertex 7755.280000000002 5823.480000000001 999.9600000000003
endloop
endfacet
facet normal 0 0 1
outer loop
vertex 7256.210000000002 5860.920000000002 999.9600000000003
vertex 7755.280000000002 5823.480000000001 999.9600000000003
vertex 7743.840000000002 5860.920000000002 999.9600000000003
endloop
endfacet
facet normal 0 0 1
outer loop
vertex 6376.1100000000015 5860.920000000002 999.9600000000003
vertex 6364.800000000002 5823.480000000001 999.9600000000003
vertex 6875.180000000002 5823.480000000001 999.9600000000003
endloop
endfacet
facet normal 0 0 1
outer loop
vertex 6376.1100000000015 5860.920000000002 999.9600000000003
vertex 6875.180000000002 5823.480000000001 999.9600000000003
vertex 6863.870000000002 5860.920000000002 999.9600000000003
endloop
endfacet
facet normal 0 0 0.9999999999999999
outer loop
vertex 5500.040000000002 5860.920000000002 999.9600000000003
vertex 5500.040000000002 5823.480000000001 999.9600000000003
vertex 5995.210000000002 5823.480000000001 999.9600000000003
endloop
endfacet
facet normal 0 0 1
outer loop
vertex 5500.040000000002 5860.920000000002 999.9600000000003
vertex 5995.210000000002 5823.480000000001 999.9600000000003
vertex 5983.9000000000015 5860.920000000002 999.9600000000003
endloop
endfacet
facet normal 0 0 1
outer loop
vertex 9004.840000000002 5823.480000000001 999.9600000000003
vertex 8986.250000000002 5788.9000000000015 999.9600000000003
vertex 9500.010000000002 5788.9000000000015 999.9600000000003
endloop
endfacet
facet normal 0 0 1
outer loop
vertex 9004.840000000002 5823.480000000001 999.9600000000003
vertex 9500.010000000002 5788.9000000000015 999.9600000000003
vertex 9500.010000000002 5823.480000000001 999.9600000000003
endloop
endfacet
facet normal 0 0 1
outer loop
vertex 8124.740000000002 5823.480000000001 999.9600000000003
vertex 8106.280000000002 5788.9000000000015 999.9600000000003
vertex 8653.710000000003 5788.9000000000015 999.9600000000003
endloop
endfacet
facet normal 0 0 1
outer loop
vertex 8124.740000000002 5823.480000000001 999.9600000000003
vertex 8653.710000000003 5788.9000000000015 999.9600000000003
vertex 8635.250000000002 5823.480000000001 999.9600000000003
endloop
endfacet
facet normal 0 0 1
outer loop
vertex 7244.770000000001 5823.480000000001 999.9600000000003
vertex 7226.310000000002 5788.9000000000015 999.9600000000003
vertex 7773.740000000002 5788.9000000000015 999.9600000000003
endloop
endfacet
facet normal 0 0 1
outer loop
vertex 7244.770000000001 5823.480000000001 999.9600000000003
vertex 7773.740000000002 5788.9000000000015 999.9600000000003
vertex 7755.280000000002 5823.480000000001 999.9600000000003
endloop
endfacet
facet normal 0 0 1
outer loop
vertex 6364.800000000002 5823.480000000001 999.9600000000003
vertex 6346.340000000002 5788.9000000000015 999.9600000000003
vertex 6893.770000000001 5788.9000000000015 999.9600000000003
endloop
endfacet
facet normal 0 0 1
outer loop
vertex 6364.800000000002 5823.480000000001 999.9600000000003
vertex 6893.770000000001 5788.9000000000015 999.9600000000003
vertex 6875.180000000002 5823.480000000001 999.9600000000003
endloop
endfacet
facet normal 0 0 1
outer loop
vertex 5500.040000000002 5823.480000000001 999.9600000000003
vertex 5500.040000000002 5788.9000000000015 999.9600000000003
vertex 6013.670000000002 5788.9000000000015 999.9600000000003
endloop
endfacet
facet normal 0 0 1
outer loop
vertex 5500.040000000002 5823.480000000001 999.9600000000003
vertex 6013.670000000002 5788.9000000000015 999.9600000000003
vertex 5995.210000000002 5823.480000000001 999.9600000000003
endloop
endfacet
facet normal 0 0 1
outer loop
vertex 8986.250000000002 5788.9000000000015 999.9600000000003
vertex 8961.420000000002 5758.6100000000015 999.9600000000003
vertex 9500.010000000002 5758.6100000000015 999.9600000000003
endloop
endfacet
facet normal 0 0 1
outer loop
vertex 8986.250000000002 5788.9000000000015 999.9600000000003
vertex 9500.010000000002 5758.6100000000015 999.9600000000003
vertex 9500.010000000002 5788.9000000000015 999.9600000000003
endloop
endfacet
facet normal 0 0 1
outer loop
vertex 8106.280000000002 5788.9000000000015 999.9600000000003
vertex 8081.450000000002 5758.6100000000015 999.9600000000003
vertex 8678.540000000003 5758.6100000000015 999.9600000000003
endloop
endfacet
facet normal 0 0 1
outer loop
vertex 8106.280000000002 5788.9000000000015 999.9600000000003
vertex 8678.540000000003 5758.6100000000015 999.9600000000003
vertex 8653.710000000003 5788.9000000000015 999.9600000000003
endloop
endfacet
facet normal 0 0 1
outer loop
vertex 7226.310000000002 5788.9000000000015 999.9600000000003
vertex 7201.480000000001 5758.6100000000015 999.9600000000003
vertex 7798.5700000000015 5758.6100000000015 999.9600000000003
endloop
endfacet
facet normal 0 0 1
outer loop
vertex 7226.310000000002 5788.9000000000015 999.9600000000003
vertex 7798.5700000000015 5758.6100000000015 999.9600000000003
vertex 7773.740000000002 5788.9000000000015 999.9600000000003
endloop
endfacet
facet normal 0 0 1
outer loop
vertex 6346.340000000002 5788.9000000000015 999.9600000000003
vertex 6321.380000000002 5758.6100000000015 999.9600000000003
vertex 6918.600000000001 5758.6100000000015 999.9600000000003
endloop
endfacet
facet normal 0 0 1
outer loop
vertex 6346.340000000002 5788.9000000000015 999.9600000000003
vertex 6918.600000000001 5758.6100000000015 999.9600000000003
vertex 6893.770000000001 5788.9000000000015 999.9600000000003
endloop
endfacet
facet normal 0 0 1
outer loop
vertex 5500.040000000002 5788.9000000000015 999.9600000000003
vertex 5500.040000000002 5758.6100000000015 999.9600000000003
vertex 6038.630000000002 5758.6100000000015 999.9600000000003
endloop
endfacet
facet normal 0 0 1
outer loop
vertex 5500.040000000002 5788.9000000000015 999.9600000000003
vertex 6038.630000000002 5758.6100000000015 999.9600000000003
vertex 6013.670000000002 5788.9000000000015 999.9600000000003
endloop
endfacet
facet normal 0 0 1
outer loop
vertex 8961.420000000002 5758.6100000000015 999.9600000000003
vertex 8931.130000000003 5733.6500000000015 999.9600000000003
vertex 9500.010000000002 5733.6500000000015 999.9600000000003
endloop
endfacet
facet normal 0 0 1
outer loop
vertex 8961.420000000002 5758.6100000000015 999.9600000000003
vertex 9500.010000000002 5733.6500000000015 999.9600000000003
vertex 9500.010000000002 5758.6100000000015 999.9600000000003
endloop
endfacet
facet normal 0 0 1
outer loop
vertex 8081.450000000002 5758.6100000000015 999.9600000000003
vertex 8051.160000000002 5733.6500000000015 999.9600000000003
vertex 8708.830000000002 5733.6500000000015 999.9600000000003
endloop
endfacet
facet normal 0 0 0.9999999999999999
outer loop
vertex 8081.450000000002 5758.6100000000015 999.9600000000003
vertex 8708.830000000002 5733.6500000000015 999.9600000000003
vertex 8678.540000000003 5758.6100000000015 999.9600000000003
endloop
endfacet
facet normal 0 0 1
outer loop
vertex 7201.480000000001 5758.6100000000015 999.9600000000003
vertex 7171.060000000002 5733.6500000000015 999.9600000000003
vertex 7828.8600000000015 5733.6500000000015 999.9600000000003
endloop
endfacet
facet normal 0 0 1
outer loop
vertex 7201.480000000001 5758.6100000000015 999.9600000000003
vertex 7828.8600000000015 5733.6500000000015 999.9600000000003
vertex 7798.5700000000015 5758.6100000000015 999.9600000000003
endloop
endfacet
facet normal 0 0 1
outer loop
vertex 6321.380000000002 5758.6100000000015 999.9600000000003
vertex 6291.090000000002 5733.6500000000015 999.9600000000003
vertex 6948.890000000002 5733.6500000000015 999.9600000000003
endloop
endfacet
facet normal 0 0 1
outer loop
vertex 6321.380000000002 5758.6100000000015 999.9600000000003
vertex 6948.890000000002 5733.6500000000015 999.9600000000003
vertex 6918.600000000001 5758.6100000000015 999.9600000000003
endloop
endfacet
facet normal 0 0 1
outer loop
vertex 5500.040000000002 5758.6100000000015 999.9600000000003
vertex 5500.040000000002 5733.6500000000015 999.9600000000003
vertex 6068.920000000002 5733.6500000000015 999.9600000000003
endloop
endfacet
facet normal 0 0 1
outer loop
vertex 5500.040000000002 5758.6100000000015 999.9600000000003
vertex 6068.920000000002 5733.6500000000015 999.9600000000003
vertex 6038.630000000002 5758.6100000000015 999.9600000000003
endloop
endfacet
facet normal 0 0 1
outer loop
vertex 8931.130000000003 5733.6500000000015 999.9600000000003
vertex 8896.550000000003 5715.190000000001 999.9600000000003
vertex 9500.010000000002 5715.190000000001 999.9600000000003
endloop
endfacet
facet normal 0 0 1
outer loop
vertex 8931.130000000003 5733.6500000000015 999.9600000000003
vertex 9500.010000000002 5715.190000000001 999.9600000000003
vertex 9500.010000000002 5733.6500000000015 999.9600000000003
endloop
endfacet
facet normal 0 0 1
outer loop
vertex 8051.160000000002 5733.6500000000015 999.9600000000003
vertex 8016.580000000002 5715.190000000001 999.9600000000003
vertex 8743.410000000002 5715.190000000001 999.9600000000003
endloop
endfacet
facet normal 0 0 1
outer loop
vertex 8051.160000000002 5733.6500000000015 999.9600000000003
vertex 8743.410000000002 5715.190000000001 999.9600000000003
vertex 8708.830000000002 5733.6500000000015 999.9600000000003
endloop
endfacet
facet normal 0 0 1
outer loop
vertex 7171.060000000002 5733.6500000000015 999.9600000000003
vertex 7136.480000000001 5715.190000000001 999.9600000000003
vertex 7863.440000000002 5715.190000000001 999.9600000000003
endloop
endfacet
facet normal 0 0 1
outer loop
vertex 7171.060000000002 5733.6500000000015 999.9600000000003
vertex 7863.440000000002 5715.190000000001 999.9600000000003
vertex 7828.8600000000015 5733.6500000000015 999.9600000000003
endloop
endfacet
facet normal 0 0 1
outer loop
vertex 6291.090000000002 5733.6500000000015 999.9600000000003
vertex 6256.510000000001 5715.190000000001 999.9600000000003
vertex 6983.470000000002 5715.190000000001 999.9600000000003
endloop
endfacet
facet normal 0 0 1
outer loop
vertex 6291.090000000002 5733.6500000000015 999.9600000000003
vertex 6983.470000000002 5715.190000000001 999.9600000000003
vertex 6948.890000000002 5733.6500000000015 999.9600000000003
endloop
endfacet
facet normal 0 0 1
outer loop
vertex 5500.040000000002 5733.6500000000015 999.9600000000003
vertex 5500.040000000002 5715.190000000001 999.9600000000003
vertex 6103.500000000002 5715.190000000001 999.9600000000003
endloop
endfacet
facet normal 0 0 1
outer loop
vertex 5500.040000000002 5733.6500000000015 999.9600000000003
vertex 6103.500000000002 5715.190000000001 999.9600000000003
vertex 6068.920000000002 5733.6500000000015 999.9600000000003
endloop
endfacet
facet normal 0 0 1
outer loop
vertex 8896.550000000003 5715.190000000001 999.9600000000003
vertex 8858.980000000001 5703.880000000001 999.9600000000003
vertex 9500.010000000002 5703.880000000001 999.9600000000003
endloop
endfacet
facet normal 0 0 1
outer loop
vertex 8896.550000000003 5715.190000000001 999.9600000000003
vertex 9500.010000000002 5703.880000000001 999.9600000000003
vertex 9500.010000000002 5715.190000000001 999.9600000000003
endloop
endfacet
facet normal 0 0 1
outer loop
vertex 8016.580000000002 5715.190000000001 999.9600000000003
vertex 7979.010000000002 5703.880000000001 999.9600000000003
vertex 8780.980000000001 5703.880000000001 999.9600000000003
endloop
endfacet
facet normal 0 0 1
outer loop
vertex 8016.580000000002 5715.190000000001 999.9600000000003
vertex 8780.980000000001 5703.880000000001 999.9600000000003
vertex 8743.410000000002 5715.190000000001 999.9600000000003
endloop
endfacet
facet normal 0 0 1
outer loop
vertex 7136.480000000001 5715.190000000001 999.9600000000003
vertex 7099.040000000002 5703.880000000001 999.9600000000003
vertex 7901.010000000002 5703.880000000001 999.9600000000003
endloop
endfacet
facet normal 0 0 1
outer loop
vertex 7136.480000000001 5715.190000000001 999.9600000000003
vertex 7901.010000000002 5703.880000000001 999.9600000000003
vertex 7863.440000000002 5715.190000000001 999.9600000000003
endloop
endfacet
facet normal 0 0 1
outer loop
vertex 6256.510000000001 5715.190000000001 999.9600000000003
vertex 6219.0700000000015 5703.880000000001 999.9600000000003
vertex 7021.040000000002 5703.880000000001 999.9600000000003
endloop
endfacet
facet normal 0 0 1
outer loop
vertex 6256.510000000001 5715.190000000001 999.9600000000003
vertex 7021.040000000002 5703.880000000001 999.9600000000003
vertex 6983.470000000002 5715.190000000001 999.9600000000003
endloop
endfacet
facet normal 0 0 1
outer loop
vertex 5500.040000000002 5715.190000000001 999.9600000000003
vertex 5500.040000000002 5703.880000000001 999.9600000000003
vertex 6140.940000000001 5703.880000000001 999.9600000000003
endloop
endfacet
facet normal 0 0 1
outer loop
vertex 5500.040000000002 5715.190000000001 999.9600000000003
vertex 6140.940000000001 5703.880000000001 999.9600000000003
vertex 6103.500000000002 5715.190000000001 999.9600000000003
endloop
endfacet
facet normal 0 0 0.9999999999999999
outer loop
vertex 8858.980000000001 5703.880000000001 999.9600000000003
vertex 8819.980000000001 5699.980000000001 999.9600000000003
vertex 9500.010000000002 5699.980000000001 999.9600000000003
endloop
endfacet
facet normal 0 0 1
outer loop
vertex 8858.980000000001 5703.880000000001 999.9600000000003
vertex 9500.010000000002 5699.980000000001 999.9600000000003
vertex 9500.010000000002 5703.880000000001 999.9600000000003
endloop
endfacet
facet normal 0 0 0.9999999999999999
outer loop
vertex 7979.010000000002 5703.880000000001 999.9600000000003
vertex 7940.010000000002 5699.980000000001 999.9600000000003
vertex 8819.980000000001 5699.980000000001 999.9600000000003
endloop
endfacet
facet normal 0 0 0.9999999999999999
outer loop
vertex 7979.010000000002 5703.880000000001 999.9600000000003
vertex 8819.980000000001 5699.980000000001 999.9600000000003
vertex 8780.980000000001 5703.880000000001 999.9600000000003
endloop
endfacet
facet normal 0 0 1
outer loop
vertex 7099.040000000002 5703.880000000001 999.9600000000003
vertex 7060.040000000002 5699.980000000001 999.9600000000003
vertex 7940.010000000002 5699.980000000001 999.9600000000003
endloop
endfacet
facet normal 0 0 0.9999999999999999
outer loop
vertex 7099.040000000002 5703.880000000001 999.9600000000003
vertex 7940.010000000002 5699.980000000001 999.9600000000003
vertex 7901.010000000002 5703.880000000001 999.9600000000003
endloop
endfacet
facet normal 0 0 1
outer loop
vertex 6219.0700000000015 5703.880000000001 999.9600000000003
vertex 6179.940000000001 5699.980000000001 999.9600000000003
vertex 7060.040000000002 5699.980000000001 999.9600000000003
endloop
endfacet
facet normal 0 0 0.9999999999999999
outer loop
vertex 6219.0700000000015 5703.880000000001 999.9600000000003
vertex 7060.040000000002 5699.980000000001 999.9600000000003
vertex 7021.040000000002 5703.880000000001 999.9600000000003
endloop
endfacet
facet normal 0 0 1
outer loop
vertex 5500.040000000002 5703.880000000001 999.9600000000003
vertex 5500.040000000002 5699.980000000001 999.9600000000003
vertex 6179.940000000001 5699.980000000001 999.9600000000003
endloop
endfacet
facet normal 0 0 1
outer loop
vertex 5500.040000000002 5703.880000000001 999.9600000000003
vertex 6179.940000000001 5699.980000000001 999.9600000000003
vertex 6140.940000000001 5703.880000000001 999.9600000000003
endloop
endfacet
facet normal 0 0 0.9999999999999999
outer loop
vertex 7499.960000000002 5449.990000000002 999.9600000000003
vertex 8819.980000000001 5699.980000000001 999.9600000000003
vertex 7940.010000000002 5699.980000000001 999.9600000000003
endloop
endfacet
facet normal 0 0 1
outer loop
vertex 7499.960000000002 5449.990000000002 999.9600000000003
vertex 7940.010000000002 5699.980000000001 999.9600000000003
vertex 7060.040000000002 5699.980000000001 999.9600000000003
endloop
endfacet
facet normal 0 0 1
outer loop
vertex 7499.960000000002 5449.990000000002 999.9600000000003
vertex 7060.040000000002 5699.980000000001 999.9600000000003
vertex 6179.940000000001 5699.980000000001 999.9600000000003
endloop
endfacet
facet normal 0 0 1
outer loop
vertex 7499.960000000002 5449.990000000002 999.9600000000003
vertex 6179.940000000001 5699.980000000001 999.9600000000003
vertex 5500.040000000002 5699.980000000001 999.9600000000003
endloop
endfacet
facet normal 0 0 1
outer loop
vertex 7499.960000000002 5449.990000000002 999.9600000000003
vertex 5500.040000000002 5699.980000000001 999.9600000000003
vertex 5500.040000000002 5200.000000000001 999.9600000000003
endloop
endfacet
facet normal 0 0 1
outer loop
vertex 7499.960000000002 5449.990000000002 999.9600000000003
vertex 5500.040000000002 5200.000000000001 999.9600000000003
vertex 6179.940000000001 5200.000000000001 999.9600000000003
endloop
endfacet
facet normal 0 0 1
outer loop
vertex 7499.960000000002 5449.990000000002 999.9600000000003
vertex 6179.940000000001 5200.000000000001 999.9600000000003
vertex 7060.040000000002 5200.000000000001 999.9600000000003
endloop
endfacet
facet normal 0 0 1
outer loop
vertex 7499.960000000002 5449.990000000002 999.9600000000003
vertex 7060.040000000002 5200.000000000001 999.9600000000003
vertex 7940.010000000002 5200.000000000001 999.9600000000003
endloop
endfacet
facet normal 0 0 1
outer loop
vertex 7499.960000000002 5449.990000000002 999.9600000000003
vertex 7940.010000000002 5200.000000000001 999.9600000000003
vertex 8819.980000000001 5200.000000000001 999.9600000000003
endloop
endfacet
facet normal 0 0 1
outer loop
vertex 7499.960000000002 5449.990000000002 999.9600000000003
vertex 8819.980000000001 5200.000000000001 999.9600000000003
vertex 9500.010000000002 5200.000000000001 999.9600000000003
endloop
endfacet
facet normal 0 0 1
outer loop
vertex 7499.960000000002 5449.990000000002 999.9600000000003
vertex 9500.010000000002 5200.000000000001 999.9600000000003
vertex 9500.010000000002 5699.980000000001 999.9600000000003
endloop
endfacet
facet normal 0 0 1
outer loop
vertex 7499.960000000002 5449.990000000002 999.9600000000003
vertex 9500.010000000002 5699.980000000001 999.9600000000003
vertex 8819.980000000001 5699.980000000001 999.9600000000003
endloop
endfacet
facet normal 0 0 1
outer loop
vertex 8819.980000000001 5200.000000000001 999.9600000000003
vertex 8858.980000000001 5196.100000000001 999.9600000000003
vertex 9500.010000000002 5196.100000000001 999.9600000000003
endloop
endfacet
facet normal 0 0 0.9999999999999999
outer loop
vertex 8819.980000000001 5200.000000000001 999.9600000000003
vertex 9500.010000000002 5196.100000000001 999.9600000000003
vertex 9500.010000000002 5200.000000000001 999.9600000000003
endloop
endfacet
facet normal 0 0 0.9999999999999999
outer loop
vertex 7940.010000000002 5200.000000000001 999.9600000000003
vertex 7979.010000000002 5196.100000000001 999.9600000000003
vertex 8780.980000000001 5196.100000000001 999.9600000000003
endloop
endfacet
facet normal 0 0 0.9999999999999999
outer loop
vertex 7940.010000000002 5200.000000000001 999.9600000000003
vertex 8780.980000000001 5196.100000000001 999.9600000000003
vertex 8819.980000000001 5200.000000000001 999.9600000000003
endloop
endfacet
facet normal 0 0 0.9999999999999999
outer loop
vertex 7060.040000000002 5200.000000000001 999.9600000000003
vertex 7099.040000000002 5196.100000000001 999.9600000000003
vertex 7901.010000000002 5196.100000000001 999.9600000000003
endloop
endfacet
facet normal 0 0 1
outer loop
vertex 7060.040000000002 5200.000000000001 999.9600000000003
vertex 7901.010000000002 5196.100000000001 999.9600000000003
vertex 7940.010000000002 5200.000000000001 999.9600000000003
endloop
endfacet
facet normal 0 0 0.9999999999999999
outer loop
vertex 6179.940000000001 5200.000000000001 999.9600000000003
vertex 6219.0700000000015 5196.100000000001 999.9600000000003
vertex 7021.040000000002 5196.100000000001 999.9600000000003
endloop
endfacet
facet normal 0 0 1
outer loop
vertex 6179.940000000001 5200.000000000001 999.9600000000003
vertex 7021.040000000002 5196.100000000001 999.9600000000003
vertex 7060.040000000002 5200.000000000001 999.9600000000003
endloop
endfacet
facet normal 0 0 1
outer loop
vertex 5500.040000000002 5200.000000000001 999.9600000000003
vertex 5500.040000000002 5196.100000000001 999.9600000000003
vertex 6140.940000000001 5196.100000000001 999.9600000000003
endloop
endfacet
facet normal 0 0 1
outer loop
vertex 5500.040000000002 5200.000000000001 999.9600000000003
vertex 6140.940000000001 5196.100000000001 999.9600000000003
vertex 6179.940000000001 5200.000000000001 999.9600000000003
endloop
endfacet
facet normal 0 0 1
outer loop
vertex 8858.980000000001 5196.100000000001 999.9600000000003
vertex 8896.550000000003 5184.790000000001 999.9600000000003
vertex 9500.010000000002 5184.790000000001 999.9600000000003
endloop
endfacet
facet normal 0 0 1
outer loop
vertex 8858.980000000001 5196.100000000001 999.9600000000003
vertex 9500.010000000002 5184.790000000001 999.9600000000003
vertex 9500.010000000002 5196.100000000001 999.9600000000003
endloop
endfacet
facet normal 0 0 1
outer loop
vertex 7979.010000000002 5196.100000000001 999.9600000000003
vertex 8016.580000000002 5184.790000000001 999.9600000000003
vertex 8743.410000000002 5184.790000000001 999.9600000000003
endloop
endfacet
facet normal 0 0 1
outer loop
vertex 7979.010000000002 5196.100000000001 999.9600000000003
vertex 8743.410000000002 5184.790000000001 999.9600000000003
vertex 8780.980000000001 5196.100000000001 999.9600000000003
endloop
endfacet
facet normal 0 0 1
outer loop
vertex 7099.040000000002 5196.100000000001 999.9600000000003
vertex 7136.480000000001 5184.790000000001 999.9600000000003
vertex 7863.440000000002 5184.790000000001 999.9600000000003
endloop
endfacet
facet normal 0 0 1
outer loop
vertex 7099.040000000002 5196.100000000001 999.9600000000003
vertex 7863.440000000002 5184.790000000001 999.9600000000003
vertex 7901.010000000002 5196.100000000001 999.9600000000003
endloop
endfacet
facet normal 0 0 1
outer loop
vertex 6219.0700000000015 5196.100000000001 999.9600000000003
vertex 6256.510000000001 5184.790000000001 999.9600000000003
vertex 6983.470000000002 5184.790000000001 999.9600000000003
endloop
endfacet
facet normal 0 0 1
outer loop
vertex 6219.0700000000015 5196.100000000001 999.9600000000003
vertex 6983.470000000002 5184.790000000001 999.9600000000003
vertex 7021.040000000002 5196.100000000001 999.9600000000003
endloop
endfacet
facet normal 0 0 1
outer loop
vertex 5500.040000000002 5196.100000000001 999.9600000000003
vertex 5500.040000000002 5184.790000000001 999.9600000000003
vertex 6103.500000000002 5184.790000000001 999.9600000000003
endloop
endfacet
facet normal 0 0 1
outer loop
vertex 5500.040000000002 5196.100000000001 999.9600000000003
vertex 6103.500000000002 5184.790000000001 999.9600000000003
vertex 6140.940000000001 5196.100000000001 999.9600000000003
endloop
endfacet
facet normal 0 0 1
outer loop
vertex 8896.550000000003 5184.790000000001 999.9600000000003
vertex 8931.130000000003 5166.330000000001 999.9600000000003
vertex 9500.010000000002 5166.330000000001 999.9600000000003
endloop
endfacet
facet normal 0 0 1
outer loop
vertex 8896.550000000003 5184.790000000001 999.9600000000003
vertex 9500.010000000002 5166.330000000001 999.9600000000003
vertex 9500.010000000002 5184.790000000001 999.9600000000003
endloop
endfacet
facet normal 0 0 1
outer loop
vertex 8016.580000000002 5184.790000000001 999.9600000000003
vertex 8051.160000000002 5166.330000000001 999.9600000000003
vertex 8708.830000000002 5166.330000000001 999.9600000000003
endloop
endfacet
facet normal 0 0 1
outer loop
vertex 8016.580000000002 5184.790000000001 999.9600000000003
vertex 8708.830000000002 5166.330000000001 999.9600000000003
vertex 8743.410000000002 5184.790000000001 999.9600000000003
endloop
endfacet
facet normal 0 0 1
outer loop
vertex 7136.480000000001 5184.790000000001 999.9600000000003
vertex 7171.060000000002 5166.330000000001 999.9600000000003
vertex 7828.8600000000015 5166.330000000001 999.9600000000003
endloop
endfacet
facet normal 0 0 1
outer loop
vertex 7136.480000000001 5184.790000000001 999.9600000000003
vertex 7828.8600000000015 5166.330000000001 999.9600000000003
vertex 7863.440000000002 5184.790000000001 999.9600000000003
endloop
endfacet
facet normal 0 0 1
outer loop
vertex 6256.510000000001 5184.790000000001 999.9600000000003
vertex 6291.090000000002 5166.330000000001 999.9600000000003
vertex 6948.890000000002 5166.330000000001 999.9600000000003
endloop
endfacet
facet normal 0 0 1
outer loop
vertex 6256.510000000001 5184.790000000001 999.9600000000003
vertex 6948.890000000002 5166.330000000001 999.9600000000003
vertex 6983.470000000002 5184.790000000001 999.9600000000003
endloop
endfacet
facet normal 0 0 1
outer loop
vertex 5500.040000000002 5184.790000000001 999.9600000000003
vertex 5500.040000000002 5166.330000000001 999.9600000000003
vertex 6068.920000000002 5166.330000000001 999.9600000000003
endloop
endfacet
facet normal 0 0 1
outer loop
vertex 5500.040000000002 5184.790000000001 999.9600000000003
vertex 6068.920000000002 5166.330000000001 999.9600000000003
vertex 6103.500000000002 5184.790000000001 999.9600000000003
endloop
endfacet
facet normal 0 0 1
outer loop
vertex 8931.130000000003 5166.330000000001 999.9600000000003
vertex 8961.420000000002 5141.370000000002 999.9600000000003
vertex 9500.010000000002 5141.370000000002 999.9600000000003
endloop
endfacet
facet normal 0 0 1
outer loop
vertex 8931.130000000003 5166.330000000001 999.9600000000003
vertex 9500.010000000002 5141.370000000002 999.9600000000003
vertex 9500.010000000002 5166.330000000001 999.9600000000003
endloop
endfacet
facet normal 0 0 0.9999999999999999
outer loop
vertex 8051.160000000002 5166.330000000001 999.9600000000003
vertex 8081.450000000002 5141.370000000002 999.9600000000003
vertex 8678.540000000003 5141.370000000002 999.9600000000003
endloop
endfacet
facet normal 0 0 1
outer loop
vertex 8051.160000000002 5166.330000000001 999.9600000000003
vertex 8678.540000000003 5141.370000000002 999.9600000000003
vertex 8708.830000000002 5166.330000000001 999.9600000000003
endloop
endfacet
facet normal 0 0 0.9999999999999999
outer loop
vertex 7171.060000000002 5166.330000000001 999.9600000000003
vertex 7201.480000000001 5141.370000000002 999.9600000000003
vertex 7798.5700000000015 5141.370000000002 999.9600000000003
endloop
endfacet
facet normal 0 0 1
outer loop
vertex 7171.060000000002 5166.330000000001 999.9600000000003
vertex 7798.5700000000015 5141.370000000002 999.9600000000003
vertex 7828.8600000000015 5166.330000000001 999.9600000000003
endloop
endfacet
facet normal 0 0 1
outer loop
vertex 6291.090000000002 5166.330000000001 999.9600000000003
vertex 6321.380000000002 5141.370000000002 999.9600000000003
vertex 6918.600000000001 5141.370000000002 999.9600000000003
endloop
endfacet
facet normal 0 0 1
outer loop
vertex 6291.090000000002 5166.330000000001 999.9600000000003
vertex 6918.600000000001 5141.370000000002 999.9600000000003
vertex 6948.890000000002 5166.330000000001 999.9600000000003
endloop
endfacet
facet normal 0 0 1
outer loop
vertex 5500.040000000002 5166.330000000001 999.9600000000003
vertex 5500.040000000002 5141.370000000002 999.9600000000003
vertex 6038.630000000002 5141.370000000002 999.9600000000003
endloop
endfacet
facet normal 0 0 1
outer loop
vertex 5500.040000000002 5166.330000000001 999.9600000000003
vertex 6038.630000000002 5141.370000000002 999.9600000000003
vertex 6068.920000000002 5166.330000000001 999.9600000000003
endloop
endfacet
facet normal 0 0 1
outer loop
vertex 8961.420000000002 5141.370000000002 999.9600000000003
vertex 8986.250000000002 5111.080000000001 999.9600000000003
vertex 9500.010000000002 5111.080000000001 999.9600000000003
endloop
endfacet
facet normal 0 0 1
outer loop
vertex 8961.420000000002 5141.370000000002 999.9600000000003
vertex 9500.010000000002 5111.080000000001 999.9600000000003
vertex 9500.010000000002 5141.370000000002 999.9600000000003
endloop
endfacet
facet normal 0 0 1
outer loop
vertex 8081.450000000002 5141.370000000002 999.9600000000003
vertex 8106.280000000002 5111.080000000001 999.9600000000003
vertex 8653.710000000003 5111.080000000001 999.9600000000003
endloop
endfacet
facet normal 0 0 1
outer loop
vertex 8081.450000000002 5141.370000000002 999.9600000000003
vertex 8653.710000000003 5111.080000000001 999.9600000000003
vertex 8678.540000000003 5141.370000000002 999.9600000000003
endloop
endfacet
facet normal 0 0 1
outer loop
vertex 7201.480000000001 5141.370000000002 999.9600000000003
vertex 7226.310000000002 5111.080000000001 999.9600000000003
vertex 7773.740000000002 5111.080000000001 999.9600000000003
endloop
endfacet
facet normal 0 0 1
outer loop
vertex 7201.480000000001 5141.370000000002 999.9600000000003
vertex 7773.740000000002 5111.080000000001 999.9600000000003
vertex 7798.5700000000015 5141.370000000002 999.9600000000003
endloop
endfacet
facet normal 0 0 1
outer loop
vertex 6321.380000000002 5141.370000000002 999.9600000000003
vertex 6346.340000000002 5111.080000000001 999.9600000000003
vertex 6893.770000000001 5111.080000000001 999.9600000000003
endloop
endfacet
facet normal 0 0 1
outer loop
vertex 6321.380000000002 5141.370000000002 999.9600000000003
vertex 6893.770000000001 5111.080000000001 999.9600000000003
vertex 6918.600000000001 5141.370000000002 999.9600000000003
endloop
endfacet
facet normal 0 0 1
outer loop
vertex 5500.040000000002 5141.370000000002 999.9600000000003
vertex 5500.040000000002 5111.080000000001 999.9600000000003
vertex 6013.670000000002 5111.080000000001 999.9600000000003
endloop
endfacet
facet normal 0 0 1
outer loop
vertex 5500.040000000002 5141.370000000002 999.9600000000003
vertex 6013.670000000002 5111.080000000001 999.9600000000003
vertex 6038.630000000002 5141.370000000002 999.9600000000003
endloop
endfacet
facet normal 0 0 1
outer loop
vertex 8986.250000000002 5111.080000000001 999.9600000000003
vertex 9004.840000000002 5076.500000000001 999.9600000000003
vertex 9500.010000000002 5076.500000000001 999.9600000000003
endloop
endfacet
facet normal 0 0 1
outer loop
vertex 8986.250000000002 5111.080000000001 999.9600000000003
vertex 9500.010000000002 5076.500000000001 999.9600000000003
vertex 9500.010000000002 5111.080000000001 999.9600000000003
endloop
endfacet
facet normal 0 0 1
outer loop
vertex 8106.280000000002 5111.080000000001 999.9600000000003
vertex 8124.740000000002 5076.500000000001 999.9600000000003
vertex 8635.250000000002 5076.500000000001 999.9600000000003
endloop
endfacet
facet normal 0 0 1
outer loop
vertex 8106.280000000002 5111.080000000001 999.9600000000003
vertex 8635.250000000002 5076.500000000001 999.9600000000003
vertex 8653.710000000003 5111.080000000001 999.9600000000003
endloop
endfacet
facet normal 0 0 1
outer loop
vertex 7226.310000000002 5111.080000000001 999.9600000000003
vertex 7244.770000000001 5076.500000000001 999.9600000000003
vertex 7755.280000000002 5076.500000000001 999.9600000000003
endloop
endfacet
facet normal 0 0 1
outer loop
vertex 7226.310000000002 5111.080000000001 999.9600000000003
vertex 7755.280000000002 5076.500000000001 999.9600000000003
vertex 7773.740000000002 5111.080000000001 999.9600000000003
endloop
endfacet
facet normal 0 0 1
outer loop
vertex 6346.340000000002 5111.080000000001 999.9600000000003
vertex 6364.800000000002 5076.500000000001 999.9600000000003
vertex 6875.180000000002 5076.500000000001 999.9600000000003
endloop
endfacet
facet normal 0 0 1
outer loop
vertex 6346.340000000002 5111.080000000001 999.9600000000003
vertex 6875.180000000002 5076.500000000001 999.9600000000003
vertex 6893.770000000001 5111.080000000001 999.9600000000003
endloop
endfacet
facet normal 0 0 1
outer loop
vertex 5500.040000000002 5111.080000000001 999.9600000000003
vertex 5500.040000000002 5076.500000000001 999.9600000000003
vertex 5995.210000000002 5076.500000000001 999.9600000000003
endloop
endfacet
facet normal 0 0 1
outer loop
vertex 5500.040000000002 5111.080000000001 999.9600000000003
vertex 5995.210000000002 5076.500000000001 999.9600000000003
vertex 6013.670000000002 5111.080000000001 999.9600000000003
endloop
endfacet
facet normal 0 0 1
outer loop
vertex 9004.840000000002 5076.500000000001 999.9600000000003
vertex 9016.150000000001 5039.060000000001 999.9600000000003
vertex 9500.010000000002 5039.060000000001 999.9600000000003
endloop
endfacet
facet normal 0 0 1
outer loop
vertex 9004.840000000002 5076.500000000001 999.9600000000003
vertex 9500.010000000002 5039.060000000001 999.9600000000003
vertex 9500.010000000002 5076.500000000001 999.9600000000003
endloop
endfacet
facet normal 0 0 1
outer loop
vertex 8124.740000000002 5076.500000000001 999.9600000000003
vertex 8136.180000000002 5039.060000000001 999.9600000000003
vertex 8623.810000000001 5039.060000000001 999.9600000000003
endloop
endfacet
facet normal 0 0 1
outer loop
vertex 8124.740000000002 5076.500000000001 999.9600000000003
vertex 8623.810000000001 5039.060000000001 999.9600000000003
vertex 8635.250000000002 5076.500000000001 999.9600000000003
endloop
endfacet
facet normal 0 0 1
outer loop
vertex 7244.770000000001 5076.500000000001 999.9600000000003
vertex 7256.210000000002 5039.060000000001 999.9600000000003
vertex 7743.840000000002 5039.060000000001 999.9600000000003
endloop
endfacet
facet normal 0 0 1
outer loop
vertex 7244.770000000001 5076.500000000001 999.9600000000003
vertex 7743.840000000002 5039.060000000001 999.9600000000003
vertex 7755.280000000002 5076.500000000001 999.9600000000003
endloop
endfacet
facet normal 0 0 1
outer loop
vertex 6364.800000000002 5076.500000000001 999.9600000000003
vertex 6376.1100000000015 5039.060000000001 999.9600000000003
vertex 6863.870000000002 5039.060000000001 999.9600000000003
endloop
endfacet
facet normal 0 0 1
outer loop
vertex 6364.800000000002 5076.500000000001 999.9600000000003
vertex 6863.870000000002 5039.060000000001 999.9600000000003
vertex 6875.180000000002 5076.500000000001 999.9600000000003
endloop
endfacet
facet normal 0 0 1
outer loop
vertex 5500.040000000002 5076.500000000001 999.9600000000003
vertex 5500.040000000002 5039.060000000001 999.9600000000003
vertex 5983.9000000000015 5039.060000000001 999.9600000000003
endloop
endfacet
facet normal 0 0 1
outer loop
vertex 5500.040000000002 5076.500000000001 999.9600000000003
vertex 5983.9000000000015 5039.060000000001 999.9600000000003
vertex 5995.210000000002 5076.500000000001 999.9600000000003
endloop
endfacet
facet normal 0 0 1
outer loop
vertex 9016.150000000001 5039.060000000001 999.9600000000003
vertex 9020.050000000003 5000.060000000001 999.9600000000003
vertex 9500.010000000002 5000.060000000001 999.9600000000003
endloop
endfacet
facet normal 0 0 1
outer loop
vertex 9016.150000000001 5039.060000000001 999.9600000000003
vertex 9500.010000000002 5000.060000000001 999.9600000000003
vertex 9500.010000000002 5039.060000000001 999.9600000000003
endloop
endfacet
facet normal 0 0 1
outer loop
vertex 8136.180000000002 5039.060000000001 999.9600000000003
vertex 8139.950000000002 5000.060000000001 999.9600000000003
vertex 8620.040000000003 5000.060000000001 999.9600000000003
endloop
endfacet
facet normal 0 0 1
outer loop
vertex 8136.180000000002 5039.060000000001 999.9600000000003
vertex 8620.040000000003 5000.060000000001 999.9600000000003
vertex 8623.810000000001 5039.060000000001 999.9600000000003
endloop
endfacet
facet normal 0 0 1
outer loop
vertex 7256.210000000002 5039.060000000001 999.9600000000003
vertex 7259.980000000001 5000.060000000001 999.9600000000003
vertex 7739.940000000002 5000.060000000001 999.9600000000003
endloop
endfacet
facet normal 0 0 1
outer loop
vertex 7256.210000000002 5039.060000000001 999.9600000000003
vertex 7739.940000000002 5000.060000000001 999.9600000000003
vertex 7743.840000000002 5039.060000000001 999.9600000000003
endloop
endfacet
facet normal 0 0 1
outer loop
vertex 6376.1100000000015 5039.060000000001 999.9600000000003
vertex 6380.010000000001 5000.060000000001 999.9600000000003
vertex 6859.970000000002 5000.060000000001 999.9600000000003
endloop
endfacet
facet normal 0 0 1
outer loop
vertex 6376.1100000000015 5039.060000000001 999.9600000000003
vertex 6859.970000000002 5000.060000000001 999.9600000000003
vertex 6863.870000000002 5039.060000000001 999.9600000000003
endloop
endfacet
facet normal 0 0 1
outer loop
vertex 5500.040000000002 5039.060000000001 999.9600000000003
vertex 5500.040000000002 5000.060000000001 999.9600000000003
vertex 5980.000000000002 5000.060000000001 999.9600000000003
endloop
endfacet
facet normal 0 0 0.9999999999999999
outer loop
vertex 5500.040000000002 5039.060000000001 999.9600000000003
vertex 5980.000000000002 5000.060000000001 999.9600000000003
vertex 5983.9000000000015 5039.060000000001 999.9600000000003
endloop
endfacet
facet normal 0 0 1
outer loop
vertex 9020.050000000003 5000.060000000001 999.9600000000003
vertex 9016.150000000001 4960.930000000001 999.9600000000003
vertex 9500.010000000002 4960.930000000001 999.9600000000003
endloop
endfacet
facet normal 0 0 1
outer loop
vertex 9020.050000000003 5000.060000000001 999.9600000000003
vertex 9500.010000000002 4960.930000000001 999.9600000000003
vertex 9500.010000000002 5000.060000000001 999.9600000000003
endloop
endfacet
facet normal 0 0 1
outer loop
vertex 8139.950000000002 5000.060000000001 999.9600000000003
vertex 8136.180000000002 4960.930000000001 999.9600000000003
vertex 8623.810000000001 4960.930000000001 999.9600000000003
endloop
endfacet
facet normal 0 0 1
outer loop
vertex 8139.950000000002 5000.060000000001 999.9600000000003
vertex 8623.810000000001 4960.930000000001 999.9600000000003
vertex 8620.040000000003 5000.060000000001 999.9600000000003
endloop
endfacet
facet normal 0 0 1
outer loop
vertex 7259.980000000001 5000.060000000001 999.9600000000003
vertex 7256.210000000002 4960.930000000001 999.9600000000003
vertex 7743.840000000002 4960.930000000001 999.9600000000003
endloop
endfacet
facet normal 0 0 1
outer loop
vertex 7259.980000000001 5000.060000000001 999.9600000000003
vertex 7743.840000000002 4960.930000000001 999.9600000000003
vertex 7739.940000000002 5000.060000000001 999.9600000000003
endloop
endfacet
facet normal 0 0 1
outer loop
vertex 6380.010000000001 5000.060000000001 999.9600000000003
vertex 6376.1100000000015 4960.930000000001 999.9600000000003
vertex 6863.870000000002 4960.930000000001 999.9600000000003
endloop
endfacet
facet normal 0 0 1
outer loop
vertex 6380.010000000001 5000.060000000001 999.9600000000003
vertex 6863.870000000002 4960.930000000001 999.9600000000003
vertex 6859.970000000002 5000.060000000001 999.9600000000003
endloop
endfacet
facet normal 0 0 1
outer loop
vertex 5500.040000000002 5000.060000000001 999.9600000000003
vertex 5500.040000000002 4960.930000000001 999.9600000000003
vertex 5983.9000000000015 4960.930000000001 999.9600000000003
endloop
endfacet
facet normal 0 0 1
outer loop
vertex 5500.040000000002 5000.060000000001 999.9600000000003
vertex 5983.9000000000015 4960.930000000001 999.9600000000003
vertex 5980.000000000002 5000.060000000001 999.9600000000003
endloop
endfacet
facet normal 0 0 1
outer loop
vertex 9016.150000000001 4960.930000000001 999.9600000000003
vertex 9004.840000000002 4923.490000000002 999.9600000000003
vertex 9500.010000000002 4923.490000000002 999.9600000000003
endloop
endfacet
facet normal 0 0 1
outer loop
vertex 9016.150000000001 4960.930000000001 999.9600000000003
vertex 9500.010000000002 4923.490000000002 999.9600000000003
vertex 9500.010000000002 4960.930000000001 999.9600000000003
endloop
endfacet
facet normal 0 0 1
outer loop
vertex 8136.180000000002 4960.930000000001 999.9600000000003
vertex 8124.740000000002 4923.490000000002 999.9600000000003
vertex 8635.250000000002 4923.490000000002 999.9600000000003
endloop
endfacet
facet normal 0 0 1
outer loop
vertex 8136.180000000002 4960.930000000001 999.9600000000003
vertex 8635.250000000002 4923.490000000002 999.9600000000003
vertex 8623.810000000001 4960.930000000001 999.9600000000003
endloop
endfacet
facet normal 0 0 1
outer loop
vertex 7256.210000000002 4960.930000000001 999.9600000000003
vertex 7244.770000000001 4923.490000000002 999.9600000000003
vertex 7755.280000000002 4923.490000000002 999.9600000000003
endloop
endfacet
facet normal 0 0 1
outer loop
vertex 7256.210000000002 4960.930000000001 999.9600000000003
vertex 7755.280000000002 4923.490000000002 999.9600000000003
vertex 7743.840000000002 4960.930000000001 999.9600000000003
endloop
endfacet
facet normal 0 0 1
outer loop
vertex 6376.1100000000015 4960.930000000001 999.9600000000003
vertex 6364.800000000002 4923.490000000002 999.9600000000003
vertex 6875.180000000002 4923.490000000002 999.9600000000003
endloop
endfacet
facet normal 0 0 1
outer loop
vertex 6376.1100000000015 4960.930000000001 999.9600000000003
vertex 6875.180000000002 4923.490000000002 999.9600000000003
vertex 6863.870000000002 4960.930000000001 999.9600000000003
endloop
endfacet
facet normal 0 0 1
outer loop
vertex 5500.040000000002 4960.930000000001 999.9600000000003
vertex 5500.040000000002 4923.490000000002 999.9600000000003
vertex 5995.210000000002 4923.490000000002 999.9600000000003
endloop
endfacet
facet normal 0 0 1
outer loop
vertex 5500.040000000002 4960.930000000001 999.9600000000003
vertex 5995.210000000002 4923.490000000002 999.9600000000003
vertex 5983.9000000000015 4960.930000000001 999.9600000000003
endloop
endfacet
facet normal 0 0 1
outer loop
vertex 9004.840000000002 4923.490000000002 999.9600000000003
vertex 8986.250000000002 4888.910000000001 999.9600000000003
vertex 9500.010000000002 4888.910000000001 999.9600000000003
endloop
endfacet
facet normal 0 0 1
outer loop
vertex 9004.840000000002 4923.490000000002 999.9600000000003
vertex 9500.010000000002 4888.910000000001 999.9600000000003
vertex 9500.010000000002 4923.490000000002 999.9600000000003
endloop
endfacet
facet normal 0 0 1
outer loop
vertex 8124.740000000002 4923.490000000002 999.9600000000003
vertex 8106.280000000002 4888.910000000001 999.9600000000003
vertex 8653.710000000003 4888.910000000001 999.9600000000003
endloop
endfacet
facet normal 0 0 1
outer loop
vertex 8124.740000000002 4923.490000000002 999.9600000000003
vertex 8653.710000000003 4888.910000000001 999.9600000000003
vertex 8635.250000000002 4923.490000000002 999.9600000000003
endloop
endfacet
facet normal 0 0 1
outer loop
vertex 7244.770000000001 4923.490000000002 999.9600000000003
vertex 7226.310000000002 4888.910000000001 999.9600000000003
vertex 7773.740000000002 4888.910000000001 999.9600000000003
endloop
endfacet
facet normal 0 0 1
outer loop
vertex 7244.770000000001 4923.490000000002 999.9600000000003
vertex 7773.740000000002 4888.910000000001 999.9600000000003
vertex 7755.280000000002 4923.490000000002 999.9600000000003
endloop
endfacet
facet normal 0 0 1
outer loop
vertex 6364.800000000002 4923.490000000002 999.9600000000003
vertex 6346.340000000002 4888.910000000001 999.9600000000003
vertex 6893.770000000001 4888.910000000001 999.9600000000003
endloop
endfacet
facet normal 0 0 1
outer loop
vertex 6364.800000000002 4923.490000000002 999.9600000000003
vertex 6893.770000000001 4888.910000000001 999.9600000000003
vertex 6875.180000000002 4923.490000000002 999.9600000000003
endloop
endfacet
facet normal 0 0 1
outer loop
vertex 5500.040000000002 4923.490000000002 999.9600000000003
vertex 5500.040000000002 4888.910000000001 999.9600000000003
vertex 6013.670000000002 4888.910000000001 999.9600000000003
endloop
endfacet
facet normal 0 0 1
outer loop
vertex 5500.040000000002 4923.490000000002 999.9600000000003
vertex 6013.670000000002 4888.910000000001 999.9600000000003
vertex 5995.210000000002 4923.490000000002 999.9600000000003
endloop
endfacet
facet normal 0 0 1
outer loop
vertex 8986.250000000002 4888.910000000001 999.9600000000003
vertex 8961.420000000002 4858.620000000001 999.9600000000003
vertex 9500.010000000002 4858.620000000001 999.9600000000003
endloop
endfacet
facet normal 0 0 1
outer loop
vertex 8986.250000000002 4888.910000000001 999.9600000000003
vertex 9500.010000000002 4858.620000000001 999.9600000000003
vertex 9500.010000000002 4888.910000000001 999.9600000000003
endloop
endfacet
facet normal 0 0 1
outer loop
vertex 8106.280000000002 4888.910000000001 999.9600000000003
vertex 8081.450000000002 4858.620000000001 999.9600000000003
vertex 8678.540000000003 4858.620000000001 999.9600000000003
endloop
endfacet
facet normal 0 0 1
outer loop
vertex 8106.280000000002 4888.910000000001 999.9600000000003
vertex 8678.540000000003 4858.620000000001 999.9600000000003
vertex 8653.710000000003 4888.910000000001 999.9600000000003
endloop
endfacet
facet normal 0 0 1
outer loop
vertex 7226.310000000002 4888.910000000001 999.9600000000003
vertex 7201.480000000001 4858.620000000001 999.9600000000003
vertex 7798.5700000000015 4858.620000000001 999.9600000000003
endloop
endfacet
facet normal 0 0 1
outer loop
vertex 7226.310000000002 4888.910000000001 999.9600000000003
vertex 7798.5700000000015 4858.620000000001 999.9600000000003
vertex 7773.740000000002 4888.910000000001 999.9600000000003
endloop
endfacet
facet normal 0 0 1
outer loop
vertex 6346.340000000002 4888.910000000001 999.9600000000003
vertex 6321.380000000002 4858.620000000001 999.9600000000003
vertex 6918.600000000001 4858.620000000001 999.9600000000003
endloop
endfacet
facet normal 0 0 1
outer loop
vertex 6346.340000000002 4888.910000000001 999.9600000000003
vertex 6918.600000000001 4858.620000000001 999.9600000000003
vertex 6893.770000000001 4888.910000000001 999.9600000000003
endloop
endfacet
facet normal 0 0 1
outer loop
vertex 5500.040000000002 4888.910000000001 999.9600000000003
vertex 5500.040000000002 4858.620000000001 999.9600000000003
vertex 6038.630000000002 4858.620000000001 999.9600000000003
endloop
endfacet
facet normal 0 0 1
outer loop
vertex 5500.040000000002 4888.910000000001 999.9600000000003
vertex 6038.630000000002 4858.620000000001 999.9600000000003
vertex 6013.670000000002 4888.910000000001 999.9600000000003
endloop
endfacet
facet normal 0 0 1
outer loop
vertex 8961.420000000002 4858.620000000001 999.9600000000003
vertex 8931.130000000003 4833.660000000001 999.9600000000003
vertex 9500.010000000002 4833.660000000001 999.9600000000003
endloop
endfacet
facet normal 0 0 1
outer loop
vertex 8961.420000000002 4858.620000000001 999.9600000000003
vertex 9500.010000000002 4833.660000000001 999.9600000000003
vertex 9500.010000000002 4858.620000000001 999.9600000000003
endloop
endfacet
facet normal 0 0 1
outer loop
vertex 8081.450000000002 4858.620000000001 999.9600000000003
vertex 8051.160000000002 4833.660000000001 999.9600000000003
vertex 8708.830000000002 4833.660000000001 999.9600000000003
endloop
endfacet
facet normal 0 0 0.9999999999999999
outer loop
vertex 8081.450000000002 4858.620000000001 999.9600000000003
vertex 8708.830000000002 4833.660000000001 999.9600000000003
vertex 8678.540000000003 4858.620000000001 999.9600000000003
endloop
endfacet
facet normal 0 0 1
outer loop
vertex 7201.480000000001 4858.620000000001 999.9600000000003
vertex 7171.060000000002 4833.660000000001 999.9600000000003
vertex 7828.8600000000015 4833.660000000001 999.9600000000003
endloop
endfacet
facet normal 0 0 1
outer loop
vertex 7201.480000000001 4858.620000000001 999.9600000000003
vertex 7828.8600000000015 4833.660000000001 999.9600000000003
vertex 7798.5700000000015 4858.620000000001 999.9600000000003
endloop
endfacet
facet normal 0 0 1
outer loop
vertex 6321.380000000002 4858.620000000001 999.9600000000003
vertex 6291.090000000002 4833.660000000001 999.9600000000003
vertex 6948.890000000002 4833.660000000001 999.9600000000003
endloop
endfacet
facet normal 0 0 1
outer loop
vertex 6321.380000000002 4858.620000000001 999.9600000000003
vertex 6948.890000000002 4833.660000000001 999.9600000000003
vertex 6918.600000000001 4858.620000000001 999.9600000000003
endloop
endfacet
facet normal 0 0 1
outer loop
vertex 5500.040000000002 4858.620000000001 999.9600000000003
vertex 5500.040000000002 4833.660000000001 999.9600000000003
vertex 6068.920000000002 4833.660000000001 999.9600000000003
endloop
endfacet
facet normal 0 0 1
outer loop
vertex 5500.040000000002 4858.620000000001 999.9600000000003
vertex 6068.920000000002 4833.660000000001 999.9600000000003
vertex 6038.630000000002 4858.620000000001 999.9600000000003
endloop
endfacet
facet normal 0 0 1
outer loop
vertex 8931.130000000003 4833.660000000001 999.9600000000003
vertex 8896.550000000003 4815.200000000002 999.9600000000003
vertex 9500.010000000002 4815.200000000002 999.9600000000003
endloop
endfacet
facet normal 0 0 1
outer loop
vertex 8931.130000000003 4833.660000000001 999.9600000000003
vertex 9500.010000000002 4815.200000000002 999.9600000000003
vertex 9500.010000000002 4833.660000000001 999.9600000000003
endloop
endfacet
facet normal 0 0 0.9999999999999999
outer loop
vertex 8051.160000000002 4833.660000000001 999.9600000000003
vertex 8016.580000000002 4815.200000000002 999.9600000000003
vertex 8743.410000000002 4815.200000000002 999.9600000000003
endloop
endfacet
facet normal 0 0 0.9999999999999999
outer loop
vertex 8051.160000000002 4833.660000000001 999.9600000000003
vertex 8743.410000000002 4815.200000000002 999.9600000000003
vertex 8708.830000000002 4833.660000000001 999.9600000000003
endloop
endfacet
facet normal 0 0 1
outer loop
vertex 7171.060000000002 4833.660000000001 999.9600000000003
vertex 7136.480000000001 4815.200000000002 999.9600000000003
vertex 7863.440000000002 4815.200000000002 999.9600000000003
endloop
endfacet
facet normal 0 0 1
outer loop
vertex 7171.060000000002 4833.660000000001 999.9600000000003
vertex 7863.440000000002 4815.200000000002 999.9600000000003
vertex 7828.8600000000015 4833.660000000001 999.9600000000003
endloop
endfacet
facet normal 0 0 1
outer loop
vertex 6291.090000000002 4833.660000000001 999.9600000000003
vertex 6256.510000000001 4815.200000000002 999.9600000000003
vertex 6983.470000000002 4815.200000000002 999.9600000000003
endloop
endfacet
facet normal 0 0 1
outer loop
vertex 6291.090000000002 4833.660000000001 999.9600000000003
vertex 6983.470000000002 4815.200000000002 999.9600000000003
vertex 6948.890000000002 4833.660000000001 999.9600000000003
endloop
endfacet
facet normal 0 0 1
outer loop
vertex 5500.040000000002 4833.660000000001 999.9600000000003
vertex 5500.040000000002 4815.200000000002 999.9600000000003
vertex 6103.500000000002 4815.200000000002 999.9600000000003
endloop
endfacet
facet normal 0 0 1
outer loop
vertex 5500.040000000002 4833.660000000001 999.9600000000003
vertex 6103.500000000002 4815.200000000002 999.9600000000003
vertex 6068.920000000002 4833.660000000001 999.9600000000003
endloop
endfacet
facet normal 0 0 1
outer loop
vertex 8896.550000000003 4815.200000000002 999.9600000000003
vertex 8858.980000000001 4803.890000000001 999.9600000000003
vertex 9500.010000000002 4803.890000000001 999.9600000000003
endloop
endfacet
facet normal 0 0 1
outer loop
vertex 8896.550000000003 4815.200000000002 999.9600000000003
vertex 9500.010000000002 4803.890000000001 999.9600000000003
vertex 9500.010000000002 4815.200000000002 999.9600000000003
endloop
endfacet
facet normal 0 0 1
outer loop
vertex 8016.580000000002 4815.200000000002 999.9600000000003
vertex 7979.010000000002 4803.890000000001 999.9600000000003
vertex 8780.980000000001 4803.890000000001 999.9600000000003
endloop
endfacet
facet normal 0 0 1
outer loop
vertex 8016.580000000002 4815.200000000002 999.9600000000003
vertex 8780.980000000001 4803.890000000001 999.9600000000003
vertex 8743.410000000002 4815.200000000002 999.9600000000003
endloop
endfacet
facet normal 0 0 1
outer loop
vertex 7136.480000000001 4815.200000000002 999.9600000000003
vertex 7099.040000000002 4803.890000000001 999.9600000000003
vertex 7901.010000000002 4803.890000000001 999.9600000000003
endloop
endfacet
facet normal 0 0 1
outer loop
vertex 7136.480000000001 4815.200000000002 999.9600000000003
vertex 7901.010000000002 4803.890000000001 999.9600000000003
vertex 7863.440000000002 4815.200000000002 999.9600000000003
endloop
endfacet
facet normal 0 0 1
outer loop
vertex 6256.510000000001 4815.200000000002 999.9600000000003
vertex 6219.0700000000015 4803.890000000001 999.9600000000003
vertex 7021.040000000002 4803.890000000001 999.9600000000003
endloop
endfacet
facet normal 0 0 1
outer loop
vertex 6256.510000000001 4815.200000000002 999.9600000000003
vertex 7021.040000000002 4803.890000000001 999.9600000000003
vertex 6983.470000000002 4815.200000000002 999.9600000000003
endloop
endfacet
facet normal 0 0 1
outer loop
vertex 5500.040000000002 4815.200000000002 999.9600000000003
vertex 5500.040000000002 4803.890000000001 999.9600000000003
vertex 6140.940000000001 4803.890000000001 999.9600000000003
endloop
endfacet
facet normal 0 0 1
outer loop
vertex 5500.040000000002 4815.200000000002 999.9600000000003
vertex 6140.940000000001 4803.890000000001 999.9600000000003
vertex 6103.500000000002 4815.200000000002 999.9600000000003
endloop
endfacet
facet normal 0 0 0.9999999999999999
outer loop
vertex 8858.980000000001 4803.890000000001 999.9600000000003
vertex 8819.980000000001 4799.990000000002 999.9600000000003
vertex 9500.010000000002 4799.990000000002 999.9600000000003
endloop
endfacet
facet normal 0 0 1
outer loop
vertex 8858.980000000001 4803.890000000001 999.9600000000003
vertex 9500.010000000002 4799.990000000002 999.9600000000003
vertex 9500.010000000002 4803.890000000001 999.9600000000003
endloop
endfacet
facet normal 0 0 0.9999999999999999
outer loop
vertex 7979.010000000002 4803.890000000001 999.9600000000003
vertex 7940.010000000002 4799.990000000002 999.9600000000003
vertex 8819.980000000001 4799.990000000002 999.9600000000003
endloop
endfacet
facet normal 0 0 0.9999999999999999
outer loop
vertex 7979.010000000002 4803.890000000001 999.9600000000003
vertex 8819.980000000001 4799.990000000002 999.9600000000003
vertex 8780.980000000001 4803.890000000001 999.9600000000003
endloop
endfacet
facet normal 0 0 1
outer loop
vertex 7099.040000000002 4803.890000000001 999.9600000000003
vertex 7060.040000000002 4799.990000000002 999.9600000000003
vertex 7940.010000000002 4799.990000000002 999.9600000000003
endloop
endfacet
facet normal 0 0 0.9999999999999999
outer loop
vertex 7099.040000000002 4803.890000000001 999.9600000000003
vertex 7940.010000000002 4799.990000000002 999.9600000000003
vertex 7901.010000000002 4803.890000000001 999.9600000000003
endloop
endfacet
facet normal 0 0 1
outer loop
vertex 6219.0700000000015 4803.890000000001 999.9600000000003
vertex 6179.940000000001 4799.990000000002 999.9600000000003
vertex 7060.040000000002 4799.990000000002 999.9600000000003
endloop
endfacet
facet normal 0 0 0.9999999999999999
outer loop
vertex 6219.0700000000015 4803.890000000001 999.9600000000003
vertex 7060.040000000002 4799.990000000002 999.9600000000003
vertex 7021.040000000002 4803.890000000001 999.9600000000003
endloop
endfacet
facet normal 0 0 1
outer loop
vertex 5500.040000000002 4803.890000000001 999.9600000000003
vertex 5500.040000000002 4799.990000000002 999.9600000000003
vertex 6179.940000000001 4799.990000000002 999.9600000000003
endloop
endfacet
facet normal 0 0 1
outer loop
vertex 5500.040000000002 4803.890000000001 999.9600000000003
vertex 6179.940000000001 4799.990000000002 999.9600000000003
vertex 6140.940000000001 4803.890000000001 999.9600000000003
endloop
endfacet
facet normal 0 0 1
outer loop
vertex 7499.960000000002 4550.000000000001 999.9600000000003
vertex 8819.980000000001 4799.990000000002 999.9600000000003
vertex 7940.010000000002 4799.990000000002 999.9600000000003
endloop
endfacet
facet normal 0 0 1
outer loop
vertex 7499.960000000002 4550.000000000001 999.9600000000003
vertex 7940.010000000002 4799.990000000002 999.9600000000003
vertex 7060.040000000002 4799.990000000002 999.9600000000003
endloop
endfacet
facet normal 0 0 1
outer loop
vertex 7499.960000000002 4550.000000000001 999.9600000000003
vertex 7060.040000000002 4799.990000000002 999.9600000000003
vertex 6179.940000000001 4799.990000000002 999.9600000000003
endloop
endfacet
facet normal 0 0 1
outer loop
vertex 7499.960000000002 4550.000000000001 999.9600000000003
vertex 6179.940000000001 4799.990000000002 999.9600000000003
vertex 5500.040000000002 4799.990000000002 999.9600000000003
endloop
endfacet
facet normal 0 0 1
outer loop
vertex 7499.960000000002 4550.000000000001 999.9600000000003
vertex 5500.040000000002 4799.990000000002 999.9600000000003
vertex 5500.040000000002 4300.010000000001 999.9600000000003
endloop
endfacet
facet normal 0 0 1
outer loop
vertex 7499.960000000002 4550.000000000001 999.9600000000003
vertex 5500.040000000002 4300.010000000001 999.9600000000003
vertex 6179.940000000001 4300.010000000001 999.9600000000003
endloop
endfacet
facet normal 0 0 1
outer loop
vertex 7499.960000000002 4550.000000000001 999.9600000000003
vertex 6179.940000000001 4300.010000000001 999.9600000000003
vertex 7060.040000000002 4300.010000000001 999.9600000000003
endloop
endfacet
facet normal 0 0 1
outer loop
vertex 7499.960000000002 4550.000000000001 999.9600000000003
vertex 7060.040000000002 4300.010000000001 999.9600000000003
vertex 7940.010000000002 4300.010000000001 999.9600000000003
endloop
endfacet
facet normal 0 0 0.9999999999999999
outer loop
vertex 7499.960000000002 4550.000000000001 999.9600000000003
vertex 7940.010000000002 4300.010000000001 999.9600000000003
vertex 8819.980000000001 4300.010000000001 999.9600000000003
endloop
endfacet
facet normal 0 0 1
outer loop
vertex 7499.960000000002 4550.000000000001 999.9600000000003
vertex 8819.980000000001 4300.010000000001 999.9600000000003
vertex 9500.010000000002 4300.010000000001 999.9600000000003
endloop
endfacet
facet normal 0 0 1
outer loop
vertex 7499.960000000002 4550.000000000001 999.9600000000003
vertex 9500.010000000002 4300.010000000001 999.9600000000003
vertex 9500.010000000002 4799.990000000002 999.9600000000003
endloop
endfacet
facet normal 0 0 1
outer loop
vertex 7499.960000000002 4550.000000000001 999.9600000000003
vertex 9500.010000000002 4799.990000000002 999.9600000000003
vertex 8819.980000000001 4799.990000000002 999.9600000000003
endloop
endfacet
facet normal 0 0 1
outer loop
vertex 8819.980000000001 4300.010000000001 999.9600000000003
vertex 8858.980000000001 4296.1100000000015 999.9600000000003
vertex 9500.010000000002 4296.1100000000015 999.9600000000003
endloop
endfacet
facet normal 0 0 0.9999999999999999
outer loop
vertex 8819.980000000001 4300.010000000001 999.9600000000003
vertex 9500.010000000002 4296.1100000000015 999.9600000000003
vertex 9500.010000000002 4300.010000000001 999.9600000000003
endloop
endfacet
facet normal 0 0 0.9999999999999999
outer loop
vertex 7940.010000000002 4300.010000000001 999.9600000000003
vertex 7979.010000000002 4296.1100000000015 999.9600000000003
vertex 8780.980000000001 4296.1100000000015 999.9600000000003
endloop
endfacet
facet normal 0 0 0.9999999999999999
outer loop
vertex 7940.010000000002 4300.010000000001 999.9600000000003
vertex 8780.980000000001 4296.1100000000015 999.9600000000003
vertex 8819.980000000001 4300.010000000001 999.9600000000003
endloop
endfacet
facet normal 0 0 0.9999999999999999
outer loop
vertex 7060.040000000002 4300.010000000001 999.9600000000003
vertex 7099.040000000002 4296.1100000000015 999.9600000000003
vertex 7901.010000000002 4296.1100000000015 999.9600000000003
endloop
endfacet
facet normal 0 0 1
outer loop
vertex 7060.040000000002 4300.010000000001 999.9600000000003
vertex 7901.010000000002 4296.1100000000015 999.9600000000003
vertex 7940.010000000002 4300.010000000001 999.9600000000003
endloop
endfacet
facet normal 0 0 0.9999999999999999
outer loop
vertex 6179.940000000001 4300.010000000001 999.9600000000003
vertex 6219.0700000000015 4296.1100000000015 999.9600000000003
vertex 7021.040000000002 4296.1100000000015 999.9600000000003
endloop
endfacet
facet normal 0 0 1
outer loop
vertex 6179.940000000001 4300.010000000001 999.9600000000003
vertex 7021.040000000002 4296.1100000000015 999.9600000000003
vertex 7060.040000000002 4300.010000000001 999.9600000000003
endloop
endfacet
facet normal 0 0 1
outer loop
vertex 5500.040000000002 4300.010000000001 999.9600000000003
vertex 5500.040000000002 4296.1100000000015 999.9600000000003
vertex 6140.940000000001 4296.1100000000015 999.9600000000003
endloop
endfacet
facet normal 0 0 1
outer loop
vertex 5500.040000000002 4300.010000000001 999.9600000000003
vertex 6140.940000000001 4296.1100000000015 999.9600000000003
vertex 6179.940000000001 4300.010000000001 999.9600000000003
endloop
endfacet
facet normal 0 0 1
outer loop
vertex 8858.980000000001 4296.1100000000015 999.9600000000003
vertex 8896.550000000003 4284.800000000001 999.9600000000003
vertex 9500.010000000002 4284.800000000001 999.9600000000003
endloop
endfacet
facet normal 0 0 1
outer loop
vertex 8858.980000000001 4296.1100000000015 999.9600000000003
vertex 9500.010000000002 4284.800000000001 999.9600000000003
vertex 9500.010000000002 4296.1100000000015 999.9600000000003
endloop
endfacet
facet normal 0 0 1
outer loop
vertex 7979.010000000002 4296.1100000000015 999.9600000000003
vertex 8016.580000000002 4284.800000000001 999.9600000000003
vertex 8743.410000000002 4284.800000000001 999.9600000000003
endloop
endfacet
facet normal 0 0 1
outer loop
vertex 7979.010000000002 4296.1100000000015 999.9600000000003
vertex 8743.410000000002 4284.800000000001 999.9600000000003
vertex 8780.980000000001 4296.1100000000015 999.9600000000003
endloop
endfacet
facet normal 0 0 1
outer loop
vertex 7099.040000000002 4296.1100000000015 999.9600000000003
vertex 7136.480000000001 4284.800000000001 999.9600000000003
vertex 7863.440000000002 4284.800000000001 999.9600000000003
endloop
endfacet
facet normal 0 0 1
outer loop
vertex 7099.040000000002 4296.1100000000015 999.9600000000003
vertex 7863.440000000002 4284.800000000001 999.9600000000003
vertex 7901.010000000002 4296.1100000000015 999.9600000000003
endloop
endfacet
facet normal 0 0 1
outer loop
vertex 6219.0700000000015 4296.1100000000015 999.9600000000003
vertex 6256.510000000001 4284.800000000001 999.9600000000003
vertex 6983.470000000002 4284.800000000001 999.9600000000003
endloop
endfacet
facet normal 0 0 1
outer loop
vertex 6219.0700000000015 4296.1100000000015 999.9600000000003
vertex 6983.470000000002 4284.800000000001 999.9600000000003
vertex 7021.040000000002 4296.1100000000015 999.9600000000003
endloop
endfacet
facet normal 0 0 1
outer loop
vertex 5500.040000000002 4296.1100000000015 999.9600000000003
vertex 5500.040000000002 4284.800000000001 999.9600000000003
vertex 6103.500000000002 4284.800000000001 999.9600000000003
endloop
endfacet
facet normal 0 0 1
outer loop
vertex 5500.040000000002 4296.1100000000015 999.9600000000003
vertex 6103.500000000002 4284.800000000001 999.9600000000003
vertex 6140.940000000001 4296.1100000000015 999.9600000000003
endloop
endfacet
facet normal 0 0 1
outer loop
vertex 8896.550000000003 4284.800000000001 999.9600000000003
vertex 8931.130000000003 4266.340000000001 999.9600000000003
vertex 9500.010000000002 4266.340000000001 999.9600000000003
endloop
endfacet
facet normal 0 0 1
outer loop
vertex 8896.550000000003 4284.800000000001 999.9600000000003
vertex 9500.010000000002 4266.340000000001 999.9600000000003
vertex 9500.010000000002 4284.800000000001 999.9600000000003
endloop
endfacet
facet normal 0 0 1
outer loop
vertex 8016.580000000002 4284.800000000001 999.9600000000003
vertex 8051.160000000002 4266.340000000001 999.9600000000003
vertex 8708.830000000002 4266.340000000001 999.9600000000003
endloop
endfacet
facet normal 0 0 1
outer loop
vertex 8016.580000000002 4284.800000000001 999.9600000000003
vertex 8708.830000000002 4266.340000000001 999.9600000000003
vertex 8743.410000000002 4284.800000000001 999.9600000000003
endloop
endfacet
facet normal 0 0 1
outer loop
vertex 7136.480000000001 4284.800000000001 999.9600000000003
vertex 7171.060000000002 4266.340000000001 999.9600000000003
vertex 7828.8600000000015 4266.340000000001 999.9600000000003
endloop
endfacet
facet normal 0 0 1
outer loop
vertex 7136.480000000001 4284.800000000001 999.9600000000003
vertex 7828.8600000000015 4266.340000000001 999.9600000000003
vertex 7863.440000000002 4284.800000000001 999.9600000000003
endloop
endfacet
facet normal 0 0 1
outer loop
vertex 6256.510000000001 4284.800000000001 999.9600000000003
vertex 6291.090000000002 4266.340000000001 999.9600000000003
vertex 6948.890000000002 4266.340000000001 999.9600000000003
endloop
endfacet
facet normal 0 0 1
outer loop
vertex 6256.510000000001 4284.800000000001 999.9600000000003
vertex 6948.890000000002 4266.340000000001 999.9600000000003
vertex 6983.470000000002 4284.800000000001 999.9600000000003
endloop
endfacet
facet normal 0 0 1
outer loop
vertex 5500.040000000002 4284.800000000001 999.9600000000003
vertex 5500.040000000002 4266.340000000001 999.9600000000003
vertex 6068.920000000002 4266.340000000001 999.9600000000003
endloop
endfacet
facet normal 0 0 1
outer loop
vertex 5500.040000000002 4284.800000000001 999.9600000000003
vertex 6068.920000000002 4266.340000000001 999.9600000000003
vertex 6103.500000000002 4284.800000000001 999.9600000000003
endloop
endfacet
facet normal 0 0 1
outer loop
vertex 8931.130000000003 4266.340000000001 999.9600000000003
vertex 8961.420000000002 4241.380000000001 999.9600000000003
vertex 9500.010000000002 4241.380000000001 999.9600000000003
endloop
endfacet
facet normal 0 0 1
outer loop
vertex 8931.130000000003 4266.340000000001 999.9600000000003
vertex 9500.010000000002 4241.380000000001 999.9600000000003
vertex 9500.010000000002 4266.340000000001 999.9600000000003
endloop
endfacet
facet normal 0 0 0.9999999999999999
outer loop
vertex 8051.160000000002 4266.340000000001 999.9600000000003
vertex 8081.450000000002 4241.380000000001 999.9600000000003
vertex 8678.540000000003 4241.380000000001 999.9600000000003
endloop
endfacet
facet normal 0 0 1
outer loop
vertex 8051.160000000002 4266.340000000001 999.9600000000003
vertex 8678.540000000003 4241.380000000001 999.9600000000003
vertex 8708.830000000002 4266.340000000001 999.9600000000003
endloop
endfacet
facet normal 0 0 1
outer loop
vertex 7171.060000000002 4266.340000000001 999.9600000000003
vertex 7201.480000000001 4241.380000000001 999.9600000000003
vertex 7798.5700000000015 4241.380000000001 999.9600000000003
endloop
endfacet
facet normal 0 0 1
outer loop
vertex 7171.060000000002 4266.340000000001 999.9600000000003
vertex 7798.5700000000015 4241.380000000001 999.9600000000003
vertex 7828.8600000000015 4266.340000000001 999.9600000000003
endloop
endfacet
facet normal 0 0 1
outer loop
vertex 6291.090000000002 4266.340000000001 999.9600000000003
vertex 6321.380000000002 4241.380000000001 999.9600000000003
vertex 6918.600000000001 4241.380000000001 999.9600000000003
endloop
endfacet
facet normal 0 0 1
outer loop
vertex 6291.090000000002 4266.340000000001 999.9600000000003
vertex 6918.600000000001 4241.380000000001 999.9600000000003
vertex 6948.890000000002 4266.340000000001 999.9600000000003
endloop
endfacet
facet normal 0 0 1
outer loop
vertex 5500.040000000002 4266.340000000001 999.9600000000003
vertex 5500.040000000002 4241.380000000001 999.9600000000003
vertex 6038.630000000002 4241.380000000001 999.9600000000003
endloop
endfacet
facet normal 0 0 1
outer loop
vertex 5500.040000000002 4266.340000000001 999.9600000000003
vertex 6038.630000000002 4241.380000000001 999.9600000000003
vertex 6068.920000000002 4266.340000000001 999.9600000000003
endloop
endfacet
facet normal 0 0 1
outer loop
vertex 8961.420000000002 4241.380000000001 999.9600000000003
vertex 8986.250000000002 4211.090000000001 999.9600000000003
vertex 9500.010000000002 4211.090000000001 999.9600000000003
endloop
endfacet
facet normal 0 0 1
outer loop
vertex 8961.420000000002 4241.380000000001 999.9600000000003
vertex 9500.010000000002 4211.090000000001 999.9600000000003
vertex 9500.010000000002 4241.380000000001 999.9600000000003
endloop
endfacet
facet normal 0 0 1
outer loop
vertex 8081.450000000002 4241.380000000001 999.9600000000003
vertex 8106.280000000002 4211.090000000001 999.9600000000003
vertex 8653.710000000003 4211.090000000001 999.9600000000003
endloop
endfacet
facet normal 0 0 1
outer loop
vertex 8081.450000000002 4241.380000000001 999.9600000000003
vertex 8653.710000000003 4211.090000000001 999.9600000000003
vertex 8678.540000000003 4241.380000000001 999.9600000000003
endloop
endfacet
facet normal 0 0 1
outer loop
vertex 7201.480000000001 4241.380000000001 999.9600000000003
vertex 7226.310000000002 4211.090000000001 999.9600000000003
vertex 7773.740000000002 4211.090000000001 999.9600000000003
endloop
endfacet
facet normal 0 0 1
outer loop
vertex 7201.480000000001 4241.380000000001 999.9600000000003
vertex 7773.740000000002 4211.090000000001 999.9600000000003
vertex 7798.5700000000015 4241.380000000001 999.9600000000003
endloop
endfacet
facet normal 0 0 1
outer loop
vertex 6321.380000000002 4241.380000000001 999.9600000000003
vertex 6346.340000000002 4211.090000000001 999.9600000000003
vertex 6893.770000000001 4211.090000000001 999.9600000000003
endloop
endfacet
facet normal 0 0 1
outer loop
vertex 6321.380000000002 4241.380000000001 999.9600000000003
vertex 6893.770000000001 4211.090000000001 999.9600000000003
vertex 6918.600000000001 4241.380000000001 999.9600000000003
endloop
endfacet
facet normal 0 0 1
outer loop
vertex 5500.040000000002 4241.380000000001 999.9600000000003
vertex 5500.040000000002 4211.090000000001 999.9600000000003
vertex 6013.670000000002 4211.090000000001 999.9600000000003
endloop
endfacet
facet normal 0 0 1
outer loop
vertex 5500.040000000002 4241.380000000001 999.9600000000003
vertex 6013.670000000002 4211.090000000001 999.9600000000003
vertex 6038.630000000002 4241.380000000001 999.9600000000003
endloop
endfacet
facet normal 0 0 1
outer loop
vertex 8986.250000000002 4211.090000000001 999.9600000000003
vertex 9004.840000000002 4176.510000000001 999.9600000000003
vertex 9500.010000000002 4176.510000000001 999.9600000000003
endloop
endfacet
facet normal 0 0 1
outer loop
vertex 8986.250000000002 4211.090000000001 999.9600000000003
vertex 9500.010000000002 4176.510000000001 999.9600000000003
vertex 9500.010000000002 4211.090000000001 999.9600000000003
endloop
endfacet
facet normal 0 0 1
outer loop
vertex 8106.280000000002 4211.090000000001 999.9600000000003
vertex 8124.740000000002 4176.510000000001 999.9600000000003
vertex 8635.250000000002 4176.510000000001 999.9600000000003
endloop
endfacet
facet normal 0 0 1
outer loop
vertex 8106.280000000002 4211.090000000001 999.9600000000003
vertex 8635.250000000002 4176.510000000001 999.9600000000003
vertex 8653.710000000003 4211.090000000001 999.9600000000003
endloop
endfacet
facet normal 0 0 1
outer loop
vertex 7226.310000000002 4211.090000000001 999.9600000000003
vertex 7244.770000000001 4176.510000000001 999.9600000000003
vertex 7755.280000000002 4176.510000000001 999.9600000000003
endloop
endfacet
facet normal 0 0 1
outer loop
vertex 7226.310000000002 4211.090000000001 999.9600000000003
vertex 7755.280000000002 4176.510000000001 999.9600000000003
vertex 7773.740000000002 4211.090000000001 999.9600000000003
endloop
endfacet
facet normal 0 0 1
outer loop
vertex 6346.340000000002 4211.090000000001 999.9600000000003
vertex 6364.800000000002 4176.510000000001 999.9600000000003
vertex 6875.180000000002 4176.510000000001 999.9600000000003
endloop
endfacet
facet normal 0 0 1
outer loop
vertex 6346.340000000002 4211.090000000001 999.9600000000003
vertex 6875.180000000002 4176.510000000001 999.9600000000003
vertex 6893.770000000001 4211.090000000001 999.9600000000003
endloop
endfacet
facet normal 0 0 1
outer loop
vertex 5500.040000000002 4211.090000000001 999.9600000000003
vertex 5500.040000000002 4176.510000000001 999.9600000000003
vertex 5995.210000000002 4176.510000000001 999.9600000000003
endloop
endfacet
facet normal 0 0 1
outer loop
vertex 5500.040000000002 4211.090000000001 999.9600000000003
vertex 5995.210000000002 4176.510000000001 999.9600000000003
vertex 6013.670000000002 4211.090000000001 999.9600000000003
endloop
endfacet
facet normal 0 0 1
outer loop
vertex 9004.840000000002 4176.510000000001 999.9600000000003
vertex 9016.150000000001 4139.070000000001 999.9600000000003
vertex 9500.010000000002 4139.070000000001 999.9600000000003
endloop
endfacet
facet normal 0 0 0.9999999999999999
outer loop
vertex 9004.840000000002 4176.510000000001 999.9600000000003
vertex 9500.010000000002 4139.070000000001 999.9600000000003
vertex 9500.010000000002 4176.510000000001 999.9600000000003
endloop
endfacet
facet normal 0 0 1
outer loop
vertex 8124.740000000002 4176.510000000001 999.9600000000003
vertex 8136.180000000002 4139.070000000001 999.9600000000003
vertex 8623.810000000001 4139.070000000001 999.9600000000003
endloop
endfacet
facet normal 0 0 0.9999999999999999
outer loop
vertex 8124.740000000002 4176.510000000001 999.9600000000003
vertex 8623.810000000001 4139.070000000001 999.9600000000003
vertex 8635.250000000002 4176.510000000001 999.9600000000003
endloop
endfacet
facet normal 0 0 1
outer loop
vertex 7244.770000000001 4176.510000000001 999.9600000000003
vertex 7256.210000000002 4139.070000000001 999.9600000000003
vertex 7743.840000000002 4139.070000000001 999.9600000000003
endloop
endfacet
facet normal 0 0 0.9999999999999999
outer loop
vertex 7244.770000000001 4176.510000000001 999.9600000000003
vertex 7743.840000000002 4139.070000000001 999.9600000000003
vertex 7755.280000000002 4176.510000000001 999.9600000000003
endloop
endfacet
facet normal 0 0 1
outer loop
vertex 6364.800000000002 4176.510000000001 999.9600000000003
vertex 6376.1100000000015 4139.070000000001 999.9600000000003
vertex 6863.870000000002 4139.070000000001 999.9600000000003
endloop
endfacet
facet normal 0 0 1
outer loop
vertex 6364.800000000002 4176.510000000001 999.9600000000003
vertex 6863.870000000002 4139.070000000001 999.9600000000003
vertex 6875.180000000002 4176.510000000001 999.9600000000003
endloop
endfacet
facet normal 0 0 1
outer loop
vertex 5500.040000000002 4176.510000000001 999.9600000000003
vertex 5500.040000000002 4139.070000000001 999.9600000000003
vertex 5983.9000000000015 4139.070000000001 999.9600000000003
endloop
endfacet
facet normal 0 0 0.9999999999999999
outer loop
vertex 5500.040000000002 4176.510000000001 999.9600000000003
vertex 5983.9000000000015 4139.070000000001 999.9600000000003
vertex 5995.210000000002 4176.510000000001 999.9600000000003
endloop
endfacet
facet normal 0 0 0.9999999999999999
outer loop
vertex 9016.150000000001 4139.070000000001 999.9600000000003
vertex 9020.050000000003 4099.940000000001 999.9600000000003
vertex 9500.010000000002 4099.940000000001 999.9600000000003
endloop
endfacet
facet normal 0 0 1
outer loop
vertex 9016.150000000001 4139.070000000001 999.9600000000003
vertex 9500.010000000002 4099.940000000001 999.9600000000003
vertex 9500.010000000002 4139.070000000001 999.9600000000003
endloop
endfacet
facet normal 0 0 1
outer loop
vertex 8136.180000000002 4139.070000000001 999.9600000000003
vertex 8139.950000000002 4099.940000000001 999.9600000000003
vertex 8620.040000000003 4099.940000000001 999.9600000000003
endloop
endfacet
facet normal 0 0 1
outer loop
vertex 8136.180000000002 4139.070000000001 999.9600000000003
vertex 8620.040000000003 4099.940000000001 999.9600000000003
vertex 8623.810000000001 4139.070000000001 999.9600000000003
endloop
endfacet
facet normal 0 0 1
outer loop
vertex 7256.210000000002 4139.070000000001 999.9600000000003
vertex 7259.980000000001 4099.940000000001 999.9600000000003
vertex 7739.940000000002 4099.940000000001 999.9600000000003
endloop
endfacet
facet normal 0 0 0.9999999999999999
outer loop
vertex 7256.210000000002 4139.070000000001 999.9600000000003
vertex 7739.940000000002 4099.940000000001 999.9600000000003
vertex 7743.840000000002 4139.070000000001 999.9600000000003
endloop
endfacet
facet normal 0 0 1
outer loop
vertex 6376.1100000000015 4139.070000000001 999.9600000000003
vertex 6380.010000000001 4099.940000000001 999.9600000000003
vertex 6859.970000000002 4099.940000000001 999.9600000000003
endloop
endfacet
facet normal 0 0 1
outer loop
vertex 6376.1100000000015 4139.070000000001 999.9600000000003
vertex 6859.970000000002 4099.940000000001 999.9600000000003
vertex 6863.870000000002 4139.070000000001 999.9600000000003
endloop
endfacet
facet normal 0 0 1
outer loop
vertex 5500.040000000002 4139.070000000001 999.9600000000003
vertex 5500.040000000002 4099.940000000001 999.9600000000003
vertex 5980.000000000002 4099.940000000001 999.9600000000003
endloop
endfacet
facet normal 0 0 1
outer loop
vertex 5500.040000000002 4139.070000000001 999.9600000000003
vertex 5980.000000000002 4099.940000000001 999.9600000000003
vertex 5983.9000000000015 4139.070000000001 999.9600000000003
endloop
endfacet
facet normal 0 0 1
outer loop
vertex 9020.050000000003 4099.940000000001 999.9600000000003
vertex 9016.150000000001 4060.940000000001 999.9600000000003
vertex 9500.010000000002 4060.940000000001 999.9600000000003
endloop
endfacet
facet normal 0 0 1
outer loop
vertex 9020.050000000003 4099.940000000001 999.9600000000003
vertex 9500.010000000002 4060.940000000001 999.9600000000003
vertex 9500.010000000002 4099.940000000001 999.9600000000003
endloop
endfacet
facet normal 0 0 1
outer loop
vertex 8139.950000000002 4099.940000000001 999.9600000000003
vertex 8136.180000000002 4060.940000000001 999.9600000000003
vertex 8623.810000000001 4060.940000000001 999.9600000000003
endloop
endfacet
facet normal 0 0 1
outer loop
vertex 8139.950000000002 4099.940000000001 999.9600000000003
vertex 8623.810000000001 4060.940000000001 999.9600000000003
vertex 8620.040000000003 4099.940000000001 999.9600000000003
endloop
endfacet
facet normal 0 0 1
outer loop
vertex 7259.980000000001 4099.940000000001 999.9600000000003
vertex 7256.210000000002 4060.940000000001 999.9600000000003
vertex 7743.840000000002 4060.940000000001 999.9600000000003
endloop
endfacet
facet normal 0 0 1
outer loop
vertex 7259.980000000001 4099.940000000001 999.9600000000003
vertex 7743.840000000002 4060.940000000001 999.9600000000003
vertex 7739.940000000002 4099.940000000001 999.9600000000003
endloop
endfacet
facet normal 0 0 1
outer loop
vertex 6380.010000000001 4099.940000000001 999.9600000000003
vertex 6376.1100000000015 4060.940000000001 999.9600000000003
vertex 6863.870000000002 4060.940000000001 999.9600000000003
endloop
endfacet
facet normal 0 0 1
outer loop
vertex 6380.010000000001 4099.940000000001 999.9600000000003
vertex 6863.870000000002 4060.940000000001 999.9600000000003
vertex 6859.970000000002 4099.940000000001 999.9600000000003
endloop
endfacet
facet normal 0 0 1
outer loop
vertex 5500.040000000002 4099.940000000001 999.9600000000003
vertex 5500.040000000002 4060.940000000001 999.9600000000003
vertex 5983.9000000000015 4060.940000000001 999.9600000000003
endloop
endfacet
facet normal 0 0 1
outer loop
vertex 5500.040000000002 4099.940000000001 999.9600000000003
vertex 5983.9000000000015 4060.940000000001 999.9600000000003
vertex 5980.000000000002 4099.940000000001 999.9600000000003
endloop
endfacet
facet normal 0 0 1
outer loop
vertex 9016.150000000001 4060.940000000001 999.9600000000003
vertex 9004.840000000002 4023.500000000001 999.9600000000003
vertex 9500.010000000002 4023.500000000001 999.9600000000003
endloop
endfacet
facet normal 0 0 1
outer loop
vertex 9016.150000000001 4060.940000000001 999.9600000000003
vertex 9500.010000000002 4023.500000000001 999.9600000000003
vertex 9500.010000000002 4060.940000000001 999.9600000000003
endloop
endfacet
facet normal 0 0 1
outer loop
vertex 8136.180000000002 4060.940000000001 999.9600000000003
vertex 8124.740000000002 4023.500000000001 999.9600000000003
vertex 8635.250000000002 4023.500000000001 999.9600000000003
endloop
endfacet
facet normal 0 0 1
outer loop
vertex 8136.180000000002 4060.940000000001 999.9600000000003
vertex 8635.250000000002 4023.500000000001 999.9600000000003
vertex 8623.810000000001 4060.940000000001 999.9600000000003
endloop
endfacet
facet normal 0 0 1
outer loop
vertex 7256.210000000002 4060.940000000001 999.9600000000003
vertex 7244.770000000001 4023.500000000001 999.9600000000003
vertex 7755.280000000002 4023.500000000001 999.9600000000003
endloop
endfacet
facet normal 0 0 1
outer loop
vertex 7256.210000000002 4060.940000000001 999.9600000000003
vertex 7755.280000000002 4023.500000000001 999.9600000000003
vertex 7743.840000000002 4060.940000000001 999.9600000000003
endloop
endfacet
facet normal 0 0 0.9999999999999999
outer loop
vertex 6376.1100000000015 4060.940000000001 999.9600000000003
vertex 6364.800000000002 4023.500000000001 999.9600000000003
vertex 6875.180000000002 4023.500000000001 999.9600000000003
endloop
endfacet
facet normal 0 0 0.9999999999999999
outer loop
vertex 6376.1100000000015 4060.940000000001 999.9600000000003
vertex 6875.180000000002 4023.500000000001 999.9600000000003
vertex 6863.870000000002 4060.940000000001 999.9600000000003
endloop
endfacet
facet normal 0 0 1
outer loop
vertex 5500.040000000002 4060.940000000001 999.9600000000003
vertex 5500.040000000002 4023.500000000001 999.9600000000003
vertex 5995.210000000002 4023.500000000001 999.9600000000003
endloop
endfacet
facet normal 0 0 1
outer loop
vertex 5500.040000000002 4060.940000000001 999.9600000000003
vertex 5995.210000000002 4023.500000000001 999.9600000000003
vertex 5983.9000000000015 4060.940000000001 999.9600000000003
endloop
endfacet
facet normal 0 0 1
outer loop
vertex 9004.840000000002 4023.500000000001 999.9600000000003
vertex 8986.250000000002 3988.920000000001 999.9600000000003
vertex 9500.010000000002 3988.920000000001 999.9600000000003
endloop
endfacet
facet normal 0 0 1
outer loop
vertex 9004.840000000002 4023.500000000001 999.9600000000003
vertex 9500.010000000002 3988.920000000001 999.9600000000003
vertex 9500.010000000002 4023.500000000001 999.9600000000003
endloop
endfacet
facet normal 0 0 1
outer loop
vertex 8124.740000000002 4023.500000000001 999.9600000000003
vertex 8106.280000000002 3988.920000000001 999.9600000000003
vertex 8653.710000000003 3988.920000000001 999.9600000000003
endloop
endfacet
facet normal 0 0 1
outer loop
vertex 8124.740000000002 4023.500000000001 999.9600000000003
vertex 8653.710000000003 3988.920000000001 999.9600000000003
vertex 8635.250000000002 4023.500000000001 999.9600000000003
endloop
endfacet
facet normal 0 0 1
outer loop
vertex 7244.770000000001 4023.500000000001 999.9600000000003
vertex 7226.310000000002 3988.920000000001 999.9600000000003
vertex 7773.740000000002 3988.920000000001 999.9600000000003
endloop
endfacet
facet normal 0 0 1
outer loop
vertex 7244.770000000001 4023.500000000001 999.9600000000003
vertex 7773.740000000002 3988.920000000001 999.9600000000003
vertex 7755.280000000002 4023.500000000001 999.9600000000003
endloop
endfacet
facet normal 0 0 1
outer loop
vertex 6364.800000000002 4023.500000000001 999.9600000000003
vertex 6346.340000000002 3988.920000000001 999.9600000000003
vertex 6893.770000000001 3988.920000000001 999.9600000000003
endloop
endfacet
facet normal 0 0 1
outer loop
vertex 6364.800000000002 4023.500000000001 999.9600000000003
vertex 6893.770000000001 3988.920000000001 999.9600000000003
vertex 6875.180000000002 4023.500000000001 999.9600000000003
endloop
endfacet
facet normal 0 0 1
outer loop
vertex 5500.040000000002 4023.500000000001 999.9600000000003
vertex 5500.040000000002 3988.920000000001 999.9600000000003
vertex 6013.670000000002 3988.920000000001 999.9600000000003
endloop
endfacet
facet normal 0 0 1
outer loop
vertex 5500.040000000002 4023.500000000001 999.9600000000003
vertex 6013.670000000002 3988.920000000001 999.9600000000003
vertex 5995.210000000002 4023.500000000001 999.9600000000003
endloop
endfacet
facet normal 0 0 1
outer loop
vertex 8986.250000000002 3988.920000000001 999.9600000000003
vertex 8961.420000000002 3958.630000000001 999.9600000000003
vertex 9500.010000000002 3958.630000000001 999.9600000000003
endloop
endfacet
facet normal 0 0 1
outer loop
vertex 8986.250000000002 3988.920000000001 999.9600000000003
vertex 9500.010000000002 3958.630000000001 999.9600000000003
vertex 9500.010000000002 3988.920000000001 999.9600000000003
endloop
endfacet
facet normal 0 0 1
outer loop
vertex 8106.280000000002 3988.920000000001 999.9600000000003
vertex 8081.450000000002 3958.630000000001 999.9600000000003
vertex 8678.540000000003 3958.630000000001 999.9600000000003
endloop
endfacet
facet normal 0 0 1
outer loop
vertex 8106.280000000002 3988.920000000001 999.9600000000003
vertex 8678.540000000003 3958.630000000001 999.9600000000003
vertex 8653.710000000003 3988.920000000001 999.9600000000003
endloop
endfacet
facet normal 0 0 1
outer loop
vertex 7226.310000000002 3988.920000000001 999.9600000000003
vertex 7201.480000000001 3958.630000000001 999.9600000000003
vertex 7798.5700000000015 3958.630000000001 999.9600000000003
endloop
endfacet
facet normal 0 0 1
outer loop
vertex 7226.310000000002 3988.920000000001 999.9600000000003
vertex 7798.5700000000015 3958.630000000001 999.9600000000003
vertex 7773.740000000002 3988.920000000001 999.9600000000003
endloop
endfacet
facet normal 0 0 1
outer loop
vertex 6346.340000000002 3988.920000000001 999.9600000000003
vertex 6321.380000000002 3958.630000000001 999.9600000000003
vertex 6918.600000000001 3958.630000000001 999.9600000000003
endloop
endfacet
facet normal 0 0 1
outer loop
vertex 6346.340000000002 3988.920000000001 999.9600000000003
vertex 6918.600000000001 3958.630000000001 999.9600000000003
vertex 6893.770000000001 3988.920000000001 999.9600000000003
endloop
endfacet
facet normal 0 0 1
outer loop
vertex 5500.040000000002 3988.920000000001 999.9600000000003
vertex 5500.040000000002 3958.630000000001 999.9600000000003
vertex 6038.630000000002 3958.630000000001 999.9600000000003
endloop
endfacet
facet normal 0 0 1
outer loop
vertex 5500.040000000002 3988.920000000001 999.9600000000003
vertex 6038.630000000002 3958.630000000001 999.9600000000003
vertex 6013.670000000002 3988.920000000001 999.9600000000003
endloop
endfacet
facet normal 0 0 1
outer loop
vertex 8961.420000000002 3958.630000000001 999.9600000000003
vertex 8931.130000000003 3933.670000000001 999.9600000000003
vertex 9500.010000000002 3933.670000000001 999.9600000000003
endloop
endfacet
facet normal 0 0 1
outer loop
vertex 8961.420000000002 3958.630000000001 999.9600000000003
vertex 9500.010000000002 3933.670000000001 999.9600000000003
vertex 9500.010000000002 3958.630000000001 999.9600000000003
endloop
endfacet
facet normal 0 0 1
outer loop
vertex 8081.450000000002 3958.630000000001 999.9600000000003
vertex 8051.160000000002 3933.670000000001 999.9600000000003
vertex 8708.830000000002 3933.670000000001 999.9600000000003
endloop
endfacet
facet normal 0 0 0.9999999999999999
outer loop
vertex 8081.450000000002 3958.630000000001 999.9600000000003
vertex 8708.830000000002 3933.670000000001 999.9600000000003
vertex 8678.540000000003 3958.630000000001 999.9600000000003
endloop
endfacet
facet normal 0 0 1
outer loop
vertex 7201.480000000001 3958.630000000001 999.9600000000003
vertex 7171.060000000002 3933.670000000001 999.9600000000003
vertex 7828.8600000000015 3933.670000000001 999.9600000000003
endloop
endfacet
facet normal 0 0 1
outer loop
vertex 7201.480000000001 3958.630000000001 999.9600000000003
vertex 7828.8600000000015 3933.670000000001 999.9600000000003
vertex 7798.5700000000015 3958.630000000001 999.9600000000003
endloop
endfacet
facet normal 0 0 1
outer loop
vertex 6321.380000000002 3958.630000000001 999.9600000000003
vertex 6291.090000000002 3933.670000000001 999.9600000000003
vertex 6948.890000000002 3933.670000000001 999.9600000000003
endloop
endfacet
facet normal 0 0 1
outer loop
vertex 6321.380000000002 3958.630000000001 999.9600000000003
vertex 6948.890000000002 3933.670000000001 999.9600000000003
vertex 6918.600000000001 3958.630000000001 999.9600000000003
endloop
endfacet
facet normal 0 0 1
outer loop
vertex 5500.040000000002 3958.630000000001 999.9600000000003
vertex 5500.040000000002 3933.670000000001 999.9600000000003
vertex 6068.920000000002 3933.670000000001 999.9600000000003
endloop
endfacet
facet normal 0 0 1
outer loop
vertex 5500.040000000002 3958.630000000001 999.9600000000003
vertex 6068.920000000002 3933.670000000001 999.9600000000003
vertex 6038.630000000002 3958.630000000001 999.9600000000003
endloop
endfacet
facet normal 0 0 1
outer loop
vertex 8931.130000000003 3933.670000000001 999.9600000000003
vertex 8896.550000000003 3915.210000000001 999.9600000000003
vertex 9500.010000000002 3915.210000000001 999.9600000000003
endloop
endfacet
facet normal 0 0 1
outer loop
vertex 8931.130000000003 3933.670000000001 999.9600000000003
vertex 9500.010000000002 3915.210000000001 999.9600000000003
vertex 9500.010000000002 3933.670000000001 999.9600000000003
endloop
endfacet
facet normal 0 0 1
outer loop
vertex 8051.160000000002 3933.670000000001 999.9600000000003
vertex 8016.580000000002 3915.210000000001 999.9600000000003
vertex 8743.410000000002 3915.210000000001 999.9600000000003
endloop
endfacet
facet normal 0 0 1
outer loop
vertex 8051.160000000002 3933.670000000001 999.9600000000003
vertex 8743.410000000002 3915.210000000001 999.9600000000003
vertex 8708.830000000002 3933.670000000001 999.9600000000003
endloop
endfacet
facet normal 0 0 1
outer loop
vertex 7171.060000000002 3933.670000000001 999.9600000000003
vertex 7136.480000000001 3915.210000000001 999.9600000000003
vertex 7863.440000000002 3915.210000000001 999.9600000000003
endloop
endfacet
facet normal 0 0 1
outer loop
vertex 7171.060000000002 3933.670000000001 999.9600000000003
vertex 7863.440000000002 3915.210000000001 999.9600000000003
vertex 7828.8600000000015 3933.670000000001 999.9600000000003
endloop
endfacet
facet normal 0 0 1
outer loop
vertex 6291.090000000002 3933.670000000001 999.9600000000003
vertex 6256.510000000001 3915.210000000001 999.9600000000003
vertex 6983.470000000002 3915.210000000001 999.9600000000003
endloop
endfacet
facet normal 0 0 1
outer loop
vertex 6291.090000000002 3933.670000000001 999.9600000000003
vertex 6983.470000000002 3915.210000000001 999.9600000000003
vertex 6948.890000000002 3933.670000000001 999.9600000000003
endloop
endfacet
facet normal 0 0 1
outer loop
vertex 5500.040000000002 3933.670000000001 999.9600000000003
vertex 5500.040000000002 3915.210000000001 999.9600000000003
vertex 6103.500000000002 3915.210000000001 999.9600000000003
endloop
endfacet
facet normal 0 0 1
outer loop
vertex 5500.040000000002 3933.670000000001 999.9600000000003
vertex 6103.500000000002 3915.210000000001 999.9600000000003
vertex 6068.920000000002 3933.670000000001 999.9600000000003
endloop
endfacet
facet normal 0 0 1
outer loop
vertex 8896.550000000003 3915.210000000001 999.9600000000003
vertex 8858.980000000001 3903.900000000001 999.9600000000003
vertex 9500.010000000002 3903.900000000001 999.9600000000003
endloop
endfacet
facet normal 0 0 1
outer loop
vertex 8896.550000000003 3915.210000000001 999.9600000000003
vertex 9500.010000000002 3903.900000000001 999.9600000000003
vertex 9500.010000000002 3915.210000000001 999.9600000000003
endloop
endfacet
facet normal 0 0 1
outer loop
vertex 8016.580000000002 3915.210000000001 999.9600000000003
vertex 7979.010000000002 3903.900000000001 999.9600000000003
vertex 8780.980000000001 3903.900000000001 999.9600000000003
endloop
endfacet
facet normal 0 0 1
outer loop
vertex 8016.580000000002 3915.210000000001 999.9600000000003
vertex 8780.980000000001 3903.900000000001 999.9600000000003
vertex 8743.410000000002 3915.210000000001 999.9600000000003
endloop
endfacet
facet normal 0 0 1
outer loop
vertex 7136.480000000001 3915.210000000001 999.9600000000003
vertex 7099.040000000002 3903.900000000001 999.9600000000003
vertex 7901.010000000002 3903.900000000001 999.9600000000003
endloop
endfacet
facet normal 0 0 1
outer loop
vertex 7136.480000000001 3915.210000000001 999.9600000000003
vertex 7901.010000000002 3903.900000000001 999.9600000000003
vertex 7863.440000000002 3915.210000000001 999.9600000000003
endloop
endfacet
facet normal 0 0 1
outer loop
vertex 6256.510000000001 3915.210000000001 999.9600000000003
vertex 6219.0700000000015 3903.900000000001 999.9600000000003
vertex 7021.040000000002 3903.900000000001 999.9600000000003
endloop
endfacet
facet normal 0 0 1
outer loop
vertex 6256.510000000001 3915.210000000001 999.9600000000003
vertex 7021.040000000002 3903.900000000001 999.9600000000003
vertex 6983.470000000002 3915.210000000001 999.9600000000003
endloop
endfacet
facet normal 0 0 1
outer loop
vertex 5500.040000000002 3915.210000000001 999.9600000000003
vertex 5500.040000000002 3903.900000000001 999.9600000000003
vertex 6140.940000000001 3903.900000000001 999.9600000000003
endloop
endfacet
facet normal 0 0 0.9999999999999999
outer loop
vertex 5500.040000000002 3915.210000000001 999.9600000000003
vertex 6140.940000000001 3903.900000000001 999.9600000000003
vertex 6103.500000000002 3915.210000000001 999.9600000000003
endloop
endfacet
facet normal 0 0 0.9999999999999999
outer loop
vertex 8858.980000000001 3903.900000000001 999.9600000000003
vertex 8819.980000000001 3900.000000000001 999.9600000000003
vertex 9500.010000000002 3900.000000000001 999.9600000000003
endloop
endfacet
facet normal 0 0 0.9999999999999999
outer loop
vertex 8858.980000000001 3903.900000000001 999.9600000000003
vertex 9500.010000000002 3900.000000000001 999.9600000000003
vertex 9500.010000000002 3903.900000000001 999.9600000000003
endloop
endfacet
facet normal 0 0 1
outer loop
vertex 7979.010000000002 3903.900000000001 999.9600000000003
vertex 7940.010000000002 3900.000000000001 999.9600000000003
vertex 8819.980000000001 3900.000000000001 999.9600000000003
endloop
endfacet
facet normal 0 0 1
outer loop
vertex 7979.010000000002 3903.900000000001 999.9600000000003
vertex 8819.980000000001 3900.000000000001 999.9600000000003
vertex 8780.980000000001 3903.900000000001 999.9600000000003
endloop
endfacet
facet normal 0 0 1
outer loop
vertex 7099.040000000002 3903.900000000001 999.9600000000003
vertex 7060.040000000002 3900.000000000001 999.9600000000003
vertex 7940.010000000002 3900.000000000001 999.9600000000003
endloop
endfacet
facet normal 0 0 1
outer loop
vertex 7099.040000000002 3903.900000000001 999.9600000000003
vertex 7940.010000000002 3900.000000000001 999.9600000000003
vertex 7901.010000000002 3903.900000000001 999.9600000000003
endloop
endfacet
facet normal 0 0 1
outer loop
vertex 6219.0700000000015 3903.900000000001 999.9600000000003
vertex 6179.940000000001 3900.000000000001 999.9600000000003
vertex 7060.040000000002 3900.000000000001 999.9600000000003
endloop
endfacet
facet normal 0 0 1
outer loop
vertex 6219.0700000000015 3903.900000000001 999.9600000000003
vertex 7060.040000000002 3900.000000000001 999.9600000000003
vertex 7021.040000000002 3903.900000000001 999.9600000000003
endloop
endfacet
facet normal 0 0 1
outer loop
vertex 5500.040000000002 3903.900000000001 999.9600000000003
vertex 5500.040000000002 3900.000000000001 999.9600000000003
vertex 6179.940000000001 3900.000000000001 999.9600000000003
endloop
endfacet
facet normal 0 0 1
outer loop
vertex 5500.040000000002 3903.900000000001 999.9600000000003
vertex 6179.940000000001 3900.000000000001 999.9600000000003
vertex 6140.940000000001 3903.900000000001 999.9600000000003
endloop
endfacet
facet normal 0 0 0.9999999999999999
outer loop
vertex 7499.960000000002 3639.090000000001 999.9600000000003
vertex 8819.980000000001 3900.000000000001 999.9600000000003
vertex 7940.010000000002 3900.000000000001 999.9600000000003
endloop
endfacet
facet normal 0 0 1
outer loop
vertex 7499.960000000002 3639.090000000001 999.9600000000003
vertex 7940.010000000002 3900.000000000001 999.9600000000003
vertex 7060.040000000002 3900.000000000001 999.9600000000003
endloop
endfacet
facet normal 0 0 1
outer loop
vertex 7499.960000000002 3639.090000000001 999.9600000000003
vertex 7060.040000000002 3900.000000000001 999.9600000000003
vertex 6179.940000000001 3900.000000000001 999.9600000000003
endloop
endfacet
facet normal 0 0 1
outer loop
vertex 7499.960000000002 3639.090000000001 999.9600000000003
vertex 6179.940000000001 3900.000000000001 999.9600000000003
vertex 5500.040000000002 3900.000000000001 999.9600000000003
endloop
endfacet
facet normal 0 0 1
outer loop
vertex 7499.960000000002 3639.090000000001 999.9600000000003
vertex 5500.040000000002 3900.000000000001 999.9600000000003
vertex 5500.040000000002 3800.030000000001 999.9600000000003
endloop
endfacet
facet normal 0 0 1
outer loop
vertex 7499.960000000002 3639.090000000001 999.9600000000003
vertex 5500.040000000002 3800.030000000001 999.9600000000003
vertex 5507.710000000001 3721.900000000001 999.9600000000003
endloop
endfacet
facet normal 0 0 1
outer loop
vertex 7499.960000000002 3639.090000000001 999.9600000000003
vertex 5507.710000000001 3721.900000000001 999.9600000000003
vertex 5530.460000000001 3646.890000000001 999.9600000000003
endloop
endfacet
facet normal 0 0 1
outer loop
vertex 7499.960000000002 3639.090000000001 999.9600000000003
vertex 5530.460000000001 3646.890000000001 999.9600000000003
vertex 5567.380000000001 3577.730000000001 999.9600000000003
endloop
endfacet
facet normal 0 0 0.9999999999999999
outer loop
vertex 7499.960000000002 3639.090000000001 999.9600000000003
vertex 5567.380000000001 3577.730000000001 999.9600000000003
vertex 5617.170000000001 3517.150000000001 999.9600000000003
endloop
endfacet
facet normal 0 0 1
outer loop
vertex 7499.960000000002 3639.090000000001 999.9600000000003
vertex 5617.170000000001 3517.150000000001 999.9600000000003
vertex 5677.750000000002 3467.360000000001 999.9600000000003
endloop
endfacet
facet normal 0 0 1
outer loop
vertex 7499.960000000002 3639.090000000001 999.9600000000003
vertex 5677.750000000002 3467.360000000001 999.9600000000003
vertex 5746.910000000002 3430.440000000001 999.9600000000003
endloop
endfacet
facet normal 0 0 1
outer loop
vertex 7499.960000000002 3639.090000000001 999.9600000000003
vertex 5746.910000000002 3430.440000000001 999.9600000000003
vertex 5821.920000000002 3407.690000000001 999.9600000000003
endloop
endfacet
facet normal 0 0 1
outer loop
vertex 7499.960000000002 3639.090000000001 999.9600000000003
vertex 5821.920000000002 3407.690000000001 999.9600000000003
vertex 5900.050000000001 3400.020000000001 999.9600000000003
endloop
endfacet
facet normal 0 0 1
outer loop
vertex 7499.960000000002 3639.090000000001 999.9600000000003
vertex 5900.050000000001 3400.020000000001 999.9600000000003
vertex 9100.000000000002 3400.020000000001 999.9600000000003
endloop
endfacet
facet normal 0 0 1
outer loop
vertex 7499.960000000002 3639.090000000001 999.9600000000003
vertex 9100.000000000002 3400.020000000001 999.9600000000003
vertex 9178.000000000002 3407.690000000001 999.9600000000003
endloop
endfacet
facet normal 0 0 1
outer loop
vertex 7499.960000000002 3639.090000000001 999.9600000000003
vertex 9178.000000000002 3407.690000000001 999.9600000000003
vertex 9253.010000000002 3430.440000000001 999.9600000000003
endloop
endfacet
facet normal 0 0 1
outer loop
vertex 7499.960000000002 3639.090000000001 999.9600000000003
vertex 9253.010000000002 3430.440000000001 999.9600000000003
vertex 9322.170000000002 3467.360000000001 999.9600000000003
endloop
endfacet
facet normal 0 0 1
outer loop
vertex 7499.960000000002 3639.090000000001 999.9600000000003
vertex 9322.170000000002 3467.360000000001 999.9600000000003
vertex 9382.880000000003 3517.150000000001 999.9600000000003
endloop
endfacet
facet normal 0 0 0.9999999999999999
outer loop
vertex 7499.960000000002 3639.090000000001 999.9600000000003
vertex 9382.880000000003 3517.150000000001 999.9600000000003
vertex 9432.540000000003 3577.730000000001 999.9600000000003
endloop
endfacet
facet normal 0 0 1
outer loop
vertex 7499.960000000002 3639.090000000001 999.9600000000003
vertex 9432.540000000003 3577.730000000001 999.9600000000003
vertex 9469.590000000002 3646.890000000001 999.9600000000003
endloop
endfacet
facet normal 0 0 1
outer loop
vertex 7499.960000000002 3639.090000000001 999.9600000000003
vertex 9469.590000000002 3646.890000000001 999.9600000000003
vertex 9492.340000000002 3721.900000000001 999.9600000000003
endloop
endfacet
facet normal 0 0 1
outer loop
vertex 7499.960000000002 3639.090000000001 999.9600000000003
vertex 9492.340000000002 3721.900000000001 999.9600000000003
vertex 9500.010000000002 3800.030000000001 999.9600000000003
endloop
endfacet
facet normal 0 0 1
outer loop
vertex 7499.960000000002 3639.090000000001 999.9600000000003
vertex 9500.010000000002 3800.030000000001 999.9600000000003
vertex 9500.010000000002 3900.000000000001 999.9600000000003
endloop
endfacet
facet normal 0 0 1
outer loop
vertex 7499.960000000002 3639.090000000001 999.9600000000003
vertex 9500.010000000002 3900.000000000001 999.9600000000003
vertex 8819.980000000001 3900.000000000001 999.9600000000003
endloop
endfacet
facet normal 0.9950371902099902 0.09950371902098973 0
outer loop
vertex 6376.1100000000015 5939.050000000001 999.9600000000003
vertex 6376.1100000000015 5939.050000000001 1399.9700000000003
vertex 6380.010000000001 5900.050000000001 1399.9700000000003
endloop
endfacet
facet normal 0.9950371902099902 0.09950371902098973 0
outer loop
vertex 6376.1100000000015 5939.050000000001 999.9600000000003
vertex 6380.010000000001 5900.050000000001 1399.9700000000003
vertex 6380.010000000001 5900.050000000001 999.9600000000003
endloop
endfacet
facet normal 0.9572756411177855 0.28917701658764744 0
outer loop
vertex 6364.800000000002 5976.490000000002 999.9600000000003
vertex 6364.800000000002 5976.490000000002 1399.9700000000003
vertex 6376.1100000000015 5939.050000000001 1399.9700000000003
endloop
endfacet
facet normal 0.9572756411177855 0.28917701658764744 0
outer loop
vertex 6364.800000000002 5976.490000000002 999.9600000000003
vertex 6376.1100000000015 5939.050000000001 1399.9700000000003
vertex 6376.1100000000015 5939.050000000001 999.9600000000003
endloop
endfacet
facet normal 0.882169265666405 0.470932465130188 0
outer loop
vertex 6346.340000000002 6011.0700000000015 999.9600000000003
vertex 6346.340000000002 6011.0700000000015 1399.9700000000003
vertex 6364.800000000002 5976.490000000002 1399.9700000000003
endloop
endfacet
facet normal 0.882169265666405 0.470932465130188 0
outer loop
vertex 6346.340000000002 6011.0700000000015 999.9600000000003
vertex 6364.800000000002 5976.490000000002 1399.9700000000003
vertex 6364.800000000002 5976.490000000002 999.9600000000003
endloop
endfacet
facet normal 0.7717389817980425 0.6359394184773585 0
outer loop
vertex 6321.380000000002 6041.3600000000015 999.9600000000003
vertex 6321.380000000002 6041.3600000000015 1399.9700000000003
vertex 6346.340000000002 6011.0700000000015 1399.9700000000003
endloop
endfacet
facet normal 0.7717389817980425 0.6359394184773585 0
outer loop
vertex 6321.380000000002 6041.3600000000015 999.9600000000003
vertex 6346.340000000002 6011.0700000000015 1399.9700000000003
vertex 6346.340000000002 6011.0700000000015 999.9600000000003
endloop
endfacet
facet normal 0.6359394184773585 0.7717389817980425 0
outer loop
vertex 6291.090000000002 6066.3200000000015 999.9600000000003
vertex 6291.090000000002 6066.3200000000015 1399.9700000000003
vertex 6321.380000000002 6041.3600000000015 1399.9700000000003
endloop
endfacet
facet normal 0.6359394184773585 0.7717389817980425 0
outer loop
vertex 6291.090000000002 6066.3200000000015 999.9600000000003
vertex 6321.380000000002 6041.3600000000015 1399.9700000000003
vertex 6321.380000000002 6041.3600000000015 999.9600000000003
endloop
endfacet
facet normal 0.4709324651301784 0.8821692656664102 0
outer loop
vertex 6256.510000000001 6084.780000000002 999.9600000000003
vertex 6256.510000000001 6084.780000000002 1399.9700000000003
vertex 6291.090000000002 6066.3200000000015 1399.9700000000003
endloop
endfacet
facet normal 0.4709324651301784 0.8821692656664102 0
outer loop
vertex 6256.510000000001 6084.780000000002 999.9600000000003
vertex 6291.090000000002 6066.3200000000015 1399.9700000000003
vertex 6291.090000000002 6066.3200000000015 999.9600000000003
endloop
endfacet
facet normal 0.2922185355990138 0.956351571051341 0
outer loop
vertex 6219.0700000000015 6096.220000000001 999.9600000000003
vertex 6219.0700000000015 6096.220000000001 1399.9700000000003
vertex 6256.510000000001 6084.780000000002 1399.9700000000003
endloop
endfacet
facet normal 0.2922185355990138 0.956351571051341 0
outer loop
vertex 6219.0700000000015 6096.220000000001 999.9600000000003
vertex 6256.510000000001 6084.780000000002 1399.9700000000003
vertex 6256.510000000001 6084.780000000002 999.9600000000003
endloop
endfacet
facet normal 0.09590144252249932 0.995390834457553 0
outer loop
vertex 6179.940000000001 6099.990000000002 999.9600000000003
vertex 6179.940000000001 6099.990000000002 1399.9700000000003
vertex 6219.0700000000015 6096.220000000001 1399.9700000000003
endloop
endfacet
facet normal 0.09590144252249932 0.995390834457553 0
outer loop
vertex 6179.940000000001 6099.990000000002 999.9600000000003
vertex 6219.0700000000015 6096.220000000001 1399.9700000000003
vertex 6219.0700000000015 6096.220000000001 999.9600000000003
endloop
endfacet
facet normal -0.09621815937084052 0.9953602693534074 0
outer loop
vertex 6140.940000000001 6096.220000000001 999.9600000000003
vertex 6140.940000000001 6096.220000000001 1399.9700000000003
vertex 6179.940000000001 6099.990000000002 1399.9700000000003
endloop
endfacet
facet normal -0.09621815937084052 0.9953602693534074 0
outer loop
vertex 6140.940000000001 6096.220000000001 999.9600000000003
vertex 6179.940000000001 6099.990000000002 1399.9700000000003
vertex 6179.940000000001 6099.990000000002 999.9600000000003
endloop
endfacet
facet normal -0.2922185355990138 0.956351571051341 0
outer loop
vertex 6103.500000000002 6084.780000000002 999.9600000000003
vertex 6103.500000000002 6084.780000000002 1399.9700000000003
vertex 6140.940000000001 6096.220000000001 1399.9700000000003
endloop
endfacet
facet normal -0.2922185355990138 0.956351571051341 0
outer loop
vertex 6103.500000000002 6084.780000000002 999.9600000000003
vertex 6140.940000000001 6096.220000000001 1399.9700000000003
vertex 6140.940000000001 6096.220000000001 999.9600000000003
endloop
endfacet
facet normal -0.470932465130188 0.882169265666405 0
outer loop
vertex 6068.920000000002 6066.3200000000015 999.9600000000003
vertex 6068.920000000002 6066.3200000000015 1399.9700000000003
vertex 6103.500000000002 6084.780000000002 1399.9700000000003
endloop
endfacet
facet normal -0.470932465130188 0.882169265666405 0
outer loop
vertex 6068.920000000002 6066.3200000000015 999.9600000000003
vertex 6103.500000000002 6084.780000000002 1399.9700000000003
vertex 6103.500000000002 6084.780000000002 999.9600000000003
endloop
endfacet
facet normal -0.6359394184773585 0.7717389817980425 0
outer loop
vertex 6038.630000000002 6041.3600000000015 999.9600000000003
vertex 6038.630000000002 6041.3600000000015 1399.9700000000003
vertex 6068.920000000002 6066.3200000000015 1399.9700000000003
endloop
endfacet
facet normal -0.6359394184773585 0.7717389817980425 0
outer loop
vertex 6038.630000000002 6041.3600000000015 999.9600000000003
vertex 6068.920000000002 6066.3200000000015 1399.9700000000003
vertex 6068.920000000002 6066.3200000000015 999.9600000000003
endloop
endfacet
facet normal -0.7717389817980425 0.6359394184773585 0
outer loop
vertex 6013.670000000002 6011.0700000000015 999.9600000000003
vertex 6013.670000000002 6011.0700000000015 1399.9700000000003
vertex 6038.630000000002 6041.3600000000015 1399.9700000000003
endloop
endfacet
facet normal -0.7717389817980425 0.6359394184773585 0
outer loop
vertex 6013.670000000002 6011.0700000000015 999.9600000000003
vertex 6038.630000000002 6041.3600000000015 1399.9700000000003
vertex 6038.630000000002 6041.3600000000015 999.9600000000003
endloop
endfacet
facet normal -0.882169265666405 0.470932465130188 0
outer loop
vertex 5995.210000000002 5976.490000000002 999.9600000000003
vertex 5995.210000000002 5976.490000000002 1399.9700000000003
vertex 6013.670000000002 6011.0700000000015 1399.9700000000003
endloop
endfacet
facet normal -0.882169265666405 0.470932465130188 0
outer loop
vertex 5995.210000000002 5976.490000000002 999.9600000000003
vertex 6013.670000000002 6011.0700000000015 1399.9700000000003
vertex 6013.670000000002 6011.0700000000015 999.9600000000003
endloop
endfacet
facet normal -0.9572756411177793 0.28917701658766876 0
outer loop
vertex 5983.9000000000015 5939.050000000001 999.9600000000003
vertex 5983.9000000000015 5939.050000000001 1399.9700000000003
vertex 5995.210000000002 5976.490000000002 1399.9700000000003
endloop
endfacet
facet normal -0.9572756411177793 0.28917701658766876 0
outer loop
vertex 5983.9000000000015 5939.050000000001 999.9600000000003
vertex 5995.210000000002 5976.490000000002 1399.9700000000003
vertex 5995.210000000002 5976.490000000002 999.9600000000003
endloop
endfacet
facet normal -0.9950371902099902 0.09950371902098973 0
outer loop
vertex 5980.000000000002 5900.050000000001 999.9600000000003
vertex 5980.000000000002 5900.050000000001 1399.9700000000003
vertex 5983.9000000000015 5939.050000000001 1399.9700000000003
endloop
endfacet
facet normal -0.9950371902099902 0.09950371902098973 0
outer loop
vertex 5980.000000000002 5900.050000000001 999.9600000000003
vertex 5983.9000000000015 5939.050000000001 1399.9700000000003
vertex 5983.9000000000015 5939.050000000001 999.9600000000003
endloop
endfacet
facet normal -0.9950698678600618 -0.09917639879003216 0
outer loop
vertex 5983.9000000000015 5860.920000000002 999.9600000000003
vertex 5983.9000000000015 5860.920000000002 1399.9700000000003
vertex 5980.000000000002 5900.050000000001 1399.9700000000003
endloop
endfacet
facet normal -0.9950698678600618 -0.09917639879003216 0
outer loop
vertex 5983.9000000000015 5860.920000000002 999.9600000000003
vertex 5980.000000000002 5900.050000000001 1399.9700000000003
vertex 5980.000000000002 5900.050000000001 999.9600000000003
endloop
endfacet
facet normal -0.9572756411177793 -0.28917701658766876 0
outer loop
vertex 5995.210000000002 5823.480000000001 999.9600000000003
vertex 5995.210000000002 5823.480000000001 1399.9700000000003
vertex 5983.9000000000015 5860.920000000002 1399.9700000000003
endloop
endfacet
facet normal -0.9572756411177793 -0.28917701658766876 0
outer loop
vertex 5995.210000000002 5823.480000000001 999.9600000000003
vertex 5983.9000000000015 5860.920000000002 1399.9700000000003
vertex 5983.9000000000015 5860.920000000002 999.9600000000003
endloop
endfacet
facet normal -0.882169265666405 -0.470932465130188 0
outer loop
vertex 6013.670000000002 5788.9000000000015 999.9600000000003
vertex 6013.670000000002 5788.9000000000015 1399.9700000000003
vertex 5995.210000000002 5823.480000000001 1399.9700000000003
endloop
endfacet
facet normal -0.882169265666405 -0.470932465130188 0
outer loop
vertex 6013.670000000002 5788.9000000000015 999.9600000000003
vertex 5995.210000000002 5823.480000000001 1399.9700000000003
vertex 5995.210000000002 5823.480000000001 999.9600000000003
endloop
endfacet
facet normal -0.7717389817980425 -0.6359394184773585 0
outer loop
vertex 6038.630000000002 5758.6100000000015 999.9600000000003
vertex 6038.630000000002 5758.6100000000015 1399.9700000000003
vertex 6013.670000000002 5788.9000000000015 1399.9700000000003
endloop
endfacet
facet normal -0.7717389817980425 -0.6359394184773585 0
outer loop
vertex 6038.630000000002 5758.6100000000015 999.9600000000003
vertex 6013.670000000002 5788.9000000000015 1399.9700000000003
vertex 6013.670000000002 5788.9000000000015 999.9600000000003
endloop
endfacet
facet normal -0.6359394184773585 -0.7717389817980425 0
outer loop
vertex 6068.920000000002 5733.6500000000015 999.9600000000003
vertex 6068.920000000002 5733.6500000000015 1399.9700000000003
vertex 6038.630000000002 5758.6100000000015 1399.9700000000003
endloop
endfacet
facet normal -0.6359394184773585 -0.7717389817980425 0
outer loop
vertex 6068.920000000002 5733.6500000000015 999.9600000000003
vertex 6038.630000000002 5758.6100000000015 1399.9700000000003
vertex 6038.630000000002 5758.6100000000015 999.9600000000003
endloop
endfacet
facet normal -0.470932465130188 -0.882169265666405 0
outer loop
vertex 6103.500000000002 5715.190000000001 999.9600000000003
vertex 6103.500000000002 5715.190000000001 1399.9700000000003
vertex 6068.920000000002 5733.6500000000015 1399.9700000000003
endloop
endfacet
facet normal -0.470932465130188 -0.882169265666405 0
outer loop
vertex 6103.500000000002 5715.190000000001 999.9600000000003
vertex 6068.920000000002 5733.6500000000015 1399.9700000000003
vertex 6068.920000000002 5733.6500000000015 999.9600000000003
endloop
endfacet
facet normal -0.2891770165876752 -0.9572756411177773 0
outer loop
vertex 6140.940000000001 5703.880000000001 999.9600000000003
vertex 6140.940000000001 5703.880000000001 1399.9700000000003
vertex 6103.500000000002 5715.190000000001 1399.9700000000003
endloop
endfacet
facet normal -0.2891770165876752 -0.9572756411177773 0
outer loop
vertex 6140.940000000001 5703.880000000001 999.9600000000003
vertex 6103.500000000002 5715.190000000001 1399.9700000000003
vertex 6103.500000000002 5715.190000000001 999.9600000000003
endloop
endfacet
facet normal -0.09950371902098973 -0.9950371902099902 0
outer loop
vertex 6179.940000000001 5699.980000000001 999.9600000000003
vertex 6179.940000000001 5699.980000000001 1399.9700000000003
vertex 6140.940000000001 5703.880000000001 1399.9700000000003
endloop
endfacet
facet normal -0.09950371902098973 -0.9950371902099902 0
outer loop
vertex 6179.940000000001 5699.980000000001 999.9600000000003
vertex 6140.940000000001 5703.880000000001 1399.9700000000003
vertex 6140.940000000001 5703.880000000001 999.9600000000003
endloop
endfacet
facet normal 0.09917639879002987 -0.9950698678600619 0
outer loop
vertex 6219.0700000000015 5703.880000000001 999.9600000000003
vertex 6219.0700000000015 5703.880000000001 1399.9700000000003
vertex 6179.940000000001 5699.980000000001 1399.9700000000003
endloop
endfacet
facet normal 0.09917639879002987 -0.9950698678600619 0
outer loop
vertex 6219.0700000000015 5703.880000000001 999.9600000000003
vertex 6179.940000000001 5699.980000000001 1399.9700000000003
vertex 6179.940000000001 5699.980000000001 999.9600000000003
endloop
endfacet
facet normal 0.2891770165876752 -0.9572756411177773 0
outer loop
vertex 6256.510000000001 5715.190000000001 999.9600000000003
vertex 6256.510000000001 5715.190000000001 1399.9700000000003
vertex 6219.0700000000015 5703.880000000001 1399.9700000000003
endloop
endfacet
facet normal 0.2891770165876752 -0.9572756411177773 0
outer loop
vertex 6256.510000000001 5715.190000000001 999.9600000000003
vertex 6219.0700000000015 5703.880000000001 1399.9700000000003
vertex 6219.0700000000015 5703.880000000001 999.9600000000003
endloop
endfacet
facet normal 0.4709324651301784 -0.8821692656664102 0
outer loop
vertex 6291.090000000002 5733.6500000000015 999.9600000000003
vertex 6291.090000000002 5733.6500000000015 1399.9700000000003
vertex 6256.510000000001 5715.190000000001 1399.9700000000003
endloop
endfacet
facet normal 0.4709324651301784 -0.8821692656664102 0
outer loop
vertex 6291.090000000002 5733.6500000000015 999.9600000000003
vertex 6256.510000000001 5715.190000000001 1399.9700000000003
vertex 6256.510000000001 5715.190000000001 999.9600000000003
endloop
endfacet
facet normal 0.6359394184773585 -0.7717389817980425 0
outer loop
vertex 6321.380000000002 5758.6100000000015 999.9600000000003
vertex 6321.380000000002 5758.6100000000015 1399.9700000000003
vertex 6291.090000000002 5733.6500000000015 1399.9700000000003
endloop
endfacet
facet normal 0.6359394184773585 -0.7717389817980425 0
outer loop
vertex 6321.380000000002 5758.6100000000015 999.9600000000003
vertex 6291.090000000002 5733.6500000000015 1399.9700000000003
vertex 6291.090000000002 5733.6500000000015 999.9600000000003
endloop
endfacet
facet normal 0.7717389817980425 -0.6359394184773585 0
outer loop
vertex 6346.340000000002 5788.9000000000015 999.9600000000003
vertex 6346.340000000002 5788.9000000000015 1399.9700000000003
vertex 6321.380000000002 5758.6100000000015 1399.9700000000003
endloop
endfacet
facet normal 0.7717389817980425 -0.6359394184773585 0
outer loop
vertex 6346.340000000002 5788.9000000000015 999.9600000000003
vertex 6321.380000000002 5758.6100000000015 1399.9700000000003
vertex 6321.380000000002 5758.6100000000015 999.9600000000003
endloop
endfacet
facet normal 0.882169265666405 -0.470932465130188 0
outer loop
vertex 6364.800000000002 5823.480000000001 999.9600000000003
vertex 6364.800000000002 5823.480000000001 1399.9700000000003
vertex 6346.340000000002 5788.9000000000015 1399.9700000000003
endloop
endfacet
facet normal 0.882169265666405 -0.470932465130188 0
outer loop
vertex 6364.800000000002 5823.480000000001 999.9600000000003
vertex 6346.340000000002 5788.9000000000015 1399.9700000000003
vertex 6346.340000000002 5788.9000000000015 999.9600000000003
endloop
endfacet
facet normal 0.9572756411177855 -0.28917701658764744 0
outer loop
vertex 6376.1100000000015 5860.920000000002 999.9600000000003
vertex 6376.1100000000015 5860.920000000002 1399.9700000000003
vertex 6364.800000000002 5823.480000000001 1399.9700000000003
endloop
endfacet
facet normal 0.9572756411177855 -0.28917701658764744 0
outer loop
vertex 6376.1100000000015 5860.920000000002 999.9600000000003
vertex 6364.800000000002 5823.480000000001 1399.9700000000003
vertex 6364.800000000002 5823.480000000001 999.9600000000003
endloop
endfacet
facet normal 0.9950698678600618 -0.09917639879003216 0
outer loop
vertex 6380.010000000001 5900.050000000001 999.9600000000003
vertex 6380.010000000001 5900.050000000001 1399.9700000000003
vertex 6376.1100000000015 5860.920000000002 1399.9700000000003
endloop
endfacet
facet normal 0.9950698678600618 -0.09917639879003216 0
outer loop
vertex 6380.010000000001 5900.050000000001 999.9600000000003
vertex 6376.1100000000015 5860.920000000002 1399.9700000000003
vertex 6376.1100000000015 5860.920000000002 999.9600000000003
endloop
endfacet
facet normal 0.9950371902099902 0.09950371902098973 0
outer loop
vertex 6376.1100000000015 5039.060000000001 999.9600000000003
vertex 6376.1100000000015 5039.060000000001 1399.9700000000003
vertex 6380.010000000001 5000.060000000001 1399.9700000000003
endloop
endfacet
facet normal 0.9950371902099902 0.09950371902098973 0
outer loop
vertex 6376.1100000000015 5039.060000000001 999.9600000000003
vertex 6380.010000000001 5000.060000000001 1399.9700000000003
vertex 6380.010000000001 5000.060000000001 999.9600000000003
endloop
endfacet
facet normal 0.9572756411177838 0.28917701658765393 0
outer loop
vertex 6364.800000000002 5076.500000000001 999.9600000000003
vertex 6364.800000000002 5076.500000000001 1399.9700000000003
vertex 6376.1100000000015 5039.060000000001 1399.9700000000003
endloop
endfacet
facet normal 0.9572756411177838 0.28917701658765393 0
outer loop
vertex 6364.800000000002 5076.500000000001 999.9600000000003
vertex 6376.1100000000015 5039.060000000001 1399.9700000000003
vertex 6376.1100000000015 5039.060000000001 999.9600000000003
endloop
endfacet
facet normal 0.882169265666405 0.470932465130188 0
outer loop
vertex 6346.340000000002 5111.080000000001 999.9600000000003
vertex 6346.340000000002 5111.080000000001 1399.9700000000003
vertex 6364.800000000002 5076.500000000001 1399.9700000000003
endloop
endfacet
facet normal 0.882169265666405 0.470932465130188 0
outer loop
vertex 6346.340000000002 5111.080000000001 999.9600000000003
vertex 6364.800000000002 5076.500000000001 1399.9700000000003
vertex 6364.800000000002 5076.500000000001 999.9600000000003
endloop
endfacet
facet normal 0.7717389817980518 0.6359394184773471 0
outer loop
vertex 6321.380000000002 5141.370000000002 999.9600000000003
vertex 6321.380000000002 5141.370000000002 1399.9700000000003
vertex 6346.340000000002 5111.080000000001 1399.9700000000003
endloop
endfacet
facet normal 0.7717389817980518 0.6359394184773471 0
outer loop
vertex 6321.380000000002 5141.370000000002 999.9600000000003
vertex 6346.340000000002 5111.080000000001 1399.9700000000003
vertex 6346.340000000002 5111.080000000001 999.9600000000003
endloop
endfacet
facet normal 0.6359394184773446 0.7717389817980538 0
outer loop
vertex 6291.090000000002 5166.330000000001 999.9600000000003
vertex 6291.090000000002 5166.330000000001 1399.9700000000003
vertex 6321.380000000002 5141.370000000002 1399.9700000000003
endloop
endfacet
facet normal 0.6359394184773446 0.7717389817980538 0
outer loop
vertex 6291.090000000002 5166.330000000001 999.9600000000003
vertex 6321.380000000002 5141.370000000002 1399.9700000000003
vertex 6321.380000000002 5141.370000000002 999.9600000000003
endloop
endfacet
facet normal 0.4709324651301784 0.8821692656664102 0
outer loop
vertex 6256.510000000001 5184.790000000001 999.9600000000003
vertex 6256.510000000001 5184.790000000001 1399.9700000000003
vertex 6291.090000000002 5166.330000000001 1399.9700000000003
endloop
endfacet
facet normal 0.4709324651301784 0.8821692656664102 0
outer loop
vertex 6256.510000000001 5184.790000000001 999.9600000000003
vertex 6291.090000000002 5166.330000000001 1399.9700000000003
vertex 6291.090000000002 5166.330000000001 999.9600000000003
endloop
endfacet
facet normal 0.2891770165876752 0.9572756411177773 0
outer loop
vertex 6219.0700000000015 5196.100000000001 999.9600000000003
vertex 6219.0700000000015 5196.100000000001 1399.9700000000003
vertex 6256.510000000001 5184.790000000001 1399.9700000000003
endloop
endfacet
facet normal 0.2891770165876752 0.9572756411177773 0
outer loop
vertex 6219.0700000000015 5196.100000000001 999.9600000000003
vertex 6256.510000000001 5184.790000000001 1399.9700000000003
vertex 6256.510000000001 5184.790000000001 999.9600000000003
endloop
endfacet
facet normal 0.09917639879002987 0.9950698678600619 0
outer loop
vertex 6179.940000000001 5200.000000000001 999.9600000000003
vertex 6179.940000000001 5200.000000000001 1399.9700000000003
vertex 6219.0700000000015 5196.100000000001 1399.9700000000003
endloop
endfacet
facet normal 0.09917639879002987 0.9950698678600619 0
outer loop
vertex 6179.940000000001 5200.000000000001 999.9600000000003
vertex 6219.0700000000015 5196.100000000001 1399.9700000000003
vertex 6219.0700000000015 5196.100000000001 999.9600000000003
endloop
endfacet
facet normal -0.09950371902098973 0.9950371902099902 0
outer loop
vertex 6140.940000000001 5196.100000000001 999.9600000000003
vertex 6140.940000000001 5196.100000000001 1399.9700000000003
vertex 6179.940000000001 5200.000000000001 1399.9700000000003
endloop
endfacet
facet normal -0.09950371902098973 0.9950371902099902 0
outer loop
vertex 6140.940000000001 5196.100000000001 999.9600000000003
vertex 6179.940000000001 5200.000000000001 1399.9700000000003
vertex 6179.940000000001 5200.000000000001 999.9600000000003
endloop
endfacet
facet normal -0.2891770165876752 0.9572756411177773 0
outer loop
vertex 6103.500000000002 5184.790000000001 999.9600000000003
vertex 6103.500000000002 5184.790000000001 1399.9700000000003
vertex 6140.940000000001 5196.100000000001 1399.9700000000003
endloop
endfacet
facet normal -0.2891770165876752 0.9572756411177773 0
outer loop
vertex 6103.500000000002 5184.790000000001 999.9600000000003
vertex 6140.940000000001 5196.100000000001 1399.9700000000003
vertex 6140.940000000001 5196.100000000001 999.9600000000003
endloop
endfacet
facet normal -0.470932465130188 0.882169265666405 0
outer loop
vertex 6068.920000000002 5166.330000000001 999.9600000000003
vertex 6068.920000000002 5166.330000000001 1399.9700000000003
vertex 6103.500000000002 5184.790000000001 1399.9700000000003
endloop
endfacet
facet normal -0.470932465130188 0.882169265666405 0
outer loop
vertex 6068.920000000002 5166.330000000001 999.9600000000003
vertex 6103.500000000002 5184.790000000001 1399.9700000000003
vertex 6103.500000000002 5184.790000000001 999.9600000000003
endloop
endfacet
facet normal -0.6359394184773446 0.7717389817980538 0
outer loop
vertex 6038.630000000002 5141.370000000002 999.9600000000003
vertex 6038.630000000002 5141.370000000002 1399.9700000000003
vertex 6068.920000000002 5166.330000000001 1399.9700000000003
endloop
endfacet
facet normal -0.6359394184773446 0.7717389817980538 0
outer loop
vertex 6038.630000000002 5141.370000000002 999.9600000000003
vertex 6068.920000000002 5166.330000000001 1399.9700000000003
vertex 6068.920000000002 5166.330000000001 999.9600000000003
endloop
endfacet
facet normal -0.7717389817980518 0.6359394184773471 0
outer loop
vertex 6013.670000000002 5111.080000000001 999.9600000000003
vertex 6013.670000000002 5111.080000000001 1399.9700000000003
vertex 6038.630000000002 5141.370000000002 1399.9700000000003
endloop
endfacet
facet normal -0.7717389817980518 0.6359394184773471 0
outer loop
vertex 6013.670000000002 5111.080000000001 999.9600000000003
vertex 6038.630000000002 5141.370000000002 1399.9700000000003
vertex 6038.630000000002 5141.370000000002 999.9600000000003
endloop
endfacet
facet normal -0.882169265666405 0.470932465130188 0
outer loop
vertex 5995.210000000002 5076.500000000001 999.9600000000003
vertex 5995.210000000002 5076.500000000001 1399.9700000000003
vertex 6013.670000000002 5111.080000000001 1399.9700000000003
endloop
endfacet
facet normal -0.882169265666405 0.470932465130188 0
outer loop
vertex 5995.210000000002 5076.500000000001 999.9600000000003
vertex 6013.670000000002 5111.080000000001 1399.9700000000003
vertex 6013.670000000002 5111.080000000001 999.9600000000003
endloop
endfacet
facet normal -0.9572756411177773 0.2891770165876752 0
outer loop
vertex 5983.9000000000015 5039.060000000001 999.9600000000003
vertex 5983.9000000000015 5039.060000000001 1399.9700000000003
vertex 5995.210000000002 5076.500000000001 1399.9700000000003
endloop
endfacet
facet normal -0.9572756411177773 0.2891770165876752 0
outer loop
vertex 5983.9000000000015 5039.060000000001 999.9600000000003
vertex 5995.210000000002 5076.500000000001 1399.9700000000003
vertex 5995.210000000002 5076.500000000001 999.9600000000003
endloop
endfacet
facet normal -0.9950371902099902 0.09950371902098973 0
outer loop
vertex 5980.000000000002 5000.060000000001 999.9600000000003
vertex 5980.000000000002 5000.060000000001 1399.9700000000003
vertex 5983.9000000000015 5039.060000000001 1399.9700000000003
endloop
endfacet
facet normal -0.9950371902099902 0.09950371902098973 0
outer loop
vertex 5980.000000000002 5000.060000000001 999.9600000000003
vertex 5983.9000000000015 5039.060000000001 1399.9700000000003
vertex 5983.9000000000015 5039.060000000001 999.9600000000003
endloop
endfacet
facet normal -0.9950698678600619 -0.09917639879002987 0
outer loop
vertex 5983.9000000000015 4960.930000000001 999.9600000000003
vertex 5983.9000000000015 4960.930000000001 1399.9700000000003
vertex 5980.000000000002 5000.060000000001 1399.9700000000003
endloop
endfacet
facet normal -0.9950698678600619 -0.09917639879002987 0
outer loop
vertex 5983.9000000000015 4960.930000000001 999.9600000000003
vertex 5980.000000000002 5000.060000000001 1399.9700000000003
vertex 5980.000000000002 5000.060000000001 999.9600000000003
endloop
endfacet
facet normal -0.9572756411177773 -0.2891770165876752 0
outer loop
vertex 5995.210000000002 4923.490000000002 999.9600000000003
vertex 5995.210000000002 4923.490000000002 1399.9700000000003
vertex 5983.9000000000015 4960.930000000001 1399.9700000000003
endloop
endfacet
facet normal -0.9572756411177773 -0.2891770165876752 0
outer loop
vertex 5995.210000000002 4923.490000000002 999.9600000000003
vertex 5983.9000000000015 4960.930000000001 1399.9700000000003
vertex 5983.9000000000015 4960.930000000001 999.9600000000003
endloop
endfacet
facet normal -0.8821692656664102 -0.4709324651301784 0
outer loop
vertex 6013.670000000002 4888.910000000001 999.9600000000003
vertex 6013.670000000002 4888.910000000001 1399.9700000000003
vertex 5995.210000000002 4923.490000000002 1399.9700000000003
endloop
endfacet
facet normal -0.8821692656664102 -0.4709324651301784 0
outer loop
vertex 6013.670000000002 4888.910000000001 999.9600000000003
vertex 5995.210000000002 4923.490000000002 1399.9700000000003
vertex 5995.210000000002 4923.490000000002 999.9600000000003
endloop
endfacet
facet normal -0.7717389817980425 -0.6359394184773585 0
outer loop
vertex 6038.630000000002 4858.620000000001 999.9600000000003
vertex 6038.630000000002 4858.620000000001 1399.9700000000003
vertex 6013.670000000002 4888.910000000001 1399.9700000000003
endloop
endfacet
facet normal -0.7717389817980425 -0.6359394184773585 0
outer loop
vertex 6038.630000000002 4858.620000000001 999.9600000000003
vertex 6013.670000000002 4888.910000000001 1399.9700000000003
vertex 6013.670000000002 4888.910000000001 999.9600000000003
endloop
endfacet
facet normal -0.6359394184773585 -0.7717389817980425 0
outer loop
vertex 6068.920000000002 4833.660000000001 999.9600000000003
vertex 6068.920000000002 4833.660000000001 1399.9700000000003
vertex 6038.630000000002 4858.620000000001 1399.9700000000003
endloop
endfacet
facet normal -0.6359394184773585 -0.7717389817980425 0
outer loop
vertex 6068.920000000002 4833.660000000001 999.9600000000003
vertex 6038.630000000002 4858.620000000001 1399.9700000000003
vertex 6038.630000000002 4858.620000000001 999.9600000000003
endloop
endfacet
facet normal -0.47093246513017 -0.8821692656664147 0
outer loop
vertex 6103.500000000002 4815.200000000002 999.9600000000003
vertex 6103.500000000002 4815.200000000002 1399.9700000000003
vertex 6068.920000000002 4833.660000000001 1399.9700000000003
endloop
endfacet
facet normal -0.47093246513017 -0.8821692656664147 0
outer loop
vertex 6103.500000000002 4815.200000000002 999.9600000000003
vertex 6068.920000000002 4833.660000000001 1399.9700000000003
vertex 6068.920000000002 4833.660000000001 999.9600000000003
endloop
endfacet
facet normal -0.2891770165876752 -0.9572756411177773 0
outer loop
vertex 6140.940000000001 4803.890000000001 999.9600000000003
vertex 6140.940000000001 4803.890000000001 1399.9700000000003
vertex 6103.500000000002 4815.200000000002 1399.9700000000003
endloop
endfacet
facet normal -0.2891770165876752 -0.9572756411177773 0
outer loop
vertex 6140.940000000001 4803.890000000001 999.9600000000003
vertex 6103.500000000002 4815.200000000002 1399.9700000000003
vertex 6103.500000000002 4815.200000000002 999.9600000000003
endloop
endfacet
facet normal -0.09950371902098973 -0.9950371902099902 0
outer loop
vertex 6179.940000000001 4799.990000000002 999.9600000000003
vertex 6179.940000000001 4799.990000000002 1399.9700000000003
vertex 6140.940000000001 4803.890000000001 1399.9700000000003
endloop
endfacet
facet normal -0.09950371902098973 -0.9950371902099902 0
outer loop
vertex 6179.940000000001 4799.990000000002 999.9600000000003
vertex 6140.940000000001 4803.890000000001 1399.9700000000003
vertex 6140.940000000001 4803.890000000001 999.9600000000003
endloop
endfacet
facet normal 0.09917639879002987 -0.9950698678600619 0
outer loop
vertex 6219.0700000000015 4803.890000000001 999.9600000000003
vertex 6219.0700000000015 4803.890000000001 1399.9700000000003
vertex 6179.940000000001 4799.990000000002 1399.9700000000003
endloop
endfacet
facet normal 0.09917639879002987 -0.9950698678600619 0
outer loop
vertex 6219.0700000000015 4803.890000000001 999.9600000000003
vertex 6179.940000000001 4799.990000000002 1399.9700000000003
vertex 6179.940000000001 4799.990000000002 999.9600000000003
endloop
endfacet
facet normal 0.2891770165876752 -0.9572756411177773 0
outer loop
vertex 6256.510000000001 4815.200000000002 999.9600000000003
vertex 6256.510000000001 4815.200000000002 1399.9700000000003
vertex 6219.0700000000015 4803.890000000001 1399.9700000000003
endloop
endfacet
facet normal 0.2891770165876752 -0.9572756411177773 0
outer loop
vertex 6256.510000000001 4815.200000000002 999.9600000000003
vertex 6219.0700000000015 4803.890000000001 1399.9700000000003
vertex 6219.0700000000015 4803.890000000001 999.9600000000003
endloop
endfacet
facet normal 0.4709324651301603 -0.8821692656664197 0
outer loop
vertex 6291.090000000002 4833.660000000001 999.9600000000003
vertex 6291.090000000002 4833.660000000001 1399.9700000000003
vertex 6256.510000000001 4815.200000000002 1399.9700000000003
endloop
endfacet
facet normal 0.4709324651301603 -0.8821692656664197 0
outer loop
vertex 6291.090000000002 4833.660000000001 999.9600000000003
vertex 6256.510000000001 4815.200000000002 1399.9700000000003
vertex 6256.510000000001 4815.200000000002 999.9600000000003
endloop
endfacet
facet normal 0.6359394184773585 -0.7717389817980425 0
outer loop
vertex 6321.380000000002 4858.620000000001 999.9600000000003
vertex 6321.380000000002 4858.620000000001 1399.9700000000003
vertex 6291.090000000002 4833.660000000001 1399.9700000000003
endloop
endfacet
facet normal 0.6359394184773585 -0.7717389817980425 0
outer loop
vertex 6321.380000000002 4858.620000000001 999.9600000000003
vertex 6291.090000000002 4833.660000000001 1399.9700000000003
vertex 6291.090000000002 4833.660000000001 999.9600000000003
endloop
endfacet
facet normal 0.7717389817980425 -0.6359394184773585 0
outer loop
vertex 6346.340000000002 4888.910000000001 999.9600000000003
vertex 6346.340000000002 4888.910000000001 1399.9700000000003
vertex 6321.380000000002 4858.620000000001 1399.9700000000003
endloop
endfacet
facet normal 0.7717389817980425 -0.6359394184773585 0
outer loop
vertex 6346.340000000002 4888.910000000001 999.9600000000003
vertex 6321.380000000002 4858.620000000001 1399.9700000000003
vertex 6321.380000000002 4858.620000000001 999.9600000000003
endloop
endfacet
facet normal 0.8821692656664102 -0.4709324651301784 0
outer loop
vertex 6364.800000000002 4923.490000000002 999.9600000000003
vertex 6364.800000000002 4923.490000000002 1399.9700000000003
vertex 6346.340000000002 4888.910000000001 1399.9700000000003
endloop
endfacet
facet normal 0.8821692656664102 -0.4709324651301784 0
outer loop
vertex 6364.800000000002 4923.490000000002 999.9600000000003
vertex 6346.340000000002 4888.910000000001 1399.9700000000003
vertex 6346.340000000002 4888.910000000001 999.9600000000003
endloop
endfacet
facet normal 0.9572756411177838 -0.28917701658765393 0
outer loop
vertex 6376.1100000000015 4960.930000000001 999.9600000000003
vertex 6376.1100000000015 4960.930000000001 1399.9700000000003
vertex 6364.800000000002 4923.490000000002 1399.9700000000003
endloop
endfacet
facet normal 0.9572756411177838 -0.28917701658765393 0
outer loop
vertex 6376.1100000000015 4960.930000000001 999.9600000000003
vertex 6364.800000000002 4923.490000000002 1399.9700000000003
vertex 6364.800000000002 4923.490000000002 999.9600000000003
endloop
endfacet
facet normal 0.9950698678600619 -0.09917639879002987 0
outer loop
vertex 6380.010000000001 5000.060000000001 999.9600000000003
vertex 6380.010000000001 5000.060000000001 1399.9700000000003
vertex 6376.1100000000015 4960.930000000001 1399.9700000000003
endloop
endfacet
facet normal 0.9950698678600619 -0.09917639879002987 0
outer loop
vertex 6380.010000000001 5000.060000000001 999.9600000000003
vertex 6376.1100000000015 4960.930000000001 1399.9700000000003
vertex 6376.1100000000015 4960.930000000001 999.9600000000003
endloop
endfacet
facet normal 0.9950698678600618 0.09917639879003216 0
outer loop
vertex 6376.1100000000015 4139.070000000001 999.9600000000003
vertex 6376.1100000000015 4139.070000000001 1399.9700000000003
vertex 6380.010000000001 4099.940000000001 1399.9700000000003
endloop
endfacet
facet normal 0.9950698678600618 0.09917639879003216 0
outer loop
vertex 6376.1100000000015 4139.070000000001 999.9600000000003
vertex 6380.010000000001 4099.940000000001 1399.9700000000003
vertex 6380.010000000001 4099.940000000001 999.9600000000003
endloop
endfacet
facet normal 0.9572756411177855 0.28917701658764744 0
outer loop
vertex 6364.800000000002 4176.510000000001 999.9600000000003
vertex 6364.800000000002 4176.510000000001 1399.9700000000003
vertex 6376.1100000000015 4139.070000000001 1399.9700000000003
endloop
endfacet
facet normal 0.9572756411177855 0.28917701658764744 0
outer loop
vertex 6364.800000000002 4176.510000000001 999.9600000000003
vertex 6376.1100000000015 4139.070000000001 1399.9700000000003
vertex 6376.1100000000015 4139.070000000001 999.9600000000003
endloop
endfacet
facet normal 0.882169265666405 0.470932465130188 0
outer loop
vertex 6346.340000000002 4211.090000000001 999.9600000000003
vertex 6346.340000000002 4211.090000000001 1399.9700000000003
vertex 6364.800000000002 4176.510000000001 1399.9700000000003
endloop
endfacet
facet normal 0.882169265666405 0.470932465130188 0
outer loop
vertex 6346.340000000002 4211.090000000001 999.9600000000003
vertex 6364.800000000002 4176.510000000001 1399.9700000000003
vertex 6364.800000000002 4176.510000000001 999.9600000000003
endloop
endfacet
facet normal 0.7717389817980425 0.6359394184773585 0
outer loop
vertex 6321.380000000002 4241.380000000001 999.9600000000003
vertex 6321.380000000002 4241.380000000001 1399.9700000000003
vertex 6346.340000000002 4211.090000000001 1399.9700000000003
endloop
endfacet
facet normal 0.7717389817980425 0.6359394184773585 0
outer loop
vertex 6321.380000000002 4241.380000000001 999.9600000000003
vertex 6346.340000000002 4211.090000000001 1399.9700000000003
vertex 6346.340000000002 4211.090000000001 999.9600000000003
endloop
endfacet
facet normal 0.6359394184773585 0.7717389817980425 0
outer loop
vertex 6291.090000000002 4266.340000000001 999.9600000000003
vertex 6291.090000000002 4266.340000000001 1399.9700000000003
vertex 6321.380000000002 4241.380000000001 1399.9700000000003
endloop
endfacet
facet normal 0.6359394184773585 0.7717389817980425 0
outer loop
vertex 6291.090000000002 4266.340000000001 999.9600000000003
vertex 6321.380000000002 4241.380000000001 1399.9700000000003
vertex 6321.380000000002 4241.380000000001 999.9600000000003
endloop
endfacet
facet normal 0.4709324651301784 0.8821692656664102 0
outer loop
vertex 6256.510000000001 4284.800000000001 999.9600000000003
vertex 6256.510000000001 4284.800000000001 1399.9700000000003
vertex 6291.090000000002 4266.340000000001 1399.9700000000003
endloop
endfacet
facet normal 0.4709324651301784 0.8821692656664102 0
outer loop
vertex 6256.510000000001 4284.800000000001 999.9600000000003
vertex 6291.090000000002 4266.340000000001 1399.9700000000003
vertex 6291.090000000002 4266.340000000001 999.9600000000003
endloop
endfacet
facet normal 0.2891770165876752 0.9572756411177773 0
outer loop
vertex 6219.0700000000015 4296.1100000000015 999.9600000000003
vertex 6219.0700000000015 4296.1100000000015 1399.9700000000003
vertex 6256.510000000001 4284.800000000001 1399.9700000000003
endloop
endfacet
facet normal 0.2891770165876752 0.9572756411177773 0
outer loop
vertex 6219.0700000000015 4296.1100000000015 999.9600000000003
vertex 6256.510000000001 4284.800000000001 1399.9700000000003
vertex 6256.510000000001 4284.800000000001 999.9600000000003
endloop
endfacet
facet normal 0.09917639879002987 0.9950698678600619 0
outer loop
vertex 6179.940000000001 4300.010000000001 999.9600000000003
vertex 6179.940000000001 4300.010000000001 1399.9700000000003
vertex 6219.0700000000015 4296.1100000000015 1399.9700000000003
endloop
endfacet
facet normal 0.09917639879002987 0.9950698678600619 0
outer loop
vertex 6179.940000000001 4300.010000000001 999.9600000000003
vertex 6219.0700000000015 4296.1100000000015 1399.9700000000003
vertex 6219.0700000000015 4296.1100000000015 999.9600000000003
endloop
endfacet
facet normal -0.09950371902098973 0.9950371902099902 0
outer loop
vertex 6140.940000000001 4296.1100000000015 999.9600000000003
vertex 6140.940000000001 4296.1100000000015 1399.9700000000003
vertex 6179.940000000001 4300.010000000001 1399.9700000000003
endloop
endfacet
facet normal -0.09950371902098973 0.9950371902099902 0
outer loop
vertex 6140.940000000001 4296.1100000000015 999.9600000000003
vertex 6179.940000000001 4300.010000000001 1399.9700000000003
vertex 6179.940000000001 4300.010000000001 999.9600000000003
endloop
endfacet
facet normal -0.2891770165876752 0.9572756411177773 0
outer loop
vertex 6103.500000000002 4284.800000000001 999.9600000000003
vertex 6103.500000000002 4284.800000000001 1399.9700000000003
vertex 6140.940000000001 4296.1100000000015 1399.9700000000003
endloop
endfacet
facet normal -0.2891770165876752 0.9572756411177773 0
outer loop
vertex 6103.500000000002 4284.800000000001 999.9600000000003
vertex 6140.940000000001 4296.1100000000015 1399.9700000000003
vertex 6140.940000000001 4296.1100000000015 999.9600000000003
endloop
endfacet
facet normal -0.470932465130188 0.882169265666405 0
outer loop
vertex 6068.920000000002 4266.340000000001 999.9600000000003
vertex 6068.920000000002 4266.340000000001 1399.9700000000003
vertex 6103.500000000002 4284.800000000001 1399.9700000000003
endloop
endfacet
facet normal -0.470932465130188 0.882169265666405 0
outer loop
vertex 6068.920000000002 4266.340000000001 999.9600000000003
vertex 6103.500000000002 4284.800000000001 1399.9700000000003
vertex 6103.500000000002 4284.800000000001 999.9600000000003
endloop
endfacet
facet normal -0.6359394184773585 0.7717389817980425 0
outer loop
vertex 6038.630000000002 4241.380000000001 999.9600000000003
vertex 6038.630000000002 4241.380000000001 1399.9700000000003
vertex 6068.920000000002 4266.340000000001 1399.9700000000003
endloop
endfacet
facet normal -0.6359394184773585 0.7717389817980425 0
outer loop
vertex 6038.630000000002 4241.380000000001 999.9600000000003
vertex 6068.920000000002 4266.340000000001 1399.9700000000003
vertex 6068.920000000002 4266.340000000001 999.9600000000003
endloop
endfacet
facet normal -0.7717389817980425 0.6359394184773585 0
outer loop
vertex 6013.670000000002 4211.090000000001 999.9600000000003
vertex 6013.670000000002 4211.090000000001 1399.9700000000003
vertex 6038.630000000002 4241.380000000001 1399.9700000000003
endloop
endfacet
facet normal -0.7717389817980425 0.6359394184773585 0
outer loop
vertex 6013.670000000002 4211.090000000001 999.9600000000003
vertex 6038.630000000002 4241.380000000001 1399.9700000000003
vertex 6038.630000000002 4241.380000000001 999.9600000000003
endloop
endfacet
facet normal -0.882169265666405 0.470932465130188 0
outer loop
vertex 5995.210000000002 4176.510000000001 999.9600000000003
vertex 5995.210000000002 4176.510000000001 1399.9700000000003
vertex 6013.670000000002 4211.090000000001 1399.9700000000003
endloop
endfacet
facet normal -0.882169265666405 0.470932465130188 0
outer loop
vertex 5995.210000000002 4176.510000000001 999.9600000000003
vertex 6013.670000000002 4211.090000000001 1399.9700000000003
vertex 6013.670000000002 4211.090000000001 999.9600000000003
endloop
endfacet
facet normal -0.9572756411177793 0.28917701658766876 0
outer loop
vertex 5983.9000000000015 4139.070000000001 999.9600000000003
vertex 5983.9000000000015 4139.070000000001 1399.9700000000003
vertex 5995.210000000002 4176.510000000001 1399.9700000000003
endloop
endfacet
facet normal -0.9572756411177793 0.28917701658766876 0
outer loop
vertex 5983.9000000000015 4139.070000000001 999.9600000000003
vertex 5995.210000000002 4176.510000000001 1399.9700000000003
vertex 5995.210000000002 4176.510000000001 999.9600000000003
endloop
endfacet
facet normal -0.9950698678600618 0.09917639879003216 0
outer loop
vertex 5980.000000000002 4099.940000000001 999.9600000000003
vertex 5980.000000000002 4099.940000000001 1399.9700000000003
vertex 5983.9000000000015 4139.070000000001 1399.9700000000003
endloop
endfacet
facet normal -0.9950698678600618 0.09917639879003216 0
outer loop
vertex 5980.000000000002 4099.940000000001 999.9600000000003
vertex 5983.9000000000015 4139.070000000001 1399.9700000000003
vertex 5983.9000000000015 4139.070000000001 999.9600000000003
endloop
endfacet
facet normal -0.99503719020999 -0.09950371902098858 0
outer loop
vertex 5983.9000000000015 4060.940000000001 999.9600000000003
vertex 5983.9000000000015 4060.940000000001 1399.9700000000003
vertex 5980.000000000002 4099.940000000001 1399.9700000000003
endloop
endfacet
facet normal -0.99503719020999 -0.09950371902098858 0
outer loop
vertex 5983.9000000000015 4060.940000000001 999.9600000000003
vertex 5980.000000000002 4099.940000000001 1399.9700000000003
vertex 5980.000000000002 4099.940000000001 999.9600000000003
endloop
endfacet
facet normal -0.9572756411177782 -0.289177016587672 0
outer loop
vertex 5995.210000000002 4023.500000000001 999.9600000000003
vertex 5995.210000000002 4023.500000000001 1399.9700000000003
vertex 5983.9000000000015 4060.940000000001 1399.9700000000003
endloop
endfacet
facet normal -0.9572756411177782 -0.289177016587672 0
outer loop
vertex 5995.210000000002 4023.500000000001 999.9600000000003
vertex 5983.9000000000015 4060.940000000001 1399.9700000000003
vertex 5983.9000000000015 4060.940000000001 999.9600000000003
endloop
endfacet
facet normal -0.882169265666405 -0.470932465130188 0
outer loop
vertex 6013.670000000002 3988.920000000001 999.9600000000003
vertex 6013.670000000002 3988.920000000001 1399.9700000000003
vertex 5995.210000000002 4023.500000000001 1399.9700000000003
endloop
endfacet
facet normal -0.882169265666405 -0.470932465130188 0
outer loop
vertex 6013.670000000002 3988.920000000001 999.9600000000003
vertex 5995.210000000002 4023.500000000001 1399.9700000000003
vertex 5995.210000000002 4023.500000000001 999.9600000000003
endloop
endfacet
facet normal -0.7717389817980425 -0.6359394184773585 0
outer loop
vertex 6038.630000000002 3958.630000000001 999.9600000000003
vertex 6038.630000000002 3958.630000000001 1399.9700000000003
vertex 6013.670000000002 3988.920000000001 1399.9700000000003
endloop
endfacet
facet normal -0.7717389817980425 -0.6359394184773585 0
outer loop
vertex 6038.630000000002 3958.630000000001 999.9600000000003
vertex 6013.670000000002 3988.920000000001 1399.9700000000003
vertex 6013.670000000002 3988.920000000001 999.9600000000003
endloop
endfacet
facet normal -0.6359394184773585 -0.7717389817980425 0
outer loop
vertex 6068.920000000002 3933.670000000001 999.9600000000003
vertex 6068.920000000002 3933.670000000001 1399.9700000000003
vertex 6038.630000000002 3958.630000000001 1399.9700000000003
endloop
endfacet
facet normal -0.6359394184773585 -0.7717389817980425 0
outer loop
vertex 6068.920000000002 3933.670000000001 999.9600000000003
vertex 6038.630000000002 3958.630000000001 1399.9700000000003
vertex 6038.630000000002 3958.630000000001 999.9600000000003
endloop
endfacet
facet normal -0.470932465130188 -0.882169265666405 0
outer loop
vertex 6103.500000000002 3915.210000000001 999.9600000000003
vertex 6103.500000000002 3915.210000000001 1399.9700000000003
vertex 6068.920000000002 3933.670000000001 1399.9700000000003
endloop
endfacet
facet normal -0.470932465130188 -0.882169265666405 0
outer loop
vertex 6103.500000000002 3915.210000000001 999.9600000000003
vertex 6068.920000000002 3933.670000000001 1399.9700000000003
vertex 6068.920000000002 3933.670000000001 999.9600000000003
endloop
endfacet
facet normal -0.28917701658766454 -0.9572756411177804 0
outer loop
vertex 6140.940000000001 3903.900000000001 999.9600000000003
vertex 6140.940000000001 3903.900000000001 1399.9700000000003
vertex 6103.500000000002 3915.210000000001 1399.9700000000003
endloop
endfacet
facet normal -0.28917701658766454 -0.9572756411177804 0
outer loop
vertex 6140.940000000001 3903.900000000001 999.9600000000003
vertex 6103.500000000002 3915.210000000001 1399.9700000000003
vertex 6103.500000000002 3915.210000000001 999.9600000000003
endloop
endfacet
facet normal -0.09950371902100123 -0.995037190209989 0
outer loop
vertex 6179.940000000001 3900.000000000001 999.9600000000003
vertex 6179.940000000001 3900.000000000001 1399.9700000000003
vertex 6140.940000000001 3903.900000000001 1399.9700000000003
endloop
endfacet
facet normal -0.09950371902100123 -0.995037190209989 0
outer loop
vertex 6179.940000000001 3900.000000000001 999.9600000000003
vertex 6140.940000000001 3903.900000000001 1399.9700000000003
vertex 6140.940000000001 3903.900000000001 999.9600000000003
endloop
endfacet
facet normal 0.09917639879004131 -0.9950698678600607 0
outer loop
vertex 6219.0700000000015 3903.900000000001 999.9600000000003
vertex 6219.0700000000015 3903.900000000001 1399.9700000000003
vertex 6179.940000000001 3900.000000000001 1399.9700000000003
endloop
endfacet
facet normal 0.09917639879004131 -0.9950698678600607 0
outer loop
vertex 6219.0700000000015 3903.900000000001 999.9600000000003
vertex 6179.940000000001 3900.000000000001 1399.9700000000003
vertex 6179.940000000001 3900.000000000001 999.9600000000003
endloop
endfacet
facet normal 0.28917701658766454 -0.9572756411177804 0
outer loop
vertex 6256.510000000001 3915.210000000001 999.9600000000003
vertex 6256.510000000001 3915.210000000001 1399.9700000000003
vertex 6219.0700000000015 3903.900000000001 1399.9700000000003
endloop
endfacet
facet normal 0.28917701658766454 -0.9572756411177804 0
outer loop
vertex 6256.510000000001 3915.210000000001 999.9600000000003
vertex 6219.0700000000015 3903.900000000001 1399.9700000000003
vertex 6219.0700000000015 3903.900000000001 999.9600000000003
endloop
endfacet
facet normal 0.4709324651301784 -0.8821692656664102 0
outer loop
vertex 6291.090000000002 3933.670000000001 999.9600000000003
vertex 6291.090000000002 3933.670000000001 1399.9700000000003
vertex 6256.510000000001 3915.210000000001 1399.9700000000003
endloop
endfacet
facet normal 0.4709324651301784 -0.8821692656664102 0
outer loop
vertex 6291.090000000002 3933.670000000001 999.9600000000003
vertex 6256.510000000001 3915.210000000001 1399.9700000000003
vertex 6256.510000000001 3915.210000000001 999.9600000000003
endloop
endfacet
facet normal 0.6359394184773585 -0.7717389817980425 0
outer loop
vertex 6321.380000000002 3958.630000000001 999.9600000000003
vertex 6321.380000000002 3958.630000000001 1399.9700000000003
vertex 6291.090000000002 3933.670000000001 1399.9700000000003
endloop
endfacet
facet normal 0.6359394184773585 -0.7717389817980425 0
outer loop
vertex 6321.380000000002 3958.630000000001 999.9600000000003
vertex 6291.090000000002 3933.670000000001 1399.9700000000003
vertex 6291.090000000002 3933.670000000001 999.9600000000003
endloop
endfacet
facet normal 0.7717389817980425 -0.6359394184773585 0
outer loop
vertex 6346.340000000002 3988.920000000001 999.9600000000003
vertex 6346.340000000002 3988.920000000001 1399.9700000000003
vertex 6321.380000000002 3958.630000000001 1399.9700000000003
endloop
endfacet
facet normal 0.7717389817980425 -0.6359394184773585 0
outer loop
vertex 6346.340000000002 3988.920000000001 999.9600000000003
vertex 6321.380000000002 3958.630000000001 1399.9700000000003
vertex 6321.380000000002 3958.630000000001 999.9600000000003
endloop
endfacet
facet normal 0.882169265666405 -0.470932465130188 0
outer loop
vertex 6364.800000000002 4023.500000000001 999.9600000000003
vertex 6364.800000000002 4023.500000000001 1399.9700000000003
vertex 6346.340000000002 3988.920000000001 1399.9700000000003
endloop
endfacet
facet normal 0.882169265666405 -0.470932465130188 0
outer loop
vertex 6364.800000000002 4023.500000000001 999.9600000000003
vertex 6346.340000000002 3988.920000000001 1399.9700000000003
vertex 6346.340000000002 3988.920000000001 999.9600000000003
endloop
endfacet
facet normal 0.9572756411177845 -0.2891770165876506 0
outer loop
vertex 6376.1100000000015 4060.940000000001 999.9600000000003
vertex 6376.1100000000015 4060.940000000001 1399.9700000000003
vertex 6364.800000000002 4023.500000000001 1399.9700000000003
endloop
endfacet
facet normal 0.9572756411177845 -0.2891770165876506 0
outer loop
vertex 6376.1100000000015 4060.940000000001 999.9600000000003
vertex 6364.800000000002 4023.500000000001 1399.9700000000003
vertex 6364.800000000002 4023.500000000001 999.9600000000003
endloop
endfacet
facet normal 0.99503719020999 -0.09950371902098858 0
outer loop
vertex 6380.010000000001 4099.940000000001 999.9600000000003
vertex 6380.010000000001 4099.940000000001 1399.9700000000003
vertex 6376.1100000000015 4060.940000000001 1399.9700000000003
endloop
endfacet
facet normal 0.99503719020999 -0.09950371902098858 0
outer loop
vertex 6380.010000000001 4099.940000000001 999.9600000000003
vertex 6376.1100000000015 4060.940000000001 1399.9700000000003
vertex 6376.1100000000015 4060.940000000001 999.9600000000003
endloop
endfacet
facet normal 0.9953602693534095 0.09621815937081751 0
outer loop
vertex 7256.210000000002 5939.050000000001 999.9600000000003
vertex 7256.210000000002 5939.050000000001 1399.9700000000003
vertex 7259.980000000001 5900.050000000001 1399.9700000000003
endloop
endfacet
facet normal 0.9953602693534095 0.09621815937081751 0
outer loop
vertex 7256.210000000002 5939.050000000001 999.9600000000003
vertex 7259.980000000001 5900.050000000001 1399.9700000000003
vertex 7259.980000000001 5900.050000000001 999.9600000000003
endloop
endfacet
facet normal 0.9563515710513365 0.2922185355990285 0
outer loop
vertex 7244.770000000001 5976.490000000002 999.9600000000003
vertex 7244.770000000001 5976.490000000002 1399.9700000000003
vertex 7256.210000000002 5939.050000000001 1399.9700000000003
endloop
endfacet
facet normal 0.9563515710513365 0.2922185355990285 0
outer loop
vertex 7244.770000000001 5976.490000000002 999.9600000000003
vertex 7256.210000000002 5939.050000000001 1399.9700000000003
vertex 7256.210000000002 5939.050000000001 999.9600000000003
endloop
endfacet
facet normal 0.8821692656664147 0.47093246513017 0
outer loop
vertex 7226.310000000002 6011.0700000000015 999.9600000000003
vertex 7226.310000000002 6011.0700000000015 1399.9700000000003
vertex 7244.770000000001 5976.490000000002 1399.9700000000003
endloop
endfacet
facet normal 0.8821692656664147 0.47093246513017 0
outer loop
vertex 7226.310000000002 6011.0700000000015 999.9600000000003
vertex 7244.770000000001 5976.490000000002 1399.9700000000003
vertex 7244.770000000001 5976.490000000002 999.9600000000003
endloop
endfacet
facet normal 0.7733654271742592 0.6339605003875048 0
outer loop
vertex 7201.480000000001 6041.3600000000015 999.9600000000003
vertex 7201.480000000001 6041.3600000000015 1399.9700000000003
vertex 7226.310000000002 6011.0700000000015 1399.9700000000003
endloop
endfacet
facet normal 0.7733654271742592 0.6339605003875048 0
outer loop
vertex 7201.480000000001 6041.3600000000015 999.9600000000003
vertex 7226.310000000002 6011.0700000000015 1399.9700000000003
vertex 7226.310000000002 6011.0700000000015 999.9600000000003
endloop
endfacet
facet normal 0.6343166116780338 0.7730733704825814 0
outer loop
vertex 7171.060000000002 6066.3200000000015 999.9600000000003
vertex 7171.060000000002 6066.3200000000015 1399.9700000000003
vertex 7201.480000000001 6041.3600000000015 1399.9700000000003
endloop
endfacet
facet normal 0.6343166116780338 0.7730733704825814 0
outer loop
vertex 7171.060000000002 6066.3200000000015 999.9600000000003
vertex 7201.480000000001 6041.3600000000015 1399.9700000000003
vertex 7201.480000000001 6041.3600000000015 999.9600000000003
endloop
endfacet
facet normal 0.4709324651301784 0.8821692656664102 0
outer loop
vertex 7136.480000000001 6084.780000000002 999.9600000000003
vertex 7136.480000000001 6084.780000000002 1399.9700000000003
vertex 7171.060000000002 6066.3200000000015 1399.9700000000003
endloop
endfacet
facet normal 0.4709324651301784 0.8821692656664102 0
outer loop
vertex 7136.480000000001 6084.780000000002 999.9600000000003
vertex 7171.060000000002 6066.3200000000015 1399.9700000000003
vertex 7171.060000000002 6066.3200000000015 999.9600000000003
endloop
endfacet
facet normal 0.2922185355990138 0.956351571051341 0
outer loop
vertex 7099.040000000002 6096.220000000001 999.9600000000003
vertex 7099.040000000002 6096.220000000001 1399.9700000000003
vertex 7136.480000000001 6084.780000000002 1399.9700000000003
endloop
endfacet
facet normal 0.2922185355990138 0.956351571051341 0
outer loop
vertex 7099.040000000002 6096.220000000001 999.9600000000003
vertex 7136.480000000001 6084.780000000002 1399.9700000000003
vertex 7136.480000000001 6084.780000000002 999.9600000000003
endloop
endfacet
facet normal 0.09621815937084052 0.9953602693534074 0
outer loop
vertex 7060.040000000002 6099.990000000002 999.9600000000003
vertex 7060.040000000002 6099.990000000002 1399.9700000000003
vertex 7099.040000000002 6096.220000000001 1399.9700000000003
endloop
endfacet
facet normal 0.09621815937084052 0.9953602693534074 0
outer loop
vertex 7060.040000000002 6099.990000000002 999.9600000000003
vertex 7099.040000000002 6096.220000000001 1399.9700000000003
vertex 7099.040000000002 6096.220000000001 999.9600000000003
endloop
endfacet
facet normal -0.09621815937084052 0.9953602693534074 0
outer loop
vertex 7021.040000000002 6096.220000000001 999.9600000000003
vertex 7021.040000000002 6096.220000000001 1399.9700000000003
vertex 7060.040000000002 6099.990000000002 1399.9700000000003
endloop
endfacet
facet normal -0.09621815937084052 0.9953602693534074 0
outer loop
vertex 7021.040000000002 6096.220000000001 999.9600000000003
vertex 7060.040000000002 6099.990000000002 1399.9700000000003
vertex 7060.040000000002 6099.990000000002 999.9600000000003
endloop
endfacet
facet normal -0.2912933318541731 0.9566337830211173 0
outer loop
vertex 6983.470000000002 6084.780000000002 999.9600000000003
vertex 6983.470000000002 6084.780000000002 1399.9700000000003
vertex 7021.040000000002 6096.220000000001 1399.9700000000003
endloop
endfacet
facet normal -0.2912933318541731 0.9566337830211173 0
outer loop
vertex 6983.470000000002 6084.780000000002 999.9600000000003
vertex 7021.040000000002 6096.220000000001 1399.9700000000003
vertex 7021.040000000002 6096.220000000001 999.9600000000003
endloop
endfacet
facet normal -0.470932465130188 0.882169265666405 0
outer loop
vertex 6948.890000000002 6066.3200000000015 999.9600000000003
vertex 6948.890000000002 6066.3200000000015 1399.9700000000003
vertex 6983.470000000002 6084.780000000002 1399.9700000000003
endloop
endfacet
facet normal -0.470932465130188 0.882169265666405 0
outer loop
vertex 6948.890000000002 6066.3200000000015 999.9600000000003
vertex 6983.470000000002 6084.780000000002 1399.9700000000003
vertex 6983.470000000002 6084.780000000002 999.9600000000003
endloop
endfacet
facet normal -0.6359394184773471 0.7717389817980518 0
outer loop
vertex 6918.600000000001 6041.3600000000015 999.9600000000003
vertex 6918.600000000001 6041.3600000000015 1399.9700000000003
vertex 6948.890000000002 6066.3200000000015 1399.9700000000003
endloop
endfacet
facet normal -0.6359394184773471 0.7717389817980518 0
outer loop
vertex 6918.600000000001 6041.3600000000015 999.9600000000003
vertex 6948.890000000002 6066.3200000000015 1399.9700000000003
vertex 6948.890000000002 6066.3200000000015 999.9600000000003
endloop
endfacet
facet normal -0.7733654271742705 0.633960500387491 0
outer loop
vertex 6893.770000000001 6011.0700000000015 999.9600000000003
vertex 6893.770000000001 6011.0700000000015 1399.9700000000003
vertex 6918.600000000001 6041.3600000000015 1399.9700000000003
endloop
endfacet
facet normal -0.7733654271742705 0.633960500387491 0
outer loop
vertex 6893.770000000001 6011.0700000000015 999.9600000000003
vertex 6918.600000000001 6041.3600000000015 1399.9700000000003
vertex 6918.600000000001 6041.3600000000015 999.9600000000003
endloop
endfacet
facet normal -0.8807898733199335 0.4735073379125774 0
outer loop
vertex 6875.180000000002 5976.490000000002 999.9600000000003
vertex 6875.180000000002 5976.490000000002 1399.9700000000003
vertex 6893.770000000001 6011.0700000000015 1399.9700000000003
endloop
endfacet
facet normal -0.8807898733199335 0.4735073379125774 0
outer loop
vertex 6875.180000000002 5976.490000000002 999.9600000000003
vertex 6893.770000000001 6011.0700000000015 1399.9700000000003
vertex 6893.770000000001 6011.0700000000015 999.9600000000003
endloop
endfacet
facet normal -0.9572756411177793 0.28917701658766876 0
outer loop
vertex 6863.870000000002 5939.050000000001 999.9600000000003
vertex 6863.870000000002 5939.050000000001 1399.9700000000003
vertex 6875.180000000002 5976.490000000002 1399.9700000000003
endloop
endfacet
facet normal -0.9572756411177793 0.28917701658766876 0
outer loop
vertex 6863.870000000002 5939.050000000001 999.9600000000003
vertex 6875.180000000002 5976.490000000002 1399.9700000000003
vertex 6875.180000000002 5976.490000000002 999.9600000000003
endloop
endfacet
facet normal -0.9950371902099902 0.09950371902098973 0
outer loop
vertex 6859.970000000002 5900.050000000001 999.9600000000003
vertex 6859.970000000002 5900.050000000001 1399.9700000000003
vertex 6863.870000000002 5939.050000000001 1399.9700000000003
endloop
endfacet
facet normal -0.9950371902099902 0.09950371902098973 0
outer loop
vertex 6859.970000000002 5900.050000000001 999.9600000000003
vertex 6863.870000000002 5939.050000000001 1399.9700000000003
vertex 6863.870000000002 5939.050000000001 999.9600000000003
endloop
endfacet
facet normal -0.9950698678600618 -0.09917639879003216 0
outer loop
vertex 6863.870000000002 5860.920000000002 999.9600000000003
vertex 6863.870000000002 5860.920000000002 1399.9700000000003
vertex 6859.970000000002 5900.050000000001 1399.9700000000003
endloop
endfacet
facet normal -0.9950698678600618 -0.09917639879003216 0
outer loop
vertex 6863.870000000002 5860.920000000002 999.9600000000003
vertex 6859.970000000002 5900.050000000001 1399.9700000000003
vertex 6859.970000000002 5900.050000000001 999.9600000000003
endloop
endfacet
facet normal -0.9572756411177793 -0.28917701658766876 0
outer loop
vertex 6875.180000000002 5823.480000000001 999.9600000000003
vertex 6875.180000000002 5823.480000000001 1399.9700000000003
vertex 6863.870000000002 5860.920000000002 1399.9700000000003
endloop
endfacet
facet normal -0.9572756411177793 -0.28917701658766876 0
outer loop
vertex 6875.180000000002 5823.480000000001 999.9600000000003
vertex 6863.870000000002 5860.920000000002 1399.9700000000003
vertex 6863.870000000002 5860.920000000002 999.9600000000003
endloop
endfacet
facet normal -0.8807898733199335 -0.4735073379125774 0
outer loop
vertex 6893.770000000001 5788.9000000000015 999.9600000000003
vertex 6893.770000000001 5788.9000000000015 1399.9700000000003
vertex 6875.180000000002 5823.480000000001 1399.9700000000003
endloop
endfacet
facet normal -0.8807898733199335 -0.4735073379125774 0
outer loop
vertex 6893.770000000001 5788.9000000000015 999.9600000000003
vertex 6875.180000000002 5823.480000000001 1399.9700000000003
vertex 6875.180000000002 5823.480000000001 999.9600000000003
endloop
endfacet
facet normal -0.7733654271742705 -0.633960500387491 0
outer loop
vertex 6918.600000000001 5758.6100000000015 999.9600000000003
vertex 6918.600000000001 5758.6100000000015 1399.9700000000003
vertex 6893.770000000001 5788.9000000000015 1399.9700000000003
endloop
endfacet
facet normal -0.7733654271742705 -0.633960500387491 0
outer loop
vertex 6918.600000000001 5758.6100000000015 999.9600000000003
vertex 6893.770000000001 5788.9000000000015 1399.9700000000003
vertex 6893.770000000001 5788.9000000000015 999.9600000000003
endloop
endfacet
facet normal -0.6359394184773471 -0.7717389817980518 0
outer loop
vertex 6948.890000000002 5733.6500000000015 999.9600000000003
vertex 6948.890000000002 5733.6500000000015 1399.9700000000003
vertex 6918.600000000001 5758.6100000000015 1399.9700000000003
endloop
endfacet
facet normal -0.6359394184773471 -0.7717389817980518 0
outer loop
vertex 6948.890000000002 5733.6500000000015 999.9600000000003
vertex 6918.600000000001 5758.6100000000015 1399.9700000000003
vertex 6918.600000000001 5758.6100000000015 999.9600000000003
endloop
endfacet
facet normal -0.470932465130188 -0.882169265666405 0
outer loop
vertex 6983.470000000002 5715.190000000001 999.9600000000003
vertex 6983.470000000002 5715.190000000001 1399.9700000000003
vertex 6948.890000000002 5733.6500000000015 1399.9700000000003
endloop
endfacet
facet normal -0.470932465130188 -0.882169265666405 0
outer loop
vertex 6983.470000000002 5715.190000000001 999.9600000000003
vertex 6948.890000000002 5733.6500000000015 1399.9700000000003
vertex 6948.890000000002 5733.6500000000015 999.9600000000003
endloop
endfacet
facet normal -0.28825968092875 -0.9575522734299444 0
outer loop
vertex 7021.040000000002 5703.880000000001 999.9600000000003
vertex 7021.040000000002 5703.880000000001 1399.9700000000003
vertex 6983.470000000002 5715.190000000001 1399.9700000000003
endloop
endfacet
facet normal -0.28825968092875 -0.9575522734299444 0
outer loop
vertex 7021.040000000002 5703.880000000001 999.9600000000003
vertex 6983.470000000002 5715.190000000001 1399.9700000000003
vertex 6983.470000000002 5715.190000000001 999.9600000000003
endloop
endfacet
facet normal -0.09950371902098973 -0.9950371902099902 0
outer loop
vertex 7060.040000000002 5699.980000000001 999.9600000000003
vertex 7060.040000000002 5699.980000000001 1399.9700000000003
vertex 7021.040000000002 5703.880000000001 1399.9700000000003
endloop
endfacet
facet normal -0.09950371902098973 -0.9950371902099902 0
outer loop
vertex 7060.040000000002 5699.980000000001 999.9600000000003
vertex 7021.040000000002 5703.880000000001 1399.9700000000003
vertex 7021.040000000002 5703.880000000001 999.9600000000003
endloop
endfacet
facet normal 0.09950371902098973 -0.9950371902099902 0
outer loop
vertex 7099.040000000002 5703.880000000001 999.9600000000003
vertex 7099.040000000002 5703.880000000001 1399.9700000000003
vertex 7060.040000000002 5699.980000000001 1399.9700000000003
endloop
endfacet
facet normal 0.09950371902098973 -0.9950371902099902 0
outer loop
vertex 7099.040000000002 5703.880000000001 999.9600000000003
vertex 7060.040000000002 5699.980000000001 1399.9700000000003
vertex 7060.040000000002 5699.980000000001 999.9600000000003
endloop
endfacet
facet normal 0.2891770165876752 -0.9572756411177773 0
outer loop
vertex 7136.480000000001 5715.190000000001 999.9600000000003
vertex 7136.480000000001 5715.190000000001 1399.9700000000003
vertex 7099.040000000002 5703.880000000001 1399.9700000000003
endloop
endfacet
facet normal 0.2891770165876752 -0.9572756411177773 0
outer loop
vertex 7136.480000000001 5715.190000000001 999.9600000000003
vertex 7099.040000000002 5703.880000000001 1399.9700000000003
vertex 7099.040000000002 5703.880000000001 999.9600000000003
endloop
endfacet
facet normal 0.4709324651301784 -0.8821692656664102 0
outer loop
vertex 7171.060000000002 5733.6500000000015 999.9600000000003
vertex 7171.060000000002 5733.6500000000015 1399.9700000000003
vertex 7136.480000000001 5715.190000000001 1399.9700000000003
endloop
endfacet
facet normal 0.4709324651301784 -0.8821692656664102 0
outer loop
vertex 7171.060000000002 5733.6500000000015 999.9600000000003
vertex 7136.480000000001 5715.190000000001 1399.9700000000003
vertex 7136.480000000001 5715.190000000001 999.9600000000003
endloop
endfacet
facet normal 0.6343166116780338 -0.7730733704825814 0
outer loop
vertex 7201.480000000001 5758.6100000000015 999.9600000000003
vertex 7201.480000000001 5758.6100000000015 1399.9700000000003
vertex 7171.060000000002 5733.6500000000015 1399.9700000000003
endloop
endfacet
facet normal 0.6343166116780338 -0.7730733704825814 0
outer loop
vertex 7201.480000000001 5758.6100000000015 999.9600000000003
vertex 7171.060000000002 5733.6500000000015 1399.9700000000003
vertex 7171.060000000002 5733.6500000000015 999.9600000000003
endloop
endfacet
facet normal 0.7733654271742592 -0.6339605003875048 0
outer loop
vertex 7226.310000000002 5788.9000000000015 999.9600000000003
vertex 7226.310000000002 5788.9000000000015 1399.9700000000003
vertex 7201.480000000001 5758.6100000000015 1399.9700000000003
endloop
endfacet
facet normal 0.7733654271742592 -0.6339605003875048 0
outer loop
vertex 7226.310000000002 5788.9000000000015 999.9600000000003
vertex 7201.480000000001 5758.6100000000015 1399.9700000000003
vertex 7201.480000000001 5758.6100000000015 999.9600000000003
endloop
endfacet
facet normal 0.8821692656664147 -0.47093246513017 0
outer loop
vertex 7244.770000000001 5823.480000000001 999.9600000000003
vertex 7244.770000000001 5823.480000000001 1399.9700000000003
vertex 7226.310000000002 5788.9000000000015 1399.9700000000003
endloop
endfacet
facet normal 0.8821692656664147 -0.47093246513017 0
outer loop
vertex 7244.770000000001 5823.480000000001 999.9600000000003
vertex 7226.310000000002 5788.9000000000015 1399.9700000000003
vertex 7226.310000000002 5788.9000000000015 999.9600000000003
endloop
endfacet
facet normal 0.9563515710513365 -0.2922185355990285 0
outer loop
vertex 7256.210000000002 5860.920000000002 999.9600000000003
vertex 7256.210000000002 5860.920000000002 1399.9700000000003
vertex 7244.770000000001 5823.480000000001 1399.9700000000003
endloop
endfacet
facet normal 0.9563515710513365 -0.2922185355990285 0
outer loop
vertex 7256.210000000002 5860.920000000002 999.9600000000003
vertex 7244.770000000001 5823.480000000001 1399.9700000000003
vertex 7244.770000000001 5823.480000000001 999.9600000000003
endloop
endfacet
facet normal 0.9953908344575549 -0.0959014425224786 0
outer loop
vertex 7259.980000000001 5900.050000000001 999.9600000000003
vertex 7259.980000000001 5900.050000000001 1399.9700000000003
vertex 7256.210000000002 5860.920000000002 1399.9700000000003
endloop
endfacet
facet normal 0.9953908344575549 -0.0959014425224786 0
outer loop
vertex 7259.980000000001 5900.050000000001 999.9600000000003
vertex 7256.210000000002 5860.920000000002 1399.9700000000003
vertex 7256.210000000002 5860.920000000002 999.9600000000003
endloop
endfacet
facet normal 0.9953602693534095 0.09621815937081751 0
outer loop
vertex 7256.210000000002 5039.060000000001 999.9600000000003
vertex 7256.210000000002 5039.060000000001 1399.9700000000003
vertex 7259.980000000001 5000.060000000001 1399.9700000000003
endloop
endfacet
facet normal 0.9953602693534095 0.09621815937081751 0
outer loop
vertex 7256.210000000002 5039.060000000001 999.9600000000003
vertex 7259.980000000001 5000.060000000001 1399.9700000000003
vertex 7259.980000000001 5000.060000000001 999.9600000000003
endloop
endfacet
facet normal 0.9563515710513344 0.29221853559903493 0
outer loop
vertex 7244.770000000001 5076.500000000001 999.9600000000003
vertex 7244.770000000001 5076.500000000001 1399.9700000000003
vertex 7256.210000000002 5039.060000000001 1399.9700000000003
endloop
endfacet
facet normal 0.9563515710513344 0.29221853559903493 0
outer loop
vertex 7244.770000000001 5076.500000000001 999.9600000000003
vertex 7256.210000000002 5039.060000000001 1399.9700000000003
vertex 7256.210000000002 5039.060000000001 999.9600000000003
endloop
endfacet
facet normal 0.8821692656664147 0.47093246513017 0
outer loop
vertex 7226.310000000002 5111.080000000001 999.9600000000003
vertex 7226.310000000002 5111.080000000001 1399.9700000000003
vertex 7244.770000000001 5076.500000000001 1399.9700000000003
endloop
endfacet
facet normal 0.8821692656664147 0.47093246513017 0
outer loop
vertex 7226.310000000002 5111.080000000001 999.9600000000003
vertex 7244.770000000001 5076.500000000001 1399.9700000000003
vertex 7244.770000000001 5076.500000000001 999.9600000000003
endloop
endfacet
facet normal 0.7733654271742686 0.6339605003874935 0
outer loop
vertex 7201.480000000001 5141.370000000002 999.9600000000003
vertex 7201.480000000001 5141.370000000002 1399.9700000000003
vertex 7226.310000000002 5111.080000000001 1399.9700000000003
endloop
endfacet
facet normal 0.7733654271742686 0.6339605003874935 0
outer loop
vertex 7201.480000000001 5141.370000000002 999.9600000000003
vertex 7226.310000000002 5111.080000000001 1399.9700000000003
vertex 7226.310000000002 5111.080000000001 999.9600000000003
endloop
endfacet
facet normal 0.6343166116780199 0.7730733704825926 0
outer loop
vertex 7171.060000000002 5166.330000000001 999.9600000000003
vertex 7171.060000000002 5166.330000000001 1399.9700000000003
vertex 7201.480000000001 5141.370000000002 1399.9700000000003
endloop
endfacet
facet normal 0.6343166116780199 0.7730733704825926 0
outer loop
vertex 7171.060000000002 5166.330000000001 999.9600000000003
vertex 7201.480000000001 5141.370000000002 1399.9700000000003
vertex 7201.480000000001 5141.370000000002 999.9600000000003
endloop
endfacet
facet normal 0.4709324651301784 0.8821692656664102 0
outer loop
vertex 7136.480000000001 5184.790000000001 999.9600000000003
vertex 7136.480000000001 5184.790000000001 1399.9700000000003
vertex 7171.060000000002 5166.330000000001 1399.9700000000003
endloop
endfacet
facet normal 0.4709324651301784 0.8821692656664102 0
outer loop
vertex 7136.480000000001 5184.790000000001 999.9600000000003
vertex 7171.060000000002 5166.330000000001 1399.9700000000003
vertex 7171.060000000002 5166.330000000001 999.9600000000003
endloop
endfacet
facet normal 0.2891770165876752 0.9572756411177773 0
outer loop
vertex 7099.040000000002 5196.100000000001 999.9600000000003
vertex 7099.040000000002 5196.100000000001 1399.9700000000003
vertex 7136.480000000001 5184.790000000001 1399.9700000000003
endloop
endfacet
facet normal 0.2891770165876752 0.9572756411177773 0
outer loop
vertex 7099.040000000002 5196.100000000001 999.9600000000003
vertex 7136.480000000001 5184.790000000001 1399.9700000000003
vertex 7136.480000000001 5184.790000000001 999.9600000000003
endloop
endfacet
facet normal 0.09950371902098973 0.9950371902099902 0
outer loop
vertex 7060.040000000002 5200.000000000001 999.9600000000003
vertex 7060.040000000002 5200.000000000001 1399.9700000000003
vertex 7099.040000000002 5196.100000000001 1399.9700000000003
endloop
endfacet
facet normal 0.09950371902098973 0.9950371902099902 0
outer loop
vertex 7060.040000000002 5200.000000000001 999.9600000000003
vertex 7099.040000000002 5196.100000000001 1399.9700000000003
vertex 7099.040000000002 5196.100000000001 999.9600000000003
endloop
endfacet
facet normal -0.09950371902098973 0.9950371902099902 0
outer loop
vertex 7021.040000000002 5196.100000000001 999.9600000000003
vertex 7021.040000000002 5196.100000000001 1399.9700000000003
vertex 7060.040000000002 5200.000000000001 1399.9700000000003
endloop
endfacet
facet normal -0.09950371902098973 0.9950371902099902 0
outer loop
vertex 7021.040000000002 5196.100000000001 999.9600000000003
vertex 7060.040000000002 5200.000000000001 1399.9700000000003
vertex 7060.040000000002 5200.000000000001 999.9600000000003
endloop
endfacet
facet normal -0.28825968092875 0.9575522734299444 0
outer loop
vertex 6983.470000000002 5184.790000000001 999.9600000000003
vertex 6983.470000000002 5184.790000000001 1399.9700000000003
vertex 7021.040000000002 5196.100000000001 1399.9700000000003
endloop
endfacet
facet normal -0.28825968092875 0.9575522734299444 0
outer loop
vertex 6983.470000000002 5184.790000000001 999.9600000000003
vertex 7021.040000000002 5196.100000000001 1399.9700000000003
vertex 7021.040000000002 5196.100000000001 999.9600000000003
endloop
endfacet
facet normal -0.470932465130188 0.882169265666405 0
outer loop
vertex 6948.890000000002 5166.330000000001 999.9600000000003
vertex 6948.890000000002 5166.330000000001 1399.9700000000003
vertex 6983.470000000002 5184.790000000001 1399.9700000000003
endloop
endfacet
facet normal -0.470932465130188 0.882169265666405 0
outer loop
vertex 6948.890000000002 5166.330000000001 999.9600000000003
vertex 6983.470000000002 5184.790000000001 1399.9700000000003
vertex 6983.470000000002 5184.790000000001 999.9600000000003
endloop
endfacet
facet normal -0.6359394184773333 0.7717389817980631 0
outer loop
vertex 6918.600000000001 5141.370000000002 999.9600000000003
vertex 6918.600000000001 5141.370000000002 1399.9700000000003
vertex 6948.890000000002 5166.330000000001 1399.9700000000003
endloop
endfacet
facet normal -0.6359394184773333 0.7717389817980631 0
outer loop
vertex 6918.600000000001 5141.370000000002 999.9600000000003
vertex 6948.890000000002 5166.330000000001 1399.9700000000003
vertex 6948.890000000002 5166.330000000001 999.9600000000003
endloop
endfacet
facet normal -0.7733654271742799 0.6339605003874796 0
outer loop
vertex 6893.770000000001 5111.080000000001 999.9600000000003
vertex 6893.770000000001 5111.080000000001 1399.9700000000003
vertex 6918.600000000001 5141.370000000002 1399.9700000000003
endloop
endfacet
facet normal -0.7733654271742799 0.6339605003874796 0
outer loop
vertex 6893.770000000001 5111.080000000001 999.9600000000003
vertex 6918.600000000001 5141.370000000002 1399.9700000000003
vertex 6918.600000000001 5141.370000000002 999.9600000000003
endloop
endfacet
facet normal -0.8807898733199335 0.4735073379125774 0
outer loop
vertex 6875.180000000002 5076.500000000001 999.9600000000003
vertex 6875.180000000002 5076.500000000001 1399.9700000000003
vertex 6893.770000000001 5111.080000000001 1399.9700000000003
endloop
endfacet
facet normal -0.8807898733199335 0.4735073379125774 0
outer loop
vertex 6875.180000000002 5076.500000000001 999.9600000000003
vertex 6893.770000000001 5111.080000000001 1399.9700000000003
vertex 6893.770000000001 5111.080000000001 999.9600000000003
endloop
endfacet
facet normal -0.9572756411177773 0.2891770165876752 0
outer loop
vertex 6863.870000000002 5039.060000000001 999.9600000000003
vertex 6863.870000000002 5039.060000000001 1399.9700000000003
vertex 6875.180000000002 5076.500000000001 1399.9700000000003
endloop
endfacet
facet normal -0.9572756411177773 0.2891770165876752 0
outer loop
vertex 6863.870000000002 5039.060000000001 999.9600000000003
vertex 6875.180000000002 5076.500000000001 1399.9700000000003
vertex 6875.180000000002 5076.500000000001 999.9600000000003
endloop
endfacet
facet normal -0.9950371902099902 0.09950371902098973 0
outer loop
vertex 6859.970000000002 5000.060000000001 999.9600000000003
vertex 6859.970000000002 5000.060000000001 1399.9700000000003
vertex 6863.870000000002 5039.060000000001 1399.9700000000003
endloop
endfacet
facet normal -0.9950371902099902 0.09950371902098973 0
outer loop
vertex 6859.970000000002 5000.060000000001 999.9600000000003
vertex 6863.870000000002 5039.060000000001 1399.9700000000003
vertex 6863.870000000002 5039.060000000001 999.9600000000003
endloop
endfacet
facet normal -0.9950698678600619 -0.09917639879002987 0
outer loop
vertex 6863.870000000002 4960.930000000001 999.9600000000003
vertex 6863.870000000002 4960.930000000001 1399.9700000000003
vertex 6859.970000000002 5000.060000000001 1399.9700000000003
endloop
endfacet
facet normal -0.9950698678600619 -0.09917639879002987 0
outer loop
vertex 6863.870000000002 4960.930000000001 999.9600000000003
vertex 6859.970000000002 5000.060000000001 1399.9700000000003
vertex 6859.970000000002 5000.060000000001 999.9600000000003
endloop
endfacet
facet normal -0.9572756411177773 -0.2891770165876752 0
outer loop
vertex 6875.180000000002 4923.490000000002 999.9600000000003
vertex 6875.180000000002 4923.490000000002 1399.9700000000003
vertex 6863.870000000002 4960.930000000001 1399.9700000000003
endloop
endfacet
facet normal -0.9572756411177773 -0.2891770165876752 0
outer loop
vertex 6875.180000000002 4923.490000000002 999.9600000000003
vertex 6863.870000000002 4960.930000000001 1399.9700000000003
vertex 6863.870000000002 4960.930000000001 999.9600000000003
endloop
endfacet
facet normal -0.8807898733199385 -0.4735073379125676 0
outer loop
vertex 6893.770000000001 4888.910000000001 999.9600000000003
vertex 6893.770000000001 4888.910000000001 1399.9700000000003
vertex 6875.180000000002 4923.490000000002 1399.9700000000003
endloop
endfacet
facet normal -0.8807898733199385 -0.4735073379125676 0
outer loop
vertex 6893.770000000001 4888.910000000001 999.9600000000003
vertex 6875.180000000002 4923.490000000002 1399.9700000000003
vertex 6875.180000000002 4923.490000000002 999.9600000000003
endloop
endfacet
facet normal -0.7733654271742705 -0.633960500387491 0
outer loop
vertex 6918.600000000001 4858.620000000001 999.9600000000003
vertex 6918.600000000001 4858.620000000001 1399.9700000000003
vertex 6893.770000000001 4888.910000000001 1399.9700000000003
endloop
endfacet
facet normal -0.7733654271742705 -0.633960500387491 0
outer loop
vertex 6918.600000000001 4858.620000000001 999.9600000000003
vertex 6893.770000000001 4888.910000000001 1399.9700000000003
vertex 6893.770000000001 4888.910000000001 999.9600000000003
endloop
endfacet
facet normal -0.6359394184773471 -0.7717389817980518 0
outer loop
vertex 6948.890000000002 4833.660000000001 999.9600000000003
vertex 6948.890000000002 4833.660000000001 1399.9700000000003
vertex 6918.600000000001 4858.620000000001 1399.9700000000003
endloop
endfacet
facet normal -0.6359394184773471 -0.7717389817980518 0
outer loop
vertex 6948.890000000002 4833.660000000001 999.9600000000003
vertex 6918.600000000001 4858.620000000001 1399.9700000000003
vertex 6918.600000000001 4858.620000000001 999.9600000000003
endloop
endfacet
facet normal -0.47093246513017 -0.8821692656664147 0
outer loop
vertex 6983.470000000002 4815.200000000002 999.9600000000003
vertex 6983.470000000002 4815.200000000002 1399.9700000000003
vertex 6948.890000000002 4833.660000000001 1399.9700000000003
endloop
endfacet
facet normal -0.47093246513017 -0.8821692656664147 0
outer loop
vertex 6983.470000000002 4815.200000000002 999.9600000000003
vertex 6948.890000000002 4833.660000000001 1399.9700000000003
vertex 6948.890000000002 4833.660000000001 999.9600000000003
endloop
endfacet
facet normal -0.28825968092875 -0.9575522734299444 0
outer loop
vertex 7021.040000000002 4803.890000000001 999.9600000000003
vertex 7021.040000000002 4803.890000000001 1399.9700000000003
vertex 6983.470000000002 4815.200000000002 1399.9700000000003
endloop
endfacet
facet normal -0.28825968092875 -0.9575522734299444 0
outer loop
vertex 7021.040000000002 4803.890000000001 999.9600000000003
vertex 6983.470000000002 4815.200000000002 1399.9700000000003
vertex 6983.470000000002 4815.200000000002 999.9600000000003
endloop
endfacet
facet normal -0.09950371902098973 -0.9950371902099902 0
outer loop
vertex 7060.040000000002 4799.990000000002 999.9600000000003
vertex 7060.040000000002 4799.990000000002 1399.9700000000003
vertex 7021.040000000002 4803.890000000001 1399.9700000000003
endloop
endfacet
facet normal -0.09950371902098973 -0.9950371902099902 0
outer loop
vertex 7060.040000000002 4799.990000000002 999.9600000000003
vertex 7021.040000000002 4803.890000000001 1399.9700000000003
vertex 7021.040000000002 4803.890000000001 999.9600000000003
endloop
endfacet
facet normal 0.09950371902098973 -0.9950371902099902 0
outer loop
vertex 7099.040000000002 4803.890000000001 999.9600000000003
vertex 7099.040000000002 4803.890000000001 1399.9700000000003
vertex 7060.040000000002 4799.990000000002 1399.9700000000003
endloop
endfacet
facet normal 0.09950371902098973 -0.9950371902099902 0
outer loop
vertex 7099.040000000002 4803.890000000001 999.9600000000003
vertex 7060.040000000002 4799.990000000002 1399.9700000000003
vertex 7060.040000000002 4799.990000000002 999.9600000000003
endloop
endfacet
facet normal 0.2891770165876752 -0.9572756411177773 0
outer loop
vertex 7136.480000000001 4815.200000000002 999.9600000000003
vertex 7136.480000000001 4815.200000000002 1399.9700000000003
vertex 7099.040000000002 4803.890000000001 1399.9700000000003
endloop
endfacet
facet normal 0.2891770165876752 -0.9572756411177773 0
outer loop
vertex 7136.480000000001 4815.200000000002 999.9600000000003
vertex 7099.040000000002 4803.890000000001 1399.9700000000003
vertex 7099.040000000002 4803.890000000001 999.9600000000003
endloop
endfacet
facet normal 0.4709324651301603 -0.8821692656664197 0
outer loop
vertex 7171.060000000002 4833.660000000001 999.9600000000003
vertex 7171.060000000002 4833.660000000001 1399.9700000000003
vertex 7136.480000000001 4815.200000000002 1399.9700000000003
endloop
endfacet
facet normal 0.4709324651301603 -0.8821692656664197 0
outer loop
vertex 7171.060000000002 4833.660000000001 999.9600000000003
vertex 7136.480000000001 4815.200000000002 1399.9700000000003
vertex 7136.480000000001 4815.200000000002 999.9600000000003
endloop
endfacet
facet normal 0.6343166116780338 -0.7730733704825814 0
outer loop
vertex 7201.480000000001 4858.620000000001 999.9600000000003
vertex 7201.480000000001 4858.620000000001 1399.9700000000003
vertex 7171.060000000002 4833.660000000001 1399.9700000000003
endloop
endfacet
facet normal 0.6343166116780338 -0.7730733704825814 0
outer loop
vertex 7201.480000000001 4858.620000000001 999.9600000000003
vertex 7171.060000000002 4833.660000000001 1399.9700000000003
vertex 7171.060000000002 4833.660000000001 999.9600000000003
endloop
endfacet
facet normal 0.7733654271742592 -0.6339605003875048 0
outer loop
vertex 7226.310000000002 4888.910000000001 999.9600000000003
vertex 7226.310000000002 4888.910000000001 1399.9700000000003
vertex 7201.480000000001 4858.620000000001 1399.9700000000003
endloop
endfacet
facet normal 0.7733654271742592 -0.6339605003875048 0
outer loop
vertex 7226.310000000002 4888.910000000001 999.9600000000003
vertex 7201.480000000001 4858.620000000001 1399.9700000000003
vertex 7201.480000000001 4858.620000000001 999.9600000000003
endloop
endfacet
facet normal 0.8821692656664197 -0.4709324651301603 0
outer loop
vertex 7244.770000000001 4923.490000000002 999.9600000000003
vertex 7244.770000000001 4923.490000000002 1399.9700000000003
vertex 7226.310000000002 4888.910000000001 1399.9700000000003
endloop
endfacet
facet normal 0.8821692656664197 -0.4709324651301603 0
outer loop
vertex 7244.770000000001 4923.490000000002 999.9600000000003
vertex 7226.310000000002 4888.910000000001 1399.9700000000003
vertex 7226.310000000002 4888.910000000001 999.9600000000003
endloop
endfacet
facet normal 0.9563515710513344 -0.29221853559903493 0
outer loop
vertex 7256.210000000002 4960.930000000001 999.9600000000003
vertex 7256.210000000002 4960.930000000001 1399.9700000000003
vertex 7244.770000000001 4923.490000000002 1399.9700000000003
endloop
endfacet
facet normal 0.9563515710513344 -0.29221853559903493 0
outer loop
vertex 7256.210000000002 4960.930000000001 999.9600000000003
vertex 7244.770000000001 4923.490000000002 1399.9700000000003
vertex 7244.770000000001 4923.490000000002 999.9600000000003
endloop
endfacet
facet normal 0.9953908344575552 -0.0959014425224764 0
outer loop
vertex 7259.980000000001 5000.060000000001 999.9600000000003
vertex 7259.980000000001 5000.060000000001 1399.9700000000003
vertex 7256.210000000002 4960.930000000001 1399.9700000000003
endloop
endfacet
facet normal 0.9953908344575552 -0.0959014425224764 0
outer loop
vertex 7259.980000000001 5000.060000000001 999.9600000000003
vertex 7256.210000000002 4960.930000000001 1399.9700000000003
vertex 7256.210000000002 4960.930000000001 999.9600000000003
endloop
endfacet
facet normal 0.9953908344575549 0.0959014425224786 0
outer loop
vertex 7256.210000000002 4139.070000000001 999.9600000000003
vertex 7256.210000000002 4139.070000000001 1399.9700000000003
vertex 7259.980000000001 4099.940000000001 1399.9700000000003
endloop
endfacet
facet normal 0.9953908344575549 0.0959014425224786 0
outer loop
vertex 7256.210000000002 4139.070000000001 999.9600000000003
vertex 7259.980000000001 4099.940000000001 1399.9700000000003
vertex 7259.980000000001 4099.940000000001 999.9600000000003
endloop
endfacet
facet normal 0.9563515710513365 0.2922185355990285 0
outer loop
vertex 7244.770000000001 4176.510000000001 999.9600000000003
vertex 7244.770000000001 4176.510000000001 1399.9700000000003
vertex 7256.210000000002 4139.070000000001 1399.9700000000003
endloop
endfacet
facet normal 0.9563515710513365 0.2922185355990285 0
outer loop
vertex 7244.770000000001 4176.510000000001 999.9600000000003
vertex 7256.210000000002 4139.070000000001 1399.9700000000003
vertex 7256.210000000002 4139.070000000001 999.9600000000003
endloop
endfacet
facet normal 0.8821692656664147 0.47093246513017 0
outer loop
vertex 7226.310000000002 4211.090000000001 999.9600000000003
vertex 7226.310000000002 4211.090000000001 1399.9700000000003
vertex 7244.770000000001 4176.510000000001 1399.9700000000003
endloop
endfacet
facet normal 0.8821692656664147 0.47093246513017 0
outer loop
vertex 7226.310000000002 4211.090000000001 999.9600000000003
vertex 7244.770000000001 4176.510000000001 1399.9700000000003
vertex 7244.770000000001 4176.510000000001 999.9600000000003
endloop
endfacet
facet normal 0.7733654271742592 0.6339605003875048 0
outer loop
vertex 7201.480000000001 4241.380000000001 999.9600000000003
vertex 7201.480000000001 4241.380000000001 1399.9700000000003
vertex 7226.310000000002 4211.090000000001 1399.9700000000003
endloop
endfacet
facet normal 0.7733654271742592 0.6339605003875048 0
outer loop
vertex 7201.480000000001 4241.380000000001 999.9600000000003
vertex 7226.310000000002 4211.090000000001 1399.9700000000003
vertex 7226.310000000002 4211.090000000001 999.9600000000003
endloop
endfacet
facet normal 0.6343166116780338 0.7730733704825814 0
outer loop
vertex 7171.060000000002 4266.340000000001 999.9600000000003
vertex 7171.060000000002 4266.340000000001 1399.9700000000003
vertex 7201.480000000001 4241.380000000001 1399.9700000000003
endloop
endfacet
facet normal 0.6343166116780338 0.7730733704825814 0
outer loop
vertex 7171.060000000002 4266.340000000001 999.9600000000003
vertex 7201.480000000001 4241.380000000001 1399.9700000000003
vertex 7201.480000000001 4241.380000000001 999.9600000000003
endloop
endfacet
facet normal 0.4709324651301784 0.8821692656664102 0
outer loop
vertex 7136.480000000001 4284.800000000001 999.9600000000003
vertex 7136.480000000001 4284.800000000001 1399.9700000000003
vertex 7171.060000000002 4266.340000000001 1399.9700000000003
endloop
endfacet
facet normal 0.4709324651301784 0.8821692656664102 0
outer loop
vertex 7136.480000000001 4284.800000000001 999.9600000000003
vertex 7171.060000000002 4266.340000000001 1399.9700000000003
vertex 7171.060000000002 4266.340000000001 999.9600000000003
endloop
endfacet
facet normal 0.2891770165876752 0.9572756411177773 0
outer loop
vertex 7099.040000000002 4296.1100000000015 999.9600000000003
vertex 7099.040000000002 4296.1100000000015 1399.9700000000003
vertex 7136.480000000001 4284.800000000001 1399.9700000000003
endloop
endfacet
facet normal 0.2891770165876752 0.9572756411177773 0
outer loop
vertex 7099.040000000002 4296.1100000000015 999.9600000000003
vertex 7136.480000000001 4284.800000000001 1399.9700000000003
vertex 7136.480000000001 4284.800000000001 999.9600000000003
endloop
endfacet
facet normal 0.09950371902098973 0.9950371902099902 0
outer loop
vertex 7060.040000000002 4300.010000000001 999.9600000000003
vertex 7060.040000000002 4300.010000000001 1399.9700000000003
vertex 7099.040000000002 4296.1100000000015 1399.9700000000003
endloop
endfacet
facet normal 0.09950371902098973 0.9950371902099902 0
outer loop
vertex 7060.040000000002 4300.010000000001 999.9600000000003
vertex 7099.040000000002 4296.1100000000015 1399.9700000000003
vertex 7099.040000000002 4296.1100000000015 999.9600000000003
endloop
endfacet
facet normal -0.09950371902098973 0.9950371902099902 0
outer loop
vertex 7021.040000000002 4296.1100000000015 999.9600000000003
vertex 7021.040000000002 4296.1100000000015 1399.9700000000003
vertex 7060.040000000002 4300.010000000001 1399.9700000000003
endloop
endfacet
facet normal -0.09950371902098973 0.9950371902099902 0
outer loop
vertex 7021.040000000002 4296.1100000000015 999.9600000000003
vertex 7060.040000000002 4300.010000000001 1399.9700000000003
vertex 7060.040000000002 4300.010000000001 999.9600000000003
endloop
endfacet
facet normal -0.28825968092875 0.9575522734299444 0
outer loop
vertex 6983.470000000002 4284.800000000001 999.9600000000003
vertex 6983.470000000002 4284.800000000001 1399.9700000000003
vertex 7021.040000000002 4296.1100000000015 1399.9700000000003
endloop
endfacet
facet normal -0.28825968092875 0.9575522734299444 0
outer loop
vertex 6983.470000000002 4284.800000000001 999.9600000000003
vertex 7021.040000000002 4296.1100000000015 1399.9700000000003
vertex 7021.040000000002 4296.1100000000015 999.9600000000003
endloop
endfacet
facet normal -0.470932465130188 0.882169265666405 0
outer loop
vertex 6948.890000000002 4266.340000000001 999.9600000000003
vertex 6948.890000000002 4266.340000000001 1399.9700000000003
vertex 6983.470000000002 4284.800000000001 1399.9700000000003
endloop
endfacet
facet normal -0.470932465130188 0.882169265666405 0
outer loop
vertex 6948.890000000002 4266.340000000001 999.9600000000003
vertex 6983.470000000002 4284.800000000001 1399.9700000000003
vertex 6983.470000000002 4284.800000000001 999.9600000000003
endloop
endfacet
facet normal -0.6359394184773471 0.7717389817980518 0
outer loop
vertex 6918.600000000001 4241.380000000001 999.9600000000003
vertex 6918.600000000001 4241.380000000001 1399.9700000000003
vertex 6948.890000000002 4266.340000000001 1399.9700000000003
endloop
endfacet
facet normal -0.6359394184773471 0.7717389817980518 0
outer loop
vertex 6918.600000000001 4241.380000000001 999.9600000000003
vertex 6948.890000000002 4266.340000000001 1399.9700000000003
vertex 6948.890000000002 4266.340000000001 999.9600000000003
endloop
endfacet
facet normal -0.7733654271742705 0.633960500387491 0
outer loop
vertex 6893.770000000001 4211.090000000001 999.9600000000003
vertex 6893.770000000001 4211.090000000001 1399.9700000000003
vertex 6918.600000000001 4241.380000000001 1399.9700000000003
endloop
endfacet
facet normal -0.7733654271742705 0.633960500387491 0
outer loop
vertex 6893.770000000001 4211.090000000001 999.9600000000003
vertex 6918.600000000001 4241.380000000001 1399.9700000000003
vertex 6918.600000000001 4241.380000000001 999.9600000000003
endloop
endfacet
facet normal -0.8807898733199335 0.4735073379125774 0
outer loop
vertex 6875.180000000002 4176.510000000001 999.9600000000003
vertex 6875.180000000002 4176.510000000001 1399.9700000000003
vertex 6893.770000000001 4211.090000000001 1399.9700000000003
endloop
endfacet
facet normal -0.8807898733199335 0.4735073379125774 0
outer loop
vertex 6875.180000000002 4176.510000000001 999.9600000000003
vertex 6893.770000000001 4211.090000000001 1399.9700000000003
vertex 6893.770000000001 4211.090000000001 999.9600000000003
endloop
endfacet
facet normal -0.9572756411177793 0.28917701658766876 0
outer loop
vertex 6863.870000000002 4139.070000000001 999.9600000000003
vertex 6863.870000000002 4139.070000000001 1399.9700000000003
vertex 6875.180000000002 4176.510000000001 1399.9700000000003
endloop
endfacet
facet normal -0.9572756411177793 0.28917701658766876 0
outer loop
vertex 6863.870000000002 4139.070000000001 999.9600000000003
vertex 6875.180000000002 4176.510000000001 1399.9700000000003
vertex 6875.180000000002 4176.510000000001 999.9600000000003
endloop
endfacet
facet normal -0.9950698678600618 0.09917639879003216 0
outer loop
vertex 6859.970000000002 4099.940000000001 999.9600000000003
vertex 6859.970000000002 4099.940000000001 1399.9700000000003
vertex 6863.870000000002 4139.070000000001 1399.9700000000003
endloop
endfacet
facet normal -0.9950698678600618 0.09917639879003216 0
outer loop
vertex 6859.970000000002 4099.940000000001 999.9600000000003
vertex 6863.870000000002 4139.070000000001 1399.9700000000003
vertex 6863.870000000002 4139.070000000001 999.9600000000003
endloop
endfacet
facet normal -0.99503719020999 -0.09950371902098858 0
outer loop
vertex 6863.870000000002 4060.940000000001 999.9600000000003
vertex 6863.870000000002 4060.940000000001 1399.9700000000003
vertex 6859.970000000002 4099.940000000001 1399.9700000000003
endloop
endfacet
facet normal -0.99503719020999 -0.09950371902098858 0
outer loop
vertex 6863.870000000002 4060.940000000001 999.9600000000003
vertex 6859.970000000002 4099.940000000001 1399.9700000000003
vertex 6859.970000000002 4099.940000000001 999.9600000000003
endloop
endfacet
facet normal -0.9572756411177782 -0.289177016587672 0
outer loop
vertex 6875.180000000002 4023.500000000001 999.9600000000003
vertex 6875.180000000002 4023.500000000001 1399.9700000000003
vertex 6863.870000000002 4060.940000000001 1399.9700000000003
endloop
endfacet
facet normal -0.9572756411177782 -0.289177016587672 0
outer loop
vertex 6875.180000000002 4023.500000000001 999.9600000000003
vertex 6863.870000000002 4060.940000000001 1399.9700000000003
vertex 6863.870000000002 4060.940000000001 999.9600000000003
endloop
endfacet
facet normal -0.8807898733199335 -0.4735073379125774 0
outer loop
vertex 6893.770000000001 3988.920000000001 999.9600000000003
vertex 6893.770000000001 3988.920000000001 1399.9700000000003
vertex 6875.180000000002 4023.500000000001 1399.9700000000003
endloop
endfacet
facet normal -0.8807898733199335 -0.4735073379125774 0
outer loop
vertex 6893.770000000001 3988.920000000001 999.9600000000003
vertex 6875.180000000002 4023.500000000001 1399.9700000000003
vertex 6875.180000000002 4023.500000000001 999.9600000000003
endloop
endfacet
facet normal -0.7733654271742705 -0.633960500387491 0
outer loop
vertex 6918.600000000001 3958.630000000001 999.9600000000003
vertex 6918.600000000001 3958.630000000001 1399.9700000000003
vertex 6893.770000000001 3988.920000000001 1399.9700000000003
endloop
endfacet
facet normal -0.7733654271742705 -0.633960500387491 0
outer loop
vertex 6918.600000000001 3958.630000000001 999.9600000000003
vertex 6893.770000000001 3988.920000000001 1399.9700000000003
vertex 6893.770000000001 3988.920000000001 999.9600000000003
endloop
endfacet
facet normal -0.6359394184773471 -0.7717389817980518 0
outer loop
vertex 6948.890000000002 3933.670000000001 999.9600000000003
vertex 6948.890000000002 3933.670000000001 1399.9700000000003
vertex 6918.600000000001 3958.630000000001 1399.9700000000003
endloop
endfacet
facet normal -0.6359394184773471 -0.7717389817980518 0
outer loop
vertex 6948.890000000002 3933.670000000001 999.9600000000003
vertex 6918.600000000001 3958.630000000001 1399.9700000000003
vertex 6918.600000000001 3958.630000000001 999.9600000000003
endloop
endfacet
facet normal -0.470932465130188 -0.882169265666405 0
outer loop
vertex 6983.470000000002 3915.210000000001 999.9600000000003
vertex 6983.470000000002 3915.210000000001 1399.9700000000003
vertex 6948.890000000002 3933.670000000001 1399.9700000000003
endloop
endfacet
facet normal -0.470932465130188 -0.882169265666405 0
outer loop
vertex 6983.470000000002 3915.210000000001 999.9600000000003
vertex 6948.890000000002 3933.670000000001 1399.9700000000003
vertex 6948.890000000002 3933.670000000001 999.9600000000003
endloop
endfacet
facet normal -0.2882596809287394 -0.9575522734299476 0
outer loop
vertex 7021.040000000002 3903.900000000001 999.9600000000003
vertex 7021.040000000002 3903.900000000001 1399.9700000000003
vertex 6983.470000000002 3915.210000000001 1399.9700000000003
endloop
endfacet
facet normal -0.2882596809287394 -0.9575522734299476 0
outer loop
vertex 7021.040000000002 3903.900000000001 999.9600000000003
vertex 6983.470000000002 3915.210000000001 1399.9700000000003
vertex 6983.470000000002 3915.210000000001 999.9600000000003
endloop
endfacet
facet normal -0.09950371902100123 -0.995037190209989 0
outer loop
vertex 7060.040000000002 3900.000000000001 999.9600000000003
vertex 7060.040000000002 3900.000000000001 1399.9700000000003
vertex 7021.040000000002 3903.900000000001 1399.9700000000003
endloop
endfacet
facet normal -0.09950371902100123 -0.995037190209989 0
outer loop
vertex 7060.040000000002 3900.000000000001 999.9600000000003
vertex 7021.040000000002 3903.900000000001 1399.9700000000003
vertex 7021.040000000002 3903.900000000001 999.9600000000003
endloop
endfacet
facet normal 0.09950371902100123 -0.995037190209989 0
outer loop
vertex 7099.040000000002 3903.900000000001 999.9600000000003
vertex 7099.040000000002 3903.900000000001 1399.9700000000003
vertex 7060.040000000002 3900.000000000001 1399.9700000000003
endloop
endfacet
facet normal 0.09950371902100123 -0.995037190209989 0
outer loop
vertex 7099.040000000002 3903.900000000001 999.9600000000003
vertex 7060.040000000002 3900.000000000001 1399.9700000000003
vertex 7060.040000000002 3900.000000000001 999.9600000000003
endloop
endfacet
facet normal 0.28917701658766454 -0.9572756411177804 0
outer loop
vertex 7136.480000000001 3915.210000000001 999.9600000000003
vertex 7136.480000000001 3915.210000000001 1399.9700000000003
vertex 7099.040000000002 3903.900000000001 1399.9700000000003
endloop
endfacet
facet normal 0.28917701658766454 -0.9572756411177804 0
outer loop
vertex 7136.480000000001 3915.210000000001 999.9600000000003
vertex 7099.040000000002 3903.900000000001 1399.9700000000003
vertex 7099.040000000002 3903.900000000001 999.9600000000003
endloop
endfacet
facet normal 0.4709324651301784 -0.8821692656664102 0
outer loop
vertex 7171.060000000002 3933.670000000001 999.9600000000003
vertex 7171.060000000002 3933.670000000001 1399.9700000000003
vertex 7136.480000000001 3915.210000000001 1399.9700000000003
endloop
endfacet
facet normal 0.4709324651301784 -0.8821692656664102 0
outer loop
vertex 7171.060000000002 3933.670000000001 999.9600000000003
vertex 7136.480000000001 3915.210000000001 1399.9700000000003
vertex 7136.480000000001 3915.210000000001 999.9600000000003
endloop
endfacet
facet normal 0.6343166116780338 -0.7730733704825814 0
outer loop
vertex 7201.480000000001 3958.630000000001 999.9600000000003
vertex 7201.480000000001 3958.630000000001 1399.9700000000003
vertex 7171.060000000002 3933.670000000001 1399.9700000000003
endloop
endfacet
facet normal 0.6343166116780338 -0.7730733704825814 0
outer loop
vertex 7201.480000000001 3958.630000000001 999.9600000000003
vertex 7171.060000000002 3933.670000000001 1399.9700000000003
vertex 7171.060000000002 3933.670000000001 999.9600000000003
endloop
endfacet
facet normal 0.7733654271742592 -0.6339605003875048 0
outer loop
vertex 7226.310000000002 3988.920000000001 999.9600000000003
vertex 7226.310000000002 3988.920000000001 1399.9700000000003
vertex 7201.480000000001 3958.630000000001 1399.9700000000003
endloop
endfacet
facet normal 0.7733654271742592 -0.6339605003875048 0
outer loop
vertex 7226.310000000002 3988.920000000001 999.9600000000003
vertex 7201.480000000001 3958.630000000001 1399.9700000000003
vertex 7201.480000000001 3958.630000000001 999.9600000000003
endloop
endfacet
facet normal 0.8821692656664147 -0.47093246513017 0
outer loop
vertex 7244.770000000001 4023.500000000001 999.9600000000003
vertex 7244.770000000001 4023.500000000001 1399.9700000000003
vertex 7226.310000000002 3988.920000000001 1399.9700000000003
endloop
endfacet
facet normal 0.8821692656664147 -0.47093246513017 0
outer loop
vertex 7244.770000000001 4023.500000000001 999.9600000000003
vertex 7226.310000000002 3988.920000000001 1399.9700000000003
vertex 7226.310000000002 3988.920000000001 999.9600000000003
endloop
endfacet
facet normal 0.9563515710513354 -0.2922185355990317 0
outer loop
vertex 7256.210000000002 4060.940000000001 999.9600000000003
vertex 7256.210000000002 4060.940000000001 1399.9700000000003
vertex 7244.770000000001 4023.500000000001 1399.9700000000003
endloop
endfacet
facet normal 0.9563515710513354 -0.2922185355990317 0
outer loop
vertex 7256.210000000002 4060.940000000001 999.9600000000003
vertex 7244.770000000001 4023.500000000001 1399.9700000000003
vertex 7244.770000000001 4023.500000000001 999.9600000000003
endloop
endfacet
facet normal 0.9953602693534097 -0.0962181593708164 0
outer loop
vertex 7259.980000000001 4099.940000000001 999.9600000000003
vertex 7259.980000000001 4099.940000000001 1399.9700000000003
vertex 7256.210000000002 4060.940000000001 1399.9700000000003
endloop
endfacet
facet normal 0.9953602693534097 -0.0962181593708164 0
outer loop
vertex 7259.980000000001 4099.940000000001 999.9600000000003
vertex 7256.210000000002 4060.940000000001 1399.9700000000003
vertex 7256.210000000002 4060.940000000001 999.9600000000003
endloop
endfacet
facet normal 0.9953602693534095 0.09621815937081751 0
outer loop
vertex 8136.180000000002 5939.050000000001 999.9600000000003
vertex 8136.180000000002 5939.050000000001 1399.9700000000003
vertex 8139.950000000002 5900.050000000001 1399.9700000000003
endloop
endfacet
facet normal 0.9953602693534095 0.09621815937081751 0
outer loop
vertex 8136.180000000002 5939.050000000001 999.9600000000003
vertex 8139.950000000002 5900.050000000001 1399.9700000000003
vertex 8139.950000000002 5900.050000000001 999.9600000000003
endloop
endfacet
facet normal 0.9563515710513365 0.2922185355990285 0
outer loop
vertex 8124.740000000002 5976.490000000002 999.9600000000003
vertex 8124.740000000002 5976.490000000002 1399.9700000000003
vertex 8136.180000000002 5939.050000000001 1399.9700000000003
endloop
endfacet
facet normal 0.9563515710513365 0.2922185355990285 0
outer loop
vertex 8124.740000000002 5976.490000000002 999.9600000000003
vertex 8136.180000000002 5939.050000000001 1399.9700000000003
vertex 8136.180000000002 5939.050000000001 999.9600000000003
endloop
endfacet
facet normal 0.882169265666405 0.470932465130188 0
outer loop
vertex 8106.280000000002 6011.0700000000015 999.9600000000003
vertex 8106.280000000002 6011.0700000000015 1399.9700000000003
vertex 8124.740000000002 5976.490000000002 1399.9700000000003
endloop
endfacet
facet normal 0.882169265666405 0.470932465130188 0
outer loop
vertex 8106.280000000002 6011.0700000000015 999.9600000000003
vertex 8124.740000000002 5976.490000000002 1399.9700000000003
vertex 8124.740000000002 5976.490000000002 999.9600000000003
endloop
endfacet
facet normal 0.7733654271742705 0.633960500387491 0
outer loop
vertex 8081.450000000002 6041.3600000000015 999.9600000000003
vertex 8081.450000000002 6041.3600000000015 1399.9700000000003
vertex 8106.280000000002 6011.0700000000015 1399.9700000000003
endloop
endfacet
facet normal 0.7733654271742705 0.633960500387491 0
outer loop
vertex 8081.450000000002 6041.3600000000015 999.9600000000003
vertex 8106.280000000002 6011.0700000000015 1399.9700000000003
vertex 8106.280000000002 6011.0700000000015 999.9600000000003
endloop
endfacet
facet normal 0.6359394184773585 0.7717389817980425 0
outer loop
vertex 8051.160000000002 6066.3200000000015 999.9600000000003
vertex 8051.160000000002 6066.3200000000015 1399.9700000000003
vertex 8081.450000000002 6041.3600000000015 1399.9700000000003
endloop
endfacet
facet normal 0.6359394184773585 0.7717389817980425 0
outer loop
vertex 8051.160000000002 6066.3200000000015 999.9600000000003
vertex 8081.450000000002 6041.3600000000015 1399.9700000000003
vertex 8081.450000000002 6041.3600000000015 999.9600000000003
endloop
endfacet
facet normal 0.470932465130188 0.882169265666405 0
outer loop
vertex 8016.580000000002 6084.780000000002 999.9600000000003
vertex 8016.580000000002 6084.780000000002 1399.9700000000003
vertex 8051.160000000002 6066.3200000000015 1399.9700000000003
endloop
endfacet
facet normal 0.470932465130188 0.882169265666405 0
outer loop
vertex 8016.580000000002 6084.780000000002 999.9600000000003
vertex 8051.160000000002 6066.3200000000015 1399.9700000000003
vertex 8051.160000000002 6066.3200000000015 999.9600000000003
endloop
endfacet
facet normal 0.2912933318541731 0.9566337830211173 0
outer loop
vertex 7979.010000000002 6096.220000000001 999.9600000000003
vertex 7979.010000000002 6096.220000000001 1399.9700000000003
vertex 8016.580000000002 6084.780000000002 1399.9700000000003
endloop
endfacet
facet normal 0.2912933318541731 0.9566337830211173 0
outer loop
vertex 7979.010000000002 6096.220000000001 999.9600000000003
vertex 8016.580000000002 6084.780000000002 1399.9700000000003
vertex 8016.580000000002 6084.780000000002 999.9600000000003
endloop
endfacet
facet normal 0.09621815937084052 0.9953602693534074 0
outer loop
vertex 7940.010000000002 6099.990000000002 999.9600000000003
vertex 7940.010000000002 6099.990000000002 1399.9700000000003
vertex 7979.010000000002 6096.220000000001 1399.9700000000003
endloop
endfacet
facet normal 0.09621815937084052 0.9953602693534074 0
outer loop
vertex 7940.010000000002 6099.990000000002 999.9600000000003
vertex 7979.010000000002 6096.220000000001 1399.9700000000003
vertex 7979.010000000002 6096.220000000001 999.9600000000003
endloop
endfacet
facet normal -0.09621815937084052 0.9953602693534074 0
outer loop
vertex 7901.010000000002 6096.220000000001 999.9600000000003
vertex 7901.010000000002 6096.220000000001 1399.9700000000003
vertex 7940.010000000002 6099.990000000002 1399.9700000000003
endloop
endfacet
facet normal -0.09621815937084052 0.9953602693534074 0
outer loop
vertex 7901.010000000002 6096.220000000001 999.9600000000003
vertex 7940.010000000002 6099.990000000002 1399.9700000000003
vertex 7940.010000000002 6099.990000000002 999.9600000000003
endloop
endfacet
facet normal -0.2912933318541731 0.9566337830211173 0
outer loop
vertex 7863.440000000002 6084.780000000002 999.9600000000003
vertex 7863.440000000002 6084.780000000002 1399.9700000000003
vertex 7901.010000000002 6096.220000000001 1399.9700000000003
endloop
endfacet
facet normal -0.2912933318541731 0.9566337830211173 0
outer loop
vertex 7863.440000000002 6084.780000000002 999.9600000000003
vertex 7901.010000000002 6096.220000000001 1399.9700000000003
vertex 7901.010000000002 6096.220000000001 999.9600000000003
endloop
endfacet
facet normal -0.4709324651301784 0.8821692656664102 0
outer loop
vertex 7828.8600000000015 6066.3200000000015 999.9600000000003
vertex 7828.8600000000015 6066.3200000000015 1399.9700000000003
vertex 7863.440000000002 6084.780000000002 1399.9700000000003
endloop
endfacet
facet normal -0.4709324651301784 0.8821692656664102 0
outer loop
vertex 7828.8600000000015 6066.3200000000015 999.9600000000003
vertex 7863.440000000002 6084.780000000002 1399.9700000000003
vertex 7863.440000000002 6084.780000000002 999.9600000000003
endloop
endfacet
facet normal -0.6359394184773585 0.7717389817980425 0
outer loop
vertex 7798.5700000000015 6041.3600000000015 999.9600000000003
vertex 7798.5700000000015 6041.3600000000015 1399.9700000000003
vertex 7828.8600000000015 6066.3200000000015 1399.9700000000003
endloop
endfacet
facet normal -0.6359394184773585 0.7717389817980425 0
outer loop
vertex 7798.5700000000015 6041.3600000000015 999.9600000000003
vertex 7828.8600000000015 6066.3200000000015 1399.9700000000003
vertex 7828.8600000000015 6066.3200000000015 999.9600000000003
endloop
endfacet
facet normal -0.7733654271742705 0.633960500387491 0
outer loop
vertex 7773.740000000002 6011.0700000000015 999.9600000000003
vertex 7773.740000000002 6011.0700000000015 1399.9700000000003
vertex 7798.5700000000015 6041.3600000000015 1399.9700000000003
endloop
endfacet
facet normal -0.7733654271742705 0.633960500387491 0
outer loop
vertex 7773.740000000002 6011.0700000000015 999.9600000000003
vertex 7798.5700000000015 6041.3600000000015 1399.9700000000003
vertex 7798.5700000000015 6041.3600000000015 999.9600000000003
endloop
endfacet
facet normal -0.882169265666405 0.470932465130188 0
outer loop
vertex 7755.280000000002 5976.490000000002 999.9600000000003
vertex 7755.280000000002 5976.490000000002 1399.9700000000003
vertex 7773.740000000002 6011.0700000000015 1399.9700000000003
endloop
endfacet
facet normal -0.882169265666405 0.470932465130188 0
outer loop
vertex 7755.280000000002 5976.490000000002 999.9600000000003
vertex 7773.740000000002 6011.0700000000015 1399.9700000000003
vertex 7773.740000000002 6011.0700000000015 999.9600000000003
endloop
endfacet
facet normal -0.9563515710513427 0.2922185355990072 0
outer loop
vertex 7743.840000000002 5939.050000000001 999.9600000000003
vertex 7743.840000000002 5939.050000000001 1399.9700000000003
vertex 7755.280000000002 5976.490000000002 1399.9700000000003
endloop
endfacet
facet normal -0.9563515710513427 0.2922185355990072 0
outer loop
vertex 7743.840000000002 5939.050000000001 999.9600000000003
vertex 7755.280000000002 5976.490000000002 1399.9700000000003
vertex 7755.280000000002 5976.490000000002 999.9600000000003
endloop
endfacet
facet normal -0.9950371902099902 0.09950371902098973 0
outer loop
vertex 7739.940000000002 5900.050000000001 999.9600000000003
vertex 7739.940000000002 5900.050000000001 1399.9700000000003
vertex 7743.840000000002 5939.050000000001 1399.9700000000003
endloop
endfacet
facet normal -0.9950371902099902 0.09950371902098973 0
outer loop
vertex 7739.940000000002 5900.050000000001 999.9600000000003
vertex 7743.840000000002 5939.050000000001 1399.9700000000003
vertex 7743.840000000002 5939.050000000001 999.9600000000003
endloop
endfacet
facet normal -0.9950698678600618 -0.09917639879003216 0
outer loop
vertex 7743.840000000002 5860.920000000002 999.9600000000003
vertex 7743.840000000002 5860.920000000002 1399.9700000000003
vertex 7739.940000000002 5900.050000000001 1399.9700000000003
endloop
endfacet
facet normal -0.9950698678600618 -0.09917639879003216 0
outer loop
vertex 7743.840000000002 5860.920000000002 999.9600000000003
vertex 7739.940000000002 5900.050000000001 1399.9700000000003
vertex 7739.940000000002 5900.050000000001 999.9600000000003
endloop
endfacet
facet normal -0.9563515710513427 -0.2922185355990072 0
outer loop
vertex 7755.280000000002 5823.480000000001 999.9600000000003
vertex 7755.280000000002 5823.480000000001 1399.9700000000003
vertex 7743.840000000002 5860.920000000002 1399.9700000000003
endloop
endfacet
facet normal -0.9563515710513427 -0.2922185355990072 0
outer loop
vertex 7755.280000000002 5823.480000000001 999.9600000000003
vertex 7743.840000000002 5860.920000000002 1399.9700000000003
vertex 7743.840000000002 5860.920000000002 999.9600000000003
endloop
endfacet
facet normal -0.882169265666405 -0.470932465130188 0
outer loop
vertex 7773.740000000002 5788.9000000000015 999.9600000000003
vertex 7773.740000000002 5788.9000000000015 1399.9700000000003
vertex 7755.280000000002 5823.480000000001 1399.9700000000003
endloop
endfacet
facet normal -0.882169265666405 -0.470932465130188 0
outer loop
vertex 7773.740000000002 5788.9000000000015 999.9600000000003
vertex 7755.280000000002 5823.480000000001 1399.9700000000003
vertex 7755.280000000002 5823.480000000001 999.9600000000003
endloop
endfacet
facet normal -0.7733654271742705 -0.633960500387491 0
outer loop
vertex 7798.5700000000015 5758.6100000000015 999.9600000000003
vertex 7798.5700000000015 5758.6100000000015 1399.9700000000003
vertex 7773.740000000002 5788.9000000000015 1399.9700000000003
endloop
endfacet
facet normal -0.7733654271742705 -0.633960500387491 0
outer loop
vertex 7798.5700000000015 5758.6100000000015 999.9600000000003
vertex 7773.740000000002 5788.9000000000015 1399.9700000000003
vertex 7773.740000000002 5788.9000000000015 999.9600000000003
endloop
endfacet
facet normal -0.6359394184773585 -0.7717389817980425 0
outer loop
vertex 7828.8600000000015 5733.6500000000015 999.9600000000003
vertex 7828.8600000000015 5733.6500000000015 1399.9700000000003
vertex 7798.5700000000015 5758.6100000000015 1399.9700000000003
endloop
endfacet
facet normal -0.6359394184773585 -0.7717389817980425 0
outer loop
vertex 7828.8600000000015 5733.6500000000015 999.9600000000003
vertex 7798.5700000000015 5758.6100000000015 1399.9700000000003
vertex 7798.5700000000015 5758.6100000000015 999.9600000000003
endloop
endfacet
facet normal -0.4709324651301784 -0.8821692656664102 0
outer loop
vertex 7863.440000000002 5715.190000000001 999.9600000000003
vertex 7863.440000000002 5715.190000000001 1399.9700000000003
vertex 7828.8600000000015 5733.6500000000015 1399.9700000000003
endloop
endfacet
facet normal -0.4709324651301784 -0.8821692656664102 0
outer loop
vertex 7863.440000000002 5715.190000000001 999.9600000000003
vertex 7828.8600000000015 5733.6500000000015 1399.9700000000003
vertex 7828.8600000000015 5733.6500000000015 999.9600000000003
endloop
endfacet
facet normal -0.28825968092875 -0.9575522734299444 0
outer loop
vertex 7901.010000000002 5703.880000000001 999.9600000000003
vertex 7901.010000000002 5703.880000000001 1399.9700000000003
vertex 7863.440000000002 5715.190000000001 1399.9700000000003
endloop
endfacet
facet normal -0.28825968092875 -0.9575522734299444 0
outer loop
vertex 7901.010000000002 5703.880000000001 999.9600000000003
vertex 7863.440000000002 5715.190000000001 1399.9700000000003
vertex 7863.440000000002 5715.190000000001 999.9600000000003
endloop
endfacet
facet normal -0.09950371902098973 -0.9950371902099902 0
outer loop
vertex 7940.010000000002 5699.980000000001 999.9600000000003
vertex 7940.010000000002 5699.980000000001 1399.9700000000003
vertex 7901.010000000002 5703.880000000001 1399.9700000000003
endloop
endfacet
facet normal -0.09950371902098973 -0.9950371902099902 0
outer loop
vertex 7940.010000000002 5699.980000000001 999.9600000000003
vertex 7901.010000000002 5703.880000000001 1399.9700000000003
vertex 7901.010000000002 5703.880000000001 999.9600000000003
endloop
endfacet
facet normal 0.09950371902098973 -0.9950371902099902 0
outer loop
vertex 7979.010000000002 5703.880000000001 999.9600000000003
vertex 7979.010000000002 5703.880000000001 1399.9700000000003
vertex 7940.010000000002 5699.980000000001 1399.9700000000003
endloop
endfacet
facet normal 0.09950371902098973 -0.9950371902099902 0
outer loop
vertex 7979.010000000002 5703.880000000001 999.9600000000003
vertex 7940.010000000002 5699.980000000001 1399.9700000000003
vertex 7940.010000000002 5699.980000000001 999.9600000000003
endloop
endfacet
facet normal 0.28825968092875 -0.9575522734299444 0
outer loop
vertex 8016.580000000002 5715.190000000001 999.9600000000003
vertex 8016.580000000002 5715.190000000001 1399.9700000000003
vertex 7979.010000000002 5703.880000000001 1399.9700000000003
endloop
endfacet
facet normal 0.28825968092875 -0.9575522734299444 0
outer loop
vertex 8016.580000000002 5715.190000000001 999.9600000000003
vertex 7979.010000000002 5703.880000000001 1399.9700000000003
vertex 7979.010000000002 5703.880000000001 999.9600000000003
endloop
endfacet
facet normal 0.470932465130188 -0.882169265666405 0
outer loop
vertex 8051.160000000002 5733.6500000000015 999.9600000000003
vertex 8051.160000000002 5733.6500000000015 1399.9700000000003
vertex 8016.580000000002 5715.190000000001 1399.9700000000003
endloop
endfacet
facet normal 0.470932465130188 -0.882169265666405 0
outer loop
vertex 8051.160000000002 5733.6500000000015 999.9600000000003
vertex 8016.580000000002 5715.190000000001 1399.9700000000003
vertex 8016.580000000002 5715.190000000001 999.9600000000003
endloop
endfacet
facet normal 0.6359394184773585 -0.7717389817980425 0
outer loop
vertex 8081.450000000002 5758.6100000000015 999.9600000000003
vertex 8081.450000000002 5758.6100000000015 1399.9700000000003
vertex 8051.160000000002 5733.6500000000015 1399.9700000000003
endloop
endfacet
facet normal 0.6359394184773585 -0.7717389817980425 0
outer loop
vertex 8081.450000000002 5758.6100000000015 999.9600000000003
vertex 8051.160000000002 5733.6500000000015 1399.9700000000003
vertex 8051.160000000002 5733.6500000000015 999.9600000000003
endloop
endfacet
facet normal 0.7733654271742705 -0.633960500387491 0
outer loop
vertex 8106.280000000002 5788.9000000000015 999.9600000000003
vertex 8106.280000000002 5788.9000000000015 1399.9700000000003
vertex 8081.450000000002 5758.6100000000015 1399.9700000000003
endloop
endfacet
facet normal 0.7733654271742705 -0.633960500387491 0
outer loop
vertex 8106.280000000002 5788.9000000000015 999.9600000000003
vertex 8081.450000000002 5758.6100000000015 1399.9700000000003
vertex 8081.450000000002 5758.6100000000015 999.9600000000003
endloop
endfacet
facet normal 0.882169265666405 -0.470932465130188 0
outer loop
vertex 8124.740000000002 5823.480000000001 999.9600000000003
vertex 8124.740000000002 5823.480000000001 1399.9700000000003
vertex 8106.280000000002 5788.9000000000015 1399.9700000000003
endloop
endfacet
facet normal 0.882169265666405 -0.470932465130188 0
outer loop
vertex 8124.740000000002 5823.480000000001 999.9600000000003
vertex 8106.280000000002 5788.9000000000015 1399.9700000000003
vertex 8106.280000000002 5788.9000000000015 999.9600000000003
endloop
endfacet
facet normal 0.9563515710513365 -0.2922185355990285 0
outer loop
vertex 8136.180000000002 5860.920000000002 999.9600000000003
vertex 8136.180000000002 5860.920000000002 1399.9700000000003
vertex 8124.740000000002 5823.480000000001 1399.9700000000003
endloop
endfacet
facet normal 0.9563515710513365 -0.2922185355990285 0
outer loop
vertex 8136.180000000002 5860.920000000002 999.9600000000003
vertex 8124.740000000002 5823.480000000001 1399.9700000000003
vertex 8124.740000000002 5823.480000000001 999.9600000000003
endloop
endfacet
facet normal 0.9953908344575549 -0.0959014425224786 0
outer loop
vertex 8139.950000000002 5900.050000000001 999.9600000000003
vertex 8139.950000000002 5900.050000000001 1399.9700000000003
vertex 8136.180000000002 5860.920000000002 1399.9700000000003
endloop
endfacet
facet normal 0.9953908344575549 -0.0959014425224786 0
outer loop
vertex 8139.950000000002 5900.050000000001 999.9600000000003
vertex 8136.180000000002 5860.920000000002 1399.9700000000003
vertex 8136.180000000002 5860.920000000002 999.9600000000003
endloop
endfacet
facet normal 0.9953602693534095 0.09621815937081751 0
outer loop
vertex 8136.180000000002 5039.060000000001 999.9600000000003
vertex 8136.180000000002 5039.060000000001 1399.9700000000003
vertex 8139.950000000002 5000.060000000001 1399.9700000000003
endloop
endfacet
facet normal 0.9953602693534095 0.09621815937081751 0
outer loop
vertex 8136.180000000002 5039.060000000001 999.9600000000003
vertex 8139.950000000002 5000.060000000001 1399.9700000000003
vertex 8139.950000000002 5000.060000000001 999.9600000000003
endloop
endfacet
facet normal 0.9563515710513344 0.29221853559903493 0
outer loop
vertex 8124.740000000002 5076.500000000001 999.9600000000003
vertex 8124.740000000002 5076.500000000001 1399.9700000000003
vertex 8136.180000000002 5039.060000000001 1399.9700000000003
endloop
endfacet
facet normal 0.9563515710513344 0.29221853559903493 0
outer loop
vertex 8124.740000000002 5076.500000000001 999.9600000000003
vertex 8136.180000000002 5039.060000000001 1399.9700000000003
vertex 8136.180000000002 5039.060000000001 999.9600000000003
endloop
endfacet
facet normal 0.882169265666405 0.470932465130188 0
outer loop
vertex 8106.280000000002 5111.080000000001 999.9600000000003
vertex 8106.280000000002 5111.080000000001 1399.9700000000003
vertex 8124.740000000002 5076.500000000001 1399.9700000000003
endloop
endfacet
facet normal 0.882169265666405 0.470932465130188 0
outer loop
vertex 8106.280000000002 5111.080000000001 999.9600000000003
vertex 8124.740000000002 5076.500000000001 1399.9700000000003
vertex 8124.740000000002 5076.500000000001 999.9600000000003
endloop
endfacet
facet normal 0.7733654271742799 0.6339605003874796 0
outer loop
vertex 8081.450000000002 5141.370000000002 999.9600000000003
vertex 8081.450000000002 5141.370000000002 1399.9700000000003
vertex 8106.280000000002 5111.080000000001 1399.9700000000003
endloop
endfacet
facet normal 0.7733654271742799 0.6339605003874796 0
outer loop
vertex 8081.450000000002 5141.370000000002 999.9600000000003
vertex 8106.280000000002 5111.080000000001 1399.9700000000003
vertex 8106.280000000002 5111.080000000001 999.9600000000003
endloop
endfacet
facet normal 0.6359394184773446 0.7717389817980538 0
outer loop
vertex 8051.160000000002 5166.330000000001 999.9600000000003
vertex 8051.160000000002 5166.330000000001 1399.9700000000003
vertex 8081.450000000002 5141.370000000002 1399.9700000000003
endloop
endfacet
facet normal 0.6359394184773446 0.7717389817980538 0
outer loop
vertex 8051.160000000002 5166.330000000001 999.9600000000003
vertex 8081.450000000002 5141.370000000002 1399.9700000000003
vertex 8081.450000000002 5141.370000000002 999.9600000000003
endloop
endfacet
facet normal 0.470932465130188 0.882169265666405 0
outer loop
vertex 8016.580000000002 5184.790000000001 999.9600000000003
vertex 8016.580000000002 5184.790000000001 1399.9700000000003
vertex 8051.160000000002 5166.330000000001 1399.9700000000003
endloop
endfacet
facet normal 0.470932465130188 0.882169265666405 0
outer loop
vertex 8016.580000000002 5184.790000000001 999.9600000000003
vertex 8051.160000000002 5166.330000000001 1399.9700000000003
vertex 8051.160000000002 5166.330000000001 999.9600000000003
endloop
endfacet
facet normal 0.28825968092875 0.9575522734299444 0
outer loop
vertex 7979.010000000002 5196.100000000001 999.9600000000003
vertex 7979.010000000002 5196.100000000001 1399.9700000000003
vertex 8016.580000000002 5184.790000000001 1399.9700000000003
endloop
endfacet
facet normal 0.28825968092875 0.9575522734299444 0
outer loop
vertex 7979.010000000002 5196.100000000001 999.9600000000003
vertex 8016.580000000002 5184.790000000001 1399.9700000000003
vertex 8016.580000000002 5184.790000000001 999.9600000000003
endloop
endfacet
facet normal 0.09950371902098973 0.9950371902099902 0
outer loop
vertex 7940.010000000002 5200.000000000001 999.9600000000003
vertex 7940.010000000002 5200.000000000001 1399.9700000000003
vertex 7979.010000000002 5196.100000000001 1399.9700000000003
endloop
endfacet
facet normal 0.09950371902098973 0.9950371902099902 0
outer loop
vertex 7940.010000000002 5200.000000000001 999.9600000000003
vertex 7979.010000000002 5196.100000000001 1399.9700000000003
vertex 7979.010000000002 5196.100000000001 999.9600000000003
endloop
endfacet
facet normal -0.09950371902098973 0.9950371902099902 0
outer loop
vertex 7901.010000000002 5196.100000000001 999.9600000000003
vertex 7901.010000000002 5196.100000000001 1399.9700000000003
vertex 7940.010000000002 5200.000000000001 1399.9700000000003
endloop
endfacet
facet normal -0.09950371902098973 0.9950371902099902 0
outer loop
vertex 7901.010000000002 5196.100000000001 999.9600000000003
vertex 7940.010000000002 5200.000000000001 1399.9700000000003
vertex 7940.010000000002 5200.000000000001 999.9600000000003
endloop
endfacet
facet normal -0.28825968092875 0.9575522734299444 0
outer loop
vertex 7863.440000000002 5184.790000000001 999.9600000000003
vertex 7863.440000000002 5184.790000000001 1399.9700000000003
vertex 7901.010000000002 5196.100000000001 1399.9700000000003
endloop
endfacet
facet normal -0.28825968092875 0.9575522734299444 0
outer loop
vertex 7863.440000000002 5184.790000000001 999.9600000000003
vertex 7901.010000000002 5196.100000000001 1399.9700000000003
vertex 7901.010000000002 5196.100000000001 999.9600000000003
endloop
endfacet
facet normal -0.4709324651301784 0.8821692656664102 0
outer loop
vertex 7828.8600000000015 5166.330000000001 999.9600000000003
vertex 7828.8600000000015 5166.330000000001 1399.9700000000003
vertex 7863.440000000002 5184.790000000001 1399.9700000000003
endloop
endfacet
facet normal -0.4709324651301784 0.8821692656664102 0
outer loop
vertex 7828.8600000000015 5166.330000000001 999.9600000000003
vertex 7863.440000000002 5184.790000000001 1399.9700000000003
vertex 7863.440000000002 5184.790000000001 999.9600000000003
endloop
endfacet
facet normal -0.6359394184773446 0.7717389817980538 0
outer loop
vertex 7798.5700000000015 5141.370000000002 999.9600000000003
vertex 7798.5700000000015 5141.370000000002 1399.9700000000003
vertex 7828.8600000000015 5166.330000000001 1399.9700000000003
endloop
endfacet
facet normal -0.6359394184773446 0.7717389817980538 0
outer loop
vertex 7798.5700000000015 5141.370000000002 999.9600000000003
vertex 7828.8600000000015 5166.330000000001 1399.9700000000003
vertex 7828.8600000000015 5166.330000000001 999.9600000000003
endloop
endfacet
facet normal -0.7733654271742799 0.6339605003874796 0
outer loop
vertex 7773.740000000002 5111.080000000001 999.9600000000003
vertex 7773.740000000002 5111.080000000001 1399.9700000000003
vertex 7798.5700000000015 5141.370000000002 1399.9700000000003
endloop
endfacet
facet normal -0.7733654271742799 0.6339605003874796 0
outer loop
vertex 7773.740000000002 5111.080000000001 999.9600000000003
vertex 7798.5700000000015 5141.370000000002 1399.9700000000003
vertex 7798.5700000000015 5141.370000000002 999.9600000000003
endloop
endfacet
facet normal -0.882169265666405 0.470932465130188 0
outer loop
vertex 7755.280000000002 5076.500000000001 999.9600000000003
vertex 7755.280000000002 5076.500000000001 1399.9700000000003
vertex 7773.740000000002 5111.080000000001 1399.9700000000003
endloop
endfacet
facet normal -0.882169265666405 0.470932465130188 0
outer loop
vertex 7755.280000000002 5076.500000000001 999.9600000000003
vertex 7773.740000000002 5111.080000000001 1399.9700000000003
vertex 7773.740000000002 5111.080000000001 999.9600000000003
endloop
endfacet
facet normal -0.956351571051341 0.2922185355990138 0
outer loop
vertex 7743.840000000002 5039.060000000001 999.9600000000003
vertex 7743.840000000002 5039.060000000001 1399.9700000000003
vertex 7755.280000000002 5076.500000000001 1399.9700000000003
endloop
endfacet
facet normal -0.956351571051341 0.2922185355990138 0
outer loop
vertex 7743.840000000002 5039.060000000001 999.9600000000003
vertex 7755.280000000002 5076.500000000001 1399.9700000000003
vertex 7755.280000000002 5076.500000000001 999.9600000000003
endloop
endfacet
facet normal -0.9950371902099902 0.09950371902098973 0
outer loop
vertex 7739.940000000002 5000.060000000001 999.9600000000003
vertex 7739.940000000002 5000.060000000001 1399.9700000000003
vertex 7743.840000000002 5039.060000000001 1399.9700000000003
endloop
endfacet
facet normal -0.9950371902099902 0.09950371902098973 0
outer loop
vertex 7739.940000000002 5000.060000000001 999.9600000000003
vertex 7743.840000000002 5039.060000000001 1399.9700000000003
vertex 7743.840000000002 5039.060000000001 999.9600000000003
endloop
endfacet
facet normal -0.9950698678600619 -0.09917639879002987 0
outer loop
vertex 7743.840000000002 4960.930000000001 999.9600000000003
vertex 7743.840000000002 4960.930000000001 1399.9700000000003
vertex 7739.940000000002 5000.060000000001 1399.9700000000003
endloop
endfacet
facet normal -0.9950698678600619 -0.09917639879002987 0
outer loop
vertex 7743.840000000002 4960.930000000001 999.9600000000003
vertex 7739.940000000002 5000.060000000001 1399.9700000000003
vertex 7739.940000000002 5000.060000000001 999.9600000000003
endloop
endfacet
facet normal -0.956351571051341 -0.2922185355990138 0
outer loop
vertex 7755.280000000002 4923.490000000002 999.9600000000003
vertex 7755.280000000002 4923.490000000002 1399.9700000000003
vertex 7743.840000000002 4960.930000000001 1399.9700000000003
endloop
endfacet
facet normal -0.956351571051341 -0.2922185355990138 0
outer loop
vertex 7755.280000000002 4923.490000000002 999.9600000000003
vertex 7743.840000000002 4960.930000000001 1399.9700000000003
vertex 7743.840000000002 4960.930000000001 999.9600000000003
endloop
endfacet
facet normal -0.8821692656664102 -0.4709324651301784 0
outer loop
vertex 7773.740000000002 4888.910000000001 999.9600000000003
vertex 7773.740000000002 4888.910000000001 1399.9700000000003
vertex 7755.280000000002 4923.490000000002 1399.9700000000003
endloop
endfacet
facet normal -0.8821692656664102 -0.4709324651301784 0
outer loop
vertex 7773.740000000002 4888.910000000001 999.9600000000003
vertex 7755.280000000002 4923.490000000002 1399.9700000000003
vertex 7755.280000000002 4923.490000000002 999.9600000000003
endloop
endfacet
facet normal -0.7733654271742705 -0.633960500387491 0
outer loop
vertex 7798.5700000000015 4858.620000000001 999.9600000000003
vertex 7798.5700000000015 4858.620000000001 1399.9700000000003
vertex 7773.740000000002 4888.910000000001 1399.9700000000003
endloop
endfacet
facet normal -0.7733654271742705 -0.633960500387491 0
outer loop
vertex 7798.5700000000015 4858.620000000001 999.9600000000003
vertex 7773.740000000002 4888.910000000001 1399.9700000000003
vertex 7773.740000000002 4888.910000000001 999.9600000000003
endloop
endfacet
facet normal -0.6359394184773585 -0.7717389817980425 0
outer loop
vertex 7828.8600000000015 4833.660000000001 999.9600000000003
vertex 7828.8600000000015 4833.660000000001 1399.9700000000003
vertex 7798.5700000000015 4858.620000000001 1399.9700000000003
endloop
endfacet
facet normal -0.6359394184773585 -0.7717389817980425 0
outer loop
vertex 7828.8600000000015 4833.660000000001 999.9600000000003
vertex 7798.5700000000015 4858.620000000001 1399.9700000000003
vertex 7798.5700000000015 4858.620000000001 999.9600000000003
endloop
endfacet
facet normal -0.4709324651301603 -0.8821692656664197 0
outer loop
vertex 7863.440000000002 4815.200000000002 999.9600000000003
vertex 7863.440000000002 4815.200000000002 1399.9700000000003
vertex 7828.8600000000015 4833.660000000001 1399.9700000000003
endloop
endfacet
facet normal -0.4709324651301603 -0.8821692656664197 0
outer loop
vertex 7863.440000000002 4815.200000000002 999.9600000000003
vertex 7828.8600000000015 4833.660000000001 1399.9700000000003
vertex 7828.8600000000015 4833.660000000001 999.9600000000003
endloop
endfacet
facet normal -0.28825968092875 -0.9575522734299444 0
outer loop
vertex 7901.010000000002 4803.890000000001 999.9600000000003
vertex 7901.010000000002 4803.890000000001 1399.9700000000003
vertex 7863.440000000002 4815.200000000002 1399.9700000000003
endloop
endfacet
facet normal -0.28825968092875 -0.9575522734299444 0
outer loop
vertex 7901.010000000002 4803.890000000001 999.9600000000003
vertex 7863.440000000002 4815.200000000002 1399.9700000000003
vertex 7863.440000000002 4815.200000000002 999.9600000000003
endloop
endfacet
facet normal -0.09950371902098973 -0.9950371902099902 0
outer loop
vertex 7940.010000000002 4799.990000000002 999.9600000000003
vertex 7940.010000000002 4799.990000000002 1399.9700000000003
vertex 7901.010000000002 4803.890000000001 1399.9700000000003
endloop
endfacet
facet normal -0.09950371902098973 -0.9950371902099902 0
outer loop
vertex 7940.010000000002 4799.990000000002 999.9600000000003
vertex 7901.010000000002 4803.890000000001 1399.9700000000003
vertex 7901.010000000002 4803.890000000001 999.9600000000003
endloop
endfacet
facet normal 0.09950371902098973 -0.9950371902099902 0
outer loop
vertex 7979.010000000002 4803.890000000001 999.9600000000003
vertex 7979.010000000002 4803.890000000001 1399.9700000000003
vertex 7940.010000000002 4799.990000000002 1399.9700000000003
endloop
endfacet
facet normal 0.09950371902098973 -0.9950371902099902 0
outer loop
vertex 7979.010000000002 4803.890000000001 999.9600000000003
vertex 7940.010000000002 4799.990000000002 1399.9700000000003
vertex 7940.010000000002 4799.990000000002 999.9600000000003
endloop
endfacet
facet normal 0.28825968092875 -0.9575522734299444 0
outer loop
vertex 8016.580000000002 4815.200000000002 999.9600000000003
vertex 8016.580000000002 4815.200000000002 1399.9700000000003
vertex 7979.010000000002 4803.890000000001 1399.9700000000003
endloop
endfacet
facet normal 0.28825968092875 -0.9575522734299444 0
outer loop
vertex 8016.580000000002 4815.200000000002 999.9600000000003
vertex 7979.010000000002 4803.890000000001 1399.9700000000003
vertex 7979.010000000002 4803.890000000001 999.9600000000003
endloop
endfacet
facet normal 0.47093246513017 -0.8821692656664147 0
outer loop
vertex 8051.160000000002 4833.660000000001 999.9600000000003
vertex 8051.160000000002 4833.660000000001 1399.9700000000003
vertex 8016.580000000002 4815.200000000002 1399.9700000000003
endloop
endfacet
facet normal 0.47093246513017 -0.8821692656664147 0
outer loop
vertex 8051.160000000002 4833.660000000001 999.9600000000003
vertex 8016.580000000002 4815.200000000002 1399.9700000000003
vertex 8016.580000000002 4815.200000000002 999.9600000000003
endloop
endfacet
facet normal 0.6359394184773585 -0.7717389817980425 0
outer loop
vertex 8081.450000000002 4858.620000000001 999.9600000000003
vertex 8081.450000000002 4858.620000000001 1399.9700000000003
vertex 8051.160000000002 4833.660000000001 1399.9700000000003
endloop
endfacet
facet normal 0.6359394184773585 -0.7717389817980425 0
outer loop
vertex 8081.450000000002 4858.620000000001 999.9600000000003
vertex 8051.160000000002 4833.660000000001 1399.9700000000003
vertex 8051.160000000002 4833.660000000001 999.9600000000003
endloop
endfacet
facet normal 0.7733654271742705 -0.633960500387491 0
outer loop
vertex 8106.280000000002 4888.910000000001 999.9600000000003
vertex 8106.280000000002 4888.910000000001 1399.9700000000003
vertex 8081.450000000002 4858.620000000001 1399.9700000000003
endloop
endfacet
facet normal 0.7733654271742705 -0.633960500387491 0
outer loop
vertex 8106.280000000002 4888.910000000001 999.9600000000003
vertex 8081.450000000002 4858.620000000001 1399.9700000000003
vertex 8081.450000000002 4858.620000000001 999.9600000000003
endloop
endfacet
facet normal 0.8821692656664102 -0.4709324651301784 0
outer loop
vertex 8124.740000000002 4923.490000000002 999.9600000000003
vertex 8124.740000000002 4923.490000000002 1399.9700000000003
vertex 8106.280000000002 4888.910000000001 1399.9700000000003
endloop
endfacet
facet normal 0.8821692656664102 -0.4709324651301784 0
outer loop
vertex 8124.740000000002 4923.490000000002 999.9600000000003
vertex 8106.280000000002 4888.910000000001 1399.9700000000003
vertex 8106.280000000002 4888.910000000001 999.9600000000003
endloop
endfacet
facet normal 0.9563515710513344 -0.29221853559903493 0
outer loop
vertex 8136.180000000002 4960.930000000001 999.9600000000003
vertex 8136.180000000002 4960.930000000001 1399.9700000000003
vertex 8124.740000000002 4923.490000000002 1399.9700000000003
endloop
endfacet
facet normal 0.9563515710513344 -0.29221853559903493 0
outer loop
vertex 8136.180000000002 4960.930000000001 999.9600000000003
vertex 8124.740000000002 4923.490000000002 1399.9700000000003
vertex 8124.740000000002 4923.490000000002 999.9600000000003
endloop
endfacet
facet normal 0.9953908344575552 -0.0959014425224764 0
outer loop
vertex 8139.950000000002 5000.060000000001 999.9600000000003
vertex 8139.950000000002 5000.060000000001 1399.9700000000003
vertex 8136.180000000002 4960.930000000001 1399.9700000000003
endloop
endfacet
facet normal 0.9953908344575552 -0.0959014425224764 0
outer loop
vertex 8139.950000000002 5000.060000000001 999.9600000000003
vertex 8136.180000000002 4960.930000000001 1399.9700000000003
vertex 8136.180000000002 4960.930000000001 999.9600000000003
endloop
endfacet
facet normal 0.9953908344575549 0.0959014425224786 0
outer loop
vertex 8136.180000000002 4139.070000000001 999.9600000000003
vertex 8136.180000000002 4139.070000000001 1399.9700000000003
vertex 8139.950000000002 4099.940000000001 1399.9700000000003
endloop
endfacet
facet normal 0.9953908344575549 0.0959014425224786 0
outer loop
vertex 8136.180000000002 4139.070000000001 999.9600000000003
vertex 8139.950000000002 4099.940000000001 1399.9700000000003
vertex 8139.950000000002 4099.940000000001 999.9600000000003
endloop
endfacet
facet normal 0.9563515710513365 0.2922185355990285 0
outer loop
vertex 8124.740000000002 4176.510000000001 999.9600000000003
vertex 8124.740000000002 4176.510000000001 1399.9700000000003
vertex 8136.180000000002 4139.070000000001 1399.9700000000003
endloop
endfacet
facet normal 0.9563515710513365 0.2922185355990285 0
outer loop
vertex 8124.740000000002 4176.510000000001 999.9600000000003
vertex 8136.180000000002 4139.070000000001 1399.9700000000003
vertex 8136.180000000002 4139.070000000001 999.9600000000003
endloop
endfacet
facet normal 0.882169265666405 0.470932465130188 0
outer loop
vertex 8106.280000000002 4211.090000000001 999.9600000000003
vertex 8106.280000000002 4211.090000000001 1399.9700000000003
vertex 8124.740000000002 4176.510000000001 1399.9700000000003
endloop
endfacet
facet normal 0.882169265666405 0.470932465130188 0
outer loop
vertex 8106.280000000002 4211.090000000001 999.9600000000003
vertex 8124.740000000002 4176.510000000001 1399.9700000000003
vertex 8124.740000000002 4176.510000000001 999.9600000000003
endloop
endfacet
facet normal 0.7733654271742705 0.633960500387491 0
outer loop
vertex 8081.450000000002 4241.380000000001 999.9600000000003
vertex 8081.450000000002 4241.380000000001 1399.9700000000003
vertex 8106.280000000002 4211.090000000001 1399.9700000000003
endloop
endfacet
facet normal 0.7733654271742705 0.633960500387491 0
outer loop
vertex 8081.450000000002 4241.380000000001 999.9600000000003
vertex 8106.280000000002 4211.090000000001 1399.9700000000003
vertex 8106.280000000002 4211.090000000001 999.9600000000003
endloop
endfacet
facet normal 0.6359394184773585 0.7717389817980425 0
outer loop
vertex 8051.160000000002 4266.340000000001 999.9600000000003
vertex 8051.160000000002 4266.340000000001 1399.9700000000003
vertex 8081.450000000002 4241.380000000001 1399.9700000000003
endloop
endfacet
facet normal 0.6359394184773585 0.7717389817980425 0
outer loop
vertex 8051.160000000002 4266.340000000001 999.9600000000003
vertex 8081.450000000002 4241.380000000001 1399.9700000000003
vertex 8081.450000000002 4241.380000000001 999.9600000000003
endloop
endfacet
facet normal 0.470932465130188 0.882169265666405 0
outer loop
vertex 8016.580000000002 4284.800000000001 999.9600000000003
vertex 8016.580000000002 4284.800000000001 1399.9700000000003
vertex 8051.160000000002 4266.340000000001 1399.9700000000003
endloop
endfacet
facet normal 0.470932465130188 0.882169265666405 0
outer loop
vertex 8016.580000000002 4284.800000000001 999.9600000000003
vertex 8051.160000000002 4266.340000000001 1399.9700000000003
vertex 8051.160000000002 4266.340000000001 999.9600000000003
endloop
endfacet
facet normal 0.28825968092875 0.9575522734299444 0
outer loop
vertex 7979.010000000002 4296.1100000000015 999.9600000000003
vertex 7979.010000000002 4296.1100000000015 1399.9700000000003
vertex 8016.580000000002 4284.800000000001 1399.9700000000003
endloop
endfacet
facet normal 0.28825968092875 0.9575522734299444 0
outer loop
vertex 7979.010000000002 4296.1100000000015 999.9600000000003
vertex 8016.580000000002 4284.800000000001 1399.9700000000003
vertex 8016.580000000002 4284.800000000001 999.9600000000003
endloop
endfacet
facet normal 0.09950371902098973 0.9950371902099902 0
outer loop
vertex 7940.010000000002 4300.010000000001 999.9600000000003
vertex 7940.010000000002 4300.010000000001 1399.9700000000003
vertex 7979.010000000002 4296.1100000000015 1399.9700000000003
endloop
endfacet
facet normal 0.09950371902098973 0.9950371902099902 0
outer loop
vertex 7940.010000000002 4300.010000000001 999.9600000000003
vertex 7979.010000000002 4296.1100000000015 1399.9700000000003
vertex 7979.010000000002 4296.1100000000015 999.9600000000003
endloop
endfacet
facet normal -0.09950371902098973 0.9950371902099902 0
outer loop
vertex 7901.010000000002 4296.1100000000015 999.9600000000003
vertex 7901.010000000002 4296.1100000000015 1399.9700000000003
vertex 7940.010000000002 4300.010000000001 1399.9700000000003
endloop
endfacet
facet normal -0.09950371902098973 0.9950371902099902 0
outer loop
vertex 7901.010000000002 4296.1100000000015 999.9600000000003
vertex 7940.010000000002 4300.010000000001 1399.9700000000003
vertex 7940.010000000002 4300.010000000001 999.9600000000003
endloop
endfacet
facet normal -0.28825968092875 0.9575522734299444 0
outer loop
vertex 7863.440000000002 4284.800000000001 999.9600000000003
vertex 7863.440000000002 4284.800000000001 1399.9700000000003
vertex 7901.010000000002 4296.1100000000015 1399.9700000000003
endloop
endfacet
facet normal -0.28825968092875 0.9575522734299444 0
outer loop
vertex 7863.440000000002 4284.800000000001 999.9600000000003
vertex 7901.010000000002 4296.1100000000015 1399.9700000000003
vertex 7901.010000000002 4296.1100000000015 999.9600000000003
endloop
endfacet
facet normal -0.4709324651301784 0.8821692656664102 0
outer loop
vertex 7828.8600000000015 4266.340000000001 999.9600000000003
vertex 7828.8600000000015 4266.340000000001 1399.9700000000003
vertex 7863.440000000002 4284.800000000001 1399.9700000000003
endloop
endfacet
facet normal -0.4709324651301784 0.8821692656664102 0
outer loop
vertex 7828.8600000000015 4266.340000000001 999.9600000000003
vertex 7863.440000000002 4284.800000000001 1399.9700000000003
vertex 7863.440000000002 4284.800000000001 999.9600000000003
endloop
endfacet
facet normal -0.6359394184773585 0.7717389817980425 0
outer loop
vertex 7798.5700000000015 4241.380000000001 999.9600000000003
vertex 7798.5700000000015 4241.380000000001 1399.9700000000003
vertex 7828.8600000000015 4266.340000000001 1399.9700000000003
endloop
endfacet
facet normal -0.6359394184773585 0.7717389817980425 0
outer loop
vertex 7798.5700000000015 4241.380000000001 999.9600000000003
vertex 7828.8600000000015 4266.340000000001 1399.9700000000003
vertex 7828.8600000000015 4266.340000000001 999.9600000000003
endloop
endfacet
facet normal -0.7733654271742705 0.633960500387491 0
outer loop
vertex 7773.740000000002 4211.090000000001 999.9600000000003
vertex 7773.740000000002 4211.090000000001 1399.9700000000003
vertex 7798.5700000000015 4241.380000000001 1399.9700000000003
endloop
endfacet
facet normal -0.7733654271742705 0.633960500387491 0
outer loop
vertex 7773.740000000002 4211.090000000001 999.9600000000003
vertex 7798.5700000000015 4241.380000000001 1399.9700000000003
vertex 7798.5700000000015 4241.380000000001 999.9600000000003
endloop
endfacet
facet normal -0.882169265666405 0.470932465130188 0
outer loop
vertex 7755.280000000002 4176.510000000001 999.9600000000003
vertex 7755.280000000002 4176.510000000001 1399.9700000000003
vertex 7773.740000000002 4211.090000000001 1399.9700000000003
endloop
endfacet
facet normal -0.882169265666405 0.470932465130188 0
outer loop
vertex 7755.280000000002 4176.510000000001 999.9600000000003
vertex 7773.740000000002 4211.090000000001 1399.9700000000003
vertex 7773.740000000002 4211.090000000001 999.9600000000003
endloop
endfacet
facet normal -0.9563515710513427 0.2922185355990072 0
outer loop
vertex 7743.840000000002 4139.070000000001 999.9600000000003
vertex 7743.840000000002 4139.070000000001 1399.9700000000003
vertex 7755.280000000002 4176.510000000001 1399.9700000000003
endloop
endfacet
facet normal -0.9563515710513427 0.2922185355990072 0
outer loop
vertex 7743.840000000002 4139.070000000001 999.9600000000003
vertex 7755.280000000002 4176.510000000001 1399.9700000000003
vertex 7755.280000000002 4176.510000000001 999.9600000000003
endloop
endfacet
facet normal -0.9950698678600618 0.09917639879003216 0
outer loop
vertex 7739.940000000002 4099.940000000001 999.9600000000003
vertex 7739.940000000002 4099.940000000001 1399.9700000000003
vertex 7743.840000000002 4139.070000000001 1399.9700000000003
endloop
endfacet
facet normal -0.9950698678600618 0.09917639879003216 0
outer loop
vertex 7739.940000000002 4099.940000000001 999.9600000000003
vertex 7743.840000000002 4139.070000000001 1399.9700000000003
vertex 7743.840000000002 4139.070000000001 999.9600000000003
endloop
endfacet
facet normal -0.99503719020999 -0.09950371902098858 0
outer loop
vertex 7743.840000000002 4060.940000000001 999.9600000000003
vertex 7743.840000000002 4060.940000000001 1399.9700000000003
vertex 7739.940000000002 4099.940000000001 1399.9700000000003
endloop
endfacet
facet normal -0.99503719020999 -0.09950371902098858 0
outer loop
vertex 7743.840000000002 4060.940000000001 999.9600000000003
vertex 7739.940000000002 4099.940000000001 1399.9700000000003
vertex 7739.940000000002 4099.940000000001 999.9600000000003
endloop
endfacet
facet normal -0.9563515710513419 -0.29221853559901045 0
outer loop
vertex 7755.280000000002 4023.500000000001 999.9600000000003
vertex 7755.280000000002 4023.500000000001 1399.9700000000003
vertex 7743.840000000002 4060.940000000001 1399.9700000000003
endloop
endfacet
facet normal -0.9563515710513419 -0.29221853559901045 0
outer loop
vertex 7755.280000000002 4023.500000000001 999.9600000000003
vertex 7743.840000000002 4060.940000000001 1399.9700000000003
vertex 7743.840000000002 4060.940000000001 999.9600000000003
endloop
endfacet
facet normal -0.882169265666405 -0.470932465130188 0
outer loop
vertex 7773.740000000002 3988.920000000001 999.9600000000003
vertex 7773.740000000002 3988.920000000001 1399.9700000000003
vertex 7755.280000000002 4023.500000000001 1399.9700000000003
endloop
endfacet
facet normal -0.882169265666405 -0.470932465130188 0
outer loop
vertex 7773.740000000002 3988.920000000001 999.9600000000003
vertex 7755.280000000002 4023.500000000001 1399.9700000000003
vertex 7755.280000000002 4023.500000000001 999.9600000000003
endloop
endfacet
facet normal -0.7733654271742705 -0.633960500387491 0
outer loop
vertex 7798.5700000000015 3958.630000000001 999.9600000000003
vertex 7798.5700000000015 3958.630000000001 1399.9700000000003
vertex 7773.740000000002 3988.920000000001 1399.9700000000003
endloop
endfacet
facet normal -0.7733654271742705 -0.633960500387491 0
outer loop
vertex 7798.5700000000015 3958.630000000001 999.9600000000003
vertex 7773.740000000002 3988.920000000001 1399.9700000000003
vertex 7773.740000000002 3988.920000000001 999.9600000000003
endloop
endfacet
facet normal -0.6359394184773585 -0.7717389817980425 0
outer loop
vertex 7828.8600000000015 3933.670000000001 999.9600000000003
vertex 7828.8600000000015 3933.670000000001 1399.9700000000003
vertex 7798.5700000000015 3958.630000000001 1399.9700000000003
endloop
endfacet
facet normal -0.6359394184773585 -0.7717389817980425 0
outer loop
vertex 7828.8600000000015 3933.670000000001 999.9600000000003
vertex 7798.5700000000015 3958.630000000001 1399.9700000000003
vertex 7798.5700000000015 3958.630000000001 999.9600000000003
endloop
endfacet
facet normal -0.4709324651301784 -0.8821692656664102 0
outer loop
vertex 7863.440000000002 3915.210000000001 999.9600000000003
vertex 7863.440000000002 3915.210000000001 1399.9700000000003
vertex 7828.8600000000015 3933.670000000001 1399.9700000000003
endloop
endfacet
facet normal -0.4709324651301784 -0.8821692656664102 0
outer loop
vertex 7863.440000000002 3915.210000000001 999.9600000000003
vertex 7828.8600000000015 3933.670000000001 1399.9700000000003
vertex 7828.8600000000015 3933.670000000001 999.9600000000003
endloop
endfacet
facet normal -0.2882596809287394 -0.9575522734299476 0
outer loop
vertex 7901.010000000002 3903.900000000001 999.9600000000003
vertex 7901.010000000002 3903.900000000001 1399.9700000000003
vertex 7863.440000000002 3915.210000000001 1399.9700000000003
endloop
endfacet
facet normal -0.2882596809287394 -0.9575522734299476 0
outer loop
vertex 7901.010000000002 3903.900000000001 999.9600000000003
vertex 7863.440000000002 3915.210000000001 1399.9700000000003
vertex 7863.440000000002 3915.210000000001 999.9600000000003
endloop
endfacet
facet normal -0.09950371902100123 -0.995037190209989 0
outer loop
vertex 7940.010000000002 3900.000000000001 999.9600000000003
vertex 7940.010000000002 3900.000000000001 1399.9700000000003
vertex 7901.010000000002 3903.900000000001 1399.9700000000003
endloop
endfacet
facet normal -0.09950371902100123 -0.995037190209989 0
outer loop
vertex 7940.010000000002 3900.000000000001 999.9600000000003
vertex 7901.010000000002 3903.900000000001 1399.9700000000003
vertex 7901.010000000002 3903.900000000001 999.9600000000003
endloop
endfacet
facet normal 0.09950371902100123 -0.995037190209989 0
outer loop
vertex 7979.010000000002 3903.900000000001 999.9600000000003
vertex 7979.010000000002 3903.900000000001 1399.9700000000003
vertex 7940.010000000002 3900.000000000001 1399.9700000000003
endloop
endfacet
facet normal 0.09950371902100123 -0.995037190209989 0
outer loop
vertex 7979.010000000002 3903.900000000001 999.9600000000003
vertex 7940.010000000002 3900.000000000001 1399.9700000000003
vertex 7940.010000000002 3900.000000000001 999.9600000000003
endloop
endfacet
facet normal 0.2882596809287394 -0.9575522734299476 0
outer loop
vertex 8016.580000000002 3915.210000000001 999.9600000000003
vertex 8016.580000000002 3915.210000000001 1399.9700000000003
vertex 7979.010000000002 3903.900000000001 1399.9700000000003
endloop
endfacet
facet normal 0.2882596809287394 -0.9575522734299476 0
outer loop
vertex 8016.580000000002 3915.210000000001 999.9600000000003
vertex 7979.010000000002 3903.900000000001 1399.9700000000003
vertex 7979.010000000002 3903.900000000001 999.9600000000003
endloop
endfacet
facet normal 0.470932465130188 -0.882169265666405 0
outer loop
vertex 8051.160000000002 3933.670000000001 999.9600000000003
vertex 8051.160000000002 3933.670000000001 1399.9700000000003
vertex 8016.580000000002 3915.210000000001 1399.9700000000003
endloop
endfacet
facet normal 0.470932465130188 -0.882169265666405 0
outer loop
vertex 8051.160000000002 3933.670000000001 999.9600000000003
vertex 8016.580000000002 3915.210000000001 1399.9700000000003
vertex 8016.580000000002 3915.210000000001 999.9600000000003
endloop
endfacet
facet normal 0.6359394184773585 -0.7717389817980425 0
outer loop
vertex 8081.450000000002 3958.630000000001 999.9600000000003
vertex 8081.450000000002 3958.630000000001 1399.9700000000003
vertex 8051.160000000002 3933.670000000001 1399.9700000000003
endloop
endfacet
facet normal 0.6359394184773585 -0.7717389817980425 0
outer loop
vertex 8081.450000000002 3958.630000000001 999.9600000000003
vertex 8051.160000000002 3933.670000000001 1399.9700000000003
vertex 8051.160000000002 3933.670000000001 999.9600000000003
endloop
endfacet
facet normal 0.7733654271742705 -0.633960500387491 0
outer loop
vertex 8106.280000000002 3988.920000000001 999.9600000000003
vertex 8106.280000000002 3988.920000000001 1399.9700000000003
vertex 8081.450000000002 3958.630000000001 1399.9700000000003
endloop
endfacet
facet normal 0.7733654271742705 -0.633960500387491 0
outer loop
vertex 8106.280000000002 3988.920000000001 999.9600000000003
vertex 8081.450000000002 3958.630000000001 1399.9700000000003
vertex 8081.450000000002 3958.630000000001 999.9600000000003
endloop
endfacet
facet normal 0.882169265666405 -0.470932465130188 0
outer loop
vertex 8124.740000000002 4023.500000000001 999.9600000000003
vertex 8124.740000000002 4023.500000000001 1399.9700000000003
vertex 8106.280000000002 3988.920000000001 1399.9700000000003
endloop
endfacet
facet normal 0.882169265666405 -0.470932465130188 0
outer loop
vertex 8124.740000000002 4023.500000000001 999.9600000000003
vertex 8106.280000000002 3988.920000000001 1399.9700000000003
vertex 8106.280000000002 3988.920000000001 999.9600000000003
endloop
endfacet
facet normal 0.9563515710513354 -0.2922185355990317 0
outer loop
vertex 8136.180000000002 4060.940000000001 999.9600000000003
vertex 8136.180000000002 4060.940000000001 1399.9700000000003
vertex 8124.740000000002 4023.500000000001 1399.9700000000003
endloop
endfacet
facet normal 0.9563515710513354 -0.2922185355990317 0
outer loop
vertex 8136.180000000002 4060.940000000001 999.9600000000003
vertex 8124.740000000002 4023.500000000001 1399.9700000000003
vertex 8124.740000000002 4023.500000000001 999.9600000000003
endloop
endfacet
facet normal 0.9953602693534097 -0.0962181593708164 0
outer loop
vertex 8139.950000000002 4099.940000000001 999.9600000000003
vertex 8139.950000000002 4099.940000000001 1399.9700000000003
vertex 8136.180000000002 4060.940000000001 1399.9700000000003
endloop
endfacet
facet normal 0.9953602693534097 -0.0962181593708164 0
outer loop
vertex 8139.950000000002 4099.940000000001 999.9600000000003
vertex 8136.180000000002 4060.940000000001 1399.9700000000003
vertex 8136.180000000002 4060.940000000001 999.9600000000003
endloop
endfacet
facet normal 0.9950371902099855 0.09950371902103568 0
outer loop
vertex 9016.150000000001 5939.050000000001 999.9600000000003
vertex 9016.150000000001 5939.050000000001 1399.9700000000003
vertex 9020.050000000003 5900.050000000001 1399.9700000000003
endloop
endfacet
facet normal 0.9950371902099855 0.09950371902103568 0
outer loop
vertex 9016.150000000001 5939.050000000001 999.9600000000003
vertex 9020.050000000003 5900.050000000001 1399.9700000000003
vertex 9020.050000000003 5900.050000000001 999.9600000000003
endloop
endfacet
facet normal 0.9572756411177855 0.28917701658764744 0
outer loop
vertex 9004.840000000002 5976.490000000002 999.9600000000003
vertex 9004.840000000002 5976.490000000002 1399.9700000000003
vertex 9016.150000000001 5939.050000000001 1399.9700000000003
endloop
endfacet
facet normal 0.9572756411177855 0.28917701658764744 0
outer loop
vertex 9004.840000000002 5976.490000000002 999.9600000000003
vertex 9016.150000000001 5939.050000000001 1399.9700000000003
vertex 9016.150000000001 5939.050000000001 999.9600000000003
endloop
endfacet
facet normal 0.8807898733199238 0.4735073379125953 0
outer loop
vertex 8986.250000000002 6011.0700000000015 999.9600000000003
vertex 8986.250000000002 6011.0700000000015 1399.9700000000003
vertex 9004.840000000002 5976.490000000002 1399.9700000000003
endloop
endfacet
facet normal 0.8807898733199238 0.4735073379125953 0
outer loop
vertex 8986.250000000002 6011.0700000000015 999.9600000000003
vertex 9004.840000000002 5976.490000000002 1399.9700000000003
vertex 9004.840000000002 5976.490000000002 999.9600000000003
endloop
endfacet
facet normal 0.7733654271742705 0.633960500387491 0
outer loop
vertex 8961.420000000002 6041.3600000000015 999.9600000000003
vertex 8961.420000000002 6041.3600000000015 1399.9700000000003
vertex 8986.250000000002 6011.0700000000015 1399.9700000000003
endloop
endfacet
facet normal 0.7733654271742705 0.633960500387491 0
outer loop
vertex 8961.420000000002 6041.3600000000015 999.9600000000003
vertex 8986.250000000002 6011.0700000000015 1399.9700000000003
vertex 8986.250000000002 6011.0700000000015 999.9600000000003
endloop
endfacet
facet normal 0.6359394184773697 0.7717389817980329 0
outer loop
vertex 8931.130000000003 6066.3200000000015 999.9600000000003
vertex 8931.130000000003 6066.3200000000015 1399.9700000000003
vertex 8961.420000000002 6041.3600000000015 1399.9700000000003
endloop
endfacet
facet normal 0.6359394184773697 0.7717389817980329 0
outer loop
vertex 8931.130000000003 6066.3200000000015 999.9600000000003
vertex 8961.420000000002 6041.3600000000015 1399.9700000000003
vertex 8961.420000000002 6041.3600000000015 999.9600000000003
endloop
endfacet
facet normal 0.470932465130188 0.882169265666405 0
outer loop
vertex 8896.550000000003 6084.780000000002 999.9600000000003
vertex 8896.550000000003 6084.780000000002 1399.9700000000003
vertex 8931.130000000003 6066.3200000000015 1399.9700000000003
endloop
endfacet
facet normal 0.470932465130188 0.882169265666405 0
outer loop
vertex 8896.550000000003 6084.780000000002 999.9600000000003
vertex 8931.130000000003 6066.3200000000015 1399.9700000000003
vertex 8931.130000000003 6066.3200000000015 999.9600000000003
endloop
endfacet
facet normal 0.2912933318541603 0.9566337830211216 0
outer loop
vertex 8858.980000000001 6096.220000000001 999.9600000000003
vertex 8858.980000000001 6096.220000000001 1399.9700000000003
vertex 8896.550000000003 6084.780000000002 1399.9700000000003
endloop
endfacet
facet normal 0.2912933318541603 0.9566337830211216 0
outer loop
vertex 8858.980000000001 6096.220000000001 999.9600000000003
vertex 8896.550000000003 6084.780000000002 1399.9700000000003
vertex 8896.550000000003 6084.780000000002 999.9600000000003
endloop
endfacet
facet normal 0.09621815937084052 0.9953602693534074 0
outer loop
vertex 8819.980000000001 6099.990000000002 999.9600000000003
vertex 8819.980000000001 6099.990000000002 1399.9700000000003
vertex 8858.980000000001 6096.220000000001 1399.9700000000003
endloop
endfacet
facet normal 0.09621815937084052 0.9953602693534074 0
outer loop
vertex 8819.980000000001 6099.990000000002 999.9600000000003
vertex 8858.980000000001 6096.220000000001 1399.9700000000003
vertex 8858.980000000001 6096.220000000001 999.9600000000003
endloop
endfacet
facet normal -0.09621815937084052 0.9953602693534074 0
outer loop
vertex 8780.980000000001 6096.220000000001 999.9600000000003
vertex 8780.980000000001 6096.220000000001 1399.9700000000003
vertex 8819.980000000001 6099.990000000002 1399.9700000000003
endloop
endfacet
facet normal -0.09621815937084052 0.9953602693534074 0
outer loop
vertex 8780.980000000001 6096.220000000001 999.9600000000003
vertex 8819.980000000001 6099.990000000002 1399.9700000000003
vertex 8819.980000000001 6099.990000000002 999.9600000000003
endloop
endfacet
facet normal -0.2912933318541731 0.9566337830211173 0
outer loop
vertex 8743.410000000002 6084.780000000002 999.9600000000003
vertex 8743.410000000002 6084.780000000002 1399.9700000000003
vertex 8780.980000000001 6096.220000000001 1399.9700000000003
endloop
endfacet
facet normal -0.2912933318541731 0.9566337830211173 0
outer loop
vertex 8743.410000000002 6084.780000000002 999.9600000000003
vertex 8780.980000000001 6096.220000000001 1399.9700000000003
vertex 8780.980000000001 6096.220000000001 999.9600000000003
endloop
endfacet
facet normal -0.470932465130188 0.882169265666405 0
outer loop
vertex 8708.830000000002 6066.3200000000015 999.9600000000003
vertex 8708.830000000002 6066.3200000000015 1399.9700000000003
vertex 8743.410000000002 6084.780000000002 1399.9700000000003
endloop
endfacet
facet normal -0.470932465130188 0.882169265666405 0
outer loop
vertex 8708.830000000002 6066.3200000000015 999.9600000000003
vertex 8743.410000000002 6084.780000000002 1399.9700000000003
vertex 8743.410000000002 6084.780000000002 999.9600000000003
endloop
endfacet
facet normal -0.6359394184773697 0.7717389817980329 0
outer loop
vertex 8678.540000000003 6041.3600000000015 999.9600000000003
vertex 8678.540000000003 6041.3600000000015 1399.9700000000003
vertex 8708.830000000002 6066.3200000000015 1399.9700000000003
endloop
endfacet
facet normal -0.6359394184773697 0.7717389817980329 0
outer loop
vertex 8678.540000000003 6041.3600000000015 999.9600000000003
vertex 8708.830000000002 6066.3200000000015 1399.9700000000003
vertex 8708.830000000002 6066.3200000000015 999.9600000000003
endloop
endfacet
facet normal -0.7733654271742705 0.633960500387491 0
outer loop
vertex 8653.710000000003 6011.0700000000015 999.9600000000003
vertex 8653.710000000003 6011.0700000000015 1399.9700000000003
vertex 8678.540000000003 6041.3600000000015 1399.9700000000003
endloop
endfacet
facet normal -0.7733654271742705 0.633960500387491 0
outer loop
vertex 8653.710000000003 6011.0700000000015 999.9600000000003
vertex 8678.540000000003 6041.3600000000015 1399.9700000000003
vertex 8678.540000000003 6041.3600000000015 999.9600000000003
endloop
endfacet
facet normal -0.8821692656663954 0.4709324651302061 0
outer loop
vertex 8635.250000000002 5976.490000000002 999.9600000000003
vertex 8635.250000000002 5976.490000000002 1399.9700000000003
vertex 8653.710000000003 6011.0700000000015 1399.9700000000003
endloop
endfacet
facet normal -0.8821692656663954 0.4709324651302061 0
outer loop
vertex 8635.250000000002 5976.490000000002 999.9600000000003
vertex 8653.710000000003 6011.0700000000015 1399.9700000000003
vertex 8653.710000000003 6011.0700000000015 999.9600000000003
endloop
endfacet
facet normal -0.9563515710513365 0.2922185355990285 0
outer loop
vertex 8623.810000000001 5939.050000000001 999.9600000000003
vertex 8623.810000000001 5939.050000000001 1399.9700000000003
vertex 8635.250000000002 5976.490000000002 1399.9700000000003
endloop
endfacet
facet normal -0.9563515710513365 0.2922185355990285 0
outer loop
vertex 8623.810000000001 5939.050000000001 999.9600000000003
vertex 8635.250000000002 5976.490000000002 1399.9700000000003
vertex 8635.250000000002 5976.490000000002 999.9600000000003
endloop
endfacet
facet normal -0.9953602693534118 0.09621815937079453 0
outer loop
vertex 8620.040000000003 5900.050000000001 999.9600000000003
vertex 8620.040000000003 5900.050000000001 1399.9700000000003
vertex 8623.810000000001 5939.050000000001 1399.9700000000003
endloop
endfacet
facet normal -0.9953602693534118 0.09621815937079453 0
outer loop
vertex 8620.040000000003 5900.050000000001 999.9600000000003
vertex 8623.810000000001 5939.050000000001 1399.9700000000003
vertex 8623.810000000001 5939.050000000001 999.9600000000003
endloop
endfacet
facet normal -0.9953908344575573 -0.0959014425224557 0
outer loop
vertex 8623.810000000001 5860.920000000002 999.9600000000003
vertex 8623.810000000001 5860.920000000002 1399.9700000000003
vertex 8620.040000000003 5900.050000000001 1399.9700000000003
endloop
endfacet
facet normal -0.9953908344575573 -0.0959014425224557 0
outer loop
vertex 8623.810000000001 5860.920000000002 999.9600000000003
vertex 8620.040000000003 5900.050000000001 1399.9700000000003
vertex 8620.040000000003 5900.050000000001 999.9600000000003
endloop
endfacet
facet normal -0.9563515710513365 -0.2922185355990285 0
outer loop
vertex 8635.250000000002 5823.480000000001 999.9600000000003
vertex 8635.250000000002 5823.480000000001 1399.9700000000003
vertex 8623.810000000001 5860.920000000002 1399.9700000000003
endloop
endfacet
facet normal -0.9563515710513365 -0.2922185355990285 0
outer loop
vertex 8635.250000000002 5823.480000000001 999.9600000000003
vertex 8623.810000000001 5860.920000000002 1399.9700000000003
vertex 8623.810000000001 5860.920000000002 999.9600000000003
endloop
endfacet
facet normal -0.8821692656663954 -0.4709324651302061 0
outer loop
vertex 8653.710000000003 5788.9000000000015 999.9600000000003
vertex 8653.710000000003 5788.9000000000015 1399.9700000000003
vertex 8635.250000000002 5823.480000000001 1399.9700000000003
endloop
endfacet
facet normal -0.8821692656663954 -0.4709324651302061 0
outer loop
vertex 8653.710000000003 5788.9000000000015 999.9600000000003
vertex 8635.250000000002 5823.480000000001 1399.9700000000003
vertex 8635.250000000002 5823.480000000001 999.9600000000003
endloop
endfacet
facet normal -0.7733654271742705 -0.633960500387491 0
outer loop
vertex 8678.540000000003 5758.6100000000015 999.9600000000003
vertex 8678.540000000003 5758.6100000000015 1399.9700000000003
vertex 8653.710000000003 5788.9000000000015 1399.9700000000003
endloop
endfacet
facet normal -0.7733654271742705 -0.633960500387491 0
outer loop
vertex 8678.540000000003 5758.6100000000015 999.9600000000003
vertex 8653.710000000003 5788.9000000000015 1399.9700000000003
vertex 8653.710000000003 5788.9000000000015 999.9600000000003
endloop
endfacet
facet normal -0.6359394184773697 -0.7717389817980329 0
outer loop
vertex 8708.830000000002 5733.6500000000015 999.9600000000003
vertex 8708.830000000002 5733.6500000000015 1399.9700000000003
vertex 8678.540000000003 5758.6100000000015 1399.9700000000003
endloop
endfacet
facet normal -0.6359394184773697 -0.7717389817980329 0
outer loop
vertex 8708.830000000002 5733.6500000000015 999.9600000000003
vertex 8678.540000000003 5758.6100000000015 1399.9700000000003
vertex 8678.540000000003 5758.6100000000015 999.9600000000003
endloop
endfacet
facet normal -0.470932465130188 -0.882169265666405 0
outer loop
vertex 8743.410000000002 5715.190000000001 999.9600000000003
vertex 8743.410000000002 5715.190000000001 1399.9700000000003
vertex 8708.830000000002 5733.6500000000015 1399.9700000000003
endloop
endfacet
facet normal -0.470932465130188 -0.882169265666405 0
outer loop
vertex 8743.410000000002 5715.190000000001 999.9600000000003
vertex 8708.830000000002 5733.6500000000015 1399.9700000000003
vertex 8708.830000000002 5733.6500000000015 999.9600000000003
endloop
endfacet
facet normal -0.28825968092875 -0.9575522734299444 0
outer loop
vertex 8780.980000000001 5703.880000000001 999.9600000000003
vertex 8780.980000000001 5703.880000000001 1399.9700000000003
vertex 8743.410000000002 5715.190000000001 1399.9700000000003
endloop
endfacet
facet normal -0.28825968092875 -0.9575522734299444 0
outer loop
vertex 8780.980000000001 5703.880000000001 999.9600000000003
vertex 8743.410000000002 5715.190000000001 1399.9700000000003
vertex 8743.410000000002 5715.190000000001 999.9600000000003
endloop
endfacet
facet normal -0.09950371902098973 -0.9950371902099902 0
outer loop
vertex 8819.980000000001 5699.980000000001 999.9600000000003
vertex 8819.980000000001 5699.980000000001 1399.9700000000003
vertex 8780.980000000001 5703.880000000001 1399.9700000000003
endloop
endfacet
facet normal -0.09950371902098973 -0.9950371902099902 0
outer loop
vertex 8819.980000000001 5699.980000000001 999.9600000000003
vertex 8780.980000000001 5703.880000000001 1399.9700000000003
vertex 8780.980000000001 5703.880000000001 999.9600000000003
endloop
endfacet
facet normal 0.09950371902098973 -0.9950371902099902 0
outer loop
vertex 8858.980000000001 5703.880000000001 999.9600000000003
vertex 8858.980000000001 5703.880000000001 1399.9700000000003
vertex 8819.980000000001 5699.980000000001 1399.9700000000003
endloop
endfacet
facet normal 0.09950371902098973 -0.9950371902099902 0
outer loop
vertex 8858.980000000001 5703.880000000001 999.9600000000003
vertex 8819.980000000001 5699.980000000001 1399.9700000000003
vertex 8819.980000000001 5699.980000000001 999.9600000000003
endloop
endfacet
facet normal 0.2882596809287372 -0.9575522734299484 0
outer loop
vertex 8896.550000000003 5715.190000000001 999.9600000000003
vertex 8896.550000000003 5715.190000000001 1399.9700000000003
vertex 8858.980000000001 5703.880000000001 1399.9700000000003
endloop
endfacet
facet normal 0.2882596809287372 -0.9575522734299484 0
outer loop
vertex 8896.550000000003 5715.190000000001 999.9600000000003
vertex 8858.980000000001 5703.880000000001 1399.9700000000003
vertex 8858.980000000001 5703.880000000001 999.9600000000003
endloop
endfacet
facet normal 0.470932465130188 -0.882169265666405 0
outer loop
vertex 8931.130000000003 5733.6500000000015 999.9600000000003
vertex 8931.130000000003 5733.6500000000015 1399.9700000000003
vertex 8896.550000000003 5715.190000000001 1399.9700000000003
endloop
endfacet
facet normal 0.470932465130188 -0.882169265666405 0
outer loop
vertex 8931.130000000003 5733.6500000000015 999.9600000000003
vertex 8896.550000000003 5715.190000000001 1399.9700000000003
vertex 8896.550000000003 5715.190000000001 999.9600000000003
endloop
endfacet
facet normal 0.6359394184773697 -0.7717389817980329 0
outer loop
vertex 8961.420000000002 5758.6100000000015 999.9600000000003
vertex 8961.420000000002 5758.6100000000015 1399.9700000000003
vertex 8931.130000000003 5733.6500000000015 1399.9700000000003
endloop
endfacet
facet normal 0.6359394184773697 -0.7717389817980329 0
outer loop
vertex 8961.420000000002 5758.6100000000015 999.9600000000003
vertex 8931.130000000003 5733.6500000000015 1399.9700000000003
vertex 8931.130000000003 5733.6500000000015 999.9600000000003
endloop
endfacet
facet normal 0.7733654271742705 -0.633960500387491 0
outer loop
vertex 8986.250000000002 5788.9000000000015 999.9600000000003
vertex 8986.250000000002 5788.9000000000015 1399.9700000000003
vertex 8961.420000000002 5758.6100000000015 1399.9700000000003
endloop
endfacet
facet normal 0.7733654271742705 -0.633960500387491 0
outer loop
vertex 8986.250000000002 5788.9000000000015 999.9600000000003
vertex 8961.420000000002 5758.6100000000015 1399.9700000000003
vertex 8961.420000000002 5758.6100000000015 999.9600000000003
endloop
endfacet
facet normal 0.8807898733199238 -0.4735073379125953 0
outer loop
vertex 9004.840000000002 5823.480000000001 999.9600000000003
vertex 9004.840000000002 5823.480000000001 1399.9700000000003
vertex 8986.250000000002 5788.9000000000015 1399.9700000000003
endloop
endfacet
facet normal 0.8807898733199238 -0.4735073379125953 0
outer loop
vertex 9004.840000000002 5823.480000000001 999.9600000000003
vertex 8986.250000000002 5788.9000000000015 1399.9700000000003
vertex 8986.250000000002 5788.9000000000015 999.9600000000003
endloop
endfacet
facet normal 0.9572756411177855 -0.28917701658764744 0
outer loop
vertex 9016.150000000001 5860.920000000002 999.9600000000003
vertex 9016.150000000001 5860.920000000002 1399.9700000000003
vertex 9004.840000000002 5823.480000000001 1399.9700000000003
endloop
endfacet
facet normal 0.9572756411177855 -0.28917701658764744 0
outer loop
vertex 9016.150000000001 5860.920000000002 999.9600000000003
vertex 9004.840000000002 5823.480000000001 1399.9700000000003
vertex 9004.840000000002 5823.480000000001 999.9600000000003
endloop
endfacet
facet normal 0.995069867860057 -0.09917639879007795 0
outer loop
vertex 9020.050000000003 5900.050000000001 999.9600000000003
vertex 9020.050000000003 5900.050000000001 1399.9700000000003
vertex 9016.150000000001 5860.920000000002 1399.9700000000003
endloop
endfacet
facet normal 0.995069867860057 -0.09917639879007795 0
outer loop
vertex 9020.050000000003 5900.050000000001 999.9600000000003
vertex 9016.150000000001 5860.920000000002 1399.9700000000003
vertex 9016.150000000001 5860.920000000002 999.9600000000003
endloop
endfacet
facet normal 0.9950371902099855 0.09950371902103568 0
outer loop
vertex 9016.150000000001 5039.060000000001 999.9600000000003
vertex 9016.150000000001 5039.060000000001 1399.9700000000003
vertex 9020.050000000003 5000.060000000001 1399.9700000000003
endloop
endfacet
facet normal 0.9950371902099855 0.09950371902103568 0
outer loop
vertex 9016.150000000001 5039.060000000001 999.9600000000003
vertex 9020.050000000003 5000.060000000001 1399.9700000000003
vertex 9020.050000000003 5000.060000000001 999.9600000000003
endloop
endfacet
facet normal 0.9572756411177838 0.28917701658765393 0
outer loop
vertex 9004.840000000002 5076.500000000001 999.9600000000003
vertex 9004.840000000002 5076.500000000001 1399.9700000000003
vertex 9016.150000000001 5039.060000000001 1399.9700000000003
endloop
endfacet
facet normal 0.9572756411177838 0.28917701658765393 0
outer loop
vertex 9004.840000000002 5076.500000000001 999.9600000000003
vertex 9016.150000000001 5039.060000000001 1399.9700000000003
vertex 9016.150000000001 5039.060000000001 999.9600000000003
endloop
endfacet
facet normal 0.8807898733199238 0.4735073379125953 0
outer loop
vertex 8986.250000000002 5111.080000000001 999.9600000000003
vertex 8986.250000000002 5111.080000000001 1399.9700000000003
vertex 9004.840000000002 5076.500000000001 1399.9700000000003
endloop
endfacet
facet normal 0.8807898733199238 0.4735073379125953 0
outer loop
vertex 8986.250000000002 5111.080000000001 999.9600000000003
vertex 9004.840000000002 5076.500000000001 1399.9700000000003
vertex 9004.840000000002 5076.500000000001 999.9600000000003
endloop
endfacet
facet normal 0.7733654271742799 0.6339605003874796 0
outer loop
vertex 8961.420000000002 5141.370000000002 999.9600000000003
vertex 8961.420000000002 5141.370000000002 1399.9700000000003
vertex 8986.250000000002 5111.080000000001 1399.9700000000003
endloop
endfacet
facet normal 0.7733654271742799 0.6339605003874796 0
outer loop
vertex 8961.420000000002 5141.370000000002 999.9600000000003
vertex 8986.250000000002 5111.080000000001 1399.9700000000003
vertex 8986.250000000002 5111.080000000001 999.9600000000003
endloop
endfacet
facet normal 0.635939418477356 0.7717389817980443 0
outer loop
vertex 8931.130000000003 5166.330000000001 999.9600000000003
vertex 8931.130000000003 5166.330000000001 1399.9700000000003
vertex 8961.420000000002 5141.370000000002 1399.9700000000003
endloop
endfacet
facet normal 0.635939418477356 0.7717389817980443 0
outer loop
vertex 8931.130000000003 5166.330000000001 999.9600000000003
vertex 8961.420000000002 5141.370000000002 1399.9700000000003
vertex 8961.420000000002 5141.370000000002 999.9600000000003
endloop
endfacet
facet normal 0.470932465130188 0.882169265666405 0
outer loop
vertex 8896.550000000003 5184.790000000001 999.9600000000003
vertex 8896.550000000003 5184.790000000001 1399.9700000000003
vertex 8931.130000000003 5166.330000000001 1399.9700000000003
endloop
endfacet
facet normal 0.470932465130188 0.882169265666405 0
outer loop
vertex 8896.550000000003 5184.790000000001 999.9600000000003
vertex 8931.130000000003 5166.330000000001 1399.9700000000003
vertex 8931.130000000003 5166.330000000001 999.9600000000003
endloop
endfacet
facet normal 0.2882596809287372 0.9575522734299484 0
outer loop
vertex 8858.980000000001 5196.100000000001 999.9600000000003
vertex 8858.980000000001 5196.100000000001 1399.9700000000003
vertex 8896.550000000003 5184.790000000001 1399.9700000000003
endloop
endfacet
facet normal 0.2882596809287372 0.9575522734299484 0
outer loop
vertex 8858.980000000001 5196.100000000001 999.9600000000003
vertex 8896.550000000003 5184.790000000001 1399.9700000000003
vertex 8896.550000000003 5184.790000000001 999.9600000000003
endloop
endfacet
facet normal 0.09950371902098973 0.9950371902099902 0
outer loop
vertex 8819.980000000001 5200.000000000001 999.9600000000003
vertex 8819.980000000001 5200.000000000001 1399.9700000000003
vertex 8858.980000000001 5196.100000000001 1399.9700000000003
endloop
endfacet
facet normal 0.09950371902098973 0.9950371902099902 0
outer loop
vertex 8819.980000000001 5200.000000000001 999.9600000000003
vertex 8858.980000000001 5196.100000000001 1399.9700000000003
vertex 8858.980000000001 5196.100000000001 999.9600000000003
endloop
endfacet
facet normal -0.09950371902098973 0.9950371902099902 0
outer loop
vertex 8780.980000000001 5196.100000000001 999.9600000000003
vertex 8780.980000000001 5196.100000000001 1399.9700000000003
vertex 8819.980000000001 5200.000000000001 1399.9700000000003
endloop
endfacet
facet normal -0.09950371902098973 0.9950371902099902 0
outer loop
vertex 8780.980000000001 5196.100000000001 999.9600000000003
vertex 8819.980000000001 5200.000000000001 1399.9700000000003
vertex 8819.980000000001 5200.000000000001 999.9600000000003
endloop
endfacet
facet normal -0.28825968092875 0.9575522734299444 0
outer loop
vertex 8743.410000000002 5184.790000000001 999.9600000000003
vertex 8743.410000000002 5184.790000000001 1399.9700000000003
vertex 8780.980000000001 5196.100000000001 1399.9700000000003
endloop
endfacet
facet normal -0.28825968092875 0.9575522734299444 0
outer loop
vertex 8743.410000000002 5184.790000000001 999.9600000000003
vertex 8780.980000000001 5196.100000000001 1399.9700000000003
vertex 8780.980000000001 5196.100000000001 999.9600000000003
endloop
endfacet
facet normal -0.470932465130188 0.882169265666405 0
outer loop
vertex 8708.830000000002 5166.330000000001 999.9600000000003
vertex 8708.830000000002 5166.330000000001 1399.9700000000003
vertex 8743.410000000002 5184.790000000001 1399.9700000000003
endloop
endfacet
facet normal -0.470932465130188 0.882169265666405 0
outer loop
vertex 8708.830000000002 5166.330000000001 999.9600000000003
vertex 8743.410000000002 5184.790000000001 1399.9700000000003
vertex 8743.410000000002 5184.790000000001 999.9600000000003
endloop
endfacet
facet normal -0.635939418477356 0.7717389817980443 0
outer loop
vertex 8678.540000000003 5141.370000000002 999.9600000000003
vertex 8678.540000000003 5141.370000000002 1399.9700000000003
vertex 8708.830000000002 5166.330000000001 1399.9700000000003
endloop
endfacet
facet normal -0.635939418477356 0.7717389817980443 0
outer loop
vertex 8678.540000000003 5141.370000000002 999.9600000000003
vertex 8708.830000000002 5166.330000000001 1399.9700000000003
vertex 8708.830000000002 5166.330000000001 999.9600000000003
endloop
endfacet
facet normal -0.7733654271742799 0.6339605003874796 0
outer loop
vertex 8653.710000000003 5111.080000000001 999.9600000000003
vertex 8653.710000000003 5111.080000000001 1399.9700000000003
vertex 8678.540000000003 5141.370000000002 1399.9700000000003
endloop
endfacet
facet normal -0.7733654271742799 0.6339605003874796 0
outer loop
vertex 8653.710000000003 5111.080000000001 999.9600000000003
vertex 8678.540000000003 5141.370000000002 1399.9700000000003
vertex 8678.540000000003 5141.370000000002 999.9600000000003
endloop
endfacet
facet normal -0.8821692656663954 0.4709324651302061 0
outer loop
vertex 8635.250000000002 5076.500000000001 999.9600000000003
vertex 8635.250000000002 5076.500000000001 1399.9700000000003
vertex 8653.710000000003 5111.080000000001 1399.9700000000003
endloop
endfacet
facet normal -0.8821692656663954 0.4709324651302061 0
outer loop
vertex 8635.250000000002 5076.500000000001 999.9600000000003
vertex 8653.710000000003 5111.080000000001 1399.9700000000003
vertex 8653.710000000003 5111.080000000001 999.9600000000003
endloop
endfacet
facet normal -0.9563515710513344 0.29221853559903493 0
outer loop
vertex 8623.810000000001 5039.060000000001 999.9600000000003
vertex 8623.810000000001 5039.060000000001 1399.9700000000003
vertex 8635.250000000002 5076.500000000001 1399.9700000000003
endloop
endfacet
facet normal -0.9563515710513344 0.29221853559903493 0
outer loop
vertex 8623.810000000001 5039.060000000001 999.9600000000003
vertex 8635.250000000002 5076.500000000001 1399.9700000000003
vertex 8635.250000000002 5076.500000000001 999.9600000000003
endloop
endfacet
facet normal -0.9953602693534118 0.09621815937079453 0
outer loop
vertex 8620.040000000003 5000.060000000001 999.9600000000003
vertex 8620.040000000003 5000.060000000001 1399.9700000000003
vertex 8623.810000000001 5039.060000000001 1399.9700000000003
endloop
endfacet
facet normal -0.9953602693534118 0.09621815937079453 0
outer loop
vertex 8620.040000000003 5000.060000000001 999.9600000000003
vertex 8623.810000000001 5039.060000000001 1399.9700000000003
vertex 8623.810000000001 5039.060000000001 999.9600000000003
endloop
endfacet
facet normal -0.9953908344575575 -0.09590144252245349 0
outer loop
vertex 8623.810000000001 4960.930000000001 999.9600000000003
vertex 8623.810000000001 4960.930000000001 1399.9700000000003
vertex 8620.040000000003 5000.060000000001 1399.9700000000003
endloop
endfacet
facet normal -0.9953908344575575 -0.09590144252245349 0
outer loop
vertex 8623.810000000001 4960.930000000001 999.9600000000003
vertex 8620.040000000003 5000.060000000001 1399.9700000000003
vertex 8620.040000000003 5000.060000000001 999.9600000000003
endloop
endfacet
facet normal -0.9563515710513344 -0.29221853559903493 0
outer loop
vertex 8635.250000000002 4923.490000000002 999.9600000000003
vertex 8635.250000000002 4923.490000000002 1399.9700000000003
vertex 8623.810000000001 4960.930000000001 1399.9700000000003
endloop
endfacet
facet normal -0.9563515710513344 -0.29221853559903493 0
outer loop
vertex 8635.250000000002 4923.490000000002 999.9600000000003
vertex 8623.810000000001 4960.930000000001 1399.9700000000003
vertex 8623.810000000001 4960.930000000001 999.9600000000003
endloop
endfacet
facet normal -0.8821692656664004 -0.47093246513019643 0
outer loop
vertex 8653.710000000003 4888.910000000001 999.9600000000003
vertex 8653.710000000003 4888.910000000001 1399.9700000000003
vertex 8635.250000000002 4923.490000000002 1399.9700000000003
endloop
endfacet
facet normal -0.8821692656664004 -0.47093246513019643 0
outer loop
vertex 8653.710000000003 4888.910000000001 999.9600000000003
vertex 8635.250000000002 4923.490000000002 1399.9700000000003
vertex 8635.250000000002 4923.490000000002 999.9600000000003
endloop
endfacet
facet normal -0.7733654271742705 -0.633960500387491 0
outer loop
vertex 8678.540000000003 4858.620000000001 999.9600000000003
vertex 8678.540000000003 4858.620000000001 1399.9700000000003
vertex 8653.710000000003 4888.910000000001 1399.9700000000003
endloop
endfacet
facet normal -0.7733654271742705 -0.633960500387491 0
outer loop
vertex 8678.540000000003 4858.620000000001 999.9600000000003
vertex 8653.710000000003 4888.910000000001 1399.9700000000003
vertex 8653.710000000003 4888.910000000001 999.9600000000003
endloop
endfacet
facet normal -0.6359394184773697 -0.7717389817980329 0
outer loop
vertex 8708.830000000002 4833.660000000001 999.9600000000003
vertex 8708.830000000002 4833.660000000001 1399.9700000000003
vertex 8678.540000000003 4858.620000000001 1399.9700000000003
endloop
endfacet
facet normal -0.6359394184773697 -0.7717389817980329 0
outer loop
vertex 8708.830000000002 4833.660000000001 999.9600000000003
vertex 8678.540000000003 4858.620000000001 1399.9700000000003
vertex 8678.540000000003 4858.620000000001 999.9600000000003
endloop
endfacet
facet normal -0.47093246513017 -0.8821692656664147 0
outer loop
vertex 8743.410000000002 4815.200000000002 999.9600000000003
vertex 8743.410000000002 4815.200000000002 1399.9700000000003
vertex 8708.830000000002 4833.660000000001 1399.9700000000003
endloop
endfacet
facet normal -0.47093246513017 -0.8821692656664147 0
outer loop
vertex 8743.410000000002 4815.200000000002 999.9600000000003
vertex 8708.830000000002 4833.660000000001 1399.9700000000003
vertex 8708.830000000002 4833.660000000001 999.9600000000003
endloop
endfacet
facet normal -0.28825968092875 -0.9575522734299444 0
outer loop
vertex 8780.980000000001 4803.890000000001 999.9600000000003
vertex 8780.980000000001 4803.890000000001 1399.9700000000003
vertex 8743.410000000002 4815.200000000002 1399.9700000000003
endloop
endfacet
facet normal -0.28825968092875 -0.9575522734299444 0
outer loop
vertex 8780.980000000001 4803.890000000001 999.9600000000003
vertex 8743.410000000002 4815.200000000002 1399.9700000000003
vertex 8743.410000000002 4815.200000000002 999.9600000000003
endloop
endfacet
facet normal -0.09950371902098973 -0.9950371902099902 0
outer loop
vertex 8819.980000000001 4799.990000000002 999.9600000000003
vertex 8819.980000000001 4799.990000000002 1399.9700000000003
vertex 8780.980000000001 4803.890000000001 1399.9700000000003
endloop
endfacet
facet normal -0.09950371902098973 -0.9950371902099902 0
outer loop
vertex 8819.980000000001 4799.990000000002 999.9600000000003
vertex 8780.980000000001 4803.890000000001 1399.9700000000003
vertex 8780.980000000001 4803.890000000001 999.9600000000003
endloop
endfacet
facet normal 0.09950371902098973 -0.9950371902099902 0
outer loop
vertex 8858.980000000001 4803.890000000001 999.9600000000003
vertex 8858.980000000001 4803.890000000001 1399.9700000000003
vertex 8819.980000000001 4799.990000000002 1399.9700000000003
endloop
endfacet
facet normal 0.09950371902098973 -0.9950371902099902 0
outer loop
vertex 8858.980000000001 4803.890000000001 999.9600000000003
vertex 8819.980000000001 4799.990000000002 1399.9700000000003
vertex 8819.980000000001 4799.990000000002 999.9600000000003
endloop
endfacet
facet normal 0.2882596809287372 -0.9575522734299484 0
outer loop
vertex 8896.550000000003 4815.200000000002 999.9600000000003
vertex 8896.550000000003 4815.200000000002 1399.9700000000003
vertex 8858.980000000001 4803.890000000001 1399.9700000000003
endloop
endfacet
facet normal 0.2882596809287372 -0.9575522734299484 0
outer loop
vertex 8896.550000000003 4815.200000000002 999.9600000000003
vertex 8858.980000000001 4803.890000000001 1399.9700000000003
vertex 8858.980000000001 4803.890000000001 999.9600000000003
endloop
endfacet
facet normal 0.47093246513017 -0.8821692656664147 0
outer loop
vertex 8931.130000000003 4833.660000000001 999.9600000000003
vertex 8931.130000000003 4833.660000000001 1399.9700000000003
vertex 8896.550000000003 4815.200000000002 1399.9700000000003
endloop
endfacet
facet normal 0.47093246513017 -0.8821692656664147 0
outer loop
vertex 8931.130000000003 4833.660000000001 999.9600000000003
vertex 8896.550000000003 4815.200000000002 1399.9700000000003
vertex 8896.550000000003 4815.200000000002 999.9600000000003
endloop
endfacet
facet normal 0.6359394184773697 -0.7717389817980329 0
outer loop
vertex 8961.420000000002 4858.620000000001 999.9600000000003
vertex 8961.420000000002 4858.620000000001 1399.9700000000003
vertex 8931.130000000003 4833.660000000001 1399.9700000000003
endloop
endfacet
facet normal 0.6359394184773697 -0.7717389817980329 0
outer loop
vertex 8961.420000000002 4858.620000000001 999.9600000000003
vertex 8931.130000000003 4833.660000000001 1399.9700000000003
vertex 8931.130000000003 4833.660000000001 999.9600000000003
endloop
endfacet
facet normal 0.7733654271742705 -0.633960500387491 0
outer loop
vertex 8986.250000000002 4888.910000000001 999.9600000000003
vertex 8986.250000000002 4888.910000000001 1399.9700000000003
vertex 8961.420000000002 4858.620000000001 1399.9700000000003
endloop
endfacet
facet normal 0.7733654271742705 -0.633960500387491 0
outer loop
vertex 8986.250000000002 4888.910000000001 999.9600000000003
vertex 8961.420000000002 4858.620000000001 1399.9700000000003
vertex 8961.420000000002 4858.620000000001 999.9600000000003
endloop
endfacet
facet normal 0.880789873319929 -0.47350733791258565 0
outer loop
vertex 9004.840000000002 4923.490000000002 999.9600000000003
vertex 9004.840000000002 4923.490000000002 1399.9700000000003
vertex 8986.250000000002 4888.910000000001 1399.9700000000003
endloop
endfacet
facet normal 0.880789873319929 -0.47350733791258565 0
outer loop
vertex 9004.840000000002 4923.490000000002 999.9600000000003
vertex 8986.250000000002 4888.910000000001 1399.9700000000003
vertex 8986.250000000002 4888.910000000001 999.9600000000003
endloop
endfacet
facet normal 0.9572756411177838 -0.28917701658765393 0
outer loop
vertex 9016.150000000001 4960.930000000001 999.9600000000003
vertex 9016.150000000001 4960.930000000001 1399.9700000000003
vertex 9004.840000000002 4923.490000000002 1399.9700000000003
endloop
endfacet
facet normal 0.9572756411177838 -0.28917701658765393 0
outer loop
vertex 9016.150000000001 4960.930000000001 999.9600000000003
vertex 9004.840000000002 4923.490000000002 1399.9700000000003
vertex 9004.840000000002 4923.490000000002 999.9600000000003
endloop
endfacet
facet normal 0.9950698678600572 -0.09917639879007567 0
outer loop
vertex 9020.050000000003 5000.060000000001 999.9600000000003
vertex 9020.050000000003 5000.060000000001 1399.9700000000003
vertex 9016.150000000001 4960.930000000001 1399.9700000000003
endloop
endfacet
facet normal 0.9950698678600572 -0.09917639879007567 0
outer loop
vertex 9020.050000000003 5000.060000000001 999.9600000000003
vertex 9016.150000000001 4960.930000000001 1399.9700000000003
vertex 9016.150000000001 4960.930000000001 999.9600000000003
endloop
endfacet
facet normal 0.995069867860057 0.09917639879007795 0
outer loop
vertex 9016.150000000001 4139.070000000001 999.9600000000003
vertex 9016.150000000001 4139.070000000001 1399.9700000000003
vertex 9020.050000000003 4099.940000000001 1399.9700000000003
endloop
endfacet
facet normal 0.995069867860057 0.09917639879007795 0
outer loop
vertex 9016.150000000001 4139.070000000001 999.9600000000003
vertex 9020.050000000003 4099.940000000001 1399.9700000000003
vertex 9020.050000000003 4099.940000000001 999.9600000000003
endloop
endfacet
facet normal 0.9572756411177855 0.28917701658764744 0
outer loop
vertex 9004.840000000002 4176.510000000001 999.9600000000003
vertex 9004.840000000002 4176.510000000001 1399.9700000000003
vertex 9016.150000000001 4139.070000000001 1399.9700000000003
endloop
endfacet
facet normal 0.9572756411177855 0.28917701658764744 0
outer loop
vertex 9004.840000000002 4176.510000000001 999.9600000000003
vertex 9016.150000000001 4139.070000000001 1399.9700000000003
vertex 9016.150000000001 4139.070000000001 999.9600000000003
endloop
endfacet
facet normal 0.8807898733199238 0.4735073379125953 0
outer loop
vertex 8986.250000000002 4211.090000000001 999.9600000000003
vertex 8986.250000000002 4211.090000000001 1399.9700000000003
vertex 9004.840000000002 4176.510000000001 1399.9700000000003
endloop
endfacet
facet normal 0.8807898733199238 0.4735073379125953 0
outer loop
vertex 8986.250000000002 4211.090000000001 999.9600000000003
vertex 9004.840000000002 4176.510000000001 1399.9700000000003
vertex 9004.840000000002 4176.510000000001 999.9600000000003
endloop
endfacet
facet normal 0.7733654271742705 0.633960500387491 0
outer loop
vertex 8961.420000000002 4241.380000000001 999.9600000000003
vertex 8961.420000000002 4241.380000000001 1399.9700000000003
vertex 8986.250000000002 4211.090000000001 1399.9700000000003
endloop
endfacet
facet normal 0.7733654271742705 0.633960500387491 0
outer loop
vertex 8961.420000000002 4241.380000000001 999.9600000000003
vertex 8986.250000000002 4211.090000000001 1399.9700000000003
vertex 8986.250000000002 4211.090000000001 999.9600000000003
endloop
endfacet
facet normal 0.6359394184773697 0.7717389817980329 0
outer loop
vertex 8931.130000000003 4266.340000000001 999.9600000000003
vertex 8931.130000000003 4266.340000000001 1399.9700000000003
vertex 8961.420000000002 4241.380000000001 1399.9700000000003
endloop
endfacet
facet normal 0.6359394184773697 0.7717389817980329 0
outer loop
vertex 8931.130000000003 4266.340000000001 999.9600000000003
vertex 8961.420000000002 4241.380000000001 1399.9700000000003
vertex 8961.420000000002 4241.380000000001 999.9600000000003
endloop
endfacet
facet normal 0.470932465130188 0.882169265666405 0
outer loop
vertex 8896.550000000003 4284.800000000001 999.9600000000003
vertex 8896.550000000003 4284.800000000001 1399.9700000000003
vertex 8931.130000000003 4266.340000000001 1399.9700000000003
endloop
endfacet
facet normal 0.470932465130188 0.882169265666405 0
outer loop
vertex 8896.550000000003 4284.800000000001 999.9600000000003
vertex 8931.130000000003 4266.340000000001 1399.9700000000003
vertex 8931.130000000003 4266.340000000001 999.9600000000003
endloop
endfacet
facet normal 0.2882596809287372 0.9575522734299484 0
outer loop
vertex 8858.980000000001 4296.1100000000015 999.9600000000003
vertex 8858.980000000001 4296.1100000000015 1399.9700000000003
vertex 8896.550000000003 4284.800000000001 1399.9700000000003
endloop
endfacet
facet normal 0.2882596809287372 0.9575522734299484 0
outer loop
vertex 8858.980000000001 4296.1100000000015 999.9600000000003
vertex 8896.550000000003 4284.800000000001 1399.9700000000003
vertex 8896.550000000003 4284.800000000001 999.9600000000003
endloop
endfacet
facet normal 0.09950371902098973 0.9950371902099902 0
outer loop
vertex 8819.980000000001 4300.010000000001 999.9600000000003
vertex 8819.980000000001 4300.010000000001 1399.9700000000003
vertex 8858.980000000001 4296.1100000000015 1399.9700000000003
endloop
endfacet
facet normal 0.09950371902098973 0.9950371902099902 0
outer loop
vertex 8819.980000000001 4300.010000000001 999.9600000000003
vertex 8858.980000000001 4296.1100000000015 1399.9700000000003
vertex 8858.980000000001 4296.1100000000015 999.9600000000003
endloop
endfacet
facet normal -0.09950371902098973 0.9950371902099902 0
outer loop
vertex 8780.980000000001 4296.1100000000015 999.9600000000003
vertex 8780.980000000001 4296.1100000000015 1399.9700000000003
vertex 8819.980000000001 4300.010000000001 1399.9700000000003
endloop
endfacet
facet normal -0.09950371902098973 0.9950371902099902 0
outer loop
vertex 8780.980000000001 4296.1100000000015 999.9600000000003
vertex 8819.980000000001 4300.010000000001 1399.9700000000003
vertex 8819.980000000001 4300.010000000001 999.9600000000003
endloop
endfacet
facet normal -0.28825968092875 0.9575522734299444 0
outer loop
vertex 8743.410000000002 4284.800000000001 999.9600000000003
vertex 8743.410000000002 4284.800000000001 1399.9700000000003
vertex 8780.980000000001 4296.1100000000015 1399.9700000000003
endloop
endfacet
facet normal -0.28825968092875 0.9575522734299444 0
outer loop
vertex 8743.410000000002 4284.800000000001 999.9600000000003
vertex 8780.980000000001 4296.1100000000015 1399.9700000000003
vertex 8780.980000000001 4296.1100000000015 999.9600000000003
endloop
endfacet
facet normal -0.470932465130188 0.882169265666405 0
outer loop
vertex 8708.830000000002 4266.340000000001 999.9600000000003
vertex 8708.830000000002 4266.340000000001 1399.9700000000003
vertex 8743.410000000002 4284.800000000001 1399.9700000000003
endloop
endfacet
facet normal -0.470932465130188 0.882169265666405 0
outer loop
vertex 8708.830000000002 4266.340000000001 999.9600000000003
vertex 8743.410000000002 4284.800000000001 1399.9700000000003
vertex 8743.410000000002 4284.800000000001 999.9600000000003
endloop
endfacet
facet normal -0.6359394184773697 0.7717389817980329 0
outer loop
vertex 8678.540000000003 4241.380000000001 999.9600000000003
vertex 8678.540000000003 4241.380000000001 1399.9700000000003
vertex 8708.830000000002 4266.340000000001 1399.9700000000003
endloop
endfacet
facet normal -0.6359394184773697 0.7717389817980329 0
outer loop
vertex 8678.540000000003 4241.380000000001 999.9600000000003
vertex 8708.830000000002 4266.340000000001 1399.9700000000003
vertex 8708.830000000002 4266.340000000001 999.9600000000003
endloop
endfacet
facet normal -0.7733654271742705 0.633960500387491 0
outer loop
vertex 8653.710000000003 4211.090000000001 999.9600000000003
vertex 8653.710000000003 4211.090000000001 1399.9700000000003
vertex 8678.540000000003 4241.380000000001 1399.9700000000003
endloop
endfacet
facet normal -0.7733654271742705 0.633960500387491 0
outer loop
vertex 8653.710000000003 4211.090000000001 999.9600000000003
vertex 8678.540000000003 4241.380000000001 1399.9700000000003
vertex 8678.540000000003 4241.380000000001 999.9600000000003
endloop
endfacet
facet normal -0.8821692656663954 0.4709324651302061 0
outer loop
vertex 8635.250000000002 4176.510000000001 999.9600000000003
vertex 8635.250000000002 4176.510000000001 1399.9700000000003
vertex 8653.710000000003 4211.090000000001 1399.9700000000003
endloop
endfacet
facet normal -0.8821692656663954 0.4709324651302061 0
outer loop
vertex 8635.250000000002 4176.510000000001 999.9600000000003
vertex 8653.710000000003 4211.090000000001 1399.9700000000003
vertex 8653.710000000003 4211.090000000001 999.9600000000003
endloop
endfacet
facet normal -0.9563515710513365 0.2922185355990285 0
outer loop
vertex 8623.810000000001 4139.070000000001 999.9600000000003
vertex 8623.810000000001 4139.070000000001 1399.9700000000003
vertex 8635.250000000002 4176.510000000001 1399.9700000000003
endloop
endfacet
facet normal -0.9563515710513365 0.2922185355990285 0
outer loop
vertex 8623.810000000001 4139.070000000001 999.9600000000003
vertex 8635.250000000002 4176.510000000001 1399.9700000000003
vertex 8635.250000000002 4176.510000000001 999.9600000000003
endloop
endfacet
facet normal -0.9953908344575573 0.0959014425224557 0
outer loop
vertex 8620.040000000003 4099.940000000001 999.9600000000003
vertex 8620.040000000003 4099.940000000001 1399.9700000000003
vertex 8623.810000000001 4139.070000000001 1399.9700000000003
endloop
endfacet
facet normal -0.9953908344575573 0.0959014425224557 0
outer loop
vertex 8620.040000000003 4099.940000000001 999.9600000000003
vertex 8623.810000000001 4139.070000000001 1399.9700000000003
vertex 8623.810000000001 4139.070000000001 999.9600000000003
endloop
endfacet
facet normal -0.9953602693534118 -0.09621815937079341 0
outer loop
vertex 8623.810000000001 4060.940000000001 999.9600000000003
vertex 8623.810000000001 4060.940000000001 1399.9700000000003
vertex 8620.040000000003 4099.940000000001 1399.9700000000003
endloop
endfacet
facet normal -0.9953602693534118 -0.09621815937079341 0
outer loop
vertex 8623.810000000001 4060.940000000001 999.9600000000003
vertex 8620.040000000003 4099.940000000001 1399.9700000000003
vertex 8620.040000000003 4099.940000000001 999.9600000000003
endloop
endfacet
facet normal -0.9563515710513354 -0.2922185355990317 0
outer loop
vertex 8635.250000000002 4023.500000000001 999.9600000000003
vertex 8635.250000000002 4023.500000000001 1399.9700000000003
vertex 8623.810000000001 4060.940000000001 1399.9700000000003
endloop
endfacet
facet normal -0.9563515710513354 -0.2922185355990317 0
outer loop
vertex 8635.250000000002 4023.500000000001 999.9600000000003
vertex 8623.810000000001 4060.940000000001 1399.9700000000003
vertex 8623.810000000001 4060.940000000001 999.9600000000003
endloop
endfacet
facet normal -0.8821692656663954 -0.4709324651302061 0
outer loop
vertex 8653.710000000003 3988.920000000001 999.9600000000003
vertex 8653.710000000003 3988.920000000001 1399.9700000000003
vertex 8635.250000000002 4023.500000000001 1399.9700000000003
endloop
endfacet
facet normal -0.8821692656663954 -0.4709324651302061 0
outer loop
vertex 8653.710000000003 3988.920000000001 999.9600000000003
vertex 8635.250000000002 4023.500000000001 1399.9700000000003
vertex 8635.250000000002 4023.500000000001 999.9600000000003
endloop
endfacet
facet normal -0.7733654271742705 -0.633960500387491 0
outer loop
vertex 8678.540000000003 3958.630000000001 999.9600000000003
vertex 8678.540000000003 3958.630000000001 1399.9700000000003
vertex 8653.710000000003 3988.920000000001 1399.9700000000003
endloop
endfacet
facet normal -0.7733654271742705 -0.633960500387491 0
outer loop
vertex 8678.540000000003 3958.630000000001 999.9600000000003
vertex 8653.710000000003 3988.920000000001 1399.9700000000003
vertex 8653.710000000003 3988.920000000001 999.9600000000003
endloop
endfacet
facet normal -0.6359394184773697 -0.7717389817980329 0
outer loop
vertex 8708.830000000002 3933.670000000001 999.9600000000003
vertex 8708.830000000002 3933.670000000001 1399.9700000000003
vertex 8678.540000000003 3958.630000000001 1399.9700000000003
endloop
endfacet
facet normal -0.6359394184773697 -0.7717389817980329 0
outer loop
vertex 8708.830000000002 3933.670000000001 999.9600000000003
vertex 8678.540000000003 3958.630000000001 1399.9700000000003
vertex 8678.540000000003 3958.630000000001 999.9600000000003
endloop
endfacet
facet normal -0.470932465130188 -0.882169265666405 0
outer loop
vertex 8743.410000000002 3915.210000000001 999.9600000000003
vertex 8743.410000000002 3915.210000000001 1399.9700000000003
vertex 8708.830000000002 3933.670000000001 1399.9700000000003
endloop
endfacet
facet normal -0.470932465130188 -0.882169265666405 0
outer loop
vertex 8743.410000000002 3915.210000000001 999.9600000000003
vertex 8708.830000000002 3933.670000000001 1399.9700000000003
vertex 8708.830000000002 3933.670000000001 999.9600000000003
endloop
endfacet
facet normal -0.2882596809287394 -0.9575522734299476 0
outer loop
vertex 8780.980000000001 3903.900000000001 999.9600000000003
vertex 8780.980000000001 3903.900000000001 1399.9700000000003
vertex 8743.410000000002 3915.210000000001 1399.9700000000003
endloop
endfacet
facet normal -0.2882596809287394 -0.9575522734299476 0
outer loop
vertex 8780.980000000001 3903.900000000001 999.9600000000003
vertex 8743.410000000002 3915.210000000001 1399.9700000000003
vertex 8743.410000000002 3915.210000000001 999.9600000000003
endloop
endfacet
facet normal -0.09950371902100123 -0.995037190209989 0
outer loop
vertex 8819.980000000001 3900.000000000001 999.9600000000003
vertex 8819.980000000001 3900.000000000001 1399.9700000000003
vertex 8780.980000000001 3903.900000000001 1399.9700000000003
endloop
endfacet
facet normal -0.09950371902100123 -0.995037190209989 0
outer loop
vertex 8819.980000000001 3900.000000000001 999.9600000000003
vertex 8780.980000000001 3903.900000000001 1399.9700000000003
vertex 8780.980000000001 3903.900000000001 999.9600000000003
endloop
endfacet
facet normal 0.09950371902100123 -0.995037190209989 0
outer loop
vertex 8858.980000000001 3903.900000000001 999.9600000000003
vertex 8858.980000000001 3903.900000000001 1399.9700000000003
vertex 8819.980000000001 3900.000000000001 1399.9700000000003
endloop
endfacet
facet normal 0.09950371902100123 -0.995037190209989 0
outer loop
vertex 8858.980000000001 3903.900000000001 999.9600000000003
vertex 8819.980000000001 3900.000000000001 1399.9700000000003
vertex 8819.980000000001 3900.000000000001 999.9600000000003
endloop
endfacet
facet normal 0.2882596809287266 -0.9575522734299516 0
outer loop
vertex 8896.550000000003 3915.210000000001 999.9600000000003
vertex 8896.550000000003 3915.210000000001 1399.9700000000003
vertex 8858.980000000001 3903.900000000001 1399.9700000000003
endloop
endfacet
facet normal 0.2882596809287266 -0.9575522734299516 0
outer loop
vertex 8896.550000000003 3915.210000000001 999.9600000000003
vertex 8858.980000000001 3903.900000000001 1399.9700000000003
vertex 8858.980000000001 3903.900000000001 999.9600000000003
endloop
endfacet
facet normal 0.470932465130188 -0.882169265666405 0
outer loop
vertex 8931.130000000003 3933.670000000001 999.9600000000003
vertex 8931.130000000003 3933.670000000001 1399.9700000000003
vertex 8896.550000000003 3915.210000000001 1399.9700000000003
endloop
endfacet
facet normal 0.470932465130188 -0.882169265666405 0
outer loop
vertex 8931.130000000003 3933.670000000001 999.9600000000003
vertex 8896.550000000003 3915.210000000001 1399.9700000000003
vertex 8896.550000000003 3915.210000000001 999.9600000000003
endloop
endfacet
facet normal 0.6359394184773697 -0.7717389817980329 0
outer loop
vertex 8961.420000000002 3958.630000000001 999.9600000000003
vertex 8961.420000000002 3958.630000000001 1399.9700000000003
vertex 8931.130000000003 3933.670000000001 1399.9700000000003
endloop
endfacet
facet normal 0.6359394184773697 -0.7717389817980329 0
outer loop
vertex 8961.420000000002 3958.630000000001 999.9600000000003
vertex 8931.130000000003 3933.670000000001 1399.9700000000003
vertex 8931.130000000003 3933.670000000001 999.9600000000003
endloop
endfacet
facet normal 0.7733654271742705 -0.633960500387491 0
outer loop
vertex 8986.250000000002 3988.920000000001 999.9600000000003
vertex 8986.250000000002 3988.920000000001 1399.9700000000003
vertex 8961.420000000002 3958.630000000001 1399.9700000000003
endloop
endfacet
facet normal 0.7733654271742705 -0.633960500387491 0
outer loop
vertex 8986.250000000002 3988.920000000001 999.9600000000003
vertex 8961.420000000002 3958.630000000001 1399.9700000000003
vertex 8961.420000000002 3958.630000000001 999.9600000000003
endloop
endfacet
facet normal 0.8807898733199238 -0.4735073379125953 0
outer loop
vertex 9004.840000000002 4023.500000000001 999.9600000000003
vertex 9004.840000000002 4023.500000000001 1399.9700000000003
vertex 8986.250000000002 3988.920000000001 1399.9700000000003
endloop
endfacet
facet normal 0.8807898733199238 -0.4735073379125953 0
outer loop
vertex 9004.840000000002 4023.500000000001 999.9600000000003
vertex 8986.250000000002 3988.920000000001 1399.9700000000003
vertex 8986.250000000002 3988.920000000001 999.9600000000003
endloop
endfacet
facet normal 0.9572756411177845 -0.2891770165876506 0
outer loop
vertex 9016.150000000001 4060.940000000001 999.9600000000003
vertex 9016.150000000001 4060.940000000001 1399.9700000000003
vertex 9004.840000000002 4023.500000000001 1399.9700000000003
endloop
endfacet
facet normal 0.9572756411177845 -0.2891770165876506 0
outer loop
vertex 9016.150000000001 4060.940000000001 999.9600000000003
vertex 9004.840000000002 4023.500000000001 1399.9700000000003
vertex 9004.840000000002 4023.500000000001 999.9600000000003
endloop
endfacet
facet normal 0.9950371902099856 -0.09950371902103454 0
outer loop
vertex 9020.050000000003 4099.940000000001 999.9600000000003
vertex 9020.050000000003 4099.940000000001 1399.9700000000003
vertex 9016.150000000001 4060.940000000001 1399.9700000000003
endloop
endfacet
facet normal 0.9950371902099856 -0.09950371902103454 0
outer loop
vertex 9020.050000000003 4099.940000000001 999.9600000000003
vertex 9016.150000000001 4060.940000000001 1399.9700000000003
vertex 9016.150000000001 4060.940000000001 999.9600000000003
endloop
endfacet
facet normal -0.9950371902099947 -0.09950371902094378 0
outer loop
vertex 18200.000000000004 13499.980000000003 199.94000000000005
vertex 18200.000000000004 13499.980000000003 3800.030000000001
vertex 18196.100000000006 13538.980000000003 3800.030000000001
endloop
endfacet
facet normal -0.9950371902099947 -0.09950371902094378 0
outer loop
vertex 18200.000000000004 13499.980000000003 199.94000000000005
vertex 18196.100000000006 13538.980000000003 3800.030000000001
vertex 18196.100000000006 13538.980000000003 199.94000000000005
endloop
endfacet
facet normal -0.9575522734299383 -0.28825968092877136 0
outer loop
vertex 18196.100000000006 13538.980000000003 199.94000000000005
vertex 18196.100000000006 13538.980000000003 3800.030000000001
vertex 18184.790000000005 13576.550000000003 3800.030000000001
endloop
endfacet
facet normal -0.9575522734299383 -0.28825968092877136 0
outer loop
vertex 18196.100000000006 13538.980000000003 199.94000000000005
vertex 18184.790000000005 13576.550000000003 3800.030000000001
vertex 18184.790000000005 13576.550000000003 199.94000000000005
endloop
endfacet
facet normal -0.8821692656664146 -0.47093246513017006 0
outer loop
vertex 18184.790000000005 13576.550000000003 199.94000000000005
vertex 18184.790000000005 13576.550000000003 3800.030000000001
vertex 18166.330000000005 13611.130000000003 3800.030000000001
endloop
endfacet
facet normal -0.8821692656664146 -0.47093246513017006 0
outer loop
vertex 18184.790000000005 13576.550000000003 199.94000000000005
vertex 18166.330000000005 13611.130000000003 3800.030000000001
vertex 18166.330000000005 13611.130000000003 199.94000000000005
endloop
endfacet
facet normal -0.7717389817980631 -0.6359394184773334 0
outer loop
vertex 18166.330000000005 13611.130000000003 199.94000000000005
vertex 18166.330000000005 13611.130000000003 3800.030000000001
vertex 18141.370000000006 13641.420000000004 3800.030000000001
endloop
endfacet
facet normal -0.7717389817980631 -0.6359394184773334 0
outer loop
vertex 18166.330000000005 13611.130000000003 199.94000000000005
vertex 18141.370000000006 13641.420000000004 3800.030000000001
vertex 18141.370000000006 13641.420000000004 199.94000000000005
endloop
endfacet
facet normal -0.6339605003874798 -0.7733654271742798 0
outer loop
vertex 18141.370000000006 13641.420000000004 199.94000000000005
vertex 18141.370000000006 13641.420000000004 3800.030000000001
vertex 18111.080000000005 13666.250000000004 3800.030000000001
endloop
endfacet
facet normal -0.6339605003874798 -0.7733654271742798 0
outer loop
vertex 18141.370000000006 13641.420000000004 199.94000000000005
vertex 18111.080000000005 13666.250000000004 3800.030000000001
vertex 18111.080000000005 13666.250000000004 199.94000000000005
endloop
endfacet
facet normal -0.47350733791257593 -0.8807898733199341 0
outer loop
vertex 18111.080000000005 13666.250000000004 199.94000000000005
vertex 18111.080000000005 13666.250000000004 3800.030000000001
vertex 18076.500000000004 13684.840000000004 3800.030000000001
endloop
endfacet
facet normal -0.47350733791257593 -0.8807898733199341 0
outer loop
vertex 18111.080000000005 13666.250000000004 199.94000000000005
vertex 18076.500000000004 13684.840000000004 3800.030000000001
vertex 18076.500000000004 13684.840000000004 199.94000000000005
endloop
endfacet
facet normal -0.2891770165876603 -0.9572756411177817 0
outer loop
vertex 18076.500000000004 13684.840000000004 199.94000000000005
vertex 18076.500000000004 13684.840000000004 3800.030000000001
vertex 18039.060000000005 13696.150000000003 3800.030000000001
endloop
endfacet
facet normal -0.2891770165876603 -0.9572756411177817 0
outer loop
vertex 18076.500000000004 13684.840000000004 199.94000000000005
vertex 18039.060000000005 13696.150000000003 3800.030000000001
vertex 18039.060000000005 13696.150000000003 199.94000000000005
endloop
endfacet
facet normal -0.09950371902098974 -0.9950371902099902 0
outer loop
vertex 18039.060000000005 13696.150000000003 199.94000000000005
vertex 18039.060000000005 13696.150000000003 3800.030000000001
vertex 18000.060000000005 13700.050000000003 3800.030000000001
endloop
endfacet
facet normal -0.09950371902098974 -0.9950371902099902 0
outer loop
vertex 18039.060000000005 13696.150000000003 199.94000000000005
vertex 18000.060000000005 13700.050000000003 3800.030000000001
vertex 18000.060000000005 13700.050000000003 199.94000000000005
endloop
endfacet
facet normal 0.09917639879002758 -0.9950698678600621 0
outer loop
vertex 18000.060000000005 13700.050000000003 199.94000000000005
vertex 18000.060000000005 13700.050000000003 3800.030000000001
vertex 17960.930000000004 13696.150000000003 3800.030000000001
endloop
endfacet
facet normal 0.09917639879002758 -0.9950698678600621 0
outer loop
vertex 18000.060000000005 13700.050000000003 199.94000000000005
vertex 17960.930000000004 13696.150000000003 3800.030000000001
vertex 17960.930000000004 13696.150000000003 199.94000000000005
endloop
endfacet
facet normal 0.2891770165876603 -0.9572756411177817 0
outer loop
vertex 17960.930000000004 13696.150000000003 199.94000000000005
vertex 17960.930000000004 13696.150000000003 3800.030000000001
vertex 17923.490000000005 13684.840000000004 3800.030000000001
endloop
endfacet
facet normal 0.2891770165876603 -0.9572756411177817 0
outer loop
vertex 17960.930000000004 13696.150000000003 199.94000000000005
vertex 17923.490000000005 13684.840000000004 3800.030000000001
vertex 17923.490000000005 13684.840000000004 199.94000000000005
endloop
endfacet
facet normal 0.47350733791257593 -0.8807898733199341 0
outer loop
vertex 17923.490000000005 13684.840000000004 199.94000000000005
vertex 17923.490000000005 13684.840000000004 3800.030000000001
vertex 17888.910000000003 13666.250000000004 3800.030000000001
endloop
endfacet
facet normal 0.47350733791257593 -0.8807898733199341 0
outer loop
vertex 17923.490000000005 13684.840000000004 199.94000000000005
vertex 17888.910000000003 13666.250000000004 3800.030000000001
vertex 17888.910000000003 13666.250000000004 199.94000000000005
endloop
endfacet
facet normal 0.6339605003874798 -0.7733654271742798 0
outer loop
vertex 17888.910000000003 13666.250000000004 199.94000000000005
vertex 17888.910000000003 13666.250000000004 3800.030000000001
vertex 17858.620000000003 13641.420000000004 3800.030000000001
endloop
endfacet
facet normal 0.6339605003874798 -0.7733654271742798 0
outer loop
vertex 17888.910000000003 13666.250000000004 199.94000000000005
vertex 17858.620000000003 13641.420000000004 3800.030000000001
vertex 17858.620000000003 13641.420000000004 199.94000000000005
endloop
endfacet
facet normal 0.7717389817980631 -0.6359394184773334 0
outer loop
vertex 17858.620000000003 13641.420000000004 199.94000000000005
vertex 17858.620000000003 13641.420000000004 3800.030000000001
vertex 17833.660000000003 13611.130000000003 3800.030000000001
endloop
endfacet
facet normal 0.7717389817980631 -0.6359394184773334 0
outer loop
vertex 17858.620000000003 13641.420000000004 199.94000000000005
vertex 17833.660000000003 13611.130000000003 3800.030000000001
vertex 17833.660000000003 13611.130000000003 199.94000000000005
endloop
endfacet
facet normal 0.8821692656664146 -0.47093246513017006 0
outer loop
vertex 17833.660000000003 13611.130000000003 199.94000000000005
vertex 17833.660000000003 13611.130000000003 3800.030000000001
vertex 17815.200000000004 13576.550000000003 3800.030000000001
endloop
endfacet
facet normal 0.8821692656664146 -0.47093246513017006 0
outer loop
vertex 17833.660000000003 13611.130000000003 199.94000000000005
vertex 17815.200000000004 13576.550000000003 3800.030000000001
vertex 17815.200000000004 13576.550000000003 199.94000000000005
endloop
endfacet
facet normal 0.9575522734299383 -0.28825968092877136 0
outer loop
vertex 17815.200000000004 13576.550000000003 199.94000000000005
vertex 17815.200000000004 13576.550000000003 3800.030000000001
vertex 17803.890000000003 13538.980000000003 3800.030000000001
endloop
endfacet
facet normal 0.9575522734299383 -0.28825968092877136 0
outer loop
vertex 17815.200000000004 13576.550000000003 199.94000000000005
vertex 17803.890000000003 13538.980000000003 3800.030000000001
vertex 17803.890000000003 13538.980000000003 199.94000000000005
endloop
endfacet
facet normal 0.9950371902099947 -0.09950371902094378 0
outer loop
vertex 17803.890000000003 13538.980000000003 199.94000000000005
vertex 17803.890000000003 13538.980000000003 3800.030000000001
vertex 17799.990000000005 13499.980000000003 3800.030000000001
endloop
endfacet
facet normal 0.9950371902099947 -0.09950371902094378 0
outer loop
vertex 17803.890000000003 13538.980000000003 199.94000000000005
vertex 17799.990000000005 13499.980000000003 3800.030000000001
vertex 17799.990000000005 13499.980000000003 199.94000000000005
endloop
endfacet
facet normal 0.9950371902099947 0.09950371902094378 0
outer loop
vertex 17799.990000000005 13499.980000000003 199.94000000000005
vertex 17799.990000000005 13499.980000000003 3800.030000000001
vertex 17803.890000000003 13460.980000000003 3800.030000000001
endloop
endfacet
facet normal 0.9950371902099947 0.09950371902094378 0
outer loop
vertex 17799.990000000005 13499.980000000003 199.94000000000005
vertex 17803.890000000003 13460.980000000003 3800.030000000001
vertex 17803.890000000003 13460.980000000003 199.94000000000005
endloop
endfacet
facet normal 0.9575522734299383 0.28825968092877136 0
outer loop
vertex 17803.890000000003 13460.980000000003 199.94000000000005
vertex 17803.890000000003 13460.980000000003 3800.030000000001
vertex 17815.200000000004 13423.410000000003 3800.030000000001
endloop
endfacet
facet normal 0.9575522734299383 0.28825968092877136 0
outer loop
vertex 17803.890000000003 13460.980000000003 199.94000000000005
vertex 17815.200000000004 13423.410000000003 3800.030000000001
vertex 17815.200000000004 13423.410000000003 199.94000000000005
endloop
endfacet
facet normal 0.8821692656664146 0.47093246513017006 0
outer loop
vertex 17815.200000000004 13423.410000000003 199.94000000000005
vertex 17815.200000000004 13423.410000000003 3800.030000000001
vertex 17833.660000000003 13388.830000000004 3800.030000000001
endloop
endfacet
facet normal 0.8821692656664146 0.47093246513017006 0
outer loop
vertex 17815.200000000004 13423.410000000003 199.94000000000005
vertex 17833.660000000003 13388.830000000004 3800.030000000001
vertex 17833.660000000003 13388.830000000004 199.94000000000005
endloop
endfacet
facet normal 0.7717389817980631 0.6359394184773334 0
outer loop
vertex 17833.660000000003 13388.830000000004 199.94000000000005
vertex 17833.660000000003 13388.830000000004 3800.030000000001
vertex 17858.620000000003 13358.540000000003 3800.030000000001
endloop
endfacet
facet normal 0.7717389817980631 0.6359394184773334 0
outer loop
vertex 17833.660000000003 13388.830000000004 199.94000000000005
vertex 17858.620000000003 13358.540000000003 3800.030000000001
vertex 17858.620000000003 13358.540000000003 199.94000000000005
endloop
endfacet
facet normal 0.6339605003874798 0.7733654271742798 0
outer loop
vertex 17858.620000000003 13358.540000000003 199.94000000000005
vertex 17858.620000000003 13358.540000000003 3800.030000000001
vertex 17888.910000000003 13333.710000000003 3800.030000000001
endloop
endfacet
facet normal 0.6339605003874798 0.7733654271742798 0
outer loop
vertex 17858.620000000003 13358.540000000003 199.94000000000005
vertex 17888.910000000003 13333.710000000003 3800.030000000001
vertex 17888.910000000003 13333.710000000003 199.94000000000005
endloop
endfacet
facet normal 0.47093246513015075 0.8821692656664248 0
outer loop
vertex 17888.910000000003 13333.710000000003 199.94000000000005
vertex 17888.910000000003 13333.710000000003 3800.030000000001
vertex 17923.490000000005 13315.250000000004 3800.030000000001
endloop
endfacet
facet normal 0.47093246513015075 0.8821692656664248 0
outer loop
vertex 17888.910000000003 13333.710000000003 199.94000000000005
vertex 17923.490000000005 13315.250000000004 3800.030000000001
vertex 17923.490000000005 13315.250000000004 199.94000000000005
endloop
endfacet
facet normal 0.2922185355990415 0.9563515710513325 0
outer loop
vertex 17923.490000000005 13315.250000000004 199.94000000000005
vertex 17923.490000000005 13315.250000000004 3800.030000000001
vertex 17960.930000000004 13303.810000000003 3800.030000000001
endloop
endfacet
facet normal 0.2922185355990415 0.9563515710513325 0
outer loop
vertex 17923.490000000005 13315.250000000004 199.94000000000005
vertex 17960.930000000004 13303.810000000003 3800.030000000001
vertex 17960.930000000004 13303.810000000003 199.94000000000005
endloop
endfacet
facet normal 0.09590144252249712 0.9953908344575532 0
outer loop
vertex 17960.930000000004 13303.810000000003 199.94000000000005
vertex 17960.930000000004 13303.810000000003 3800.030000000001
vertex 18000.060000000005 13300.040000000003 3800.030000000001
endloop
endfacet
facet normal 0.09590144252249712 0.9953908344575532 0
outer loop
vertex 17960.930000000004 13303.810000000003 199.94000000000005
vertex 18000.060000000005 13300.040000000003 3800.030000000001
vertex 18000.060000000005 13300.040000000003 199.94000000000005
endloop
endfacet
facet normal -0.09621815937084051 0.9953602693534073 0
outer loop
vertex 18000.060000000005 13300.040000000003 199.94000000000005
vertex 18000.060000000005 13300.040000000003 3800.030000000001
vertex 18039.060000000005 13303.810000000003 3800.030000000001
endloop
endfacet
facet normal -0.09621815937084051 0.9953602693534073 0
outer loop
vertex 18000.060000000005 13300.040000000003 199.94000000000005
vertex 18039.060000000005 13303.810000000003 3800.030000000001
vertex 18039.060000000005 13303.810000000003 199.94000000000005
endloop
endfacet
facet normal -0.2922185355990415 0.9563515710513325 0
outer loop
vertex 18039.060000000005 13303.810000000003 199.94000000000005
vertex 18039.060000000005 13303.810000000003 3800.030000000001
vertex 18076.500000000004 13315.250000000004 3800.030000000001
endloop
endfacet
facet normal -0.2922185355990415 0.9563515710513325 0
outer loop
vertex 18039.060000000005 13303.810000000003 199.94000000000005
vertex 18076.500000000004 13315.250000000004 3800.030000000001
vertex 18076.500000000004 13315.250000000004 199.94000000000005
endloop
endfacet
facet normal -0.47093246513015075 0.8821692656664248 0
outer loop
vertex 18076.500000000004 13315.250000000004 199.94000000000005
vertex 18076.500000000004 13315.250000000004 3800.030000000001
vertex 18111.080000000005 13333.710000000003 3800.030000000001
endloop
endfacet
facet normal -0.47093246513015075 0.8821692656664248 0
outer loop
vertex 18076.500000000004 13315.250000000004 199.94000000000005
vertex 18111.080000000005 13333.710000000003 3800.030000000001
vertex 18111.080000000005 13333.710000000003 199.94000000000005
endloop
endfacet
facet normal -0.6339605003874798 0.7733654271742798 0
outer loop
vertex 18111.080000000005 13333.710000000003 199.94000000000005
vertex 18111.080000000005 13333.710000000003 3800.030000000001
vertex 18141.370000000006 13358.540000000003 3800.030000000001
endloop
endfacet
facet normal -0.6339605003874798 0.7733654271742798 0
outer loop
vertex 18111.080000000005 13333.710000000003 199.94000000000005
vertex 18141.370000000006 13358.540000000003 3800.030000000001
vertex 18141.370000000006 13358.540000000003 199.94000000000005
endloop
endfacet
facet normal -0.7717389817980631 0.6359394184773334 0
outer loop
vertex 18141.370000000006 13358.540000000003 199.94000000000005
vertex 18141.370000000006 13358.540000000003 3800.030000000001
vertex 18166.330000000005 13388.830000000004 3800.030000000001
endloop
endfacet
facet normal -0.7717389817980631 0.6359394184773334 0
outer loop
vertex 18141.370000000006 13358.540000000003 199.94000000000005
vertex 18166.330000000005 13388.830000000004 3800.030000000001
vertex 18166.330000000005 13388.830000000004 199.94000000000005
endloop
endfacet
facet normal -0.8821692656664146 0.47093246513017006 0
outer loop
vertex 18166.330000000005 13388.830000000004 199.94000000000005
vertex 18166.330000000005 13388.830000000004 3800.030000000001
vertex 18184.790000000005 13423.410000000003 3800.030000000001
endloop
endfacet
facet normal -0.8821692656664146 0.47093246513017006 0
outer loop
vertex 18166.330000000005 13388.830000000004 199.94000000000005
vertex 18184.790000000005 13423.410000000003 3800.030000000001
vertex 18184.790000000005 13423.410000000003 199.94000000000005
endloop
endfacet
facet normal -0.9575522734299383 0.28825968092877136 0
outer loop
vertex 18184.790000000005 13423.410000000003 199.94000000000005
vertex 18184.790000000005 13423.410000000003 3800.030000000001
vertex 18196.100000000006 13460.980000000003 3800.030000000001
endloop
endfacet
facet normal -0.9575522734299383 0.28825968092877136 0
outer loop
vertex 18184.790000000005 13423.410000000003 199.94000000000005
vertex 18196.100000000006 13460.980000000003 3800.030000000001
vertex 18196.100000000006 13460.980000000003 199.94000000000005
endloop
endfacet
facet normal -0.9950371902099947 0.09950371902094378 0
outer loop
vertex 18196.100000000006 13460.980000000003 199.94000000000005
vertex 18196.100000000006 13460.980000000003 3800.030000000001
vertex 18200.000000000004 13499.980000000003 3800.030000000001
endloop
endfacet
facet normal -0.9950371902099947 0.09950371902094378 0
outer loop
vertex 18196.100000000006 13460.980000000003 199.94000000000005
vertex 18200.000000000004 13499.980000000003 3800.030000000001
vertex 18200.000000000004 13499.980000000003 199.94000000000005
endloop
endfacet
facet normal -0.7053456158585962 -0.07053456158582015 0.7053456158586043
outer loop
vertex 18196.100000000006 13538.980000000003 3800.030000000001
vertex 18200.000000000004 13499.980000000003 3800.030000000001
vertex 18399.940000000006 13499.980000000003 3999.970000000001
endloop
endfacet
facet normal -0.7052895203449491 -0.06935346950060403 0.7055188082254223
outer loop
vertex 18196.100000000006 13538.980000000003 3800.030000000001
vertex 18399.940000000006 13499.980000000003 3999.970000000001
vertex 18392.270000000004 13577.980000000003 3999.970000000001
endloop
endfacet
facet normal -0.678540701635948 -0.2042665780011584 0.70559030700194
outer loop
vertex 18184.790000000005 13576.550000000003 3800.030000000001
vertex 18196.100000000006 13538.980000000003 3800.030000000001
vertex 18392.270000000004 13577.980000000003 3999.970000000001
endloop
endfacet
facet normal -0.6783735633066938 -0.20538991968628437 0.7054248999701108
outer loop
vertex 18184.790000000005 13576.550000000003 3800.030000000001
vertex 18392.270000000004 13577.980000000003 3999.970000000001
vertex 18369.520000000004 13653.120000000003 3999.970000000001
endloop
endfacet
facet normal -0.6252208645244798 -0.333764521663429 0.7054786422295464
outer loop
vertex 18166.330000000005 13611.130000000003 3800.030000000001
vertex 18184.790000000005 13576.550000000003 3800.030000000001
vertex 18369.520000000004 13653.120000000003 3999.970000000001
endloop
endfacet
facet normal -0.6252208645244824 -0.33376452166342163 0.7054786422295476
outer loop
vertex 18166.330000000005 13611.130000000003 3800.030000000001
vertex 18369.520000000004 13653.120000000003 3999.970000000001
vertex 18332.600000000006 13722.280000000004 3999.970000000001
endloop
endfacet
facet normal -0.546983820959763 -0.45073344903119217 0.7054417463779017
outer loop
vertex 18141.370000000006 13641.420000000004 3800.030000000001
vertex 18166.330000000005 13611.130000000003 3800.030000000001
vertex 18332.600000000006 13722.280000000004 3999.970000000001
endloop
endfacet
facet normal -0.5474565558518026 -0.44994819933743396 0.7055763157645549
outer loop
vertex 18141.370000000006 13641.420000000004 3800.030000000001
vertex 18332.600000000006 13722.280000000004 3999.970000000001
vertex 18282.810000000005 13782.860000000004 3999.970000000001
endloop
endfacet
facet normal -0.4491612046808297 -0.5479296371237524 0.7057105107415497
outer loop
vertex 18222.230000000003 13832.650000000003 3999.970000000001
vertex 18111.080000000005 13666.250000000004 3800.030000000001
vertex 18141.370000000006 13641.420000000004 3800.030000000001
endloop
endfacet
facet normal -0.4499481993374167 -0.5474565558518177 0.7055763157645542
outer loop
vertex 18222.230000000003 13832.650000000003 3999.970000000001
vertex 18141.370000000006 13641.420000000004 3800.030000000001
vertex 18282.810000000005 13782.860000000004 3999.970000000001
endloop
endfacet
facet normal -0.33563780456240583 -0.6243332588363892 0.7053759607891825
outer loop
vertex 18153.070000000003 13869.570000000003 3999.970000000001
vertex 18076.500000000004 13684.840000000004 3800.030000000001
vertex 18111.080000000005 13666.250000000004 3800.030000000001
endloop
endfacet
facet normal -0.333668815601715 -0.6250415841553227 0.7056827471120103
outer loop
vertex 18153.070000000003 13869.570000000003 3999.970000000001
vertex 18111.080000000005 13666.250000000004 3800.030000000001
vertex 18222.230000000003 13832.650000000003 3999.970000000001
endloop
endfacet
facet normal -0.20492609609432452 -0.678376042243288 0.7055573969918199
outer loop
vertex 18078.060000000005 13892.320000000003 3999.970000000001
vertex 18039.060000000005 13696.150000000003 3800.030000000001
vertex 18076.500000000004 13684.840000000004 3800.030000000001
endloop
endfacet
facet normal -0.20571104767190673 -0.6782587114667866 0.7054417659772781
outer loop
vertex 18078.060000000005 13892.320000000003 3999.970000000001
vertex 18076.500000000004 13684.840000000004 3800.030000000001
vertex 18153.070000000003 13869.570000000003 3999.970000000001
endloop
endfacet
facet normal -0.07053456158585347 -0.7053456158585978 0.7053456158585995
outer loop
vertex 18000.060000000005 13899.990000000003 3999.970000000001
vertex 18000.060000000005 13700.050000000003 3800.030000000001
vertex 18039.060000000005 13696.150000000003 3800.030000000001
endloop
endfacet
facet normal -0.06935346950058725 -0.7052895203449484 0.7055188082254249
outer loop
vertex 18000.060000000005 13899.990000000003 3999.970000000001
vertex 18039.060000000005 13696.150000000003 3800.030000000001
vertex 18078.060000000005 13892.320000000003 3999.970000000001
endloop
endfacet
facet normal 0.06923972596027173 -0.7053063610529399 0.7055131447444525
outer loop
vertex 18000.060000000005 13899.990000000003 3999.970000000001
vertex 17921.930000000004 13892.320000000003 3999.970000000001
vertex 17960.930000000004 13696.150000000003 3800.030000000001
endloop
endfacet
facet normal 0.0703013875607639 -0.7053572551930791 0.7053572551930807
outer loop
vertex 18000.060000000005 13899.990000000003 3999.970000000001
vertex 17960.930000000004 13696.150000000003 3800.030000000001
vertex 18000.060000000005 13700.050000000003 3800.030000000001
endloop
endfacet
facet normal 0.20571104767190673 -0.6782587114667866 0.7054417659772781
outer loop
vertex 17921.930000000004 13892.320000000003 3999.970000000001
vertex 17846.920000000006 13869.570000000003 3999.970000000001
vertex 17923.490000000005 13684.840000000004 3800.030000000001
endloop
endfacet
facet normal 0.20492609609432452 -0.678376042243288 0.7055573969918199
outer loop
vertex 17921.930000000004 13892.320000000003 3999.970000000001
vertex 17923.490000000005 13684.840000000004 3800.030000000001
vertex 17960.930000000004 13696.150000000003 3800.030000000001
endloop
endfacet
facet normal 0.333668815601715 -0.6250415841553227 0.7056827471120103
outer loop
vertex 17846.920000000006 13869.570000000003 3999.970000000001
vertex 17777.760000000006 13832.650000000003 3999.970000000001
vertex 17888.910000000003 13666.250000000004 3800.030000000001
endloop
endfacet
facet normal 0.33563780456240583 -0.6243332588363892 0.7053759607891825
outer loop
vertex 17846.920000000006 13869.570000000003 3999.970000000001
vertex 17888.910000000003 13666.250000000004 3800.030000000001
vertex 17923.490000000005 13684.840000000004 3800.030000000001
endloop
endfacet
facet normal 0.4499481993374167 -0.5474565558518177 0.7055763157645542
outer loop
vertex 17777.760000000006 13832.650000000003 3999.970000000001
vertex 17717.180000000004 13782.860000000004 3999.970000000001
vertex 17858.620000000003 13641.420000000004 3800.030000000001
endloop
endfacet
facet normal 0.4491612046808297 -0.5479296371237524 0.7057105107415497
outer loop
vertex 17777.760000000006 13832.650000000003 3999.970000000001
vertex 17858.620000000003 13641.420000000004 3800.030000000001
vertex 17888.910000000003 13666.250000000004 3800.030000000001
endloop
endfacet
facet normal 0.5469838209597631 -0.4507334490311919 0.7054417463779018
outer loop
vertex 17667.390000000003 13722.280000000004 3999.970000000001
vertex 17833.660000000003 13611.130000000003 3800.030000000001
vertex 17858.620000000003 13641.420000000004 3800.030000000001
endloop
endfacet
facet normal 0.5474565558518025 -0.4499481993374341 0.7055763157645548
outer loop
vertex 17667.390000000003 13722.280000000004 3999.970000000001
vertex 17858.620000000003 13641.420000000004 3800.030000000001
vertex 17717.180000000004 13782.860000000004 3999.970000000001
endloop
endfacet
facet normal 0.6252208645244797 -0.3337645216634293 0.7054786422295464
outer loop
vertex 17630.470000000005 13653.120000000003 3999.970000000001
vertex 17815.200000000004 13576.550000000003 3800.030000000001
vertex 17833.660000000003 13611.130000000003 3800.030000000001
endloop
endfacet
facet normal 0.6252208645244824 -0.3337645216634217 0.7054786422295476
outer loop
vertex 17630.470000000005 13653.120000000003 3999.970000000001
vertex 17833.660000000003 13611.130000000003 3800.030000000001
vertex 17667.390000000003 13722.280000000004 3999.970000000001
endloop
endfacet
facet normal 0.678540701635948 -0.2042665780011584 0.70559030700194
outer loop
vertex 17607.720000000005 13577.980000000003 3999.970000000001
vertex 17803.890000000003 13538.980000000003 3800.030000000001
vertex 17815.200000000004 13576.550000000003 3800.030000000001
endloop
endfacet
facet normal 0.6783735633066938 -0.2053899196862843 0.7054248999701107
outer loop
vertex 17607.720000000005 13577.980000000003 3999.970000000001
vertex 17815.200000000004 13576.550000000003 3800.030000000001
vertex 17630.470000000005 13653.120000000003 3999.970000000001
endloop
endfacet
facet normal 0.7053456158585962 -0.0705345615858204 0.7053456158586042
outer loop
vertex 17600.050000000003 13499.980000000003 3999.970000000001
vertex 17799.990000000005 13499.980000000003 3800.030000000001
vertex 17803.890000000003 13538.980000000003 3800.030000000001
endloop
endfacet
facet normal 0.7052895203449491 -0.06935346950060377 0.7055188082254223
outer loop
vertex 17600.050000000003 13499.980000000003 3999.970000000001
vertex 17803.890000000003 13538.980000000003 3800.030000000001
vertex 17607.720000000005 13577.980000000003 3999.970000000001
endloop
endfacet
facet normal 0.7052895203449491 0.06935346950060377 0.7055188082254223
outer loop
vertex 17600.050000000003 13499.980000000003 3999.970000000001
vertex 17607.720000000005 13421.980000000003 3999.970000000001
vertex 17803.890000000003 13460.980000000003 3800.030000000001
endloop
endfacet
facet normal 0.7053456158585962 0.0705345615858204 0.7053456158586042
outer loop
vertex 17600.050000000003 13499.980000000003 3999.970000000001
vertex 17803.890000000003 13460.980000000003 3800.030000000001
vertex 17799.990000000005 13499.980000000003 3800.030000000001
endloop
endfacet
facet normal 0.678322711193931 0.20573045833438056 0.7053745657393953
outer loop
vertex 17607.720000000005 13421.980000000003 3999.970000000001
vertex 17630.470000000005 13346.970000000003 3999.970000000001
vertex 17815.200000000004 13423.410000000003 3800.030000000001
endloop
endfacet
facet normal 0.678540701635948 0.2042665780011584 0.70559030700194
outer loop
vertex 17607.720000000005 13421.980000000003 3999.970000000001
vertex 17815.200000000004 13423.410000000003 3800.030000000001
vertex 17803.890000000003 13460.980000000003 3800.030000000001
endloop
endfacet
facet normal 0.6253165914473642 0.33381562400572073 0.7053696120689644
outer loop
vertex 17630.470000000005 13346.970000000003 3999.970000000001
vertex 17667.390000000003 13277.810000000003 3999.970000000001
vertex 17833.660000000003 13388.830000000004 3800.030000000001
endloop
endfacet
facet normal 0.6253165914473641 0.33381562400572096 0.7053696120689643
outer loop
vertex 17630.470000000005 13346.970000000003 3999.970000000001
vertex 17833.660000000003 13388.830000000004 3800.030000000001
vertex 17815.200000000004 13423.410000000003 3800.030000000001
endloop
endfacet
facet normal 0.5479574704246402 0.4493955271362824 0.7055397017856134
outer loop
vertex 17667.390000000003 13277.810000000003 3999.970000000001
vertex 17717.180000000004 13217.100000000004 3999.970000000001
vertex 17858.620000000003 13358.540000000003 3800.030000000001
endloop
endfacet
facet normal 0.5470969159967765 0.45082664322478255 0.7052944791117328
outer loop
vertex 17667.390000000003 13277.810000000003 3999.970000000001
vertex 17858.620000000003 13358.540000000003 3800.030000000001
vertex 17833.660000000003 13388.830000000004 3800.030000000001
endloop
endfacet
facet normal 0.4492741456277623 0.548067413252733 0.7055316099232566
outer loop
vertex 17858.620000000003 13358.540000000003 3800.030000000001
vertex 17717.180000000004 13217.100000000004 3999.970000000001
vertex 17777.760000000006 13167.440000000004 3999.970000000001
endloop
endfacet
facet normal 0.44927414562776247 0.5480674132527329 0.7055316099232566
outer loop
vertex 17858.620000000003 13358.540000000003 3800.030000000001
vertex 17777.760000000006 13167.440000000004 3999.970000000001
vertex 17888.910000000003 13333.710000000003 3800.030000000001
endloop
endfacet
facet normal 0.3346540553385214 0.6246875699652201 0.7055296614433939
outer loop
vertex 17888.910000000003 13333.710000000003 3800.030000000001
vertex 17777.760000000006 13167.440000000004 3999.970000000001
vertex 17846.920000000006 13130.390000000003 3999.970000000001
endloop
endfacet
facet normal 0.33366881560168643 0.6250415841553328 0.7056827471120146
outer loop
vertex 17888.910000000003 13333.710000000003 3800.030000000001
vertex 17846.920000000006 13130.390000000003 3999.970000000001
vertex 17923.490000000005 13315.250000000004 3800.030000000001
endloop
endfacet
facet normal 0.20564706079890677 0.6780477376055237 0.7056632000556652
outer loop
vertex 17923.490000000005 13315.250000000004 3800.030000000001
vertex 17846.920000000006 13130.390000000003 3999.970000000001
vertex 17921.930000000004 13107.640000000003 3999.970000000001
endloop
endfacet
facet normal 0.207113925959851 0.6778273940503676 0.7054458487711054
outer loop
vertex 17923.490000000005 13315.250000000004 3800.030000000001
vertex 17921.930000000004 13107.640000000003 3999.970000000001
vertex 17960.930000000004 13303.810000000003 3800.030000000001
endloop
endfacet
facet normal 0.06797113875514853 0.7054935436309611 0.7054493491324219
outer loop
vertex 18000.060000000005 13300.040000000003 3800.030000000001
vertex 17960.930000000004 13303.810000000003 3800.030000000001
vertex 17921.930000000004 13107.640000000003 3999.970000000001
endloop
endfacet
facet normal 0.0692274265823255 0.7051810741691156 0.7056395794188992
outer loop
vertex 18000.060000000005 13300.040000000003 3800.030000000001
vertex 17921.930000000004 13107.640000000003 3999.970000000001
vertex 18000.060000000005 13099.970000000003 3999.970000000001
endloop
endfacet
facet normal -0.06817246792757639 0.7052324268369154 0.70569096547595
outer loop
vertex 18039.060000000005 13303.810000000003 3800.030000000001
vertex 18000.060000000005 13300.040000000003 3800.030000000001
vertex 18000.060000000005 13099.970000000003 3999.970000000001
endloop
endfacet
facet normal -0.0693534695005875 0.7052895203449484 0.7055188082254249
outer loop
vertex 18039.060000000005 13303.810000000003 3800.030000000001
vertex 18000.060000000005 13099.970000000003 3999.970000000001
vertex 18078.060000000005 13107.640000000003 3999.970000000001
endloop
endfacet
facet normal -0.207113925959851 0.6778273940503676 0.7054458487711054
outer loop
vertex 18076.500000000004 13315.250000000004 3800.030000000001
vertex 18039.060000000005 13303.810000000003 3800.030000000001
vertex 18078.060000000005 13107.640000000003 3999.970000000001
endloop
endfacet
facet normal -0.20564706079890677 0.6780477376055237 0.7056632000556652
outer loop
vertex 18076.500000000004 13315.250000000004 3800.030000000001
vertex 18078.060000000005 13107.640000000003 3999.970000000001
vertex 18153.070000000003 13130.390000000003 3999.970000000001
endloop
endfacet
facet normal -0.33366881560168643 0.6250415841553328 0.7056827471120146
outer loop
vertex 18111.080000000005 13333.710000000003 3800.030000000001
vertex 18076.500000000004 13315.250000000004 3800.030000000001
vertex 18153.070000000003 13130.390000000003 3999.970000000001
endloop
endfacet
facet normal -0.3346540553385214 0.6246875699652201 0.7055296614433939
outer loop
vertex 18111.080000000005 13333.710000000003 3800.030000000001
vertex 18153.070000000003 13130.390000000003 3999.970000000001
vertex 18222.230000000003 13167.440000000004 3999.970000000001
endloop
endfacet
facet normal -0.44927414562776247 0.5480674132527329 0.7055316099232566
outer loop
vertex 18141.370000000006 13358.540000000003 3800.030000000001
vertex 18111.080000000005 13333.710000000003 3800.030000000001
vertex 18222.230000000003 13167.440000000004 3999.970000000001
endloop
endfacet
facet normal -0.4492741456277623 0.548067413252733 0.7055316099232566
outer loop
vertex 18141.370000000006 13358.540000000003 3800.030000000001
vertex 18222.230000000003 13167.440000000004 3999.970000000001
vertex 18282.810000000005 13217.100000000004 3999.970000000001
endloop
endfacet
facet normal -0.5479574704246403 0.4493955271362822 0.7055397017856135
outer loop
vertex 18141.370000000006 13358.540000000003 3800.030000000001
vertex 18282.810000000005 13217.100000000004 3999.970000000001
vertex 18332.600000000006 13277.810000000003 3999.970000000001
endloop
endfacet
facet normal -0.5470969159967766 0.4508266432247828 0.7052944791117326
outer loop
vertex 18141.370000000006 13358.540000000003 3800.030000000001
vertex 18332.600000000006 13277.810000000003 3999.970000000001
vertex 18166.330000000005 13388.830000000004 3800.030000000001
endloop
endfacet
facet normal -0.6253165914473642 0.3338156240057207 0.7053696120689644
outer loop
vertex 18166.330000000005 13388.830000000004 3800.030000000001
vertex 18332.600000000006 13277.810000000003 3999.970000000001
vertex 18369.520000000004 13346.970000000003 3999.970000000001
endloop
endfacet
facet normal -0.6253165914473642 0.33381562400572073 0.7053696120689644
outer loop
vertex 18166.330000000005 13388.830000000004 3800.030000000001
vertex 18369.520000000004 13346.970000000003 3999.970000000001
vertex 18184.790000000005 13423.410000000003 3800.030000000001
endloop
endfacet
facet normal -0.678322711193931 0.20573045833438058 0.7053745657393953
outer loop
vertex 18184.790000000005 13423.410000000003 3800.030000000001
vertex 18369.520000000004 13346.970000000003 3999.970000000001
vertex 18392.270000000004 13421.980000000003 3999.970000000001
endloop
endfacet
facet normal -0.678540701635948 0.2042665780011584 0.70559030700194
outer loop
vertex 18184.790000000005 13423.410000000003 3800.030000000001
vertex 18392.270000000004 13421.980000000003 3999.970000000001
vertex 18196.100000000006 13460.980000000003 3800.030000000001
endloop
endfacet
facet normal -0.7051174871147877 0.07051174871143931 0.70557595102057
outer loop
vertex 18200.000000000004 13499.980000000003 3800.030000000001
vertex 18196.100000000006 13460.980000000003 3800.030000000001
vertex 18392.270000000004 13421.980000000003 3999.970000000001
endloop
endfacet
facet normal -0.7054036219963247 0.0693646894963223 0.7054036219963328
outer loop
vertex 18200.000000000004 13499.980000000003 3800.030000000001
vertex 18392.270000000004 13421.980000000003 3999.970000000001
vertex 18399.940000000006 13499.980000000003 3999.970000000001
endloop
endfacet
facet normal 0 0 0.9999999999999999
outer loop
vertex 11600.030000000002 14340.040000000003 3999.970000000001
vertex 0 15000.050000000003 3999.970000000001
vertex 0 13899.990000000003 3999.970000000001
endloop
endfacet
facet normal 0 0 1
outer loop
vertex 11600.030000000002 14340.040000000003 3999.970000000001
vertex 0 13899.990000000003 3999.970000000001
vertex 18000.060000000005 13899.990000000003 3999.970000000001
endloop
endfacet
facet normal 0 0 1
outer loop
vertex 11600.030000000002 14340.040000000003 3999.970000000001
vertex 18000.060000000005 13899.990000000003 3999.970000000001
vertex 19999.980000000003 13899.990000000003 3999.970000000001
endloop
endfacet
facet normal 0 0 1
outer loop
vertex 11600.030000000002 14340.040000000003 3999.970000000001
vertex 19999.980000000003 13899.990000000003 3999.970000000001
vertex 19999.980000000003 15000.050000000003 3999.970000000001
endloop
endfacet
facet normal 0 0 0.9999999999999999
outer loop
vertex 11600.030000000002 14340.040000000003 3999.970000000001
vertex 19999.980000000003 15000.050000000003 3999.970000000001
vertex 0 15000.050000000003 3999.970000000001
endloop
endfacet
facet normal 0 0 0.9999999999999999
outer loop
vertex 18000.060000000005 13899.990000000003 3999.970000000001
vertex 18078.060000000005 13892.320000000003 3999.970000000001
vertex 19999.980000000003 13892.320000000003 3999.970000000001
endloop
endfacet
facet normal 0 0 0.9999999999999999
outer loop
vertex 18000.060000000005 13899.990000000003 3999.970000000001
vertex 19999.980000000003 13892.320000000003 3999.970000000001
vertex 19999.980000000003 13899.990000000003 3999.970000000001
endloop
endfacet
facet normal 0 0 1
outer loop
vertex 0 13899.990000000003 3999.970000000001
vertex 0 13892.320000000003 3999.970000000001
vertex 17921.930000000004 13892.320000000003 3999.970000000001
endloop
endfacet
facet normal 0 0 1
outer loop
vertex 0 13899.990000000003 3999.970000000001
vertex 17921.930000000004 13892.320000000003 3999.970000000001
vertex 18000.060000000005 13899.990000000003 3999.970000000001
endloop
endfacet
facet normal 0 0 0.9999999999999999
outer loop
vertex 18078.060000000005 13892.320000000003 3999.970000000001
vertex 18153.070000000003 13869.570000000003 3999.970000000001
vertex 19999.980000000003 13869.570000000003 3999.970000000001
endloop
endfacet
facet normal 0 0 1
outer loop
vertex 18078.060000000005 13892.320000000003 3999.970000000001
vertex 19999.980000000003 13869.570000000003 3999.970000000001
vertex 19999.980000000003 13892.320000000003 3999.970000000001
endloop
endfacet
facet normal 0 0 1
outer loop
vertex 0 13892.320000000003 3999.970000000001
vertex 0 13869.570000000003 3999.970000000001
vertex 17846.920000000006 13869.570000000003 3999.970000000001
endloop
endfacet
facet normal 0 0 1
outer loop
vertex 0 13892.320000000003 3999.970000000001
vertex 17846.920000000006 13869.570000000003 3999.970000000001
vertex 17921.930000000004 13892.320000000003 3999.970000000001
endloop
endfacet
facet normal 0 0 1
outer loop
vertex 18153.070000000003 13869.570000000003 3999.970000000001
vertex 18222.230000000003 13832.650000000003 3999.970000000001
vertex 19999.980000000003 13832.650000000003 3999.970000000001
endloop
endfacet
facet normal 0 0 1
outer loop
vertex 18153.070000000003 13869.570000000003 3999.970000000001
vertex 19999.980000000003 13832.650000000003 3999.970000000001
vertex 19999.980000000003 13869.570000000003 3999.970000000001
endloop
endfacet
facet normal 0 0 1
outer loop
vertex 0 13869.570000000003 3999.970000000001
vertex 0 13832.650000000003 3999.970000000001
vertex 17777.760000000006 13832.650000000003 3999.970000000001
endloop
endfacet
facet normal 0 0 1
outer loop
vertex 0 13869.570000000003 3999.970000000001
vertex 17777.760000000006 13832.650000000003 3999.970000000001
vertex 17846.920000000006 13869.570000000003 3999.970000000001
endloop
endfacet
facet normal 0 0 1
outer loop
vertex 18222.230000000003 13832.650000000003 3999.970000000001
vertex 18282.810000000005 13782.860000000004 3999.970000000001
vertex 19999.980000000003 13782.860000000004 3999.970000000001
endloop
endfacet
facet normal 0 0 1
outer loop
vertex 18222.230000000003 13832.650000000003 3999.970000000001
vertex 19999.980000000003 13782.860000000004 3999.970000000001
vertex 19999.980000000003 13832.650000000003 3999.970000000001
endloop
endfacet
facet normal 0 0 0.9999999999999999
outer loop
vertex 0 13832.650000000003 3999.970000000001
vertex 0 13782.860000000004 3999.970000000001
vertex 17717.180000000004 13782.860000000004 3999.970000000001
endloop
endfacet
facet normal 0 0 0.9999999999999999
outer loop
vertex 0 13832.650000000003 3999.970000000001
vertex 17717.180000000004 13782.860000000004 3999.970000000001
vertex 17777.760000000006 13832.650000000003 3999.970000000001
endloop
endfacet
facet normal 0 0 0.9999999999999999
outer loop
vertex 18282.810000000005 13782.860000000004 3999.970000000001
vertex 18332.600000000006 13722.280000000004 3999.970000000001
vertex 19999.980000000003 13722.280000000004 3999.970000000001
endloop
endfacet
facet normal 0 0 1
outer loop
vertex 18282.810000000005 13782.860000000004 3999.970000000001
vertex 19999.980000000003 13722.280000000004 3999.970000000001
vertex 19999.980000000003 13782.860000000004 3999.970000000001
endloop
endfacet
facet normal 0 0 1
outer loop
vertex 0 13782.860000000004 3999.970000000001
vertex 0 13722.280000000004 3999.970000000001
vertex 17667.390000000003 13722.280000000004 3999.970000000001
endloop
endfacet
facet normal 0 0 1
outer loop
vertex 0 13782.860000000004 3999.970000000001
vertex 17667.390000000003 13722.280000000004 3999.970000000001
vertex 17717.180000000004 13782.860000000004 3999.970000000001
endloop
endfacet
facet normal 0 0 1
outer loop
vertex 18332.600000000006 13722.280000000004 3999.970000000001
vertex 18369.520000000004 13653.120000000003 3999.970000000001
vertex 19999.980000000003 13653.120000000003 3999.970000000001
endloop
endfacet
facet normal 0 0 0.9999999999999999
outer loop
vertex 18332.600000000006 13722.280000000004 3999.970000000001
vertex 19999.980000000003 13653.120000000003 3999.970000000001
vertex 19999.980000000003 13722.280000000004 3999.970000000001
endloop
endfacet
facet normal 0 0 1
outer loop
vertex 0 13722.280000000004 3999.970000000001
vertex 0 13653.120000000003 3999.970000000001
vertex 17630.470000000005 13653.120000000003 3999.970000000001
endloop
endfacet
facet normal 0 0 1
outer loop
vertex 0 13722.280000000004 3999.970000000001
vertex 17630.470000000005 13653.120000000003 3999.970000000001
vertex 17667.390000000003 13722.280000000004 3999.970000000001
endloop
endfacet
facet normal 0 0 0.9999999999999999
outer loop
vertex 18369.520000000004 13653.120000000003 3999.970000000001
vertex 18392.270000000004 13577.980000000003 3999.970000000001
vertex 19999.980000000003 13577.980000000003 3999.970000000001
endloop
endfacet
facet normal 0 0 0.9999999999999999
outer loop
vertex 18369.520000000004 13653.120000000003 3999.970000000001
vertex 19999.980000000003 13577.980000000003 3999.970000000001
vertex 19999.980000000003 13653.120000000003 3999.970000000001
endloop
endfacet
facet normal 0 0 1
outer loop
vertex 0 13653.120000000003 3999.970000000001
vertex 0 13577.980000000003 3999.970000000001
vertex 17607.720000000005 13577.980000000003 3999.970000000001
endloop
endfacet
facet normal 0 0 1
outer loop
vertex 0 13653.120000000003 3999.970000000001
vertex 17607.720000000005 13577.980000000003 3999.970000000001
vertex 17630.470000000005 13653.120000000003 3999.970000000001
endloop
endfacet
facet normal 0 0 1
outer loop
vertex 18392.270000000004 13577.980000000003 3999.970000000001
vertex 18399.940000000006 13499.980000000003 3999.970000000001
vertex 19999.980000000003 13499.980000000003 3999.970000000001
endloop
endfacet
facet normal 0 0 1
outer loop
vertex 18392.270000000004 13577.980000000003 3999.970000000001
vertex 19999.980000000003 13499.980000000003 3999.970000000001
vertex 19999.980000000003 13577.980000000003 3999.970000000001
endloop
endfacet
facet normal 0 0 1
outer loop
vertex 0 13577.980000000003 3999.970000000001
vertex 0 13499.980000000003 3999.970000000001
vertex 17600.050000000003 13499.980000000003 3999.970000000001
endloop
endfacet
facet normal 0 0 1
outer loop
vertex 0 13577.980000000003 3999.970000000001
vertex 17600.050000000003 13499.980000000003 3999.970000000001
vertex 17607.720000000005 13577.980000000003 3999.970000000001
endloop
endfacet
facet normal 0 0 1
outer loop
vertex 18399.940000000006 13499.980000000003 3999.970000000001
vertex 18392.270000000004 13421.980000000003 3999.970000000001
vertex 19999.980000000003 13421.980000000003 3999.970000000001
endloop
endfacet
facet normal 0 0 1
outer loop
vertex 18399.940000000006 13499.980000000003 3999.970000000001
vertex 19999.980000000003 13421.980000000003 3999.970000000001
vertex 19999.980000000003 13499.980000000003 3999.970000000001
endloop
endfacet
facet normal 0 0 1
outer loop
vertex 0 13499.980000000003 3999.970000000001
vertex 0 13421.980000000003 3999.970000000001
vertex 17607.720000000005 13421.980000000003 3999.970000000001
endloop
endfacet
facet normal 0 0 1
outer loop
vertex 0 13499.980000000003 3999.970000000001
vertex 17607.720000000005 13421.980000000003 3999.970000000001
vertex 17600.050000000003 13499.980000000003 3999.970000000001
endloop
endfacet
facet normal 0 0 1
outer loop
vertex 18392.270000000004 13421.980000000003 3999.970000000001
vertex 18369.520000000004 13346.970000000003 3999.970000000001
vertex 19999.980000000003 13346.970000000003 3999.970000000001
endloop
endfacet
facet normal 0 0 1
outer loop
vertex 18392.270000000004 13421.980000000003 3999.970000000001
vertex 19999.980000000003 13346.970000000003 3999.970000000001
vertex 19999.980000000003 13421.980000000003 3999.970000000001
endloop
endfacet
facet normal 0 0 1
outer loop
vertex 0 13421.980000000003 3999.970000000001
vertex 0 13346.970000000003 3999.970000000001
vertex 17630.470000000005 13346.970000000003 3999.970000000001
endloop
endfacet
facet normal 0 0 1
outer loop
vertex 0 13421.980000000003 3999.970000000001
vertex 17630.470000000005 13346.970000000003 3999.970000000001
vertex 17607.720000000005 13421.980000000003 3999.970000000001
endloop
endfacet
facet normal 0 0 0.9999999999999999
outer loop
vertex 18369.520000000004 13346.970000000003 3999.970000000001
vertex 18332.600000000006 13277.810000000003 3999.970000000001
vertex 19999.980000000003 13277.810000000003 3999.970000000001
endloop
endfacet
facet normal 0 0 1
outer loop
vertex 18369.520000000004 13346.970000000003 3999.970000000001
vertex 19999.980000000003 13277.810000000003 3999.970000000001
vertex 19999.980000000003 13346.970000000003 3999.970000000001
endloop
endfacet
facet normal 0 0 1
outer loop
vertex 0 13346.970000000003 3999.970000000001
vertex 0 13277.810000000003 3999.970000000001
vertex 17667.390000000003 13277.810000000003 3999.970000000001
endloop
endfacet
facet normal 0 0 1
outer loop
vertex 0 13346.970000000003 3999.970000000001
vertex 17667.390000000003 13277.810000000003 3999.970000000001
vertex 17630.470000000005 13346.970000000003 3999.970000000001
endloop
endfacet
facet normal 0 0 1
outer loop
vertex 18332.600000000006 13277.810000000003 3999.970000000001
vertex 18282.810000000005 13217.100000000004 3999.970000000001
vertex 19999.980000000003 13217.100000000004 3999.970000000001
endloop
endfacet
facet normal 0 0 1
outer loop
vertex 18332.600000000006 13277.810000000003 3999.970000000001
vertex 19999.980000000003 13217.100000000004 3999.970000000001
vertex 19999.980000000003 13277.810000000003 3999.970000000001
endloop
endfacet
facet normal 0 0 1
outer loop
vertex 0 13277.810000000003 3999.970000000001
vertex 0 13217.100000000004 3999.970000000001
vertex 17717.180000000004 13217.100000000004 3999.970000000001
endloop
endfacet
facet normal 0 0 1
outer loop
vertex 0 13277.810000000003 3999.970000000001
vertex 17717.180000000004 13217.100000000004 3999.970000000001
vertex 17667.390000000003 13277.810000000003 3999.970000000001
endloop
endfacet
facet normal 0 0 1
outer loop
vertex 18282.810000000005 13217.100000000004 3999.970000000001
vertex 18222.230000000003 13167.440000000004 3999.970000000001
vertex 19999.980000000003 13167.440000000004 3999.970000000001
endloop
endfacet
facet normal 0 0 1
outer loop
vertex 18282.810000000005 13217.100000000004 3999.970000000001
vertex 19999.980000000003 13167.440000000004 3999.970000000001
vertex 19999.980000000003 13217.100000000004 3999.970000000001
endloop
endfacet
facet normal 0 0 0.9999999999999999
outer loop
vertex 0 13217.100000000004 3999.970000000001
vertex 0 13167.440000000004 3999.970000000001
vertex 17777.760000000006 13167.440000000004 3999.970000000001
endloop
endfacet
facet normal 0 0 1
outer loop
vertex 0 13217.100000000004 3999.970000000001
vertex 17777.760000000006 13167.440000000004 3999.970000000001
vertex 17717.180000000004 13217.100000000004 3999.970000000001
endloop
endfacet
facet normal 0 0 1
outer loop
vertex 18222.230000000003 13167.440000000004 3999.970000000001
vertex 18153.070000000003 13130.390000000003 3999.970000000001
vertex 19999.980000000003 13130.390000000003 3999.970000000001
endloop
endfacet
facet normal 0 0 1
outer loop
vertex 18222.230000000003 13167.440000000004 3999.970000000001
vertex 19999.980000000003 13130.390000000003 3999.970000000001
vertex 19999.980000000003 13167.440000000004 3999.970000000001
endloop
endfacet
facet normal 0 0 1
outer loop
vertex 0 13167.440000000004 3999.970000000001
vertex 0 13130.390000000003 3999.970000000001
vertex 17846.920000000006 13130.390000000003 3999.970000000001
endloop
endfacet
facet normal 0 0 1
outer loop
vertex 0 13167.440000000004 3999.970000000001
vertex 17846.920000000006 13130.390000000003 3999.970000000001
vertex 17777.760000000006 13167.440000000004 3999.970000000001
endloop
endfacet
facet normal 0 0 1
outer loop
vertex 18153.070000000003 13130.390000000003 3999.970000000001
vertex 18078.060000000005 13107.640000000003 3999.970000000001
vertex 19999.980000000003 13107.640000000003 3999.970000000001
endloop
endfacet
facet normal 0 0 0.9999999999999999
outer loop
vertex 18153.070000000003 13130.390000000003 3999.970000000001
vertex 19999.980000000003 13107.640000000003 3999.970000000001
vertex 19999.980000000003 13130.390000000003 3999.970000000001
endloop
endfacet
facet normal 0 0 1
outer loop
vertex 0 13130.390000000003 3999.970000000001
vertex 0 13107.640000000003 3999.970000000001
vertex 17921.930000000004 13107.640000000003 3999.970000000001
endloop
endfacet
facet normal 0 0 1
outer loop
vertex 0 13130.390000000003 3999.970000000001
vertex 17921.930000000004 13107.640000000003 3999.970000000001
vertex 17846.920000000006 13130.390000000003 3999.970000000001
endloop
endfacet
facet normal 0 0 0.9999999999999999
outer loop
vertex 18078.060000000005 13107.640000000003 3999.970000000001
vertex 18000.060000000005 13099.970000000003 3999.970000000001
vertex 19999.980000000003 13099.970000000003 3999.970000000001
endloop
endfacet
facet normal 0 0 0.9999999999999999
outer loop
vertex 18078.060000000005 13107.640000000003 3999.970000000001
vertex 19999.980000000003 13099.970000000003 3999.970000000001
vertex 19999.980000000003 13107.640000000003 3999.970000000001
endloop
endfacet
facet normal 0 0 1
outer loop
vertex 0 13107.640000000003 3999.970000000001
vertex 0 13099.970000000003 3999.970000000001
vertex 18000.060000000005 13099.970000000003 3999.970000000001
endloop
endfacet
facet normal 0 0 1
outer loop
vertex 0 13107.640000000003 3999.970000000001
vertex 18000.060000000005 13099.970000000003 3999.970000000001
vertex 17921.930000000004 13107.640000000003 3999.970000000001
endloop
endfacet
facet normal 0 0 1
outer loop
vertex 11600.030000000002 7859.930000000002 3999.970000000001
vertex 18000.060000000005 13099.970000000003 3999.970000000001
vertex 0 13099.970000000003 3999.970000000001
endloop
endfacet
facet normal 0 0 1
outer loop
vertex 11600.030000000002 7859.930000000002 3999.970000000001
vertex 0 13099.970000000003 3999.970000000001
vertex 0 0 3999.970000000001
endloop
endfacet
facet normal 0 0 0.9999999999999999
outer loop
vertex 11600.030000000002 7859.930000000002 3999.970000000001
vertex 0 0 3999.970000000001
vertex 19999.980000000003 0 3999.970000000001
endloop
endfacet
facet normal 0 0 1
outer loop
vertex 11600.030000000002 7859.930000000002 3999.970000000001
vertex 19999.980000000003 0 3999.970000000001
vertex 19999.980000000003 13099.970000000003 3999.970000000001
endloop
endfacet
facet normal 0 0 0.9999999999999999
outer loop
vertex 11600.030000000002 7859.930000000002 3999.970000000001
vertex 19999.980000000003 13099.970000000003 3999.970000000001
vertex 18000.060000000005 13099.970000000003 3999.970000000001
endloop
endfacet
endsolid JSCAD
